{"attribution":"UT.no (data fra Statskog, fjellstyrer, kommuner, private m.fl.)","features":[{"geometry":{"coordinates":[12.385228,59.993319999999997],"type":"Point"},"id":"hut-101","properties":{"beds":3,"elevation":128,"name":"Håvilsrud","source":"UT.no","type":"Betjent"},"type":"Feature"},{"geometry":{"coordinates":[12.202518,60.962643999999997],"type":"Point"},"id":"hut-1010","properties":{"elevation":575,"name":"Gjestgiveriet","source":"UT.no","type":"Nødbu"},"type":"Feature"},{"geometry":{"coordinates":[12.011886000000001,60.610756000000002],"type":"Point"},"id":"hut-101000","properties":{"elevation":184,"name":"Victoria Hotell","source":"UT.no","type":"Betjent"},"type":"Feature"},{"geometry":{"coordinates":[9.1965900000000005,63.048859999999998],"type":"Point"},"id":"hut-101002","properties":{"beds":60,"elevation":85,"name":"Saga Trollheimen Hotel","owner":"Saga Trollheimen Hotel AS","source":"UT.no","type":"Betjent"},"type":"Feature"},{"geometry":{"coordinates":[14.054755999999999,65.364335999999994],"type":"Point"},"id":"hut-101002344","properties":{"beds":8,"elevation":380,"name":"Furuheim gård","owner":"Nordlandsruta","source":"UT.no","type":"Betjent"},"type":"Feature"},{"geometry":{"coordinates":[14.214197,65.368042000000003],"type":"Point"},"id":"hut-101002345","properties":{"beds":20,"elevation":504,"name":"Møteplass Børgefjell","owner":"Nordlandsruta","source":"UT.no","type":"Betjent"},"type":"Feature"},{"geometry":{"coordinates":[16.986844000000001,67.453412999999998],"type":"Point"},"id":"hut-101002347","properties":{"beds":18,"elevation":642,"name":"Låddejåhkå\/Loddejohka","owner":"Nordlandsruta","source":"UT.no","type":"Selvbetjent"},"type":"Feature"},{"geometry":{"coordinates":[16.620517,67.807914999999994],"type":"Point"},"id":"hut-101002348","properties":{"beds":4,"elevation":565,"name":"Gamma i Nuortakrågge","owner":"Nordlandsruta","source":"UT.no","type":"Nødbu"},"type":"Feature"},{"geometry":{"coordinates":[15.093507000000001,66.462603000000001],"type":"Point"},"id":"hut-101002473","properties":{"beds":20,"elevation":288,"name":"Krokstrand fjellpark","source":"UT.no","type":"Betjent"},"type":"Feature"},{"geometry":{"coordinates":[13.117971000000001,65.639712000000003],"type":"Point"},"id":"hut-101002598","properties":{"beds":5,"elevation":306,"name":"Eiteråfjellet","owner":"Statskog","source":"UT.no","type":"Ubetjent"},"type":"Feature"},{"geometry":{"coordinates":[14.385420999999999,65.813702000000006],"type":"Point"},"id":"hut-101002847","properties":{"beds":7,"elevation":525,"name":"Gammelstua på Sivertgården","owner":"Sivertgården","source":"UT.no","type":"Selvbetjent"},"type":"Feature"},{"geometry":{"coordinates":[7.2739050000000001,60.421705000000003],"type":"Point"},"id":"hut-101003","properties":{"beds":75,"elevation":739,"name":"Liseth","source":"UT.no","type":"Betjent"},"type":"Feature"},{"geometry":{"coordinates":[7.5804910000000003,60.778995000000002],"type":"Point"},"id":"hut-101004","properties":{"beds":50,"elevation":1064,"name":"Steinbergdalshytta","owner":"Steinbergdalshytta drift AS","source":"UT.no","type":"Betjent"},"type":"Feature"},{"geometry":{"coordinates":[11.200351,61.429670999999999],"type":"Point"},"id":"hut-101004212","properties":{"beds":5,"elevation":570,"name":"Persbu","owner":"Statskog","source":"UT.no","type":"Ubetjent"},"type":"Feature"},{"geometry":{"coordinates":[6.4013770000000001,59.875292999999999],"type":"Point"},"id":"hut-101004213","properties":{"beds":36,"elevation":58,"name":"Åkrafjorden Nature B&B","owner":"Åkrafjorden Nature B&B AS","source":"UT.no","type":"Betjent"},"type":"Feature"},{"geometry":{"coordinates":[8.8536280000000005,61.513187000000002],"type":"Point"},"id":"hut-101006","properties":{"beds":180,"elevation":954,"name":"Bessheim Fjellstue og Hytter","owner":"Bessheim Fjellstue AS","source":"UT.no","type":"Betjent"},"type":"Feature"},{"geometry":{"coordinates":[10.00883,59.967806000000003],"type":"Point"},"id":"hut-101006447","properties":{"beds":196,"elevation":66,"name":"Tyrifjord Hotell","owner":"Tyrifjord Hotell","source":"UT.no","type":"Betjent"},"type":"Feature"},{"geometry":{"coordinates":[8.8427349999999993,61.488335999999997],"type":"Point"},"id":"hut-101007","properties":{"elevation":970,"name":"Bessegen Fjellpark: Maurvangen ","source":"UT.no","type":"Betjent"},"type":"Feature"},{"geometry":{"coordinates":[8.4238820000000008,60.396079999999998],"type":"Point"},"id":"hut-101007441","properties":{"beds":20,"elevation":890,"name":"Lavvo camp","owner":"Dagali Fjellpark (Full On AS)","source":"UT.no","type":"Betjent"},"type":"Feature"},{"geometry":{"coordinates":[25.065300000000001,70.478099999999998],"type":"Point"},"id":"hut-101008","properties":{"elevation":5,"name":"Olderfjord hotell","source":"UT.no","type":"Betjent"},"type":"Feature"},{"geometry":{"coordinates":[4.9462770000000003,60.809564000000002],"type":"Point"},"id":"hut-101008436","properties":{"elevation":9,"name":"Vardetangen - dagsturhytta i Austrheim kommune","owner":"Bergen og Hordaland Turlag","source":"UT.no","type":"Dagsturhytte"},"type":"Feature"},{"geometry":{"coordinates":[5.3483239999999999,60.748745999999997],"type":"Point"},"id":"hut-101008561","properties":{"elevation":3,"name":"Fjordblikk - dagsturhytta i Masfjorden kommune","owner":"Masfjorden kommune","source":"UT.no","type":"Dagsturhytte"},"type":"Feature"},{"geometry":{"coordinates":[4.7131460000000001,60.760325999999999],"type":"Point"},"id":"hut-101008562","properties":{"elevation":15,"name":"Aurihophytta - dagsturhytta i Fedje kommune","owner":"Fedje kommune","source":"UT.no","type":"Dagsturhytte"},"type":"Feature"},{"geometry":{"coordinates":[11.293426,60.457335],"type":"Point"},"id":"hut-10101","properties":{"beds":3,"elevation":328,"name":"Lysjøhimet","owner":"Pilegrimssenter Hamar","source":"UT.no","type":"Ubetjent"},"type":"Feature"},{"geometry":{"coordinates":[6.7145200000000003,61.618540000000003],"type":"Point"},"id":"hut-101010","properties":{"beds":36,"elevation":354,"name":"Høyseth","source":"UT.no","type":"Ubetjent"},"type":"Feature"},{"geometry":{"coordinates":[12.915638,64.226979999999998],"type":"Point"},"id":"hut-101010175","properties":{"beds":6,"elevation":320,"name":"Seisjøen jaktstue","owner":"Statskog","source":"UT.no","type":"Utleiehytte"},"type":"Feature"},{"geometry":{"coordinates":[11.906591000000001,64.271292000000003],"type":"Point"},"id":"hut-101010176","properties":{"beds":8,"elevation":321,"name":"Bangsjøstua","owner":"Statskog","source":"UT.no","type":"Utleiehytte"},"type":"Feature"},{"geometry":{"coordinates":[11.439812,64.275796],"type":"Point"},"id":"hut-101010177","properties":{"beds":15,"elevation":111,"name":"Skatlandstrand","owner":"Statskog","source":"UT.no","type":"Utleiehytte"},"type":"Feature"},{"geometry":{"coordinates":[11.558139000000001,63.652555],"type":"Point"},"id":"hut-101010178","properties":{"beds":7,"elevation":489,"name":"Frolfjellstuggu","owner":"Statskog","source":"UT.no","type":"Utleiehytte"},"type":"Feature"},{"geometry":{"coordinates":[9.9472090000000009,63.111705999999998],"type":"Point"},"id":"hut-101010179","properties":{"beds":20,"elevation":249,"name":"Ellingsvatnet","owner":"Statskog","source":"UT.no","type":"Utleiehytte"},"type":"Feature"},{"geometry":{"coordinates":[11.849171999999999,62.484751000000003],"type":"Point"},"id":"hut-101010180","properties":{"beds":8,"elevation":656,"name":"Feragsdambua","owner":"Statskog","source":"UT.no","type":"Utleiehytte"},"type":"Feature"},{"geometry":{"coordinates":[11.546065,64.198806000000005],"type":"Point"},"id":"hut-101010181","properties":{"beds":5,"elevation":211,"name":"Giltseterstua","owner":"Statskog","source":"UT.no","type":"Utleiehytte"},"type":"Feature"},{"geometry":{"coordinates":[13.255177,65.340827000000004],"type":"Point"},"id":"hut-101010182","properties":{"beds":6,"elevation":327,"name":"Gåsvasshytta","owner":"Statskog","source":"UT.no","type":"Utleiehytte"},"type":"Feature"},{"geometry":{"coordinates":[12.894640000000001,64.063371000000004],"type":"Point"},"id":"hut-101010183","properties":{"beds":15,"elevation":448,"name":"Holden fjellgård","owner":"Statskog","source":"UT.no","type":"Utleiehytte"},"type":"Feature"},{"geometry":{"coordinates":[10.900304999999999,63.059213999999997],"type":"Point"},"id":"hut-101010184","properties":{"beds":4,"elevation":540,"name":"Hukkelvatna","owner":"Statskog","source":"UT.no","type":"Utleiehytte"},"type":"Feature"},{"geometry":{"coordinates":[12.784967,64.360865000000004],"type":"Point"},"id":"hut-101010185","properties":{"beds":9,"elevation":226,"name":"Kleivstua","owner":"Statskog","source":"UT.no","type":"Utleiehytte"},"type":"Feature"},{"geometry":{"coordinates":[12.754288000000001,64.738502999999994],"type":"Point"},"id":"hut-101010186","properties":{"beds":8,"elevation":199,"name":"Osvasstua","owner":"Statskog","source":"UT.no","type":"Utleiehytte"},"type":"Feature"},{"geometry":{"coordinates":[19.741085999999999,68.517770999999996],"type":"Point"},"id":"hut-101010187","properties":{"beds":6,"elevation":502,"name":"Politioddhytta","owner":"Statskog","source":"UT.no","type":"Utleiehytte"},"type":"Feature"},{"geometry":{"coordinates":[15.09736,66.460593000000003],"type":"Point"},"id":"hut-101010188","properties":{"beds":6,"elevation":285,"name":"Krokstua","owner":"Statskog","source":"UT.no","type":"Utleiehytte"},"type":"Feature"},{"geometry":{"coordinates":[15.385270999999999,66.815329000000006],"type":"Point"},"id":"hut-101010189","properties":{"beds":13,"elevation":105,"name":"Skogvoktergården","owner":"Statskog","source":"UT.no","type":"Utleiehytte"},"type":"Feature"},{"geometry":{"coordinates":[6.9489039999999997,59.096409999999999],"type":"Point"},"id":"hut-101010190","properties":{"beds":8,"elevation":716,"name":"Holmevasshytta","owner":"Statskog","source":"UT.no","type":"Utleiehytte"},"type":"Feature"},{"geometry":{"coordinates":[9.5054459999999992,59.59395],"type":"Point"},"id":"hut-101010191","properties":{"beds":6,"elevation":411,"name":"Kolsjø 1","owner":"Statskog","source":"UT.no","type":"Utleiehytte"},"type":"Feature"},{"geometry":{"coordinates":[9.4778269999999996,59.605269],"type":"Point"},"id":"hut-101010192","properties":{"beds":4,"elevation":391,"name":"Gamle Øksne","owner":"Statskog","source":"UT.no","type":"Utleiehytte"},"type":"Feature"},{"geometry":{"coordinates":[11.492373000000001,61.482340000000001],"type":"Point"},"id":"hut-101010193","properties":{"beds":7,"elevation":826,"name":"Elgstølen","owner":"Statskog","source":"UT.no","type":"Utleiehytte"},"type":"Feature"},{"geometry":{"coordinates":[9.4343869999999992,59.692414999999997],"type":"Point"},"id":"hut-101010194","properties":{"beds":8,"elevation":485,"name":"Bjørndalshytta","owner":"Statskog","source":"UT.no","type":"Utleiehytte"},"type":"Feature"},{"geometry":{"coordinates":[19.728415999999999,68.477093999999994],"type":"Point"},"id":"hut-101010195","properties":{"beds":10,"elevation":493,"name":"Leinahytta","owner":"Statskog","source":"UT.no","type":"Utleiehytte"},"type":"Feature"},{"geometry":{"coordinates":[9.4895739999999993,61.436957],"type":"Point"},"id":"hut-101010196","properties":{"beds":5,"elevation":732,"name":"Ågnabu","owner":"Statskog","source":"UT.no","type":"Utleiehytte"},"type":"Feature"},{"geometry":{"coordinates":[13.570686,65.324275999999998],"type":"Point"},"id":"hut-101010197","properties":{"beds":6,"elevation":364,"name":"Bustadmoen","owner":"Statskog","source":"UT.no","type":"Utleiehytte"},"type":"Feature"},{"geometry":{"coordinates":[13.181767000000001,65.740744000000007],"type":"Point"},"id":"hut-101010198","properties":{"beds":10,"elevation":135,"name":"Kvalfors skogstue","owner":"Statskog","source":"UT.no","type":"Utleiehytte"},"type":"Feature"},{"geometry":{"coordinates":[14.137145,65.281955999999994],"type":"Point"},"id":"hut-101010199","properties":{"beds":6,"elevation":680,"name":"Tiplingen skogstue","owner":"Statskog","source":"UT.no","type":"Utleiehytte"},"type":"Feature"},{"geometry":{"coordinates":[6.8445580000000001,59.146970000000003],"type":"Point"},"id":"hut-101010200","properties":{"beds":6,"elevation":907,"name":"Tverrå","owner":"Statskog","source":"UT.no","type":"Utleiehytte"},"type":"Feature"},{"geometry":{"coordinates":[21.272348000000001,69.598431000000005],"type":"Point"},"id":"hut-101010201","properties":{"beds":6,"elevation":81,"name":"Bergskoghytta","owner":"Statskog","source":"UT.no","type":"Utleiehytte"},"type":"Feature"},{"geometry":{"coordinates":[22.259152,69.711228000000006],"type":"Point"},"id":"hut-101010202","properties":{"beds":4,"elevation":101,"name":"Dalstua","owner":"Statskog","source":"UT.no","type":"Utleiehytte"},"type":"Feature"},{"geometry":{"coordinates":[22.268571000000001,69.729791000000006],"type":"Point"},"id":"hut-101010203","properties":{"beds":4,"elevation":231,"name":"Gærbikkhytta","owner":"Statskog","source":"UT.no","type":"Utleiehytte"},"type":"Feature"},{"geometry":{"coordinates":[19.269361,69.075367],"type":"Point"},"id":"hut-101010204","properties":{"beds":4,"elevation":170,"name":"Langvasshytta","owner":"Statskog","source":"UT.no","type":"Utleiehytte"},"type":"Feature"},{"geometry":{"coordinates":[22.464476000000001,69.213372000000007],"type":"Point"},"id":"hut-101010205","properties":{"beds":5,"elevation":453,"name":"Reisavannhytta","owner":"Statskog","source":"UT.no","type":"Utleiehytte"},"type":"Feature"},{"geometry":{"coordinates":[8.7501300000000004,58.931514999999997],"type":"Point"},"id":"hut-101010206","properties":{"beds":10,"elevation":353,"name":"Sandtjennhytta","owner":"Statskog","source":"UT.no","type":"Utleiehytte"},"type":"Feature"},{"geometry":{"coordinates":[6.9909359999999996,59.109349999999999],"type":"Point"},"id":"hut-101010207","properties":{"beds":8,"elevation":797,"name":"Oselega","owner":"Statskog","source":"UT.no","type":"Utleiehytte"},"type":"Feature"},{"geometry":{"coordinates":[9.4827349999999999,59.727429999999998],"type":"Point"},"id":"hut-101010208","properties":{"beds":8,"elevation":529,"name":"Porstjernhytta","owner":"Statskog","source":"UT.no","type":"Utleiehytte"},"type":"Feature"},{"geometry":{"coordinates":[9.5794680000000003,59.659579999999998],"type":"Point"},"id":"hut-101010209","properties":{"beds":4,"elevation":524,"name":"Mildigkeit","owner":"Statskog","source":"UT.no","type":"Utleiehytte"},"type":"Feature"},{"geometry":{"coordinates":[7.2120790000000001,59.095784000000002],"type":"Point"},"id":"hut-101010210","properties":{"beds":6,"elevation":937,"name":"Skrubbsbu","owner":"Statskog","source":"UT.no","type":"Utleiehytte"},"type":"Feature"},{"geometry":{"coordinates":[10.262463,61.759326000000001],"type":"Point"},"id":"hut-101010211","properties":{"beds":5,"elevation":762,"name":"Sjølyst","owner":"Statskog","source":"UT.no","type":"Utleiehytte"},"type":"Feature"},{"geometry":{"coordinates":[9.4777989999999992,59.605331],"type":"Point"},"id":"hut-101010212","properties":{"beds":3,"elevation":391,"name":"Nye Øksne","owner":"Statskog","source":"UT.no","type":"Utleiehytte"},"type":"Feature"},{"geometry":{"coordinates":[12.399224999999999,60.177819],"type":"Point"},"id":"hut-101010213","properties":{"beds":5,"elevation":178,"name":"Nordre Borthuskoia","owner":"Statskog","source":"UT.no","type":"Utleiehytte"},"type":"Feature"},{"geometry":{"coordinates":[7.0639079999999996,59.032637999999999],"type":"Point"},"id":"hut-101010214","properties":{"beds":6,"elevation":865,"name":"Skjerevasshytta","owner":"Statskog","source":"UT.no","type":"Utleiehytte"},"type":"Feature"},{"geometry":{"coordinates":[7.1179069999999998,59.064135999999998],"type":"Point"},"id":"hut-101010215","properties":{"beds":10,"elevation":940,"name":"Bossfjellhytta","owner":"Statskog","source":"UT.no","type":"Utleiehytte"},"type":"Feature"},{"geometry":{"coordinates":[11.009452,64.208967000000001],"type":"Point"},"id":"hut-101010216","properties":{"beds":8,"elevation":184,"name":"Nystua","owner":"Statskog","source":"UT.no","type":"Utleiehytte"},"type":"Feature"},{"geometry":{"coordinates":[12.926847,64.083240000000004],"type":"Point"},"id":"hut-101010217","properties":{"beds":3,"elevation":510,"name":"Raudtjønnstua","owner":"Statskog","source":"UT.no","type":"Utleiehytte"},"type":"Feature"},{"geometry":{"coordinates":[6.9927020000000004,59.125816999999998],"type":"Point"},"id":"hut-101010219","properties":{"beds":4,"elevation":784,"name":"Taumevassletta","owner":"Statskog","source":"UT.no","type":"Utleiehytte"},"type":"Feature"},{"geometry":{"coordinates":[6.9809950000000001,59.219268999999997],"type":"Point"},"id":"hut-101010221","properties":{"beds":6,"elevation":909,"name":"Smalevassbu","owner":"Statskog","source":"UT.no","type":"Utleiehytte"},"type":"Feature"},{"geometry":{"coordinates":[7.2095039999999999,59.190702000000002],"type":"Point"},"id":"hut-101010224","properties":{"beds":4,"elevation":1032,"name":"Hestebu","owner":"Statskog","source":"UT.no","type":"Utleiehytte"},"type":"Feature"},{"geometry":{"coordinates":[6.8753830000000002,59.115720000000003],"type":"Point"},"id":"hut-101010225","properties":{"beds":6,"elevation":761,"name":"Grautheller","owner":"Statskog","source":"UT.no","type":"Utleiehytte"},"type":"Feature"},{"geometry":{"coordinates":[14.149433999999999,65.513707999999994],"type":"Point"},"id":"hut-101010226","properties":{"beds":4,"elevation":331,"name":"Øvre Luspen","owner":"Statskog","source":"UT.no","type":"Utleiehytte"},"type":"Feature"},{"geometry":{"coordinates":[7.1471720000000003,59.043495999999998],"type":"Point"},"id":"hut-101010227","properties":{"beds":4,"elevation":933,"name":"Fossebu","owner":"Statskog","source":"UT.no","type":"Utleiehytte"},"type":"Feature"},{"geometry":{"coordinates":[7.083501,59.025716000000003],"type":"Point"},"id":"hut-101010228","properties":{"beds":2,"elevation":839,"name":"Øyarvassbu","owner":"Statskog","source":"UT.no","type":"Utleiehytte"},"type":"Feature"},{"geometry":{"coordinates":[9.2334599999999991,59.101753000000002],"type":"Point"},"id":"hut-101010229","properties":{"beds":9,"elevation":123,"name":"Urdvassbukta","owner":"Statskog","source":"UT.no","type":"Utleiehytte"},"type":"Feature"},{"geometry":{"coordinates":[9.4816299999999991,59.594233000000003],"type":"Point"},"id":"hut-101010230","properties":{"beds":5,"elevation":394,"name":"Løkemyrodden","owner":"Statskog","source":"UT.no","type":"Utleiehytte"},"type":"Feature"},{"geometry":{"coordinates":[11.675065,62.475107999999999],"type":"Point"},"id":"hut-101010231","properties":{"beds":6,"elevation":660,"name":"Osøyvollbua","owner":"Statskog","source":"UT.no","type":"Utleiehytte"},"type":"Feature"},{"geometry":{"coordinates":[11.881487999999999,62.416106999999997],"type":"Point"},"id":"hut-101010232","properties":{"beds":8,"elevation":663,"name":"Synnervika","owner":"Statskog","source":"UT.no","type":"Utleiehytte"},"type":"Feature"},{"geometry":{"coordinates":[11.106263999999999,62.740659000000001],"type":"Point"},"id":"hut-101010233","properties":{"beds":7,"elevation":824,"name":"UFOhytta","owner":"Statskog","source":"UT.no","type":"Utleiehytte"},"type":"Feature"},{"geometry":{"coordinates":[12.300635,60.858795999999998],"type":"Point"},"id":"hut-101010234","properties":{"beds":6,"elevation":308,"name":"Abborbua","owner":"Statskog","source":"UT.no","type":"Utleiehytte"},"type":"Feature"},{"geometry":{"coordinates":[12.89658,64.063410000000005],"type":"Point"},"id":"hut-101010235","properties":{"beds":6,"elevation":448,"name":"Buret på Holden fjellgård","owner":"Statskog","source":"UT.no","type":"Utleiehytte"},"type":"Feature"},{"geometry":{"coordinates":[12.114383999999999,64.065961000000001],"type":"Point"},"id":"hut-101010236","properties":{"beds":4,"elevation":290,"name":"Brandåstua","owner":"Statskog","source":"UT.no","type":"Utleiehytte"},"type":"Feature"},{"geometry":{"coordinates":[11.296049,61.577736999999999],"type":"Point"},"id":"hut-101010423","properties":{"beds":5,"elevation":586,"name":"Buvika","owner":"Statskog","source":"UT.no","type":"Utleiehytte"},"type":"Feature"},{"geometry":{"coordinates":[12.368376,61.524014999999999],"type":"Point"},"id":"hut-101010424","properties":{"beds":3,"elevation":709,"name":"Drevdalskoia","owner":"Statskog","source":"UT.no","type":"Utleiehytte"},"type":"Feature"},{"geometry":{"coordinates":[12.576485,61.455455999999998],"type":"Point"},"id":"hut-101010425","properties":{"beds":4,"elevation":500,"name":"Ekornfossen","owner":"Statskog","source":"UT.no","type":"Utleiehytte"},"type":"Feature"},{"geometry":{"coordinates":[17.555295000000001,68.168178999999995],"type":"Point"},"id":"hut-101010426","properties":{"beds":3,"elevation":77,"name":"Fjellbu","owner":"Statskog","source":"UT.no","type":"Utleiehytte"},"type":"Feature"},{"geometry":{"coordinates":[12.306217999999999,60.854064000000001],"type":"Point"},"id":"hut-101010427","properties":{"beds":8,"elevation":300,"name":"Fyllerud","owner":"Statskog","source":"UT.no","type":"Utleiehytte"},"type":"Feature"},{"geometry":{"coordinates":[11.456778,64.233334999999997],"type":"Point"},"id":"hut-101010428","properties":{"beds":5,"elevation":95,"name":"Giltelvstua","owner":"Statskog","source":"UT.no","type":"Utleiehytte"},"type":"Feature"},{"geometry":{"coordinates":[7.3123399999999998,59.136660999999997],"type":"Point"},"id":"hut-101010429","properties":{"beds":2,"elevation":1024,"name":"Grunnevassbu","owner":"Statskog","source":"UT.no","type":"Utleiehytte"},"type":"Feature"},{"geometry":{"coordinates":[11.91099,62.460934000000002],"type":"Point"},"id":"hut-101010430","properties":{"beds":6,"elevation":660,"name":"Hestbetåsbua","owner":"Statskog","source":"UT.no","type":"Utleiehytte"},"type":"Feature"},{"geometry":{"coordinates":[12.265145,60.845905999999999],"type":"Point"},"id":"hut-101010431","properties":{"beds":5,"elevation":314,"name":"Høgsjøhytta","owner":"Statskog","source":"UT.no","type":"Utleiehytte"},"type":"Feature"},{"geometry":{"coordinates":[19.572762000000001,68.847678000000002],"type":"Point"},"id":"hut-101010432","properties":{"beds":4,"elevation":140,"name":"Høgskardhus","owner":"Statskog","source":"UT.no","type":"Utleiehytte"},"type":"Feature"},{"geometry":{"coordinates":[15.384601,66.815269000000001],"type":"Point"},"id":"hut-101010433","properties":{"beds":4,"elevation":104,"name":"Klengstua","owner":"Statskog","source":"UT.no","type":"Utleiehytte"},"type":"Feature"},{"geometry":{"coordinates":[12.21543,61.050043000000002],"type":"Point"},"id":"hut-101010434","properties":{"beds":4,"elevation":469,"name":"Krakkdammen","owner":"Statskog","source":"UT.no","type":"Utleiehytte"},"type":"Feature"},{"geometry":{"coordinates":[10.106878999999999,59.843702999999998],"type":"Point"},"id":"hut-101010435","properties":{"beds":5,"elevation":438,"name":"Lelangsplassen","owner":"Statskog","source":"UT.no","type":"Utleiehytte"},"type":"Feature"},{"geometry":{"coordinates":[11.834356,60.380544],"type":"Point"},"id":"hut-101010436","properties":{"beds":9,"elevation":385,"name":"Meitsjøvillaen","owner":"Statskog","source":"UT.no","type":"Utleiehytte"},"type":"Feature"},{"geometry":{"coordinates":[11.937438999999999,62.427055000000003],"type":"Point"},"id":"hut-101010437","properties":{"beds":8,"elevation":667,"name":"Nordviksanden (Sandbua)","owner":"Statskog","source":"UT.no","type":"Utleiehytte"},"type":"Feature"},{"geometry":{"coordinates":[12.930129000000001,64.219233000000003],"type":"Point"},"id":"hut-101010438","properties":{"beds":6,"elevation":331,"name":"Seisjøen skogstue","owner":"Statskog","source":"UT.no","type":"Utleiehytte"},"type":"Feature"},{"geometry":{"coordinates":[7.1503269999999999,59.117899000000001],"type":"Point"},"id":"hut-101010439","properties":{"beds":3,"elevation":936,"name":"Stussheller","owner":"Statskog","source":"UT.no","type":"Utleiehytte"},"type":"Feature"},{"geometry":{"coordinates":[11.297802000000001,61.579963999999997],"type":"Point"},"id":"hut-101010440","properties":{"beds":6,"elevation":587,"name":"Valsjøhytta","owner":"Statskog","source":"UT.no","type":"Utleiehytte"},"type":"Feature"},{"geometry":{"coordinates":[11.330673000000001,61.575980999999999],"type":"Point"},"id":"hut-101010441","properties":{"beds":7,"elevation":671,"name":"Veksenvola","owner":"Statskog","source":"UT.no","type":"Utleiehytte"},"type":"Feature"},{"geometry":{"coordinates":[11.330176,61.577854000000002],"type":"Point"},"id":"hut-101010442","properties":{"beds":4,"elevation":665,"name":"Veksen","owner":"Statskog","source":"UT.no","type":"Utleiehytte"},"type":"Feature"},{"geometry":{"coordinates":[11.331455999999999,61.579006],"type":"Point"},"id":"hut-101010443","properties":{"beds":5,"elevation":668,"name":"Veksenvika","owner":"Statskog","source":"UT.no","type":"Utleiehytte"},"type":"Feature"},{"geometry":{"coordinates":[11.549633,61.591788999999999],"type":"Point"},"id":"hut-101010444","properties":{"beds":4,"elevation":905,"name":"Villsjøhytta","owner":"Statskog","source":"UT.no","type":"Utleiehytte"},"type":"Feature"},{"geometry":{"coordinates":[11.224482,61.616818000000002],"type":"Point"},"id":"hut-101010445","properties":{"beds":10,"elevation":254,"name":"Engelsvika","owner":"Statskog","source":"UT.no","type":"Utleiehytte"},"type":"Feature"},{"geometry":{"coordinates":[9.5056499999999993,59.593224999999997],"type":"Point"},"id":"hut-101010446","properties":{"beds":5,"elevation":411,"name":"Kolsjø 2","owner":"Statskog","source":"UT.no","type":"Utleiehytte"},"type":"Feature"},{"geometry":{"coordinates":[12.351675999999999,60.371102],"type":"Point"},"id":"hut-101010447","properties":{"elevation":269,"name":"Finnskogstua","owner":"Finnskogstua","source":"UT.no","type":"Betjent"},"type":"Feature"},{"geometry":{"coordinates":[6.4774200000000004,60.514760000000003],"type":"Point"},"id":"hut-101011","properties":{"beds":40,"elevation":440,"name":"Voss fjellstove Rongastovo","owner":"Voss fjellstove Rongastovo AS","source":"UT.no","type":"Selvbetjent"},"type":"Feature"},{"geometry":{"coordinates":[5.1339560000000004,60.372486000000002],"type":"Point"},"id":"hut-101013388","properties":{"elevation":17,"name":"Larslibua - dagsturhytta i Øygarden kommune","owner":"Øygarden kommune","source":"UT.no","type":"Dagsturhytte"},"type":"Feature"},{"geometry":{"coordinates":[4.9193319999999998,60.687663999999998],"type":"Point"},"id":"hut-101013599","properties":{"elevation":6,"name":"Sjøbua - dagsturhytta på Byngja i Alver kommune","owner":"Alver kommune","source":"UT.no","type":"Dagsturhytte"},"type":"Feature"},{"geometry":{"coordinates":[5.156841,60.754314000000001],"type":"Point"},"id":"hut-101013600","properties":{"elevation":209,"name":"Vardebu - dagsturhytta i Alver kommune","owner":"Alver kommune","source":"UT.no","type":"Dagsturhytte"},"type":"Feature"},{"geometry":{"coordinates":[11.96001,61.969830000000002],"type":"Point"},"id":"hut-101014","properties":{"elevation":667,"name":"Femund Canoe Camp","owner":"Femund Canoe Camp AS","source":"UT.no","type":"Betjent"},"type":"Feature"},{"geometry":{"coordinates":[5.7110079999999996,60.382792000000002],"type":"Point"},"id":"hut-101014441","properties":{"elevation":42,"name":"Prestakvilet - dagsturhytta i Samnanger kommune","owner":"Samnanger kommune","source":"UT.no","type":"Dagsturhytte"},"type":"Feature"},{"geometry":{"coordinates":[5.2775369999999997,60.049066000000003],"type":"Point"},"id":"hut-101014442","properties":{"elevation":228,"name":"Adlesi - dagsturhytta i Austevoll kommune","owner":"Austevoll kommune","source":"UT.no","type":"Dagsturhytte"},"type":"Feature"},{"geometry":{"coordinates":[5.1343319999999997,59.840178999999999],"type":"Point"},"id":"hut-101014654","properties":{"elevation":42,"name":"Kurebu - dagsturhytta i Bømlo kommune","owner":"Bømlo kommune","source":"UT.no","type":"Dagsturhytte"},"type":"Feature"},{"geometry":{"coordinates":[5.0531240000000004,60.585366],"type":"Point"},"id":"hut-101014656","properties":{"elevation":315,"name":"Eldsbu - dagsturhytta i Alver kommune","owner":"Alver kommune","source":"UT.no","type":"Dagsturhytte"},"type":"Feature"},{"geometry":{"coordinates":[5.720942,60.557208000000003],"type":"Point"},"id":"hut-101014867","properties":{"elevation":20,"name":"Fjordsyn - dagsturhytta i Vaksdal kommune","owner":"Vaksdal kommune","source":"UT.no","type":"Dagsturhytte"},"type":"Feature"},{"geometry":{"coordinates":[24.652940000000001,69.401619999999994],"type":"Point"},"id":"hut-101016","properties":{"beds":35,"elevation":235,"name":"Jergul fjellstue","source":"UT.no","type":"Betjent"},"type":"Feature"},{"geometry":{"coordinates":[20.413418,69.303094999999999],"type":"Point"},"id":"hut-101016130","properties":{"beds":4,"elevation":64,"name":"Lullestua","owner":"Statskog","source":"UT.no","type":"Utleiehytte"},"type":"Feature"},{"geometry":{"coordinates":[20.800073999999999,69.041719999999998],"type":"Point"},"id":"hut-101017","properties":{"beds":56,"elevation":473,"name":"Kilpisjärven Retkeilykeskus","source":"UT.no","type":"Betjent"},"type":"Feature"},{"geometry":{"coordinates":[8.5795680000000001,61.122329000000001],"type":"Point"},"id":"hut-101017405","properties":{"beds":5,"elevation":530,"name":"Ellingbø Gard - Olavstøga","owner":"Ellingbø Gard","source":"UT.no","type":"Ubetjent"},"type":"Feature"},{"geometry":{"coordinates":[21.300922,69.557970999999995],"type":"Point"},"id":"hut-101018","properties":{"elevation":80,"name":"Sappen","source":"UT.no","type":"Betjent"},"type":"Feature"},{"geometry":{"coordinates":[10.04949,63.855719999999998],"type":"Point"},"id":"hut-101023558","properties":{"beds":4,"elevation":84,"name":"Nyvassdalshytta","owner":"Koier i Ørland kommune","source":"UT.no","type":"Nødbu"},"type":"Feature"},{"geometry":{"coordinates":[13.146967,64.817633999999998],"type":"Point"},"id":"hut-101032042","properties":{"beds":4,"elevation":427,"name":"Tromsdalshytta","owner":"Namsskogan fjellstyre","source":"UT.no","type":"Ubetjent"},"type":"Feature"},{"geometry":{"coordinates":[13.181604,64.996972999999997],"type":"Point"},"id":"hut-101032043","properties":{"beds":16,"elevation":255,"name":"Frøyningsheimen","owner":"Namsskogan fjellstyre","source":"UT.no","type":"Ubetjent"},"type":"Feature"},{"geometry":{"coordinates":[13.199548,65.052696999999995],"type":"Point"},"id":"hut-101032044","properties":{"beds":6,"elevation":493,"name":"Storgåsvassbua","owner":"Namsskogan fjellstyre","source":"UT.no","type":"Ubetjent"},"type":"Feature"},{"geometry":{"coordinates":[13.180699000000001,64.997361999999995],"type":"Point"},"id":"hut-101032045","properties":{"beds":4,"elevation":261,"name":"Bernehytta","owner":"Namsskogan fjellstyre","source":"UT.no","type":"Ubetjent"},"type":"Feature"},{"geometry":{"coordinates":[13.270142999999999,65.091904999999997],"type":"Point"},"id":"hut-101032046","properties":{"beds":6,"elevation":276,"name":"Langholmhytta","owner":"Namsskogan fjellstyre","source":"UT.no","type":"Ubetjent"},"type":"Feature"},{"geometry":{"coordinates":[13.135177000000001,65.052819999999997],"type":"Point"},"id":"hut-101032047","properties":{"beds":8,"elevation":337,"name":"Stordalshytta","owner":"Namsskogan fjellstyre","source":"UT.no","type":"Ubetjent"},"type":"Feature"},{"geometry":{"coordinates":[13.282128999999999,65.085154000000003],"type":"Point"},"id":"hut-101032048","properties":{"beds":8,"elevation":276,"name":"Mellingenhytta","owner":"Namsskogan fjellstyre","source":"UT.no","type":"Ubetjent"},"type":"Feature"},{"geometry":{"coordinates":[13.136293999999999,65.058316000000005],"type":"Point"},"id":"hut-101032049","properties":{"beds":5,"elevation":359,"name":"Stordalsbua","owner":"Namsskogan fjellstyre","source":"UT.no","type":"Ubetjent"},"type":"Feature"},{"geometry":{"coordinates":[13.214710999999999,65.06053],"type":"Point"},"id":"hut-101032050","properties":{"beds":2,"elevation":508,"name":"Litlgåsvassbua","owner":"Namsskogan fjellstyre","source":"UT.no","type":"Ubetjent"},"type":"Feature"},{"geometry":{"coordinates":[13.303134,64.966048999999998],"type":"Point"},"id":"hut-101032475","properties":{"beds":6,"elevation":601,"name":"Finntjønnhytta","owner":"Namsskogan fjellstyre","source":"UT.no","type":"Ubetjent"},"type":"Feature"},{"geometry":{"coordinates":[13.084503,64.829468000000006],"type":"Point"},"id":"hut-101032476","properties":{"beds":8,"elevation":236,"name":"Westinhytta","owner":"Namsskogan fjellstyre","source":"UT.no","type":"Ubetjent"},"type":"Feature"},{"geometry":{"coordinates":[13.231044000000001,64.918938999999995],"type":"Point"},"id":"hut-101032477","properties":{"beds":6,"elevation":265,"name":"Mattisstua","owner":"Namsskogan fjellstyre","source":"UT.no","type":"Ubetjent"},"type":"Feature"},{"geometry":{"coordinates":[13.230563999999999,64.918851000000004],"type":"Point"},"id":"hut-101032478","properties":{"beds":3,"elevation":265,"name":"Sandåstua","owner":"Namsskogan fjellstyre","source":"UT.no","type":"Ubetjent"},"type":"Feature"},{"geometry":{"coordinates":[13.325317,65.053661000000005],"type":"Point"},"id":"hut-101032479","properties":{"beds":7,"elevation":252,"name":"Snåsamostua","owner":"Namsskogan fjellstyre","source":"UT.no","type":"Ubetjent"},"type":"Feature"},{"geometry":{"coordinates":[13.424697999999999,65.087389000000002],"type":"Point"},"id":"hut-101032480","properties":{"beds":4,"elevation":340,"name":"Namskrokhytta","owner":"Namsskogan fjellstyre","source":"UT.no","type":"Ubetjent"},"type":"Feature"},{"geometry":{"coordinates":[13.267282,65.102087999999995],"type":"Point"},"id":"hut-101032481","properties":{"beds":7,"elevation":280,"name":"Storholmhytta","owner":"Namsskogan fjellstyre","source":"UT.no","type":"Ubetjent"},"type":"Feature"},{"geometry":{"coordinates":[13.424208999999999,65.088032999999996],"type":"Point"},"id":"hut-101032482","properties":{"beds":4,"elevation":339,"name":"Skogstua i Namskroken, åpen hytte","owner":"Namsskogan fjellstyre","source":"UT.no","type":"Ubetjent"},"type":"Feature"},{"geometry":{"coordinates":[23.322662000000001,70.863121000000007],"type":"Point"},"id":"hut-10105","properties":{"beds":3,"elevation":18,"name":"Tarhalshytta","source":"UT.no","type":"Nødbu"},"type":"Feature"},{"geometry":{"coordinates":[11.834536999999999,60.47242],"type":"Point"},"id":"hut-101058571","properties":{"elevation":491,"name":"Skihytta på Mikkelsberget","owner":"Grue IL","source":"UT.no","type":"Dagsturhytte"},"type":"Feature"},{"geometry":{"coordinates":[10.488695999999999,63.394449999999999],"type":"Point"},"id":"hut-10106","properties":{"elevation":311,"name":"Estenstadhytta","owner":"Estenstadhytta","source":"UT.no","type":"Servering"},"type":"Feature"},{"geometry":{"coordinates":[10.108487,61.649895000000001],"type":"Point"},"id":"hut-101063","properties":{"beds":120,"elevation":927,"name":"Venabu Fjellhotell og Hytter","owner":"Venabu Fjellhotell","source":"UT.no","type":"Betjent"},"type":"Feature"},{"geometry":{"coordinates":[12.974534999999999,64.116129999999998],"type":"Point"},"id":"hut-101066508","properties":{"beds":4,"elevation":520,"name":"Kasttjønnhytta","owner":"Gjefsjøen fjellgård","source":"UT.no","type":"Ubetjent"},"type":"Feature"},{"geometry":{"coordinates":[7.4029350000000003,60.183126000000001],"type":"Point"},"id":"hut-101068","properties":{"beds":40,"elevation":1245,"name":"Besso Turisthytte","owner":"Besso","source":"UT.no","type":"Betjent"},"type":"Feature"},{"geometry":{"coordinates":[7.5027850000000003,60.367680999999997],"type":"Point"},"id":"hut-101069","properties":{"beds":20,"elevation":1244,"name":"Dyranut Fjellstova","owner":"Dyranut Fjellstove","source":"UT.no","type":"Betjent"},"type":"Feature"},{"geometry":{"coordinates":[10.87677,59.841369999999998],"type":"Point"},"id":"hut-10107","properties":{"beds":6,"elevation":229,"name":"Tårnet","owner":"Stiftelsen Tårnets venner","source":"UT.no","type":"Ubetjent"},"type":"Feature"},{"geometry":{"coordinates":[7.5034270000000003,60.368060999999997],"type":"Point"},"id":"hut-101070","properties":{"beds":30,"elevation":1243,"name":"Dyranut Turisthytte","owner":"Dyranut Turisthytte","source":"UT.no","type":"Betjent"},"type":"Feature"},{"geometry":{"coordinates":[21.579761999999999,69.438856999999999],"type":"Point"},"id":"hut-101070379","properties":{"beds":3,"elevation":105,"name":"Ansamukka","owner":"Statskog","source":"UT.no","type":"Utleiehytte"},"type":"Feature"},{"geometry":{"coordinates":[13.659032,65.285195999999999],"type":"Point"},"id":"hut-101070478","properties":{"beds":6,"elevation":468,"name":"Simskardhytta","owner":"Statskog","source":"UT.no","type":"Utleiehytte"},"type":"Feature"},{"geometry":{"coordinates":[7.7848439999999997,60.439382000000002],"type":"Point"},"id":"hut-101071","properties":{"beds":63,"elevation":1163,"name":"Fagerheim fjellstugu","owner":"Fagerheim Fjellstugu AS","source":"UT.no","type":"Betjent"},"type":"Feature"},{"geometry":{"coordinates":[8.216799,60.501826999999999],"type":"Point"},"id":"hut-101072","properties":{"beds":33,"elevation":1045,"name":"Hakkesetstølen Fjellstugu og Hytter","owner":"Hakkesetstølen fjellstugu","source":"UT.no","type":"Betjent"},"type":"Feature"},{"geometry":{"coordinates":[7.6854639999999996,60.418722000000002],"type":"Point"},"id":"hut-101073","properties":{"beds":70,"elevation":1153,"name":"Halne Fjellstugu","owner":"Halne Fjellstugu","source":"UT.no","type":"Betjent"},"type":"Feature"},{"geometry":{"coordinates":[7.8529900000000001,60.51229],"type":"Point"},"id":"hut-101074","properties":{"beds":90,"elevation":991,"name":"Haugastøl 1000 moh.","source":"UT.no","type":"Betjent"},"type":"Feature"},{"geometry":{"coordinates":[8.5852900000000005,60.233925999999997],"type":"Point"},"id":"hut-101075","properties":{"beds":55,"elevation":1076,"name":"Imingfjell Turistheim","owner":"Imingfjell","source":"UT.no","type":"Betjent"},"type":"Feature"},{"geometry":{"coordinates":[7.8450769999999999,60.671425999999997],"type":"Point"},"id":"hut-101076","properties":{"beds":80,"elevation":989,"name":"Raggsteindalen Høyfjellstue (stengt)","owner":"Raggsteindalen Høyfjellsstue","source":"UT.no","type":"Stengt"},"type":"Feature"},{"geometry":{"coordinates":[8.4902440000000006,60.367742],"type":"Point"},"id":"hut-101077","properties":{"beds":70,"elevation":1041,"name":"Torsetlia Fjellstue","source":"UT.no","type":"Betjent"},"type":"Feature"},{"geometry":{"coordinates":[8.0320289999999996,60.441436000000003],"type":"Point"},"id":"hut-101078","properties":{"beds":20,"elevation":1197,"name":"Tuva Turisthytte","owner":"Tuva Turisthytte","source":"UT.no","type":"Betjent"},"type":"Feature"},{"geometry":{"coordinates":[29.765280000000001,70.628287999999998],"type":"Point"},"id":"hut-101078683","properties":{"elevation":16,"name":"Perletur Dagsturhytte","owner":"Båtsfjord Turistkontor","source":"UT.no","type":"Dagsturhytte"},"type":"Feature"},{"geometry":{"coordinates":[29.788453000000001,70.656856000000005],"type":"Point"},"id":"hut-101078684","properties":{"elevation":3,"name":"Skrovnes Fugletitterskjul","owner":"Båtsfjord Turistkontor","source":"UT.no","type":"Dagsturhytte"},"type":"Feature"},{"geometry":{"coordinates":[7.146935,60.344118000000002],"type":"Point"},"id":"hut-101079","properties":{"beds":60,"elevation":877,"name":"Vivelid fjellstova","owner":"Vivelid AS","source":"UT.no","type":"Betjent"},"type":"Feature"},{"geometry":{"coordinates":[9.4602620000000002,61.466894000000003],"type":"Point"},"id":"hut-101080","properties":{"beds":150,"elevation":852,"name":"Dalseter Fjellhotell","owner":"Dalseter Fjell","source":"UT.no","type":"Betjent"},"type":"Feature"},{"geometry":{"coordinates":[9.3580710000000007,61.033645],"type":"Point"},"id":"hut-101081","properties":{"beds":60,"elevation":861,"name":"Nythun","owner":"Nythun Høyfjellstue AS","source":"UT.no","type":"Betjent"},"type":"Feature"},{"geometry":{"coordinates":[6.0078709999999997,60.909151999999999],"type":"Point"},"id":"hut-101081458","properties":{"elevation":500,"name":"Olav Nygards bu - dagsturhytta i Modalen","owner":"Modalen kommune","source":"UT.no","type":"Dagsturhytte"},"type":"Feature"},{"geometry":{"coordinates":[5.4741340000000003,60.480969000000002],"type":"Point"},"id":"hut-101081459","properties":{"elevation":438,"name":"Brakabu - dagsturhytta i Osterøy kommune","owner":"Osterøy kommune","source":"UT.no","type":"Dagsturhytte"},"type":"Feature"},{"geometry":{"coordinates":[6.9346209999999999,60.561281000000001],"type":"Point"},"id":"hut-101081461","properties":{"elevation":115,"name":"Solhaug - dagsturhytta i Ulvik herad","owner":"Ulvik herad","source":"UT.no","type":"Dagsturhytte"},"type":"Feature"},{"geometry":{"coordinates":[9.4504219999999997,61.470381000000003],"type":"Point"},"id":"hut-101082","properties":{"beds":65,"elevation":837,"name":"Ruten Fjellstue","source":"UT.no","type":"Betjent"},"type":"Feature"},{"geometry":{"coordinates":[9.0360220000000009,61.486891999999997],"type":"Point"},"id":"hut-101083","properties":{"beds":78,"elevation":997,"name":"Sikkilsdalsseter","source":"UT.no","type":"Betjent"},"type":"Feature"},{"geometry":{"coordinates":[9.2422710000000006,61.141755000000003],"type":"Point"},"id":"hut-101084","properties":{"beds":55,"elevation":922,"name":"Vangsjøen Fjellstue (STENGT)","source":"UT.no","type":"Stengt"},"type":"Feature"},{"geometry":{"coordinates":[6.4257770000000001,59.012915],"type":"Point"},"id":"hut-101084448","properties":{"beds":20,"elevation":68,"name":"Flørli Historisk Hostel","owner":"Flørli 4444 AS","source":"UT.no","type":"Betjent"},"type":"Feature"},{"geometry":{"coordinates":[6.4254749999999996,59.013911],"type":"Point"},"id":"hut-101084449","properties":{"beds":9,"elevation":28,"name":"Flørli Leiligheter med Fjordutsikt","owner":"Flørli 4444 AS","source":"UT.no","type":"Betjent"},"type":"Feature"},{"geometry":{"coordinates":[5.3875270000000004,59.785012999999999],"type":"Point"},"id":"hut-101084450","properties":{"elevation":244,"name":"Utsletteslottet - dagsturhytta i Stord kommune","owner":"Stord kommune","source":"UT.no","type":"Dagsturhytte"},"type":"Feature"},{"geometry":{"coordinates":[9.7888699999999993,61.499690000000001],"type":"Point"},"id":"hut-101085","properties":{"beds":200,"elevation":931,"name":"Wadahl Høgfjellshotell","source":"UT.no","type":"Betjent"},"type":"Feature"},{"geometry":{"coordinates":[7.5032800000000002,60.60183],"type":"Point"},"id":"hut-101086","properties":{"beds":109,"elevation":1223,"name":"Hotel Finse 1222","owner":"Hotel Finse 1222","source":"UT.no","type":"Betjent"},"type":"Feature"},{"geometry":{"coordinates":[9.5320210000000003,59.680359000000003],"type":"Point"},"id":"hut-101086487","properties":{"beds":2,"elevation":725,"name":"Kongensdamhytta","owner":"Statskog","source":"UT.no","type":"Ubetjent"},"type":"Feature"},{"geometry":{"coordinates":[8.7990279999999998,61.327666999999998],"type":"Point"},"id":"hut-101088","properties":{"beds":96,"elevation":1062,"name":"Bygdin Høifieldshotel","owner":"Bygdin Høyfjellshotell AS","source":"UT.no","type":"Betjent"},"type":"Feature"},{"geometry":{"coordinates":[5.4838209999999998,60.207493999999997],"type":"Point"},"id":"hut-101088920","properties":{"elevation":347,"name":"Borgabuo - dagsturhytta ved Os, Bjørnafjorden kommune","owner":"Bjørnafjorden kommune","source":"UT.no","type":"Dagsturhytte"},"type":"Feature"},{"geometry":{"coordinates":[8.2031340000000004,61.253373000000003],"type":"Point"},"id":"hut-101089","properties":{"beds":47,"elevation":1096,"name":"Tyinstølen","owner":"Tyinstølen Turisthytte","source":"UT.no","type":"Betjent"},"type":"Feature"},{"geometry":{"coordinates":[6.1216309999999998,60.348799],"type":"Point"},"id":"hut-101089560","properties":{"elevation":602,"name":"Kvilekroken - dagsturhytta i Kvam kommune","owner":"Kvam Turlag","source":"UT.no","type":"Dagsturhytte"},"type":"Feature"},{"geometry":{"coordinates":[10.304797000000001,63.422862000000002],"type":"Point"},"id":"hut-10109","properties":{"elevation":259,"name":"Lavollen dagsturhytte","owner":"Grønlia Drift AS","source":"UT.no","type":"Servering"},"type":"Feature"},{"geometry":{"coordinates":[7.8804379999999998,61.356290000000001],"type":"Point"},"id":"hut-101090","properties":{"beds":18,"elevation":382,"name":"Avdalen gard","owner":"Avdalen Gard","source":"UT.no","type":"Betjent"},"type":"Feature"},{"geometry":{"coordinates":[8.9675919999999998,61.617963000000003],"type":"Point"},"id":"hut-101092","properties":{"beds":34,"elevation":898,"name":"Hindsæter Hotel","owner":"Hindsæter","source":"UT.no","type":"Betjent"},"type":"Feature"},{"geometry":{"coordinates":[8.208304,60.535998999999997],"type":"Point"},"id":"hut-101093395","properties":{"beds":245,"elevation":805,"name":"Dr. Holms hotel","owner":"Dr. Holms hotell","source":"UT.no","type":"Betjent"},"type":"Feature"},{"geometry":{"coordinates":[8.3707729999999998,61.672581000000001],"type":"Point"},"id":"hut-101094","properties":{"beds":75,"elevation":1842,"name":"Juvasshytta","source":"UT.no","type":"Betjent"},"type":"Feature"},{"geometry":{"coordinates":[8.1450840000000007,61.659531999999999],"type":"Point"},"id":"hut-101095","properties":{"beds":50,"elevation":1004,"name":"Jotunheimen Fjellstue","owner":"Jotunheimen Fjellhotell AS","source":"UT.no","type":"Betjent"},"type":"Feature"},{"geometry":{"coordinates":[5.7770429999999999,58.907240000000002],"type":"Point"},"id":"hut-101095528","properties":{"elevation":36,"name":"Søsterhytta - Dagsturhytta i Sandnes kommune","owner":"Dagsturhytta Rogaland","source":"UT.no","type":"Dagsturhytte"},"type":"Feature"},{"geometry":{"coordinates":[7.0191730000000003,60.726861999999997],"type":"Point"},"id":"hut-101096","properties":{"beds":35,"elevation":869,"name":"Upsete fjellstove","owner":"Upsete Fjellstove","source":"UT.no","type":"Betjent"},"type":"Feature"},{"geometry":{"coordinates":[6.1194420000000003,58.597985999999999],"type":"Point"},"id":"hut-101096382","properties":{"elevation":121,"name":"Kaurebu - Dagsturhytta i Bjerkreim kommune","owner":"Dagsturhytta Rogaland","source":"UT.no","type":"Dagsturhytte"},"type":"Feature"},{"geometry":{"coordinates":[6.131983,58.791642000000003],"type":"Point"},"id":"hut-101096597","properties":{"elevation":496,"name":"Fisketjørnbu - Dagsturhytta i Gjesdal kommune","owner":"Dagsturhytta Rogaland","source":"UT.no","type":"Dagsturhytte"},"type":"Feature"},{"geometry":{"coordinates":[6.5875880000000002,58.530171000000003],"type":"Point"},"id":"hut-101096598","properties":{"elevation":550,"name":"Gauksomhytta - Dagsturhytta i Lund kommune","owner":"Dagsturhytta Rogaland","source":"UT.no","type":"Dagsturhytte"},"type":"Feature"},{"geometry":{"coordinates":[7.506138,60.828764],"type":"Point"},"id":"hut-101099","properties":{"beds":190,"elevation":820,"name":"Østerbø Fjellstove","owner":"Østerbø Fjellstove AS","source":"UT.no","type":"Betjent"},"type":"Feature"},{"geometry":{"coordinates":[6.9370000000000003,60.703000000000003],"type":"Point"},"id":"hut-1011","properties":{"beds":100,"elevation":678,"name":"Mjølfjell vandrerhjem","owner":"Mjølfjell Ungdomsherberge","source":"UT.no","type":"Betjent"},"type":"Feature"},{"geometry":{"coordinates":[10.261424,63.417552000000001],"type":"Point"},"id":"hut-10110","properties":{"elevation":433,"name":"Skistua","source":"UT.no","type":"Servering"},"type":"Feature"},{"geometry":{"coordinates":[10.936014,59.966572999999997],"type":"Point"},"id":"hut-101101444","properties":{"elevation":236,"name":"Liastua","owner":"Høybråten og Stovner IL","source":"UT.no","type":"Servering"},"type":"Feature"},{"geometry":{"coordinates":[7.5521229999999999,60.291238999999997],"type":"Point"},"id":"hut-101105","properties":{"beds":16,"elevation":1225,"name":"Trondsbu Turisthytta","owner":"Trondsbu Turisthytta","source":"UT.no","type":"Ubetjent"},"type":"Feature"},{"geometry":{"coordinates":[14.586831999999999,66.162116999999995],"type":"Point"},"id":"hut-101107","properties":{"beds":25,"elevation":526,"name":"Umbukta fjellstue","owner":"Nordlandsruta","source":"UT.no","type":"Betjent"},"type":"Feature"},{"geometry":{"coordinates":[14.133543,66.241989000000004],"type":"Point"},"id":"hut-101107836","properties":{"beds":8,"elevation":345,"name":"Hølbekkmoen","owner":"Statskog","source":"UT.no","type":"Utleiehytte"},"type":"Feature"},{"geometry":{"coordinates":[10.242820999999999,63.402419999999999],"type":"Point"},"id":"hut-10111","properties":{"elevation":263,"name":"Grønlia dagsturhytte","owner":"Grønlia Drift AS","source":"UT.no","type":"Servering"},"type":"Feature"},{"geometry":{"coordinates":[6.2729100000000004,60.365715000000002],"type":"Point"},"id":"hut-101111465","properties":{"beds":25,"elevation":20,"name":"Kvamsøy Leirsted","owner":"Øyvokterne","source":"UT.no","type":"Ubetjent"},"type":"Feature"},{"geometry":{"coordinates":[5.7624380000000004,60.254913999999999],"type":"Point"},"id":"hut-101114034","properties":{"elevation":325,"name":"Vetlavardhytto - dagsturhytta i Fusa","owner":"Bergen og Hordaland Turlag","source":"UT.no","type":"Dagsturhytte"},"type":"Feature"},{"geometry":{"coordinates":[8.0360659999999999,61.024453000000001],"type":"Point"},"id":"hut-101115","properties":{"beds":16,"elevation":1024,"name":"Breistølen Fjellstue","owner":"Breistølen fjellstue","source":"UT.no","type":"Betjent"},"type":"Feature"},{"geometry":{"coordinates":[10.290604,63.442506000000002],"type":"Point"},"id":"hut-101116822","properties":{"elevation":212,"name":"Damhaugen","owner":"Trondhjems Turistforening","source":"UT.no","type":"Servering"},"type":"Feature"},{"geometry":{"coordinates":[10.571828999999999,63.288325],"type":"Point"},"id":"hut-101117251","properties":{"beds":16,"elevation":323,"name":"Gjenvollhytta","owner":"Trondhjems Turistforening","source":"UT.no","type":"Servering"},"type":"Feature"},{"geometry":{"coordinates":[6.5385499999999999,61.208886999999997],"type":"Point"},"id":"hut-10112","properties":{"elevation":5,"name":"Kviknes Hotel","source":"UT.no","type":"Betjent"},"type":"Feature"},{"geometry":{"coordinates":[13.893681000000001,64.862998000000005],"type":"Point"},"id":"hut-101122176","properties":{"elevation":581,"name":"Haugtussa","owner":"Jomafjellet jakt- og hytteutleie","source":"UT.no","type":"Stengt"},"type":"Feature"},{"geometry":{"coordinates":[13.883074000000001,64.858671000000001],"type":"Point"},"id":"hut-101122391","properties":{"beds":8,"elevation":576,"name":"Jomahytta","owner":"Jomafjellet jakt- og hytteutleie","source":"UT.no","type":"Ubetjent"},"type":"Feature"},{"geometry":{"coordinates":[13.881556,64.862037000000001],"type":"Point"},"id":"hut-101122392","properties":{"beds":4,"elevation":579,"name":"Lauvhatten","owner":"Jomafjellet jakt- og hytteutleie","source":"UT.no","type":"Ubetjent"},"type":"Feature"},{"geometry":{"coordinates":[13.742243999999999,64.881131999999994],"type":"Point"},"id":"hut-101122393","properties":{"beds":6,"elevation":479,"name":"Solgløtt","owner":"Jomafjellet jakt- og hytteutleie","source":"UT.no","type":"Ubetjent"},"type":"Feature"},{"geometry":{"coordinates":[10.169146,61.501708999999998],"type":"Point"},"id":"hut-101126462","properties":{"beds":40,"elevation":187,"name":"Elstad camping","owner":"Elstad Camping","source":"UT.no","type":"Betjent"},"type":"Feature"},{"geometry":{"coordinates":[8.4997600000000002,60.88165],"type":"Point"},"id":"hut-101127961","properties":{"beds":4,"elevation":736,"name":"Stabburet","owner":"Hemsedal Fjellcamp","source":"UT.no","type":"Selvbetjent"},"type":"Feature"},{"geometry":{"coordinates":[8.4997600000000002,60.88165],"type":"Point"},"id":"hut-101127962","properties":{"beds":6,"elevation":736,"name":"Garasjehytta","owner":"Hemsedal Fjellcamp","source":"UT.no","type":"Selvbetjent"},"type":"Feature"},{"geometry":{"coordinates":[9.2876469999999998,62.112456000000002],"type":"Point"},"id":"hut-101128","properties":{"beds":16,"elevation":980,"name":"Fokstugu","owner":"Fokstugu","source":"UT.no","type":"Betjent"},"type":"Feature"},{"geometry":{"coordinates":[6.6214899999999997,60.423609999999996],"type":"Point"},"id":"hut-101129","properties":{"beds":54,"elevation":5,"name":"Utne Hotel","source":"UT.no","type":"Betjent"},"type":"Feature"},{"geometry":{"coordinates":[12.171214000000001,62.075702],"type":"Point"},"id":"hut-101129461","properties":{"beds":40,"elevation":793,"name":"Valdalen Gård","owner":"Destinasjon Femund Engerdal","source":"UT.no","type":"Betjent"},"type":"Feature"},{"geometry":{"coordinates":[11.944834999999999,61.971758000000001],"type":"Point"},"id":"hut-101129462","properties":{"beds":32,"elevation":667,"name":"Vestre Sorken Feriegård","owner":"Destinasjon Femund Engerdal","source":"UT.no","type":"Betjent"},"type":"Feature"},{"geometry":{"coordinates":[11.840871,61.844788999999999],"type":"Point"},"id":"hut-101129463","properties":{"beds":30,"elevation":688,"name":"Trøan Gård Hytteutleie","owner":"Destinasjon Femund Engerdal","source":"UT.no","type":"Betjent"},"type":"Feature"},{"geometry":{"coordinates":[12.015891,60.628028],"type":"Point"},"id":"hut-101129464","properties":{"beds":6,"elevation":188,"name":"Trangsrud Utleie","owner":"Destinasjon Femund Engerdal","source":"UT.no","type":"Betjent"},"type":"Feature"},{"geometry":{"coordinates":[11.662630999999999,62.103265],"type":"Point"},"id":"hut-101129679","properties":{"elevation":702,"name":"Sømådal Camping","owner":"Destinasjon Femund Engerdal","source":"UT.no","type":"Betjent"},"type":"Feature"},{"geometry":{"coordinates":[11.694212,62.050359],"type":"Point"},"id":"hut-101129680","properties":{"beds":50,"elevation":657,"name":"Rønningen Camp & Hytter","owner":"Destinasjon Femund Engerdal","source":"UT.no","type":"Betjent"},"type":"Feature"},{"geometry":{"coordinates":[11.986938,61.694257],"type":"Point"},"id":"hut-101129681","properties":{"beds":50,"elevation":480,"name":"Olderskogen Natur Camp","owner":"Destinasjon Femund Engerdal","source":"UT.no","type":"Betjent"},"type":"Feature"},{"geometry":{"coordinates":[11.939242999999999,61.066896],"type":"Point"},"id":"hut-10113","properties":{"beds":2,"elevation":575,"name":"Vesla","source":"UT.no","type":"Ubetjent"},"type":"Feature"},{"geometry":{"coordinates":[9.8065099999999994,61.997900000000001],"type":"Point"},"id":"hut-101130","properties":{"beds":25,"elevation":1042,"name":"Nedre Dørålseter Turisthytte","owner":"Nedre Dørålseter Turisthytte","source":"UT.no","type":"Betjent"},"type":"Feature"},{"geometry":{"coordinates":[11.749487999999999,61.748078999999997],"type":"Point"},"id":"hut-101130324","properties":{"beds":8,"elevation":716,"name":"Kraggbua Tretopphytte","owner":"Destinasjon Femund Engerdal","source":"UT.no","type":"Betjent"},"type":"Feature"},{"geometry":{"coordinates":[12.209662,62.068075999999998],"type":"Point"},"id":"hut-101130325","properties":{"beds":6,"elevation":791,"name":"Kjærran Gård","owner":"Destinasjon Femund Engerdal","source":"UT.no","type":"Betjent"},"type":"Feature"},{"geometry":{"coordinates":[11.873015000000001,62.232475000000001],"type":"Point"},"id":"hut-101130326","properties":{"beds":50,"elevation":671,"name":"Jonasvollen Camping","owner":"Destinasjon Femund Engerdal","source":"UT.no","type":"Betjent"},"type":"Feature"},{"geometry":{"coordinates":[11.616567,62.144533000000003],"type":"Point"},"id":"hut-101130541","properties":{"beds":44,"elevation":719,"name":"Johnsgård Turistsenter","owner":"Destinasjon Femund Engerdal","source":"UT.no","type":"Betjent"},"type":"Feature"},{"geometry":{"coordinates":[11.759069999999999,61.906419],"type":"Point"},"id":"hut-101130542","properties":{"beds":55,"elevation":649,"name":"Galten Gård","owner":"Destinasjon Femund Engerdal","source":"UT.no","type":"Betjent"},"type":"Feature"},{"geometry":{"coordinates":[12.024960999999999,61.879086000000001],"type":"Point"},"id":"hut-101130757","properties":{"beds":19,"elevation":670,"name":"Hogstad Hytteutleie","owner":"Destinasjon Femund Engerdal","source":"UT.no","type":"Betjent"},"type":"Feature"},{"geometry":{"coordinates":[11.837346,61.942622],"type":"Point"},"id":"hut-101130758","properties":{"beds":16,"elevation":741,"name":"Gløtberget Gård & Hytteutleie","owner":"Destinasjon Femund Engerdal","source":"UT.no","type":"Betjent"},"type":"Feature"},{"geometry":{"coordinates":[11.708310000000001,61.816704000000001],"type":"Point"},"id":"hut-101130975","properties":{"beds":60,"elevation":635,"name":"Femundsundet Storhytter","owner":"Destinasjon Femund Engerdal","source":"UT.no","type":"Betjent"},"type":"Feature"},{"geometry":{"coordinates":[11.915163,62.312040000000003],"type":"Point"},"id":"hut-101130976","properties":{"elevation":677,"name":"Femundshytten","owner":"Destinasjon Femund Engerdal","source":"UT.no","type":"Betjent"},"type":"Feature"},{"geometry":{"coordinates":[11.947716,62.166058],"type":"Point"},"id":"hut-101132903","properties":{"beds":4,"elevation":678,"name":"Femund Friluft","owner":"Destinasjon Femund Engerdal","source":"UT.no","type":"Betjent"},"type":"Feature"},{"geometry":{"coordinates":[11.960096,61.970086000000002],"type":"Point"},"id":"hut-101132904","properties":{"beds":26,"elevation":669,"name":"Femund Canoe Camp","owner":"Destinasjon Femund Engerdal","source":"UT.no","type":"Betjent"},"type":"Feature"},{"geometry":{"coordinates":[10.64414,60.455001000000003],"type":"Point"},"id":"hut-10114","properties":{"beds":50,"elevation":622,"name":"Lygnasæter Hotell","owner":"Lygnasæter Hotell","source":"UT.no","type":"Betjent"},"type":"Feature"},{"geometry":{"coordinates":[12.049015000000001,62.548487000000002],"type":"Point"},"id":"hut-101140","properties":{"elevation":1293,"name":"Skyddet i Vigla","source":"UT.no","type":"Nødbu"},"type":"Feature"},{"geometry":{"coordinates":[10.999290999999999,59.818691999999999],"type":"Point"},"id":"hut-101145539","properties":{"beds":48,"elevation":272,"name":"Vangen skistue","owner":"Skiforeningen","source":"UT.no","type":"Betjent"},"type":"Feature"},{"geometry":{"coordinates":[10.75723,59.825870000000002],"type":"Point"},"id":"hut-101148","properties":{"beds":10,"elevation":8,"name":"Bestemorstua","owner":"Oslofjordens Friluftsråd","source":"UT.no","type":"Ubetjent"},"type":"Feature"},{"geometry":{"coordinates":[10.656027,59.975200000000001],"type":"Point"},"id":"hut-101148324","properties":{"beds":156,"elevation":473,"name":"Soria Moria Hotell","owner":"Soria Moria Hotell","source":"UT.no","type":"Betjent"},"type":"Feature"},{"geometry":{"coordinates":[11.54752,59.669800000000002],"type":"Point"},"id":"hut-101149","properties":{"beds":6,"elevation":121,"name":"Smia","owner":"Oslofjordens Friluftsråd","source":"UT.no","type":"Ubetjent"},"type":"Feature"},{"geometry":{"coordinates":[21.542777999999998,69.448333000000005],"type":"Point"},"id":"hut-101151","properties":{"beds":4,"elevation":131,"name":"Nordkalottstua - Ovi Raishiin","owner":"Reisa nasjonalpark","source":"UT.no","type":"Ubetjent"},"type":"Feature"},{"geometry":{"coordinates":[14.232799999999999,65.799199999999999],"type":"Point"},"id":"hut-101153","properties":{"beds":30,"elevation":414,"name":"Sæterstad Gård","source":"UT.no","type":"Betjent"},"type":"Feature"},{"geometry":{"coordinates":[9.6401690000000002,61.178908],"type":"Point"},"id":"hut-101153035","properties":{"beds":6,"elevation":1006,"name":"Skjelbreibua","owner":"Gausdal Fjellstyre","source":"UT.no","type":"Ubetjent"},"type":"Feature"},{"geometry":{"coordinates":[11.834209,64.298619000000002],"type":"Point"},"id":"hut-101154964","properties":{"beds":4,"elevation":259,"name":"Bergtjønnstua","owner":"Statskog","source":"UT.no","type":"Utleiehytte"},"type":"Feature"},{"geometry":{"coordinates":[6.8461990000000004,61.872683000000002],"type":"Point"},"id":"hut-101155","properties":{"beds":600,"elevation":6,"name":"Hotel Alexandra","owner":"Hotel Alexandra AS","source":"UT.no","type":"Betjent"},"type":"Feature"},{"geometry":{"coordinates":[10.918100000000001,59.09451],"type":"Point"},"id":"hut-101156","properties":{"beds":4,"elevation":4,"name":"Brottet Stenhoggerhytta","owner":"Oslofjordens Friluftsråd","source":"UT.no","type":"Ubetjent"},"type":"Feature"},{"geometry":{"coordinates":[10.918150000000001,59.094329999999999],"type":"Point"},"id":"hut-101157","properties":{"beds":4,"elevation":4,"name":"Brottet Klyven","owner":"Oslofjordens Friluftsråd","source":"UT.no","type":"Ubetjent"},"type":"Feature"},{"geometry":{"coordinates":[11.922419,62.049073999999997],"type":"Point"},"id":"hut-101157424","properties":{"beds":6,"elevation":666,"name":"Gråsnesvikkoia","owner":"Statskog","source":"UT.no","type":"Ubetjent"},"type":"Feature"},{"geometry":{"coordinates":[11.63452,59.339410000000001],"type":"Point"},"id":"hut-101158","properties":{"beds":6,"elevation":158,"name":"Flagghytta","owner":"Oslofjordens Friluftsråd","source":"UT.no","type":"Ubetjent"},"type":"Feature"},{"geometry":{"coordinates":[11.659727999999999,59.300913999999999],"type":"Point"},"id":"hut-101159","properties":{"beds":6,"elevation":115,"name":"Fjøset","owner":"Oslofjordens Friluftsråd","source":"UT.no","type":"Ubetjent"},"type":"Feature"},{"geometry":{"coordinates":[12.153510000000001,61.652180000000001],"type":"Point"},"id":"hut-101162","properties":{"beds":13,"elevation":866,"name":"Haugen Seter Hytteutleie, Lillerøåsen - Engerdal","owner":"Haugen seter","source":"UT.no","type":"Betjent"},"type":"Feature"},{"geometry":{"coordinates":[10.934386,59.771774000000001],"type":"Point"},"id":"hut-101165","properties":{"beds":30,"elevation":155,"name":"Hallvardbo","owner":"Stiftelsen Hallvardbo","source":"UT.no","type":"Ubetjent"},"type":"Feature"},{"geometry":{"coordinates":[5.4178750000000004,59.236007999999998],"type":"Point"},"id":"hut-101165330","properties":{"elevation":20,"name":"Kongsbu - Dagsturhytta i Bokn kommune","owner":"Dagsturhytta Rogaland","source":"UT.no","type":"Dagsturhytte"},"type":"Feature"},{"geometry":{"coordinates":[5.9926849999999998,58.427888000000003],"type":"Point"},"id":"hut-101165331","properties":{"elevation":10,"name":"Rosshagen - Dagsturhytta i Eigersund kommune","owner":"Dagsturhytta Rogaland","source":"UT.no","type":"Dagsturhytte"},"type":"Feature"},{"geometry":{"coordinates":[5.244974,59.418672000000001],"type":"Point"},"id":"hut-101165332","properties":{"elevation":10,"name":"Varøy - Dagsturhytta i Haugesund kommune","owner":"Dagsturhytta Rogaland","source":"UT.no","type":"Dagsturhytte"},"type":"Feature"},{"geometry":{"coordinates":[6.0849070000000003,59.180934000000001],"type":"Point"},"id":"hut-101165333","properties":{"elevation":386,"name":"Fisterbu - Dagsturhytta i Hjelmeland kommune","owner":"Dagsturhytta Rogaland","source":"UT.no","type":"Dagsturhytte"},"type":"Feature"},{"geometry":{"coordinates":[5.8480970000000001,58.507953000000001],"type":"Point"},"id":"hut-101165334","properties":{"elevation":88,"name":"Tvitjørnhytta - Dagsturhytta i Hå kommune","owner":"Dagsturhytta Rogaland","source":"UT.no","type":"Dagsturhytte"},"type":"Feature"},{"geometry":{"coordinates":[5.345682,59.338504999999998],"type":"Point"},"id":"hut-101165335","properties":{"elevation":27,"name":"Tuabua - Dagsturhytta i Karmøy kommune","owner":"Dagsturhytta Rogaland","source":"UT.no","type":"Dagsturhytte"},"type":"Feature"},{"geometry":{"coordinates":[5.67638,58.755302999999998],"type":"Point"},"id":"hut-101165336","properties":{"elevation":25,"name":"Frøya - Dagsturhytta i Klepp kommune","owner":"Dagsturhytta Rogaland","source":"UT.no","type":"Dagsturhytte"},"type":"Feature"},{"geometry":{"coordinates":[5.5740439999999998,58.981893999999997],"type":"Point"},"id":"hut-101165337","properties":{"elevation":9,"name":"Vistneshyttå - Dagsturhytta i Randaberg kommune","owner":"Dagsturhytta Rogaland","source":"UT.no","type":"Dagsturhytte"},"type":"Feature"},{"geometry":{"coordinates":[6.3156290000000004,58.349691],"type":"Point"},"id":"hut-101165338","properties":{"elevation":148,"name":"Åmodtshytto - Dagsturhytta i Sokndal kommune","owner":"Dagsturhytta Rogaland","source":"UT.no","type":"Dagsturhytte"},"type":"Feature"},{"geometry":{"coordinates":[5.702547,59.614001999999999],"type":"Point"},"id":"hut-101165339","properties":{"elevation":272,"name":"Vadhytta - Dagsturhytta i Vindafjord kommune","owner":"Dagsturhytta Rogaland","source":"UT.no","type":"Dagsturhytte"},"type":"Feature"},{"geometry":{"coordinates":[5.586195,58.851298],"type":"Point"},"id":"hut-101165340","properties":{"elevation":90,"name":"Solabu - Dagsturhytta i Sola kommune","owner":"Dagsturhytta Rogaland","source":"UT.no","type":"Dagsturhytte"},"type":"Feature"},{"geometry":{"coordinates":[5.9248510000000003,59.144812999999999],"type":"Point"},"id":"hut-101165341","properties":{"elevation":165,"name":"Ørnareiret - Dagsturhytta i Stavanger kommune","owner":"Dagsturhytta Rogaland","source":"UT.no","type":"Dagsturhytte"},"type":"Feature"},{"geometry":{"coordinates":[8.3062039999999993,63.516053999999997],"type":"Point"},"id":"hut-101167","properties":{"beds":70,"elevation":10,"name":"Hitra leirskole - Skårøya","owner":"Skårøya opplevelser","source":"UT.no","type":"Ubetjent"},"type":"Feature"},{"geometry":{"coordinates":[9.5824280000000002,61.200902999999997],"type":"Point"},"id":"hut-101167070","properties":{"beds":4,"elevation":968,"name":"Reinsjøbua","owner":"Gausdal Fjellstyre","source":"UT.no","type":"Ubetjent"},"type":"Feature"},{"geometry":{"coordinates":[9.5992329999999999,61.241331000000002],"type":"Point"},"id":"hut-101169663","properties":{"beds":4,"elevation":936,"name":"Liumseterhytta","owner":"Gausdal Fjellstyre","source":"UT.no","type":"Ubetjent"},"type":"Feature"},{"geometry":{"coordinates":[10.241645999999999,59.136716999999997],"type":"Point"},"id":"hut-101169664","properties":{"elevation":30,"name":"Fjellheim Helsepilegrim","owner":"Fjellheim Helsepilegrim (Health pilgrim)","source":"UT.no","type":"Betjent"},"type":"Feature"},{"geometry":{"coordinates":[7.5207949999999997,60.646000999999998],"type":"Point"},"id":"hut-101171","properties":{"elevation":1601,"name":"Klemsbu","owner":"Hotel Finse 1222","source":"UT.no","type":"Servering"},"type":"Feature"},{"geometry":{"coordinates":[5.3728239999999996,59.563277999999997],"type":"Point"},"id":"hut-101172479","properties":{"elevation":53,"name":"Dagsturhytta Golfståvo","owner":"Sveio kommune","source":"UT.no","type":"Dagsturhytte"},"type":"Feature"},{"geometry":{"coordinates":[9.5087419999999998,61.349257999999999],"type":"Point"},"id":"hut-101177222","properties":{"beds":4,"elevation":1069,"name":"Nordbua","owner":"Gausdal Fjellstyre","source":"UT.no","type":"Ubetjent"},"type":"Feature"},{"geometry":{"coordinates":[8.9473079999999996,60.065005999999997],"type":"Point"},"id":"hut-101178","properties":{"elevation":921,"name":"Skirvedalen fjellstue","owner":"Skirvedalen fjellstue","source":"UT.no","type":"Servering"},"type":"Feature"},{"geometry":{"coordinates":[11.946648,63.241363999999997],"type":"Point"},"id":"hut-101178086","properties":{"beds":8,"elevation":824,"name":"Rangeldalen","owner":"Statskog","source":"UT.no","type":"Utleiehytte"},"type":"Feature"},{"geometry":{"coordinates":[11.669603,63.352361000000002],"type":"Point"},"id":"hut-101178088","properties":{"beds":9,"elevation":355,"name":"Mannseterbakken","owner":"Statskog","source":"UT.no","type":"Utleiehytte"},"type":"Feature"},{"geometry":{"coordinates":[11.945880000000001,63.561582000000001],"type":"Point"},"id":"hut-101178089","properties":{"beds":16,"elevation":418,"name":"Torpberget","owner":"Statskog","source":"UT.no","type":"Utleiehytte"},"type":"Feature"},{"geometry":{"coordinates":[11.591773,63.265687999999997],"type":"Point"},"id":"hut-101178090","properties":{"beds":6,"elevation":708,"name":"Bindstikkhytta","owner":"Statskog","source":"UT.no","type":"Utleiehytte"},"type":"Feature"},{"geometry":{"coordinates":[11.571458,63.418841],"type":"Point"},"id":"hut-101178091","properties":{"beds":4,"elevation":496,"name":"Bitbekktjønna","owner":"Statskog","source":"UT.no","type":"Utleiehytte"},"type":"Feature"},{"geometry":{"coordinates":[11.55941,63.305093999999997],"type":"Point"},"id":"hut-101178092","properties":{"beds":4,"elevation":702,"name":"Klepptjønnhytta","owner":"Statskog","source":"UT.no","type":"Utleiehytte"},"type":"Feature"},{"geometry":{"coordinates":[11.842539,63.319158999999999],"type":"Point"},"id":"hut-101178093","properties":{"beds":4,"elevation":414,"name":"Stordalshytta","owner":"Statskog","source":"UT.no","type":"Utleiehytte"},"type":"Feature"},{"geometry":{"coordinates":[11.745801999999999,63.349608000000003],"type":"Point"},"id":"hut-101178094","properties":{"beds":10,"elevation":409,"name":"Fossvatnhytta","owner":"Statskog","source":"UT.no","type":"Utleiehytte"},"type":"Feature"},{"geometry":{"coordinates":[12.008608000000001,63.374212],"type":"Point"},"id":"hut-101178095","properties":{"beds":7,"elevation":590,"name":"Teveldalshytta","owner":"Statskog","source":"UT.no","type":"Utleiehytte"},"type":"Feature"},{"geometry":{"coordinates":[11.931699999999999,63.423347],"type":"Point"},"id":"hut-101178096","properties":{"beds":8,"elevation":585,"name":"Grønnbekklia","owner":"Statskog","source":"UT.no","type":"Utleiehytte"},"type":"Feature"},{"geometry":{"coordinates":[11.727819,63.221254999999999],"type":"Point"},"id":"hut-101178097","properties":{"beds":10,"elevation":774,"name":"Finnkoisjøhytta","owner":"Statskog","source":"UT.no","type":"Utleiehytte"},"type":"Feature"},{"geometry":{"coordinates":[11.792916,63.285722999999997],"type":"Point"},"id":"hut-101178098","properties":{"beds":12,"elevation":541,"name":"Gilså","owner":"Statskog","source":"UT.no","type":"Utleiehytte"},"type":"Feature"},{"geometry":{"coordinates":[11.572732,63.456488],"type":"Point"},"id":"hut-101178099","properties":{"beds":8,"elevation":85,"name":"Maries Hus","owner":"Statskog","source":"UT.no","type":"Utleiehytte"},"type":"Feature"},{"geometry":{"coordinates":[11.858585,63.581657],"type":"Point"},"id":"hut-101178317","properties":{"beds":10,"elevation":402,"name":"Steinsdalshytta","owner":"Statskog","source":"UT.no","type":"Utleiehytte"},"type":"Feature"},{"geometry":{"coordinates":[11.95581,62.296573000000002],"type":"Point"},"id":"hut-101180632","properties":{"beds":5,"elevation":662,"name":"Sjøbua på Haugen","owner":"Haugen gård","source":"UT.no","type":"Utleiehytte"},"type":"Feature"},{"geometry":{"coordinates":[12.493033,61.200144000000002],"type":"Point"},"id":"hut-101180634","properties":{"beds":4,"elevation":481,"name":"Landsjøkoia","owner":"Trysil kommuneskoger KF","source":"UT.no","type":"Ubetjent"},"type":"Feature"},{"geometry":{"coordinates":[10.7294,59.897799999999997],"type":"Point"},"id":"hut-101181","properties":{"beds":9,"elevation":21,"name":"Hovedøya Tiern","owner":"Oslofjordens Friluftsråd","source":"UT.no","type":"Ubetjent"},"type":"Feature"},{"geometry":{"coordinates":[10.828900000000001,59.1511],"type":"Point"},"id":"hut-101182","properties":{"beds":16,"name":"Strømtangen Fyrvokterleiligheten","owner":"Oslofjordens Friluftsråd","source":"UT.no","type":"Ubetjent"},"type":"Feature"},{"geometry":{"coordinates":[8.4073189999999993,58.284787999999999],"type":"Point"},"id":"hut-101182482","properties":{"elevation":91,"name":"Knibenro - dagsturhytta i Lillesand kommune","owner":"Dagsturhytta Agder","source":"UT.no","type":"Dagsturhytte"},"type":"Feature"},{"geometry":{"coordinates":[10.83264,59.15605],"type":"Point"},"id":"hut-101183","properties":{"name":"Strømtangen Bøyenaustet","owner":"Oslofjordens Friluftsråd","source":"UT.no","type":"Ubetjent"},"type":"Feature"},{"geometry":{"coordinates":[24.256844999999998,69.376317],"type":"Point"},"id":"hut-101183633","properties":{"beds":10,"elevation":323,"name":"Suossjavri Fjellstue","owner":"Suossjavri Fjellstue","source":"UT.no","type":"Betjent"},"type":"Feature"},{"geometry":{"coordinates":[10.586461,59.673637999999997],"type":"Point"},"id":"hut-101184","properties":{"beds":12,"name":"Bergholmen Jacobinebua","owner":"Oslofjordens Friluftsråd","source":"UT.no","type":"Ubetjent"},"type":"Feature"},{"geometry":{"coordinates":[7.9195289999999998,58.135505000000002],"type":"Point"},"id":"hut-101184324","properties":{"elevation":152,"name":"Øyliblikk - dagsturhytta i Kristiansand kommune","owner":"Dagsturhytta Agder","source":"UT.no","type":"Dagsturhytte"},"type":"Feature"},{"geometry":{"coordinates":[6.8088790000000001,58.064993999999999],"type":"Point"},"id":"hut-101185015","properties":{"elevation":45,"name":"Havblikk - dagsturhytta i Farsund kommune","owner":"Dagsturhytta Agder","source":"UT.no","type":"Dagsturhytte"},"type":"Feature"},{"geometry":{"coordinates":[7.5292029999999999,58.053496000000003],"type":"Point"},"id":"hut-101185936","properties":{"elevation":6,"name":"Aurebu - dagsturhytta i Lindesnes kommune","owner":"Dagsturhytta Agder","source":"UT.no","type":"Dagsturhytte"},"type":"Feature"},{"geometry":{"coordinates":[7.39649,61.400109999999998],"type":"Point"},"id":"hut-101186857","properties":{"beds":60,"elevation":4,"name":"Luster Fjordhytter","owner":"Luster Fjordhytter","source":"UT.no","type":"Betjent"},"type":"Feature"},{"geometry":{"coordinates":[8.3371510000000004,58.531998999999999],"type":"Point"},"id":"hut-101187088","properties":{"elevation":171,"name":"Kolåsbu - dagsturhytta i Birkenes kommune","owner":"Dagsturhytta Agder","source":"UT.no","type":"Dagsturhytte"},"type":"Feature"},{"geometry":{"coordinates":[10.492800000000001,59.994999999999997],"type":"Point"},"id":"hut-101188","properties":{"beds":20,"elevation":444,"name":"Østerdalshytta","owner":"Østerdølenes lag i Oslo","source":"UT.no","type":"Ubetjent"},"type":"Feature"},{"geometry":{"coordinates":[10.094128,61.335844999999999],"type":"Point"},"id":"hut-101191","properties":{"beds":106,"elevation":758,"name":"Velkomstsenteret","source":"UT.no","type":"Betjent"},"type":"Feature"},{"geometry":{"coordinates":[10.741149999999999,59.438308999999997],"type":"Point"},"id":"hut-101194679","properties":{"beds":10,"elevation":28,"name":"Elverhøy","owner":"Oslofjordens Friluftsråd","source":"UT.no","type":"Ubetjent"},"type":"Feature"},{"geometry":{"coordinates":[10.744268999999999,59.812105000000003],"type":"Point"},"id":"hut-101194680","properties":{"beds":6,"elevation":10,"name":"Heidehaugen","owner":"Oslofjordens Friluftsråd","source":"UT.no","type":"Ubetjent"},"type":"Feature"},{"geometry":{"coordinates":[11.606434999999999,59.147323],"type":"Point"},"id":"hut-101194681","properties":{"beds":4,"elevation":101,"name":"Krappeto","owner":"Oslofjordens Friluftsråd","source":"UT.no","type":"Ubetjent"},"type":"Feature"},{"geometry":{"coordinates":[11.554772,59.148325],"type":"Point"},"id":"hut-101194682","properties":{"beds":6,"elevation":79,"name":"Sluseassistenten sør","owner":"Oslofjordens Friluftsråd","source":"UT.no","type":"Ubetjent"},"type":"Feature"},{"geometry":{"coordinates":[11.554757,59.148341000000002],"type":"Point"},"id":"hut-101194683","properties":{"beds":6,"elevation":79,"name":"Sluseassistenten nord","owner":"Oslofjordens Friluftsråd","source":"UT.no","type":"Ubetjent"},"type":"Feature"},{"geometry":{"coordinates":[10.39475,59.691464000000003],"type":"Point"},"id":"hut-101199746","properties":{"beds":3,"elevation":1,"name":"Hernestangen Erlingbua","owner":"Oslofjordens Friluftsråd","source":"UT.no","type":"Ubetjent"},"type":"Feature"},{"geometry":{"coordinates":[12.456365,60.780296999999997],"type":"Point"},"id":"hut-1012","properties":{"elevation":445,"name":"Jerpliden","source":"UT.no","type":"Ubetjent"},"type":"Feature"},{"geometry":{"coordinates":[15.73733,66.742339999999999],"type":"Point"},"id":"hut-10120","properties":{"beds":12,"elevation":434,"name":"Graddis Fjellstue og Camping AS","owner":"Graddis Fjellstue","source":"UT.no","type":"Betjent"},"type":"Feature"},{"geometry":{"coordinates":[5.3888800000000003,60.361609999999999],"type":"Point"},"id":"hut-101201","properties":{"beds":8,"elevation":389,"name":"Baunehytten","owner":"Sportsklubben Baune","source":"UT.no","type":"Servering"},"type":"Feature"},{"geometry":{"coordinates":[10.525114,61.222017000000001],"type":"Point"},"id":"hut-101201127","properties":{"beds":100,"elevation":960,"name":"Ilsetra Hotel","owner":"Frich","source":"UT.no","type":"Betjent"},"type":"Feature"},{"geometry":{"coordinates":[6.7999520000000002,58.256791999999997],"type":"Point"},"id":"hut-101201358","properties":{"elevation":290,"name":"Fjordsyn - dagsturhytta i Kvinesdal kommune","owner":"Dagsturhytta Agder","source":"UT.no","type":"Dagsturhytte"},"type":"Feature"},{"geometry":{"coordinates":[5.3597200000000003,60.400550000000003],"type":"Point"},"id":"hut-101202","properties":{"elevation":412,"name":"Brushytten","owner":"Skansens Bataljon","source":"UT.no","type":"Servering"},"type":"Feature"},{"geometry":{"coordinates":[9.7729130000000008,62.379103000000001],"type":"Point"},"id":"hut-101202051","properties":{"beds":6,"elevation":1138,"name":"Elgsjøhytta","owner":"Statskog","source":"UT.no","type":"Ubetjent"},"type":"Feature"},{"geometry":{"coordinates":[13.00947,64.302650999999997],"type":"Point"},"id":"hut-101202742","properties":{"beds":2,"elevation":326,"name":"Stabburet Gressåmoen fjellgård","owner":"Gressåmoen fjellgård","source":"UT.no","type":"Ubetjent"},"type":"Feature"},{"geometry":{"coordinates":[13.008240000000001,64.302867000000006],"type":"Point"},"id":"hut-101202743","properties":{"beds":8,"elevation":323,"name":"Vesterstuggu Gressåmoen fjellgård","owner":"Gressåmoen fjellgård","source":"UT.no","type":"Selvbetjent"},"type":"Feature"},{"geometry":{"coordinates":[5.5593919999999999,60.369385999999999],"type":"Point"},"id":"hut-101203","properties":{"elevation":599,"name":"Redningshytten","owner":"Stiftelsen Redningshytten på Gulfjellet","source":"UT.no","type":"Servering"},"type":"Feature"},{"geometry":{"coordinates":[9.638496,61.232751],"type":"Point"},"id":"hut-101203204","properties":{"elevation":918,"name":"Tortjønnhytta","owner":"Gausdal Fjellstyre","source":"UT.no","type":"Ubetjent"},"type":"Feature"},{"geometry":{"coordinates":[7.4190990000000001,58.621381],"type":"Point"},"id":"hut-101203665","properties":{"elevation":411,"name":"Tippin - dagsturhytta i Åseral kommune","owner":"Dagsturhytta Agder","source":"UT.no","type":"Dagsturhytte"},"type":"Feature"},{"geometry":{"coordinates":[7.9104010000000002,58.269879000000003],"type":"Point"},"id":"hut-101206197","properties":{"elevation":311,"name":"Moseidhytta - dagsturhytta i Vennesla kommune","owner":"Dagsturhytta Agder","source":"UT.no","type":"Dagsturhytte"},"type":"Feature"},{"geometry":{"coordinates":[12.095238,63.522624],"type":"Point"},"id":"hut-101206889","properties":{"beds":6,"elevation":599,"name":"Koltjønndalen","owner":"Statskog","source":"UT.no","type":"Utleiehytte"},"type":"Feature"},{"geometry":{"coordinates":[10.783524999999999,63.323692999999999],"type":"Point"},"id":"hut-101206890","properties":{"beds":8,"elevation":229,"name":"Foldsjøhytta","owner":"Statskog","source":"UT.no","type":"Utleiehytte"},"type":"Feature"},{"geometry":{"coordinates":[11.670070000000001,63.441657999999997],"type":"Point"},"id":"hut-101206891","properties":{"beds":4,"elevation":85,"name":"Nessiøra","owner":"Statskog","source":"UT.no","type":"Utleiehytte"},"type":"Feature"},{"geometry":{"coordinates":[6.6550770000000004,58.301628000000001],"type":"Point"},"id":"hut-101207820","properties":{"elevation":149,"name":"Skredderhytta - dagsturhytta i Flekkefjord","owner":"Dagsturhytta Agder","source":"UT.no","type":"Dagsturhytte"},"type":"Feature"},{"geometry":{"coordinates":[7.9467639999999999,58.456494999999997],"type":"Point"},"id":"hut-101207821","properties":{"elevation":399,"name":"Bereblikk - dagsturhytta i Iveland kommune","owner":"Dagsturhytta Agder","source":"UT.no","type":"Dagsturhytte"},"type":"Feature"},{"geometry":{"coordinates":[6.2078389999999999,62.415621999999999],"type":"Point"},"id":"hut-101208","properties":{"beds":40,"elevation":397,"name":"Rollonhytta","owner":"Sportsklubben Rollon","source":"UT.no","type":"Servering"},"type":"Feature"},{"geometry":{"coordinates":[7.3365270000000002,59.357793000000001],"type":"Point"},"id":"hut-101208286","properties":{"elevation":957,"name":"Jarebu - dagsturhytta i Bykle kommune","owner":"Dagsturhytta Agder","source":"UT.no","type":"Dagsturhytte"},"type":"Feature"},{"geometry":{"coordinates":[7.072235,58.13241],"type":"Point"},"id":"hut-101208287","properties":{"elevation":138,"name":"Sherpahytta - dagsturhytta i Lyngdal kommune","owner":"Dagsturhytta Agder","source":"UT.no","type":"Dagsturhytte"},"type":"Feature"},{"geometry":{"coordinates":[8.4677969999999991,58.771147999999997],"type":"Point"},"id":"hut-101208288","properties":{"elevation":426,"name":"Dagsturhytta Trogbu","owner":"Dagsturhytta Agder","source":"UT.no","type":"Dagsturhytte"},"type":"Feature"},{"geometry":{"coordinates":[7.2068760000000003,58.492223000000003],"type":"Point"},"id":"hut-101208289","properties":{"elevation":650,"name":"Hekkfjellhytta - dagsturhytta i Hægebostad kommune","owner":"Dagsturhytta Agder","source":"UT.no","type":"Dagsturhytte"},"type":"Feature"},{"geometry":{"coordinates":[11.616225999999999,64.406374999999997],"type":"Point"},"id":"hut-101209928","properties":{"beds":2,"elevation":244,"name":"Krokvasshytta, enkelt hytte rett ved Krokvatnet","owner":"Fjellstyrene","source":"UT.no","type":"Utleiehytte"},"type":"Feature"},{"geometry":{"coordinates":[12.024787,64.346980000000002],"type":"Point"},"id":"hut-101209929","properties":{"beds":2,"elevation":347,"name":"Gamma i Loken, Overhalla Fjellstyre","owner":"Fjellstyrene","source":"UT.no","type":"Utleiehytte"},"type":"Feature"},{"geometry":{"coordinates":[12.690466000000001,64.507230000000007],"type":"Point"},"id":"hut-101209930","properties":{"beds":6,"elevation":220,"name":"Trekvitla, stor og god hytte i Grong. Storfugljakt, fiske og fotturer.","owner":"Fjellstyrene","source":"UT.no","type":"Utleiehytte"},"type":"Feature"},{"geometry":{"coordinates":[8.4849510000000006,61.450412],"type":"Point"},"id":"hut-101209932","properties":{"beds":4,"elevation":987,"name":"Gjetarhytta- Flott hytte ved Gjendebu i Jotunheimen.","owner":"Fjellstyrene","source":"UT.no","type":"Utleiehytte"},"type":"Feature"},{"geometry":{"coordinates":[12.053119000000001,63.723934],"type":"Point"},"id":"hut-101209933","properties":{"beds":4,"elevation":539,"name":"Kvernfosshytta, lita og trivelig hytte vel 1 km vest for Kvernsjøen i Kverndal statsalmenning","owner":"Fjellstyrene","source":"UT.no","type":"Utleiehytte"},"type":"Feature"},{"geometry":{"coordinates":[11.994272,64.263070999999997],"type":"Point"},"id":"hut-101209934","properties":{"beds":2,"elevation":330,"name":"Ytre Bangsjøhytta ved Bangsjøene. Snåsa fjellstyre.","owner":"Fjellstyrene","source":"UT.no","type":"Utleiehytte"},"type":"Feature"},{"geometry":{"coordinates":[12.078308,64.353757000000002],"type":"Point"},"id":"hut-101209935","properties":{"beds":2,"elevation":478,"name":"Lille BæBu, Overhalla Fjellstyre","owner":"Fjellstyrene","source":"UT.no","type":"Utleiehytte"},"type":"Feature"},{"geometry":{"coordinates":[10.609411,61.602221],"type":"Point"},"id":"hut-101209936","properties":{"beds":7,"elevation":646,"name":"Imsdalsskolen - Lærerboligen","owner":"Fjellstyrene","source":"UT.no","type":"Utleiehytte"},"type":"Feature"},{"geometry":{"coordinates":[9.0787359999999993,61.336340999999997],"type":"Point"},"id":"hut-101209937","properties":{"beds":3,"elevation":1065,"name":"Titrebue - Øystre Slidre","owner":"Fjellstyrene","source":"UT.no","type":"Utleiehytte"},"type":"Feature"},{"geometry":{"coordinates":[10.665457999999999,64.077037000000004],"type":"Point"},"id":"hut-101209938","properties":{"beds":8,"elevation":300,"name":"Botnstua i Åfjord. Fine fiskevann, kjempefint småviltterreng og skiområde.","owner":"Fjellstyrene","source":"UT.no","type":"Utleiehytte"},"type":"Feature"},{"geometry":{"coordinates":[11.783029000000001,64.612622000000002],"type":"Point"},"id":"hut-101209939","properties":{"beds":4,"elevation":130,"name":"Masterlihytta hos Namsos fjellstyre","owner":"Fjellstyrene","source":"UT.no","type":"Utleiehytte"},"type":"Feature"},{"geometry":{"coordinates":[7.5692409999999999,60.746558],"type":"Point"},"id":"hut-101209940","properties":{"beds":8,"elevation":1128,"name":"Hytte Brubotn i Aurland","owner":"Fjellstyrene","source":"UT.no","type":"Utleiehytte"},"type":"Feature"},{"geometry":{"coordinates":[12.805153000000001,64.504519999999999],"type":"Point"},"id":"hut-101209941","properties":{"beds":4,"elevation":428,"name":"Geitingvasshytta ved Geitingvatnet i Brennmoen statsalmenning.","owner":"Fjellstyrene","source":"UT.no","type":"Utleiehytte"},"type":"Feature"},{"geometry":{"coordinates":[7.1977900000000004,60.563294999999997],"type":"Point"},"id":"hut-101209942","properties":{"beds":3,"elevation":1201,"name":"Ripsebu- Koseleg hytte vest for Hardangerjøkulen","owner":"Fjellstyrene","source":"UT.no","type":"Utleiehytte"},"type":"Feature"},{"geometry":{"coordinates":[7.2343080000000004,60.630476000000002],"type":"Point"},"id":"hut-101209943","properties":{"beds":6,"elevation":1201,"name":"Dyrahola - Stor fjellhytte nordvest på Hardangervidda","owner":"Fjellstyrene","source":"UT.no","type":"Utleiehytte"},"type":"Feature"},{"geometry":{"coordinates":[12.014896999999999,64.604916000000003],"type":"Point"},"id":"hut-101209944","properties":{"beds":4,"elevation":367,"name":"Lønntoppstu, Overhalla Fjellstyre","owner":"Fjellstyrene","source":"UT.no","type":"Utleiehytte"},"type":"Feature"},{"geometry":{"coordinates":[14.079789999999999,64.967215999999993],"type":"Point"},"id":"hut-101209945","properties":{"beds":6,"elevation":545,"name":"Orvasshytta, del 2, i storslått natur i Børgefjell - Røyrvik fjellstyre","owner":"Fjellstyrene","source":"UT.no","type":"Utleiehytte"},"type":"Feature"},{"geometry":{"coordinates":[9.8088180000000005,61.219665999999997],"type":"Point"},"id":"hut-101209946","properties":{"beds":4,"elevation":785,"name":"Fehytta på Dokkvollan, Gausdal Vestfjell\/Langsua nasjonalpark","owner":"Fjellstyrene","source":"UT.no","type":"Utleiehytte"},"type":"Feature"},{"geometry":{"coordinates":[10.23912,62.773679999999999],"type":"Point"},"id":"hut-101209947","properties":{"beds":2,"elevation":812,"name":"Sandfjelltjønnbua Soknedal s. statsallm.","owner":"Fjellstyrene","source":"UT.no","type":"Utleiehytte"},"type":"Feature"},{"geometry":{"coordinates":[11.935038,64.626559999999998],"type":"Point"},"id":"hut-101209948","properties":{"beds":5,"elevation":416,"name":"Salfjellstu, Overhalla Fjellstyre","owner":"Fjellstyrene","source":"UT.no","type":"Utleiehytte"},"type":"Feature"},{"geometry":{"coordinates":[12.290330000000001,63.684621],"type":"Point"},"id":"hut-101209949","properties":{"beds":10,"elevation":521,"name":"Finnvolastua, fint beliggende på Åbofjellet i Inn statsallmening","owner":"Fjellstyrene","source":"UT.no","type":"Utleiehytte"},"type":"Feature"},{"geometry":{"coordinates":[10.451414,63.872590000000002],"type":"Point"},"id":"hut-101209951","properties":{"beds":8,"elevation":322,"name":"Reinsjøbua i Åfjord, fint beliggende ved Reinsjøen. Flott jakt- og fiskeområde.","owner":"Fjellstyrene","source":"UT.no","type":"Utleiehytte"},"type":"Feature"},{"geometry":{"coordinates":[8.5749650000000006,61.949547000000003],"type":"Point"},"id":"hut-101209952","properties":{"beds":5,"elevation":1378,"name":"Råkåbua. Hytte ved Råkåvatnet i Finndalen statsallmenning, Reinheimen.","owner":"Fjellstyrene","source":"UT.no","type":"Utleiehytte"},"type":"Feature"},{"geometry":{"coordinates":[11.459819,63.546429000000003],"type":"Point"},"id":"hut-101209953","properties":{"beds":7,"elevation":415,"name":"Fremre Almlivoll","owner":"Fjellstyrene","source":"UT.no","type":"Utleiehytte"},"type":"Feature"},{"geometry":{"coordinates":[12.717444,64.211822999999995],"type":"Point"},"id":"hut-101209954","properties":{"beds":7,"elevation":384,"name":"Øydingshytta. Snåsa fjellstyre.","owner":"Fjellstyrene","source":"UT.no","type":"Utleiehytte"},"type":"Feature"},{"geometry":{"coordinates":[10.715657,64.192224999999993],"type":"Point"},"id":"hut-101209955","properties":{"beds":11,"elevation":271,"name":"Austvassgården, romslig gårdshus i Osen","owner":"Fjellstyrene","source":"UT.no","type":"Utleiehytte"},"type":"Feature"},{"geometry":{"coordinates":[13.151802,64.701712999999998],"type":"Point"},"id":"hut-101209956","properties":{"beds":4,"elevation":352,"name":"Helmer, andre delen av Langvasshytta, kun 50 m fra vannet. Herlig hytteliv i unikt område.","owner":"Fjellstyrene","source":"UT.no","type":"Utleiehytte"},"type":"Feature"},{"geometry":{"coordinates":[10.915816,64.250911000000002],"type":"Point"},"id":"hut-101209957","properties":{"beds":6,"elevation":198,"name":"Olvasshytta, enkel hytte fint beliggende ved Olvatnet","owner":"Fjellstyrene","source":"UT.no","type":"Utleiehytte"},"type":"Feature"},{"geometry":{"coordinates":[6.743074,59.30198],"type":"Point"},"id":"hut-101209958","properties":{"beds":4,"elevation":1059,"name":"Blåfjellhytta - rom nr. 2","owner":"Fjellstyrene","source":"UT.no","type":"Utleiehytte"},"type":"Feature"},{"geometry":{"coordinates":[6.7431710000000002,59.301971000000002],"type":"Point"},"id":"hut-101209959","properties":{"beds":4,"elevation":1059,"name":"Blåfjellhytta - rom nr. 3. NB stengt vei fra mandag morgen tom fredag ettermiddag!","owner":"Fjellstyrene","source":"UT.no","type":"Utleiehytte"},"type":"Feature"},{"geometry":{"coordinates":[10.783588999999999,64.07808],"type":"Point"},"id":"hut-101209960","properties":{"beds":8,"elevation":286,"name":"Teksjøhytta i Åfjord, bra beliggenhet ved Teksjøen og flere fine fiskevann.","owner":"Fjellstyrene","source":"UT.no","type":"Utleiehytte"},"type":"Feature"},{"geometry":{"coordinates":[12.804359,64.603251999999998],"type":"Point"},"id":"hut-101209961","properties":{"beds":4,"elevation":380,"name":"Heimdalsvasshytta rett ved Heimdalsvatnet. Jakt, fiske og fotturer!","owner":"Fjellstyrene","source":"UT.no","type":"Utleiehytte"},"type":"Feature"},{"geometry":{"coordinates":[13.470985000000001,64.203338000000002],"type":"Point"},"id":"hut-101209962","properties":{"beds":12,"elevation":440,"name":"Grubbstuggu i Lierne - Sørli fjellstyre","owner":"Fjellstyrene","source":"UT.no","type":"Utleiehytte"},"type":"Feature"},{"geometry":{"coordinates":[12.218812,64.330053000000007],"type":"Point"},"id":"hut-101209963","properties":{"beds":6,"elevation":393,"name":"Kvernsjøhytta. Snåsa fjellstyre.","owner":"Fjellstyrene","source":"UT.no","type":"Utleiehytte"},"type":"Feature"},{"geometry":{"coordinates":[6.7353820000000004,59.313493000000001],"type":"Point"},"id":"hut-101209965","properties":{"beds":10,"elevation":1068,"name":"Hawaii-hytta. NB stengt vei fra mandag morgen tom fredag ettermiddag!","owner":"Fjellstyrene","source":"UT.no","type":"Utleiehytte"},"type":"Feature"},{"geometry":{"coordinates":[6.7429759999999996,59.302007000000003],"type":"Point"},"id":"hut-101209966","properties":{"beds":4,"elevation":1059,"name":"Blåfjellhytta - rom nr. 4. NB stengt vei fra mandag morgen tom fredag ettermiddag!","owner":"Fjellstyrene","source":"UT.no","type":"Utleiehytte"},"type":"Feature"},{"geometry":{"coordinates":[6.7430870000000001,59.301896999999997],"type":"Point"},"id":"hut-101209967","properties":{"beds":4,"elevation":1057,"name":"Blåfjellhytta - rom nr. 1 NB stengt vei fra mandag morgen tom fredag ettermiddag!","owner":"Fjellstyrene","source":"UT.no","type":"Utleiehytte"},"type":"Feature"},{"geometry":{"coordinates":[13.269994000000001,65.091851000000005],"type":"Point"},"id":"hut-101209968","properties":{"beds":6,"elevation":276,"name":"Langholmhytta hos Namsskogan fjellstyre","owner":"Fjellstyrene","source":"UT.no","type":"Utleiehytte"},"type":"Feature"},{"geometry":{"coordinates":[10.845948,62.821311999999999],"type":"Point"},"id":"hut-101209969","properties":{"beds":4,"elevation":706,"name":"Attraktiv hytte i Nekkjådal Statsallmenning. Singsås fjellstyre","owner":"Fjellstyrene","source":"UT.no","type":"Utleiehytte"},"type":"Feature"},{"geometry":{"coordinates":[11.599238,63.585999999999999],"type":"Point"},"id":"hut-101209970","properties":{"beds":4,"elevation":400,"name":"Sillermoen i Stjørdal, passe nærme Trondheim by","owner":"Fjellstyrene","source":"UT.no","type":"Utleiehytte"},"type":"Feature"},{"geometry":{"coordinates":[10.243713,61.843879000000001],"type":"Point"},"id":"hut-101209971","properties":{"beds":3,"elevation":705,"name":"Hamnsaga, ei trivelig lita tømmerkoie i Sollia, ved foten av Rondane","owner":"Fjellstyrene","source":"UT.no","type":"Utleiehytte"},"type":"Feature"},{"geometry":{"coordinates":[13.58114,64.989919999999998],"type":"Point"},"id":"hut-101209972","properties":{"beds":10,"elevation":455,"name":"Børgefjellbua ved Namsvatnet - Røyrvik fjellstyre","owner":"Fjellstyrene","source":"UT.no","type":"Utleiehytte"},"type":"Feature"},{"geometry":{"coordinates":[12.746320000000001,64.532805999999994],"type":"Point"},"id":"hut-101209974","properties":{"beds":4,"elevation":232,"name":"Nesådalshytta i Brennmoen statsallmenning","owner":"Fjellstyrene","source":"UT.no","type":"Utleiehytte"},"type":"Feature"},{"geometry":{"coordinates":[12.077294999999999,64.390116000000006],"type":"Point"},"id":"hut-101209975","properties":{"beds":5,"elevation":379,"name":"Grytsjøstu, Overhalla Fjellstyre","owner":"Fjellstyrene","source":"UT.no","type":"Utleiehytte"},"type":"Feature"},{"geometry":{"coordinates":[11.979637,64.315094000000002],"type":"Point"},"id":"hut-101209976","properties":{"beds":5,"elevation":323,"name":"Bangsjøstu i Overhalla Fjellstyre.","owner":"Fjellstyrene","source":"UT.no","type":"Utleiehytte"},"type":"Feature"},{"geometry":{"coordinates":[9.1290250000000004,62.447166000000003],"type":"Point"},"id":"hut-101209977","properties":{"beds":4,"elevation":1332,"name":"Storvassbua -Sunndal fjellstyre- Dovrefjell - Sunndalsfjella nasjonalpark.","owner":"Fjellstyrene","source":"UT.no","type":"Utleiehytte"},"type":"Feature"},{"geometry":{"coordinates":[11.781582,61.667257999999997],"type":"Point"},"id":"hut-101209979","properties":{"beds":4,"elevation":531,"name":"Nymokoia - Fiske i Femundselva - Engerdal fjellstyre.","owner":"Fjellstyrene","source":"UT.no","type":"Utleiehytte"},"type":"Feature"},{"geometry":{"coordinates":[11.737734,62.016675999999997],"type":"Point"},"id":"hut-101209980","properties":{"beds":6,"elevation":650,"name":"Elvålsvollen - Hytte i Engerdal - Engerdal Fjellstyre","owner":"Fjellstyrene","source":"UT.no","type":"Utleiehytte"},"type":"Feature"},{"geometry":{"coordinates":[12.909841,64.344048000000001],"type":"Point"},"id":"hut-101209981","properties":{"beds":6,"elevation":291,"name":"Grisbakkhytta. Snåsa fjellstyre.","owner":"Fjellstyrene","source":"UT.no","type":"Utleiehytte"},"type":"Feature"},{"geometry":{"coordinates":[12.118836,61.760159000000002],"type":"Point"},"id":"hut-101209982","properties":{"beds":4,"elevation":873,"name":"Hognsjøbekkbua - Hytte i Engerdal - Engerdal fjellstyre","owner":"Fjellstyrene","source":"UT.no","type":"Utleiehytte"},"type":"Feature"},{"geometry":{"coordinates":[12.105938999999999,64.367608000000004],"type":"Point"},"id":"hut-101209983","properties":{"beds":4,"elevation":438,"name":"Reinsjøstu i Overhalla Fjellstyre","owner":"Fjellstyrene","source":"UT.no","type":"Utleiehytte"},"type":"Feature"},{"geometry":{"coordinates":[11.597305,63.528720999999997],"type":"Point"},"id":"hut-101209984","properties":{"beds":4,"elevation":393,"name":"Reinåvollen, hytte i Stjørdal, passe nær Trondheim","owner":"Fjellstyrene","source":"UT.no","type":"Utleiehytte"},"type":"Feature"},{"geometry":{"coordinates":[11.071410999999999,62.919009000000003],"type":"Point"},"id":"hut-101209985","properties":{"beds":4,"elevation":460,"name":"Lesetmarkstua - Mindre hytte i Haltdalen ved inngangen til Ledalen Landskapsvernområde","owner":"Fjellstyrene","source":"UT.no","type":"Utleiehytte"},"type":"Feature"},{"geometry":{"coordinates":[10.453561000000001,62.822265999999999],"type":"Point"},"id":"hut-101209986","properties":{"beds":6,"elevation":595,"name":"Enabu, ny hytte i Budal med meget god standard. Rett ved elven Ena.","owner":"Fjellstyrene","source":"UT.no","type":"Utleiehytte"},"type":"Feature"},{"geometry":{"coordinates":[11.934728,62.018520000000002],"type":"Point"},"id":"hut-101209990","properties":{"beds":5,"elevation":663,"name":"Stenvika. En perle ved Femunden. Fiske, padling, bading, tur","owner":"Fjellstyrene","source":"UT.no","type":"Utleiehytte"},"type":"Feature"},{"geometry":{"coordinates":[11.644119999999999,63.610764000000003],"type":"Point"},"id":"hut-101209991","properties":{"beds":3,"elevation":409,"name":"Hytte i Øvre Forra - Glunkhytta","owner":"Fjellstyrene","source":"UT.no","type":"Utleiehytte"},"type":"Feature"},{"geometry":{"coordinates":[6.853167,59.347487999999998],"type":"Point"},"id":"hut-101209992","properties":{"beds":6,"elevation":1062,"name":"Beinlei. NB stengt vei fra mandag morgen tom fredag ettermiddag!","owner":"Fjellstyrene","source":"UT.no","type":"Utleiehytte"},"type":"Feature"},{"geometry":{"coordinates":[10.710554,63.072245000000002],"type":"Point"},"id":"hut-101209993","properties":{"beds":5,"elevation":498,"name":"Samsjøbua ved Samsjøen- Idyll!","owner":"Fjellstyrene","source":"UT.no","type":"Utleiehytte"},"type":"Feature"},{"geometry":{"coordinates":[11.499921000000001,63.379475999999997],"type":"Point"},"id":"hut-101209994","properties":{"beds":6,"elevation":391,"name":"Østre Sonvatna, hytte i hjertet av Roltdalen nasjonalpark","owner":"Fjellstyrene","source":"UT.no","type":"Utleiehytte"},"type":"Feature"},{"geometry":{"coordinates":[10.582191,61.692681],"type":"Point"},"id":"hut-101209995","properties":{"beds":3,"elevation":800,"name":"Barthstua - Utleiehytte i Ringebufjellet","owner":"Fjellstyrene","source":"UT.no","type":"Utleiehytte"},"type":"Feature"},{"geometry":{"coordinates":[12.770056,64.367350000000002],"type":"Point"},"id":"hut-101209996","properties":{"beds":4,"elevation":226,"name":"Dalvasshytta. Snåsa fjellstyre.","owner":"Fjellstyrene","source":"UT.no","type":"Utleiehytte"},"type":"Feature"},{"geometry":{"coordinates":[7.1849769999999999,60.631186999999997],"type":"Point"},"id":"hut-101209997","properties":{"beds":4,"elevation":1160,"name":"Søre Grøndalsbu - Idyllisk hytte ved produksjonsrikt aurevatn","owner":"Fjellstyrene","source":"UT.no","type":"Utleiehytte"},"type":"Feature"},{"geometry":{"coordinates":[10.550658,61.493861000000003],"type":"Point"},"id":"hut-101209998","properties":{"beds":2,"elevation":1016,"name":"Trolldalsbua- Ringebufjellet","owner":"Fjellstyrene","source":"UT.no","type":"Utleiehytte"},"type":"Feature"},{"geometry":{"coordinates":[13.191831000000001,64.517578999999998],"type":"Point"},"id":"hut-101209999","properties":{"beds":12,"elevation":572,"name":"Kviltjønnhytta i Lierne - Nordli fjellstyre","owner":"Fjellstyrene","source":"UT.no","type":"Utleiehytte"},"type":"Feature"},{"geometry":{"coordinates":[10.976594,64.276037000000002],"type":"Point"},"id":"hut-101210000","properties":{"beds":8,"elevation":261,"name":"Bjørfarvasstu - hytte i flott natur til leie","owner":"Fjellstyrene","source":"UT.no","type":"Utleiehytte"},"type":"Feature"},{"geometry":{"coordinates":[11.629643,64.377435000000006],"type":"Point"},"id":"hut-101210001","properties":{"beds":6,"elevation":210,"name":"Spjøtvasshytta, nyere hytte ved Spjøtvatnet i Namsos.","owner":"Fjellstyrene","source":"UT.no","type":"Utleiehytte"},"type":"Feature"},{"geometry":{"coordinates":[12.864678,64.280572000000006],"type":"Point"},"id":"hut-101210002","properties":{"beds":10,"elevation":371,"name":"Andorsjøhytta. Snåsa fjellstyre.","owner":"Fjellstyrene","source":"UT.no","type":"Utleiehytte"},"type":"Feature"},{"geometry":{"coordinates":[11.720354,61.696029000000003],"type":"Point"},"id":"hut-101210003","properties":{"beds":4,"elevation":551,"name":"Vesterøya - fiske i Femundselva - Engerdal fjellstyre.","owner":"Fjellstyrene","source":"UT.no","type":"Utleiehytte"},"type":"Feature"},{"geometry":{"coordinates":[13.843291000000001,64.213291999999996],"type":"Point"},"id":"hut-101210004","properties":{"beds":4,"elevation":362,"name":"Lenglinghytta - Sørli fjellstyre","owner":"Fjellstyrene","source":"UT.no","type":"Utleiehytte"},"type":"Feature"},{"geometry":{"coordinates":[9.771414,61.226649000000002],"type":"Point"},"id":"hut-101210005","properties":{"beds":9,"elevation":790,"name":"Bjørnstadhytta i Gausdal vestfjell. Ved Langsua nasjonalpark","owner":"Fjellstyrene","source":"UT.no","type":"Utleiehytte"},"type":"Feature"},{"geometry":{"coordinates":[10.960761,63.371988999999999],"type":"Point"},"id":"hut-101210006","properties":{"beds":8,"elevation":314,"name":"Rennbu – skogsnær hytte med jakt- og turmuligheter","owner":"Fjellstyrene","source":"UT.no","type":"Utleiehytte"},"type":"Feature"},{"geometry":{"coordinates":[12.004898000000001,61.980370000000001],"type":"Point"},"id":"hut-101210007","properties":{"beds":5,"elevation":675,"name":"Sorksjøkoia. Fiske og friluftsliv i rolige omgivelser nær Femundsmarka.","owner":"Fjellstyrene","source":"UT.no","type":"Utleiehytte"},"type":"Feature"},{"geometry":{"coordinates":[10.752148999999999,61.368544],"type":"Point"},"id":"hut-101210008","properties":{"beds":4,"elevation":1000,"name":"Hytte til utleie i Øyerfjellet - Bulonhytta","owner":"Fjellstyrene","source":"UT.no","type":"Utleiehytte"},"type":"Feature"},{"geometry":{"coordinates":[8.9190539999999991,62.191654999999997],"type":"Point"},"id":"hut-101210009","properties":{"beds":4,"elevation":830,"name":"Haujehytta - Dalsida statsalmenning - Lesja","owner":"Fjellstyrene","source":"UT.no","type":"Utleiehytte"},"type":"Feature"},{"geometry":{"coordinates":[12.271589000000001,64.799352999999996],"type":"Point"},"id":"hut-101210010","properties":{"beds":4,"elevation":246,"name":"Fiskåhytta rett ved vannet i Fiskå statsallmenning i Høylandet","owner":"Fjellstyrene","source":"UT.no","type":"Utleiehytte"},"type":"Feature"},{"geometry":{"coordinates":[9.9063859999999995,61.225017999999999],"type":"Point"},"id":"hut-101210011","properties":{"beds":7,"elevation":893,"name":"Reinsåshytta i Gausdal Vestfjell","owner":"Fjellstyrene","source":"UT.no","type":"Utleiehytte"},"type":"Feature"},{"geometry":{"coordinates":[10.224634999999999,61.794682999999999],"type":"Point"},"id":"hut-101210012","properties":{"beds":2,"elevation":767,"name":"Vulustua i Sollia, et fantastisk utgangspunkt for fiske og friluftsliv ved Rondane","owner":"Fjellstyrene","source":"UT.no","type":"Utleiehytte"},"type":"Feature"},{"geometry":{"coordinates":[10.498794,61.519601000000002],"type":"Point"},"id":"hut-101210013","properties":{"beds":4,"elevation":1012,"name":"Saubua- Ringebufjellet","owner":"Fjellstyrene","source":"UT.no","type":"Utleiehytte"},"type":"Feature"},{"geometry":{"coordinates":[11.712298000000001,63.659505000000003],"type":"Point"},"id":"hut-101210014","properties":{"beds":5,"elevation":494,"name":"Grønningenhytta, fint beliggende 300 m fra vatnet Grønningen i Hoås statsallmenning.","owner":"Fjellstyrene","source":"UT.no","type":"Utleiehytte"},"type":"Feature"},{"geometry":{"coordinates":[10.865907,62.950187],"type":"Point"},"id":"hut-101210015","properties":{"beds":7,"elevation":346,"name":"Stor laftet hytte nær elva Gaula og fjellet.","owner":"Fjellstyrene","source":"UT.no","type":"Utleiehytte"},"type":"Feature"},{"geometry":{"coordinates":[12.134244000000001,64.337207000000006],"type":"Point"},"id":"hut-101210016","properties":{"beds":7,"elevation":324,"name":"Bangsjøhytta. Nyrestaurert og meget komfortabel. Ved vannet i Østre Bangsjø.","owner":"Fjellstyrene","source":"UT.no","type":"Utleiehytte"},"type":"Feature"},{"geometry":{"coordinates":[7.4909689999999998,60.792490000000001],"type":"Point"},"id":"hut-101210017","properties":{"beds":8,"elevation":1348,"name":"Hytte Håbergsholene - Aurland","owner":"Fjellstyrene","source":"UT.no","type":"Utleiehytte"},"type":"Feature"},{"geometry":{"coordinates":[11.398225,63.386374000000004],"type":"Point"},"id":"hut-101210018","properties":{"beds":10,"elevation":391,"name":"Sonvatna, flott hytte i Stjørdal.","owner":"Fjellstyrene","source":"UT.no","type":"Utleiehytte"},"type":"Feature"},{"geometry":{"coordinates":[11.000576000000001,64.193129999999996],"type":"Point"},"id":"hut-101210019","properties":{"beds":9,"elevation":182,"name":"Straumstu - flott hytte til leie ved ørretvann.","owner":"Fjellstyrene","source":"UT.no","type":"Utleiehytte"},"type":"Feature"},{"geometry":{"coordinates":[12.619853000000001,64.060803000000007],"type":"Point"},"id":"hut-101210020","properties":{"beds":7,"elevation":572,"name":"Ryplihytta. Snåsa fjellstyre.","owner":"Fjellstyrene","source":"UT.no","type":"Utleiehytte"},"type":"Feature"},{"geometry":{"coordinates":[8.5433520000000005,62.406564000000003],"type":"Point"},"id":"hut-101210021","properties":{"beds":5,"elevation":871,"name":"Aursjøen 1 - Flott beliggende ved Aursjøen","owner":"Fjellstyrene","source":"UT.no","type":"Utleiehytte"},"type":"Feature"},{"geometry":{"coordinates":[11.679584,62.009265999999997],"type":"Point"},"id":"hut-101210023","properties":{"beds":8,"elevation":660,"name":"Sømåkvolvbua - Hytte i Engerdal - Engerdal fjellstyre","owner":"Fjellstyrene","source":"UT.no","type":"Utleiehytte"},"type":"Feature"},{"geometry":{"coordinates":[11.022145,64.172854999999998],"type":"Point"},"id":"hut-101210024","properties":{"beds":8,"elevation":204,"name":"Furudalsstu - hytte til leie ved godt fiskevann","owner":"Fjellstyrene","source":"UT.no","type":"Utleiehytte"},"type":"Feature"},{"geometry":{"coordinates":[11.004231000000001,62.941499999999998],"type":"Point"},"id":"hut-101210025","properties":{"beds":10,"elevation":359,"name":"Kløftvollen - Haltdalen fjellstyre","owner":"Fjellstyrene","source":"UT.no","type":"Utleiehytte"},"type":"Feature"},{"geometry":{"coordinates":[11.899202000000001,64.061801000000003],"type":"Point"},"id":"hut-101210026","properties":{"beds":8,"elevation":176,"name":"Hatlingsetra - idyllisk hytte nært fiskevann","owner":"Fjellstyrene","source":"UT.no","type":"Utleiehytte"},"type":"Feature"},{"geometry":{"coordinates":[11.884969999999999,62.113652000000002],"type":"Point"},"id":"hut-101210027","properties":{"beds":6,"elevation":666,"name":"Hansbekkoia ved Femunden. Fiske, bading og turopplevelser.","owner":"Fjellstyrene","source":"UT.no","type":"Utleiehytte"},"type":"Feature"},{"geometry":{"coordinates":[12.796219000000001,64.607470000000006],"type":"Point"},"id":"hut-101210028","properties":{"beds":5,"elevation":378,"name":"Heimdalstangen, flott beliggende ved Heimdalvatnet. Jakt, fiske og toppturer.","owner":"Fjellstyrene","source":"UT.no","type":"Utleiehytte"},"type":"Feature"},{"geometry":{"coordinates":[13.921684000000001,64.432715999999999],"type":"Point"},"id":"hut-101210029","properties":{"beds":8,"elevation":564,"name":"Øvre Jakthytta - Nordli fjellstyre","owner":"Fjellstyrene","source":"UT.no","type":"Utleiehytte"},"type":"Feature"},{"geometry":{"coordinates":[13.790400999999999,64.058064000000002],"type":"Point"},"id":"hut-101210030","properties":{"beds":6,"elevation":572,"name":"Arvaslihytta - Sørli fjellstyre","owner":"Fjellstyrene","source":"UT.no","type":"Utleiehytte"},"type":"Feature"},{"geometry":{"coordinates":[13.62968,64.124171000000004],"type":"Point"},"id":"hut-101210031","properties":{"beds":6,"elevation":641,"name":"Tjønndalshytta - Sørli fjellstyre","owner":"Fjellstyrene","source":"UT.no","type":"Utleiehytte"},"type":"Feature"},{"geometry":{"coordinates":[13.947485,64.487072999999995],"type":"Point"},"id":"hut-101210032","properties":{"beds":4,"elevation":325,"name":"Asptangen anneks - ved Kvesjøen","owner":"Fjellstyrene","source":"UT.no","type":"Utleiehytte"},"type":"Feature"},{"geometry":{"coordinates":[13.465854999999999,64.290092000000001],"type":"Point"},"id":"hut-101210033","properties":{"beds":12,"elevation":545,"name":"Guslihytta i Lierne - Sørli fjellstyre","owner":"Fjellstyrene","source":"UT.no","type":"Utleiehytte"},"type":"Feature"},{"geometry":{"coordinates":[13.77666,64.320960999999997],"type":"Point"},"id":"hut-101210034","properties":{"beds":6,"elevation":629,"name":"Langlihytta i Lierne - Sørli fjellstyre","owner":"Fjellstyrene","source":"UT.no","type":"Utleiehytte"},"type":"Feature"},{"geometry":{"coordinates":[8.6645950000000003,62.470731999999998],"type":"Point"},"id":"hut-101210035","properties":{"beds":4,"elevation":1272,"name":"Håkodalshytta -Sunndal fjellstyre - Dovrefjell - Sunndalsfjella nasjonalpark.","owner":"Fjellstyrene","source":"UT.no","type":"Utleiehytte"},"type":"Feature"},{"geometry":{"coordinates":[13.424331,65.087436999999994],"type":"Point"},"id":"hut-101210036","properties":{"beds":4,"elevation":340,"name":"Namskrokhytta hos Namsskogan fjellstyre","owner":"Fjellstyrene","source":"UT.no","type":"Utleiehytte"},"type":"Feature"},{"geometry":{"coordinates":[9.3504380000000005,61.471482999999999],"type":"Point"},"id":"hut-101210037","properties":{"beds":6,"elevation":727,"name":"Krokåtbekkbua i Fron Statsalmenning","owner":"Fjellstyrene","source":"UT.no","type":"Utleiehytte"},"type":"Feature"},{"geometry":{"coordinates":[8.3703389999999995,62.055103000000003],"type":"Point"},"id":"hut-101210038","properties":{"beds":4,"elevation":966,"name":"Lordalshytta -Lordalen statsalmenning - Lesja","owner":"Fjellstyrene","source":"UT.no","type":"Utleiehytte"},"type":"Feature"},{"geometry":{"coordinates":[10.387688000000001,62.696925999999998],"type":"Point"},"id":"hut-101210039","properties":{"beds":4,"elevation":934,"name":"Store Hiåsjø! Overnatting i flott fjellområde i Soknedal S.Statsallmenning","owner":"Fjellstyrene","source":"UT.no","type":"Utleiehytte"},"type":"Feature"},{"geometry":{"coordinates":[13.215926,65.060349000000002],"type":"Point"},"id":"hut-101210040","properties":{"beds":2,"elevation":511,"name":"Litlgåsvassbua hos Namsskogan Fjellstyre","owner":"Fjellstyrene","source":"UT.no","type":"Utleiehytte"},"type":"Feature"},{"geometry":{"coordinates":[9.6400469999999991,61.178854000000001],"type":"Point"},"id":"hut-101210042","properties":{"beds":6,"elevation":1007,"name":"Skjelbreibua - Gausdal Vestfjell \/ Langsua Nasjonalpark","owner":"Fjellstyrene","source":"UT.no","type":"Utleiehytte"},"type":"Feature"},{"geometry":{"coordinates":[11.01149,64.209888000000007],"type":"Point"},"id":"hut-101210043","properties":{"beds":36,"elevation":184,"name":"Langvassheimen - stor hytte til leie!","owner":"Fjellstyrene","source":"UT.no","type":"Utleiehytte"},"type":"Feature"},{"geometry":{"coordinates":[11.061171,64.309683000000007],"type":"Point"},"id":"hut-101210044","properties":{"beds":4,"elevation":301,"name":"Midtvasstu - idyllisk ved fjellvann","owner":"Fjellstyrene","source":"UT.no","type":"Utleiehytte"},"type":"Feature"},{"geometry":{"coordinates":[10.828144999999999,64.231212999999997],"type":"Point"},"id":"hut-101210045","properties":{"beds":12,"elevation":188,"name":"Vassdølhytta i Osen, stor og flott hytte like ved FV 715","owner":"Fjellstyrene","source":"UT.no","type":"Utleiehytte"},"type":"Feature"},{"geometry":{"coordinates":[13.94745,64.487115000000003],"type":"Point"},"id":"hut-101210046","properties":{"beds":4,"elevation":325,"name":"Asptangen hovedhytte - ved Kvesjøen","owner":"Fjellstyrene","source":"UT.no","type":"Utleiehytte"},"type":"Feature"},{"geometry":{"coordinates":[11.048458999999999,64.287547000000004],"type":"Point"},"id":"hut-101210047","properties":{"beds":5,"elevation":278,"name":"Kittanstu - hytte i flotte omgivelser!","owner":"Fjellstyrene","source":"UT.no","type":"Utleiehytte"},"type":"Feature"},{"geometry":{"coordinates":[11.753928999999999,64.354594000000006],"type":"Point"},"id":"hut-101210048","properties":{"beds":6,"elevation":190,"name":"Svolti-feskstu, Overhalla Fjellstyre","owner":"Fjellstyrene","source":"UT.no","type":"Utleiehytte"},"type":"Feature"},{"geometry":{"coordinates":[9.5756920000000001,61.333737999999997],"type":"Point"},"id":"hut-101210049","properties":{"beds":5,"elevation":1050,"name":"Leppehytta i Gausdal Vestfjell","owner":"Fjellstyrene","source":"UT.no","type":"Utleiehytte"},"type":"Feature"},{"geometry":{"coordinates":[8.7210040000000006,62.310966000000001],"type":"Point"},"id":"hut-101210050","properties":{"beds":2,"elevation":860,"name":"Grynningslibue - Dalsida statsalmenning - Lesja fjellstyre","owner":"Fjellstyrene","source":"UT.no","type":"Utleiehytte"},"type":"Feature"},{"geometry":{"coordinates":[8.6887500000000006,62.283084000000002],"type":"Point"},"id":"hut-101210051","properties":{"beds":4,"elevation":860,"name":"Gåsbuhytta - Dalsida statsalmenning - Lesja","owner":"Fjellstyrene","source":"UT.no","type":"Utleiehytte"},"type":"Feature"},{"geometry":{"coordinates":[13.075730999999999,64.691242000000003],"type":"Point"},"id":"hut-101210052","properties":{"beds":5,"elevation":350,"name":"Norveighytta, Grøndalsdammen. Like ved fiskerike Tunnsjøflyan.","owner":"Fjellstyrene","source":"UT.no","type":"Utleiehytte"},"type":"Feature"},{"geometry":{"coordinates":[12.333011000000001,64.106449999999995],"type":"Point"},"id":"hut-101210053","properties":{"beds":5,"elevation":304,"name":"Roktsjøhytta ved Roktsjøen i Roktdalen, Snåsa fjellstyre.","owner":"Fjellstyrene","source":"UT.no","type":"Utleiehytte"},"type":"Feature"},{"geometry":{"coordinates":[11.778491000000001,61.908718999999998],"type":"Point"},"id":"hut-101210054","properties":{"beds":4,"elevation":647,"name":"Isterfossbua - Bu i Engerdal - Engerdal fjellstyre","owner":"Fjellstyrene","source":"UT.no","type":"Utleiehytte"},"type":"Feature"},{"geometry":{"coordinates":[13.180205000000001,64.997721999999996],"type":"Point"},"id":"hut-101210055","properties":{"beds":4,"elevation":259,"name":"Bernehytta hos Namsskogan fjellstyre","owner":"Fjellstyrene","source":"UT.no","type":"Utleiehytte"},"type":"Feature"},{"geometry":{"coordinates":[13.146952000000001,64.817592000000005],"type":"Point"},"id":"hut-101210056","properties":{"beds":4,"elevation":426,"name":"Tromsdalshytta hos Namsskogan fjellstyre","owner":"Fjellstyrene","source":"UT.no","type":"Utleiehytte"},"type":"Feature"},{"geometry":{"coordinates":[8.5718990000000002,62.103824000000003],"type":"Point"},"id":"hut-101210057","properties":{"beds":6,"elevation":720,"name":"Slettmohytta - Lordalen statsalmenning - Lesja","owner":"Fjellstyrene","source":"UT.no","type":"Utleiehytte"},"type":"Feature"},{"geometry":{"coordinates":[10.715017,61.326301999999998],"type":"Point"},"id":"hut-101210058","properties":{"beds":6,"elevation":839,"name":"Hytte i Øyerfjellet - Bøseterlia. Solrikt, stort uteareal. 4-6 sengeplasser, pluss 1-2 på sovesofa.","owner":"Fjellstyrene","source":"UT.no","type":"Utleiehytte"},"type":"Feature"},{"geometry":{"coordinates":[10.646115,61.328389999999999],"type":"Point"},"id":"hut-101210059","properties":{"beds":5,"elevation":895,"name":"Hytte til utleie i Øyerfjellet - Åstdalssetra.","owner":"Fjellstyrene","source":"UT.no","type":"Utleiehytte"},"type":"Feature"},{"geometry":{"coordinates":[13.966627000000001,64.236813999999995],"type":"Point"},"id":"hut-101210060","properties":{"beds":8,"elevation":719,"name":"Strivasshytta i Lierne - Sørli fjellstyre","owner":"Fjellstyrene","source":"UT.no","type":"Utleiehytte"},"type":"Feature"},{"geometry":{"coordinates":[9.7265110000000004,61.144120000000001],"type":"Point"},"id":"hut-101210062","properties":{"beds":8,"elevation":997,"name":"Leikvamlægerhytta i Torpa statsallmenning","owner":"Fjellstyrene","source":"UT.no","type":"Utleiehytte"},"type":"Feature"},{"geometry":{"coordinates":[11.261588,63.565967000000001],"type":"Point"},"id":"hut-101210063","properties":{"beds":7,"elevation":250,"name":"Engelsvatnet – Hyttedrøm ved fiskerikt vann","owner":"Fjellstyrene","source":"UT.no","type":"Utleiehytte"},"type":"Feature"},{"geometry":{"coordinates":[6.8239570000000001,59.348695999999997],"type":"Point"},"id":"hut-101210064","properties":{"beds":4,"elevation":1081,"name":"Fossen. NB stengt vei fra mandag morgen tom fredag ettermiddag!","owner":"Fjellstyrene","source":"UT.no","type":"Utleiehytte"},"type":"Feature"},{"geometry":{"coordinates":[9.6139290000000006,61.437472],"type":"Point"},"id":"hut-101210065","properties":{"beds":6,"elevation":1011,"name":"Nedre Notstulbua i Fron Statsalmenning","owner":"Fjellstyrene","source":"UT.no","type":"Utleiehytte"},"type":"Feature"},{"geometry":{"coordinates":[13.303053999999999,64.965788000000003],"type":"Point"},"id":"hut-101210066","properties":{"beds":6,"elevation":600,"name":"Finntjønnhytta hos Namsskogan fjellstyre","owner":"Fjellstyrene","source":"UT.no","type":"Utleiehytte"},"type":"Feature"},{"geometry":{"coordinates":[9.5995080000000002,61.241005000000001],"type":"Point"},"id":"hut-101210067","properties":{"beds":4,"elevation":936,"name":"Liumseterhytta i Gausdal Vestfjell","owner":"Fjellstyrene","source":"UT.no","type":"Utleiehytte"},"type":"Feature"},{"geometry":{"coordinates":[13.325589000000001,65.053621000000007],"type":"Point"},"id":"hut-101210068","properties":{"beds":7,"elevation":252,"name":"Snåsamostua i Namsskogan - like ved Børgefjell nasjonalpark","owner":"Fjellstyrene","source":"UT.no","type":"Utleiehytte"},"type":"Feature"},{"geometry":{"coordinates":[11.239277,63.361299000000002],"type":"Point"},"id":"hut-101210069","properties":{"beds":4,"elevation":494,"name":"Gråvatna – fjellhytte ved vannkanten","owner":"Fjellstyrene","source":"UT.no","type":"Utleiehytte"},"type":"Feature"},{"geometry":{"coordinates":[7.9434899999999997,61.490737000000003],"type":"Point"},"id":"hut-101210070","properties":{"beds":5,"elevation":1406,"name":"Hytte i Vest-Jotunheimen, midt mellom Turtagrø og Skogadalsbøen.","owner":"Fjellstyrene","source":"UT.no","type":"Utleiehytte"},"type":"Feature"},{"geometry":{"coordinates":[12.360991,64.039373999999995],"type":"Point"},"id":"hut-101210071","properties":{"beds":8,"elevation":484,"name":"Nye Nåvasshytta ved Nåvatnet. Snåsa fjellstyre.","owner":"Fjellstyrene","source":"UT.no","type":"Utleiehytte"},"type":"Feature"},{"geometry":{"coordinates":[12.328676,63.995100000000001],"type":"Point"},"id":"hut-101210073","properties":{"beds":4,"elevation":447,"name":"Skjækerhytta. Snåsa fjellstyre.","owner":"Fjellstyrene","source":"UT.no","type":"Utleiehytte"},"type":"Feature"},{"geometry":{"coordinates":[9.5630799999999994,61.293958000000003],"type":"Point"},"id":"hut-101210074","properties":{"beds":6,"elevation":987,"name":"Revsjøhytta i Gausdal Vestfjell","owner":"Fjellstyrene","source":"UT.no","type":"Utleiehytte"},"type":"Feature"},{"geometry":{"coordinates":[11.539327,63.571359999999999],"type":"Point"},"id":"hut-101210075","properties":{"beds":6,"elevation":404,"name":"Vigdevann Vest, hytte i Stjørdal, passe nær Trondheim","owner":"Fjellstyrene","source":"UT.no","type":"Utleiehytte"},"type":"Feature"},{"geometry":{"coordinates":[13.136843000000001,65.058625000000006],"type":"Point"},"id":"hut-101210080","properties":{"beds":5,"elevation":366,"name":"Stordalsbua hos Namsskogan fjellstyre","owner":"Fjellstyrene","source":"UT.no","type":"Utleiehytte"},"type":"Feature"},{"geometry":{"coordinates":[8.5434140000000003,62.406536000000003],"type":"Point"},"id":"hut-101210081","properties":{"beds":3,"elevation":871,"name":"Aursjøen 2 - Flott beliggende ved Aursjøen","owner":"Fjellstyrene","source":"UT.no","type":"Utleiehytte"},"type":"Feature"},{"geometry":{"coordinates":[12.214328,64.377544],"type":"Point"},"id":"hut-101210082","properties":{"beds":7,"elevation":559,"name":"Rundtjønnhytta midt i Geitfjellet.","owner":"Fjellstyrene","source":"UT.no","type":"Utleiehytte"},"type":"Feature"},{"geometry":{"coordinates":[13.126445,64.410608999999994],"type":"Point"},"id":"hut-101210083","properties":{"beds":4,"elevation":470,"name":"Almdalshytta i Lierne - Nordli fjellstyre","owner":"Fjellstyrene","source":"UT.no","type":"Utleiehytte"},"type":"Feature"},{"geometry":{"coordinates":[13.797779,65.052065999999996],"type":"Point"},"id":"hut-101210084","properties":{"beds":5,"elevation":460,"name":"Viermahytta -Namsvatn statsallmenning - Røyrvik fjellstyre","owner":"Fjellstyrene","source":"UT.no","type":"Utleiehytte"},"type":"Feature"},{"geometry":{"coordinates":[13.282137000000001,65.085184999999996],"type":"Point"},"id":"hut-101210085","properties":{"beds":8,"elevation":276,"name":"Mellingenhytta hos Namsskogan fjellstyre","owner":"Fjellstyrene","source":"UT.no","type":"Utleiehytte"},"type":"Feature"},{"geometry":{"coordinates":[8.5912670000000002,61.902864999999998],"type":"Point"},"id":"hut-101210086","properties":{"beds":2,"elevation":1096,"name":"Honnsjobue. Lita, enkel bu ved vatnet Honnsjoen i Finndalen statsallmenning.","owner":"Fjellstyrene","source":"UT.no","type":"Utleiehytte"},"type":"Feature"},{"geometry":{"coordinates":[9.3547849999999997,61.120263999999999],"type":"Point"},"id":"hut-101210087","properties":{"beds":6,"elevation":990,"name":"Buatjednbue - Øystre Slidre","owner":"Fjellstyrene","source":"UT.no","type":"Utleiehytte"},"type":"Feature"},{"geometry":{"coordinates":[13.972274000000001,64.423362999999995],"type":"Point"},"id":"hut-101210088","properties":{"beds":6,"elevation":685,"name":"Raudberghytta i Lierne - Nordli fjellstyre","owner":"Fjellstyrene","source":"UT.no","type":"Utleiehytte"},"type":"Feature"},{"geometry":{"coordinates":[9.6065889999999996,62.030338],"type":"Point"},"id":"hut-101210089","properties":{"beds":4,"elevation":1226,"name":"Storrvatnet i Grimsdalen - Dovre fjellstyre","owner":"Fjellstyrene","source":"UT.no","type":"Utleiehytte"},"type":"Feature"},{"geometry":{"coordinates":[9.8171590000000002,62.085053000000002],"type":"Point"},"id":"hut-101210090","properties":{"beds":2,"elevation":918,"name":"Tollevshaugbue i Grimsdalen - Dovre fjellstyre","owner":"Fjellstyrene","source":"UT.no","type":"Utleiehytte"},"type":"Feature"},{"geometry":{"coordinates":[9.4742259999999998,61.945557999999998],"type":"Point"},"id":"hut-101210091","properties":{"beds":4,"elevation":1217,"name":"Langtjønnbue - Dovre fjellstyre","owner":"Fjellstyrene","source":"UT.no","type":"Utleiehytte"},"type":"Feature"},{"geometry":{"coordinates":[9.6066889999999994,62.030704],"type":"Point"},"id":"hut-101210092","properties":{"beds":2,"elevation":1223,"name":"Naust ved Storrvatnet i Grimsdalen - Dovre fjellstyre","owner":"Fjellstyrene","source":"UT.no","type":"Utleiehytte"},"type":"Feature"},{"geometry":{"coordinates":[9.4310179999999999,62.027880000000003],"type":"Point"},"id":"hut-101210093","properties":{"beds":4,"elevation":1158,"name":"Korpebue i Grimsdalen - Dovre fjellstyre","owner":"Fjellstyrene","source":"UT.no","type":"Utleiehytte"},"type":"Feature"},{"geometry":{"coordinates":[9.3500689999999995,62.242843999999998],"type":"Point"},"id":"hut-101210094","properties":{"beds":4,"elevation":1387,"name":"Einøvlingsbue - Dovre fjellstyre","owner":"Fjellstyrene","source":"UT.no","type":"Utleiehytte"},"type":"Feature"},{"geometry":{"coordinates":[9.6083090000000002,62.148972000000001],"type":"Point"},"id":"hut-101210095","properties":{"beds":4,"elevation":1256,"name":"Veslhjerkinnstjønnbue - Dovre fjellstyre","owner":"Fjellstyrene","source":"UT.no","type":"Utleiehytte"},"type":"Feature"},{"geometry":{"coordinates":[9.6385939999999994,61.232607999999999],"type":"Point"},"id":"hut-101210096","properties":{"beds":8,"elevation":918,"name":"Tortjønnhytta i Gausdal Vestfjell. Ved Langsua Nasjonalpark","owner":"Fjellstyrene","source":"UT.no","type":"Utleiehytte"},"type":"Feature"},{"geometry":{"coordinates":[8.809488,61.496416000000004],"type":"Point"},"id":"hut-101210097","properties":{"beds":4,"elevation":997,"name":"Gjendeosbue - utleige kun til innanbygds i Vågå \/ Rental only for inhabitants in Vågå","owner":"Fjellstyrene","source":"UT.no","type":"Utleiehytte"},"type":"Feature"},{"geometry":{"coordinates":[7.9331160000000001,61.550764000000001],"type":"Point"},"id":"hut-101210098","properties":{"beds":6,"elevation":1367,"name":"Prestasteinshytta på Sognefjellet, ved Norges mest spektakulære fjellområde.","owner":"Fjellstyrene","source":"UT.no","type":"Utleiehytte"},"type":"Feature"},{"geometry":{"coordinates":[11.893840000000001,62.131824000000002],"type":"Point"},"id":"hut-101210099","properties":{"beds":4,"elevation":663,"name":"Brenthaugen, koia ved Femunden. Fiske, padling, bading, tur","owner":"Fjellstyrene","source":"UT.no","type":"Utleiehytte"},"type":"Feature"},{"geometry":{"coordinates":[10.750593,64.202961999999999],"type":"Point"},"id":"hut-101210100","properties":{"beds":6,"elevation":352,"name":"Austvasshytta, koselig hytte ved Austvatnet","owner":"Fjellstyrene","source":"UT.no","type":"Utleiehytte"},"type":"Feature"},{"geometry":{"coordinates":[13.135589,65.052419],"type":"Point"},"id":"hut-101210101","properties":{"beds":6,"elevation":328,"name":"Stordalshytta hos Namsskogan fjellstyre","owner":"Fjellstyrene","source":"UT.no","type":"Utleiehytte"},"type":"Feature"},{"geometry":{"coordinates":[9.7029010000000007,61.105305000000001],"type":"Point"},"id":"hut-101210102","properties":{"beds":10,"elevation":992,"name":"Lenningshytta i Torpa statsallmenning","owner":"Fjellstyrene","source":"UT.no","type":"Utleiehytte"},"type":"Feature"},{"geometry":{"coordinates":[11.896375000000001,62.146605000000001],"type":"Point"},"id":"hut-101210103","properties":{"beds":5,"elevation":665,"name":"Tjønnoddkoia - Hytte i Engerdal - Engerdal Fjellstyre","owner":"Fjellstyrene","source":"UT.no","type":"Utleiehytte"},"type":"Feature"},{"geometry":{"coordinates":[14.004372,64.418126999999998],"type":"Point"},"id":"hut-101210104","properties":{"beds":6,"elevation":674,"name":"Fiskløyshytta i Lierne - Nordli fjellstyre","owner":"Fjellstyrene","source":"UT.no","type":"Utleiehytte"},"type":"Feature"},{"geometry":{"coordinates":[9.6299969999999995,61.296171000000001],"type":"Point"},"id":"hut-101210105","properties":{"beds":6,"elevation":1000,"name":"Slivasshytta i Gausdal Vestfjell","owner":"Fjellstyrene","source":"UT.no","type":"Utleiehytte"},"type":"Feature"},{"geometry":{"coordinates":[9.9480540000000008,61.147354999999997],"type":"Point"},"id":"hut-101210106","properties":{"beds":2,"elevation":748,"name":"Storlibua i Torpa statsallmenning","owner":"Fjellstyrene","source":"UT.no","type":"Utleiehytte"},"type":"Feature"},{"geometry":{"coordinates":[10.163789,61.696024000000001],"type":"Point"},"id":"hut-101210108","properties":{"beds":4,"elevation":1028,"name":"Langrompehytta på Venabygdsfjellet","owner":"Fjellstyrene","source":"UT.no","type":"Utleiehytte"},"type":"Feature"},{"geometry":{"coordinates":[11.176508999999999,63.358420000000002],"type":"Point"},"id":"hut-101210109","properties":{"beds":4,"elevation":476,"name":"Fagerlihytta – koselig fjellhytte i Stjørdal","owner":"Fjellstyrene","source":"UT.no","type":"Utleiehytte"},"type":"Feature"},{"geometry":{"coordinates":[9.7142350000000004,61.153942999999998],"type":"Point"},"id":"hut-101210110","properties":{"beds":6,"elevation":1196,"name":"Røssjøkollhytta i Torpa statsallmenning","owner":"Fjellstyrene","source":"UT.no","type":"Utleiehytte"},"type":"Feature"},{"geometry":{"coordinates":[14.079648000000001,64.967099000000005],"type":"Point"},"id":"hut-101210111","properties":{"beds":4,"elevation":545,"name":"Orvasshytta, del 1, i storslått natur i Børgefjell - Røyrvik fjellstyre","owner":"Fjellstyrene","source":"UT.no","type":"Utleiehytte"},"type":"Feature"},{"geometry":{"coordinates":[13.151915000000001,64.701667],"type":"Point"},"id":"hut-101210112","properties":{"beds":4,"elevation":354,"name":"Oluf, ene delen av Langvasshytta, kun 50 m fra vannet. Herlig hytteliv i unikt område.","owner":"Fjellstyrene","source":"UT.no","type":"Utleiehytte"},"type":"Feature"},{"geometry":{"coordinates":[13.267241,65.102064999999996],"type":"Point"},"id":"hut-101210113","properties":{"beds":7,"elevation":280,"name":"Storholmhytta hos Namsskogan fjellstyre","owner":"Fjellstyrene","source":"UT.no","type":"Utleiehytte"},"type":"Feature"},{"geometry":{"coordinates":[10.643336,64.189038999999994],"type":"Point"},"id":"hut-101210114","properties":{"beds":5,"elevation":248,"name":"Elgsjøhytta i Osen, rett ved vannet","owner":"Fjellstyrene","source":"UT.no","type":"Utleiehytte"},"type":"Feature"},{"geometry":{"coordinates":[10.610129000000001,61.373947999999999],"type":"Point"},"id":"hut-101210115","properties":{"beds":6,"elevation":940,"name":"Neråsten. Nyrenovert hytte til utleie i Øyerfjellet. Solrik beliggenhet ved Neråstvatnet.","owner":"Fjellstyrene","source":"UT.no","type":"Utleiehytte"},"type":"Feature"},{"geometry":{"coordinates":[11.024997000000001,64.266210000000001],"type":"Point"},"id":"hut-101210116","properties":{"beds":11,"elevation":180,"name":"Øyenskavelstu - flott velutstyrt hytte til leie!","owner":"Fjellstyrene","source":"UT.no","type":"Utleiehytte"},"type":"Feature"},{"geometry":{"coordinates":[11.119292,63.360531999999999],"type":"Point"},"id":"hut-101210117","properties":{"beds":4,"elevation":332,"name":"Kjellarbu – hytte med utsikt og villmarksfølelse","owner":"Fjellstyrene","source":"UT.no","type":"Utleiehytte"},"type":"Feature"},{"geometry":{"coordinates":[11.011284,64.209593999999996],"type":"Point"},"id":"hut-101210118","properties":{"beds":5,"elevation":183,"name":"Bartstu - hyggelig hytte med bilvei helt frem både sommer og vinter!","owner":"Fjellstyrene","source":"UT.no","type":"Utleiehytte"},"type":"Feature"},{"geometry":{"coordinates":[8.7711249999999996,60.994808999999997],"type":"Point"},"id":"hut-101210119","properties":{"beds":4,"elevation":872,"name":"Mjølke-Lars bua i Flikja, Valdres","owner":"Fjellstyrene","source":"UT.no","type":"Utleiehytte"},"type":"Feature"},{"geometry":{"coordinates":[8.4315049999999996,62.458061000000001],"type":"Point"},"id":"hut-101210120","properties":{"beds":4,"elevation":1064,"name":"Stordalen-Kaffihaugen, storslagen beliggenhet i Eresfjord Vistdal.","owner":"Fjellstyrene","source":"UT.no","type":"Utleiehytte"},"type":"Feature"},{"geometry":{"coordinates":[13.084332,64.829383000000007],"type":"Point"},"id":"hut-101210121","properties":{"beds":7,"elevation":236,"name":"Westinhytta hos Namsskogan fjellstyre","owner":"Fjellstyrene","source":"UT.no","type":"Utleiehytte"},"type":"Feature"},{"geometry":{"coordinates":[7.5142449999999998,60.600186000000001],"type":"Point"},"id":"hut-101210122","properties":{"beds":8,"elevation":1261,"name":"Finsebu - finaste plassen på heile Finse!","owner":"Fjellstyrene","source":"UT.no","type":"Utleiehytte"},"type":"Feature"},{"geometry":{"coordinates":[13.181581,64.996977999999999],"type":"Point"},"id":"hut-101210124","properties":{"beds":16,"elevation":255,"name":"Frøyningsheimen hos Namsskogan fjellstyre","owner":"Fjellstyrene","source":"UT.no","type":"Utleiehytte"},"type":"Feature"},{"geometry":{"coordinates":[13.408878,64.235139000000004],"type":"Point"},"id":"hut-101210125","properties":{"beds":10,"elevation":518,"name":"Lakavashytta i Lierne - Sørli fjellstyre","owner":"Fjellstyrene","source":"UT.no","type":"Utleiehytte"},"type":"Feature"},{"geometry":{"coordinates":[8.6145569999999996,62.426414000000001],"type":"Point"},"id":"hut-101210126","properties":{"beds":8,"elevation":851,"name":"Torbudalshytta - Dovrefjell - Sunndalsfjella nasjonalpark.","owner":"Fjellstyrene","source":"UT.no","type":"Utleiehytte"},"type":"Feature"},{"geometry":{"coordinates":[9.0511289999999995,61.722937999999999],"type":"Point"},"id":"hut-101210127","properties":{"beds":6,"elevation":748,"name":"Forsthytta i Randsverk rett ved Jotunheimen, Vågå.","owner":"Fjellstyrene","source":"UT.no","type":"Utleiehytte"},"type":"Feature"},{"geometry":{"coordinates":[8.7917769999999997,61.464007000000002],"type":"Point"},"id":"hut-101210128","properties":{"beds":3,"elevation":1100,"name":"Vargebue - Hytte i Jotunheimen, Vågå.","owner":"Fjellstyrene","source":"UT.no","type":"Utleiehytte"},"type":"Feature"},{"geometry":{"coordinates":[8.5083450000000003,61.448697000000003],"type":"Point"},"id":"hut-101210129","properties":{"beds":4,"elevation":992,"name":"Vågåbue - utleige til innanbygds i Vågå \/ Rental only for people livng in Vågå municipality.","owner":"Fjellstyrene","source":"UT.no","type":"Utleiehytte"},"type":"Feature"},{"geometry":{"coordinates":[12.872199999999999,64.136032],"type":"Point"},"id":"hut-101210130","properties":{"beds":6,"elevation":515,"name":"Langvasshytta. Snåsa fjellstyre.","owner":"Fjellstyrene","source":"UT.no","type":"Utleiehytte"},"type":"Feature"},{"geometry":{"coordinates":[11.830587,62.166980000000002],"type":"Point"},"id":"hut-101210131","properties":{"beds":4,"elevation":666,"name":"Lita hytte\/Bu ved Femund, Kløvsten","owner":"Fjellstyrene","source":"UT.no","type":"Utleiehytte"},"type":"Feature"},{"geometry":{"coordinates":[9.7195680000000007,61.124194000000003],"type":"Point"},"id":"hut-101210133","properties":{"beds":6,"elevation":965,"name":"Folungtjernhytta i Torpa statsallmenning","owner":"Fjellstyrene","source":"UT.no","type":"Utleiehytte"},"type":"Feature"},{"geometry":{"coordinates":[8.8059089999999998,61.430075000000002],"type":"Point"},"id":"hut-101210135","properties":{"beds":3,"elevation":1165,"name":"Telegrafbue - toppturhytte ved Valdresflye","owner":"Fjellstyrene","source":"UT.no","type":"Utleiehytte"},"type":"Feature"},{"geometry":{"coordinates":[12.855878000000001,64.565444999999997],"type":"Point"},"id":"hut-101210136","properties":{"beds":4,"elevation":317,"name":"Finnsela, hytte i Nesådalen i Brennmoen statsalmening ved godt ørret- og røyevann og jaktområde.","owner":"Fjellstyrene","source":"UT.no","type":"Utleiehytte"},"type":"Feature"},{"geometry":{"coordinates":[10.795413999999999,62.690165999999998],"type":"Point"},"id":"hut-101210137","properties":{"beds":3,"elevation":1004,"name":"Hognabua ved Forollsjøen","owner":"Fjellstyrene","source":"UT.no","type":"Utleiehytte"},"type":"Feature"},{"geometry":{"coordinates":[9.8359550000000002,62.006579000000002],"type":"Point"},"id":"hut-101210138","properties":{"beds":2,"elevation":1028,"name":"Ellandkollbue ved Dørålen. Dovre fjellstyre","owner":"Fjellstyrene","source":"UT.no","type":"Utleiehytte"},"type":"Feature"},{"geometry":{"coordinates":[8.8111110000000004,61.480161000000003],"type":"Point"},"id":"hut-101210139","properties":{"beds":6,"elevation":988,"name":"Hytte ved Nedre Leirungen i Jotunheimen, Vågå.","owner":"Fjellstyrene","source":"UT.no","type":"Utleiehytte"},"type":"Feature"},{"geometry":{"coordinates":[13.199565,65.052672000000001],"type":"Point"},"id":"hut-101210140","properties":{"beds":6,"elevation":493,"name":"Storgåsvassbua hos Namsskogan fjellstyre","owner":"Fjellstyrene","source":"UT.no","type":"Utleiehytte"},"type":"Feature"},{"geometry":{"coordinates":[9.9008599999999998,61.185917000000003],"type":"Point"},"id":"hut-101210141","properties":{"beds":4,"elevation":825,"name":"Valdrestjønnhytta, Gausdal Vestfjell\/Langsua nasjonalpark","owner":"Fjellstyrene","source":"UT.no","type":"Utleiehytte"},"type":"Feature"},{"geometry":{"coordinates":[9.4176369999999991,62.174011999999998],"type":"Point"},"id":"hut-101210143","properties":{"beds":3,"elevation":940,"name":"Vålåsjøhytta på Dovrefjell - Dovre fjellstyre","owner":"Fjellstyrene","source":"UT.no","type":"Utleiehytte"},"type":"Feature"},{"geometry":{"coordinates":[11.863217000000001,63.509751000000001],"type":"Point"},"id":"hut-101210377","properties":{"beds":6,"elevation":584,"name":"Litjfunnsjøen","owner":"Statskog","source":"UT.no","type":"Utleiehytte"},"type":"Feature"},{"geometry":{"coordinates":[12.050326,63.477908999999997],"type":"Point"},"id":"hut-101210617","properties":{"beds":10,"elevation":533,"name":"Nordelvhytta","owner":"Statskog","source":"UT.no","type":"Utleiehytte"},"type":"Feature"},{"geometry":{"coordinates":[6.8945889999999999,62.41451],"type":"Point"},"id":"hut-101211333","properties":{"beds":20,"elevation":222,"name":"Ytste Skotet","owner":"Storfjordens Venner","source":"UT.no","type":"Betjent"},"type":"Feature"},{"geometry":{"coordinates":[5.3375640000000004,62.102074999999999],"type":"Point"},"id":"hut-101211810","properties":{"elevation":225,"name":"Havglimt-dagsturhytte i Stad kommune","owner":"Stad kommune","source":"UT.no","type":"Dagsturhytte"},"type":"Feature"},{"geometry":{"coordinates":[10.328290000000001,59.180050999999999],"type":"Point"},"id":"hut-101213240","properties":{"beds":7,"elevation":5,"name":"Bogen Kunstnerleiligheten","owner":"Oslofjordens Friluftsråd","source":"UT.no","type":"Ubetjent"},"type":"Feature"},{"geometry":{"coordinates":[12.712460999999999,64.357276999999996],"type":"Point"},"id":"hut-101214670","properties":{"beds":5,"elevation":220,"name":"Lurukroken","owner":"Statskog","source":"UT.no","type":"Utleiehytte"},"type":"Feature"},{"geometry":{"coordinates":[8.8405590000000007,58.746420000000001],"type":"Point"},"id":"hut-101218017","properties":{"elevation":271,"name":"Orrestaua - dagsturhytta i Vegårshei kommune","owner":"Dagsturhytta Agder","source":"UT.no","type":"Dagsturhytte"},"type":"Feature"},{"geometry":{"coordinates":[11.451122,63.485880999999999],"type":"Point"},"id":"hut-101219930","properties":{"beds":6,"elevation":290,"name":"Storskaråsen","owner":"Statskog","source":"UT.no","type":"Utleiehytte"},"type":"Feature"},{"geometry":{"coordinates":[11.966435000000001,63.918289999999999],"type":"Point"},"id":"hut-101219931","properties":{"beds":3,"elevation":433,"name":"Grandsetra","owner":"Steinkjer fjellstyre","source":"UT.no","type":"Ubetjent"},"type":"Feature"},{"geometry":{"coordinates":[11.735685,63.947572999999998],"type":"Point"},"id":"hut-101219932","properties":{"elevation":310,"name":"Aunsetra","owner":"Steinkjer fjellstyre","source":"UT.no","type":"Ubetjent"},"type":"Feature"},{"geometry":{"coordinates":[16.383326,66.905231000000001],"type":"Point"},"id":"hut-10122","properties":{"elevation":552,"name":"Mávas lappland","source":"UT.no","type":"Ubetjent"},"type":"Feature"},{"geometry":{"coordinates":[11.74945,64.505892000000003],"type":"Point"},"id":"hut-101221","properties":{"beds":20,"elevation":159,"name":"Koltjønnhytta","owner":"Koltjønnhytta","source":"UT.no","type":"Servering"},"type":"Feature"},{"geometry":{"coordinates":[11.735389,64.536557999999999],"type":"Point"},"id":"hut-101222","properties":{"beds":4,"elevation":359,"name":"Liasetran","owner":"Koltjønnhytta","source":"UT.no","type":"Ubetjent"},"type":"Feature"},{"geometry":{"coordinates":[9.0660889999999998,58.828890999999999],"type":"Point"},"id":"hut-101226447","properties":{"elevation":135,"name":"Tjennimellom - dagsturhytta i Gjerstad","owner":"Dagsturhytta Agder","source":"UT.no","type":"Dagsturhytte"},"type":"Feature"},{"geometry":{"coordinates":[11.38852,62.485939000000002],"type":"Point"},"id":"hut-101227","properties":{"elevation":981,"name":"Bredalslibua","owner":"Nøra Østre grunneierlag","source":"UT.no","type":"Dagsturhytte"},"type":"Feature"},{"geometry":{"coordinates":[10.089713,61.333618000000001],"type":"Point"},"id":"hut-101228","properties":{"beds":5,"elevation":745,"name":"Skeikampen Fjellandsby","owner":"Skeikampen Booking","source":"UT.no","type":"Ubetjent"},"type":"Feature"},{"geometry":{"coordinates":[11.864317,63.539999000000002],"type":"Point"},"id":"hut-101228598","properties":{"beds":16,"elevation":404,"name":"Sagvika","owner":"Statskog","source":"UT.no","type":"Utleiehytte"},"type":"Feature"},{"geometry":{"coordinates":[8.6460600000000003,58.530034999999998],"type":"Point"},"id":"hut-101228841","properties":{"elevation":165,"name":"Krossbu - dagsturhytta i Froland kommune","owner":"Dagsturhytta Agder","source":"UT.no","type":"Dagsturhytte"},"type":"Feature"},{"geometry":{"coordinates":[10.082376,61.336201000000003],"type":"Point"},"id":"hut-101230","properties":{"beds":6,"elevation":760,"name":"Skei Leilighetssenter","owner":"Skeikampen Booking","source":"UT.no","type":"Ubetjent"},"type":"Feature"},{"geometry":{"coordinates":[9.9928139999999992,63.018008999999999],"type":"Point"},"id":"hut-101230336","properties":{"beds":2,"elevation":555,"name":"Holsjøkoia","owner":"Statskog","source":"UT.no","type":"Ubetjent"},"type":"Feature"},{"geometry":{"coordinates":[11.288501999999999,60.340600000000002],"type":"Point"},"id":"hut-101231","properties":{"beds":2,"elevation":190,"name":"Haug pilegrimsrast","owner":"Mette Mortvedt","source":"UT.no","type":"Ubetjent"},"type":"Feature"},{"geometry":{"coordinates":[10.409330000000001,59.620469999999997],"type":"Point"},"id":"hut-101232","properties":{"beds":4,"elevation":1,"name":"Svelvikstrømmen","owner":"Oslofjordens Friluftsråd","source":"UT.no","type":"Ubetjent"},"type":"Feature"},{"geometry":{"coordinates":[10.353540000000001,59.15748],"type":"Point"},"id":"hut-101234","properties":{"beds":10,"elevation":12,"name":"Veierland skole","owner":"Oslofjordens Friluftsråd","source":"UT.no","type":"Ubetjent"},"type":"Feature"},{"geometry":{"coordinates":[6.4986079999999999,62.206217000000002],"type":"Point"},"id":"hut-101236763","properties":{"beds":40,"elevation":6,"name":"Hustadnes Fjordhytter","owner":"Hustadnes Fjordhytter ","source":"UT.no","type":"Ubetjent"},"type":"Feature"},{"geometry":{"coordinates":[4.8900560000000004,59.295831],"type":"Point"},"id":"hut-101237964","properties":{"elevation":11,"name":"Vindbalhytta - Dagsturhytta i Utsira kommune","owner":"Dagsturhytta Rogaland","source":"UT.no","type":"Dagsturhytte"},"type":"Feature"},{"geometry":{"coordinates":[10.31996,59.489370000000001],"type":"Point"},"id":"hut-101238","properties":{"beds":8,"name":"Ødegårdbua nord","owner":"Oslofjordens Friluftsråd","source":"UT.no","type":"Ubetjent"},"type":"Feature"},{"geometry":{"coordinates":[15.474624,66.734221000000005],"type":"Point"},"id":"hut-101238204","properties":{"beds":6,"elevation":446,"name":"Fagermokoia","owner":"Statskog","source":"UT.no","type":"Utleiehytte"},"type":"Feature"},{"geometry":{"coordinates":[5.8281609999999997,58.764884000000002],"type":"Point"},"id":"hut-101238447","properties":{"elevation":132,"name":"Røyskatten - Dagsturhytta i Gjesdal kommune","owner":"Dagsturhytta Rogaland","source":"UT.no","type":"Dagsturhytte"},"type":"Feature"},{"geometry":{"coordinates":[5.3963380000000001,59.066597000000002],"type":"Point"},"id":"hut-101238448","properties":{"elevation":15,"name":"Røde skjegg - Dagsturhytta i Kvitsøy kommune","owner":"Dagsturhytta Rogaland","source":"UT.no","type":"Dagsturhytte"},"type":"Feature"},{"geometry":{"coordinates":[5.7370660000000004,59.012182000000003],"type":"Point"},"id":"hut-101238449","properties":{"name":"Vennskapshyttå - Dagsturhytta i Stavanger kommune","owner":"Dagsturhytta Rogaland","source":"UT.no","type":"Dagsturhytte"},"type":"Feature"},{"geometry":{"coordinates":[6.060219,59.024372999999997],"type":"Point"},"id":"hut-101238450","properties":{"elevation":157,"name":"Hammarbu - Dagsturhytta i Strand kommune","owner":"Dagsturhytta Rogaland","source":"UT.no","type":"Dagsturhytte"},"type":"Feature"},{"geometry":{"coordinates":[6.523587,59.482062999999997],"type":"Point"},"id":"hut-101238451","properties":{"elevation":304,"name":"Bjødlenuten - Dagsturhytta i Suldal kommune","owner":"Dagsturhytta Rogaland","source":"UT.no","type":"Dagsturhytte"},"type":"Feature"},{"geometry":{"coordinates":[6.0478230000000002,59.343302000000001],"type":"Point"},"id":"hut-101238452","properties":{"elevation":103,"name":"Kvilehaugen - Dagsturhytta i Suldal kommune","owner":"Dagsturhytta Rogaland","source":"UT.no","type":"Dagsturhytte"},"type":"Feature"},{"geometry":{"coordinates":[5.4371809999999998,59.428196999999997],"type":"Point"},"id":"hut-101238453","properties":{"elevation":217,"name":"Alvanuten - Dagsturhytta i Tysvær kommune","owner":"Dagsturhytta Rogaland","source":"UT.no","type":"Dagsturhytte"},"type":"Feature"},{"geometry":{"coordinates":[10.918127999999999,59.094323000000003],"type":"Point"},"id":"hut-101239","properties":{"beds":4,"elevation":4,"name":"Brottet Mundastua","owner":"Oslofjordens Friluftsråd","source":"UT.no","type":"Ubetjent"},"type":"Feature"},{"geometry":{"coordinates":[7.8688520000000004,58.596435],"type":"Point"},"id":"hut-101239900","properties":{"elevation":401,"name":"Gruveblikk - dagsturhytta i Evje og Hornnes kommune","owner":"Dagsturhytta Agder","source":"UT.no","type":"Dagsturhytte"},"type":"Feature"},{"geometry":{"coordinates":[9.9242589999999993,61.415697000000002],"type":"Point"},"id":"hut-10124","properties":{"beds":100,"elevation":1015,"name":"Gudbrandsdal Leirskole på Fagerhøy","source":"UT.no","type":"Betjent"},"type":"Feature"},{"geometry":{"coordinates":[10.576890000000001,59.435270000000003],"type":"Point"},"id":"hut-101240","properties":{"beds":21,"name":"Gullholmen Fyrvokteren","owner":"Oslofjordens Friluftsråd","source":"UT.no","type":"Ubetjent"},"type":"Feature"},{"geometry":{"coordinates":[5.9653520000000002,62.489569000000003],"type":"Point"},"id":"hut-101248821","properties":{"elevation":14,"name":"Alnes fyr","owner":"Alnes Fyr og Opplevelsessenter","source":"UT.no","type":"Servering"},"type":"Feature"},{"geometry":{"coordinates":[12.417203000000001,60.410339999999998],"type":"Point"},"id":"hut-10125","properties":{"elevation":305,"name":"Luka i Svullrya","source":"UT.no","type":"Stengt"},"type":"Feature"},{"geometry":{"coordinates":[8.0679970000000001,60.549450999999998],"type":"Point"},"id":"hut-101250","properties":{"elevation":1246,"name":"Prestholtseter","owner":"Geilo Røde Kors","source":"UT.no","type":"Servering"},"type":"Feature"},{"geometry":{"coordinates":[11.742327,63.414696999999997],"type":"Point"},"id":"hut-101250027","properties":{"beds":10,"elevation":127,"name":"Skogsjefboligen","owner":"Statskog","source":"UT.no","type":"Utleiehytte"},"type":"Feature"},{"geometry":{"coordinates":[19.771121000000001,68.689391000000001],"type":"Point"},"id":"hut-101250513","properties":{"beds":2,"elevation":338,"name":"Anjavassbu","owner":"Statskog","source":"UT.no","type":"Utleiehytte"},"type":"Feature"},{"geometry":{"coordinates":[8.2582319999999996,60.381883999999999],"type":"Point"},"id":"hut-101252","properties":{"beds":30,"elevation":955,"name":"Ossjøen Sæterstue","owner":"Ossjøen Sæterstue","source":"UT.no","type":"Ubetjent"},"type":"Feature"},{"geometry":{"coordinates":[5.7214720000000003,58.819242000000003],"type":"Point"},"id":"hut-101253675","properties":{"elevation":22,"name":"Stokki-hytta - Dagsturhytta i Sandnes kommune","owner":"Dagsturhytta Rogaland","source":"UT.no","type":"Dagsturhytte"},"type":"Feature"},{"geometry":{"coordinates":[11.70607,63.207749999999997],"type":"Point"},"id":"hut-101257807","properties":{"beds":4,"elevation":771,"name":"Gåstjønnhytta","owner":"Statskog","source":"UT.no","type":"Utleiehytte"},"type":"Feature"},{"geometry":{"coordinates":[11.962123,62.297443999999999],"type":"Point"},"id":"hut-10126","properties":{"beds":15,"elevation":675,"name":"Haugen gård","owner":"Haugen gård","source":"UT.no","type":"Utleiehytte"},"type":"Feature"},{"geometry":{"coordinates":[6.7390670000000004,62.109845],"type":"Point"},"id":"hut-101260","properties":{"beds":12,"elevation":342,"name":"Villa Norangdal","source":"UT.no","type":"Stengt"},"type":"Feature"},{"geometry":{"coordinates":[12.342947000000001,60.809950000000001],"type":"Point"},"id":"hut-101262","properties":{"beds":6,"elevation":423,"name":"Drengestua i Juvberget","owner":"DNT Finnskogen og Omegn","source":"UT.no","type":"Stengt"},"type":"Feature"},{"geometry":{"coordinates":[11.674855000000001,60.878574999999998],"type":"Point"},"id":"hut-101263","properties":{"beds":4,"elevation":215,"name":"Ole Reistad Senter","owner":"Norges Luftsportforbund","source":"UT.no","type":"Betjent"},"type":"Feature"},{"geometry":{"coordinates":[5.482952,60.397559999999999],"type":"Point"},"id":"hut-101264153","properties":{"elevation":350,"name":"Ådnabu - dagsturhytta i Bergen kommune","owner":"Bergen kommune","source":"UT.no","type":"Dagsturhytte"},"type":"Feature"},{"geometry":{"coordinates":[14.169256000000001,65.425247999999996],"type":"Point"},"id":"hut-101266594","properties":{"beds":32,"elevation":525,"name":"Fjellfiolen","owner":"Nordlandsruta","source":"UT.no","type":"Selvbetjent"},"type":"Feature"},{"geometry":{"coordinates":[10.935385,60.751058999999998],"type":"Point"},"id":"hut-101266839","properties":{"elevation":125,"name":"Skurven - dagsturhytta i Ringsaker kommune","owner":"Dagsturhytta Innlandet","source":"UT.no","type":"Dagsturhytte"},"type":"Feature"},{"geometry":{"coordinates":[9.7588380000000008,61.617635999999997],"type":"Point"},"id":"hut-101266840","properties":{"elevation":780,"name":"Dagsturhytta i Nord-Fron kommune","owner":"Dagsturhytta Innlandet","source":"UT.no","type":"Dagsturhytte"},"type":"Feature"},{"geometry":{"coordinates":[9.5241690000000006,61.776204],"type":"Point"},"id":"hut-101267085","properties":{"elevation":593,"name":"Dagsturhytta Otta, i Sel kommune","owner":"Dagsturhytta Innlandet","source":"UT.no","type":"Dagsturhytte"},"type":"Feature"},{"geometry":{"coordinates":[12.264034000000001,61.323847999999998],"type":"Point"},"id":"hut-101267086","properties":{"elevation":411,"name":"Grimsåsen - dagsturhytta i Trysil kommune","owner":"Dagsturhytta Innlandet","source":"UT.no","type":"Dagsturhytte"},"type":"Feature"},{"geometry":{"coordinates":[8.1651039999999995,62.247095000000002],"type":"Point"},"id":"hut-101267087","properties":{"elevation":1146,"name":"Rånåbue - dagsturhytta i Lesja kommune","owner":"Dagsturhytta Innlandet","source":"UT.no","type":"Dagsturhytte"},"type":"Feature"},{"geometry":{"coordinates":[10.616757,60.806396999999997],"type":"Point"},"id":"hut-101267332","properties":{"elevation":416,"name":"Dagsturhytta i Gjøvik kommune","owner":"Dagsturhytta Innlandet","source":"UT.no","type":"Dagsturhytte"},"type":"Feature"},{"geometry":{"coordinates":[12.186545000000001,60.450524000000001],"type":"Point"},"id":"hut-101267333","properties":{"elevation":206,"name":"Vollstadvika - dagsturhytta i Grue kommune","owner":"Dagsturhytta Innlandet","source":"UT.no","type":"Dagsturhytte"},"type":"Feature"},{"geometry":{"coordinates":[11.018471,60.811875000000001],"type":"Point"},"id":"hut-101267578","properties":{"elevation":131,"name":"Dagsturhytta i Hamar kommune","owner":"Dagsturhytta Innlandet","source":"UT.no","type":"Dagsturhytte"},"type":"Feature"},{"geometry":{"coordinates":[11.152692,60.658284000000002],"type":"Point"},"id":"hut-101267579","properties":{"elevation":270,"name":"Dagsturhytta i Stange kommune","owner":"Dagsturhytta Innlandet","source":"UT.no","type":"Dagsturhytte"},"type":"Feature"},{"geometry":{"coordinates":[24.255949999999999,69.376410000000007],"type":"Point"},"id":"hut-101269","properties":{"beds":14,"elevation":324,"name":"Suossjavri fjellstue","source":"UT.no","type":"Betjent"},"type":"Feature"},{"geometry":{"coordinates":[16.064658000000001,67.087528000000006],"type":"Point"},"id":"hut-101269537","properties":{"beds":6,"elevation":452,"name":"Dajahytta","owner":"Statskog","source":"UT.no","type":"Utleiehytte"},"type":"Feature"},{"geometry":{"coordinates":[9.1779159999999997,58.701828999999996],"type":"Point"},"id":"hut-101269783","properties":{"elevation":90,"name":"Dagsturhytta \"Ut mot havet\" i Risør kommune","owner":"Dagsturhytta Agder","source":"UT.no","type":"Dagsturhytte"},"type":"Feature"},{"geometry":{"coordinates":[8.8231699999999993,58.488404000000003],"type":"Point"},"id":"hut-101270519","properties":{"elevation":35,"name":"Bymarkshytta Udimærka - dagsturhytta i Arendal","owner":"Dagsturhytta Agder","source":"UT.no","type":"Dagsturhytte"},"type":"Feature"},{"geometry":{"coordinates":[7.5502409999999998,59.211514999999999],"type":"Point"},"id":"hut-101270520","properties":{"elevation":514,"name":"Lauvåsloptet - dagsturhytta i Valle kommune","owner":"Dagsturhytta Agder","source":"UT.no","type":"Dagsturhytte"},"type":"Feature"},{"geometry":{"coordinates":[11.679862999999999,63.290368000000001],"type":"Point"},"id":"hut-101271493","properties":{"beds":2,"elevation":665,"name":"Astruphytta","owner":"Statskog","source":"UT.no","type":"Utleiehytte"},"type":"Feature"},{"geometry":{"coordinates":[13.424493,65.088075000000003],"type":"Point"},"id":"hut-101272977","properties":{"beds":4,"elevation":340,"name":"Skogstua i Namskroken i Børgefjell - Åpen hytte!","owner":"Fjellstyrene","source":"UT.no","type":"Utleiehytte"},"type":"Feature"},{"geometry":{"coordinates":[13.231026999999999,64.918930000000003],"type":"Point"},"id":"hut-101273006","properties":{"beds":4,"elevation":265,"name":"Mattisstua hos Namsskogan fjellstyre","owner":"Fjellstyrene","source":"UT.no","type":"Utleiehytte"},"type":"Feature"},{"geometry":{"coordinates":[8.6156190000000006,62.522705999999999],"type":"Point"},"id":"hut-101273010","properties":{"beds":3,"elevation":1249,"name":"Karistu - Dovrefjell - Sunndalsfjella nasjonalpark.","owner":"Fjellstyrene","source":"UT.no","type":"Utleiehytte"},"type":"Feature"},{"geometry":{"coordinates":[13.230573,64.918850000000006],"type":"Point"},"id":"hut-101273011","properties":{"beds":2,"elevation":265,"name":"Sandåstua hos Namsskogan fjellstyre","owner":"Fjellstyrene","source":"UT.no","type":"Utleiehytte"},"type":"Feature"},{"geometry":{"coordinates":[8.7904400000000003,60.970154000000001],"type":"Point"},"id":"hut-101273088","properties":{"beds":6,"elevation":861,"name":"Buarånbue ved Storfjorden, Valdres","owner":"Fjellstyrene","source":"UT.no","type":"Utleiehytte"},"type":"Feature"},{"geometry":{"coordinates":[10.609489999999999,61.601979999999998],"type":"Point"},"id":"hut-101273152","properties":{"beds":21,"elevation":643,"name":"Imsdalsskolen - Internatet","owner":"Fjellstyrene","source":"UT.no","type":"Utleiehytte"},"type":"Feature"},{"geometry":{"coordinates":[8.8558599999999998,61.427222999999998],"type":"Point"},"id":"hut-101273158","properties":{"beds":5,"elevation":1096,"name":"Sandbakkbue i Heimdalen - Øystre Slidre","owner":"Fjellstyrene","source":"UT.no","type":"Utleiehytte"},"type":"Feature"},{"geometry":{"coordinates":[8.931063,61.421903999999998],"type":"Point"},"id":"hut-101273159","properties":{"beds":3,"elevation":1065,"name":"Nybue i Heimdalen - Øystre Slidre","owner":"Fjellstyrene","source":"UT.no","type":"Utleiehytte"},"type":"Feature"},{"geometry":{"coordinates":[8.5566560000000003,58.303621],"type":"Point"},"id":"hut-101274800","properties":{"elevation":6,"name":"Terje Vigen-stua - dagsturhytta i Grimstad kommune","owner":"Dagsturhytta Agder","source":"UT.no","type":"Dagsturhytte"},"type":"Feature"},{"geometry":{"coordinates":[7.8292270000000004,58.713281000000002],"type":"Point"},"id":"hut-101274801","properties":{"elevation":335,"name":"Utsikten - dagsturhytta i Bygland kommune ","owner":"Dagsturhytta Agder","source":"UT.no","type":"Dagsturhytte"},"type":"Feature"},{"geometry":{"coordinates":[13.828733,65.972672000000003],"type":"Point"},"id":"hut-101275531","properties":{"beds":6,"elevation":254,"name":"Lomtjønnstua","owner":"Statskog","source":"UT.no","type":"Utleiehytte"},"type":"Feature"},{"geometry":{"coordinates":[9.7714639999999999,61.226619999999997],"type":"Point"},"id":"hut-101278943","properties":{"beds":10,"elevation":789,"name":"Bjørnstadhytta","owner":"Gausdal Fjellstyre","source":"UT.no","type":"Ubetjent"},"type":"Feature"},{"geometry":{"coordinates":[9.9008509999999994,61.185890000000001],"type":"Point"},"id":"hut-101278944","properties":{"beds":4,"elevation":825,"name":"Valdrestjønnhytta","owner":"Gausdal Fjellstyre","source":"UT.no","type":"Ubetjent"},"type":"Feature"},{"geometry":{"coordinates":[11.680331000000001,63.290132999999997],"type":"Point"},"id":"hut-101286172","properties":{"beds":3,"elevation":666,"name":"Gåsdalshytta B","owner":"Statskog","source":"UT.no","type":"Utleiehytte"},"type":"Feature"},{"geometry":{"coordinates":[10.733252,59.897725000000001],"type":"Point"},"id":"hut-101289","properties":{"beds":4,"name":"Hovedøya Sjøbua","owner":"Oslofjordens Friluftsråd","source":"UT.no","type":"Ubetjent"},"type":"Feature"},{"geometry":{"coordinates":[5.280132,59.448337000000002],"type":"Point"},"id":"hut-101295415","properties":{"elevation":145,"name":"Nuten - Dagsturhytta i Haugesund kommune","owner":"Dagsturhytta Rogaland","source":"UT.no","type":"Dagsturhytte"},"type":"Feature"},{"geometry":{"coordinates":[6.7352809999999996,58.686836],"type":"Point"},"id":"hut-101295659","properties":{"elevation":131,"name":"Nistebu - dagsturhytta i Sirdal kommune","owner":"Dagsturhytta Agder","source":"UT.no","type":"Dagsturhytte"},"type":"Feature"},{"geometry":{"coordinates":[11.445121,59.018079],"type":"Point"},"id":"hut-101298782","properties":{"beds":8,"elevation":3,"name":"Bakke Brygge","owner":"Oslofjordens Friluftsråd","source":"UT.no","type":"Ubetjent"},"type":"Feature"},{"geometry":{"coordinates":[10.609757,59.816336999999997],"type":"Point"},"id":"hut-101298783","properties":{"beds":14,"name":"Bestyrerboligen","owner":"Oslofjordens Friluftsråd","source":"UT.no","type":"Ubetjent"},"type":"Feature"},{"geometry":{"coordinates":[10.52467,59.026530000000001],"type":"Point"},"id":"hut-101299","properties":{"beds":8,"name":"Færder fyr Signalboligen","owner":"Oslofjordens Friluftsråd","source":"UT.no","type":"Ubetjent"},"type":"Feature"},{"geometry":{"coordinates":[12.066293999999999,60.545026],"type":"Point"},"id":"hut-1013","properties":{"elevation":160,"name":"Øvre Grue","source":"UT.no","type":"Betjent"},"type":"Feature"},{"geometry":{"coordinates":[10.39493,59.69182],"type":"Point"},"id":"hut-101300","properties":{"beds":5,"elevation":1,"name":"Hernestangen Livestua","owner":"Oslofjordens Friluftsråd","source":"UT.no","type":"Ubetjent"},"type":"Feature"},{"geometry":{"coordinates":[10.433763000000001,59.067024000000004],"type":"Point"},"id":"hut-101301","properties":{"beds":16,"elevation":39,"name":"Tjønneberget","owner":"Oslofjordens Friluftsråd","source":"UT.no","type":"Ubetjent"},"type":"Feature"},{"geometry":{"coordinates":[10.561059999999999,59.702089999999998],"type":"Point"},"id":"hut-101302","properties":{"beds":16,"elevation":3,"name":"Håøya Gamlegården","owner":"Oslofjordens Friluftsråd","source":"UT.no","type":"Ubetjent"},"type":"Feature"},{"geometry":{"coordinates":[7.4862500000000001,61.102820000000001],"type":"Point"},"id":"hut-101303","properties":{"elevation":84,"name":"Mjølkeflathytta - dagsturhytta i Lærdal","owner":"Lærdal kommune","source":"UT.no","type":"Dagsturhytte"},"type":"Feature"},{"geometry":{"coordinates":[10.852588000000001,59.113996999999998],"type":"Point"},"id":"hut-101304","properties":{"beds":6,"elevation":4,"name":"Rekefabrikken","owner":"Oslofjordens Friluftsråd","source":"UT.no","type":"Ubetjent"},"type":"Feature"},{"geometry":{"coordinates":[9.1556180000000005,60.042071999999997],"type":"Point"},"id":"hut-101304034","properties":{"beds":12,"elevation":235,"name":"Veggli Vertshus","owner":"Veggli Vertshus","source":"UT.no","type":"Betjent"},"type":"Feature"},{"geometry":{"coordinates":[9.0319920000000007,60.046059999999997],"type":"Point"},"id":"hut-101304035","properties":{"beds":20,"elevation":852,"name":"Veggli Fjellstue","owner":"Veggli Fjellstue","source":"UT.no","type":"Betjent"},"type":"Feature"},{"geometry":{"coordinates":[10.829829999999999,59.155037999999998],"type":"Point"},"id":"hut-101305","properties":{"beds":6,"name":"Strømtangen Fyrbua","owner":"Oslofjordens Friluftsråd","source":"UT.no","type":"Ubetjent"},"type":"Feature"},{"geometry":{"coordinates":[9.0678269999999994,61.139994000000002],"type":"Point"},"id":"hut-101309076","properties":{"elevation":489,"name":"Dagsturhytta i Øystre Slidre kommune","owner":"Dagsturhytta Innlandet","source":"UT.no","type":"Dagsturhytte"},"type":"Feature"},{"geometry":{"coordinates":[11.467051,60.789811999999998],"type":"Point"},"id":"hut-101309077","properties":{"elevation":217,"name":"Dagsturhytta i Løten kommune","owner":"Dagsturhytta Innlandet","source":"UT.no","type":"Dagsturhytte"},"type":"Feature"},{"geometry":{"coordinates":[6.2229530000000004,61.780934999999999],"type":"Point"},"id":"hut-101310","properties":{"elevation":223,"name":"Draumekvila - dagsturhytta i Gloppen","owner":"Gloppen kommune","source":"UT.no","type":"Dagsturhytte"},"type":"Feature"},{"geometry":{"coordinates":[8.7711480000000002,60.994808999999997],"type":"Point"},"id":"hut-101311","properties":{"beds":4,"elevation":872,"name":"Flikja - MjølkeLars bua","owner":"Vestre Slidre Fjellstyre","source":"UT.no","type":"Ubetjent"},"type":"Feature"},{"geometry":{"coordinates":[9.2391199999999998,60.866021000000003],"type":"Point"},"id":"hut-101312","properties":{"beds":160,"elevation":755,"name":"Merket","owner":"Røde Kors Sentrene","source":"UT.no","type":"Betjent"},"type":"Feature"},{"geometry":{"coordinates":[8.7388580000000005,61.089989000000003],"type":"Point"},"id":"hut-101313","properties":{"beds":22,"elevation":996,"name":"Syndinstøga","owner":"Syndinstøga","source":"UT.no","type":"Betjent"},"type":"Feature"},{"geometry":{"coordinates":[8.9404920000000008,58.635010999999999],"type":"Point"},"id":"hut-101317435","properties":{"elevation":166,"name":"Melåshytta - dagsturhytta i Tvedestrand","owner":"Dagsturhytta Agder","source":"UT.no","type":"Dagsturhytte"},"type":"Feature"},{"geometry":{"coordinates":[12.122128,62.045392],"type":"Point"},"id":"hut-101317674","properties":{"beds":4,"elevation":725,"name":"Sveenkoia - Koselig skogskoie ved Gutulia nasjonalpark- Engerdal fjellstyre","owner":"Fjellstyrene","source":"UT.no","type":"Utleiehytte"},"type":"Feature"},{"geometry":{"coordinates":[11.982021,62.034602],"type":"Point"},"id":"hut-101317675","properties":{"beds":4,"elevation":785,"name":"Kroketsjøkoia ved Kroketsjøen i Engerdal - Engerdal fjellstyre.","owner":"Fjellstyrene","source":"UT.no","type":"Utleiehytte"},"type":"Feature"},{"geometry":{"coordinates":[11.53973,63.598303000000001],"type":"Point"},"id":"hut-101317676","properties":{"beds":6,"elevation":390,"name":"BRANOK. Fin lita hytte på nordsiden av Forra for fiske og flotte fotturer.","owner":"Fjellstyrene","source":"UT.no","type":"Utleiehytte"},"type":"Feature"},{"geometry":{"coordinates":[11.847918,63.945175999999996],"type":"Point"},"id":"hut-101317677","properties":{"beds":4,"elevation":266,"name":"Myrbekkstu - Idyllisk tømmerkoie midt i jaktterreng","owner":"Fjellstyrene","source":"UT.no","type":"Utleiehytte"},"type":"Feature"},{"geometry":{"coordinates":[11.680154,63.290278999999998],"type":"Point"},"id":"hut-101317679","properties":{"beds":4,"elevation":666,"name":"Gåsdalshytta A","owner":"Statskog","source":"UT.no","type":"Utleiehytte"},"type":"Feature"},{"geometry":{"coordinates":[8.2588279999999994,61.879150000000003],"type":"Point"},"id":"hut-101317681","properties":{"elevation":401,"name":"Dagsturhytta i Skjåk kommune","owner":"Dagsturhytta Innlandet","source":"UT.no","type":"Dagsturhytte"},"type":"Feature"},{"geometry":{"coordinates":[10.186640000000001,61.493001],"type":"Point"},"id":"hut-101317682","properties":{"elevation":444,"name":"Dagsturhytta i Ringebu kommune","owner":"Dagsturhytta Innlandet","source":"UT.no","type":"Dagsturhytte"},"type":"Feature"},{"geometry":{"coordinates":[10.121931999999999,59.926402000000003],"type":"Point"},"id":"hut-101317683","properties":{"beds":8,"elevation":473,"name":"Nykjua","owner":"Statskog","source":"UT.no","type":"Utleiehytte"},"type":"Feature"},{"geometry":{"coordinates":[8.7807309999999994,61.853723000000002],"type":"Point"},"id":"hut-101317684","properties":{"elevation":640,"name":"Dagsturhytta i Lom kommune","owner":"Dagsturhytta Innlandet","source":"UT.no","type":"Dagsturhytte"},"type":"Feature"},{"geometry":{"coordinates":[9.3530219999999993,59.728589999999997],"type":"Point"},"id":"hut-101317686","properties":{"beds":105,"elevation":414,"name":"Søstrene Storaas Hotell","owner":"Søstrene Storaas","source":"UT.no","type":"Betjent"},"type":"Feature"},{"geometry":{"coordinates":[11.836615999999999,64.350832999999994],"type":"Point"},"id":"hut-101317687","properties":{"beds":8,"elevation":161,"name":"Framnes, Overhalla Fjellstyre","owner":"Fjellstyrene","source":"UT.no","type":"Utleiehytte"},"type":"Feature"},{"geometry":{"coordinates":[11.029942,63.351925000000001],"type":"Point"},"id":"hut-101317688","properties":{"beds":5,"elevation":426,"name":"Burheim, hytte i Stjørdal, passe nær Trondheim","owner":"Fjellstyrene","source":"UT.no","type":"Utleiehytte"},"type":"Feature"},{"geometry":{"coordinates":[5.7824619999999998,58.724249],"type":"Point"},"id":"hut-101317690","properties":{"elevation":112,"name":"Melsbu - Dagsturhytta i Time kommune","owner":"Dagsturhytta Rogaland","source":"UT.no","type":"Dagsturhytte"},"type":"Feature"},{"geometry":{"coordinates":[6.3243549999999997,59.647939000000001],"type":"Point"},"id":"hut-101317691","properties":{"elevation":165,"name":"Giljafjellhyttå — Dagsturhytta i Sauda kommune","owner":"Dagsturhytta Rogaland","source":"UT.no","type":"Dagsturhytte"},"type":"Feature"},{"geometry":{"coordinates":[10.417983,59.878694000000003],"type":"Point"},"id":"hut-101317692","properties":{"elevation":295,"name":"Markastua Gupu gård","owner":"Gupu Gård","source":"UT.no","type":"Servering"},"type":"Feature"},{"geometry":{"coordinates":[11.435415000000001,59.172592000000002],"type":"Point"},"id":"hut-101317693","properties":{"elevation":234,"name":"Høiåshytta","owner":"Halden skiklubb","source":"UT.no","type":"Servering"},"type":"Feature"},{"geometry":{"coordinates":[11.417272000000001,59.152870999999998],"type":"Point"},"id":"hut-101317694","properties":{"elevation":191,"name":"Venåshytta","owner":"Gimle idrettsforening","source":"UT.no","type":"Servering"},"type":"Feature"},{"geometry":{"coordinates":[10.584649000000001,59.675092999999997],"type":"Point"},"id":"hut-101317695","properties":{"beds":6,"elevation":3,"name":"Bergholmen Mineverkstedet","owner":"Oslofjordens Friluftsråd","source":"UT.no","type":"Ubetjent"},"type":"Feature"},{"geometry":{"coordinates":[11.966473000000001,63.918315999999997],"type":"Point"},"id":"hut-101317703","properties":{"beds":3,"elevation":433,"name":"Grandsetra - tømmerhytte i flotte naturomgivelser!","owner":"Fjellstyrene","source":"UT.no","type":"Utleiehytte"},"type":"Feature"},{"geometry":{"coordinates":[11.597021,63.528775000000003],"type":"Point"},"id":"hut-101317704","properties":{"beds":4,"elevation":392,"name":"Reinåvollen, hytte i Stjørdal, passe nær Trondheim","owner":"Fjellstyrene","source":"UT.no","type":"Utleiehytte"},"type":"Feature"},{"geometry":{"coordinates":[11.599053,63.586055000000002],"type":"Point"},"id":"hut-101317705","properties":{"beds":4,"elevation":400,"name":"Sillermoen i Stjørdal, passe nærme Trondheim","owner":"Fjellstyrene","source":"UT.no","type":"Utleiehytte"},"type":"Feature"},{"geometry":{"coordinates":[11.539294999999999,63.571294999999999],"type":"Point"},"id":"hut-101317706","properties":{"beds":6,"elevation":404,"name":"Vigdevann Vest, hytte i Stjørdal, passe nær Trondheim","owner":"Fjellstyrene","source":"UT.no","type":"Utleiehytte"},"type":"Feature"},{"geometry":{"coordinates":[11.45979,63.546475000000001],"type":"Point"},"id":"hut-101317707","properties":{"beds":7,"elevation":416,"name":"Fremre Almlivoll","owner":"Fjellstyrene","source":"UT.no","type":"Utleiehytte"},"type":"Feature"},{"geometry":{"coordinates":[6.1126319999999996,61.356974999999998],"type":"Point"},"id":"hut-101317709","properties":{"elevation":283,"name":"Haugaro - dagsturhytte i Viksdalen","owner":"Indre Sunnfjord Turlag","source":"UT.no","type":"Dagsturhytte"},"type":"Feature"},{"geometry":{"coordinates":[9.2512299999999996,58.980421999999997],"type":"Point"},"id":"hut-101317710","properties":{"elevation":66,"name":"Merkebekkbua","owner":"DNT Telemark","source":"UT.no","type":"Stengt"},"type":"Feature"},{"geometry":{"coordinates":[8.7448639999999997,60.933314000000003],"type":"Point"},"id":"hut-101317711","properties":{"beds":4,"elevation":869,"name":"Baklibue i Vestre Slidre statsallmenning, Valdres","owner":"Fjellstyrene","source":"UT.no","type":"Utleiehytte"},"type":"Feature"},{"geometry":{"coordinates":[8.1070320000000002,58.113404000000003],"type":"Point"},"id":"hut-101317712","properties":{"beds":5,"elevation":5,"name":"Dokkestua på Stokken","owner":"Bragdøya kystlag","source":"UT.no","type":"Utleiehytte"},"type":"Feature"},{"geometry":{"coordinates":[8.1071340000000003,58.112678000000002],"type":"Point"},"id":"hut-101317713","properties":{"beds":10,"elevation":7,"name":"Våningshuset på Stokken","owner":"Bragdøya kystlag","source":"UT.no","type":"Utleiehytte"},"type":"Feature"},{"geometry":{"coordinates":[8.0596060000000005,58.106665],"type":"Point"},"id":"hut-101317714","properties":{"beds":3,"elevation":10,"name":"Vakthytta på Dvergsøya","owner":"Bragdøya kystlag","source":"UT.no","type":"Utleiehytte"},"type":"Feature"},{"geometry":{"coordinates":[7.9917439999999997,58.119841000000001],"type":"Point"},"id":"hut-101317715","properties":{"beds":10,"elevation":11,"name":"Gerrards Villa på Bragdøya","owner":"Bragdøya kystlag","source":"UT.no","type":"Utleiehytte"},"type":"Feature"},{"geometry":{"coordinates":[8.059564,58.108505000000001],"type":"Point"},"id":"hut-101317716","properties":{"beds":10,"elevation":10,"name":"Dvergsløa på Dvergsøya","owner":"Bragdøya kystlag","source":"UT.no","type":"Utleiehytte"},"type":"Feature"},{"geometry":{"coordinates":[6.3863029999999998,60.636656000000002],"type":"Point"},"id":"hut-101317719","properties":{"elevation":607,"name":"Dagsturhytta på Voss","owner":"Voss Utferdslag","source":"UT.no","type":"Dagsturhytte"},"type":"Feature"},{"geometry":{"coordinates":[11.847896,63.945149999999998],"type":"Point"},"id":"hut-101317720","properties":{"beds":4,"elevation":266,"name":"Myrbekkstu","owner":"Steinkjer fjellstyre","source":"UT.no","type":"Utleiehytte"},"type":"Feature"},{"geometry":{"coordinates":[11.017972,59.347093000000001],"type":"Point"},"id":"hut-101317721","properties":{"beds":5,"elevation":24,"name":"Valbrekka","owner":"Statskog","source":"UT.no","type":"Utleiehytte"},"type":"Feature"},{"geometry":{"coordinates":[10.565791000000001,59.736593999999997],"type":"Point"},"id":"hut-101317722","properties":{"beds":123,"elevation":11,"name":"Hyttene på Lågøya","owner":"Sameiet Lågøya","source":"UT.no","type":"Ubetjent"},"type":"Feature"},{"geometry":{"coordinates":[10.307204,61.501067999999997],"type":"Point"},"id":"hut-101317725","properties":{"beds":35,"elevation":880,"name":"Skotten Seter - Bed & Husky","owner":"Skotten Seter - Bed & Husky","source":"UT.no","type":"Betjent"},"type":"Feature"},{"geometry":{"coordinates":[11.601767000000001,61.789205000000003],"type":"Point"},"id":"hut-101317730","properties":{"beds":2,"elevation":679,"name":"Kløftkoia","owner":"Statskog","source":"UT.no","type":"Ubetjent"},"type":"Feature"},{"geometry":{"coordinates":[4.8600269999999997,60.521242999999998],"type":"Point"},"id":"hut-101317731","properties":{"elevation":37,"name":"Rambua dagsturhytte","owner":"DNT Øygarden","source":"UT.no","type":"Dagsturhytte"},"type":"Feature"},{"geometry":{"coordinates":[9.6129020000000001,61.761338000000002],"type":"Point"},"id":"hut-101317732","properties":{"beds":2,"elevation":904,"name":"Kringseterbua i Sel. Liten hytte i et idyllisk seterområde. Rike muligheter for jakt og fiske.","owner":"Fjellstyrene","source":"UT.no","type":"Utleiehytte"},"type":"Feature"},{"geometry":{"coordinates":[8.0621989999999997,59.851942999999999],"type":"Point"},"id":"hut-101317733","properties":{"beds":40,"elevation":937,"name":"Møsstrond Turisthytte","owner":"Møsstrond Turisthytte","source":"UT.no","type":"Selvbetjent"},"type":"Feature"},{"geometry":{"coordinates":[9.0763010000000008,61.875714000000002],"type":"Point"},"id":"hut-101317734","properties":{"elevation":534,"name":"Dagsturhytta i Vågå kommune","owner":"Dagsturhytta Innlandet","source":"UT.no","type":"Dagsturhytte"},"type":"Feature"},{"geometry":{"coordinates":[9.8440639999999995,62.337975999999998],"type":"Point"},"id":"hut-101317735","properties":{"beds":2,"elevation":1036,"name":"Helgeroa. Liten bu med flott beliggenhet vest i Einunndalen","owner":"Fjellstyrene","source":"UT.no","type":"Utleiehytte"},"type":"Feature"},{"geometry":{"coordinates":[9.9917730000000002,62.335408999999999],"type":"Point"},"id":"hut-101317736","properties":{"beds":5,"elevation":1008,"name":"Småbakkan. Lett tilgjengelig hytte midt i Einundalen","owner":"Fjellstyrene","source":"UT.no","type":"Utleiehytte"},"type":"Feature"},{"geometry":{"coordinates":[11.031503000000001,62.522694000000001],"type":"Point"},"id":"hut-101317737","properties":{"elevation":848,"name":"Dagsturhytta i Os kommune","owner":"Dagsturhytta Innlandet","source":"UT.no","type":"Dagsturhytte"},"type":"Feature"},{"geometry":{"coordinates":[12.052237999999999,61.616447000000001],"type":"Point"},"id":"hut-101317738","properties":{"elevation":568,"name":"Dagsturhytta i Engerdal","owner":"Dagsturhytta Innlandet","source":"UT.no","type":"Dagsturhytte"},"type":"Feature"},{"geometry":{"coordinates":[10.048171,59.813688999999997],"type":"Point"},"id":"hut-101317740","properties":{"elevation":492,"name":"Furten dagsturhytte","owner":"Drammen Kommune","source":"UT.no","type":"Dagsturhytte"},"type":"Feature"},{"geometry":{"coordinates":[5.8898450000000002,61.093158000000003],"type":"Point"},"id":"hut-101317742","properties":{"elevation":322,"name":"Åsenutsikta - dagsturhytta på Søreide","owner":"Høyanger kommune","source":"UT.no","type":"Dagsturhytte"},"type":"Feature"},{"geometry":{"coordinates":[11.38869,62.578299999999999],"type":"Point"},"id":"hut-101317747","properties":{"beds":24,"elevation":664,"name":"Erzscheidergården","owner":"Røroshotellene","source":"UT.no","type":"Betjent"},"type":"Feature"},{"geometry":{"coordinates":[8.8819199999999991,61.327494999999999],"type":"Point"},"id":"hut-101317748","properties":{"beds":3,"elevation":1032,"name":"\"Vinterbu\" Sanddalen - ved Vinstervatnet","owner":"Fjellstyrene","source":"UT.no","type":"Utleiehytte"},"type":"Feature"},{"geometry":{"coordinates":[9.2205879999999993,60.980558000000002],"type":"Point"},"id":"hut-101317749","properties":{"elevation":541,"name":"Dagsturhytta i Nord-Aurdal kommune","owner":"Dagsturhytta Innlandet","source":"UT.no","type":"Dagsturhytte"},"type":"Feature"},{"geometry":{"coordinates":[10.897716000000001,60.707138999999998],"type":"Point"},"id":"hut-101317750","properties":{"elevation":131,"name":"Dagsturhytta i Østre Toten kommune","owner":"Dagsturhytta Innlandet","source":"UT.no","type":"Dagsturhytte"},"type":"Feature"},{"geometry":{"coordinates":[10.591151,60.943434000000003],"type":"Point"},"id":"hut-101317755","properties":{"elevation":415,"name":"Biri - dagsturhytta i Gjøvik kommune","owner":"Dagsturhytta Innlandet","source":"UT.no","type":"Dagsturhytte"},"type":"Feature"},{"geometry":{"coordinates":[11.766494,61.299770000000002],"type":"Point"},"id":"hut-101317757","properties":{"elevation":440,"name":"Dagsturhytta i Åmot kommue","owner":"Dagsturhytta Innlandet","source":"UT.no","type":"Dagsturhytte"},"type":"Feature"},{"geometry":{"coordinates":[11.643756,63.610760999999997],"type":"Point"},"id":"hut-101317758","properties":{"beds":2,"elevation":409,"name":"Glunkbu - en åpen hytte på Frolfjllet","owner":"Fjellstyrene","source":"UT.no","type":"Utleiehytte"},"type":"Feature"},{"geometry":{"coordinates":[10.884452,63.858535000000003],"type":"Point"},"id":"hut-101317760","properties":{"elevation":160,"name":"Grandseterstu","owner":"Statskog","source":"UT.no","type":"Dagsturhytte"},"type":"Feature"},{"geometry":{"coordinates":[11.135303,59.145961999999997],"type":"Point"},"id":"hut-101317762","properties":{"beds":7,"elevation":18,"name":"Bukkenes","owner":"Oslofjordens Friluftsråd","source":"UT.no","type":"Ubetjent"},"type":"Feature"},{"geometry":{"coordinates":[10.655559,59.869163],"type":"Point"},"id":"hut-101317763","properties":{"beds":8,"elevation":6,"name":"Hesteløkka","owner":"Oslofjordens Friluftsråd","source":"UT.no","type":"Ubetjent"},"type":"Feature"},{"geometry":{"coordinates":[10.605012,59.643661999999999],"type":"Point"},"id":"hut-101317764","properties":{"beds":6,"elevation":5,"name":"Storsand","owner":"Oslofjordens Friluftsråd","source":"UT.no","type":"Ubetjent"},"type":"Feature"},{"geometry":{"coordinates":[10.096451999999999,59.016778000000002],"type":"Point"},"id":"hut-101317765","properties":{"beds":6,"elevation":4,"name":"Trabukta","owner":"Oslofjordens Friluftsråd","source":"UT.no","type":"Ubetjent"},"type":"Feature"},{"geometry":{"coordinates":[11.973557,63.422513000000002],"type":"Point"},"id":"hut-101317767","properties":{"beds":2,"elevation":620,"name":"Tjønndalen","owner":"Statskog","source":"UT.no","type":"Utleiehytte"},"type":"Feature"},{"geometry":{"coordinates":[11.378322000000001,63.776190999999997],"type":"Point"},"id":"hut-101317768","properties":{"elevation":1,"name":"Dagsturhytta i Levanger","owner":"Dagsturhytta Trøndelag","source":"UT.no","type":"Dagsturhytte"},"type":"Feature"},{"geometry":{"coordinates":[10.200056,64.185597999999999],"type":"Point"},"id":"hut-101317769","properties":{"elevation":51,"name":"Dagsturhytta Utro","owner":"Dagsturhytta Trøndelag","source":"UT.no","type":"Dagsturhytte"},"type":"Feature"},{"geometry":{"coordinates":[10.537343,61.258288],"type":"Point"},"id":"hut-101317771","properties":{"elevation":865,"name":"Dagsturhytta i Øyer kommune","owner":"Dagsturhytta Innlandet","source":"UT.no","type":"Dagsturhytte"},"type":"Feature"},{"geometry":{"coordinates":[20.983153000000001,69.190849999999998],"type":"Point"},"id":"hut-101317773","properties":{"elevation":817,"name":"Loassuhytta","owner":"Statskog","source":"UT.no","type":"Utleiehytte"},"type":"Feature"},{"geometry":{"coordinates":[21.130281,69.283243999999996],"type":"Point"},"id":"hut-101317774","properties":{"elevation":810,"name":"Bizushytta","owner":"Statskog","source":"UT.no","type":"Utleiehytte"},"type":"Feature"},{"geometry":{"coordinates":[7.7737610000000004,60.759836],"type":"Point"},"id":"hut-101317779","properties":{"beds":4,"elevation":1641,"name":"Skorpebu - Hol fjellstyre","owner":"Fjellstyrene","source":"UT.no","type":"Utleiehytte"},"type":"Feature"},{"geometry":{"coordinates":[9.0910290000000007,58.92248],"type":"Point"},"id":"hut-101317781","properties":{"beds":6,"elevation":147,"name":"Måvannshytta","owner":"Statskog","source":"UT.no","type":"Utleiehytte"},"type":"Feature"},{"geometry":{"coordinates":[6.7430849999999998,59.301971999999999],"type":"Point"},"id":"hut-101317783","properties":{"beds":16,"elevation":1059,"name":"Blåfjellhytta","owner":"Fjellstyrene","source":"UT.no","type":"Utleiehytte"},"type":"Feature"},{"geometry":{"coordinates":[29.727288000000001,85.468779999999995],"type":"Point"},"id":"hut-101317784","properties":{"beds":10,"name":"Tverrelvneset","owner":"Brurskanken Turlag","source":"UT.no","type":"Ubetjent"},"type":"Feature"},{"geometry":{"coordinates":[8.7165750000000006,59.057111999999996],"type":"Point"},"id":"hut-101317787","properties":{"elevation":465,"name":"Langmyrstuene","owner":"Gautefall Turlag","source":"UT.no","type":"Utleiehytte"},"type":"Feature"},{"geometry":{"coordinates":[10.094128,61.335844999999999],"type":"Point"},"id":"hut-10132","properties":{"beds":83,"elevation":758,"name":"Thon Hotell Skeikampen","owner":"Thon Hotels","source":"UT.no","type":"Betjent"},"type":"Feature"},{"geometry":{"coordinates":[9.0136800000000008,59.476410000000001],"type":"Point"},"id":"hut-101324","properties":{"beds":53,"elevation":760,"name":"Lifjellstua","owner":"Lifjellstua","source":"UT.no","type":"Betjent"},"type":"Feature"},{"geometry":{"coordinates":[6.8216000000000001,61.199010000000001],"type":"Point"},"id":"hut-101326","properties":{"elevation":525,"name":"Orrabu - dagsturhytte i Sogndal kommune","owner":"Sogndal kommune","source":"UT.no","type":"Dagsturhytte"},"type":"Feature"},{"geometry":{"coordinates":[5.83725,61.922260000000001],"type":"Point"},"id":"hut-101328","properties":{"elevation":473,"name":"Naustdalskamben - dagsturhytte i Stad kommune","owner":"Stad kommune","source":"UT.no","type":"Dagsturhytte"},"type":"Feature"},{"geometry":{"coordinates":[5.9145099999999999,61.455710000000003],"type":"Point"},"id":"hut-101330","properties":{"elevation":249,"name":"Gyttakvia - dagsturhytte i Sunnfjord kommune","owner":"Sunnfjord kommune","source":"UT.no","type":"Dagsturhytte"},"type":"Feature"},{"geometry":{"coordinates":[5.6404899999999998,61.511679999999998],"type":"Point"},"id":"hut-101331","properties":{"elevation":733,"name":"Steinkorshytta - dagsturhytte i Sunnfjord kommune","owner":"Sunnfjord kommune","source":"UT.no","type":"Dagsturhytte"},"type":"Feature"},{"geometry":{"coordinates":[5.9658100000000003,61.216749999999998],"type":"Point"},"id":"hut-101332","properties":{"elevation":605,"name":"Synkenhytta - dagsturhytta i Høyanger","owner":"Høyanger kommune","source":"UT.no","type":"Dagsturhytte"},"type":"Feature"},{"geometry":{"coordinates":[5.3284070000000003,61.621043999999998],"type":"Point"},"id":"hut-101333","properties":{"elevation":443,"name":"Fløgjen - dagsturhytte i Kinn kommune","owner":"Kinn kommune","source":"UT.no","type":"Dagsturhytte"},"type":"Feature"},{"geometry":{"coordinates":[6.6928460000000003,61.914498999999999],"type":"Point"},"id":"hut-101334","properties":{"elevation":186,"name":"Kloppemyrhytta - dagsturhytta i Stryn","owner":"Stryn kommune","source":"UT.no","type":"Dagsturhytte"},"type":"Feature"},{"geometry":{"coordinates":[7.0921000000000003,61.220889999999997],"type":"Point"},"id":"hut-101335","properties":{"elevation":300,"name":"Stedjestova - dagsturhytte i Sogndal kommune","owner":"Sogndal kommune","source":"UT.no","type":"Dagsturhytte"},"type":"Feature"},{"geometry":{"coordinates":[7.8262600000000004,61.318339999999999],"type":"Point"},"id":"hut-101336","properties":{"elevation":246,"name":"Moakamben - dagsturhytta i Årdal","owner":"Årdal kommune","source":"UT.no","type":"Dagsturhytte"},"type":"Feature"},{"geometry":{"coordinates":[7.2006699999999997,60.908880000000003],"type":"Point"},"id":"hut-101337","properties":{"elevation":303,"name":"Vinjeåsenhytta - dagsturhytta i Aurland","owner":"Aurland kommune","source":"UT.no","type":"Dagsturhytte"},"type":"Feature"},{"geometry":{"coordinates":[5.0661899999999997,60.98386],"type":"Point"},"id":"hut-101338","properties":{"elevation":150,"name":"Gulakvila - dagsturhytta i Gulen","owner":"Gulen kommune","source":"UT.no","type":"Dagsturhytte"},"type":"Feature"},{"geometry":{"coordinates":[4.8603500000000004,61.051369999999999],"type":"Point"},"id":"hut-101339","properties":{"elevation":14,"name":"Sognesjøhytta - dagsturhytta i Solund","owner":"Solund kommune","source":"UT.no","type":"Dagsturhytte"},"type":"Feature"},{"geometry":{"coordinates":[5.4092599999999997,60.371830000000003],"type":"Point"},"id":"hut-101340","properties":{"beds":30,"elevation":644,"name":"Turnerhytten","owner":"Stiftelsen Turnerhytten","source":"UT.no","type":"Servering"},"type":"Feature"},{"geometry":{"coordinates":[6.5055899999999998,61.976059999999997],"type":"Point"},"id":"hut-101342","properties":{"elevation":196,"name":"Nakkebruna - dagsturhytta i Volda kommune","owner":"Volda kommune","source":"UT.no","type":"Dagsturhytte"},"type":"Feature"},{"geometry":{"coordinates":[7.3340399999999999,61.334629999999997],"type":"Point"},"id":"hut-101343","properties":{"elevation":7,"name":"Eikjabu - dagsturhytta i Luster","owner":"Luster Turlag","source":"UT.no","type":"Dagsturhytte"},"type":"Feature"},{"geometry":{"coordinates":[5.3423999999999996,61.184950000000001],"type":"Point"},"id":"hut-101344","properties":{"elevation":259,"name":"Sørefjordhytta - dagsturhytta i Hyllestad","owner":"Hyllestad kommune","source":"UT.no","type":"Dagsturhytte"},"type":"Feature"},{"geometry":{"coordinates":[5.0439800000000004,61.27243],"type":"Point"},"id":"hut-101345","properties":{"elevation":251,"name":"Vidsyn - dagsturhytta i Fjaler","owner":"Fjaler kommune","source":"UT.no","type":"Dagsturhytte"},"type":"Feature"},{"geometry":{"coordinates":[12.646763,60.563704999999999],"type":"Point"},"id":"hut-101347","properties":{"elevation":463,"name":"Røjden","source":"UT.no","type":"Ubetjent"},"type":"Feature"},{"geometry":{"coordinates":[8.7845840000000006,60.534855999999998],"type":"Point"},"id":"hut-101351","properties":{"beds":60,"elevation":946,"name":"Ranten hotell","owner":"Event Nesfjellet","source":"UT.no","type":"Betjent"},"type":"Feature"},{"geometry":{"coordinates":[12.24009,59.930680000000002],"type":"Point"},"id":"hut-101352","properties":{"beds":40,"elevation":132,"name":"Morokulien turistbyrå","source":"UT.no","type":"Betjent"},"type":"Feature"},{"geometry":{"coordinates":[23.038920000000001,69.011717000000004],"type":"Point"},"id":"hut-101354","properties":{"elevation":321,"name":"Kautokeino Villmarkssenter","source":"UT.no","type":"Betjent"},"type":"Feature"},{"geometry":{"coordinates":[9.6853300000000004,61.811450000000001],"type":"Point"},"id":"hut-101371","properties":{"beds":55,"elevation":894,"name":"Rondane Fjellstue","owner":"Rondane Høyfjellshotell","source":"UT.no","type":"Betjent"},"type":"Feature"},{"geometry":{"coordinates":[10.749069,60.078842999999999],"type":"Point"},"id":"hut-101373","properties":{"elevation":385,"name":"Gørjahytta","owner":"Skiforeningen","source":"UT.no","type":"Servering"},"type":"Feature"},{"geometry":{"coordinates":[18.590928000000002,68.286236000000002],"type":"Point"},"id":"hut-101374","properties":{"beds":53,"elevation":488,"name":"Abiskojaure Fjällstuga","owner":"Svenska Turistföreningen","source":"UT.no","type":"Selvbetjent"},"type":"Feature"},{"geometry":{"coordinates":[8.2583909999999996,61.354501999999997],"type":"Point"},"id":"hut-101376","properties":{"beds":80,"elevation":1091,"name":"Tyinholmen Høyfjellsstuer","owner":"Tyinholmen Høyfjellstuer","source":"UT.no","type":"Betjent"},"type":"Feature"},{"geometry":{"coordinates":[6.8915090000000001,60.701777],"type":"Point"},"id":"hut-101386","properties":{"beds":50,"elevation":638,"name":"Kårdal fjellstove","owner":"Kårdal fjellstove","source":"UT.no","type":"Betjent"},"type":"Feature"},{"geometry":{"coordinates":[5.1289470000000001,61.925232000000001],"type":"Point"},"id":"hut-101390","properties":{"elevation":138,"name":"Kletten - dagsturhytte i Kinn kommune","owner":"Kinn kommune","source":"UT.no","type":"Dagsturhytte"},"type":"Feature"},{"geometry":{"coordinates":[4.8525859999999996,61.860284],"type":"Point"},"id":"hut-101391","properties":{"elevation":521,"name":"Vetehytta - dagsturhytta i Bremanger","owner":"Bremanger kommune","source":"UT.no","type":"Dagsturhytte"},"type":"Feature"},{"geometry":{"coordinates":[12.224921,60.535167000000001],"type":"Point"},"id":"hut-1014","properties":{"beds":6,"elevation":360,"name":"Hansekoia","source":"UT.no","type":"Ubetjent"},"type":"Feature"},{"geometry":{"coordinates":[10.528589999999999,60.570970000000003],"type":"Point"},"id":"hut-10141","properties":{"beds":4,"elevation":654,"name":"Kjerringfred","source":"UT.no","type":"Nødbu"},"type":"Feature"},{"geometry":{"coordinates":[6.4557200000000003,59.420819999999999],"type":"Point"},"id":"hut-10147","properties":{"beds":110,"elevation":569,"name":"Gullingen turistsenter","owner":"Gullingen leirskule","source":"UT.no","type":"Betjent"},"type":"Feature"},{"geometry":{"coordinates":[12.297786,60.141739000000001],"type":"Point"},"id":"hut-1015","properties":{"beds":2,"elevation":208,"name":"Masterud","source":"UT.no","type":"Ubetjent"},"type":"Feature"},{"geometry":{"coordinates":[12.631525999999999,60.446483000000001],"type":"Point"},"id":"hut-10151","properties":{"elevation":449,"name":"Abbortjärnsberg","source":"UT.no","type":"Nødbu"},"type":"Feature"},{"geometry":{"coordinates":[12.010586999999999,61.068040000000003],"type":"Point"},"id":"hut-1016","properties":{"beds":6,"elevation":458,"name":"Håsætra","source":"UT.no","type":"Stengt"},"type":"Feature"},{"geometry":{"coordinates":[8.1177379999999992,61.179749999999999],"type":"Point"},"id":"hut-10162","properties":{"beds":22,"elevation":967,"name":"Kyrkjestølen B&B","owner":"Kyrkjestølen","source":"UT.no","type":"Betjent"},"type":"Feature"},{"geometry":{"coordinates":[11.38655,62.57629],"type":"Point"},"id":"hut-10163","properties":{"beds":65,"elevation":641,"name":"Vertshuset Røros","owner":"Røroshotellene","source":"UT.no","type":"Betjent"},"type":"Feature"},{"geometry":{"coordinates":[16.58991,68.625389999999996],"type":"Point"},"id":"hut-10164","properties":{"elevation":26,"name":"Tjeldsundbrua Kro og Hotell","owner":"Tjeldsundbrua Hotel","source":"UT.no","type":"Betjent"},"type":"Feature"},{"geometry":{"coordinates":[10.616899999999999,59.443669999999997],"type":"Point"},"id":"hut-10165","properties":{"elevation":21,"name":"Hotell Refsnes Gods","source":"UT.no","type":"Betjent"},"type":"Feature"},{"geometry":{"coordinates":[9.1052160000000004,62.542186000000001],"type":"Point"},"id":"hut-10166","properties":{"beds":30,"elevation":200,"name":"Gjøra Kro og Camping","source":"UT.no","type":"Ubetjent"},"type":"Feature"},{"geometry":{"coordinates":[9.7807200000000005,61.509050000000002],"type":"Point"},"id":"hut-10167","properties":{"elevation":886,"name":"Gålå Høgfjellshotell","source":"UT.no","type":"Betjent"},"type":"Feature"},{"geometry":{"coordinates":[7.1892300000000002,60.907119999999999],"type":"Point"},"id":"hut-10168","properties":{"elevation":12,"name":"Aurland Fjordhotell","source":"UT.no","type":"Betjent"},"type":"Feature"},{"geometry":{"coordinates":[9.8460900000000002,63.298630000000003],"type":"Point"},"id":"hut-10169","properties":{"elevation":13,"name":"Bårdshaug Herregård","owner":"De Historiske","source":"UT.no","type":"Betjent"},"type":"Feature"},{"geometry":{"coordinates":[20.870560000000001,69.016239999999996],"type":"Point"},"id":"hut-10170","properties":{"elevation":484,"name":"Lapland Hotels Kilpis","source":"UT.no","type":"Betjent"},"type":"Feature"},{"geometry":{"coordinates":[24.1922,69.475800000000007],"type":"Point"},"id":"hut-10171","properties":{"beds":4,"elevation":370,"name":"Rágesluobbalat","source":"UT.no","type":"Ubetjent"},"type":"Feature"},{"geometry":{"coordinates":[11.029120000000001,63.232640000000004],"type":"Point"},"id":"hut-10172","properties":{"beds":116,"elevation":169,"name":"Thon Partner Hotel Selbusjøen","owner":"Selbusjøen Hotell og Gjestegård","source":"UT.no","type":"Betjent"},"type":"Feature"},{"geometry":{"coordinates":[11.526928,61.810091],"type":"Point"},"id":"hut-10172260","properties":{"beds":2,"elevation":844,"name":"Sandbu","owner":"Statskog","source":"UT.no","type":"Ubetjent"},"type":"Feature"},{"geometry":{"coordinates":[10.102543000000001,59.954822],"type":"Point"},"id":"hut-10172261","properties":{"beds":4,"elevation":568,"name":"Lunnaashytta","owner":"Statskog","source":"UT.no","type":"Ubetjent"},"type":"Feature"},{"geometry":{"coordinates":[14.731052,66.849908999999997],"type":"Point"},"id":"hut-10172263","properties":{"beds":2,"elevation":445,"name":"Kvasshåghytta","owner":"Statskog","source":"UT.no","type":"Ubetjent"},"type":"Feature"},{"geometry":{"coordinates":[14.575144,66.735125999999994],"type":"Point"},"id":"hut-10172264","properties":{"beds":2,"elevation":713,"name":"Staupådalsbua","owner":"Statskog","source":"UT.no","type":"Ubetjent"},"type":"Feature"},{"geometry":{"coordinates":[15.912336,67.457059999999998],"type":"Point"},"id":"hut-10172265","properties":{"beds":4,"elevation":193,"name":"Storskogvasshytta","owner":"Statskog","source":"UT.no","type":"Ubetjent"},"type":"Feature"},{"geometry":{"coordinates":[11.572412,61.740890999999998],"type":"Point"},"id":"hut-10172266","properties":{"beds":3,"elevation":689,"name":"Raudvolbua","owner":"Statskog","source":"UT.no","type":"Ubetjent"},"type":"Feature"},{"geometry":{"coordinates":[11.111321999999999,61.436056000000001],"type":"Point"},"id":"hut-10172267","properties":{"elevation":671,"name":"Ljørkoia på Tronkberget","owner":"Statskog","source":"UT.no","type":"Dagsturhytte"},"type":"Feature"},{"geometry":{"coordinates":[12.548021,61.391097000000002],"type":"Point"},"id":"hut-10172269","properties":{"beds":3,"elevation":671,"name":"Granbekkoia","owner":"Statskog","source":"UT.no","type":"Ubetjent"},"type":"Feature"},{"geometry":{"coordinates":[12.291278,61.027439000000001],"type":"Point"},"id":"hut-10172270","properties":{"beds":10,"elevation":423,"name":"Høljefallskoia","owner":"Statskog","source":"UT.no","type":"Ubetjent"},"type":"Feature"},{"geometry":{"coordinates":[9.5294209999999993,59.570678999999998],"type":"Point"},"id":"hut-10172271","properties":{"beds":2,"elevation":413,"name":"Fossvannskoia","owner":"Statskog","source":"UT.no","type":"Ubetjent"},"type":"Feature"},{"geometry":{"coordinates":[12.471313,60.161175],"type":"Point"},"id":"hut-10172272","properties":{"beds":3,"elevation":357,"name":"Badstua","owner":"Statskog","source":"UT.no","type":"Ubetjent"},"type":"Feature"},{"geometry":{"coordinates":[12.306891,60.854398000000003],"type":"Point"},"id":"hut-10172273","properties":{"beds":8,"elevation":299,"name":"Spritfritt","owner":"Statskog","source":"UT.no","type":"Ubetjent"},"type":"Feature"},{"geometry":{"coordinates":[12.202292999999999,60.962656000000003],"type":"Point"},"id":"hut-10172274","properties":{"beds":5,"elevation":575,"name":"Gjestgiveriet","owner":"Statskog","source":"UT.no","type":"Ubetjent"},"type":"Feature"},{"geometry":{"coordinates":[11.756733000000001,61.894646999999999],"type":"Point"},"id":"hut-10172275","properties":{"beds":4,"elevation":647,"name":"Ljørbua ved Galtstrømmen","owner":"Statskog","source":"UT.no","type":"Ubetjent"},"type":"Feature"},{"geometry":{"coordinates":[9.5522489999999998,59.645958],"type":"Point"},"id":"hut-10172276","properties":{"beds":2,"elevation":390,"name":"Barlinddalshytta","owner":"Statskog","source":"UT.no","type":"Ubetjent"},"type":"Feature"},{"geometry":{"coordinates":[11.269572,61.744408999999997],"type":"Point"},"id":"hut-10172278","properties":{"beds":1,"elevation":913,"name":"Brannvakthytta","owner":"Statskog","source":"UT.no","type":"Ubetjent"},"type":"Feature"},{"geometry":{"coordinates":[9.5227679999999992,59.596446999999998],"type":"Point"},"id":"hut-10172279","properties":{"elevation":604,"name":"Kolknutbrakka","owner":"Statskog","source":"UT.no","type":"Dagsturhytte"},"type":"Feature"},{"geometry":{"coordinates":[12.319603000000001,60.500430000000001],"type":"Point"},"id":"hut-10172280","properties":{"elevation":435,"name":"Grusetsetra","owner":"Statskog","source":"UT.no","type":"Dagsturhytte"},"type":"Feature"},{"geometry":{"coordinates":[12.750291000000001,61.320597999999997],"type":"Point"},"id":"hut-10172281","properties":{"beds":8,"elevation":421,"name":"Ljørkoia ved Kalvskinnsøra","owner":"Statskog","source":"UT.no","type":"Ubetjent"},"type":"Feature"},{"geometry":{"coordinates":[12.197945000000001,61.064895],"type":"Point"},"id":"hut-10172282","properties":{"elevation":489,"name":"Ljørkoie ved Søndagsmyrdammen","owner":"Statskog","source":"UT.no","type":"Dagsturhytte"},"type":"Feature"},{"geometry":{"coordinates":[11.201126,61.435707999999998],"type":"Point"},"id":"hut-10172283","properties":{"elevation":572,"name":"Hørstadvika","owner":"Statskog","source":"UT.no","type":"Dagsturhytte"},"type":"Feature"},{"geometry":{"coordinates":[11.209585000000001,61.428645000000003],"type":"Point"},"id":"hut-10172284","properties":{"elevation":571,"name":"Dambua","owner":"Statskog","source":"UT.no","type":"Dagsturhytte"},"type":"Feature"},{"geometry":{"coordinates":[11.981991000000001,61.882714999999997],"type":"Point"},"id":"hut-10172285","properties":{"elevation":673,"name":"Ljørkoia ved Sørsjøen","owner":"Statskog","source":"UT.no","type":"Dagsturhytte"},"type":"Feature"},{"geometry":{"coordinates":[12.314268,60.876511000000001],"type":"Point"},"id":"hut-10172286","properties":{"beds":8,"elevation":302,"name":"Kompasset","owner":"Statskog","source":"UT.no","type":"Ubetjent"},"type":"Feature"},{"geometry":{"coordinates":[10.186707999999999,59.892915000000002],"type":"Point"},"id":"hut-10172287","properties":{"elevation":600,"name":"Gjevlekollbua","owner":"Statskog","source":"UT.no","type":"Dagsturhytte"},"type":"Feature"},{"geometry":{"coordinates":[15.311907,66.427432999999994],"type":"Point"},"id":"hut-10172288","properties":{"beds":2,"elevation":673,"name":"Randalskåta","owner":"Statskog","source":"UT.no","type":"Ubetjent"},"type":"Feature"},{"geometry":{"coordinates":[11.274997000000001,61.733871000000001],"type":"Point"},"id":"hut-10172290","properties":{"beds":6,"elevation":741,"name":"Bekkedalskoia","owner":"Statskog","source":"UT.no","type":"Ubetjent"},"type":"Feature"},{"geometry":{"coordinates":[10.180707,59.941868999999997],"type":"Point"},"id":"hut-10172291","properties":{"beds":2,"elevation":420,"name":"Fallet","owner":"Statskog","source":"UT.no","type":"Ubetjent"},"type":"Feature"},{"geometry":{"coordinates":[15.940711,67.454481000000001],"type":"Point"},"id":"hut-10172293","properties":{"beds":2,"elevation":389,"name":"Sørengamma","owner":"Statskog","source":"UT.no","type":"Ubetjent"},"type":"Feature"},{"geometry":{"coordinates":[14.702209,66.839326],"type":"Point"},"id":"hut-10172294","properties":{"beds":2,"elevation":504,"name":"Reinhagen","owner":"Statskog","source":"UT.no","type":"Ubetjent"},"type":"Feature"},{"geometry":{"coordinates":[15.422829999999999,66.820668999999995],"type":"Point"},"id":"hut-10172296","properties":{"beds":4,"elevation":409,"name":"Storjordfjellkoia","owner":"Statskog","source":"UT.no","type":"Ubetjent"},"type":"Feature"},{"geometry":{"coordinates":[15.022273999999999,66.829243000000005],"type":"Point"},"id":"hut-10172297","properties":{"elevation":722,"name":"Steinstua ved Nordre Bjøllåvatnet","owner":"Statskog","source":"UT.no","type":"Dagsturhytte"},"type":"Feature"},{"geometry":{"coordinates":[16.067425,67.450151000000005],"type":"Point"},"id":"hut-10172298","properties":{"beds":2,"elevation":565,"name":"Ragohytta","owner":"Statskog","source":"UT.no","type":"Ubetjent"},"type":"Feature"},{"geometry":{"coordinates":[14.5014,66.706238999999997],"type":"Point"},"id":"hut-10172299","properties":{"beds":2,"elevation":404,"name":"Neverneshytta","owner":"Statskog","source":"UT.no","type":"Ubetjent"},"type":"Feature"},{"geometry":{"coordinates":[11.982201999999999,62.358511999999997],"type":"Point"},"id":"hut-10172300","properties":{"beds":3,"elevation":662,"name":"Røosbua","owner":"Statskog","source":"UT.no","type":"Ubetjent"},"type":"Feature"},{"geometry":{"coordinates":[11.897376,62.471561000000001],"type":"Point"},"id":"hut-10172301","properties":{"beds":10,"elevation":661,"name":"Langtjønnbua","owner":"Statskog","source":"UT.no","type":"Ubetjent"},"type":"Feature"},{"geometry":{"coordinates":[11.917700999999999,62.434263999999999],"type":"Point"},"id":"hut-10172302","properties":{"beds":2,"elevation":668,"name":"Lorthølbua","owner":"Statskog","source":"UT.no","type":"Ubetjent"},"type":"Feature"},{"geometry":{"coordinates":[12.051171999999999,62.448290999999998],"type":"Point"},"id":"hut-10172303","properties":{"beds":6,"elevation":800,"name":"Muggsjølia","owner":"Statskog","source":"UT.no","type":"Ubetjent"},"type":"Feature"},{"geometry":{"coordinates":[12.125106000000001,62.314532],"type":"Point"},"id":"hut-10172304","properties":{"beds":8,"elevation":722,"name":"Fløtarbua ved Roasten","owner":"Statskog","source":"UT.no","type":"Ubetjent"},"type":"Feature"},{"geometry":{"coordinates":[12.173261,62.406874000000002],"type":"Point"},"id":"hut-10172305","properties":{"beds":2,"elevation":839,"name":"Fautbua","owner":"Statskog","source":"UT.no","type":"Ubetjent"},"type":"Feature"},{"geometry":{"coordinates":[11.790848,62.419918000000003],"type":"Point"},"id":"hut-10172306","properties":{"beds":2,"elevation":750,"name":"Grådalsbua","owner":"Statskog","source":"UT.no","type":"Ubetjent"},"type":"Feature"},{"geometry":{"coordinates":[11.510210000000001,63.573934999999999],"type":"Point"},"id":"hut-10172307","properties":{"beds":4,"elevation":407,"name":"Buvollen","owner":"Statskog","source":"UT.no","type":"Ubetjent"},"type":"Feature"},{"geometry":{"coordinates":[12.052512,62.417940999999999],"type":"Point"},"id":"hut-10172308","properties":{"beds":3,"elevation":749,"name":"Langmyrbua","owner":"Statskog","source":"UT.no","type":"Ubetjent"},"type":"Feature"},{"geometry":{"coordinates":[12.222270999999999,62.333295999999997],"type":"Point"},"id":"hut-10172309","properties":{"beds":2,"elevation":761,"name":"Møllerbua","owner":"Statskog","source":"UT.no","type":"Ubetjent"},"type":"Feature"},{"geometry":{"coordinates":[12.173588000000001,62.317323000000002],"type":"Point"},"id":"hut-10172310","properties":{"beds":7,"elevation":747,"name":"Kløfthåbua","owner":"Statskog","source":"UT.no","type":"Ubetjent"},"type":"Feature"},{"geometry":{"coordinates":[12.105677999999999,62.432105999999997],"type":"Point"},"id":"hut-10172311","properties":{"beds":2,"elevation":801,"name":"Muggsjøbua","owner":"Statskog","source":"UT.no","type":"Ubetjent"},"type":"Feature"},{"geometry":{"coordinates":[12.240918000000001,62.349421999999997],"type":"Point"},"id":"hut-10172312","properties":{"beds":2,"elevation":760,"name":"Revbua","owner":"Statskog","source":"UT.no","type":"Ubetjent"},"type":"Feature"},{"geometry":{"coordinates":[12.014727000000001,62.405214000000001],"type":"Point"},"id":"hut-10172313","properties":{"beds":2,"elevation":733,"name":"Gubbtjønnbua","owner":"Statskog","source":"UT.no","type":"Ubetjent"},"type":"Feature"},{"geometry":{"coordinates":[11.566302,64.207807000000003],"type":"Point"},"id":"hut-10172314","properties":{"beds":4,"elevation":201,"name":"Hesttangen","owner":"Statskog","source":"UT.no","type":"Ubetjent"},"type":"Feature"},{"geometry":{"coordinates":[11.774289,62.450980000000001],"type":"Point"},"id":"hut-10172315","properties":{"beds":2,"elevation":710,"name":"Harrbekkbua","owner":"Statskog","source":"UT.no","type":"Ubetjent"},"type":"Feature"},{"geometry":{"coordinates":[11.914617,62.441805000000002],"type":"Point"},"id":"hut-10172316","properties":{"beds":6,"elevation":661,"name":"Litjrennbua","owner":"Statskog","source":"UT.no","type":"Ubetjent"},"type":"Feature"},{"geometry":{"coordinates":[11.905893000000001,62.457529999999998],"type":"Point"},"id":"hut-10172317","properties":{"beds":4,"elevation":662,"name":"Furubakken","owner":"Statskog","source":"UT.no","type":"Ubetjent"},"type":"Feature"},{"geometry":{"coordinates":[11.782520999999999,62.432417000000001],"type":"Point"},"id":"hut-10172318","properties":{"beds":2,"elevation":746,"name":"Sellesdalsbua","owner":"Statskog","source":"UT.no","type":"Ubetjent"},"type":"Feature"},{"geometry":{"coordinates":[11.492837,62.526401],"type":"Point"},"id":"hut-10172320","properties":{"beds":2,"elevation":642,"name":"Kroktrøbua","owner":"Statskog","source":"UT.no","type":"Ubetjent"},"type":"Feature"},{"geometry":{"coordinates":[11.454625,62.537146],"type":"Point"},"id":"hut-10172321","properties":{"beds":10,"elevation":626,"name":"Fløterbu ved Rismosjøen","owner":"Statskog","source":"UT.no","type":"Ubetjent"},"type":"Feature"},{"geometry":{"coordinates":[11.436035,63.550874],"type":"Point"},"id":"hut-10172322","properties":{"beds":2,"elevation":460,"name":"Ulstadtjønnhytta","owner":"Statskog","source":"UT.no","type":"Ubetjent"},"type":"Feature"},{"geometry":{"coordinates":[11.355786999999999,64.304636000000002],"type":"Point"},"id":"hut-10172323","properties":{"beds":2,"elevation":198,"name":"Fjærseterbua","owner":"Statskog","source":"UT.no","type":"Ubetjent"},"type":"Feature"},{"geometry":{"coordinates":[11.862330999999999,64.304242000000002],"type":"Point"},"id":"hut-10172324","properties":{"beds":2,"elevation":290,"name":"Sandtjønnbua","owner":"Statskog","source":"UT.no","type":"Ubetjent"},"type":"Feature"},{"geometry":{"coordinates":[11.989976,62.424328000000003],"type":"Point"},"id":"hut-10172325","properties":{"beds":2,"elevation":694,"name":"Grunnhåbua","owner":"Statskog","source":"UT.no","type":"Ubetjent"},"type":"Feature"},{"geometry":{"coordinates":[11.468878,63.417461000000003],"type":"Point"},"id":"hut-10172326","properties":{"elevation":608,"name":"Varghiet","owner":"Statskog","source":"UT.no","type":"Dagsturhytte"},"type":"Feature"},{"geometry":{"coordinates":[15.198397,66.378659999999996],"type":"Point"},"id":"hut-10172327","properties":{"beds":1,"elevation":533,"name":"Verdalen","owner":"Statskog","source":"UT.no","type":"Ubetjent"},"type":"Feature"},{"geometry":{"coordinates":[15.152882,66.422819000000004],"type":"Point"},"id":"hut-10172328","properties":{"elevation":410,"name":"Nordre løa på Tomasstranda","owner":"Statskog","source":"UT.no","type":"Dagsturhytte"},"type":"Feature"},{"geometry":{"coordinates":[12.076774,62.341154000000003],"type":"Point"},"id":"hut-10172329","properties":{"beds":2,"elevation":738,"name":"Roastgamma","owner":"Statskog","source":"UT.no","type":"Ubetjent"},"type":"Feature"},{"geometry":{"coordinates":[15.065196,66.603042000000002],"type":"Point"},"id":"hut-10172330","properties":{"elevation":527,"name":"Kvitsteindalskøta","owner":"Statskog","source":"UT.no","type":"Dagsturhytte"},"type":"Feature"},{"geometry":{"coordinates":[14.891607,66.518535999999997],"type":"Point"},"id":"hut-10172332","properties":{"beds":10,"elevation":280,"name":"Granneset","owner":"Statskog","source":"UT.no","type":"Ubetjent"},"type":"Feature"},{"geometry":{"coordinates":[15.001935,66.530812999999995],"type":"Point"},"id":"hut-10172333","properties":{"beds":2,"elevation":402,"name":"Bjørkbua i Bjøllådalen","owner":"Statskog","source":"UT.no","type":"Ubetjent"},"type":"Feature"},{"geometry":{"coordinates":[14.899554999999999,66.525735999999995],"type":"Point"},"id":"hut-10172334","properties":{"beds":2,"elevation":307,"name":"Inner-Bredek","owner":"Statskog","source":"UT.no","type":"Ubetjent"},"type":"Feature"},{"geometry":{"coordinates":[15.16067,66.406362999999999],"type":"Point"},"id":"hut-10172335","properties":{"elevation":397,"name":"Søndre løa på Tomasstranda","owner":"Statskog","source":"UT.no","type":"Dagsturhytte"},"type":"Feature"},{"geometry":{"coordinates":[15.291606,66.510276000000005],"type":"Point"},"id":"hut-10172336","properties":{"beds":2,"elevation":581,"name":"Køta i Stokkalia","owner":"Statskog","source":"UT.no","type":"Ubetjent"},"type":"Feature"},{"geometry":{"coordinates":[14.477181,65.998627999999997],"type":"Point"},"id":"hut-10172337","properties":{"elevation":652,"name":"Spjeltfjelldalskøta","owner":"Statskog","source":"UT.no","type":"Dagsturhytte"},"type":"Feature"},{"geometry":{"coordinates":[14.444006999999999,65.701049999999995],"type":"Point"},"id":"hut-10172338","properties":{"beds":4,"elevation":600,"name":"Krutvasshytta","owner":"Statskog","source":"UT.no","type":"Ubetjent"},"type":"Feature"},{"geometry":{"coordinates":[15.359451,66.314767000000003],"type":"Point"},"id":"hut-10172339","properties":{"beds":3,"elevation":666,"name":"Gammelhytta ved Virvatnet","owner":"Statskog","source":"UT.no","type":"Ubetjent"},"type":"Feature"},{"geometry":{"coordinates":[14.352067999999999,66.518249999999995],"type":"Point"},"id":"hut-10172340","properties":{"beds":4,"elevation":148,"name":"Skoghytta i Blakkådalen","owner":"Statskog","source":"UT.no","type":"Ubetjent"},"type":"Feature"},{"geometry":{"coordinates":[14.762938999999999,66.511561],"type":"Point"},"id":"hut-10172341","properties":{"beds":7,"elevation":319,"name":"Stormdalsgården","owner":"Statskog","source":"UT.no","type":"Ubetjent"},"type":"Feature"},{"geometry":{"coordinates":[14.229799,65.182868999999997],"type":"Point"},"id":"hut-10172342","properties":{"beds":3,"elevation":860,"name":"Ranserbua","owner":"Statskog","source":"UT.no","type":"Ubetjent"},"type":"Feature"},{"geometry":{"coordinates":[13.659032,65.285195999999999],"type":"Point"},"id":"hut-10172343","properties":{"elevation":468,"name":"Simskardhytta","owner":"Statskog","source":"UT.no","type":"Dagsturhytte"},"type":"Feature"},{"geometry":{"coordinates":[14.537309,66.257085000000004],"type":"Point"},"id":"hut-10172344","properties":{"elevation":498,"name":"Årestuer ved Tverråga","owner":"Statskog","source":"UT.no","type":"Dagsturhytte"},"type":"Feature"},{"geometry":{"coordinates":[13.235868,65.506703999999999],"type":"Point"},"id":"hut-10172345","properties":{"beds":2,"elevation":336,"name":"Stavassætra","owner":"Statskog","source":"UT.no","type":"Ubetjent"},"type":"Feature"},{"geometry":{"coordinates":[13.543803,65.760716000000002],"type":"Point"},"id":"hut-10172346","properties":{"beds":4,"elevation":440,"name":"Klubbfjelltjønnhytta","owner":"Statskog","source":"UT.no","type":"Ubetjent"},"type":"Feature"},{"geometry":{"coordinates":[15.042761,66.686192000000005],"type":"Point"},"id":"hut-10172347","properties":{"elevation":550,"name":"Steinstua ved Krukki","owner":"Statskog","source":"UT.no","type":"Dagsturhytte"},"type":"Feature"},{"geometry":{"coordinates":[13.142612,65.306622000000004],"type":"Point"},"id":"hut-10172348","properties":{"elevation":524,"name":"Steinbua på Tosenfjellet","owner":"Statskog","source":"UT.no","type":"Dagsturhytte"},"type":"Feature"},{"geometry":{"coordinates":[13.16061,65.547060000000002],"type":"Point"},"id":"hut-10172349","properties":{"elevation":194,"name":"Sirijordburet","owner":"Statskog","source":"UT.no","type":"Dagsturhytte"},"type":"Feature"},{"geometry":{"coordinates":[14.562746000000001,66.186948999999998],"type":"Point"},"id":"hut-10172350","properties":{"elevation":637,"name":"Umskardtjønna","owner":"Statskog","source":"UT.no","type":"Dagsturhytte"},"type":"Feature"},{"geometry":{"coordinates":[14.587482,66.160218999999998],"type":"Point"},"id":"hut-10172351","properties":{"elevation":525,"name":"Årestue Umbukta","owner":"Statskog","source":"UT.no","type":"Dagsturhytte"},"type":"Feature"},{"geometry":{"coordinates":[19.766864999999999,68.693123999999997],"type":"Point"},"id":"hut-10172352","properties":{"beds":2,"elevation":334,"name":"Ole Nergårdbua","owner":"Statskog","source":"UT.no","type":"Ubetjent"},"type":"Feature"},{"geometry":{"coordinates":[22.047419999999999,69.284369999999996],"type":"Point"},"id":"hut-10172354","properties":{"beds":2,"elevation":457,"name":"Luovdigammen \/ Arturgammen","owner":"Statskog","source":"UT.no","type":"Ubetjent"},"type":"Feature"},{"geometry":{"coordinates":[17.788791,68.511572000000001],"type":"Point"},"id":"hut-10172355","properties":{"beds":3,"elevation":286,"name":"100-årsbua","owner":"Statskog","source":"UT.no","type":"Ubetjent"},"type":"Feature"},{"geometry":{"coordinates":[21.877410999999999,69.347280999999995],"type":"Point"},"id":"hut-10172357","properties":{"beds":2,"elevation":121,"name":"Vuomatakka","owner":"Statskog","source":"UT.no","type":"Ubetjent"},"type":"Feature"},{"geometry":{"coordinates":[18.959160000000001,68.698335],"type":"Point"},"id":"hut-10172358","properties":{"beds":3,"elevation":508,"name":"Koievassbua","owner":"Statskog","source":"UT.no","type":"Ubetjent"},"type":"Feature"},{"geometry":{"coordinates":[19.725093000000001,68.868938],"type":"Point"},"id":"hut-10172359","properties":{"beds":3,"elevation":418,"name":"Devdisbua","owner":"Statskog","source":"UT.no","type":"Ubetjent"},"type":"Feature"},{"geometry":{"coordinates":[20.283659,68.828879000000001],"type":"Point"},"id":"hut-10172360","properties":{"beds":4,"elevation":680,"name":"Stor-Rostahytta","owner":"Statskog","source":"UT.no","type":"Ubetjent"},"type":"Feature"},{"geometry":{"coordinates":[20.185027999999999,68.926050000000004],"type":"Point"},"id":"hut-10172361","properties":{"beds":2,"elevation":603,"name":"Moskanhytta","owner":"Statskog","source":"UT.no","type":"Ubetjent"},"type":"Feature"},{"geometry":{"coordinates":[22.009996999999998,69.295817999999997],"type":"Point"},"id":"hut-10172362","properties":{"beds":2,"elevation":214,"name":"Imogammen","owner":"Statskog","source":"UT.no","type":"Ubetjent"},"type":"Feature"},{"geometry":{"coordinates":[19.712782000000001,68.761273000000003],"type":"Point"},"id":"hut-10172363","properties":{"beds":3,"elevation":217,"name":"Veslnesbua","owner":"Statskog","source":"UT.no","type":"Ubetjent"},"type":"Feature"},{"geometry":{"coordinates":[19.728200000000001,68.746897000000004],"type":"Point"},"id":"hut-10172364","properties":{"beds":3,"elevation":213,"name":"Fossbua","owner":"Statskog","source":"UT.no","type":"Ubetjent"},"type":"Feature"},{"geometry":{"coordinates":[21.715982,69.403056000000007],"type":"Point"},"id":"hut-10172365","properties":{"beds":4,"elevation":107,"name":"Sieimahytta","owner":"Statskog","source":"UT.no","type":"Ubetjent"},"type":"Feature"},{"geometry":{"coordinates":[22.403804999999998,69.668339000000003],"type":"Point"},"id":"hut-10172367","properties":{"beds":4,"elevation":481,"name":"Lappasridi","owner":"Statskog","source":"UT.no","type":"Ubetjent"},"type":"Feature"},{"geometry":{"coordinates":[17.330172000000001,69.215352999999993],"type":"Point"},"id":"hut-10172369","properties":{"beds":3,"elevation":105,"name":"Ånderbu","owner":"Statskog","source":"UT.no","type":"Ubetjent"},"type":"Feature"},{"geometry":{"coordinates":[17.303014999999998,69.215361000000001],"type":"Point"},"id":"hut-10172370","properties":{"beds":2,"elevation":132,"name":"Åndergammen","owner":"Statskog","source":"UT.no","type":"Ubetjent"},"type":"Feature"},{"geometry":{"coordinates":[16.424187,68.691058999999996],"type":"Point"},"id":"hut-10172371","properties":{"beds":3,"elevation":429,"name":"Allmenningsbua","owner":"Statskog","source":"UT.no","type":"Ubetjent"},"type":"Feature"},{"geometry":{"coordinates":[6.2163700000000004,61.775120000000001],"type":"Point"},"id":"hut-10173","properties":{"beds":125,"elevation":5,"name":"Gloppen Hotell","owner":"Gloppen Hotell AS","source":"UT.no","type":"Betjent"},"type":"Feature"},{"geometry":{"coordinates":[6.7409400000000002,61.405619999999999],"type":"Point"},"id":"hut-10174","properties":{"elevation":6,"name":"Mundal hotell","source":"UT.no","type":"Stengt"},"type":"Feature"},{"geometry":{"coordinates":[12.261139999999999,60.428800000000003],"type":"Point"},"id":"hut-10176","properties":{"beds":40,"elevation":268,"name":"Finnskogen turist- og villmarkssenter","source":"UT.no","type":"Betjent"},"type":"Feature"},{"geometry":{"coordinates":[12.4016,60.417870000000001],"type":"Point"},"id":"hut-10177","properties":{"elevation":255,"name":"Finnskogen kro og motell","source":"UT.no","type":"Betjent"},"type":"Feature"},{"geometry":{"coordinates":[12.43798,60.512050000000002],"type":"Point"},"id":"hut-10178","properties":{"elevation":455,"name":"Hundtjennhuken","source":"UT.no","type":"Nødbu"},"type":"Feature"},{"geometry":{"coordinates":[6.6806099999999997,60.835209999999996],"type":"Point"},"id":"hut-10179","properties":{"beds":220,"elevation":376,"name":"Stalheim Hotel","source":"UT.no","type":"Betjent"},"type":"Feature"},{"geometry":{"coordinates":[12.587132,60.126522999999999],"type":"Point"},"id":"hut-1018","properties":{"elevation":352,"name":"Kvarntorp ","source":"UT.no","type":"Ubetjent"},"type":"Feature"},{"geometry":{"coordinates":[13.088179999999999,67.935370000000006],"type":"Point"},"id":"hut-10180","properties":{"elevation":5,"name":"Reine Rorbuer","source":"UT.no","type":"Betjent"},"type":"Feature"},{"geometry":{"coordinates":[5.7832600000000003,58.855359999999997],"type":"Point"},"id":"hut-10181","properties":{"beds":67,"elevation":37,"name":"Kronen Gaard Hotell","source":"UT.no","type":"Betjent"},"type":"Feature"},{"geometry":{"coordinates":[10.655483,59.977255999999997],"type":"Point"},"id":"hut-10182","properties":{"beds":82,"elevation":468,"name":"Lysebu","owner":"De Historiske","source":"UT.no","type":"Betjent"},"type":"Feature"},{"geometry":{"coordinates":[10.45654,61.244520000000001],"type":"Point"},"id":"hut-10183","properties":{"beds":70,"elevation":281,"name":"Nermo Hotell","source":"UT.no","type":"Betjent"},"type":"Feature"},{"geometry":{"coordinates":[23.933143999999999,69.755047000000005],"type":"Point"},"id":"hut-10184716","properties":{"elevation":389,"name":"Jotka Fjellstue","owner":"Statens fjellstuer","source":"UT.no","type":"Betjent"},"type":"Feature"},{"geometry":{"coordinates":[11.94394,62.16704],"type":"Point"},"id":"hut-10185","properties":{"beds":40,"elevation":675,"name":"Femund Fjellstue, Elgå","source":"UT.no","type":"Betjent"},"type":"Feature"},{"geometry":{"coordinates":[17.122071999999999,67.192858000000001],"type":"Point"},"id":"hut-10186","properties":{"beds":36,"elevation":705,"name":"Darrelouoppal Fjällstuga","source":"UT.no","type":"Selvbetjent"},"type":"Feature"},{"geometry":{"coordinates":[12.40211,60.406004000000003],"type":"Point"},"id":"hut-1019","properties":{"elevation":249,"name":"Rotneros","source":"UT.no","type":"Ubetjent"},"type":"Feature"},{"geometry":{"coordinates":[10.65133,60.454689999999999],"type":"Point"},"id":"hut-10191","properties":{"beds":9,"elevation":624,"name":"Skarvåsbu","source":"UT.no","type":"Ubetjent"},"type":"Feature"},{"geometry":{"coordinates":[17.76482,68.662589999999994],"type":"Point"},"id":"hut-10195","properties":{"elevation":246,"name":"Gratangen Fjellhotell","owner":"Gratangen Fjellhotell","source":"UT.no","type":"Stengt"},"type":"Feature"},{"geometry":{"coordinates":[11.37851,62.579450000000001],"type":"Point"},"id":"hut-10196","properties":{"beds":160,"elevation":671,"name":"Røros Hotell","owner":"Røroshotellene","source":"UT.no","type":"Betjent"},"type":"Feature"},{"geometry":{"coordinates":[8.5722900000000006,61.838330999999997],"type":"Point"},"id":"hut-102","properties":{"beds":100,"elevation":385,"name":"Fossheim Hotell","owner":"De Historiske","source":"UT.no","type":"Betjent"},"type":"Feature"},{"geometry":{"coordinates":[8.0881299999999996,58.081499999999998],"type":"Point"},"id":"hut-10200","properties":{"beds":30,"elevation":5,"name":"Grønningen fyr i Kristiansand","owner":"Bragdøya kystlag","source":"UT.no","type":"Ubetjent"},"type":"Feature"},{"geometry":{"coordinates":[28.218221,71.089563999999996],"type":"Point"},"id":"hut-10200207","properties":{"beds":20,"elevation":6,"name":"Slettnes fyrstasjon","owner":"Gamvik museum","source":"UT.no","type":"Ubetjent"},"type":"Feature"},{"geometry":{"coordinates":[6.4088500000000002,60.628830000000001],"type":"Point"},"id":"hut-10202","properties":{"beds":210,"elevation":55,"name":"Fleischer's Hotel","owner":"De Historiske","source":"UT.no","type":"Betjent"},"type":"Feature"},{"geometry":{"coordinates":[11.2011,62.362499999999997],"type":"Point"},"id":"hut-10203","properties":{"beds":4,"elevation":787,"name":"Hodalen fjellstue","source":"UT.no","type":"Ubetjent"},"type":"Feature"},{"geometry":{"coordinates":[30.353923999999999,70.547588000000005],"type":"Point"},"id":"hut-10209","properties":{"beds":3,"elevation":6,"name":"Indre Syltevik","owner":"Vardøhus museumforening","source":"UT.no","type":"Ubetjent"},"type":"Feature"},{"geometry":{"coordinates":[12.462757999999999,60.247450000000001],"type":"Point"},"id":"hut-1021","properties":{"beds":4,"elevation":280,"name":"Strand skysstasjon","source":"UT.no","type":"Betjent"},"type":"Feature"},{"geometry":{"coordinates":[5.7191099999999997,60.953389999999999],"type":"Point"},"id":"hut-10210","properties":{"beds":60,"elevation":490,"name":"Stordalen Fjellstove","owner":"Stordalen Fjellstove AS","source":"UT.no","type":"Betjent"},"type":"Feature"},{"geometry":{"coordinates":[8.5295299999999994,58.253959999999999],"type":"Point"},"id":"hut-10215","properties":{"beds":22,"elevation":3,"name":"Homborsund fyr","owner":"Homborsund fyrstasjon","source":"UT.no","type":"Betjent"},"type":"Feature"},{"geometry":{"coordinates":[12.581696000000001,60.701771999999998],"type":"Point"},"id":"hut-1022","properties":{"elevation":338,"name":"Bograngen","source":"UT.no","type":"Ubetjent"},"type":"Feature"},{"geometry":{"coordinates":[8.8378139999999998,62.114362],"type":"Point"},"id":"hut-10224","properties":{"elevation":556,"name":"Kolstad gard","source":"UT.no","type":"Betjent"},"type":"Feature"},{"geometry":{"coordinates":[26.220144000000001,71.061430999999999],"type":"Point"},"id":"hut-10225","properties":{"beds":10,"elevation":25,"name":"Helnes fyr","source":"UT.no","type":"Stengt"},"type":"Feature"},{"geometry":{"coordinates":[13.009276,64.301181999999997],"type":"Point"},"id":"hut-10227","properties":{"elevation":329,"name":"Gressåmoen","source":"UT.no","type":"Ubetjent"},"type":"Feature"},{"geometry":{"coordinates":[7.1128999999999998,61.914670000000001],"type":"Point"},"id":"hut-10231","properties":{"elevation":31,"name":"Hjelle Hotel","owner":"Hjelle Hotel AS","source":"UT.no","type":"Betjent"},"type":"Feature"},{"geometry":{"coordinates":[11.842449999999999,60.833388999999997],"type":"Point"},"id":"hut-10237","properties":{"beds":2,"elevation":586,"name":"Flotsberget","owner":"DNT Finnskogen og Omegn","source":"UT.no","type":"Dagsturhytte"},"type":"Feature"},{"geometry":{"coordinates":[12.965071999999999,63.148542999999997],"type":"Point"},"id":"hut-10238","properties":{"beds":100,"elevation":594,"name":"Vålådalen Fjällstation","owner":"Svenska Turistföreningen","source":"UT.no","type":"Betjent"},"type":"Feature"},{"geometry":{"coordinates":[6.8772099999999998,61.696019999999997],"type":"Point"},"id":"hut-1024","properties":{"elevation":1263,"name":"Flatsteinbu","owner":"Indre Nordfjord Turlag","source":"UT.no","type":"Nødbu"},"type":"Feature"},{"geometry":{"coordinates":[13.084884000000001,64.104268000000005],"type":"Point"},"id":"hut-10249","properties":{"beds":21,"elevation":466,"name":"Gjefsjøen Fjellgård","owner":"Gjefsjøen fjellgård","source":"UT.no","type":"Betjent"},"type":"Feature"},{"geometry":{"coordinates":[23.758624000000001,69.206083000000007],"type":"Point"},"id":"hut-1025","properties":{"elevation":339,"name":"Lahpoluoppal","source":"UT.no","type":"Betjent"},"type":"Feature"},{"geometry":{"coordinates":[6.5109389999999996,61.205469999999998],"type":"Point"},"id":"hut-10258910","properties":{"elevation":396,"name":"Balabu - dagsturhytte i Sogndal kommune","owner":"Sogndal kommune","source":"UT.no","type":"Dagsturhytte"},"type":"Feature"},{"geometry":{"coordinates":[6.5067750000000002,61.040151000000002],"type":"Point"},"id":"hut-10258915","properties":{"elevation":829,"name":"Liabu - dagsturhytta i Vik","owner":"Vik kommune","source":"UT.no","type":"Dagsturhytte"},"type":"Feature"},{"geometry":{"coordinates":[24.957778000000001,69.526752999999999],"type":"Point"},"id":"hut-1026","properties":{"beds":24,"elevation":331,"name":"Ravnastua fjellstue","owner":"Statens fjellstuer","source":"UT.no","type":"Betjent"},"type":"Feature"},{"geometry":{"coordinates":[12.066039999999999,61.052590000000002],"type":"Point"},"id":"hut-10263","properties":{"beds":4,"elevation":528,"name":"Håberget gård","source":"UT.no","type":"Betjent"},"type":"Feature"},{"geometry":{"coordinates":[17.361657000000001,67.635120000000001],"type":"Point"},"id":"hut-10264","properties":{"beds":40,"elevation":481,"name":"Áhkká-stugorna ","source":"UT.no","type":"Ubetjent"},"type":"Feature"},{"geometry":{"coordinates":[17.624914,67.857785000000007],"type":"Point"},"id":"hut-10265","properties":{"beds":28,"elevation":604,"name":"Sitasjaure Fjällstuga","owner":"Svenska Turistföreningen","source":"UT.no","type":"Ubetjent"},"type":"Feature"},{"geometry":{"coordinates":[9.8256610000000002,59.299377999999997],"type":"Point"},"id":"hut-10267","properties":{"beds":90,"elevation":289,"name":"Vindfjelltunet","owner":"Vindfjell AS","source":"UT.no","type":"Betjent"},"type":"Feature"},{"geometry":{"coordinates":[12.319893,60.500230000000002],"type":"Point"},"id":"hut-10268","properties":{"elevation":433,"name":"Grusetsætra","source":"UT.no","type":"Nødbu"},"type":"Feature"},{"geometry":{"coordinates":[21.298454,69.555508000000003],"type":"Point"},"id":"hut-10269","properties":{"beds":12,"elevation":85,"name":"Reisadalen hytteutleie","owner":"Siri Bergset Elvestad","source":"UT.no","type":"Betjent"},"type":"Feature"},{"geometry":{"coordinates":[12.303997000000001,60.800677999999998],"type":"Point"},"id":"hut-1027","properties":{"elevation":264,"name":"Øvre Flisfallhuken","source":"UT.no","type":"Nødbu"},"type":"Feature"},{"geometry":{"coordinates":[12.306815,60.854635000000002],"type":"Point"},"id":"hut-10270","properties":{"elevation":302,"name":"Haldammen","source":"UT.no","type":"Nødbu"},"type":"Feature"},{"geometry":{"coordinates":[12.789453,62.851025999999997],"type":"Point"},"id":"hut-10272","properties":{"beds":44,"elevation":604,"name":"Ljungdalen Vandrarhem","source":"UT.no","type":"Betjent"},"type":"Feature"},{"geometry":{"coordinates":[12.682437,64.015486999999993],"type":"Point"},"id":"hut-10274","properties":{"beds":20,"elevation":470,"name":"Gaundalen Fjellgård","owner":"Gaundalen fjellgård","source":"UT.no","type":"Betjent"},"type":"Feature"},{"geometry":{"coordinates":[12.449267000000001,62.545783999999998],"type":"Point"},"id":"hut-10276","properties":{"beds":25,"elevation":734,"name":"Tänndalen Vandrarhem","source":"UT.no","type":"Betjent"},"type":"Feature"},{"geometry":{"coordinates":[12.715014,62.440316000000003],"type":"Point"},"id":"hut-10277","properties":{"beds":30,"elevation":588,"name":"Tännäs Vandrarhem","source":"UT.no","type":"Betjent"},"type":"Feature"},{"geometry":{"coordinates":[20.368016999999998,68.973201000000003],"type":"Point"},"id":"hut-10278","properties":{"beds":22,"elevation":585,"name":"Pältsa Fjällstuga","owner":"Svenska Turistföreningen","source":"UT.no","type":"Ubetjent"},"type":"Feature"},{"geometry":{"coordinates":[12.2285,60.354616999999998],"type":"Point"},"id":"hut-1028","properties":{"beds":4,"elevation":315,"name":"Tuterud","source":"UT.no","type":"Ubetjent"},"type":"Feature"},{"geometry":{"coordinates":[18.784015,68.358276000000004],"type":"Point"},"id":"hut-10280","properties":{"beds":300,"elevation":383,"name":"Abisko Turiststation","source":"UT.no","type":"Betjent"},"type":"Feature"},{"geometry":{"coordinates":[10.700333000000001,61.150779],"type":"Point"},"id":"hut-1028097","properties":{"elevation":819,"name":"Rustad Hotell og Fjellstue","owner":"Rustad Hotell & Fjellstue","source":"UT.no","type":"Betjent"},"type":"Feature"},{"geometry":{"coordinates":[18.414639000000001,68.136565000000004],"type":"Point"},"id":"hut-10281","properties":{"beds":86,"elevation":781,"name":"Alesjaure Fjällstuga","owner":"Svenska Turistföreningen","source":"UT.no","type":"Selvbetjent"},"type":"Feature"},{"geometry":{"coordinates":[8.8898960000000002,60.850240999999997],"type":"Point"},"id":"hut-1028111","properties":{"elevation":926,"name":"Golsfjellet Fjellstue","owner":"Golsfjellet Fjellstue","source":"UT.no","type":"Betjent"},"type":"Feature"},{"geometry":{"coordinates":[10.568951,61.708360999999996],"type":"Point"},"id":"hut-1028120","properties":{"beds":119,"elevation":832,"name":"Skjerdingen Høyfjellshotell","owner":"Hyggehotellet Skjerdingen","source":"UT.no","type":"Betjent"},"type":"Feature"},{"geometry":{"coordinates":[10.677508,59.977642000000003],"type":"Point"},"id":"hut-1028126","properties":{"elevation":434,"name":"Frognerseteren","owner":"Frognerseteren Restaurant","source":"UT.no","type":"Servering"},"type":"Feature"},{"geometry":{"coordinates":[17.967590999999999,67.935523000000003],"type":"Point"},"id":"hut-10282","properties":{"beds":20,"elevation":874,"name":"Hukejaure Fjällstuga","owner":"Svenska Turistföreningen","source":"UT.no","type":"Ubetjent"},"type":"Feature"},{"geometry":{"coordinates":[18.619342,67.867050000000006],"type":"Point"},"id":"hut-10283","properties":{"beds":218,"elevation":674,"name":"Kebnekaise Fjällstation","owner":"Svenska Turistföreningen","source":"UT.no","type":"Betjent"},"type":"Feature"},{"geometry":{"coordinates":[18.122603000000002,68.427487999999997],"type":"Point"},"id":"hut-10284","properties":{"elevation":499,"name":"Riksgränsen Vandrarhem","source":"UT.no","type":"Betjent"},"type":"Feature"},{"geometry":{"coordinates":[6.8221179999999997,61.662799999999997],"type":"Point"},"id":"hut-10285","properties":{"beds":20,"elevation":157,"name":"Briksdalsbre Fjellstove  - midt i brelandskapet","owner":"Briksdalsbre Fjellstove AS","source":"UT.no","type":"Betjent"},"type":"Feature"},{"geometry":{"coordinates":[17.740172000000001,68.654295000000005],"type":"Point"},"id":"hut-10285677","properties":{"elevation":502,"name":"Snolkehytta","owner":"Snolke Vel","source":"UT.no","type":"Dagsturhytte"},"type":"Feature"},{"geometry":{"coordinates":[18.282513999999999,67.946601000000001],"type":"Point"},"id":"hut-10286","properties":{"beds":54,"elevation":819,"name":"Sälka Fjällstuga","source":"UT.no","type":"Selvbetjent"},"type":"Feature"},{"geometry":{"coordinates":[18.185783000000001,68.204425999999998],"type":"Point"},"id":"hut-10287","properties":{"beds":18,"elevation":714,"name":"Unna Allakas Fjällstuga","owner":"Svenska Turistföreningen","source":"UT.no","type":"Selvbetjent"},"type":"Feature"},{"geometry":{"coordinates":[17.720341000000001,66.954775999999995],"type":"Point"},"id":"hut-10288","properties":{"beds":68,"elevation":312,"name":"Kvikkjokk Fjällstation","owner":"Svenska Turistföreningen","source":"UT.no","type":"Betjent"},"type":"Feature"},{"geometry":{"coordinates":[18.241264000000001,68.051734999999994],"type":"Point"},"id":"hut-10289","properties":{"beds":20,"elevation":1007,"name":"Tjäktja Fjällstuga","owner":"Svenska Turistföreningen","source":"UT.no","type":"Ubetjent"},"type":"Feature"},{"geometry":{"coordinates":[12.457314999999999,60.257047999999998],"type":"Point"},"id":"hut-1029","properties":{"beds":8,"elevation":315,"name":"Nedre Øieren Gård","owner":"Nedre Øieren Gård","source":"UT.no","type":"Betjent"},"type":"Feature"},{"geometry":{"coordinates":[17.413508,66.960149999999999],"type":"Point"},"id":"hut-10291","properties":{"beds":20,"elevation":437,"name":"Njunjes Fjällstuga","owner":"Svenska Turistföreningen","source":"UT.no","type":"Ubetjent"},"type":"Feature"},{"geometry":{"coordinates":[16.530197000000001,67.031552000000005],"type":"Point"},"id":"hut-10292","properties":{"beds":26,"elevation":603,"name":"Pieskehaure Fjällstuga","owner":"Svenska Turistföreningen","source":"UT.no","type":"Selvbetjent"},"type":"Feature"},{"geometry":{"coordinates":[17.157805,67.067732000000007],"type":"Point"},"id":"hut-10293","properties":{"beds":16,"elevation":534,"name":"Såmmarlappa Fjällstuga","source":"UT.no","type":"Selvbetjent"},"type":"Feature"},{"geometry":{"coordinates":[17.291654999999999,66.989230000000006],"type":"Point"},"id":"hut-10294","properties":{"beds":26,"elevation":506,"name":"Tarrekaise Fjällstuga","owner":"Svenska Turistföreningen","source":"UT.no","type":"Ubetjent"},"type":"Feature"},{"geometry":{"coordinates":[16.886241999999999,67.046665000000004],"type":"Point"},"id":"hut-10296","properties":{"beds":26,"elevation":853,"name":"Vaimok Fjällstuga","owner":"Svenska Turistföreningen","source":"UT.no","type":"Ubetjent"},"type":"Feature"},{"geometry":{"coordinates":[20.265090000000001,69.62379],"type":"Point"},"id":"hut-10297","properties":{"elevation":130,"name":"Várduhytta","source":"UT.no","type":"Ubetjent"},"type":"Feature"},{"geometry":{"coordinates":[20.223279999999999,69.659180000000006],"type":"Point"},"id":"hut-10298","properties":{"elevation":151,"name":"Fastdalshytta","owner":"Skinnelv\/Koppangen bygdelag","source":"UT.no","type":"Ubetjent"},"type":"Feature"},{"geometry":{"coordinates":[12.555633,60.138522000000002],"type":"Point"},"id":"hut-103","properties":{"beds":2,"elevation":291,"name":"Lomstorp","source":"UT.no","type":"Ubetjent"},"type":"Feature"},{"geometry":{"coordinates":[12.357236,60.284595000000003],"type":"Point"},"id":"hut-1030","properties":{"beds":10,"elevation":237,"name":"Bergsland","source":"UT.no","type":"Ubetjent"},"type":"Feature"},{"geometry":{"coordinates":[20.140239999999999,69.521060000000006],"type":"Point"},"id":"hut-10300","properties":{"elevation":240,"name":"Sjollihytta","source":"UT.no","type":"Ubetjent"},"type":"Feature"},{"geometry":{"coordinates":[20.183060000000001,69.561040000000006],"type":"Point"},"id":"hut-10301","properties":{"elevation":315,"name":"Skihytta under Goalsevarri","source":"UT.no","type":"Dagsturhytte"},"type":"Feature"},{"geometry":{"coordinates":[20.234000000000002,69.48518],"type":"Point"},"id":"hut-10302","properties":{"elevation":82,"name":"Sieddihytta","owner":"Visit Lyngenfjord","source":"UT.no","type":"Dagsturhytte"},"type":"Feature"},{"geometry":{"coordinates":[12.283332,61.293183999999997],"type":"Point"},"id":"hut-10304","properties":{"beds":58,"elevation":364,"name":"Trysil hyttegrend","source":"UT.no","type":"Ubetjent"},"type":"Feature"},{"geometry":{"coordinates":[10.9564,60.060899999999997],"type":"Point"},"id":"hut-10305","properties":{"elevation":370,"name":"Busterudvangen","owner":"Gjerdrum Almenning","source":"UT.no","type":"Servering"},"type":"Feature"},{"geometry":{"coordinates":[10.321899999999999,60.046700000000001],"type":"Point"},"id":"hut-10306","properties":{"elevation":383,"name":"Kleivstua","source":"UT.no","type":"Betjent"},"type":"Feature"},{"geometry":{"coordinates":[11.122574999999999,59.833011999999997],"type":"Point"},"id":"hut-10307","properties":{"elevation":249,"name":"Streifinn","source":"UT.no","type":"Servering"},"type":"Feature"},{"geometry":{"coordinates":[12.010166,59.916167999999999],"type":"Point"},"id":"hut-1031","properties":{"elevation":207,"name":"Djupdalhuken ","source":"UT.no","type":"Nødbu"},"type":"Feature"},{"geometry":{"coordinates":[8.9966299999999997,60.832386999999997],"type":"Point"},"id":"hut-10311","properties":{"beds":200,"elevation":841,"name":"Oset Fjellhotell","owner":"Oset Fjellhotell","source":"UT.no","type":"Betjent"},"type":"Feature"},{"geometry":{"coordinates":[8.9560999999999993,60.802714000000002],"type":"Point"},"id":"hut-10312","properties":{"beds":500,"elevation":972,"name":"Storefjell Resort Hotel","source":"UT.no","type":"Betjent"},"type":"Feature"},{"geometry":{"coordinates":[10.506015,59.996917000000003],"type":"Point"},"id":"hut-10313","properties":{"elevation":335,"name":"Vensåsseter","source":"UT.no","type":"Servering"},"type":"Feature"},{"geometry":{"coordinates":[10.507387,60.024031999999998],"type":"Point"},"id":"hut-10314","properties":{"elevation":284,"name":"Storebekkbua","owner":"Skiforeningen","source":"UT.no","type":"Servering"},"type":"Feature"},{"geometry":{"coordinates":[10.47316,60.085140000000003],"type":"Point"},"id":"hut-10315","properties":{"elevation":517,"name":"Heggelia","source":"UT.no","type":"Servering"},"type":"Feature"},{"geometry":{"coordinates":[10.606693,60.201194999999998],"type":"Point"},"id":"hut-10317","properties":{"elevation":464,"name":"Rajebråtan","source":"UT.no","type":"Servering"},"type":"Feature"},{"geometry":{"coordinates":[10.5099,60.210099999999997],"type":"Point"},"id":"hut-10319","properties":{"elevation":517,"name":"Tverrsjøstallen serveringshytte","owner":"Jevnaker almenning","source":"UT.no","type":"Servering"},"type":"Feature"},{"geometry":{"coordinates":[12.364871000000001,60.194508999999996],"type":"Point"},"id":"hut-1032","properties":{"beds":20,"elevation":182,"name":"Dragonmoen camping","source":"UT.no","type":"Betjent"},"type":"Feature"},{"geometry":{"coordinates":[10.993563999999999,60.045631999999998],"type":"Point"},"id":"hut-10320","properties":{"elevation":253,"name":"Ringdalskoia","owner":"Skedsmo Skiklubb","source":"UT.no","type":"Servering"},"type":"Feature"},{"geometry":{"coordinates":[11.526910000000001,61.810110000000002],"type":"Point"},"id":"hut-10321","properties":{"elevation":844,"name":"Sandbu","source":"UT.no","type":"Nødbu"},"type":"Feature"},{"geometry":{"coordinates":[10.831127,60.205236999999997],"type":"Point"},"id":"hut-10322","properties":{"elevation":445,"name":"Råsjøstua","owner":"Nannestad og Gjerdrum Røde Kors","source":"UT.no","type":"Stengt"},"type":"Feature"},{"geometry":{"coordinates":[9.8341890000000003,61.642225000000003],"type":"Point"},"id":"hut-1032311","properties":{"beds":21,"elevation":955,"name":"Sulseter Fjellstugu","owner":"Sulseter Fjellstugu","source":"UT.no","type":"Betjent"},"type":"Feature"},{"geometry":{"coordinates":[12.312074000000001,62.098877999999999],"type":"Point"},"id":"hut-10325","properties":{"beds":128,"elevation":814,"name":"Grövelsjön Fjällstation (STF)","owner":"Svenska Turistföreningen","source":"UT.no","type":"Betjent"},"type":"Feature"},{"geometry":{"coordinates":[12.470656,62.354281],"type":"Point"},"id":"hut-10326","properties":{"elevation":780,"name":"Käringsjön","source":"UT.no","type":"Ubetjent"},"type":"Feature"},{"geometry":{"coordinates":[23.48959,69.806229999999999],"type":"Point"},"id":"hut-10327","properties":{"elevation":115,"name":"Gargia fjellstue","owner":"Gargia Lodge","source":"UT.no","type":"Betjent"},"type":"Feature"},{"geometry":{"coordinates":[17.408899000000002,68.749529999999993],"type":"Point"},"id":"hut-10327783","properties":{"elevation":175,"name":"Nattmålbua","owner":"Nattmålsslettveien Skogsveiforening BA","source":"UT.no","type":"Dagsturhytte"},"type":"Feature"},{"geometry":{"coordinates":[11.043290000000001,61.862139999999997],"type":"Point"},"id":"hut-10328","properties":{"beds":5,"elevation":689,"name":"Finndalshytta","source":"UT.no","type":"Servering"},"type":"Feature"},{"geometry":{"coordinates":[11.19436,62.518090000000001],"type":"Point"},"id":"hut-10329","properties":{"elevation":851,"name":"Gåstjønnåshytta","source":"UT.no","type":"Servering"},"type":"Feature"},{"geometry":{"coordinates":[11.428559999999999,61.500450000000001],"type":"Point"},"id":"hut-10330","properties":{"elevation":1036,"name":"Brannvakthytta på Byringen","source":"UT.no","type":"Nødbu"},"type":"Feature"},{"geometry":{"coordinates":[11.390219999999999,62.546469999999999],"type":"Point"},"id":"hut-10331","properties":{"elevation":801,"name":"Skistuggu","owner":"Røros I.L.","source":"UT.no","type":"Servering"},"type":"Feature"},{"geometry":{"coordinates":[10.022551,62.144818000000001],"type":"Point"},"id":"hut-10332","properties":{"beds":35,"elevation":859,"name":"Folldal Fjellhotell\/Storhøseter","source":"UT.no","type":"Betjent"},"type":"Feature"},{"geometry":{"coordinates":[10.854200000000001,62.461539999999999],"type":"Point"},"id":"hut-10333","properties":{"beds":10,"elevation":957,"name":"Skihytta i Vingelen","owner":"Vingelen I.L.","source":"UT.no","type":"Servering"},"type":"Feature"},{"geometry":{"coordinates":[11.025717,62.443362],"type":"Point"},"id":"hut-10334","properties":{"elevation":795,"name":"Kletthytta","source":"UT.no","type":"Servering"},"type":"Feature"},{"geometry":{"coordinates":[10.791429000000001,62.243878000000002],"type":"Point"},"id":"hut-10335","properties":{"elevation":760,"name":"Tuftehaugen Skihytte","owner":"Tynset Idrettsforening","source":"UT.no","type":"Servering"},"type":"Feature"},{"geometry":{"coordinates":[10.833052,60.394432999999999],"type":"Point"},"id":"hut-10337","properties":{"elevation":554,"name":"Abborputthytta","source":"UT.no","type":"Nødbu"},"type":"Feature"},{"geometry":{"coordinates":[6.6570039999999997,60.328619000000003],"type":"Point"},"id":"hut-10338666","properties":{"beds":350,"elevation":5,"name":"Hotel Ullensvang","owner":"Hotel Ullensvang","source":"UT.no","type":"Betjent"},"type":"Feature"},{"geometry":{"coordinates":[9.8721259999999997,61.451655000000002],"type":"Point"},"id":"hut-1034","properties":{"beds":30,"elevation":968,"name":"Lauvåsen Fjellstue","source":"UT.no","type":"Betjent"},"type":"Feature"},{"geometry":{"coordinates":[9.8722060000000003,61.128956000000002],"type":"Point"},"id":"hut-10342","properties":{"beds":100,"elevation":863,"name":"Spåtind Fjellstue","owner":"Spåtind høyfjellshotell","source":"UT.no","type":"Betjent"},"type":"Feature"},{"geometry":{"coordinates":[11.046530000000001,62.36168],"type":"Point"},"id":"hut-10346","properties":{"elevation":895,"name":"Sumundshytta","source":"UT.no","type":"Servering"},"type":"Feature"},{"geometry":{"coordinates":[11.372,61.672629999999998],"type":"Point"},"id":"hut-10347","properties":{"elevation":820,"name":"Pilegrimsbua","source":"UT.no","type":"Nødbu"},"type":"Feature"},{"geometry":{"coordinates":[11.298019999999999,62.498890000000003],"type":"Point"},"id":"hut-10348","properties":{"elevation":867,"name":"Høsenfjellhytta","source":"UT.no","type":"Servering"},"type":"Feature"},{"geometry":{"coordinates":[11.93641,61.920090000000002],"type":"Point"},"id":"hut-1035","properties":{"beds":150,"elevation":665,"name":"Femundtunet ","source":"UT.no","type":"Betjent"},"type":"Feature"},{"geometry":{"coordinates":[8.1033790000000003,58.965166000000004],"type":"Point"},"id":"hut-10350","properties":{"beds":20,"elevation":506,"name":"Vindilhytta","owner":"Vindilhytta","source":"UT.no","type":"Betjent"},"type":"Feature"},{"geometry":{"coordinates":[10.690588999999999,59.914003000000001],"type":"Point"},"id":"hut-1035130","properties":{"elevation":10,"name":"Rodeløkken kafe","owner":"Rodeløkken kafe","source":"UT.no","type":"Servering"},"type":"Feature"},{"geometry":{"coordinates":[10.772830000000001,59.832825],"type":"Point"},"id":"hut-1035135","properties":{"elevation":7,"name":"Anne på landet","owner":"Anne på landet","source":"UT.no","type":"Servering"},"type":"Feature"},{"geometry":{"coordinates":[9.9062400000000004,62.110799999999998],"type":"Point"},"id":"hut-10353","properties":{"elevation":972,"name":"Nygruvhytta","owner":"Folldal turlag","source":"UT.no","type":"Servering"},"type":"Feature"},{"geometry":{"coordinates":[11.277520000000001,62.955649999999999],"type":"Point"},"id":"hut-10355","properties":{"beds":47,"elevation":559,"name":"Nordpå Fjellhotell","owner":"Nordpå Fjellhotell","source":"UT.no","type":"Betjent"},"type":"Feature"},{"geometry":{"coordinates":[8.7005660000000002,60.837617999999999],"type":"Point"},"id":"hut-10357894","properties":{"elevation":839,"name":"Gravsetstugu","owner":"Destinasjon Hemsedal","source":"UT.no","type":"Servering"},"type":"Feature"},{"geometry":{"coordinates":[8.3927069999999997,60.828485000000001],"type":"Point"},"id":"hut-10357895","properties":{"elevation":1116,"name":"Flævasshytta","owner":"Destinasjon Hemsedal","source":"UT.no","type":"Servering"},"type":"Feature"},{"geometry":{"coordinates":[21.454190000000001,70.335530000000006],"type":"Point"},"id":"hut-10359","properties":{"beds":16,"elevation":11,"name":"Lopphavet Gjestehus","owner":"Lopphavet Gjestehus AS","source":"UT.no","type":"Betjent"},"type":"Feature"},{"geometry":{"coordinates":[12.281485,60.382483000000001],"type":"Point"},"id":"hut-1036","properties":{"elevation":387,"name":"Langmyrkoia","source":"UT.no","type":"Nødbu"},"type":"Feature"},{"geometry":{"coordinates":[9.6158000000000001,61.384030000000003],"type":"Point"},"id":"hut-10360","properties":{"beds":45,"elevation":731,"name":"Strand Fjellstue","owner":"Strand Fjellstue","source":"UT.no","type":"Betjent"},"type":"Feature"},{"geometry":{"coordinates":[10.717930000000001,61.255161999999999],"type":"Point"},"id":"hut-10361","properties":{"elevation":872,"name":"Hornsjø Høyfjellshotell","owner":"Hornsjø Høyfjellshotell","source":"UT.no","type":"Stengt"},"type":"Feature"},{"geometry":{"coordinates":[11.638801000000001,60.608775000000001],"type":"Point"},"id":"hut-10362","properties":{"elevation":556,"name":"Opptrekkern","source":"UT.no","type":"Nødbu"},"type":"Feature"},{"geometry":{"coordinates":[19.718336999999998,68.764021999999997],"type":"Point"},"id":"hut-10364","properties":{"elevation":221,"name":"Ventebu","owner":"Statskog","source":"UT.no","type":"Nødbu"},"type":"Feature"},{"geometry":{"coordinates":[9.4921249999999997,61.439399999999999],"type":"Point"},"id":"hut-10369","properties":{"beds":100,"elevation":729,"name":"Espedalen Fjellstue og Fritid","owner":"Espedalen Fjellstue","source":"UT.no","type":"Betjent"},"type":"Feature"},{"geometry":{"coordinates":[12.344483,60.355455999999997],"type":"Point"},"id":"hut-1037","properties":{"elevation":288,"name":"Græsberget grendehus","owner":"Græsberget grendehus","source":"UT.no","type":"Ubetjent"},"type":"Feature"},{"geometry":{"coordinates":[14.8908,66.804299999999998],"type":"Point"},"id":"hut-10372","properties":{"beds":3,"elevation":598,"name":"Bukkhaugbua","source":"UT.no","type":"Nødbu"},"type":"Feature"},{"geometry":{"coordinates":[11.983954000000001,62.494605],"type":"Point"},"id":"hut-10374","properties":{"beds":20,"elevation":760,"name":"Ljøsnåvollen","owner":"Ljøsnåvollen","source":"UT.no","type":"Betjent"},"type":"Feature"},{"geometry":{"coordinates":[9.9436210000000003,58.974576999999996],"type":"Point"},"id":"hut-10376","properties":{"elevation":17,"name":"Brunvall Gård","source":"UT.no","type":"Betjent"},"type":"Feature"},{"geometry":{"coordinates":[12.1692,59.889400000000002],"type":"Point"},"id":"hut-10377","properties":{"beds":12,"elevation":151,"name":"Leirsjøhytta ","source":"UT.no","type":"Ubetjent"},"type":"Feature"},{"geometry":{"coordinates":[25.290299999999998,70.769400000000005],"type":"Point"},"id":"hut-10378","properties":{"elevation":266,"name":"Várdáncokka","source":"UT.no","type":"Nødbu"},"type":"Feature"},{"geometry":{"coordinates":[7.3655999999999997,61.3872],"type":"Point"},"id":"hut-10379","properties":{"beds":20,"elevation":38,"name":"Nes Gard","source":"UT.no","type":"Betjent"},"type":"Feature"},{"geometry":{"coordinates":[12.280205,60.495652999999997],"type":"Point"},"id":"hut-1038","properties":{"beds":6,"elevation":420,"name":"Bjørsjøtorpet","owner":"DNT Finnskogen og Omegn","source":"UT.no","type":"Ubetjent"},"type":"Feature"},{"geometry":{"coordinates":[12.351756999999999,60.475802000000002],"type":"Point"},"id":"hut-1039","properties":{"elevation":269,"name":"Rotneblikkhuken","source":"UT.no","type":"Nødbu"},"type":"Feature"},{"geometry":{"coordinates":[18.614443999999999,68.493055999999996],"type":"Point"},"id":"hut-10394","properties":{"beds":6,"elevation":355,"name":"Pålnostugan","owner":"Svenska Turistföreningen","source":"UT.no","type":"Ubetjent"},"type":"Feature"},{"geometry":{"coordinates":[16.800630000000002,67.373720000000006],"type":"Point"},"id":"hut-10398","properties":{"beds":32,"elevation":583,"name":"Árasluokta Fjällstuga","owner":"Svenska Turistföreningen","source":"UT.no","type":"Selvbetjent"},"type":"Feature"},{"geometry":{"coordinates":[12.230568,59.934012000000003],"type":"Point"},"id":"hut-104","properties":{"beds":50,"elevation":134,"name":"Montebello camping","source":"UT.no","type":"Betjent"},"type":"Feature"},{"geometry":{"coordinates":[12.380134,60.813864000000002],"type":"Point"},"id":"hut-1040","properties":{"elevation":398,"name":"Hundbekkhuken","source":"UT.no","type":"Nødbu"},"type":"Feature"},{"geometry":{"coordinates":[17.251417,67.688241000000005],"type":"Point"},"id":"hut-10401","properties":{"beds":20,"elevation":453,"name":"Vaisaluokta Fjällstuga","owner":"Svenska Turistföreningen","source":"UT.no","type":"Ubetjent"},"type":"Feature"},{"geometry":{"coordinates":[17.034897000000001,67.586443000000003],"type":"Point"},"id":"hut-10402","properties":{"beds":20,"elevation":578,"name":"Kutjaure Fjällstuga","owner":"Svenska Turistföreningen","source":"UT.no","type":"Ubetjent"},"type":"Feature"},{"geometry":{"coordinates":[14.3142,65.487799999999993],"type":"Point"},"id":"hut-10403","properties":{"beds":30,"elevation":324,"name":"Grannes Camping","owner":"Brurskanken Turlag","source":"UT.no","type":"Betjent"},"type":"Feature"},{"geometry":{"coordinates":[16.696000000000002,67.318849999999998],"type":"Point"},"id":"hut-10404","properties":{"beds":42,"elevation":587,"name":"Stáloluokta Fjällstuga","source":"UT.no","type":"Selvbetjent"},"type":"Feature"},{"geometry":{"coordinates":[18.520271000000001,67.393865000000005],"type":"Point"},"id":"hut-10405","properties":{"beds":100,"elevation":397,"name":"Saltoluokta Fjällstation","source":"UT.no","type":"Betjent"},"type":"Feature"},{"geometry":{"coordinates":[16.591709999999999,67.240359999999995],"type":"Point"},"id":"hut-10406","properties":{"beds":18,"elevation":699,"name":"Stáddájåhkå Fjällstuga","owner":"Nordlandsruta","source":"UT.no","type":"Selvbetjent"},"type":"Feature"},{"geometry":{"coordinates":[16.477442,67.232557],"type":"Point"},"id":"hut-10407","properties":{"beds":8,"elevation":820,"name":"Sårjåsjaure Fjällstuga","owner":"Svenska Turistföreningen","source":"UT.no","type":"Ubetjent"},"type":"Feature"},{"geometry":{"coordinates":[14.395,65.9178],"type":"Point"},"id":"hut-10408","properties":{"beds":15,"elevation":393,"name":"Stekvasselv gård","owner":"Nordlandsruta","source":"UT.no","type":"Betjent"},"type":"Feature"},{"geometry":{"coordinates":[14.392047,65.359316000000007],"type":"Point"},"id":"hut-10410","properties":{"beds":6,"elevation":754,"name":"Daningen","source":"UT.no","type":"Ubetjent"},"type":"Feature"},{"geometry":{"coordinates":[13.551619000000001,64.966567999999995],"type":"Point"},"id":"hut-10412","properties":{"elevation":455,"name":"Bustadmo","source":"UT.no","type":"Ubetjent"},"type":"Feature"},{"geometry":{"coordinates":[11.534387000000001,63.661482999999997],"type":"Point"},"id":"hut-10412529","properties":{"beds":50,"elevation":481,"name":"Skallstuggu","owner":"Skallstuggu AS","source":"UT.no","type":"Servering"},"type":"Feature"},{"geometry":{"coordinates":[13.2369,64.748599999999996],"type":"Point"},"id":"hut-10414","properties":{"elevation":420,"name":"Øvre Mykkelvikseter","source":"UT.no","type":"Ubetjent"},"type":"Feature"},{"geometry":{"coordinates":[13.107464999999999,64.638347999999993],"type":"Point"},"id":"hut-10415","properties":{"beds":20,"elevation":490,"name":"Messa Skorovatn","source":"UT.no","type":"Betjent"},"type":"Feature"},{"geometry":{"coordinates":[13.0025,64.568100000000001],"type":"Point"},"id":"hut-10416","properties":{"elevation":506,"name":"Midtre Nesåvatnet","source":"UT.no","type":"Ubetjent"},"type":"Feature"},{"geometry":{"coordinates":[13.191666,64.517497000000006],"type":"Point"},"id":"hut-10417","properties":{"beds":5,"elevation":571,"name":"Kviltjønnhytta","source":"UT.no","type":"Ubetjent"},"type":"Feature"},{"geometry":{"coordinates":[13.41053,64.491339999999994],"type":"Point"},"id":"hut-10418","properties":{"elevation":355,"name":"Skjelbredtunet","source":"UT.no","type":"Ubetjent"},"type":"Feature"},{"geometry":{"coordinates":[13.126099999999999,64.410600000000002],"type":"Point"},"id":"hut-10419","properties":{"beds":4,"elevation":470,"name":"Almdalshytta","source":"UT.no","type":"Ubetjent"},"type":"Feature"},{"geometry":{"coordinates":[12.583290999999999,60.362704999999998],"type":"Point"},"id":"hut-1042","properties":{"elevation":408,"name":"Hällsjöskyddet","source":"UT.no","type":"Nødbu"},"type":"Feature"},{"geometry":{"coordinates":[21.207535,69.102204999999998],"type":"Point"},"id":"hut-10421","properties":{"beds":10,"elevation":866,"name":"Kuonjarjoki","owner":"Metsähallitus","source":"UT.no","type":"Ubetjent"},"type":"Feature"},{"geometry":{"coordinates":[7.8016670000000001,60.606074999999997],"type":"Point"},"id":"hut-1042201","properties":{"elevation":1624,"name":"Lordehytta","owner":"Hol kommune","source":"UT.no","type":"Nødbu"},"type":"Feature"},{"geometry":{"coordinates":[8.3152279999999994,60.498345],"type":"Point"},"id":"hut-1042204","properties":{"elevation":1110,"name":"Ruperanden","owner":"Ruperanden","source":"UT.no","type":"Servering"},"type":"Feature"},{"geometry":{"coordinates":[8.1419239999999995,60.476720999999998],"type":"Point"},"id":"hut-1042205","properties":{"elevation":1129,"name":"Grønebakken","owner":"Geilo Røde Kors","source":"UT.no","type":"Servering"},"type":"Feature"},{"geometry":{"coordinates":[8.1270150000000001,60.572586999999999],"type":"Point"},"id":"hut-1042206","properties":{"elevation":1059,"name":"Vestreim Fjellstugu","owner":"Vestreim","source":"UT.no","type":"Servering"},"type":"Feature"},{"geometry":{"coordinates":[23.194199999999999,69.078900000000004],"type":"Point"},"id":"hut-10423","properties":{"elevation":318,"name":"Lavvo før Cabardasjohka","source":"UT.no","type":"Stengt"},"type":"Feature"},{"geometry":{"coordinates":[23.045658,69.016926999999995],"type":"Point"},"id":"hut-10424","properties":{"beds":100,"elevation":346,"name":"Thon Hotell Kautokeino","owner":"Thon Hotels","source":"UT.no","type":"Betjent"},"type":"Feature"},{"geometry":{"coordinates":[11.798734,59.264783999999999],"type":"Point"},"id":"hut-10425","properties":{"elevation":116,"name":"Stora Lee Camping","owner":"Stora Lee Camping","source":"UT.no","type":"Betjent"},"type":"Feature"},{"geometry":{"coordinates":[11.832053999999999,59.134650000000001],"type":"Point"},"id":"hut-10426","properties":{"elevation":118,"name":"Strands Gästgiveri","source":"UT.no","type":"Betjent"},"type":"Feature"},{"geometry":{"coordinates":[12.437866,60.833616999999997],"type":"Point"},"id":"hut-1043","properties":{"beds":6,"elevation":468,"name":"Björnholtkojan","source":"UT.no","type":"Ubetjent"},"type":"Feature"},{"geometry":{"coordinates":[11.722277,59.314337999999999],"type":"Point"},"id":"hut-10432","properties":{"beds":30,"elevation":144,"name":"Bøensætre","owner":"Bøensætre","source":"UT.no","type":"Betjent"},"type":"Feature"},{"geometry":{"coordinates":[11.781231,59.813211000000003],"type":"Point"},"id":"hut-10434","properties":{"elevation":261,"name":"Steinbyhytta","owner":"Setskog Idrettsforening","source":"UT.no","type":"Ubetjent"},"type":"Feature"},{"geometry":{"coordinates":[11.848599999999999,59.827199999999998],"type":"Point"},"id":"hut-10436","properties":{"elevation":293,"name":"Malnes","source":"UT.no","type":"Nødbu"},"type":"Feature"},{"geometry":{"coordinates":[5.6363000000000003,60.78969],"type":"Point"},"id":"hut-10439","properties":{"beds":96,"elevation":364,"name":"Dyrkolbotn Fjellstove","owner":"Dyrkolbotn Fjellstove","source":"UT.no","type":"Betjent"},"type":"Feature"},{"geometry":{"coordinates":[12.492271000000001,60.767499000000001],"type":"Point"},"id":"hut-1044","properties":{"elevation":414,"name":"Hemtjernhuken","source":"UT.no","type":"Nødbu"},"type":"Feature"},{"geometry":{"coordinates":[11.529161999999999,63.992095999999997],"type":"Point"},"id":"hut-10444","properties":{"elevation":329,"name":"Peilehytta","owner":"Steinkjer kommune","source":"UT.no","type":"Nødbu"},"type":"Feature"},{"geometry":{"coordinates":[6.4604600000000003,61.57338],"type":"Point"},"id":"hut-10449","properties":{"elevation":464,"name":"Fjellro - dagsturhytte i Sunnfjord kommune","owner":"Sunnfjord kommune","source":"UT.no","type":"Dagsturhytte"},"type":"Feature"},{"geometry":{"coordinates":[12.517251999999999,60.086153000000003],"type":"Point"},"id":"hut-1045","properties":{"elevation":226,"name":"Mitanderfors","source":"UT.no","type":"Betjent"},"type":"Feature"},{"geometry":{"coordinates":[6.3477990000000002,62.246980000000001],"type":"Point"},"id":"hut-10450","properties":{"beds":50,"elevation":395,"name":"Standalhytta","owner":"Aalesunds Skiklub","source":"UT.no","type":"Ubetjent"},"type":"Feature"},{"geometry":{"coordinates":[19.8872,69.654200000000003],"type":"Point"},"id":"hut-10451","properties":{"elevation":121,"name":"Trollhytta","source":"UT.no","type":"Ubetjent"},"type":"Feature"},{"geometry":{"coordinates":[6.5266799999999998,59.495109999999997],"type":"Point"},"id":"hut-10452","properties":{"beds":28,"elevation":86,"name":"Osa-bu Fisketjøn","source":"UT.no","type":"Betjent"},"type":"Feature"},{"geometry":{"coordinates":[24.299354000000001,70.131895],"type":"Point"},"id":"hut-10453","properties":{"beds":3,"elevation":271,"name":"Bastingammen","owner":"Stabbursdalen Nasjonalparkstyre","source":"UT.no","type":"Ubetjent"},"type":"Feature"},{"geometry":{"coordinates":[8.059253,58.109679999999997],"type":"Point"},"id":"hut-10458121","properties":{"beds":6,"elevation":3,"name":"Jordbærbua på Dvergsøya","owner":"Bragdøya kystlag","source":"UT.no","type":"Utleiehytte"},"type":"Feature"},{"geometry":{"coordinates":[7.3554969999999997,58.789267000000002],"type":"Point"},"id":"hut-10464","properties":{"beds":48,"elevation":530,"name":"Ljosland Fjellstove","owner":"Ljosland Fjellstove","source":"UT.no","type":"Stengt"},"type":"Feature"},{"geometry":{"coordinates":[8.5836349999999992,59.879413],"type":"Point"},"id":"hut-1046471","properties":{"elevation":309,"name":"Rjukan Admini Hotell","owner":"De Historiske","source":"UT.no","type":"Betjent"},"type":"Feature"},{"geometry":{"coordinates":[7.2479399999999998,61.301955],"type":"Point"},"id":"hut-1046473","properties":{"elevation":4,"name":"Walaker Hotell","owner":"De Historiske","source":"UT.no","type":"Betjent"},"type":"Feature"},{"geometry":{"coordinates":[13.349722999999999,68.033945000000003],"type":"Point"},"id":"hut-1046474","properties":{"elevation":2,"name":"Nusfjord Arctic Resort","owner":"De Historiske","source":"UT.no","type":"Ubetjent"},"type":"Feature"},{"geometry":{"coordinates":[12.032408,62.639131999999996],"type":"Point"},"id":"hut-10466","properties":{"beds":83,"elevation":829,"name":"Vauldalen fjellhotell","owner":"Vauldalen Fjellhotell AS","source":"UT.no","type":"Betjent"},"type":"Feature"},{"geometry":{"coordinates":[12.184621,60.757351],"type":"Point"},"id":"hut-1047","properties":{"elevation":280,"name":"Rogsjøhuken","source":"UT.no","type":"Nødbu"},"type":"Feature"},{"geometry":{"coordinates":[12.274257,63.042107000000001],"type":"Point"},"id":"hut-10470","properties":{"beds":74,"elevation":1034,"name":"Sylarnas Fjällstation","owner":"Svenska Turistföreningen","source":"UT.no","type":"Betjent"},"type":"Feature"},{"geometry":{"coordinates":[12.505843,62.916946000000003],"type":"Point"},"id":"hut-10471","properties":{"beds":82,"elevation":1043,"name":"Helags Fjällstation","owner":"Svenska Turistföreningen","source":"UT.no","type":"Betjent"},"type":"Feature"},{"geometry":{"coordinates":[12.44664,62.818195000000003],"type":"Point"},"id":"hut-10472","properties":{"beds":20,"elevation":1041,"name":"Fältjägaren Fjällstuga","owner":"Svenska Turistföreningen","source":"UT.no","type":"Ubetjent"},"type":"Feature"},{"geometry":{"coordinates":[12.363441999999999,63.169682000000002],"type":"Point"},"id":"hut-10476","properties":{"beds":148,"elevation":754,"name":"Storulvåns Fjällstation","owner":"Svenska Turistföreningen","source":"UT.no","type":"Betjent"},"type":"Feature"},{"geometry":{"coordinates":[12.12288,59.937095999999997],"type":"Point"},"id":"hut-1048","properties":{"elevation":206,"name":"Sagdalhuken","source":"UT.no","type":"Nødbu"},"type":"Feature"},{"geometry":{"coordinates":[12.174270999999999,63.185445000000001],"type":"Point"},"id":"hut-10480","properties":{"beds":30,"elevation":1081,"name":"Blåhammaren Fjällstation","owner":"Svenska Turistföreningen","source":"UT.no","type":"Selvbetjent"},"type":"Feature"},{"geometry":{"coordinates":[12.03693,63.334871],"type":"Point"},"id":"hut-10481","properties":{"elevation":450,"name":"Teveltunet Fjellstue","source":"UT.no","type":"Betjent"},"type":"Feature"},{"geometry":{"coordinates":[12.123398,63.280226999999996],"type":"Point"},"id":"hut-10482","properties":{"beds":72,"elevation":588,"name":"Storliens Fjällgård","owner":"Storlienservice AB","source":"UT.no","type":"Betjent"},"type":"Feature"},{"geometry":{"coordinates":[11.503185999999999,59.114866999999997],"type":"Point"},"id":"hut-10487","properties":{"elevation":193,"name":"Ertehytta","owner":"Tistedalen Friluftslag","source":"UT.no","type":"Servering"},"type":"Feature"},{"geometry":{"coordinates":[12.308327,60.766627999999997],"type":"Point"},"id":"hut-1049","properties":{"elevation":231,"name":"Risbekkhuken","source":"UT.no","type":"Nødbu"},"type":"Feature"},{"geometry":{"coordinates":[10.695625,62.474715000000003],"type":"Point"},"id":"hut-10491","properties":{"beds":4,"elevation":952,"name":"Koversjøhytta","owner":"Vingelen Sameie","source":"UT.no","type":"Ubetjent"},"type":"Feature"},{"geometry":{"coordinates":[10.711233999999999,62.505741999999998],"type":"Point"},"id":"hut-10492","properties":{"beds":5,"elevation":1059,"name":"Bjønntjønnan","owner":"Vingelen Sameie","source":"UT.no","type":"Ubetjent"},"type":"Feature"},{"geometry":{"coordinates":[10.673337,62.486179999999997],"type":"Point"},"id":"hut-10493","properties":{"beds":5,"elevation":980,"name":"Gjersjøhytta","owner":"Vingelen Sameie","source":"UT.no","type":"Ubetjent"},"type":"Feature"},{"geometry":{"coordinates":[13.291623,65.487136000000007],"type":"Point"},"id":"hut-10497","properties":{"beds":18,"elevation":267,"name":"Stavassgården","owner":"Stavassgården","source":"UT.no","type":"Ubetjent"},"type":"Feature"},{"geometry":{"coordinates":[5.7938999999999998,60.9497],"type":"Point"},"id":"hut-10498","properties":{"beds":4,"elevation":859,"name":"Fjellvassbu","owner":"Bergen og Hordaland Turlag","source":"UT.no","type":"Ubetjent"},"type":"Feature"},{"geometry":{"coordinates":[9.6005900000000004,61.792540000000002],"type":"Point"},"id":"hut-10499","properties":{"elevation":934,"name":"Rondeslottet","source":"UT.no","type":"Betjent"},"type":"Feature"},{"geometry":{"coordinates":[12.062723999999999,60.292476000000001],"type":"Point"},"id":"hut-105","properties":{"elevation":230,"name":"Brannbu","source":"UT.no","type":"Nødbu"},"type":"Feature"},{"geometry":{"coordinates":[12.379386,60.440145000000001],"type":"Point"},"id":"hut-1050","properties":{"elevation":259,"name":"Nøkkhuluhuken","source":"UT.no","type":"Nødbu"},"type":"Feature"},{"geometry":{"coordinates":[10.211539999999999,63.419220000000003],"type":"Point"},"id":"hut-10502","properties":{"elevation":448,"name":"Elgsethytta","source":"UT.no","type":"Servering"},"type":"Feature"},{"geometry":{"coordinates":[9.6547099999999997,61.535299999999999],"type":"Point"},"id":"hut-10507","properties":{"beds":250,"elevation":934,"name":"Fefor Høifjellshotell og Hytter","source":"UT.no","type":"Betjent"},"type":"Feature"},{"geometry":{"coordinates":[10.737209999999999,62.117449999999998],"type":"Point"},"id":"hut-10518","properties":{"elevation":933,"name":"Allmannstua","source":"UT.no","type":"Servering"},"type":"Feature"},{"geometry":{"coordinates":[11.986330000000001,61.102939999999997],"type":"Point"},"id":"hut-1052","properties":{"beds":24,"elevation":444,"name":"Sjøenden camping","source":"UT.no","type":"Betjent"},"type":"Feature"},{"geometry":{"coordinates":[12.367380000000001,62.200387999999997],"type":"Point"},"id":"hut-10520","properties":{"beds":8,"elevation":799,"name":"Hävlingestugorna","owner":"Länsstyrelsen Dalarnes Län","source":"UT.no","type":"Ubetjent"},"type":"Feature"},{"geometry":{"coordinates":[10.397368999999999,59.903531999999998],"type":"Point"},"id":"hut-10521","properties":{"elevation":420,"name":"Grønland","source":"UT.no","type":"Servering"},"type":"Feature"},{"geometry":{"coordinates":[21.289245000000001,69.230720000000005],"type":"Point"},"id":"hut-10523","properties":{"beds":10,"elevation":742,"name":"Pihtsusjärvi","owner":"Metsähallitus","source":"UT.no","type":"Ubetjent"},"type":"Feature"},{"geometry":{"coordinates":[7.8666369999999999,62.010052999999999],"type":"Point"},"id":"hut-10524637","properties":{"beds":16,"elevation":723,"name":"Billingen Seterpensjonat","owner":"Billingen","source":"UT.no","type":"Betjent"},"type":"Feature"},{"geometry":{"coordinates":[12.585176000000001,60.899447000000002],"type":"Point"},"id":"hut-1053","properties":{"elevation":227,"name":"Höljes","source":"UT.no","type":"Betjent"},"type":"Feature"},{"geometry":{"coordinates":[10.414028999999999,60.004629000000001],"type":"Point"},"id":"hut-10530","properties":{"elevation":227,"name":"Greinehytta","source":"UT.no","type":"Servering"},"type":"Feature"},{"geometry":{"coordinates":[12.544233999999999,63.04965],"type":"Point"},"id":"hut-10531","properties":{"beds":48,"elevation":1110,"name":"Gåsen Fjällstuga (nedlagt)","owner":"Svenska Turistföreningen","source":"UT.no","type":"Stengt"},"type":"Feature"},{"geometry":{"coordinates":[10.93618,59.966513999999997],"type":"Point"},"id":"hut-10532","properties":{"elevation":235,"name":"Liastua","source":"UT.no","type":"Servering"},"type":"Feature"},{"geometry":{"coordinates":[10.936823,60.11347],"type":"Point"},"id":"hut-10533","properties":{"elevation":278,"name":"Årstadvangen","owner":"Gjerdrum Almenning","source":"UT.no","type":"Servering"},"type":"Feature"},{"geometry":{"coordinates":[11.39568,60.893239999999999],"type":"Point"},"id":"hut-10535","properties":{"elevation":334,"name":"Nerlikoia","source":"UT.no","type":"Nødbu"},"type":"Feature"},{"geometry":{"coordinates":[10.387912999999999,60.166418999999998],"type":"Point"},"id":"hut-10536","properties":{"elevation":605,"name":"Ringkollstua friluftssenter","owner":"Ringkollstua","source":"UT.no","type":"Servering"},"type":"Feature"},{"geometry":{"coordinates":[10.572685,60.159905999999999],"type":"Point"},"id":"hut-10537","properties":{"elevation":466,"name":"Sandvikshytta","owner":"Skiforeningen","source":"UT.no","type":"Servering"},"type":"Feature"},{"geometry":{"coordinates":[12.22348,60.551982000000002],"type":"Point"},"id":"hut-10538","properties":{"elevation":415,"name":"Skarpberghuken","source":"UT.no","type":"Nødbu"},"type":"Feature"},{"geometry":{"coordinates":[12.650867,60.436675000000001],"type":"Point"},"id":"hut-1054","properties":{"beds":2,"elevation":497,"name":"Lorttjärn","source":"UT.no","type":"Ubetjent"},"type":"Feature"},{"geometry":{"coordinates":[12.27378,63.980139999999999],"type":"Point"},"id":"hut-10541","properties":{"elevation":551,"name":"Lågvassbua","source":"UT.no","type":"Ubetjent"},"type":"Feature"},{"geometry":{"coordinates":[6.7218600000000004,60.375590000000003],"type":"Point"},"id":"hut-10542","properties":{"beds":135,"elevation":7,"name":"Kinsarvik Fjordhotel","owner":"Kinsarvik Fjordhotel","source":"UT.no","type":"Betjent"},"type":"Feature"},{"geometry":{"coordinates":[12.395559,60.419800000000002],"type":"Point"},"id":"hut-1055","properties":{"elevation":252,"name":"Kverndammhuken","source":"UT.no","type":"Nødbu"},"type":"Feature"},{"geometry":{"coordinates":[12.152689000000001,61.038322000000001],"type":"Point"},"id":"hut-10554","properties":{"elevation":563,"name":"Nordre Kjølbergskoia","source":"UT.no","type":"Nødbu"},"type":"Feature"},{"geometry":{"coordinates":[12.130144,60.914763999999998],"type":"Point"},"id":"hut-1056","properties":{"elevation":408,"name":"Ljørkoia i Svartberget","source":"UT.no","type":"Nødbu"},"type":"Feature"},{"geometry":{"coordinates":[6.1376499999999998,58.99004],"type":"Point"},"id":"hut-10563","properties":{"beds":187,"elevation":264,"name":"Preikestolen fjellstue","owner":"Norwegian Experience","source":"UT.no","type":"Betjent"},"type":"Feature"},{"geometry":{"coordinates":[8.6642080000000004,61.167887999999998],"type":"Point"},"id":"hut-10569222","properties":{"beds":60,"elevation":704,"name":"Hugasyn hyttegrend","owner":"Hugasyn hyttegrend","source":"UT.no","type":"Ubetjent"},"type":"Feature"},{"geometry":{"coordinates":[12.218487,59.907252999999997],"type":"Point"},"id":"hut-1057","properties":{"elevation":281,"name":"Lystjernhuken","source":"UT.no","type":"Nødbu"},"type":"Feature"},{"geometry":{"coordinates":[21.533192,69.456981999999996],"type":"Point"},"id":"hut-10572","properties":{"beds":8,"elevation":99,"name":"Saraelv","source":"UT.no","type":"Ubetjent"},"type":"Feature"},{"geometry":{"coordinates":[8.1654800000000005,60.189399999999999],"type":"Point"},"id":"hut-10573","properties":{"beds":20,"elevation":1123,"name":"Mårbu Seter og Fjellstue","owner":"Mårbu Seter og Fjellstue","source":"UT.no","type":"Betjent"},"type":"Feature"},{"geometry":{"coordinates":[7.3590499999999999,59.566670000000002],"type":"Point"},"id":"hut-10575","properties":{"elevation":830,"name":"Hovdestøylen","source":"UT.no","type":"Betjent"},"type":"Feature"},{"geometry":{"coordinates":[9.1212,62.073189999999997],"type":"Point"},"id":"hut-10576","properties":{"beds":200,"elevation":645,"name":"Dombås Hotel","owner":"Dombås Hotel","source":"UT.no","type":"Betjent"},"type":"Feature"},{"geometry":{"coordinates":[9.2218029999999995,61.998711],"type":"Point"},"id":"hut-10577","properties":{"beds":140,"elevation":466,"name":"Toftemo Turiststasjon","source":"UT.no","type":"Betjent"},"type":"Feature"},{"geometry":{"coordinates":[10.266679999999999,61.559100000000001],"type":"Point"},"id":"hut-10578","properties":{"beds":39,"elevation":850,"name":"Friisvegen Turistsenter Måsåplassen","source":"UT.no","type":"Betjent"},"type":"Feature"},{"geometry":{"coordinates":[11.470427000000001,60.819104000000003],"type":"Point"},"id":"hut-10579","properties":{"elevation":291,"name":"Småsætra","source":"UT.no","type":"Nødbu"},"type":"Feature"},{"geometry":{"coordinates":[9.0744399999999992,61.758980000000001],"type":"Point"},"id":"hut-1057924","properties":{"beds":99,"elevation":872,"name":"Lemosjø fjellstue & Hyttegrend","owner":"Lemonsjø fjellstue & hyttegrend","source":"UT.no","type":"Betjent"},"type":"Feature"},{"geometry":{"coordinates":[12.403404999999999,60.799045],"type":"Point"},"id":"hut-1058","properties":{"beds":7,"elevation":403,"name":"Nolbyholen","source":"UT.no","type":"Ubetjent"},"type":"Feature"},{"geometry":{"coordinates":[8.2358100000000007,61.203319999999998],"type":"Point"},"id":"hut-10582","properties":{"elevation":863,"name":"Tyinkrysset fjellstue","owner":"Tyinkrysset fjellstue","source":"UT.no","type":"Betjent"},"type":"Feature"},{"geometry":{"coordinates":[10.406416,60.125646000000003],"type":"Point"},"id":"hut-10588","properties":{"elevation":449,"name":"Damtjern","source":"UT.no","type":"Servering"},"type":"Feature"},{"geometry":{"coordinates":[24.390174999999999,69.565875000000005],"type":"Point"},"id":"hut-10589","properties":{"beds":30,"elevation":381,"name":"Mollisjok Fjellstue \/ Mollesjohka Duottarstohpu","owner":"Statens fjellstuer","source":"UT.no","type":"Betjent"},"type":"Feature"},{"geometry":{"coordinates":[12.57644,60.345064000000001],"type":"Point"},"id":"hut-1059","properties":{"beds":15,"elevation":401,"name":"Gåstjärnskojan","source":"UT.no","type":"Nødbu"},"type":"Feature"},{"geometry":{"coordinates":[10.805999999999999,59.9617],"type":"Point"},"id":"hut-10590","properties":{"elevation":325,"name":"Trollvannstua","owner":"Trollvannstua","source":"UT.no","type":"Servering"},"type":"Feature"},{"geometry":{"coordinates":[10.311059999999999,60.062289999999997],"type":"Point"},"id":"hut-10592","properties":{"beds":495,"elevation":74,"name":"Sundvolden Hotel","source":"UT.no","type":"Betjent"},"type":"Feature"},{"geometry":{"coordinates":[10.329091,60.047049999999999],"type":"Point"},"id":"hut-10593","properties":{"beds":6,"elevation":435,"name":"Solstua","source":"UT.no","type":"Ubetjent"},"type":"Feature"},{"geometry":{"coordinates":[23.620950000000001,69.426060000000007],"type":"Point"},"id":"hut-10594","properties":{"beds":20,"elevation":301,"name":"Masi Turistsenter","source":"UT.no","type":"Betjent"},"type":"Feature"},{"geometry":{"coordinates":[10.547582,59.960180000000001],"type":"Point"},"id":"hut-10596","properties":{"elevation":202,"name":"Nygård","owner":"Nygård","source":"UT.no","type":"Servering"},"type":"Feature"},{"geometry":{"coordinates":[10.4253,60.091099999999997],"type":"Point"},"id":"hut-10597","properties":{"beds":63,"elevation":561,"name":"Løvlia skistue","owner":"Skiforeningen","source":"UT.no","type":"Betjent"},"type":"Feature"},{"geometry":{"coordinates":[10.815106999999999,59.970872],"type":"Point"},"id":"hut-10598","properties":{"elevation":299,"name":"Linderudkollen Sportsstue","owner":"Linderudkollen","source":"UT.no","type":"Servering"},"type":"Feature"},{"geometry":{"coordinates":[11.852672999999999,60.811095999999999],"type":"Point"},"id":"hut-10599","properties":{"elevation":329,"name":"Flotstjennhuken","source":"UT.no","type":"Nødbu"},"type":"Feature"},{"geometry":{"coordinates":[15.090654000000001,65.811428000000006],"type":"Point"},"id":"hut-106","properties":{"elevation":468,"name":"Hemavan Vandrarhem","source":"UT.no","type":"Betjent"},"type":"Feature"},{"geometry":{"coordinates":[12.388548,60.733179999999997],"type":"Point"},"id":"hut-1060","properties":{"beds":25,"elevation":280,"name":"Honkaniemi","owner":"Honkaniemi - Smettes Turisttun Kroksjøhandel","source":"UT.no","type":"Betjent"},"type":"Feature"},{"geometry":{"coordinates":[10.543200000000001,59.974200000000003],"type":"Point"},"id":"hut-10600","properties":{"elevation":393,"name":"Haslumseter kapell","source":"UT.no","type":"Servering"},"type":"Feature"},{"geometry":{"coordinates":[8.6711200000000002,61.163939999999997],"type":"Point"},"id":"hut-10601","properties":{"elevation":528,"name":"Sørre Hemsing","source":"UT.no","type":"Stengt"},"type":"Feature"},{"geometry":{"coordinates":[8.2997099999999993,61.375520000000002],"type":"Point"},"id":"hut-10602","properties":{"beds":55,"elevation":1059,"name":"Eidsbugarden Hotell","owner":"Eidsbugarden Hotell","source":"UT.no","type":"Betjent"},"type":"Feature"},{"geometry":{"coordinates":[10.757077000000001,60.050558000000002],"type":"Point"},"id":"hut-10603","properties":{"beds":15,"elevation":470,"name":"Sellanrå Turisthytte","owner":"Friluftsklubben","source":"UT.no","type":"Selvbetjent"},"type":"Feature"},{"geometry":{"coordinates":[11.041966,59.884472000000002],"type":"Point"},"id":"hut-10609","properties":{"elevation":257,"name":"Setertjernstua","owner":"Stiftelsen Setertjernkapellet Rehabilitering","source":"UT.no","type":"Servering"},"type":"Feature"},{"geometry":{"coordinates":[12.508721,60.341746000000001],"type":"Point"},"id":"hut-1061","properties":{"beds":4,"elevation":407,"name":"Askosberget, Oppigarden","source":"UT.no","type":"Ubetjent"},"type":"Feature"},{"geometry":{"coordinates":[10.962211,59.819980000000001],"type":"Point"},"id":"hut-10610","properties":{"beds":16,"elevation":225,"name":"Skjelbreia","owner":"Oslomarka Trekkhundklubb","source":"UT.no","type":"Servering"},"type":"Feature"},{"geometry":{"coordinates":[10.916646999999999,59.828681000000003],"type":"Point"},"id":"hut-10611","properties":{"elevation":193,"name":"Sandbakken Sportsstue","owner":"Sandbakken Sportsstue AS","source":"UT.no","type":"Servering"},"type":"Feature"},{"geometry":{"coordinates":[10.846285999999999,59.863700999999999],"type":"Point"},"id":"hut-10612","properties":{"elevation":125,"name":"Skullerudstua","owner":"Skiforeningen","source":"UT.no","type":"Servering"},"type":"Feature"},{"geometry":{"coordinates":[10.982697999999999,59.887321999999998],"type":"Point"},"id":"hut-10613","properties":{"elevation":182,"name":"Losby Gods","owner":"Losby gods","source":"UT.no","type":"Betjent"},"type":"Feature"},{"geometry":{"coordinates":[10.3813,59.918999999999997],"type":"Point"},"id":"hut-10614","properties":{"elevation":380,"name":"Mikkelsbonn","owner":"Skiforeningen","source":"UT.no","type":"Servering"},"type":"Feature"},{"geometry":{"coordinates":[10.407988,59.881788],"type":"Point"},"id":"hut-10615","properties":{"elevation":270,"name":"Furuholmen markastue","owner":"Furuholmen","source":"UT.no","type":"Servering"},"type":"Feature"},{"geometry":{"coordinates":[10.335834999999999,59.864330000000002],"type":"Point"},"id":"hut-10617","properties":{"elevation":347,"name":"Myggheim","source":"UT.no","type":"Servering"},"type":"Feature"},{"geometry":{"coordinates":[10.34647,59.853909999999999],"type":"Point"},"id":"hut-10619","properties":{"elevation":431,"name":"Vestlia","source":"UT.no","type":"Servering"},"type":"Feature"},{"geometry":{"coordinates":[12.59408,60.486863],"type":"Point"},"id":"hut-1062","properties":{"elevation":359,"name":"Nordre Baksjøhuken","source":"UT.no","type":"Nødbu"},"type":"Feature"},{"geometry":{"coordinates":[10.340278,59.849715000000003],"type":"Point"},"id":"hut-10620","properties":{"elevation":381,"name":"Solli gård","source":"UT.no","type":"Servering"},"type":"Feature"},{"geometry":{"coordinates":[10.398084000000001,59.775691999999999],"type":"Point"},"id":"hut-10621","properties":{"elevation":274,"name":"Blåfjellhytta","source":"UT.no","type":"Servering"},"type":"Feature"},{"geometry":{"coordinates":[10.341341999999999,59.775483999999999],"type":"Point"},"id":"hut-10622","properties":{"elevation":227,"name":"ROS-hytta","source":"UT.no","type":"Servering"},"type":"Feature"},{"geometry":{"coordinates":[10.880800000000001,59.850839999999998],"type":"Point"},"id":"hut-10628","properties":{"elevation":269,"name":"Østmarkkapellet","owner":"Stiftelsen Østmarkskapellet","source":"UT.no","type":"Servering"},"type":"Feature"},{"geometry":{"coordinates":[10.999195,59.818632999999998],"type":"Point"},"id":"hut-10629","properties":{"elevation":272,"name":"Vangen","source":"UT.no","type":"Servering"},"type":"Feature"},{"geometry":{"coordinates":[10.9079,59.891278],"type":"Point"},"id":"hut-10631","properties":{"elevation":205,"name":"Mariholtet","owner":"Mariholtet sportstue","source":"UT.no","type":"Servering"},"type":"Feature"},{"geometry":{"coordinates":[9.9132759999999998,63.175778999999999],"type":"Point"},"id":"hut-10632159","properties":{"beds":2,"elevation":487,"name":"Ølshøgdbua","owner":"Statskog","source":"UT.no","type":"Ubetjent"},"type":"Feature"},{"geometry":{"coordinates":[10.668100000000001,59.997999999999998],"type":"Point"},"id":"hut-10633","properties":{"elevation":396,"name":"Tryvannstua sportsstue","owner":"Tryvannstua sportsstue ","source":"UT.no","type":"Servering"},"type":"Feature"},{"geometry":{"coordinates":[10.5474,59.967399999999998],"type":"Point"},"id":"hut-10634","properties":{"elevation":376,"name":"Brunkollen turisthytte","owner":"Skiforeningen","source":"UT.no","type":"Servering"},"type":"Feature"},{"geometry":{"coordinates":[13.79796,65.052090000000007],"type":"Point"},"id":"hut-10635","properties":{"elevation":460,"name":"Viermahytta","source":"UT.no","type":"Ubetjent"},"type":"Feature"},{"geometry":{"coordinates":[10.861062,60.015194000000001],"type":"Point"},"id":"hut-10637","properties":{"elevation":376,"name":"Sørskogen","source":"UT.no","type":"Servering"},"type":"Feature"},{"geometry":{"coordinates":[10.840299999999999,60.025399999999998],"type":"Point"},"id":"hut-10638","properties":{"elevation":408,"name":"Sinober Sportsstue (stengt)","source":"UT.no","type":"Servering"},"type":"Feature"},{"geometry":{"coordinates":[10.8629,59.997900000000001],"type":"Point"},"id":"hut-10639","properties":{"elevation":360,"name":"Lilloseter","owner":"Lilloseter Sportsstue","source":"UT.no","type":"Servering"},"type":"Feature"},{"geometry":{"coordinates":[10.690799999999999,60.002600000000001],"type":"Point"},"id":"hut-10640","properties":{"elevation":475,"name":"Skjennungstua","source":"UT.no","type":"Servering"},"type":"Feature"},{"geometry":{"coordinates":[10.7111,60.009799999999998],"type":"Point"},"id":"hut-10641","properties":{"elevation":336,"name":"Ullevålseter","source":"UT.no","type":"Servering"},"type":"Feature"},{"geometry":{"coordinates":[10.663500000000001,60.017299999999999],"type":"Point"},"id":"hut-10642","properties":{"beds":77,"elevation":397,"name":"Nordmarkskapellet","owner":"Oslo Kristelige Studentlag","source":"UT.no","type":"Ubetjent"},"type":"Feature"},{"geometry":{"coordinates":[10.640542,60.031264999999998],"type":"Point"},"id":"hut-10644","properties":{"elevation":352,"name":"Finnerud","source":"UT.no","type":"Servering"},"type":"Feature"},{"geometry":{"coordinates":[10.655294,60.076377000000001],"type":"Point"},"id":"hut-10647","properties":{"beds":62,"elevation":357,"name":"Kikutstua","owner":"Skiforeningen","source":"UT.no","type":"Betjent"},"type":"Feature"},{"geometry":{"coordinates":[12.432703999999999,60.720109000000001],"type":"Point"},"id":"hut-1065","properties":{"elevation":376,"name":"Norro","source":"UT.no","type":"Ubetjent"},"type":"Feature"},{"geometry":{"coordinates":[25.0703,70.601900000000001],"type":"Point"},"id":"hut-10655","properties":{"beds":5,"elevation":320,"name":"Stohpojohka","source":"UT.no","type":"Ubetjent"},"type":"Feature"},{"geometry":{"coordinates":[12.450163999999999,60.609453999999999],"type":"Point"},"id":"hut-1066","properties":{"elevation":386,"name":"Tysken Gjestegård","source":"UT.no","type":"Stengt"},"type":"Feature"},{"geometry":{"coordinates":[21.506039000000001,69.271456000000001],"type":"Point"},"id":"hut-10661","properties":{"elevation":749,"name":"Kopmajoki","owner":"Metsähallitus","source":"UT.no","type":"Nødbu"},"type":"Feature"},{"geometry":{"coordinates":[21.342739000000002,69.162069000000002],"type":"Point"},"id":"hut-10662","properties":{"elevation":600,"name":"Meekonjärvi","owner":"Metsähallitus","source":"UT.no","type":"Nødbu"},"type":"Feature"},{"geometry":{"coordinates":[21.089167,69.060833000000002],"type":"Point"},"id":"hut-10663","properties":{"elevation":682,"name":"Saarijärvi","owner":"Metsähallitus","source":"UT.no","type":"Nødbu"},"type":"Feature"},{"geometry":{"coordinates":[20.55707,69.060329999999993],"type":"Point"},"id":"hut-10665","properties":{"elevation":490,"name":"Kuohkimajärvi","owner":"Metsähallitus","source":"UT.no","type":"Nødbu"},"type":"Feature"},{"geometry":{"coordinates":[12.490377000000001,60.641345000000001],"type":"Point"},"id":"hut-1067","properties":{"elevation":496,"name":"Klintkoia","source":"UT.no","type":"Stengt"},"type":"Feature"},{"geometry":{"coordinates":[12.225020000000001,60.980088000000002],"type":"Point"},"id":"hut-10673","properties":{"elevation":450,"name":"Bråtendammhuken","source":"UT.no","type":"Nødbu"},"type":"Feature"},{"geometry":{"coordinates":[11.962391999999999,59.889381999999998],"type":"Point"},"id":"hut-10674","properties":{"elevation":196,"name":"Hekttjernhuken ","source":"UT.no","type":"Nødbu"},"type":"Feature"},{"geometry":{"coordinates":[12.137055,60.425452999999997],"type":"Point"},"id":"hut-10676","properties":{"elevation":205,"name":"Tjuraåhuken","source":"UT.no","type":"Nødbu"},"type":"Feature"},{"geometry":{"coordinates":[12.302904,60.698918999999997],"type":"Point"},"id":"hut-10677","properties":{"elevation":210,"name":"Finnvadhuken","source":"UT.no","type":"Nødbu"},"type":"Feature"},{"geometry":{"coordinates":[12.181042,60.368713],"type":"Point"},"id":"hut-1068","properties":{"elevation":371,"name":"Mosætra","source":"UT.no","type":"Ubetjent"},"type":"Feature"},{"geometry":{"coordinates":[11.851868,62.434378000000002],"type":"Point"},"id":"hut-10681","properties":{"beds":50,"elevation":686,"name":"Langen Gjestegård","source":"UT.no","type":"Betjent"},"type":"Feature"},{"geometry":{"coordinates":[7.4380470000000001,62.072386000000002],"type":"Point"},"id":"hut-10685","properties":{"beds":5,"elevation":1060,"name":"Kvitberghytta","owner":"Skjåk Almenning","source":"UT.no","type":"Ubetjent"},"type":"Feature"},{"geometry":{"coordinates":[7.881742,61.805132],"type":"Point"},"id":"hut-10687","properties":{"beds":5,"elevation":1121,"name":"Grønnstorrbu","owner":"Skjåk Almenning","source":"UT.no","type":"Ubetjent"},"type":"Feature"},{"geometry":{"coordinates":[8.2346889999999995,61.925575000000002],"type":"Point"},"id":"hut-10688","properties":{"beds":5,"elevation":1142,"name":"Aursjobu","owner":"Skjåk Almenning","source":"UT.no","type":"Ubetjent"},"type":"Feature"},{"geometry":{"coordinates":[7.7825199999999999,61.958652999999998],"type":"Point"},"id":"hut-10689","properties":{"beds":4,"elevation":1199,"name":"Glittervassbu","owner":"Skjåk Almenning","source":"UT.no","type":"Ubetjent"},"type":"Feature"},{"geometry":{"coordinates":[12.542763000000001,60.647616999999997],"type":"Point"},"id":"hut-1069","properties":{"beds":7,"elevation":426,"name":"Herresokojan","source":"UT.no","type":"Ubetjent"},"type":"Feature"},{"geometry":{"coordinates":[7.6522940000000004,62.103597000000001],"type":"Point"},"id":"hut-10690","properties":{"beds":5,"elevation":1291,"name":"Grønvassbue","owner":"Skjåk Almenning","source":"UT.no","type":"Ubetjent"},"type":"Feature"},{"geometry":{"coordinates":[8.0268270000000008,61.939408],"type":"Point"},"id":"hut-10691","properties":{"beds":5,"elevation":582,"name":"Heggebottvatnet","owner":"Skjåk Almenning","source":"UT.no","type":"Ubetjent"},"type":"Feature"},{"geometry":{"coordinates":[7.7307430000000004,61.824629999999999],"type":"Point"},"id":"hut-10692","properties":{"beds":4,"elevation":745,"name":"Liabu","owner":"Skjåk Almenning","source":"UT.no","type":"Ubetjent"},"type":"Feature"},{"geometry":{"coordinates":[7.6126490000000002,61.903267999999997],"type":"Point"},"id":"hut-10693","properties":{"beds":4,"elevation":917,"name":"Raudalsbu","owner":"Skjåk Almenning","source":"UT.no","type":"Ubetjent"},"type":"Feature"},{"geometry":{"coordinates":[8.1141649999999998,61.782508],"type":"Point"},"id":"hut-10694","properties":{"beds":5,"elevation":1137,"name":"Sauhytta","owner":"Skjåk Almenning","source":"UT.no","type":"Ubetjent"},"type":"Feature"},{"geometry":{"coordinates":[7.7741499999999997,61.786409999999997],"type":"Point"},"id":"hut-10695","properties":{"beds":4,"elevation":1500,"name":"Sottjønnbu","owner":"Skjåk Almenning","source":"UT.no","type":"Ubetjent"},"type":"Feature"},{"geometry":{"coordinates":[7.9965739999999998,62.063966999999998],"type":"Point"},"id":"hut-10696","properties":{"beds":5,"elevation":1480,"name":"Skarvedalshytta","owner":"Skjåk Almenning","source":"UT.no","type":"Ubetjent"},"type":"Feature"},{"geometry":{"coordinates":[8.4334589999999992,61.992426000000002],"type":"Point"},"id":"hut-10697","properties":{"beds":5,"elevation":1406,"name":"Storhøbu","owner":"Skjåk Almenning","source":"UT.no","type":"Ubetjent"},"type":"Feature"},{"geometry":{"coordinates":[8.1355909999999998,62.000281000000001],"type":"Point"},"id":"hut-10698","properties":{"beds":5,"elevation":1340,"name":"Sveinbu","owner":"Skjåk Almenning","source":"UT.no","type":"Ubetjent"},"type":"Feature"},{"geometry":{"coordinates":[7.9844390000000001,62.128838000000002],"type":"Point"},"id":"hut-10699","properties":{"beds":5,"elevation":1533,"name":"Storvassbu","owner":"Skjåk Almenning","source":"UT.no","type":"Ubetjent"},"type":"Feature"},{"geometry":{"coordinates":[12.566749,60.560025000000003],"type":"Point"},"id":"hut-1070","properties":{"beds":5,"elevation":390,"name":"Fall","source":"UT.no","type":"Ubetjent"},"type":"Feature"},{"geometry":{"coordinates":[7.8069940000000004,62.082911000000003],"type":"Point"},"id":"hut-10700","properties":{"beds":5,"elevation":1068,"name":"Tverråhytta","owner":"Skjåk Almenning","source":"UT.no","type":"Ubetjent"},"type":"Feature"},{"geometry":{"coordinates":[7.4451729999999996,62.020980999999999],"type":"Point"},"id":"hut-10701","properties":{"beds":8,"elevation":936,"name":"Legerhytta","owner":"Skjåk Almenning","source":"UT.no","type":"Ubetjent"},"type":"Feature"},{"geometry":{"coordinates":[12.494215000000001,62.217604999999999],"type":"Point"},"id":"hut-10706","properties":{"beds":20,"elevation":873,"name":"Storrödtjärn Fjällstuga","owner":"Svenska Turistföreningen","source":"UT.no","type":"Ubetjent"},"type":"Feature"},{"geometry":{"coordinates":[7.6552709999999999,60.297477000000001],"type":"Point"},"id":"hut-10708","properties":{"beds":30,"elevation":1238,"name":"Stigstuv","owner":"Stigstuv Turisthytte AS","source":"UT.no","type":"Betjent"},"type":"Feature"},{"geometry":{"coordinates":[16.064364999999999,67.098945000000001],"type":"Point"},"id":"hut-10715495","properties":{"beds":6,"elevation":363,"name":"Sulitjelma Turistsenter, campingen i Daja","owner":"Sulitjelma Turistsenter","source":"UT.no","type":"Utleiehytte"},"type":"Feature"},{"geometry":{"coordinates":[12.395609,60.566679000000001],"type":"Point"},"id":"hut-1072","properties":{"beds":4,"elevation":488,"name":"Mellomsjøbrakka","source":"UT.no","type":"Ubetjent"},"type":"Feature"},{"geometry":{"coordinates":[12.210394000000001,60.926546000000002],"type":"Point"},"id":"hut-10723670","properties":{"beds":2,"elevation":545,"name":"Øvre Smalberget","owner":"Statskog","source":"UT.no","type":"Ubetjent"},"type":"Feature"},{"geometry":{"coordinates":[12.449156,62.317056999999998],"type":"Point"},"id":"hut-10724","properties":{"beds":18,"elevation":757,"name":"Rogen Fjällstuga","owner":"Svenska Turistföreningen","source":"UT.no","type":"Selvbetjent"},"type":"Feature"},{"geometry":{"coordinates":[12.28819,62.387909999999998],"type":"Point"},"id":"hut-10725","properties":{"beds":20,"elevation":783,"name":"Skedbro Fjällstuga","owner":"Svenska Turistföreningen","source":"UT.no","type":"Ubetjent"},"type":"Feature"},{"geometry":{"coordinates":[8.1935730000000007,60.933861999999998],"type":"Point"},"id":"hut-10727","properties":{"beds":20,"elevation":1015,"name":"Bjøberg Høgfjellsgard","source":"UT.no","type":"Betjent"},"type":"Feature"},{"geometry":{"coordinates":[8.2361599999999999,61.195900000000002],"type":"Point"},"id":"hut-10728","properties":{"beds":96,"elevation":911,"name":"Filefjellstuene","owner":"Filefjellstuene","source":"UT.no","type":"Betjent"},"type":"Feature"},{"geometry":{"coordinates":[7.1212299999999997,60.860039999999998],"type":"Point"},"id":"hut-10729","properties":{"beds":49,"elevation":8,"name":"Heimly Pensjonat","source":"UT.no","type":"Betjent"},"type":"Feature"},{"geometry":{"coordinates":[9.1864670000000004,60.342942000000001],"type":"Point"},"id":"hut-1073","properties":{"beds":56,"elevation":812,"name":"Haglebu Fjellstue","source":"UT.no","type":"Betjent"},"type":"Feature"},{"geometry":{"coordinates":[8.9802499999999998,60.800902999999998],"type":"Point"},"id":"hut-10730","properties":{"beds":70,"elevation":904,"name":"Kamben Høyfjellshotell","source":"UT.no","type":"Betjent"},"type":"Feature"},{"geometry":{"coordinates":[8.6295090000000005,61.490653000000002],"type":"Point"},"id":"hut-10732","properties":{"beds":160,"elevation":1005,"name":"Memurubu Turisthytte","owner":"Memurubu Turisthytte AS","source":"UT.no","type":"Betjent"},"type":"Feature"},{"geometry":{"coordinates":[8.4044439999999998,61.625059],"type":"Point"},"id":"hut-10733","properties":{"beds":280,"elevation":1101,"name":"Spiterstulen Turisthytte","owner":"Spiterstulen Drift AS","source":"UT.no","type":"Betjent"},"type":"Feature"},{"geometry":{"coordinates":[10.544966000000001,61.226146999999997],"type":"Point"},"id":"hut-10735","properties":{"beds":68,"elevation":985,"name":"Pellestova","owner":"Pellestova Hotell","source":"UT.no","type":"Betjent"},"type":"Feature"},{"geometry":{"coordinates":[10.103355000000001,61.670253000000002],"type":"Point"},"id":"hut-10736","properties":{"beds":120,"elevation":929,"name":"Spidsbergseter Resort Rondane","owner":"Spidsbergseter Resort Rondane","source":"UT.no","type":"Betjent"},"type":"Feature"},{"geometry":{"coordinates":[10.750037000000001,62.554524000000001],"type":"Point"},"id":"hut-10736416","properties":{"beds":5,"elevation":926,"name":"Bratthøhytta","owner":"Vingelen Sameie","source":"UT.no","type":"Ubetjent"},"type":"Feature"},{"geometry":{"coordinates":[8.8502279999999995,60.937306999999997],"type":"Point"},"id":"hut-10738","properties":{"beds":70,"elevation":879,"name":"Nøsen Fjellhotell","owner":"Nøsen Fjellhotell","source":"UT.no","type":"Betjent"},"type":"Feature"},{"geometry":{"coordinates":[11.470275000000001,60.825462999999999],"type":"Point"},"id":"hut-1074","properties":{"elevation":306,"name":"Svarttjernkoia","source":"UT.no","type":"Nødbu"},"type":"Feature"},{"geometry":{"coordinates":[7.4707929999999996,60.552712],"type":"Point"},"id":"hut-10748","properties":{"elevation":1784,"name":"Jøkulhytta","source":"UT.no","type":"Nødbu"},"type":"Feature"},{"geometry":{"coordinates":[7.4868329999999998,60.570518],"type":"Point"},"id":"hut-10749","properties":{"elevation":1352,"name":"Appelsinhytta","source":"UT.no","type":"Nødbu"},"type":"Feature"},{"geometry":{"coordinates":[13.951401000000001,66.559818000000007],"type":"Point"},"id":"hut-10749347","properties":{"beds":2,"elevation":585,"name":"Pikhåghytta - Ute av drift\/not operational","owner":"Statskog","source":"UT.no","type":"Stengt"},"type":"Feature"},{"geometry":{"coordinates":[13.867430000000001,66.540491000000003],"type":"Point"},"id":"hut-10749348","properties":{"beds":4,"elevation":263,"name":"Glomdalshytta","owner":"Statskog","source":"UT.no","type":"Ubetjent"},"type":"Feature"},{"geometry":{"coordinates":[23.527114000000001,69.585932999999997],"type":"Point"},"id":"hut-1075","properties":{"beds":23,"elevation":375,"name":"Suolovuopmi Fjellstue","source":"UT.no","type":"Betjent"},"type":"Feature"},{"geometry":{"coordinates":[8.4244009999999996,60.395699999999998],"type":"Point"},"id":"hut-10758852","properties":{"beds":29,"elevation":898,"name":"Dagali Fjellpark Leiehytte","owner":"Dagali Fjellpark (Full On AS)","source":"UT.no","type":"Betjent"},"type":"Feature"},{"geometry":{"coordinates":[23.934716000000002,69.754474999999999],"type":"Point"},"id":"hut-1076","properties":{"beds":32,"elevation":388,"name":"Joatkajávri fjellstue","source":"UT.no","type":"Betjent"},"type":"Feature"},{"geometry":{"coordinates":[11.591246999999999,61.024206],"type":"Point"},"id":"hut-10760596","properties":{"beds":2,"elevation":451,"name":"Bjønnåstangkoia","owner":"Statskog","source":"UT.no","type":"Ubetjent"},"type":"Feature"},{"geometry":{"coordinates":[12.457603000000001,61.471969000000001],"type":"Point"},"id":"hut-10762181","properties":{"beds":4,"elevation":831,"name":"Gjerdinga","owner":"Statskog","source":"UT.no","type":"Ubetjent"},"type":"Feature"},{"geometry":{"coordinates":[12.443992,61.421973000000001],"type":"Point"},"id":"hut-10762182","properties":{"beds":2,"elevation":601,"name":"Fessburet","owner":"Statskog","source":"UT.no","type":"Ubetjent"},"type":"Feature"},{"geometry":{"coordinates":[11.502528999999999,61.581133999999999],"type":"Point"},"id":"hut-10762191","properties":{"beds":3,"elevation":876,"name":"Gransjøbekkbua","owner":"Statskog","source":"UT.no","type":"Ubetjent"},"type":"Feature"},{"geometry":{"coordinates":[11.395244999999999,61.565215999999999],"type":"Point"},"id":"hut-10762193","properties":{"beds":2,"elevation":637,"name":"Krokhølbua","owner":"Statskog","source":"UT.no","type":"Ubetjent"},"type":"Feature"},{"geometry":{"coordinates":[9.5220690000000001,59.670914000000003],"type":"Point"},"id":"hut-10762198","properties":{"elevation":902,"name":"Branntårnet på Jonsknuten","owner":"Statskog","source":"UT.no","type":"Dagsturhytte"},"type":"Feature"},{"geometry":{"coordinates":[6.7953549999999998,61.473838000000001],"type":"Point"},"id":"hut-10766","properties":{"beds":15,"elevation":989,"name":"Flatbrehytta","owner":"Flatbrehytta","source":"UT.no","type":"Stengt"},"type":"Feature"},{"geometry":{"coordinates":[5.3911030000000002,59.618532000000002],"type":"Point"},"id":"hut-10773555","properties":{"elevation":160,"name":"Dagsturhytta i Sveio - Nipaståvo","owner":"Sveio kommune","source":"UT.no","type":"Dagsturhytte"},"type":"Feature"},{"geometry":{"coordinates":[9.6056720000000002,62.303598000000001],"type":"Point"},"id":"hut-10792","properties":{"beds":70,"elevation":897,"name":"Kongsvold Fjeldstue by Frich`s Hotel & Spiseri","owner":"Frich","source":"UT.no","type":"Betjent"},"type":"Feature"},{"geometry":{"coordinates":[12.412436,60.504573000000001],"type":"Point"},"id":"hut-108","properties":{"elevation":504,"name":"Konttorphuken","source":"UT.no","type":"Nødbu"},"type":"Feature"},{"geometry":{"coordinates":[13.741429999999999,65.02807],"type":"Point"},"id":"hut-1080","properties":{"elevation":459,"name":"Bustadslåtten","source":"UT.no","type":"Ubetjent"},"type":"Feature"},{"geometry":{"coordinates":[5.6538199999999996,61.405949999999997],"type":"Point"},"id":"hut-10806","properties":{"elevation":701,"name":"Skaraly - dagsturhytte i Sunnfjord kommune","owner":"Sunnfjord kommune","source":"UT.no","type":"Dagsturhytte"},"type":"Feature"},{"geometry":{"coordinates":[7.8469660000000001,60.709172000000002],"type":"Point"},"id":"hut-10807","properties":{"beds":46,"elevation":1013,"name":"Storestølen fjellstugu","owner":"Storestølen Fjellstue","source":"UT.no","type":"Betjent"},"type":"Feature"},{"geometry":{"coordinates":[7.1322650000000003,60.742041999999998],"type":"Point"},"id":"hut-10809","properties":{"beds":100,"elevation":825,"name":"Vatnahalsen Høyfjellshotell","source":"UT.no","type":"Betjent"},"type":"Feature"},{"geometry":{"coordinates":[5.1613699999999998,61.38561],"type":"Point"},"id":"hut-1081","properties":{"elevation":495,"name":"Nykshytta - dagsturhytta i Askvoll","owner":"Askvoll kommune","source":"UT.no","type":"Dagsturhytte"},"type":"Feature"},{"geometry":{"coordinates":[7.1126899999999997,60.860303000000002],"type":"Point"},"id":"hut-10810","properties":{"elevation":53,"name":"Fretheim Hotel","source":"UT.no","type":"Betjent"},"type":"Feature"},{"geometry":{"coordinates":[8.2538859999999996,60.710228999999998],"type":"Point"},"id":"hut-10814","properties":{"beds":80,"elevation":1052,"name":"Rødungstøl Høyfjellshotell","source":"UT.no","type":"Betjent"},"type":"Feature"},{"geometry":{"coordinates":[8.2917050000000003,60.715082000000002],"type":"Point"},"id":"hut-10816","properties":{"beds":90,"elevation":1076,"name":"Bergsjøstølen Høyfjellshytte","source":"UT.no","type":"Betjent"},"type":"Feature"},{"geometry":{"coordinates":[8.9840929999999997,61.342599999999997],"type":"Point"},"id":"hut-10817","properties":{"beds":60,"elevation":1037,"name":"Haugseter fjellstue","owner":"Haugseter fjellstue","source":"UT.no","type":"Betjent"},"type":"Feature"},{"geometry":{"coordinates":[7.5976939999999997,60.558472999999999],"type":"Point"},"id":"hut-10824","properties":{"beds":13,"elevation":1153,"name":"Oksebotn Vokterbolig II","owner":"Oksebotn Vokterbolig II","source":"UT.no","type":"Ubetjent"},"type":"Feature"},{"geometry":{"coordinates":[5.3559140000000003,62.044753],"type":"Point"},"id":"hut-10834","properties":{"elevation":138,"name":"Sjøglytt - dagsturhytte i Stad kommune","owner":"Stad kommune","source":"UT.no","type":"Dagsturhytte"},"type":"Feature"},{"geometry":{"coordinates":[10.59564,59.816809999999997],"type":"Point"},"id":"hut-10835","properties":{"beds":8,"elevation":6,"name":"Fyrsteilene","owner":"Oslofjordens Friluftsråd","source":"UT.no","type":"Ubetjent"},"type":"Feature"},{"geometry":{"coordinates":[10.562430000000001,59.701830000000001],"type":"Point"},"id":"hut-10836","properties":{"beds":4,"elevation":6,"name":"Håøya Badstua","owner":"Oslofjordens Friluftsråd","source":"UT.no","type":"Ubetjent"},"type":"Feature"},{"geometry":{"coordinates":[10.539998000000001,59.851467],"type":"Point"},"id":"hut-10837","properties":{"beds":20,"elevation":2,"name":"Butikken","owner":"Oslofjordens Friluftsråd","source":"UT.no","type":"Ubetjent"},"type":"Feature"},{"geometry":{"coordinates":[12.112869999999999,61.897179999999999],"type":"Point"},"id":"hut-10837468","properties":{"elevation":905,"name":"Vålåberget, Skihytta","owner":"Drevsjø stedsgruppe - Engerdal sportsklubb","source":"UT.no","type":"Dagsturhytte"},"type":"Feature"},{"geometry":{"coordinates":[10.427114,59.562627999999997],"type":"Point"},"id":"hut-10838","properties":{"beds":6,"name":"Bakkeskjær","owner":"Oslofjordens Friluftsråd","source":"UT.no","type":"Ubetjent"},"type":"Feature"},{"geometry":{"coordinates":[10.589130000000001,59.6736],"type":"Point"},"id":"hut-10839","properties":{"beds":22,"elevation":4,"name":"Bergholmen Befalsboligen","owner":"Oslofjordens Friluftsråd","source":"UT.no","type":"Ubetjent"},"type":"Feature"},{"geometry":{"coordinates":[10.256883999999999,59.084200000000003],"type":"Point"},"id":"hut-10840","properties":{"beds":7,"elevation":6,"name":"Buerøya","owner":"Oslofjordens Friluftsråd","source":"UT.no","type":"Ubetjent"},"type":"Feature"},{"geometry":{"coordinates":[10.583214,59.664645999999998],"type":"Point"},"id":"hut-10842","properties":{"beds":4,"elevation":1,"name":"Fiskerhytta","owner":"Oslofjordens Friluftsråd","source":"UT.no","type":"Ubetjent"},"type":"Feature"},{"geometry":{"coordinates":[11.024222,59.016088000000003],"type":"Point"},"id":"hut-10844","properties":{"beds":12,"elevation":5,"name":"Homlungen fyr","owner":"Oslofjordens Friluftsråd","source":"UT.no","type":"Ubetjent"},"type":"Feature"},{"geometry":{"coordinates":[10.46184,59.121400000000001],"type":"Point"},"id":"hut-10845","properties":{"beds":5,"elevation":5,"name":"Ildverket","owner":"Oslofjordens Friluftsråd","source":"UT.no","type":"Ubetjent"},"type":"Feature"},{"geometry":{"coordinates":[10.586460000000001,59.880699999999997],"type":"Point"},"id":"hut-10847","properties":{"beds":17,"elevation":3,"name":"Kjeholmen","owner":"Oslofjordens Friluftsråd","source":"UT.no","type":"Ubetjent"},"type":"Feature"},{"geometry":{"coordinates":[10.4551,59.44547],"type":"Point"},"id":"hut-10848","properties":{"beds":6,"elevation":5,"name":"Løvøysund","owner":"Oslofjordens Friluftsråd","source":"UT.no","type":"Ubetjent"},"type":"Feature"},{"geometry":{"coordinates":[10.60819,59.802909999999997],"type":"Point"},"id":"hut-10849","properties":{"beds":13,"elevation":5,"name":"Ommen Hovedhuset","owner":"Oslofjordens Friluftsråd","source":"UT.no","type":"Ubetjent"},"type":"Feature"},{"geometry":{"coordinates":[13.58117,64.989869999999996],"type":"Point"},"id":"hut-1085","properties":{"elevation":455,"name":"Børgefjellbua","source":"UT.no","type":"Ubetjent"},"type":"Feature"},{"geometry":{"coordinates":[10.53533,59.519134000000001],"type":"Point"},"id":"hut-10850","properties":{"beds":4,"elevation":15,"name":"Ranvikholmen","owner":"Oslofjordens Friluftsråd","source":"UT.no","type":"Ubetjent"},"type":"Feature"},{"geometry":{"coordinates":[10.65794,59.870010000000001],"type":"Point"},"id":"hut-10851","properties":{"beds":6,"elevation":2,"name":"Rødstua","owner":"Oslofjordens Friluftsråd","source":"UT.no","type":"Ubetjent"},"type":"Feature"},{"geometry":{"coordinates":[10.36088,59.455359999999999],"type":"Point"},"id":"hut-10852","properties":{"beds":25,"elevation":4,"name":"Sandsletta","owner":"Oslofjordens Friluftsråd","source":"UT.no","type":"Ubetjent"},"type":"Feature"},{"geometry":{"coordinates":[9.7569999999999997,58.991639999999997],"type":"Point"},"id":"hut-10853","properties":{"beds":12,"elevation":2,"name":"Langøytangen fyr","owner":"Langesundsfjorden Kystlag","source":"UT.no","type":"Ubetjent"},"type":"Feature"},{"geometry":{"coordinates":[10.561081,59.702302000000003],"type":"Point"},"id":"hut-10854","properties":{"beds":7,"elevation":6,"name":"Håøya Eldhuset","owner":"Oslofjordens Friluftsråd","source":"UT.no","type":"Ubetjent"},"type":"Feature"},{"geometry":{"coordinates":[10.890056,59.289144999999998],"type":"Point"},"id":"hut-10856","properties":{"beds":20,"elevation":31,"name":"Skogtunet","owner":"Fredrikstad Frikirke Speidergruppe","source":"UT.no","type":"Ubetjent"},"type":"Feature"},{"geometry":{"coordinates":[7.1140699999999999,60.862960000000001],"type":"Point"},"id":"hut-10857","properties":{"elevation":4,"name":"Flåm vandrerhjem","source":"UT.no","type":"Betjent"},"type":"Feature"},{"geometry":{"coordinates":[10.367699999999999,59.173259999999999],"type":"Point"},"id":"hut-10858","properties":{"beds":6,"elevation":10,"name":"Søndre Tenvik","owner":"Oslofjordens Friluftsråd","source":"UT.no","type":"Ubetjent"},"type":"Feature"},{"geometry":{"coordinates":[7.9236760000000004,59.064084999999999],"type":"Point"},"id":"hut-10859","properties":{"beds":23,"elevation":655,"name":"Kvipt Gjestegard","owner":"Kvipt","source":"UT.no","type":"Betjent"},"type":"Feature"},{"geometry":{"coordinates":[10.65103,59.566749999999999],"type":"Point"},"id":"hut-10860","properties":{"beds":8,"elevation":3,"name":"Svartåshytta","owner":"Oslofjordens Friluftsråd","source":"UT.no","type":"Ubetjent"},"type":"Feature"},{"geometry":{"coordinates":[10.62215,59.873930000000001],"type":"Point"},"id":"hut-10861","properties":{"beds":6,"elevation":4,"name":"Ytre Vassholmen","owner":"Oslofjordens Friluftsråd","source":"UT.no","type":"Ubetjent"},"type":"Feature"},{"geometry":{"coordinates":[9.5394030000000001,59.672665000000002],"type":"Point"},"id":"hut-10862","properties":{"beds":24,"elevation":719,"name":"Knutehytta","owner":"Kongsberg og Omegns Turistforening","source":"UT.no","type":"Servering"},"type":"Feature"},{"geometry":{"coordinates":[10.608349,59.803114999999998],"type":"Point"},"id":"hut-10863","properties":{"beds":6,"elevation":5,"name":"Ommen Veslestua","owner":"Oslofjordens Friluftsråd","source":"UT.no","type":"Ubetjent"},"type":"Feature"},{"geometry":{"coordinates":[10.542490000000001,59.215429999999998],"type":"Point"},"id":"hut-10864","properties":{"beds":11,"elevation":8,"name":"Rønningen","owner":"Oslofjordens Friluftsråd","source":"UT.no","type":"Ubetjent"},"type":"Feature"},{"geometry":{"coordinates":[11.01728,59.011620000000001],"type":"Point"},"id":"hut-10865","properties":{"beds":4,"name":"Lauer","owner":"Oslofjordens Friluftsråd","source":"UT.no","type":"Ubetjent"},"type":"Feature"},{"geometry":{"coordinates":[10.740690000000001,59.118220000000001],"type":"Point"},"id":"hut-10866","properties":{"beds":15,"elevation":8,"name":"Struten","owner":"Oslofjordens Friluftsråd","source":"UT.no","type":"Ubetjent"},"type":"Feature"},{"geometry":{"coordinates":[10.028473,58.980573999999997],"type":"Point"},"id":"hut-10867","properties":{"beds":6,"elevation":14,"name":"Rakke","owner":"Oslofjordens Friluftsråd","source":"UT.no","type":"Ubetjent"},"type":"Feature"},{"geometry":{"coordinates":[11.559049999999999,59.148000000000003],"type":"Point"},"id":"hut-10868","properties":{"beds":4,"elevation":107,"name":"Fløterhytta","owner":"Oslofjordens Friluftsråd","source":"UT.no","type":"Ubetjent"},"type":"Feature"},{"geometry":{"coordinates":[7.8980259999999998,61.958418999999999],"type":"Point"},"id":"hut-10869","properties":{"beds":50,"elevation":605,"name":"Pollfoss Gjestehus","source":"UT.no","type":"Betjent"},"type":"Feature"},{"geometry":{"coordinates":[10.608599999999999,59.805430000000001],"type":"Point"},"id":"hut-10870","properties":{"beds":4,"elevation":2,"name":"Vestli","owner":"Oslofjordens Friluftsråd","source":"UT.no","type":"Ubetjent"},"type":"Feature"},{"geometry":{"coordinates":[8.0603470000000002,61.920775999999996],"type":"Point"},"id":"hut-10872","properties":{"beds":75,"elevation":501,"name":"Øyberg sæter og camping ","source":"UT.no","type":"Betjent"},"type":"Feature"},{"geometry":{"coordinates":[10.45337,59.082140000000003],"type":"Point"},"id":"hut-10873","properties":{"beds":2,"name":"Startbua","owner":"Oslofjordens Friluftsråd","source":"UT.no","type":"Ubetjent"},"type":"Feature"},{"geometry":{"coordinates":[7.1588269999999996,60.312612999999999],"type":"Point"},"id":"hut-10874","properties":{"beds":50,"elevation":945,"name":"Hedlo Turisthytte","owner":"Hedlo Turisthytte","source":"UT.no","type":"Betjent"},"type":"Feature"},{"geometry":{"coordinates":[10.570040000000001,59.202579999999998],"type":"Point"},"id":"hut-10875","properties":{"beds":25,"elevation":4,"name":"Kommandantboligen","owner":"Oslofjordens Friluftsråd","source":"UT.no","type":"Ubetjent"},"type":"Feature"},{"geometry":{"coordinates":[7.9419620000000002,60.354249000000003],"type":"Point"},"id":"hut-10876","properties":{"beds":55,"elevation":1094,"name":"Heinseter","owner":"Heinseter AS","source":"UT.no","type":"Betjent"},"type":"Feature"},{"geometry":{"coordinates":[8.1728900000000007,60.378858000000001],"type":"Point"},"id":"hut-10878","properties":{"beds":20,"elevation":962,"name":"Åan Turisthytte","owner":"Åan Turisthytte","source":"UT.no","type":"Betjent"},"type":"Feature"},{"geometry":{"coordinates":[10.599069999999999,59.175750000000001],"type":"Point"},"id":"hut-10879","properties":{"beds":8,"elevation":1,"name":"Fulehuk Sjøbua","owner":"Oslofjordens Friluftsråd","source":"UT.no","type":"Ubetjent"},"type":"Feature"},{"geometry":{"coordinates":[10.327991000000001,59.180168000000002],"type":"Point"},"id":"hut-10879443","properties":{"beds":6,"elevation":7,"name":"Bogen Stabburet","owner":"Oslofjordens Friluftsråd","source":"UT.no","type":"Ubetjent"},"type":"Feature"},{"geometry":{"coordinates":[10.57925,59.435946000000001],"type":"Point"},"id":"hut-10879448","properties":{"beds":5,"name":"Gullholmen Naustet","owner":"Oslofjordens Friluftsråd","source":"UT.no","type":"Ubetjent"},"type":"Feature"},{"geometry":{"coordinates":[11.031480999999999,59.042197999999999],"type":"Point"},"id":"hut-10879453","properties":{"beds":6,"elevation":11,"name":"Brekke skole","owner":"Oslofjordens Friluftsråd","source":"UT.no","type":"Ubetjent"},"type":"Feature"},{"geometry":{"coordinates":[10.070584,59.019993999999997],"type":"Point"},"id":"hut-10879458","properties":{"beds":4,"elevation":7,"name":"Gon","owner":"Oslofjordens Friluftsråd","source":"UT.no","type":"Ubetjent"},"type":"Feature"},{"geometry":{"coordinates":[10.026819,58.979781000000003],"type":"Point"},"id":"hut-10879459","properties":{"beds":6,"elevation":18,"name":"Grevlestua","owner":"Oslofjordens Friluftsråd","source":"UT.no","type":"Ubetjent"},"type":"Feature"},{"geometry":{"coordinates":[10.148334,58.967691000000002],"type":"Point"},"id":"hut-10881","properties":{"beds":19,"elevation":4,"name":"Svenner fyr","owner":"Svenner Fyr Kystled","source":"UT.no","type":"Ubetjent"},"type":"Feature"},{"geometry":{"coordinates":[7.9269949999999998,61.374606],"type":"Point"},"id":"hut-10882","properties":{"beds":38,"elevation":319,"name":"Vetti Gard Turiststasjon","owner":"Klingenberg hotel AS","source":"UT.no","type":"Betjent"},"type":"Feature"},{"geometry":{"coordinates":[10.320040000000001,59.489310000000003],"type":"Point"},"id":"hut-10883","properties":{"beds":6,"name":"Ødegårdbua  sør","owner":"Oslofjordens Friluftsråd","source":"UT.no","type":"Ubetjent"},"type":"Feature"},{"geometry":{"coordinates":[10.476749999999999,59.389184],"type":"Point"},"id":"hut-10884","properties":{"beds":19,"elevation":4,"name":"Langgrunn","owner":"Oslofjordens Friluftsråd","source":"UT.no","type":"Ubetjent"},"type":"Feature"},{"geometry":{"coordinates":[10.27088,59.116329999999998],"type":"Point"},"id":"hut-10885","properties":{"beds":10,"elevation":5,"name":"Gokstadholmen Hovedhytta","owner":"Oslofjordens Friluftsråd","source":"UT.no","type":"Ubetjent"},"type":"Feature"},{"geometry":{"coordinates":[13.190379999999999,65.835769999999997],"type":"Point"},"id":"hut-10888","properties":{"beds":146,"elevation":5,"name":"Fru Haugans Hotel","owner":"De Historiske","source":"UT.no","type":"Betjent"},"type":"Feature"},{"geometry":{"coordinates":[9.6964600000000001,61.108930000000001],"type":"Point"},"id":"hut-1089","properties":{"beds":40,"elevation":985,"name":"Lenningen Fjellstue","source":"UT.no","type":"Ubetjent"},"type":"Feature"},{"geometry":{"coordinates":[17.473040999999998,67.721821000000006],"type":"Point"},"id":"hut-10892","properties":{"beds":80,"elevation":480,"name":"Ritsem Fjällstation","owner":"Svenska Turistföreningen","source":"UT.no","type":"Selvbetjent"},"type":"Feature"},{"geometry":{"coordinates":[6.7395399999999999,61.404209999999999],"type":"Point"},"id":"hut-10894","properties":{"beds":28,"elevation":7,"name":"Fjærland Fjordstue Hotell","source":"UT.no","type":"Betjent"},"type":"Feature"},{"geometry":{"coordinates":[7.2782869999999997,61.651040999999999],"type":"Point"},"id":"hut-10895","properties":{"beds":18,"elevation":250,"name":"Villa Fjellheim","owner":"Villa Fjellheim","source":"UT.no","type":"Selvbetjent"},"type":"Feature"},{"geometry":{"coordinates":[8.8216900000000003,60.53895],"type":"Point"},"id":"hut-10896","properties":{"beds":72,"elevation":963,"name":"Fagerhøy fjellstue","owner":"Fagerhøy Fjellstue AS","source":"UT.no","type":"Stengt"},"type":"Feature"},{"geometry":{"coordinates":[9.1864670000000004,60.342942000000001],"type":"Point"},"id":"hut-10898","properties":{"beds":30,"elevation":812,"name":"Haglebu Turistheim","source":"UT.no","type":"Betjent"},"type":"Feature"},{"geometry":{"coordinates":[8.8806759999999993,60.447358999999999],"type":"Point"},"id":"hut-10899","properties":{"beds":120,"elevation":985,"name":"Langedrag Naturpark","owner":"Langedrag Naturpark","source":"UT.no","type":"Betjent"},"type":"Feature"},{"geometry":{"coordinates":[12.055857,60.999856999999999],"type":"Point"},"id":"hut-109","properties":{"elevation":474,"name":"Steintjernkoia","source":"UT.no","type":"Nødbu"},"type":"Feature"},{"geometry":{"coordinates":[9.4059299999999997,60.270065000000002],"type":"Point"},"id":"hut-10900","properties":{"elevation":912,"name":"Tempelsetra","source":"UT.no","type":"Servering"},"type":"Feature"},{"geometry":{"coordinates":[9.3707200000000004,62.153550000000003],"type":"Point"},"id":"hut-10901","properties":{"beds":80,"elevation":1007,"name":"Dovrefjell Lodge","owner":"Dovrefjell Lodge AS","source":"UT.no","type":"Betjent"},"type":"Feature"},{"geometry":{"coordinates":[9.5471520000000005,62.195599999999999],"type":"Point"},"id":"hut-10902","properties":{"beds":70,"elevation":915,"name":"Hageseter","source":"UT.no","type":"Betjent"},"type":"Feature"},{"geometry":{"coordinates":[9.6635539999999995,62.033163999999999],"type":"Point"},"id":"hut-10903","properties":{"beds":44,"elevation":1050,"name":"Haverdalseter","owner":"Haverdalseter","source":"UT.no","type":"Betjent"},"type":"Feature"},{"geometry":{"coordinates":[9.5781460000000003,62.220545999999999],"type":"Point"},"id":"hut-10904","properties":{"beds":70,"elevation":933,"name":"Hjerkinn fjellstue","owner":"Hjerkinn Fjellstue & Fjellridning","source":"UT.no","type":"Betjent"},"type":"Feature"},{"geometry":{"coordinates":[9.4783570000000008,61.891961000000002],"type":"Point"},"id":"hut-10905","properties":{"beds":55,"elevation":962,"name":"Høvringen Fjellstue","owner":"Høvringen Fjellstue","source":"UT.no","type":"Betjent"},"type":"Feature"},{"geometry":{"coordinates":[9.4766309999999994,61.891157],"type":"Point"},"id":"hut-10906","properties":{"beds":90,"elevation":954,"name":"Høvringen Høgfjellshotell","source":"UT.no","type":"Betjent"},"type":"Feature"},{"geometry":{"coordinates":[9.6852999999999998,61.811439999999997],"type":"Point"},"id":"hut-10907","properties":{"beds":23,"elevation":894,"name":"Mysuseter Fjellosji","owner":"Mysuseter servicesenter","source":"UT.no","type":"Ubetjent"},"type":"Feature"},{"geometry":{"coordinates":[9.6283999999999992,61.869999999999997],"type":"Point"},"id":"hut-10908","properties":{"beds":6,"elevation":1101,"name":"Peer Gynt-hytta","owner":"Peer Gynt ","source":"UT.no","type":"Servering"},"type":"Feature"},{"geometry":{"coordinates":[9.7229939999999999,61.750517000000002],"type":"Point"},"id":"hut-10909","properties":{"beds":182,"elevation":893,"name":"Hotel Rondablikk","owner":"Hotel Rondablikk","source":"UT.no","type":"Betjent"},"type":"Feature"},{"geometry":{"coordinates":[8.6221340000000009,60.669558000000002],"type":"Point"},"id":"hut-1091","properties":{"beds":60,"elevation":949,"name":"Liatoppen Fjellstove","owner":"Syningen Eiendom AS","source":"UT.no","type":"Betjent"},"type":"Feature"},{"geometry":{"coordinates":[9.6737110000000008,61.806967999999998],"type":"Point"},"id":"hut-10910","properties":{"beds":220,"elevation":888,"name":"Rondane Høyfjellshotell","owner":"Rondane Høyfjellshotell","source":"UT.no","type":"Betjent"},"type":"Feature"},{"geometry":{"coordinates":[9.4876009999999997,61.888438000000001],"type":"Point"},"id":"hut-10911","properties":{"beds":56,"elevation":985,"name":"Rondane Haukliseter Fjellhotell","owner":"Rondane Haukliseter Fjellhotell","source":"UT.no","type":"Betjent"},"type":"Feature"},{"geometry":{"coordinates":[10.237590000000001,61.834820000000001],"type":"Point"},"id":"hut-10912","properties":{"beds":90,"elevation":765,"name":"Rondane Friluftssenter Rondetunet","source":"UT.no","type":"Betjent"},"type":"Feature"},{"geometry":{"coordinates":[9.4722030000000004,61.889825999999999],"type":"Point"},"id":"hut-10913","properties":{"elevation":937,"name":"Rondeheim (Den Norske Fjellskole)","source":"UT.no","type":"Betjent"},"type":"Feature"},{"geometry":{"coordinates":[8.4461099999999991,59.857221000000003],"type":"Point"},"id":"hut-10916","properties":{"beds":100,"elevation":846,"name":"Rjukan Fjellstue as","owner":"Rjukan Fjellstue","source":"UT.no","type":"Betjent"},"type":"Feature"},{"geometry":{"coordinates":[8.3918470000000003,61.717798000000002],"type":"Point"},"id":"hut-10921","properties":{"beds":160,"elevation":1012,"name":"Raubergstulen Turisthytte","owner":"Raubergstulen","source":"UT.no","type":"Betjent"},"type":"Feature"},{"geometry":{"coordinates":[7.996988,61.444243],"type":"Point"},"id":"hut-10924","properties":{"elevation":611,"name":"Vormeli","source":"UT.no","type":"Nødbu"},"type":"Feature"},{"geometry":{"coordinates":[8.0323010000000004,61.573945999999999],"type":"Point"},"id":"hut-10925","properties":{"beds":100,"elevation":1267,"name":"Krossbu Turisthytte","owner":"Krossbu Turisthytte","source":"UT.no","type":"Betjent"},"type":"Feature"},{"geometry":{"coordinates":[7.8017019999999997,61.504444999999997],"type":"Point"},"id":"hut-10926","properties":{"beds":119,"elevation":874,"name":"Turtagrø Hotel","owner":"Turtagrø Hotel AS","source":"UT.no","type":"Betjent"},"type":"Feature"},{"geometry":{"coordinates":[7.9978999999999996,61.564770000000003],"type":"Point"},"id":"hut-10930","properties":{"beds":80,"elevation":1412,"name":"Sognefjellshytta","owner":"Sognefjellshytta AS","source":"UT.no","type":"Betjent"},"type":"Feature"},{"geometry":{"coordinates":[6.6596799999999998,62.193086999999998],"type":"Point"},"id":"hut-10936","properties":{"elevation":7,"name":"Hotel Union Øye","source":"UT.no","type":"Betjent"},"type":"Feature"},{"geometry":{"coordinates":[10.27027,59.116750000000003],"type":"Point"},"id":"hut-10937","properties":{"beds":6,"elevation":5,"name":"Gokstadholmen Drengestua","owner":"Oslofjordens Friluftsråd","source":"UT.no","type":"Ubetjent"},"type":"Feature"},{"geometry":{"coordinates":[7.6321570000000003,62.013869999999997],"type":"Point"},"id":"hut-10938","properties":{"beds":120,"elevation":906,"name":"Grotli Høyfjellshotel","source":"UT.no","type":"Betjent"},"type":"Feature"},{"geometry":{"coordinates":[7.2627100000000002,61.63223],"type":"Point"},"id":"hut-10943","properties":{"beds":46,"elevation":213,"name":"Jostedal Hotell","source":"UT.no","type":"Betjent"},"type":"Feature"},{"geometry":{"coordinates":[10.564711000000001,59.759509999999999],"type":"Point"},"id":"hut-10948","properties":{"beds":5,"elevation":10,"name":"Søndre Langåra Tåkeklokke","owner":"Oslofjordens Friluftsråd","source":"UT.no","type":"Ubetjent"},"type":"Feature"},{"geometry":{"coordinates":[11.731199999999999,61.835059999999999],"type":"Point"},"id":"hut-10949","properties":{"elevation":635,"name":"Sølenstua camp og hytter","source":"UT.no","type":"Betjent"},"type":"Feature"},{"geometry":{"coordinates":[6.426571,59.195492000000002],"type":"Point"},"id":"hut-1095","properties":{"beds":20,"elevation":79,"name":"Trodla-Tysdal turiststasjon","owner":"Trodla-Tysdal turiststasjon","source":"UT.no","type":"Selvbetjent"},"type":"Feature"},{"geometry":{"coordinates":[18.460889999999999,68.398708999999997],"type":"Point"},"id":"hut-10951","properties":{"elevation":1222,"name":"Låktatjåkkastugan","source":"UT.no","type":"Betjent"},"type":"Feature"},{"geometry":{"coordinates":[8.7656200000000002,62.723644999999998],"type":"Point"},"id":"hut-10952","properties":{"beds":24,"elevation":402,"name":"Renndølsetra","owner":"Renndølsetra","source":"UT.no","type":"Betjent"},"type":"Feature"},{"geometry":{"coordinates":[8.5614600000000003,61.533050000000003],"type":"Point"},"id":"hut-10953","properties":{"elevation":2228,"name":"Nødbu Surtningssue","source":"UT.no","type":"Nødbu"},"type":"Feature"},{"geometry":{"coordinates":[17.078192000000001,68.553884999999994],"type":"Point"},"id":"hut-10957","properties":{"beds":6,"elevation":511,"name":"Niingshytta","owner":"Evenes Turlag","source":"UT.no","type":"Ubetjent"},"type":"Feature"},{"geometry":{"coordinates":[7.1211729999999998,60.732534999999999],"type":"Point"},"id":"hut-1096","properties":{"beds":34,"elevation":861,"name":"Myrdal Fjellstove","owner":"Myrdal Fjellstove","source":"UT.no","type":"Betjent"},"type":"Feature"},{"geometry":{"coordinates":[6.6347560000000003,61.516913000000002],"type":"Point"},"id":"hut-10960","properties":{"beds":40,"elevation":238,"name":"Lunde turiststasjon","owner":"Lunde Turiststasjon","source":"UT.no","type":"Betjent"},"type":"Feature"},{"geometry":{"coordinates":[10.25577,61.961444],"type":"Point"},"id":"hut-10961","properties":{"beds":48,"elevation":965,"name":"Breisjøseter Turisthytte","owner":"Breisjøseter Turisthytte","source":"UT.no","type":"Betjent"},"type":"Feature"},{"geometry":{"coordinates":[9.8033000000000001,61.999200000000002],"type":"Point"},"id":"hut-10962","properties":{"beds":100,"elevation":1071,"name":"Øvre Dørålseter","owner":"Øvre Dørålseter","source":"UT.no","type":"Betjent"},"type":"Feature"},{"geometry":{"coordinates":[18.503948999999999,68.335493],"type":"Point"},"id":"hut-10970","properties":{"beds":10,"elevation":694,"name":"Kårsavagge Fjällstuga","owner":"Svenska Turistföreningen","source":"UT.no","type":"Ubetjent"},"type":"Feature"},{"geometry":{"coordinates":[9.4848490000000005,61.893745000000003],"type":"Point"},"id":"hut-10977","properties":{"beds":130,"elevation":999,"name":"Brekkeseter Fjellstue","source":"UT.no","type":"Betjent"},"type":"Feature"},{"geometry":{"coordinates":[9.4904899999999994,61.853729999999999],"type":"Point"},"id":"hut-10978","properties":{"beds":60,"elevation":956,"name":"Putten seter","source":"UT.no","type":"Betjent"},"type":"Feature"},{"geometry":{"coordinates":[10.225194999999999,61.786987000000003],"type":"Point"},"id":"hut-10979","properties":{"beds":55,"elevation":758,"name":"Rondane River Lodge","owner":"Rondane River Lodge","source":"UT.no","type":"Betjent"},"type":"Feature"},{"geometry":{"coordinates":[9.5747719999999994,61.887155999999997],"type":"Point"},"id":"hut-10980","properties":{"beds":50,"elevation":1133,"name":"Smuksjøseter fjellstue","owner":"Smuksjøseter Fjellstue","source":"UT.no","type":"Betjent"},"type":"Feature"},{"geometry":{"coordinates":[8.4955069999999999,60.337344999999999],"type":"Point"},"id":"hut-10981","properties":{"elevation":1101,"name":"Vasstulan","owner":"Vasstulan 1100","source":"UT.no","type":"Servering"},"type":"Feature"},{"geometry":{"coordinates":[9.2725690000000007,59.722276999999998],"type":"Point"},"id":"hut-10982","properties":{"beds":26,"elevation":387,"name":"Bolkesjø Gaard","owner":"Bolkesjø Gaard","source":"UT.no","type":"Betjent"},"type":"Feature"},{"geometry":{"coordinates":[9.5202399999999994,60.226219999999998],"type":"Point"},"id":"hut-10983","properties":{"beds":365,"elevation":795,"name":"Norefjell Ski & Spa","owner":"Norefjell Ski & Spa","source":"UT.no","type":"Betjent"},"type":"Feature"},{"geometry":{"coordinates":[10.888769999999999,59.049219999999998],"type":"Point"},"id":"hut-10984","properties":{"beds":10,"elevation":7,"name":"Akerøya","owner":"Oslofjordens Friluftsråd","source":"UT.no","type":"Ubetjent"},"type":"Feature"},{"geometry":{"coordinates":[10.17183,62.155610000000003],"type":"Point"},"id":"hut-10985","properties":{"beds":120,"elevation":670,"name":"Grimsbu  turistsenter Motell & Camp","source":"UT.no","type":"Betjent"},"type":"Feature"},{"geometry":{"coordinates":[12.613613000000001,60.385187000000002],"type":"Point"},"id":"hut-10987","properties":{"elevation":281,"name":"Röjden sørskyddet","source":"UT.no","type":"Nødbu"},"type":"Feature"},{"geometry":{"coordinates":[10.856529,59.872737000000001],"type":"Point"},"id":"hut-10988","properties":{"elevation":161,"name":"Rustadsaga","owner":"Rustadsaga Sportsstue","source":"UT.no","type":"Servering"},"type":"Feature"},{"geometry":{"coordinates":[12.593175,60.330607000000001],"type":"Point"},"id":"hut-10989","properties":{"elevation":399,"name":"Gransjöskyddet","source":"UT.no","type":"Nødbu"},"type":"Feature"},{"geometry":{"coordinates":[12.563435,60.349317999999997],"type":"Point"},"id":"hut-10990","properties":{"elevation":353,"name":"Nyckelvattnskyddet","source":"UT.no","type":"Nødbu"},"type":"Feature"},{"geometry":{"coordinates":[12.351844,61.000157000000002],"type":"Point"},"id":"hut-10991","properties":{"elevation":380,"name":"Höljåskyddet","source":"UT.no","type":"Nødbu"},"type":"Feature"},{"geometry":{"coordinates":[12.440528,60.707053999999999],"type":"Point"},"id":"hut-10992","properties":{"elevation":420,"name":"Noppahoskyddet","source":"UT.no","type":"Nødbu"},"type":"Feature"},{"geometry":{"coordinates":[12.072785,59.896008999999999],"type":"Point"},"id":"hut-10993","properties":{"elevation":167,"name":"Possevatnhuken","source":"UT.no","type":"Nødbu"},"type":"Feature"},{"geometry":{"coordinates":[11.436952,61.467931999999998],"type":"Point"},"id":"hut-10993977","properties":{"beds":2,"elevation":820,"name":"Jaktbua ved Bjørndalsmyra","owner":"Statskog","source":"UT.no","type":"Ubetjent"},"type":"Feature"},{"geometry":{"coordinates":[12.46157,60.737727],"type":"Point"},"id":"hut-10994","properties":{"elevation":331,"name":"Höcklingsbäckskyddet","source":"UT.no","type":"Nødbu"},"type":"Feature"},{"geometry":{"coordinates":[12.610993000000001,60.387157999999999],"type":"Point"},"id":"hut-10995","properties":{"elevation":281,"name":"Röjden nordskyddet","source":"UT.no","type":"Nødbu"},"type":"Feature"},{"geometry":{"coordinates":[12.403161000000001,60.688547999999997],"type":"Point"},"id":"hut-10996","properties":{"elevation":218,"name":"Sjøli camping","source":"UT.no","type":"Betjent"},"type":"Feature"},{"geometry":{"coordinates":[12.489611,60.071258],"type":"Point"},"id":"hut-10997","properties":{"elevation":247,"name":"Skålsjöskyddet","source":"UT.no","type":"Nødbu"},"type":"Feature"},{"geometry":{"coordinates":[11.784155,60.714880000000001],"type":"Point"},"id":"hut-10998","properties":{"beds":80,"elevation":170,"name":"Støa camping","source":"UT.no","type":"Betjent"},"type":"Feature"},{"geometry":{"coordinates":[12.399480000000001,60.417929999999998],"type":"Point"},"id":"hut-10999","properties":{"elevation":258,"name":"Tanken","source":"UT.no","type":"Betjent"},"type":"Feature"}],"generator":"Trakke fetch_utno_poi.swift","timestamp":"2026-08-10T00:27:31Z","type":"FeatureCollection"}