{"attribution":"UT.no\/DNT","features":[{"geometry":{"coordinates":[11.386728,60.869487999999997],"type":"Point"},"id":"attraction-ut-141351","properties":{"description":"Turen er en vandring i kulissene hvor episoder fra vår mest dramatiske historie fant sted. Dette er stedet der Kristoffer Svartbekken ble halshogd i 1876 som straff for mordet på Even Dælin året før.","elevation":275,"name":"Minnesteinen på Ekromsmyra","source":"UT.no\/DNT"},"type":"Feature"},{"geometry":{"coordinates":[11.182859000000001,59.350892999999999],"type":"Point"},"id":"attraction-ut-141369","properties":{"description":"Starten ved Ingastøtta (Inga fra Varteig). Varteig Bygdehall og museum.","elevation":54,"name":"Ingastøtta","source":"UT.no\/DNT"},"type":"Feature"},{"geometry":{"coordinates":[10.917749000000001,64.252825000000001],"type":"Point"},"id":"attraction-ut-141376","properties":{"description":"Gammel boplass.","elevation":198,"name":"Olvasstangen","source":"UT.no\/DNT"},"type":"Feature"},{"geometry":{"coordinates":[9.1836599999999997,59.835268999999997],"type":"Point"},"id":"attraction-ut-141564","properties":{"description":"Sørøst for Gråfjell (1320 moh) på Blefjell, og nær midtveis mellom Sigridsbu og Eriksbu, reiser to gedigne steinblokker seg rett ved turstien. Brørsteinane er så visst ikke lett å overse! Sagnet forteller om to brødre som skulle hente brisk...","elevation":1257,"name":"Brørsteinane","source":"UT.no\/DNT"},"type":"Feature"},{"geometry":{"coordinates":[10.670503999999999,59.745702000000001],"type":"Point"},"id":"attraction-ut-141605","properties":{"description":"Frogns største myr, tidligere stor arbeidsplass med 200 torvhytter og stort uttak av torvstrø til fjøs","elevation":120,"name":"Dalsmåsan","source":"UT.no\/DNT"},"type":"Feature"},{"geometry":{"coordinates":[8.8802579999999995,62.130054000000001],"type":"Point"},"id":"attraction-ut-141613015","properties":{"description":"Et spesielt sted på Holsberget, like ovenfor Lesja sentrum.","elevation":1080,"name":"Tussheim og Tussheimbue","source":"UT.no\/DNT"},"type":"Feature"},{"geometry":{"coordinates":[5.0910039999999999,60.639781999999997],"type":"Point"},"id":"attraction-ut-141655","properties":{"description":"Eldre steinnaust.","elevation":15,"name":"Stillevika","source":"UT.no\/DNT"},"type":"Feature"},{"geometry":{"coordinates":[5.0910039999999999,60.639781999999997],"type":"Point"},"id":"attraction-ut-141656","properties":{"description":"Ruin etter husmannsplass.","elevation":15,"name":"Markestølen","source":"UT.no\/DNT"},"type":"Feature"},{"geometry":{"coordinates":[10.673218,59.746580000000002],"type":"Point"},"id":"attraction-ut-141672","properties":{"description":"Kulturminne på Dalsmåsan, her hadde torvarbeiderne sin egen kafé.","elevation":120,"name":"Mindas kafé","source":"UT.no\/DNT"},"type":"Feature"},{"geometry":{"coordinates":[10.671196,59.750070000000001],"type":"Point"},"id":"attraction-ut-141673","properties":{"description":"Her står Frogns tre siste torvhytter","elevation":115,"name":"Glennemåsan","source":"UT.no\/DNT"},"type":"Feature"},{"geometry":{"coordinates":[6.2517360000000002,60.276622000000003],"type":"Point"},"id":"attraction-ut-141674","properties":{"description":"Jondal Nasjonalparklandsby I Jondal er den korte avstanden frå fjord til fonn den raude tråden i naturopplevingane. Du byrjar dagen på breen og endar i kajakk eller ved bålet i fjøra om kvelden. Både Fonna Glacier Ski Resort og Folgefonni B...","elevation":2,"name":"Jondal kommune","source":"UT.no\/DNT"},"type":"Feature"},{"geometry":{"coordinates":[7.5054999999999996,60.606617],"type":"Point"},"id":"attraction-ut-141694","properties":{"description":"Verdens største pløyeblokk ligger i dalsiden nord for Finse stasjon. Ved hjelp av frost- og tineprosesser i bakken, pløyer blokken seg nedover skråningen med en hastighet på 0,5 cm per år. I dalsiden nord for Finse stasjon ligger Finseblokk...","elevation":1306,"name":"Verdens største pløyeblokk","source":"UT.no\/DNT"},"type":"Feature"},{"geometry":{"coordinates":[7.5234170000000002,60.6098],"type":"Point"},"id":"attraction-ut-141695","properties":{"description":"Et stykke opp fra Finsehytten vil du se noen spesielle formasjoner i trerrenget som er tegn på permafrost. Mens du går må du følge med for å se om steinene er organisert på en spesiell måte. Hvis du finner noe som ligner på en ring av stein...","elevation":1427,"name":"Steinringer og tegn på permafrost","source":"UT.no\/DNT"},"type":"Feature"},{"geometry":{"coordinates":[7.5243690000000001,60.593584],"type":"Point"},"id":"attraction-ut-141696","properties":{"description":"Forskningsstasjonen på Finse ligger idyllisk til ved Finsevannet 1.5km øst for Finse stasjon. Den blir flittig brukt av studenter og forskere ved Universitet i Oslo og Bergen. Forskningen er i hovedsak innen biologi og geologi, og beliggenh...","elevation":1208,"name":"Finse alpine forskningsstasjon","source":"UT.no\/DNT"},"type":"Feature"},{"geometry":{"coordinates":[7.1267860000000001,58.875863000000003],"type":"Point"},"id":"attraction-ut-141697","properties":{"description":"Gammel heller.","elevation":777,"name":"Falkefjellega","source":"UT.no\/DNT"},"type":"Feature"},{"geometry":{"coordinates":[7.0987920000000004,58.885485000000003],"type":"Point"},"id":"attraction-ut-141698","properties":{"description":"Gammel heller, overnattingssted\/rastested","elevation":752,"name":"Kviheller","source":"UT.no\/DNT"},"type":"Feature"},{"geometry":{"coordinates":[11.270599000000001,64.038554000000005],"type":"Point"},"id":"attraction-ut-141707","properties":{"description":"I den 10 mål store hagen, med glidende overgang til utmarka, finner du et rikt utvalg av busker og trær, blomster og planter i alle regnbuens farger. En vandretur på stiene gir deg samtidig en panoramautsikt over Beitstadfjorden mot Skjæker...","elevation":119,"name":"Fargetuva","source":"UT.no\/DNT"},"type":"Feature"},{"geometry":{"coordinates":[11.483288,64.025388000000007],"type":"Point"},"id":"attraction-ut-141720","properties":{"description":"Hagebruksskole for kvinner i Eggelia. Etablert i 1901 av Sedvard Leonard Solstad, som også var skolens bestyrer. Skolen ble nedlagt i 1926, delvis på grunn av trang økonomi.","elevation":43,"name":"Vårtun","source":"UT.no\/DNT"},"type":"Feature"},{"geometry":{"coordinates":[11.478802999999999,64.024626999999995],"type":"Point"},"id":"attraction-ut-141722","properties":{"description":"Historisk bygning restaurert etter alle kunstens regler.","elevation":56,"name":"Fylkesmannsgården","source":"UT.no\/DNT"},"type":"Feature"},{"geometry":{"coordinates":[11.472688,64.022446000000002],"type":"Point"},"id":"attraction-ut-141723","properties":{"description":"Rester etter Egge gård med flott parkanlegg og starten på Sigridstien.","elevation":63,"name":"Egge Gård","source":"UT.no\/DNT"},"type":"Feature"},{"geometry":{"coordinates":[10.656499,59.613653999999997],"type":"Point"},"id":"attraction-ut-141727","properties":{"description":"Her lå det en bekkekvern. Fortsatt er det merker etter kvernmusa (stedet hvor akslingen til møllehjulet var plassert)","elevation":30,"name":"Solbergelva","source":"UT.no\/DNT"},"type":"Feature"},{"geometry":{"coordinates":[10.634274,59.730835999999996],"type":"Point"},"id":"attraction-ut-141730","properties":{"description":"Fin mose med stillhet, multebær og fuglesang","elevation":116,"name":"Agnormåsan","source":"UT.no\/DNT"},"type":"Feature"},{"geometry":{"coordinates":[11.476599999999999,64.036320000000003],"type":"Point"},"id":"attraction-ut-141732","properties":{"description":"Vasskraftanlegget i Østbyfossen er bygd opp sammen med Egge historielag med oppstart i 1994. Her er det ei kvern, ei oppgangssag og et stamphus. Et kraftverk er under planlegging og vil komplettere anlegget!","elevation":40,"name":"Østbyfossen","source":"UT.no\/DNT"},"type":"Feature"},{"geometry":{"coordinates":[11.4663,64.024105000000006],"type":"Point"},"id":"attraction-ut-141733","properties":{"description":"Ein gardsdam beriker miljøet og skaper eit frodig dyre- og planteliv. Kulturhistorisk var dammar og tjern viktige innslag i og ved gardstunet. Her hadde familiane vatn til brannberedskap, for blautlegging av lin og som kjølelager for mjølk ...","elevation":22,"name":"Gårdsdammen","source":"UT.no\/DNT"},"type":"Feature"},{"geometry":{"coordinates":[11.707845000000001,64.016255999999998],"type":"Point"},"id":"attraction-ut-141743","properties":{"description":"Gocartbane for den som liker fart og spenning. Ikke for de minste barna.","elevation":72,"name":"Steinkjer racingpark","source":"UT.no\/DNT"},"type":"Feature"},{"geometry":{"coordinates":[11.675248,63.036566999999998],"type":"Point"},"id":"attraction-ut-141744","properties":{"description":"Nytrøa er et bureisningsbruk fra først på 1900-tallet. Bygningene er vedlikeholdt i stor grad etter opprinnelig særpreg, og benyttes i dag som feriebolig.","elevation":428,"name":"Nytrøa","source":"UT.no\/DNT"},"type":"Feature"},{"geometry":{"coordinates":[11.678660000000001,63.034562999999999],"type":"Point"},"id":"attraction-ut-141746","properties":{"description":"Middelaldersk kirkested fra rundt år 1200. Her stod Tydals første kirke, en stavkirke bygd i høymiddelalderen.","elevation":429,"name":"Kirkvollen","source":"UT.no\/DNT"},"type":"Feature"},{"geometry":{"coordinates":[11.673852999999999,63.031993999999997],"type":"Point"},"id":"attraction-ut-141747","properties":{"description":"Ved Kvennfossen finner du rester etter utnyttelse av vasskraft fra gammelt av. Her har det vært ei kvenn, bygd i 1917, for å male korn, ei stampemølle for å stampe vadmel fra 1830-åra, ei sirkelsag i drift fra 1897 til 1960. Fossen har også...","elevation":426,"name":"Kvennfossen","source":"UT.no\/DNT"},"type":"Feature"},{"geometry":{"coordinates":[11.679454,63.030427000000003],"type":"Point"},"id":"attraction-ut-141748","properties":{"description":"Denne strekka, Fossbakken til Håen, er en del av den gamle Stugudalsvegen. Vegen ble først bygd som kjerreveg forbi her i 1830-åra. Først i 1877 var den ferdig helt til Stugudalen.","elevation":448,"name":"Gammelvegen","source":"UT.no\/DNT"},"type":"Feature"},{"geometry":{"coordinates":[11.680248000000001,63.024656],"type":"Point"},"id":"attraction-ut-141749","properties":{"description":"Herfra ser du garden Fossan oppe på haugen. Den er en gammel gård. Den eldste bygningen som står der i dag er ett av de tre stabburene, Kjersti-buret, fra 1694. I lia ned mot elva, Tya, finner du kulturlandskap som ble til fordi det har vær...","elevation":484,"name":"Kulturlandskap, Fossan","source":"UT.no\/DNT"},"type":"Feature"},{"geometry":{"coordinates":[11.677436999999999,63.014443999999997],"type":"Point"},"id":"attraction-ut-141751","properties":{"description":"Her stod et hus for oppbevaring av snøplog i den tida vegen ble brøyta med hest. Helt opp mot midten av 1900-tallet var det bøndene som hadde ansvaret for vedlikehold og snøbrøyting for hver sine vegstrekninger (roder). Dette var en form fo...","elevation":511,"name":"Ploghusbakken","source":"UT.no\/DNT"},"type":"Feature"},{"geometry":{"coordinates":[11.680720000000001,63.008552000000002],"type":"Point"},"id":"attraction-ut-141752","properties":{"description":"Startpunkt og\/eller endepunkt for kulturstien i Tydal. Her finner du et skilt der det står generell info om kulturstien og litt om den gamle Stugudalsvegen du følger ved å starte kulturstivandringen her.","elevation":536,"name":"Håen","source":"UT.no\/DNT"},"type":"Feature"},{"geometry":{"coordinates":[11.679325,63.026505],"type":"Point"},"id":"attraction-ut-141753","properties":{"description":"Her finner du en kølbotn, restene etter ei kølmile. Kølmiler ble brukt for å fremstille køl ved brenning av trestokker. Like ved er det en gapahuk og rasteplass.","elevation":480,"name":"Kølbotn","source":"UT.no\/DNT"},"type":"Feature"},{"geometry":{"coordinates":[11.670334,63.038210999999997],"type":"Point"},"id":"attraction-ut-141754","properties":{"description":"Tyholt er en gammel husmannsplass fra slutten av 1800-tallet. En husmann eide ikke jorda han brukte, han leide den fra en større gard. Buret i Tyholt er spesielt fordi det har jordkjeller, med egen inngang. Som regel ble stabbur satt opp fr...","elevation":423,"name":"Tyholt","source":"UT.no\/DNT"},"type":"Feature"},{"geometry":{"coordinates":[8.9528269999999992,61.500646000000003],"type":"Point"},"id":"attraction-ut-141760","properties":{"description":"Gammel steinbu, nok brukt av jakt- og ferdafolk i gamle dager. Kun deler av veggene gjenstår.","elevation":1591,"name":"Bjørnabulægeret","source":"UT.no\/DNT"},"type":"Feature"},{"geometry":{"coordinates":[11.211827,59.424747000000004],"type":"Point"},"id":"attraction-ut-141763","properties":{"description":"Muligheter for overnatting.","elevation":98,"name":"Kapteinsbråten","source":"UT.no\/DNT"},"type":"Feature"},{"geometry":{"coordinates":[5.2725580000000001,60.254479000000003],"type":"Point"},"id":"attraction-ut-141777","properties":{"description":"Flott vårblomstring","elevation":20,"name":"Rohdodendronsamling","source":"UT.no\/DNT"},"type":"Feature"},{"geometry":{"coordinates":[5.2704680000000002,60.252242000000003],"type":"Point"},"id":"attraction-ut-141780","properties":{"description":"Norges største samlinger av roser","elevation":19,"name":"Rosariet","source":"UT.no\/DNT"},"type":"Feature"},{"geometry":{"coordinates":[5.306362,60.294338000000003],"type":"Point"},"id":"attraction-ut-141789","properties":{"description":"Harald Sæverud sin bolig, er i dag museum. Se link for mer informasjon","elevation":58,"name":"Siljustøl","source":"UT.no\/DNT"},"type":"Feature"},{"geometry":{"coordinates":[11.432238,64.014138000000003],"type":"Point"},"id":"attraction-ut-141792","properties":{"description":"Turmål på enden av tangen, blankskurt berg med nydelig utsikt","name":"Skåtangen","source":"UT.no\/DNT"},"type":"Feature"},{"geometry":{"coordinates":[6.286111,59.652890999999997],"type":"Point"},"id":"attraction-ut-141795","properties":{"description":"Eventyrskogen","elevation":266,"name":"Brekkestølsbråtet","source":"UT.no\/DNT"},"type":"Feature"},{"geometry":{"coordinates":[10.715189000000001,64.192250999999999],"type":"Point"},"id":"attraction-ut-141822","properties":{"description":"Gammelt gårdshus bygd i ca1900. Leies ut av Osen Fjellstyre. Det er 17 sengeplasser med mye gulvplass til overs.","elevation":270,"name":"Austvassgården","source":"UT.no\/DNT"},"type":"Feature"},{"geometry":{"coordinates":[14.252922999999999,66.801789999999997],"type":"Point"},"id":"attraction-ut-141840","properties":{"description":"Corbels canyon er et av de mest spektakulære grottesystemene i området. Den ble først beskrevet av den franske geologen Jean Corbel på 1950-tallet. Den representerer antakelig et gammelt grottesystem hvor seinere isbevegelse har slipt bort ...","elevation":550,"name":"Corbels canyon","source":"UT.no\/DNT"},"type":"Feature"},{"geometry":{"coordinates":[5.3669929999999999,60.591518999999998],"type":"Point"},"id":"attraction-ut-141857","properties":{"description":"Hjelmås er et sted og tidligere kai for rutebåtene i Osterfjorden. Her er kapell, og på kaien ligger en nærbutikk, Matkroken.","name":"Hjelmås","source":"UT.no\/DNT"},"type":"Feature"},{"geometry":{"coordinates":[5.4208090000000002,60.273364000000001],"type":"Point"},"id":"attraction-ut-141886","properties":{"description":"Kalandsvika Naturreservat er et våtmarksområde med rikt fugleliv. Her finnes også et observasjonstårn for fuglekikkere.","elevation":53,"name":"Kalandsvika Naturreservat","source":"UT.no\/DNT"},"type":"Feature"},{"geometry":{"coordinates":[5.2601680000000002,60.248967],"type":"Point"},"id":"attraction-ut-141891","properties":{"description":"Brygge med utsikt over Mildevatnet","elevation":1,"name":"Vannvisjonen","source":"UT.no\/DNT"},"type":"Feature"},{"geometry":{"coordinates":[10.593481000000001,59.719974999999998],"type":"Point"},"id":"attraction-ut-141915","properties":{"description":"Her anla Axel Wiborg en kunstig isdam i 1880 årene","elevation":61,"name":"Hethulldammen","source":"UT.no\/DNT"},"type":"Feature"},{"geometry":{"coordinates":[10.588417,59.725276000000001],"type":"Point"},"id":"attraction-ut-141921","properties":{"description":"Brygge hvor fjordbåtene la til helt frem til 1960 tallet. Frognmarkas venner arrangerer årlig en guidet tur i april\/mai, den kalles Fra Kyst til Kyst. informasjon finner du på www.frognmarka.no Denne går annenhvert år fra Digerud brygge til...","name":"Digerud Brygge","source":"UT.no\/DNT"},"type":"Feature"},{"geometry":{"coordinates":[10.653219,59.738405999999998],"type":"Point"},"id":"attraction-ut-141922","properties":{"description":"Tdligere het plassen Målen, nå feilaktig kalt Måren. Her sto det en husmannsplass frem til 1960 tallet. Området brukes nå til beite for islandshester.","elevation":114,"name":"Måren (Målen)","source":"UT.no\/DNT"},"type":"Feature"},{"geometry":{"coordinates":[10.671072000000001,59.750211999999998],"type":"Point"},"id":"attraction-ut-141923","properties":{"description":"Her står Frogns tre siste torvhytter. Stedet er et viktig kulturminne og et flott turmål med sine myrdrag og furukoller","elevation":115,"name":"Glennemåsan","source":"UT.no\/DNT"},"type":"Feature"},{"geometry":{"coordinates":[10.715275,59.752115000000003],"type":"Point"},"id":"attraction-ut-141924","properties":{"description":"Her la fjordbåtene til frem til 1960 tallet. Tettstedet er ren idyll, tidligere var det kafé på plassen. Den er tidvis åpen. Frognmarkas venner arrangerer årlig en guidet tur i april\/mai, den kalles Fra Kyst til Kyst. informasjon finner du ...","elevation":2,"name":"Brevik brygge","source":"UT.no\/DNT"},"type":"Feature"},{"geometry":{"coordinates":[10.690041000000001,59.744807000000002],"type":"Point"},"id":"attraction-ut-141929","properties":{"description":"Frogns siste intakte husmannplass ligger idyllisk til i hellingen ned mot Dal. Stedet er i forfall og vi håper at det skal være mulig å redde plassen og å tilbakeføre den til fordums prakt. Et unikt utfartsted for Frogn befolkning. Parkerin...","elevation":124,"name":"Dalshagan","source":"UT.no\/DNT"},"type":"Feature"},{"geometry":{"coordinates":[9.8253179999999993,63.335298999999999],"type":"Point"},"id":"attraction-ut-141964","properties":{"description":"Rovsdammen er en demning bygd i 1846 i forbindelse med sagbruksdrift ved Rovssaga. Demningen er et imponerende byggverk i stein.","elevation":311,"name":"Rovsdammen","source":"UT.no\/DNT"},"type":"Feature"},{"geometry":{"coordinates":[9.2352640000000008,62.831111],"type":"Point"},"id":"attraction-ut-142052","properties":{"description":"Hele området rundt Trollheimshytta og nordover er verna som Svartåmoen naturreservat. Særegent for Svartåmoen er furuskogen i området, som er stort sett urørt og urskogpreget. Her er det registret furutrær med alder nær 500 år. Svartåmoen n...","elevation":520,"name":"Svartåmoen naturreservat","source":"UT.no\/DNT"},"type":"Feature"},{"geometry":{"coordinates":[5.5209960000000002,61.590758000000001],"type":"Point"},"id":"attraction-ut-142293805","properties":{"description":"Posten ligg på 306 moh i vestenden av Uravatnet. Det er skilta til Jettegryta frå stien. Køyr fylkesveg 615 frå Storebru til Kalveneset eller Hestvika og følg merka sti. Du kan også gå frå Knappstad parkering. Turbeskriving finn du på ut.no...","elevation":307,"name":"Uravatnet Jettegryta","source":"UT.no\/DNT"},"type":"Feature"},{"geometry":{"coordinates":[11.185905999999999,60.896092000000003],"type":"Point"},"id":"attraction-ut-142428119","properties":{"description":"Se hele turforslaget: Store Ormsæterrunden Ved hundekjørestadion går den ene av de merka stiene på en snor-rett strekning 1 km sørvestover. Dette skal visstnok ha vært en opptrekksbane for hangglider. Derav navnet Hanggliderbana. Et søk i H...","elevation":580,"name":"Hanggliderbana","source":"UT.no\/DNT"},"type":"Feature"},{"geometry":{"coordinates":[11.221211,60.707583],"type":"Point"},"id":"attraction-ut-142519724","properties":{"description":"Våletjernet naturreservat er spesielt kjent for sitt rike fugleliv og myrområde. Ved tjernet står det et fugletårn.","elevation":214,"name":"Våletjernet (fugletårnet)","source":"UT.no\/DNT"},"type":"Feature"},{"geometry":{"coordinates":[11.391043,60.721617999999999],"type":"Point"},"id":"attraction-ut-142519726","properties":{"description":"Ei kjempestor gran","elevation":362,"name":"Bygdebergskjempen","source":"UT.no\/DNT"},"type":"Feature"},{"geometry":{"coordinates":[7.9122500000000002,58.082366999999998],"type":"Point"},"id":"attraction-ut-142519760","properties":{"description":"På vei opp til Svensheia ligger det en minnestein. I følge kulturminnesok er dette over nøytralitetsvaktene 1914 - 18. Framsiden av minnesteinen er det skrevet opp 10 navn \"VAGT 1914. D. AARSTAD. N. ROSLAND. J. OMDAL. L. OMDAL. O. LØTOFT. H...","elevation":80,"name":"Minnestein på vei opp til Svensheia","source":"UT.no\/DNT"},"type":"Feature"},{"geometry":{"coordinates":[10.225965,59.129027999999998],"type":"Point"},"id":"attraction-ut-142590","properties":{"description":"DNT Sandefjord har sine lokaler i sentrum av Sandefjord. Besøk vår butikk og informasjonssenter i Matrosgata 6. Huset som Turistforeningen holder til i er fra år 1686. Huset har aldri vært flyttet, men har fått beholde sin plass, til tross ...","elevation":1,"name":"DNT Sandefjord","source":"UT.no\/DNT"},"type":"Feature"},{"geometry":{"coordinates":[10.830245,60.060192999999998],"type":"Point"},"id":"attraction-ut-142609146","properties":{"description":"Brattfoss er en attraksjon ikke langt hjemmefra og som er fint å bli kjent med.","elevation":271,"name":"Brattfoss","source":"UT.no\/DNT"},"type":"Feature"},{"geometry":{"coordinates":[11.281586000000001,60.219064000000003],"type":"Point"},"id":"attraction-ut-142609291","properties":{"description":"Turmål","elevation":205,"name":"Vålerbråtan","source":"UT.no\/DNT"},"type":"Feature"},{"geometry":{"coordinates":[9.0111500000000007,59.717346999999997],"type":"Point"},"id":"attraction-ut-142609432","properties":{"description":"Mosryggfossen og Klømstrefossen en to flotte fosser i elva Kåla. For å komme hit fra Notodden kjører du mot Gransherad og følger Tinnsjøvegen. Ta til venstre ved skilt til Venås. Følg Venåsvegen 1 km til du ser en traktorveg inn til venstre...","elevation":215,"name":"Mosryggfossen","source":"UT.no\/DNT"},"type":"Feature"},{"geometry":{"coordinates":[5.1041790000000002,61.571603000000003],"type":"Point"},"id":"attraction-ut-142609433","properties":{"description":"Posten ligg omlag 35 moh på nordsida av Stavøya ved Jettegrytene i Humrevika. Det er skilta til Jettegrytene. På Stavøya er det mange godt merka stiar. Desse er innteikna på kart som du finn langs stiane. Rutebåt frå \/ til Florø går fleire ...","elevation":35,"name":"Humrevika Jettegrytene","source":"UT.no\/DNT"},"type":"Feature"},{"geometry":{"coordinates":[11.165405,60.901736999999997],"type":"Point"},"id":"attraction-ut-142609445","properties":{"description":"Runder som kan tas for å komme hit: Vangsåsen rundt: https:\/\/ut.no\/tur\/1112157284\/kart#12.86\/60.89323\/11.15658 Åshagan\/Raumyra rundt: https:\/\/ut.no\/tur\/1110882\/kart#12.86\/60.89323\/11.15658 Lokomobilrunden (østlige): https:\/\/ut.no\/tur\/111215...","elevation":615,"name":"Lokomobilen på Raumyra","source":"UT.no\/DNT"},"type":"Feature"},{"geometry":{"coordinates":[5.3089050000000002,61.588929],"type":"Point"},"id":"attraction-ut-142617364","properties":{"description":"Posten ligg på 112 moh på høgre sida av stien. Du finn Jettegryta litt på kanten av berget. Gå frå Sagevik til Svanevatnet. Følg stien forbi på nordsida av Svanevatnet - den er merka med raudt og der er lagt merke steinar. Gå over høgste hø...","elevation":112,"name":"Jettegryte ved Svanevatnet","source":"UT.no\/DNT"},"type":"Feature"},{"geometry":{"coordinates":[5.0680880000000004,60.625723999999998],"type":"Point"},"id":"attraction-ut-142687","properties":{"description":"Gamalt, verneverdig naustmiljø i Morkevika","name":"Morkevika","source":"UT.no\/DNT"},"type":"Feature"},{"geometry":{"coordinates":[5.7409350000000003,58.967748999999998],"type":"Point"},"id":"attraction-ut-142726","properties":{"description":"Den vernede «Skrefsrudsteinen» ligger ved Bergeland Bydelssenter, like ved Vår Frues plass og Hetland kirke. Den har fått sitt navn etter misjonæren Lars Olsen Skrefsrud (1840 - 1910). Her ba Skrefsrud på sine knær for misjonærstudier, ette...","elevation":32,"name":"Skrefsrudsteinen (Grenseturen 1905)","source":"UT.no\/DNT"},"type":"Feature"},{"geometry":{"coordinates":[5.6644430000000003,58.960546000000001],"type":"Point"},"id":"attraction-ut-142731","properties":{"description":"Vaskehusodden bærer sitt navn fra tidligere praksis; her ble nemlig klesvasken kokt i store kjeler og tørket på bergene. På Vaskehusodden lå det også et godt isolert «ishus» (det lå flere rundt vannet). Huset ble fylt opp med store isblokke...","elevation":12,"name":"Vaskehusodden (Stokkavatnet+)","source":"UT.no\/DNT"},"type":"Feature"},{"geometry":{"coordinates":[5.7145530000000004,58.928564000000001],"type":"Point"},"id":"attraction-ut-142732","properties":{"description":"På Hinnamarka i den sørlige delen av Sørmarka, finner du en stor åpen gress-slette inne mellom trærne. På folkemunne kalles den gjerne hundesletta, da mange tar med sine firbente venner hit for at de kan løpe fritt og møte andre firbente og...","elevation":59,"name":"Hinnamarka (Grannesturen)","source":"UT.no\/DNT"},"type":"Feature"},{"geometry":{"coordinates":[11.907474000000001,61.504016999999997],"type":"Point"},"id":"attraction-ut-142733011","properties":{"description":"Lengde: 1,3 km tur\/retur Totalstigning: 62 m. Høyeste punkt: 720 moh. Gradering: Grønn Kjør nordover på fv. 26, ca 14 km. Ta til venstre i retning Rena, følg skilting og ta til høyre mot Trysil-Knuts Fjellverden. Følg fv. 577 til vegbom, ba...","elevation":721,"name":"Skardbekkstupet","source":"UT.no\/DNT"},"type":"Feature"},{"geometry":{"coordinates":[5.7174449999999997,58.901778999999998],"type":"Point"},"id":"attraction-ut-142737","properties":{"description":"På turveien opp langs Smågamyrtunet og Kisteberglia passerer du Kisteberget. Kanskje finner du det kisteformede hullet i Kisteberget? Eikebergturen er én av 52 hverdagsturer i Stavanger - et samarbeid mellom park og vei i Stavanger kommune ...","elevation":49,"name":"Kisteberget (Eikebergturen)","source":"UT.no\/DNT"},"type":"Feature"},{"geometry":{"coordinates":[5.7355609999999997,58.985627000000001],"type":"Point"},"id":"attraction-ut-142743","properties":{"description":"Like ved Buøy skole troner Vanntårnet på Dalehaugen. Tårnet er 17,5m høyt og har en diameter på 3m. Tårnet ble reist i 1920 med funksjon som trykktank etter at Buøy fikk undervannsledning fra Stavanger i 1919. Tårnet var i bruk som en del a...","elevation":30,"name":"Vanntårnet på Buøy (Buøyturen)","source":"UT.no\/DNT"},"type":"Feature"},{"geometry":{"coordinates":[5.7026620000000001,58.95599],"type":"Point"},"id":"attraction-ut-142747","properties":{"description":"Mostun Natursenter er nasjonalt våtmarkssenter og ligger like ved turstien rundt Mosvatnet. Mosvatnet er et av Stavangers mest brukte friluftsområder, men har også et svært rikt fugle- og planteliv. Sjekk åpningstider til kaféen og våtmarks...","elevation":37,"name":"Mostun (Mosvatnturen)","source":"UT.no\/DNT"},"type":"Feature"},{"geometry":{"coordinates":[5.6964199999999998,58.942017],"type":"Point"},"id":"attraction-ut-142749","properties":{"description":"Limahaugen troner på toppen av Jernaldergården på Ullandhaug. Her står du med historisk grunn under føttene og kan nyte flott utsikt til nære omgivelser (langhusene på Jernaldergården) og Hafrsfjorden i det fjerne. Studieturen er én av 52 h...","elevation":109,"name":"Limahaugen (Studieturen)","source":"UT.no\/DNT"},"type":"Feature"},{"geometry":{"coordinates":[5.7364309999999996,58.926921999999998],"type":"Point"},"id":"attraction-ut-142762","properties":{"description":"Ved Hindal gård ligger den vakre Hindalsdammen. Dobbeltturen er én av 52 hverdagsturer i Stavanger - et samarbeid mellom park og vei i Stavanger kommune og Stavanger Turistforening. Les turbeskrivelse og se kart for turen her.","elevation":17,"name":"Hindalsdammen (Dobbeltturen)","source":"UT.no\/DNT"},"type":"Feature"},{"geometry":{"coordinates":[5.7342570000000004,58.941147999999998],"type":"Point"},"id":"attraction-ut-142767","properties":{"description":"Innsjøen som er kjent under navnet Vannassen, heter egentlig Vassverktjørna, til tross for at vannet aldri ble noen suksess som drikkevannskilde. Fint grøntområde med dyreliv og benker. Kristianslystturen er én av 52 hverdagsturer i Stavang...","elevation":44,"name":"Vannassen (Kristianslystturen)","source":"UT.no\/DNT"},"type":"Feature"},{"geometry":{"coordinates":[5.6304049999999997,58.950812999999997],"type":"Point"},"id":"attraction-ut-142768","properties":{"description":"En fin tursti går i vannkanten mellom Korpsdalen og Hafrsfjord. Her ligger naust og gamle båtstø og du kan nyte utsikten over fjorden og Revheimsvågens mange vadefugler. I Korpsdalen ligger også det lille Jærhuset. Revheimsturen er én av 52...","name":"Korpsdalen (Revheimsturen)","source":"UT.no\/DNT"},"type":"Feature"},{"geometry":{"coordinates":[5.6775229999999999,58.978881999999999],"type":"Point"},"id":"attraction-ut-142770","properties":{"description":"I Mississippiskogen (hvis opprinnelige navn er Eskelandsskogen) har mang en indianer og cowboy har hatt sine barnlige feider. Dette er i dag et flott åpent område omgitt av skog som ligger like ved turstien rundt Store Stokkavatn. Stokkavat...","elevation":10,"name":"Mississippiskogen (Stokkavatnturen)","source":"UT.no\/DNT"},"type":"Feature"},{"geometry":{"coordinates":[5.7337420000000003,58.939841000000001],"type":"Point"},"id":"attraction-ut-142772","properties":{"description":"Vannverket i Vannassen er fortsatt synlig, og du kan nyte latvisk månestråle i stein i nordenden. Den lille bynære innsjøen som er kjent under navnet Vannassen, heter egentlig Vassverktjørna. Vannet ble derimot aldri noen suksess som drikke...","elevation":41,"name":"Vannverket i Vannassen (Vannverksturen)","source":"UT.no\/DNT"},"type":"Feature"},{"geometry":{"coordinates":[5.7198320000000002,58.957034999999998],"type":"Point"},"id":"attraction-ut-142773","properties":{"description":"Mosvatnet har et svært rikt fugle- og planteliv og regnes for å være et eldorado for fuglekikkere. Tjensvollturen er én av 52 hverdagsturer i Stavanger - et samarbeid mellom park og vei i Stavanger kommune og Stavanger Turistforening. Les t...","elevation":36,"name":"Lille Mosvatnet (Tjensvollturen)","source":"UT.no\/DNT"},"type":"Feature"},{"geometry":{"coordinates":[5.7172200000000002,58.899143000000002],"type":"Point"},"id":"attraction-ut-142779","properties":{"description":"På Heddå (76 m.o.h.) finner du både benker og flotte utsiktspunkt mellom trærne. Fjelltoppen har også en historie å fortelle deg: 3. mai 1916 gikk den tyske zeppelineren L20 tom for drivstoff, etter å ha sluppet lasten sin over Storbritanni...","elevation":53,"name":"Heddå (Heddåturen)","source":"UT.no\/DNT"},"type":"Feature"},{"geometry":{"coordinates":[11.604309000000001,60.371617000000001],"type":"Point"},"id":"attraction-ut-142780254","properties":{"description":"Liten holme man kan gå i land på","elevation":131,"name":"Fleskeholmen","source":"UT.no\/DNT"},"type":"Feature"},{"geometry":{"coordinates":[11.595812,60.369050000000001],"type":"Point"},"id":"attraction-ut-142780256","properties":{"description":"Liten holme man kan gå i land på","elevation":131,"name":"Frierholmen","source":"UT.no\/DNT"},"type":"Feature"},{"geometry":{"coordinates":[11.570535,60.369028999999998],"type":"Point"},"id":"attraction-ut-142780259","properties":{"description":"Fint å gå i land for pause, og er litt større enn Viksholmen.","elevation":131,"name":"Svennebyholmen","source":"UT.no\/DNT"},"type":"Feature"},{"geometry":{"coordinates":[5.6777499999999996,58.998880999999997],"type":"Point"},"id":"attraction-ut-142784","properties":{"description":"Unn deg en avstikker til Vardenes fyr og spis nista på svaberg med storslått utsikt til Ryfylke. Vardenesturen er én av 52 hverdagsturer i Stavanger - et samarbeid mellom park og vei i Stavanger kommune og Stavanger Turistforening. Les turb...","elevation":5,"name":"Vardenes fyr (Vardenesturen)","source":"UT.no\/DNT"},"type":"Feature"},{"geometry":{"coordinates":[5.7128519999999998,58.911833999999999],"type":"Point"},"id":"attraction-ut-142785","properties":{"description":"Jåtten er et jordbrukslandskap med flere tusen år gamle tradisjoner. På Jåttåhaugen får du utsyn over det flate landskapet. Jåttåturen er én av 52 hverdagsturer i Stavanger - et samarbeid mellom park og vei i Stavanger kommune og Stavanger ...","elevation":74,"name":"Jåttåhaugen (Jåttåturen)","source":"UT.no\/DNT"},"type":"Feature"},{"geometry":{"coordinates":[5.6364099999999997,58.970449000000002],"type":"Point"},"id":"attraction-ut-142789","properties":{"description":"Det er funnet omkring 20 båtnaust fra forhistorisk tid bare ved Hafrsfjord. Turstien passerer et av disse på Sunde. Den dag i dag er det et trivelig naustmiljø på Sør-Sunde med naust som titter ut mot Hafrsfjord. Fin tursti langs fjorden. S...","elevation":7,"name":"Sør-Sunde (Sundeturen)","source":"UT.no\/DNT"},"type":"Feature"},{"geometry":{"coordinates":[7.0536479999999999,60.615299999999998],"type":"Point"},"id":"attraction-ut-143223587","properties":{"description":"Her startar den verkelege oppstigninga mot Ossete. Sherparar frå Nepal har vore engasjert i arbeidet med steinsettinga her i samarbeid med Venelaget for slepa mellom Osa og Hallingskeid. I 2019 kom det eit stort ras i overkant av denne stad...","elevation":370,"name":"Galden - sherpatrappa","source":"UT.no\/DNT"},"type":"Feature"},{"geometry":{"coordinates":[9.5889620000000004,60.885716000000002],"type":"Point"},"id":"attraction-ut-143223595","properties":{"description":"Breie er et gårdsbruk i Etnedal i minnerike omgivelser. Tunet har en flott beliggenhet, full solgang, to vakre våningshus, stabbur, låve og firedobbel utedo i rokokkostil. https:\/\/www.breiegard.com\/","elevation":722,"name":"Breie","source":"UT.no\/DNT"},"type":"Feature"},{"geometry":{"coordinates":[6.3836750000000002,58.857666999999999],"type":"Point"},"id":"attraction-ut-143233","properties":{"description":"Månafossen er blant Rogalands vakreste og mektigste fossefall. Med et fritt fall på 90 meter er den en av fylkets største turistattraksjoner. En mektig naturopplevelse som ikke blir mindre om en fortsetter forbi fossen og opp til Mån. Se tu...","elevation":181,"name":"Månafossen","source":"UT.no\/DNT"},"type":"Feature"},{"geometry":{"coordinates":[6.5932750000000002,59.033636000000001],"type":"Point"},"id":"attraction-ut-143234","properties":{"description":"Kjerag er majesteten i Lysefjorden. Se turbeskrivelse på UT.no","elevation":992,"name":"Kjerag","source":"UT.no\/DNT"},"type":"Feature"},{"geometry":{"coordinates":[6.1885209999999997,58.986457000000001],"type":"Point"},"id":"attraction-ut-143248","properties":{"description":"Preikestolen er et særpreget fjellparti som ligger på nordsiden av Lysefjorden. Fjellformasjonen som er 600 meter høy er trolig dannet ved frostsprengning for over 10 000 år siden. Se turbeskrivelse på UT.no","elevation":582,"name":"Preikestolen","source":"UT.no\/DNT"},"type":"Feature"},{"geometry":{"coordinates":[6.5784700000000003,59.300809999999998],"type":"Point"},"id":"attraction-ut-143257","properties":{"description":"Trollgarden er en morene fra et bréframstøt for 9700-9900 år siden. Som et kjempemessig steingjerde, opptil 5-7 meter høyt, bukter den seg fra Kvivatnet og sørover snaufjellet i hjertet av Funningslandsheia. At folk har kalt det to kilomete...","elevation":764,"name":"Trollgarden","source":"UT.no\/DNT"},"type":"Feature"},{"geometry":{"coordinates":[10.406456,59.899506000000002],"type":"Point"},"id":"attraction-ut-143346101","properties":{"description":"Det bratteste partiet på blåstien mellom Grønland og Haugsvollen kalles for Myssmørkleiva.","elevation":386,"name":"Myssmørkleiva","source":"UT.no\/DNT"},"type":"Feature"},{"geometry":{"coordinates":[10.416498000000001,59.919688999999998],"type":"Point"},"id":"attraction-ut-143346104","properties":{"description":"Skosliteren er et parti som går langs Urdselva, og er steinete med mye ur og gjørme.","elevation":259,"name":"Skosliteren & Urdselva","source":"UT.no\/DNT"},"type":"Feature"},{"geometry":{"coordinates":[9.5473769999999991,60.885956999999998],"type":"Point"},"id":"attraction-ut-143395342","properties":{"description":"Breiesleiren","elevation":850,"name":"Breiesleiren","source":"UT.no\/DNT"},"type":"Feature"},{"geometry":{"coordinates":[9.6403309999999998,59.140396000000003],"type":"Point"},"id":"attraction-ut-143409","properties":{"description":"På bryggekanten i den gamle porselensfabrikken i Porsgrunn, ligger besøkssenteret til Gea Norvegica Geopark. Her kan du komme innom for å bli bedre kjent med geologien og naturen i Vestfold og Telemark, blant annet ved hjelp av interaktive ...","elevation":1,"name":"Gea Norvegica Geopark","source":"UT.no\/DNT"},"type":"Feature"},{"geometry":{"coordinates":[9.0823459999999994,59.229892999999997],"type":"Point"},"id":"attraction-ut-143411784","properties":{"description":"Kjør fylkesveien mellom Drangedal og Lunde. Når du kommer fra Drangedal er det ca 1,7 km etter kommunegrensa til en parkering på høyre side av veien. Fra Lunde vil parkeringen være på venstre side ca 2 km etter Gongevann. Her er det fin par...","elevation":231,"name":"Åsland gård","source":"UT.no\/DNT"},"type":"Feature"},{"geometry":{"coordinates":[12.094359000000001,67.522064999999998],"type":"Point"},"id":"attraction-ut-143461177","properties":{"description":"Her passerer man flystripa på Røst, og er man riktig heldig så opplever man flyet rett over panneluggen!","elevation":4,"name":"Flystripa","source":"UT.no\/DNT"},"type":"Feature"},{"geometry":{"coordinates":[6.8326380000000002,60.554088],"type":"Point"},"id":"attraction-ut-143510717","properties":{"description":"Busskilt i tre.","elevation":531,"name":"Busstoppen","source":"UT.no\/DNT"},"type":"Feature"},{"geometry":{"coordinates":[10.310862,59.061895999999997],"type":"Point"},"id":"attraction-ut-143545","properties":{"description":"Stor flott samling av jettegryter. Store formasjoner både langs land og ute i vannet.","elevation":1,"name":"Jettegrytene Yxney","source":"UT.no\/DNT"},"type":"Feature"},{"geometry":{"coordinates":[11.630011,63.236877],"type":"Point"},"id":"attraction-ut-14365601","properties":{"description":"Den store steinen med en liten flaggstang ligger rett øst for vinterstakinga. Merket er satt opp som minne om fire ungdommer som omkom her under flukt mot Sverige i nyttårshelga 1942 - 43.","elevation":699,"name":"Minnesmerke i Roltdalen","source":"UT.no\/DNT"},"type":"Feature"},{"geometry":{"coordinates":[8.7096660000000004,59.071513000000003],"type":"Point"},"id":"attraction-ut-143674","properties":{"description":"Kjør til Gautefall Skisenter. Her er det parkering. Stien starter ved Fjellkirka på andre siden av veien. Flott og lett tur for små og store inn til noen spektakulære svåfjell skapt av isbreen ved forrige Istid. Det er litt stigning, men ik...","elevation":526,"name":"Himmelrike","source":"UT.no\/DNT"},"type":"Feature"},{"geometry":{"coordinates":[6.0563849999999997,59.090764999999998],"type":"Point"},"id":"attraction-ut-143926916","properties":{"description":"Holtaheia er kjent for sitt minnesmerke som hedrer de som mistet livet under krigen. Det ligger i nærheten av Holtaheia, som er en del av det naturskjønne området i Norge. Minnesmerket er ofte et sted for refleksjon og minner om de som har ...","elevation":489,"name":"Minnesmerke i Holtaheia etter flyulykke i 1961","source":"UT.no\/DNT"},"type":"Feature"},{"geometry":{"coordinates":[11.294522000000001,63.872039000000001],"type":"Point"},"id":"attraction-ut-143945","properties":{"description":"Stuas opprinnelige plass på Straumen var i Nergata 23. Det er ei strandtomt ikke langt fra Straumbrua, der straumen som flyter mellom Trondheimsfjorden og Børgin er på det smaleste. Der ble den reist av Eliseus Ring, som flytta huset fra Su...","elevation":3,"name":"Ringstu","source":"UT.no\/DNT"},"type":"Feature"},{"geometry":{"coordinates":[8.8933479999999996,62.783126000000003],"type":"Point"},"id":"attraction-ut-144011","properties":{"description":"Her er det både muligheter for en frisk dusj og å studere restene av et gammelt kraftverk. Det er også en spennende kulp under det øverste fossefallet og en imponerende steinbru over fossen. Det kan være glatt og litt bratt langs fossen, så...","elevation":226,"name":"Nauståfossen","source":"UT.no\/DNT"},"type":"Feature"},{"geometry":{"coordinates":[8.0421209999999999,60.498995000000001],"type":"Point"},"id":"attraction-ut-144036134","properties":{"description":"Tettsted langs RV 7 med Jokerbutikk og Bensinstasjon. Cafe Presttun er og åpen i høysesongen.","elevation":988,"name":"Ustaoset","source":"UT.no\/DNT"},"type":"Feature"},{"geometry":{"coordinates":[12.37269,61.257770999999998],"type":"Point"},"id":"attraction-ut-144041","properties":{"description":"Flott kultursti i Kolosjøen Naturpark. For barna er det stor stas med en tur på flåten ved Kolosjøen. Lengde: 5,2 km tur\/retur. Totalstigning: Flat løype. Høyeste punkt: 497 moh. Gradering: BLÅ Rute 51 er en flott kultursti i Kolosjøen Natu...","elevation":459,"name":"Kolodalen","source":"UT.no\/DNT"},"type":"Feature"},{"geometry":{"coordinates":[12.294345,61.296595000000003],"type":"Point"},"id":"attraction-ut-144042","properties":{"description":"Koselig rundtur i skogen like sør for Trysil sentrum. Lengde: 1,9 km tur\/retur. Totalstigning: 96 m. Høyeste punkt: 406 moh. Gradering: GRØNN En fin og lett rundtur i Trysil-skogen. Underveis finner du et utsiktspunkt over Trysils første kr...","elevation":454,"name":"Ørådalen kort","source":"UT.no\/DNT"},"type":"Feature"},{"geometry":{"coordinates":[12.581032,61.467927000000003],"type":"Point"},"id":"attraction-ut-144044","properties":{"description":"En kort og lett tilgjengelig tur inn til Bråtafallet, et flott fossefall i urørt natur. Lengde: 1,4 km t\/r Totalstigning: 10 m Høyeste punkt: 537 moh Gradering: GRØNN Kjør fv. 26 eller fv. 572 sørover mot Nybergsund, ca. 6 km. Ta av til rv....","elevation":532,"name":"Bråtafallet","source":"UT.no\/DNT"},"type":"Feature"},{"geometry":{"coordinates":[7.9635210000000001,58.094358],"type":"Point"},"id":"attraction-ut-144095201","properties":{"description":"Observatoriet ble åpnet på toppen av en bunkers i november 2019. Her kan man gå på astronomikurs i regi av Astronomiforeningen i Agder (AiA). Det er kalt opp etter den danske vitenskapsmannen Tycho Brahe, som levde på 1500-tallet, og var en...","elevation":60,"name":"Tycho Brahe Observatoriet","source":"UT.no\/DNT"},"type":"Feature"},{"geometry":{"coordinates":[7.9187180000000001,58.124930999999997],"type":"Point"},"id":"attraction-ut-144095210","properties":{"description":"På dette stedet lå det en radiostasjon under 2.verdenskrig. Makir var kodenavnet på denne stasjonen. I dag blir det brukt som turmål, men er ikke alltid så lett å finne for den skulle være vanskelig å finne under krigen.","elevation":93,"name":"Makirhulen","source":"UT.no\/DNT"},"type":"Feature"},{"geometry":{"coordinates":[11.676815,63.046256],"type":"Point"},"id":"attraction-ut-144317","properties":{"description":"Her på trimplassen finner du (fra våren 2019) utendørs trimapparater du kan benytte deg av.","elevation":417,"name":"Friskusplassen","source":"UT.no\/DNT"},"type":"Feature"},{"geometry":{"coordinates":[5.317399,60.378104999999998],"type":"Point"},"id":"attraction-ut-144553490","properties":{"description":"Klatrestativ på Løvstien","elevation":95,"name":"Klatresvingen","source":"UT.no\/DNT"},"type":"Feature"},{"geometry":{"coordinates":[8.3150809999999993,60.400685000000003],"type":"Point"},"id":"attraction-ut-144775076","properties":{"description":"Rafting i Dagali - opplev rafting i verdensklasse Book din rafting på booking@dagalifjellpark.no eller (+47) 90622675. Som besøker i Dagali blir du bare en kort tur fra Numedalslågen, en av nord Europas beste rafteelver. Spesielt fra midten...","elevation":924,"name":"Rafting i Dagali - opplev rafting i verdensklasse","source":"UT.no\/DNT"},"type":"Feature"},{"geometry":{"coordinates":[8.6174750000000007,60.251942999999997],"type":"Point"},"id":"attraction-ut-144775077","properties":{"description":"JUVING - Rappeller og skli i kulper, stryk og elvejuv! Juving, det er en annerledes adrenalinrik elv-opplevelse, som blir arrangert midt i det skjulte hjertet av den fascinerende naturen i Uvdal. Du kommer til å gå overalt der hvor stryket ...","elevation":622,"name":"Juving - Rappeller og skli i kulper, stryk og elvejuv!","source":"UT.no\/DNT"},"type":"Feature"},{"geometry":{"coordinates":[5.2784990000000001,60.615982000000002],"type":"Point"},"id":"attraction-ut-144803222","properties":{"description":"Kystpilegrimsleia - en av den viktigste og kanskje mest brukte ferdselsveien til Olav den hellige sitt skrin var langs kysten. En spektakulær og vakker reise langs kysten med fjorder, øyer, holmer og skjær. Reisen starter i Egersund og måle...","elevation":99,"name":"Kystpilegrimsleden - Kongshaugen på Seim","source":"UT.no\/DNT"},"type":"Feature"},{"geometry":{"coordinates":[5.654941,59.796973999999999],"type":"Point"},"id":"attraction-ut-144807215","properties":{"description":"Kystpilegrimsleia - en av den viktigste og kanskje mest brukte ferdselsveien til Olav den hellige sitt skrin var langs kysten. En spektakulær og vakker reise med fjorder, øyer, holmer og skjær. Målet er Nidaros domkirke i Trondheim. Kystpil...","elevation":15,"name":"Kystpilegrimsleden - Halsnøy kloster","source":"UT.no\/DNT"},"type":"Feature"},{"geometry":{"coordinates":[5.1099680000000003,60.694023999999999],"type":"Point"},"id":"attraction-ut-144807216","properties":{"description":"Kystpilegrimsleia - en av den viktigste og kanskje mest brukte ferdselsveien til Olav den hellige sitt skrin var langs kysten. En spektakulær og vakker reise langs kysten med fjorder, øyer, holmer og skjær. Målet for pilgrimmen er Nidaros d...","elevation":31,"name":"Kystpilegrimsleden - Kongsgarden på Lygra","source":"UT.no\/DNT"},"type":"Feature"},{"geometry":{"coordinates":[5.3179069999999999,60.400205],"type":"Point"},"id":"attraction-ut-144807217","properties":{"description":"Kystpilegrimsleia - en av den viktigste og kanskje mest brukte ferdselsveien til Olav den hellige sitt skrin var langs kysten. En spektakulær og vakker reise langs kysten med fjorder, øyer, holmer og skjær. Målet er Nidaros domkirke i Trond...","elevation":6,"name":"Kystpilegrimsleden - St. Sunniva i Bergen","source":"UT.no\/DNT"},"type":"Feature"},{"geometry":{"coordinates":[5.3857369999999998,59.69914],"type":"Point"},"id":"attraction-ut-144807218","properties":{"description":"Kystpilegrimsleia - en av den viktigste og kanskje mest brukte ferdselsveien til Olav den hellige sitt skrin var langs kysten. En spektakulær og vakker reise langs kysten med fjorder, øyer, holmer og skjær. Målet er Nidaros domkirke i Trond...","elevation":6,"name":"Kystpilegrimsleden - Mosterhamn","source":"UT.no\/DNT"},"type":"Feature"},{"geometry":{"coordinates":[10.703673,59.918528999999999],"type":"Point"},"id":"attraction-ut-144807219","properties":{"description":"\"Lad oss gjøre det let og billigt, at riktig mange kan komme og se, hva der er stort og vakkert i vort land\" - Thomas Heftye Siden Turistforeningens far, Thomas Heftye, stiftet foreningen 21. januar 1868, har dette sitatet vært en rettesnor...","elevation":26,"name":"Thomas Heftyes plass","source":"UT.no\/DNT"},"type":"Feature"},{"geometry":{"coordinates":[5.398917,60.225659999999998],"type":"Point"},"id":"attraction-ut-144809213","properties":{"description":"Kystpilegrimsleia - en av den viktigste og kanskje mest brukte ferdselsveien til Olav den hellige sitt skrin var langs kysten. En spektakulær og vakker reise langs kysten med fjorder, øyer, holmer og skjær. Målet er Nidaros domkirke i Trond...","elevation":49,"name":"Kystpilegrimsleden - Lysekloster","source":"UT.no\/DNT"},"type":"Feature"},{"geometry":{"coordinates":[8.0509149999999998,58.146922000000004],"type":"Point"},"id":"attraction-ut-144902457","properties":{"description":"Sømsgruva var Kristiansandsdistriktets største feltspatgruve. På det meste jobbet det 12 mann i gruva. Gruva var i drift fra ca 1895 og frem til 1912. Gruva ble drevet fra ca. 1895 til 1912, og i disse årene ble det utvunnet flere tusen ton...","elevation":15,"name":"Sømsgruva","source":"UT.no\/DNT"},"type":"Feature"},{"geometry":{"coordinates":[8.0791880000000003,58.193100999999999],"type":"Point"},"id":"attraction-ut-144927209","properties":{"description":"Før i tiden hadde man ikke med seg telefonen overtalt, og skulle det være behov for å kontakte noen på tur utenfor hjemmet, måtte man ha småpenger og finne seg en rød telefonkiosk. I dag disse boksene vernet, og en av de står her på Hamresa...","elevation":2,"name":"Den rød boksen på Hamresanden","source":"UT.no\/DNT"},"type":"Feature"},{"geometry":{"coordinates":[7.98461,58.154116999999999],"type":"Point"},"id":"attraction-ut-144931820","properties":{"description":"Her ved 3. Stampe ligger det en liten og trang hule mellom vannet og stien. Dette er en av flere plasser man tror at Ole Høiland, mestertyven fra Audnedal gjemte seg når har var på flukt.","elevation":45,"name":"Høilandshola, Baneheia","source":"UT.no\/DNT"},"type":"Feature"},{"geometry":{"coordinates":[8.1157749999999993,58.094250000000002],"type":"Point"},"id":"attraction-ut-144931822","properties":{"description":"På Østre Randøya står det en kommandotårn tyskerne bygget under andre verdenskrig. Det er også flott utsikt herfra.","elevation":29,"name":"Kommandotårn på Randøya","source":"UT.no\/DNT"},"type":"Feature"},{"geometry":{"coordinates":[7.9641469999999996,58.121250000000003],"type":"Point"},"id":"attraction-ut-144934124","properties":{"description":"Per Ulstrup har gjennom mange år opparbeidet denne hagen som nå har blitt en parkanlegg. Det er prydbusker, blomster og trær, samt en plen som er hyggelig å ta en rast på. Denne prakteiendommen har Per gitt som en gave til en stiftelse for ...","elevation":3,"name":"Pers Have, Vågsbygd","source":"UT.no\/DNT"},"type":"Feature"},{"geometry":{"coordinates":[7.9871449999999999,58.102598],"type":"Point"},"id":"attraction-ut-144934128","properties":{"description":"Navnet Sumatra ble gitt av kaptein Hans Kielland. Før han bosatte seg i Kristiansand, seilte han rundt. I 1814 bygde han et lyststed som ble døpt Sumatra. Det er mye historie knyttet til denne øya. Det stod fire til segs tunge luftvernkanon...","elevation":10,"name":"Sumatra, Vågsbygd","source":"UT.no\/DNT"},"type":"Feature"},{"geometry":{"coordinates":[7.9118279999999999,58.151573999999997],"type":"Point"},"id":"attraction-ut-144945675","properties":{"description":"Ved Jentetjønn lå hjemmefronthytta \"Fredløs\". Den ble byggen av XU-medlemmer: Kaare Heistein og Nils Fidjeland. Nå står hytta på Vest-Agder Fylkesmuseum","elevation":135,"name":"Hjemmefronthytta Fredløs","source":"UT.no\/DNT"},"type":"Feature"},{"geometry":{"coordinates":[8.4119539999999997,58.282995],"type":"Point"},"id":"attraction-ut-144945691","properties":{"description":"Ved nedre Lonestemmen kan du se rester både nord og syd. På Sydsiden kan du se inn i vannrennen som drev tresliperiet på Kalvild. Nordsiden av elven kan du se rester av tømmerennen som ledet tømmeret som ble hugget lengre opp langs elva og ...","elevation":14,"name":"Nedre Lonestemmen, Kaldvellvassdraget","source":"UT.no\/DNT"},"type":"Feature"},{"geometry":{"coordinates":[7.8977149999999998,58.093359],"type":"Point"},"id":"attraction-ut-144950329","properties":{"description":"Dette er en av flere hellere i området. De ble ofte brukt til å søke ly eller overnatte under. Denne helleren sies det at det bodde en mann fra Berge som heter Torris.","elevation":52,"name":"Torrishelleren","source":"UT.no\/DNT"},"type":"Feature"},{"geometry":{"coordinates":[7.8766610000000004,58.129278999999997],"type":"Point"},"id":"attraction-ut-144950330","properties":{"description":"Dette er en av flere hellere i området. De ble ofte brukt til å søke ly eller overnatte under. Hvem som bodde her eller har søkt ly, er usikkert.","elevation":132,"name":"Grisetjønnhellerane","source":"UT.no\/DNT"},"type":"Feature"},{"geometry":{"coordinates":[7.9200309999999998,58.190907000000003],"type":"Point"},"id":"attraction-ut-144950332","properties":{"description":"Dette er en av flere hellere i området. De ble ofte brukt til å søke ly eller overnatte under. Helleren på Flateheia er en stor steinblokk med benkeplasser inni.","elevation":47,"name":"Helleren ved Flateheia","source":"UT.no\/DNT"},"type":"Feature"},{"geometry":{"coordinates":[7.9797570000000002,58.241945999999999],"type":"Point"},"id":"attraction-ut-144952657","properties":{"description":"Dette er en av flere hellere i området. De ble ofte brukt til å søke ly eller overnatte under. Ved Bjortjønnmyra finner du to flotte små hellere.","elevation":152,"name":"Bjortjønnhellerane","source":"UT.no\/DNT"},"type":"Feature"},{"geometry":{"coordinates":[11.344939,60.745646999999998],"type":"Point"},"id":"attraction-ut-144954987","properties":{"description":"Russerhula i Åsbygda ligger langs skiltet sti og med ei infotavle som forteller hva som skjedde her våren 1942. Stedet er tilrettelagt av Romedal Almenning Turstilag (RAT).","elevation":235,"name":"Russerhula i Åsbygda","source":"UT.no\/DNT"},"type":"Feature"},{"geometry":{"coordinates":[8.0379660000000008,58.190950999999998],"type":"Point"},"id":"attraction-ut-144957353","properties":{"description":"Dette er starten på trollstien. Denne stien kan by på en del overraskelser, og passer for hele familien.","elevation":13,"name":"Trollstien start","source":"UT.no\/DNT"},"type":"Feature"},{"geometry":{"coordinates":[8.0430860000000006,58.188983999999998],"type":"Point"},"id":"attraction-ut-144957356","properties":{"description":"Du finner mye spennende langs trollstien. Her finner du to flotte småtroll.","elevation":19,"name":"Trollsoppene","source":"UT.no\/DNT"},"type":"Feature"},{"geometry":{"coordinates":[8.0453650000000003,58.188484000000003],"type":"Point"},"id":"attraction-ut-144957357","properties":{"description":"Langs trollstien finner du både små og store troll. Dette er en av de største trollene langs stien. Gå opp til trollet og se hvor store ben og hender trollet har!","elevation":23,"name":"Det store trollet","source":"UT.no\/DNT"},"type":"Feature"},{"geometry":{"coordinates":[8.0467929999999992,58.188046999999997],"type":"Point"},"id":"attraction-ut-144957358","properties":{"description":"På trollstien er det mange troll å se, og dette er en av de. Her står trolldamen og følger med på alle som går forbi.","elevation":21,"name":"Trolldama","source":"UT.no\/DNT"},"type":"Feature"},{"geometry":{"coordinates":[7.9395189999999998,58.116667],"type":"Point"},"id":"attraction-ut-144957361","properties":{"description":"I Kjos har det tidligere bodd bjørner, og på denne plassen finner du en av hulene de bodde i. Det er en liten inngang, men inn i hula er det god plass. Spennende å utforske denne plassen.","elevation":30,"name":"Bjørnehula i Vågsbygd","source":"UT.no\/DNT"},"type":"Feature"},{"geometry":{"coordinates":[7.9692550000000004,58.132893000000003],"type":"Point"},"id":"attraction-ut-144957362","properties":{"description":"Myren gård er en lystgård i sveitsertil. Det ligger et nydelig parkanlegg til gården som er alle kan bruke. Du finner unik flora av sjeldne trær og blomster. Grunnen til at den heter Myren er at den ble omskapt fra myr til hage ved hjelp av...","elevation":18,"name":"Myren gård","source":"UT.no\/DNT"},"type":"Feature"},{"geometry":{"coordinates":[11.49396,60.477792999999998],"type":"Point"},"id":"attraction-ut-144966786","properties":{"description":"Rett sør for naturreservatet Skuta i Nord.Odal ligger en stein som er kløyvd i 2. Det er noe unaturlig med måten steinen er kløyvd på, som om man skulle dele en smørklatt med en varm kniv. Hugget er helt rett gjennom steinen.","elevation":359,"name":"Den kløyvde stein","source":"UT.no\/DNT"},"type":"Feature"},{"geometry":{"coordinates":[10.26328,63.276722999999997],"type":"Point"},"id":"attraction-ut-144969178","properties":{"elevation":18,"name":"Jarlshola","source":"UT.no\/DNT"},"type":"Feature"},{"geometry":{"coordinates":[10.291874,63.242261999999997],"type":"Point"},"id":"attraction-ut-144969183","properties":{"elevation":159,"name":"Jutulstenan","source":"UT.no\/DNT"},"type":"Feature"},{"geometry":{"coordinates":[7.4276910000000003,62.674556000000003],"type":"Point"},"id":"attraction-ut-144971616","properties":{"description":"På Veøya i Romsdalsfjorden ligger en middelalderkirke, kirkegard, prestegard med våningshus og tre andre gjenstående bygninger. Under dagens kulturlandskap skjuler det seg en kjøpstad fra middelalderen, trolig med 350-400 innbyggere.","elevation":13,"name":"Veøy Prestegård","source":"UT.no\/DNT"},"type":"Feature"},{"geometry":{"coordinates":[10.022748999999999,59.369042],"type":"Point"},"id":"attraction-ut-144988490","properties":{"elevation":199,"name":"Badekulp Løkedalsfossen","source":"UT.no\/DNT"},"type":"Feature"},{"geometry":{"coordinates":[9.6890020000000003,59.647171],"type":"Point"},"id":"attraction-ut-145025585","properties":{"description":"Midt i nettet av stier finner du en stor stein som du kan rugge frem og tilbake på. Denne har nok kommet dit med is og ikke maskiner.","elevation":260,"name":"Ruggestein på Gamlegrendåsen","source":"UT.no\/DNT"},"type":"Feature"},{"geometry":{"coordinates":[10.815950000000001,59.995058999999998],"type":"Point"},"id":"attraction-ut-145030547","properties":{"description":"Flytstilia byr på flott barskog og turmålet er ligger på en liten topp i området.","elevation":301,"name":"Flytstilia","source":"UT.no\/DNT"},"type":"Feature"},{"geometry":{"coordinates":[10.844417999999999,59.991601000000003],"type":"Point"},"id":"attraction-ut-145030548","properties":{"description":"En myteomspunnet del av Lillomarka med et artig navn. Dette turmålet er satt på toppen av Slengefehøgda som er starten på stien som kalles Spøkelseskladden.","elevation":419,"name":"Spøkelseskladden","source":"UT.no\/DNT"},"type":"Feature"},{"geometry":{"coordinates":[10.386113999999999,60.67333],"type":"Point"},"id":"attraction-ut-14504291","properties":{"description":"Rester etter gammel skytebane, anvisningsgrop. Flere finnes i stien videre nedover mot Holmenbanen. Se turkort.","elevation":399,"name":"Rester etter gammel skytebane","source":"UT.no\/DNT"},"type":"Feature"},{"geometry":{"coordinates":[7.7173290000000003,62.560837999999997],"type":"Point"},"id":"attraction-ut-145042971","properties":{"elevation":689,"name":"Romsdalsgondolen","source":"UT.no\/DNT"},"type":"Feature"},{"geometry":{"coordinates":[9.1328460000000007,59.197822000000002],"type":"Point"},"id":"attraction-ut-145160357","properties":{"description":"Kjør fylkesveien mellom Drangedal og Lunde. Ca 15 km fra Drangedal er det skilt til Nakksjø stasjon. Sving til høyre her og følg veien forbi stasjonen og ca 2,1 km til et skilt om Eventyrstien. Her er det parkering. Turen starter her ved å ...","elevation":255,"name":"Høidalsfurua","source":"UT.no\/DNT"},"type":"Feature"},{"geometry":{"coordinates":[10.699242999999999,60.797739999999997],"type":"Point"},"id":"attraction-ut-145223331","properties":{"description":"Tett ved sentrum finner du Skibladnerhavna. Her er et åpen kiosk på somemrtid, og kansjer er du heldig å få se Mjøsas hvite svane, Skibladner, ankomme kaia. Fint utgangspunkt for en spasertur sørover langs Mjøspromenaden.","elevation":125,"name":"Skibladnerhavna","source":"UT.no\/DNT"},"type":"Feature"},{"geometry":{"coordinates":[10.691501000000001,60.793168999999999],"type":"Point"},"id":"attraction-ut-145223332","properties":{"elevation":130,"name":"Gjøvik gård","source":"UT.no\/DNT"},"type":"Feature"},{"geometry":{"coordinates":[13.082198999999999,64.105106000000006],"type":"Point"},"id":"attraction-ut-145251143","properties":{"description":"Operasjon Rype RYPE var kodenavnet på den amerikanske fallskjermstyrken, the Norwegian Operations Group (NORSO), som ble droppet i Snåsafjella 24. mars 1945 og hadde tilholdssted på Gjefsjøen fjellgård. Operasjonen hadde som mål å sabotere ...","elevation":477,"name":"Hovedkvarteret til Operasjon Rype 1945","source":"UT.no\/DNT"},"type":"Feature"},{"geometry":{"coordinates":[11.49286,59.593646999999997],"type":"Point"},"id":"attraction-ut-145253222","properties":{"description":"Delefurua er delepunkt mellom to tidligere fylker – Østfold og Akershus – og tre kommuner: Aurskog-Høland i nord, Marker i øst og Indre Østfold i vest. Furua er svært gammel (flere hundre år), og må beregnes som et kulturminne i seg selv. H...","elevation":181,"name":"Delefurua","source":"UT.no\/DNT"},"type":"Feature"},{"geometry":{"coordinates":[6.4431000000000003,59.007604999999998],"type":"Point"},"id":"attraction-ut-145255340","properties":{"description":"Tretrappa langs rørgaten i Flørli med sine 4444 trappetrinn.","elevation":698,"name":"Flørlitrappene","source":"UT.no\/DNT"},"type":"Feature"},{"geometry":{"coordinates":[10.869287999999999,59.841501999999998],"type":"Point"},"id":"attraction-ut-145263853","properties":{"description":"Trollkjerka er navnet på flere, enorme kampesteiner som har skapt flere små og store hulrom og passasjer som det er mulig å krype rundt å utforske. Det er også et stort hulrom hvor flere personer kan sitte. Her er det altså mye å utforske, ...","elevation":192,"name":"Trollkjerka","source":"UT.no\/DNT"},"type":"Feature"},{"geometry":{"coordinates":[7.9472759999999996,61.380214000000002],"type":"Point"},"id":"attraction-ut-145266225","properties":{"description":"Vettisfossen er Norges høyeste uregulerte foss med en høyde på 275 m og er en spektakulært skue. Det går en umerket sti til bunnen av fossen hvor du virkelig får kjenne vannspruten i ansiktet. Vil man se fossen overfra skal man ta den T-mer...","elevation":668,"name":"Vettisfossen","source":"UT.no\/DNT"},"type":"Feature"},{"geometry":{"coordinates":[11.167263,61.083205],"type":"Point"},"id":"attraction-ut-145278884","properties":{"description":"Lavåfalla er absolutt verdt et besøk med sine tre fossefall på 6-7 meters høyde i et uvanlig trolsk landskap. Rett før Lavåfallene gikk tidligere Rondanestien bratt ned elveskråningen og krysset elva rett over fossene. Brua over Lavåfallene...","elevation":512,"name":"Lavåfallene","source":"UT.no\/DNT"},"type":"Feature"},{"geometry":{"coordinates":[10.254293000000001,63.340975],"type":"Point"},"id":"attraction-ut-145284030","properties":{"description":"Leinøra naturreservat ligger ved utløpssonen til elva Gaula, og er et vernet område blant annet på grunn av høy forekomst av tindved. Vegetasjonen her er fasinerende og veldig ulik naturen vi stort sett har i Norge, så det er en opplevelse ...","elevation":1,"name":"Leinøra naturreservat","source":"UT.no\/DNT"},"type":"Feature"},{"geometry":{"coordinates":[10.78027,63.375034999999997],"type":"Point"},"id":"attraction-ut-145284038","properties":{"description":"Storfossen ligger i Homla Naturreservat, og er et fossefall på hele 40 meter. Dette er en populær turdestinasjon, spesielt på sommeren, og det er godt tilrettelagt med utsiktsplatå og trapp ned til fossen. Et godt tips er å besøke fossen på...","elevation":123,"name":"Storfossen","source":"UT.no\/DNT"},"type":"Feature"},{"geometry":{"coordinates":[9.509684,62.863658999999998],"type":"Point"},"id":"attraction-ut-145287853","properties":{"description":"Bor du på Jøldalshtta får du låne kano (depositum). Det er en kort spasertur fra hytta ned til Jølvatnet. Her er det naust med fire kanoer. Jølvatnet er fint å padle på. Hold deg langs med land når du padler. Det er alltid en fordel om du s...","elevation":711,"name":"Kanoutleie ved Jøldalshytta","source":"UT.no\/DNT"},"type":"Feature"},{"geometry":{"coordinates":[11.3185,59.510300000000001],"type":"Point"},"id":"attraction-ut-145287856","properties":{"description":"Nisseklemma ligger sør for den blåmerkede Sameiarunden. Nede i søkket – hvor også blåmerket tursti går forbi – hadde en hjelpekar på Funderud planer om å reise et lite snekkerverksted. Her er det tydlige rester etter et påbegynt anleggsarbe...","elevation":190,"name":"Nisseklemma","source":"UT.no\/DNT"},"type":"Feature"},{"geometry":{"coordinates":[6.1230849999999997,62.567549],"type":"Point"},"id":"attraction-ut-145292694","properties":{"description":"Gård med alpakkaer.","elevation":7,"name":"Alpakka Vigra","source":"UT.no\/DNT"},"type":"Feature"},{"geometry":{"coordinates":[9.6127319999999994,58.883163000000003],"type":"Point"},"id":"attraction-ut-145310851","properties":{"description":"På Jomfruland er det en fuglestasjon. Den er betjent hele året av fugleinteresserte. I forbindelse med denne er det bygd et tårn på 12 meter, der en kan se utover området. Tårnet ligger i Jomfruland Nasjonalpark og det må vises hensyn til b...","elevation":5,"name":"Fugletårnet på Jomfruland","source":"UT.no\/DNT"},"type":"Feature"},{"geometry":{"coordinates":[11.55171,60.793995000000002],"type":"Point"},"id":"attraction-ut-145313811","properties":{"description":"Dette er et turmål i Løten. Turforslaget finner du her .","elevation":205,"name":"Gamle militærvegen med sappørsteinen","source":"UT.no\/DNT"},"type":"Feature"},{"geometry":{"coordinates":[11.373516,60.958011999999997],"type":"Point"},"id":"attraction-ut-145313814","properties":{"description":"Dette er et turmål i Løten. Turforslaget finner du her .","elevation":505,"name":"Korpreiret","source":"UT.no\/DNT"},"type":"Feature"},{"geometry":{"coordinates":[11.396938,60.764713],"type":"Point"},"id":"attraction-ut-145313817","properties":{"description":"Dette er et turmål i Løten. Turforslaget finner du her .","elevation":251,"name":"Sagbakken-fossen","source":"UT.no\/DNT"},"type":"Feature"},{"geometry":{"coordinates":[8.7768060000000006,58.885471000000003],"type":"Point"},"id":"attraction-ut-145321150","properties":{"description":"Dette er en hule i Den Lisle nuten som ble grav ut på 1600 tallet. Se linken hvordan finne frem til turmålet.","elevation":472,"name":"Steffanstoga","source":"UT.no\/DNT"},"type":"Feature"},{"geometry":{"coordinates":[10.260985,63.378683000000002],"type":"Point"},"id":"attraction-ut-145321887","properties":{"description":"Turbo er en blå fjellrev og barnas turlag egen maskot. Han elsker å være ute, og er svært begeistret over å ha fått sin egen skog! Turboskogen finner du på haugen bakom Rønningen gård i bymarka, og nåes via en egen inngangsportal. Inngangsp...","elevation":294,"name":"Turboskogen","source":"UT.no\/DNT"},"type":"Feature"},{"geometry":{"coordinates":[10.345738000000001,63.432867000000002],"type":"Point"},"id":"attraction-ut-145323368","properties":{"description":"I Ilabergan i Bymarka er det et tre som er så stort at det er er vært turen for å se. Det sies at det er Bymarkas største?","elevation":110,"name":"Bymarkas største tre","source":"UT.no\/DNT"},"type":"Feature"},{"geometry":{"coordinates":[9.5928120000000003,62.872718999999996],"type":"Point"},"id":"attraction-ut-145332432","properties":{"description":"Ondusfjellet ligger nordøst for Jøldalshytta og byr på en overraskende flott høyfjellsopplevelse. Restene etter et tysk jagerfly som styrtet på Ondusfjellet16. januar 1943 er en ekstra attraksjon på turen. Flystyrt i Trollheimen under 2. ve...","elevation":910,"name":"Minnesmerke etter flystyrt på Ondusfjellet","source":"UT.no\/DNT"},"type":"Feature"},{"geometry":{"coordinates":[11.63104,62.864130000000003],"type":"Point"},"id":"attraction-ut-145332437","properties":{"description":"Malmforekomsten ble funnet av Ellend Rønningen i 1766. Den består av kobberholdig (2%) svovelkis, og uttak av malm startet umiddelbart. Navnet på forekomsten var i sin tid «Kiuli Fields Kobber Ertz Gang». Kjøli gruve ble drevet på kobber i ...","elevation":1032,"name":"Kjøligruva","source":"UT.no\/DNT"},"type":"Feature"},{"geometry":{"coordinates":[10.757201,59.930444999999999],"type":"Point"},"id":"attraction-ut-145333207","properties":{"description":"Akerselvas flotteste fossefall! Turstien opp fossen ved Mølla er litt bratt, og du må vanligvis gjennom en liten myk sky av vann,","elevation":33,"name":"Mølla fossefall i Akerselva","source":"UT.no\/DNT"},"type":"Feature"},{"geometry":{"coordinates":[11.01469,59.687041000000001],"type":"Point"},"id":"attraction-ut-145334779","properties":{"description":"Dags dyregrav ble rekonstruert i 2009. Dyregraven er rekonstruert lik de dyregravene som befinner seg i dette området. Grava var dekket av tynne spiler av furu dekket med mose og snø. På sidene var det sperregjerder med en åpning som ledet ...","elevation":197,"name":"Dags dyregrav","source":"UT.no\/DNT"},"type":"Feature"},{"geometry":{"coordinates":[9.0707450000000005,62.697293000000002],"type":"Point"},"id":"attraction-ut-145339522","properties":{"description":"Der veien til Tovatna krysser Lona (lagt i rør fra litt lenger oppe i Londalen), kan man ta en avstikker opp langs det tørrlagte elveleiet og se på de små jettegrytene som er gravd ut i kleberstein. Går man ned langs elveleiet, ser man hvor...","elevation":675,"name":"Jettegryter ved Tovassveien","source":"UT.no\/DNT"},"type":"Feature"},{"geometry":{"coordinates":[12.078305,63.174475999999999],"type":"Point"},"id":"attraction-ut-145340312","properties":{"description":"Bustvalen-monumenteter til minne om karolinernes tragiske tilbaketog i 1719.","elevation":826,"name":"Bustvalen-monumentet","source":"UT.no\/DNT"},"type":"Feature"},{"geometry":{"coordinates":[11.409789999999999,63.145806999999998],"type":"Point"},"id":"attraction-ut-145340315","properties":{"description":"Høyås gruve. Her ble drevet kobbergruvedrift på 1700-tallet.","elevation":631,"name":"Nedlagt kobbergruve i Roltdalen","source":"UT.no\/DNT"},"type":"Feature"},{"geometry":{"coordinates":[9.2545699999999993,59.281737],"type":"Point"},"id":"attraction-ut-145344257","properties":{"description":"Ulefoss sluser er det første sluseanlegget i Bandak-Norsjøkanalen. Denne delen av Telemarkskanalen stod ferdig i 1892 (Kilde Telemarkskanalen).","elevation":25,"name":"Ulefoss sluser","source":"UT.no\/DNT"},"type":"Feature"},{"geometry":{"coordinates":[9.2212219999999991,59.297082000000003],"type":"Point"},"id":"attraction-ut-145344258","properties":{"description":"Eidsfoss sluserer det andre sluseanlegget i Bandak-Norsjøkanalen og har to kamre. Likevel er løftehøyden på hele 10 meter. Det første kammeret i Eidsfoss har den største løftehøyden av alle slusekamrene i kanalen (Kilde Telemarkskanalen).","elevation":38,"name":"Eidsfoss sluser","source":"UT.no\/DNT"},"type":"Feature"},{"geometry":{"coordinates":[9.2020189999999999,59.302266000000003],"type":"Point"},"id":"attraction-ut-145344259","properties":{"description":"Vrangfoss har fått navnet sitt fordi fossen var stri, og det var vanskelig å fløte tømmer her. Før kanalen ble bygd, gikk elva gjennom et juv på rundt to kilometer med fosser og trange partier. Slusene er hogd inn i landskapet. Her er det f...","elevation":59,"name":"Vrangfoss sluser","source":"UT.no\/DNT"},"type":"Feature"},{"geometry":{"coordinates":[9.0514759999999992,59.292234999999998],"type":"Point"},"id":"attraction-ut-145344261","properties":{"description":"Kjeldal sluse ble bygget som en del av Bandak-Norsjøkanalen og sto ferdig i 1892. De seks sluseanlegga mellom Norsjø og Flåvatn er ikke bygd om eller modernisert. Fremdeles foregår alt slusearbeidet i Bandak-Norsjøkanalen med handkraft: Slu...","elevation":64,"name":"Kjeldal sluser","source":"UT.no\/DNT"},"type":"Feature"},{"geometry":{"coordinates":[9.0432140000000008,59.302790000000002],"type":"Point"},"id":"attraction-ut-145344262","properties":{"description":"Hogga sluser har to kamre som løfter båten sju meter, fra 65 m.o.h. til 72 m.o.h. Det er 64 km igjen til Dalen. Fra Skien har båten seilt 41 km. I Hogga står det ei gulmalt vaktbu lik den vi finner i Vrangfoss. Det var vanskelig å bygge slu...","elevation":71,"name":"Hogga sluser","source":"UT.no\/DNT"},"type":"Feature"},{"geometry":{"coordinates":[9.522589,59.211706],"type":"Point"},"id":"attraction-ut-145344263","properties":{"description":"Løveid sluser har 3 slusekamre og en løftehøyde på 10,3 m. Anlegget ble skutt ut av fjellet med krutt i 1854-60 og åpnet i 1861 veien mellom havet og innlandet, sammen med Skien sluser. Her ble det i tidligere tidene transportert industriva...","elevation":6,"name":"Løveid sluser","source":"UT.no\/DNT"},"type":"Feature"},{"geometry":{"coordinates":[5.9587190000000003,59.595928999999998],"type":"Point"},"id":"attraction-ut-145345907","properties":{"elevation":437,"name":"Brimheller","source":"UT.no\/DNT"},"type":"Feature"},{"geometry":{"coordinates":[5.9643220000000001,59.607813999999998],"type":"Point"},"id":"attraction-ut-145345908","properties":{"elevation":688,"name":"Trodlanibba","source":"UT.no\/DNT"},"type":"Feature"},{"geometry":{"coordinates":[7.9667659999999998,58.305765999999998],"type":"Point"},"id":"attraction-ut-145353489","properties":{"description":"Jettegryte er et glatt og ofte sylindrisk hull i fast fjell. Jettegryter har oppstått ved at en breelv har satt stein og grus i turbulent bevegelse under isen. Bredde og dybde på jettegryter varierer fra noen få desimeter til mange meter (K...","elevation":55,"name":"Jettegryta ved Tømmerenna","source":"UT.no\/DNT"},"type":"Feature"},{"geometry":{"coordinates":[14.128456999999999,66.299312],"type":"Point"},"id":"attraction-ut-145355244","properties":{"description":"Digital turpost i #15SjekkUT.","elevation":126,"name":"Fageråstrappa","source":"UT.no\/DNT"},"type":"Feature"},{"geometry":{"coordinates":[7.3928719999999997,60.401693000000002],"type":"Point"},"id":"attraction-ut-145373338","properties":{"description":"Sysenvatnet, i Eidfjord kommune, Hordaland , er hoved magasin for Sy- Sima kraftverk . Det er demmet opp med en stein fyllingsdam med morene masse som tettemateriale. Damkronens lengde er 1157 meter, demningens største høyde er 81 meter og ...","elevation":945,"name":"Sysendammen","source":"UT.no\/DNT"},"type":"Feature"},{"geometry":{"coordinates":[10.499727999999999,59.802005999999999],"type":"Point"},"id":"attraction-ut-145382107","properties":{"description":"Asker turlag har et selvbetjent kajakkanlegg på Elnestangen, i tillegg til den ubetjente hytta Sjåførboligen. Her finner du informasjon om hva som kreves for å leie kajakk, hva det koster og hvordan du bestiller.","elevation":8,"name":"Kajakkutleie Elnestangen","source":"UT.no\/DNT"},"type":"Feature"},{"geometry":{"coordinates":[8.6617540000000002,59.098038000000003],"type":"Point"},"id":"attraction-ut-145383868","properties":{"description":"Dette turmålet ligger langs løypa mellom Gautefall og Holmvatn. Dette er en grense stein i melkehvit kvarts, og er kald selv om det er varmt i lufta. Det er flere forklaringer av ordet geitil, og flere går i retning av at det er en hard(ere...","elevation":623,"name":"Heigeitilen","source":"UT.no\/DNT"},"type":"Feature"},{"geometry":{"coordinates":[9.5961020000000001,58.864866999999997],"type":"Point"},"id":"attraction-ut-145383876","properties":{"description":"For å komme til dette turmålet, må du ta ferje eller hurtigbåt fra Kragerø til Tårnbrygga på Jomfruland. Ved Tårnbrygga så følger du veien opp bakken og går rett frem til tårnene. Her er det to tårn hvor det gamle er åpnet for besøk. Se vel...","elevation":18,"name":"Fyrtårnene på Jomfruland","source":"UT.no\/DNT"},"type":"Feature"},{"geometry":{"coordinates":[9.5959810000000001,58.862997999999997],"type":"Point"},"id":"attraction-ut-145383877","properties":{"description":"Dette turmålet nås ved å ta ferje eller båt fra Kragerø til Tårnbrygga på Jomfruland. Ved Tårnbrygga følger du stien frem til hovedveien og tar til høyre her og følger veien ca 300 m og tar til venstre. Ca 100 m inne i skogen ligger Tårntje...","elevation":12,"name":"Tårntjenna","source":"UT.no\/DNT"},"type":"Feature"},{"geometry":{"coordinates":[9.4324779999999997,62.699756999999998],"type":"Point"},"id":"attraction-ut-145396147","properties":{"description":"I lia oppfor Gjevilvasshytta finner du denne idylliske plassen i bjørkeskog med et lite fossefall. På varme sommerdager kan fossen fungere som en forfriskende dusj etter fjellturen! Det er verken merking eller sti til fossen, så her må man ...","elevation":825,"name":"Foss i Håmmårbekken","source":"UT.no\/DNT"},"type":"Feature"},{"geometry":{"coordinates":[9.0084479999999996,58.977587],"type":"Point"},"id":"attraction-ut-145419215","properties":{"description":"Dette turmålet ligger på grensen mellom Drangedal og Gjerstad. Ved vanlig vannføring er det et flott skue og et flott sted. Det er laget en grillplass. Plassen er tilrettelagt Lennart Skoglund for Kroken JFF. Følg fylkesvei 256 mellom Heldø...","elevation":167,"name":"Gruvlefoss","source":"UT.no\/DNT"},"type":"Feature"},{"geometry":{"coordinates":[9.6039949999999994,59.281025999999997],"type":"Point"},"id":"attraction-ut-145425137","properties":{"description":"Dette er en spennende hytte som ligger langs stien til Skrehelle. Denne ligger ca 200 m før toppen. Turbeskrivelse er den samme som til Skrehelle og ligger i vedlagte link.","elevation":522,"name":"Elggløtt","source":"UT.no\/DNT"},"type":"Feature"},{"geometry":{"coordinates":[10.739197000000001,59.981031000000002],"type":"Point"},"id":"attraction-ut-145439940","properties":{"description":"Oslos geografiske midtpunkt ligger i Nordmarka, kort vei fra Sognsvann, rett øst for Nedre Blanksjø. Skulpturen «Ta på Oslos balansepunkt» av Jon Gundersen markerer punktet.","elevation":223,"name":"Oslos Geografiske Midtpunkt","source":"UT.no\/DNT"},"type":"Feature"},{"geometry":{"coordinates":[7.4237890000000002,60.844085],"type":"Point"},"id":"attraction-ut-145442908","properties":{"description":"Vettlahelvete er en av mange flotte turmål langs den fantastiske turen ned Aurlandsdalen. Her kan du faktisk gå inn i en jettegryte som er formet over mange tusen år. Les mer om turen ned Aurlandsdalen","elevation":772,"name":"Vetlahelvete i Aurlandsdalen","source":"UT.no\/DNT"},"type":"Feature"},{"geometry":{"coordinates":[10.908220999999999,64.904797000000002],"type":"Point"},"id":"attraction-ut-145460656","properties":{"description":"Tilrettelagt varmestue med toaletter og sitteplasser på toppen av Dalafjellet (vindmølleparken). 1,1 km fra parkeringen, mulighet til å kjøre helt opp ved enkelte anledninger.","elevation":156,"name":"Dalafjellet","source":"UT.no\/DNT"},"type":"Feature"},{"geometry":{"coordinates":[10.394444999999999,59.256881],"type":"Point"},"id":"attraction-ut-145491870","properties":{"description":"Et viktig frilufts og rekreasjonsområde, og en av Nøtterøys største løvskoger.","elevation":80,"name":"Teieskogen","source":"UT.no\/DNT"},"type":"Feature"},{"geometry":{"coordinates":[10.437878,59.063173999999997],"type":"Point"},"id":"attraction-ut-145491876","properties":{"description":"Pirane er et variert strandområde, med stort mangfold av naturtyper, økosystemer, arter og naturlige økologiske prosesser.","name":"Pirane","source":"UT.no\/DNT"},"type":"Feature"},{"geometry":{"coordinates":[10.832145000000001,59.881363],"type":"Point"},"id":"attraction-ut-145512606","properties":{"description":"Østensjøvannet er en av Norges mest artsrike innsjø for vann- og sumpvegetasjon, som er med på å gi grunnlag for et rikt fugle- og dyreliv. Det er satt opp fylgetårn på østsiden av vannet. Området ligger i Østensjø naturreservat.","elevation":108,"name":"Østensjøvannet","source":"UT.no\/DNT"},"type":"Feature"},{"geometry":{"coordinates":[10.83306,60.655245000000001],"type":"Point"},"id":"attraction-ut-145531991","properties":{"description":"Risdalen er en jungeloase med tett løvskog. Et stykke opp i Riselva finner du den flotte Fuglefossen","elevation":268,"name":"Fuglefossen","source":"UT.no\/DNT"},"type":"Feature"},{"geometry":{"coordinates":[11.218488000000001,60.944538000000001],"type":"Point"},"id":"attraction-ut-145562579","properties":{"description":"Dette er et fint turmål på ski på Hedmarksvidda.","elevation":726,"name":"Portalen på Hedmarksvidda","source":"UT.no\/DNT"},"type":"Feature"},{"geometry":{"coordinates":[8.8635359999999999,59.122849000000002],"type":"Point"},"id":"attraction-ut-145654468","properties":{"description":"Turmålet ligger langs Fylkesvei 38, mellom Bostrak og Bø i Tørdal. Det er skiltet ved veien , ca 2,3 km etter Bostrak. Hallvard Gråtopp var leder for en bondehær fra Telemark som gjorde opprør mot styresmaktene i 1438. Gråtopp kom trolig fr...","elevation":103,"name":"Gråtopplassen","source":"UT.no\/DNT"},"type":"Feature"},{"geometry":{"coordinates":[11.147308000000001,61.015138999999998],"type":"Point"},"id":"attraction-ut-145658622","properties":{"description":"Dette er et turmål i Hamar kommune. Turforslaget finner du her.","elevation":715,"name":"Ellemitthølet på Brumund","source":"UT.no\/DNT"},"type":"Feature"},{"geometry":{"coordinates":[10.856823,61.039740999999999],"type":"Point"},"id":"attraction-ut-145658639","properties":{"description":"Dette er et turmål i Ringsaker. Turforslaget finner du her.","elevation":475,"name":"Uroligsand","source":"UT.no\/DNT"},"type":"Feature"},{"geometry":{"coordinates":[11.309540999999999,60.993459999999999],"type":"Point"},"id":"attraction-ut-145658644","properties":{"description":"Dette er et turmål i Løten. Turforslaget finner du her.","elevation":578,"name":"Hjertet ved Øksna","source":"UT.no\/DNT"},"type":"Feature"},{"geometry":{"coordinates":[9.0934329999999992,58.922826000000001],"type":"Point"},"id":"attraction-ut-145661417","properties":{"description":"Følg fylkesveien mellom Heldøla og Sannidal, ved Kroken Kirke, kjør mot Gjerstad og følg denne veien ca 3,6 km. Det er synlig fra veien. Ved Måvann er det satt opp et minnesmerke over slipp som ble gjort av engelske fly 20. februar 1945. I ...","elevation":147,"name":"Måvann","source":"UT.no\/DNT"},"type":"Feature"},{"geometry":{"coordinates":[10.377617000000001,60.958461999999997],"type":"Point"},"id":"attraction-ut-145687940","properties":{"description":"Idylliske gammel sæter langs Den gamle postveg mellom Oslo og Trondheim. Sætervollen forvaltes på gamlemåten for å ta vare på biologisk mangfold. Fin rødmerket tur fra Skihytta i Snertingdal.","elevation":606,"name":"Kvekasætra","source":"UT.no\/DNT"},"type":"Feature"},{"geometry":{"coordinates":[14.770358,66.920601000000005],"type":"Point"},"id":"attraction-ut-145710316","properties":{"description":"Kari Cavéns verk består av tre elementer som alle er laget av forskjellige materialer. Hvert materiale - ved, tre og stein - har forskjellig tidssykluser i seg. Det er som om en tidsmåler er satt inn i landskapet. Mye diskusjon i Nordland o...","elevation":55,"name":"I dag, i morgen, alltid","source":"UT.no\/DNT"},"type":"Feature"},{"geometry":{"coordinates":[7.3367449999999996,59.358941999999999],"type":"Point"},"id":"attraction-ut-146135042","properties":{"description":"Etter krigen, ca 1946 sette Heimevernet opp observasjonshytte på toppen av Jarekollen. Ved øvelser skulle dei observere fly, tidspunkt og retning. Også type fly ut frå bilder dei hadde. Det var felt telefon ned til Gjerden. Rundt 1960 vart ...","elevation":969,"name":"Jarekollen, Bykle - Mur etter HV hytte","source":"UT.no\/DNT"},"type":"Feature"},{"geometry":{"coordinates":[9.4932660000000002,60.468696999999999],"type":"Point"},"id":"attraction-ut-146168464","properties":{"description":"Ferdighetspark sykkel som passer for alle","elevation":690,"name":"Turufjell ferdighetspark sykkel","source":"UT.no\/DNT"},"type":"Feature"},{"geometry":{"coordinates":[10.606028999999999,59.898524999999999],"type":"Point"},"id":"attraction-ut-146176552","properties":{"description":"Utleien ved Okenøya ligger i kjelleren på Oksenøya bruk på Fornebu. Lageret har inngang i kjelleren under låvegangen til låven. Det er åtte kajakker som er tilgjengelig for forhåndsbooking.","elevation":4,"name":"Oksenøya Bruk - Selvbetjent kajakkanlegg","source":"UT.no\/DNT"},"type":"Feature"},{"geometry":{"coordinates":[10.734408,63.408627000000003],"type":"Point"},"id":"attraction-ut-146176556","properties":{"description":"Turen til navnetreet er en populær tur i Malvik for både store og små og er bare 1,5 km når man tar korteste rute. På veien passerer du Lauvtjønna der det er mulig å ta en rastepause.","elevation":249,"name":"Navnetreet","source":"UT.no\/DNT"},"type":"Feature"},{"geometry":{"coordinates":[10.521215,59.692881999999997],"type":"Point"},"id":"attraction-ut-146219143","properties":{"description":"Asker turlag har et selvbetjent kajakkanlegg på Skogsborg, som er lagret i Oslofjorden Friluftsråds (OF) båthus på Skogsborg. Enkleste adkomst til vannet med kajakk er den lille stranda på friområdet (Skogsborg badestrand på Google Maps), 1...","elevation":1,"name":"Kajakkutleie Skogsborg","source":"UT.no\/DNT"},"type":"Feature"},{"geometry":{"coordinates":[10.518884,59.884196000000003],"type":"Point"},"id":"attraction-ut-146228069","properties":{"description":"DNT Oslo og Omegn har et selvbetjent kajakkanlegg i Bjørnsvika i Bærum, som man booker på nett og får tilgang til via kode tilsendt på mail. Husk at man alltid skal levere kajakkene på samme lager som man hentet de fra. SIKKERHET Indre Oslo...","elevation":2,"name":"Kajakkutleie Bjørnsvika","source":"UT.no\/DNT"},"type":"Feature"},{"geometry":{"coordinates":[9.0094290000000008,59.722707999999997],"type":"Point"},"id":"attraction-ut-146284157","properties":{"description":"Flott foss verdt et besøk!","elevation":229,"name":"Klømstrefossen","source":"UT.no\/DNT"},"type":"Feature"},{"geometry":{"coordinates":[5.4267810000000001,61.609327999999998],"type":"Point"},"id":"attraction-ut-146285662","properties":{"description":"Litt nordvest om og ovafor Kvalvikestølane på 527 moh finn ein støylstufter etter Innigardstøylen eller Indre Strandastølen. God tur","elevation":527,"name":"Innigardstøylen","source":"UT.no\/DNT"},"type":"Feature"},{"geometry":{"coordinates":[6.2020270000000002,62.477553],"type":"Point"},"id":"attraction-ut-146446985","properties":{"elevation":24,"name":"Borgernes veg","source":"UT.no\/DNT"},"type":"Feature"},{"geometry":{"coordinates":[6.6412440000000004,58.287202000000001],"type":"Point"},"id":"attraction-ut-146607154","properties":{"description":"I det lille vannet Smila stikker det opp ei rot av et gammelt tre som ser ut som en elg.","elevation":87,"name":"Elgrota","source":"UT.no\/DNT"},"type":"Feature"},{"geometry":{"coordinates":[9.6393090000000008,59.111294000000001],"type":"Point"},"id":"attraction-ut-146621259","properties":{"description":"Denne flotte parken eies av Yara, og ligger rett sør for Herøya Industripark. Dersom du parkerer ved Herøya Huset, kan du gå over Kanalbrua og til venstre og følge denne frem til porten og så gå til venstre og neste til høyre. Dette er en f...","elevation":1,"name":"Adminiet","source":"UT.no\/DNT"},"type":"Feature"},{"geometry":{"coordinates":[5.531682,61.613143000000001],"type":"Point"},"id":"attraction-ut-146630234","properties":{"description":"Foss ligg på stien mellom Litle Eikevik og Blåvatnet 280 moh Sommartid er elva flott rassteplass med badekulp Turbeskriving finn du på ut.no God tur","elevation":302,"name":"Foss mellom Litle Eikevik og Blåvatnet","source":"UT.no\/DNT"},"type":"Feature"},{"geometry":{"coordinates":[10.3848,59.849640000000001],"type":"Point"},"id":"attraction-ut-146643094","properties":{"description":"Bjørnehiet er en spennende hule som ligger like ved den blåmerkede stien. Hula har fått navnet fra en røverhistorie om at det tidligere har bodd bjørn i hula. Om det stemmer vites ikke. Turmålet er populært blant barnefamilier og passer per...","elevation":374,"name":"Bjørnehiet","source":"UT.no\/DNT"},"type":"Feature"},{"geometry":{"coordinates":[10.34296,59.997680000000003],"type":"Point"},"id":"attraction-ut-146648234","properties":{"description":"Krokskogen ble hyppig brukt av skogfinnene. Blant annet benyttet de seg av huler, denne skal ha blitt benyttet som gjemmested, og under 2. verdenskrig ble den brukt av motstandsbevegelsen Milorg.","elevation":425,"name":"Finnegrotta","source":"UT.no\/DNT"},"type":"Feature"},{"geometry":{"coordinates":[10.37401,59.851030000000002],"type":"Point"},"id":"attraction-ut-146649517","properties":{"description":"I Lensmannsdalen i Vestmarka ligger denne spennende hula. Krystallhula har fått sitt navn da det tidligere var krystaller i vegger og tak i hula. Hula er relativt stor og det er plass til flere personer her.","elevation":330,"name":"Krystallhula","source":"UT.no\/DNT"},"type":"Feature"},{"geometry":{"coordinates":[5.4340250000000001,61.657558999999999],"type":"Point"},"id":"attraction-ut-146654668","properties":{"description":"I Norddalsfjord er det mange store steinar som ligg rundt i terrenget. Ser du dei har kvar stein si utforming Denne steinen ligg i nærleiken av Frishatten på 271 moh og rett aust for den merka stien Turbeskrivingar finn du på ut.no God tur","elevation":271,"name":"Stor stein ved Frishatten","source":"UT.no\/DNT"},"type":"Feature"},{"geometry":{"coordinates":[9.2555019999999999,59.557482999999998],"type":"Point"},"id":"attraction-ut-146655954","properties":{"description":"Det monumentale monumentet markerer Notodden som blues-by nummer én i Norge. Dette er et kjent og kjært landemerke for både byens befolkning og dens forbi\/gjennomkjørende. Mikrofonen er håndsveiset i stål og er plassert i midt i rundkjøring...","elevation":21,"name":"Blues-mikrofonen","source":"UT.no\/DNT"},"type":"Feature"},{"geometry":{"coordinates":[6.4007449999999997,59.154893000000001],"type":"Point"},"id":"attraction-ut-146661091","properties":{"description":"Hiabolten er Viglesdalens egen \"Kjerag-bolt\", og er vel verdt en avstikker på turen mellom Nes og Viglesdalen. Se også jettegryta som ligger på berget ovenfor bolten. Her finner du turforslaget til Hiabolten fra Nes. Denne turen er en del a...","elevation":455,"name":"Hiabolten","source":"UT.no\/DNT"},"type":"Feature"},{"geometry":{"coordinates":[12.309816,61.298574000000002],"type":"Point"},"id":"attraction-ut-14668302","properties":{"description":"Koselig skogstur med trolsk stemning og deilig ro like sør for Trysil sentrum. En fin rundtur i Trysil-skogen. Underveis finner du et utsiktspunkt over Trysils første kraftverk. Vær forsiktig om du vil ta kraftverket nærmere i øyesyn, da de...","elevation":594,"name":"Ørådalen lang","source":"UT.no\/DNT"},"type":"Feature"},{"geometry":{"coordinates":[10.464172,63.253157000000002],"type":"Point"},"id":"attraction-ut-146707372","properties":{"description":"For omtrent 10 000 år siden forflyttet Nidelva sitt naturlige løp fra Kaldvelldalen som følger av istiden. Elva brøt seg da gjennom Trongfossen i Klæbu, og i stede for å da renne ned til Gaula i Ler, fant den en ny vei ned til der Trondheim...","elevation":157,"name":"Trongfossen","source":"UT.no\/DNT"},"type":"Feature"},{"geometry":{"coordinates":[9.2947340000000001,59.111513000000002],"type":"Point"},"id":"attraction-ut-146708673","properties":{"description":"Dette turmålet ligger langs Postveien mellom Høydalen i Skien og Hennseidvann i Drangedal. Det er merket tursti fra Solstad på Høydalsveien ca 5,5 km og fra innerst ved Henseidvann ca 4,5 km. Leiren ble våren 1944 brukt som skjulested for g...","elevation":125,"name":"Hulkaleiren","source":"UT.no\/DNT"},"type":"Feature"},{"geometry":{"coordinates":[5.306063,59.423938999999997],"type":"Point"},"id":"attraction-ut-146715194","properties":{"description":"Klatrejungelen kan benyttes av alle som har lyst og energi til å utfordre sin balanse og koordinasjon. Barn må være i følge med voksne. Da vi er i naturen benyttes klatrejungelen på eget ansvar. Av sikkerhetsmessige årsaker kan ikke klatrej...","elevation":80,"name":"Djupadalen klatrejungel","source":"UT.no\/DNT"},"type":"Feature"},{"geometry":{"coordinates":[7.5817899999999998,62.187716999999999],"type":"Point"},"id":"attraction-ut-146740197","properties":{"description":"Storfurua i Reindalen er anslått til å være rundt 1000 år gammel og veltet rundt 2018. Tidligere var dalen full av slike kjemper, men behov for tømmer tok knekken på dem. Det er imidlertid god tilvekst i dalen.","elevation":708,"name":"Storfurua i Reindalen","source":"UT.no\/DNT"},"type":"Feature"},{"geometry":{"coordinates":[7.5515569999999999,62.191119999999998],"type":"Point"},"id":"attraction-ut-146757142","properties":{"description":"Sør for stien mellom Reindalseter og Zakariasvatnet ved Haugane ligger ei rekke store jettegryter. De fleste er fylt med vann. NB! Markør i kartet omtrentlig plassert, da der er flere jettegryter i området.","elevation":750,"name":"Jettegrytene på Haugane, Reindalen","source":"UT.no\/DNT"},"type":"Feature"},{"geometry":{"coordinates":[8.9420599999999997,60.70382],"type":"Point"},"id":"attraction-ut-146757145","properties":{"description":"Flytstiene i Gol sentrum er tilrettelagt for familier og sykkelentusiaster. Syv stier utgjør til sammen 3 km i varierende vanskelighetsgrad. Dette er en lavterskel, actionfylt aktivitet som tilbyr ferdighetsløyper, hopp, klatring og spennen...","elevation":242,"name":"Hallingmo Stisenter","source":"UT.no\/DNT"},"type":"Feature"},{"geometry":{"coordinates":[8.943918,60.705371],"type":"Point"},"id":"attraction-ut-146757149","properties":{"description":"Du finner en 12 hulls bane på Hallingmo, midt i Gol sentrum. Det er gratis å bruke banene. Frisbeegolf er enkelt å komme i gang med og det krever ingen spesielle forkunnskaper.","elevation":256,"name":"Gol Frisbeegolfbane","source":"UT.no\/DNT"},"type":"Feature"},{"geometry":{"coordinates":[6.7305200000000003,59.425992999999998],"type":"Point"},"id":"attraction-ut-146760960","properties":{"description":"Møt Stranddalsgubben. En fjellformasjon formet som et ansikt på vei til Stranddalen.","elevation":1025,"name":"Stranddalsgubben","source":"UT.no\/DNT"},"type":"Feature"},{"geometry":{"coordinates":[10.256924,63.360816],"type":"Point"},"id":"attraction-ut-146820358","properties":{"description":"I Leinstrandmarka, ved siden av skiløypa, står denne trefiguren kalt Skarsleitegubben.","elevation":217,"name":"Skarsleitegubben","source":"UT.no\/DNT"},"type":"Feature"},{"geometry":{"coordinates":[10.296028,63.380639000000002],"type":"Point"},"id":"attraction-ut-146887673","properties":{"description":"Et av flere flotte troll i Bymarka laget av Leif Ove Sjøvoll, står langs turstien ved Strupen på stien mellom Granåsen og Rønningen gård.","elevation":194,"name":"Trollet ved Strupen","source":"UT.no\/DNT"},"type":"Feature"},{"geometry":{"coordinates":[11.491641,59.086356000000002],"type":"Point"},"id":"attraction-ut-146887711","properties":{"description":"Halden kommunes geografiske midtpunkt er markert med en tavle med kart og opplysninger om kommunen. Stedet ligger i en åpen furuskog i sydvesthellingen av Skårefjell. Rett i nærheten ligger en gravrøys fra bronsealder\/jernalder. Olavsleden ...","elevation":208,"name":"Haldens geografiske midtpunkt","source":"UT.no\/DNT"},"type":"Feature"},{"geometry":{"coordinates":[9.0217939999999999,62.906629000000002],"type":"Point"},"id":"attraction-ut-146887769","properties":{"description":"Flott rundtur til et spennende turmål for barn. Ved Breiskaret står en av de største furuene målt i volum som er registrert i Norge. Toilla er ca 13,5m høy med et volum på ca 11m3. Ved bakken må det minst 5-6 personer til for å rekke rundt ...","elevation":464,"name":"Breiskartoilla","source":"UT.no\/DNT"},"type":"Feature"},{"geometry":{"coordinates":[10.933369000000001,59.893363000000001],"type":"Point"},"id":"attraction-ut-146887959","properties":{"description":"Knuttjern er et lite tjern som ligger øst for Nord-Elvåga i Østmarka, nær Haugerveien. Navnet antas å stamme fra en person ved navn Knut som skal ha druknet der.","elevation":254,"name":"Knuttjern","source":"UT.no\/DNT"},"type":"Feature"},{"geometry":{"coordinates":[5.7290299999999998,58.858519999999999],"type":"Point"},"id":"attraction-ut-146888310","properties":{"description":"Dette er SjekkUt-punktet for Nærtur i Sandnes sentrum via Trones.","elevation":52,"name":"Gisketjørn (Nærtur i Sandnes sentrum via Trones)","source":"UT.no\/DNT"},"type":"Feature"},{"geometry":{"coordinates":[11.044078000000001,60.825538000000002],"type":"Point"},"id":"attraction-ut-146888465","properties":{"description":"Artig naturfenomen, hvor grunnfjellet her på nordsiden er belagt med grønn mose. Grunnfjellet ligger som en trapp i landskapet, derav navnet \"den grønne trappen\". Turforslaget finner du her.","elevation":279,"name":"Frøbergsberget og \"den grønne trappen\"","source":"UT.no\/DNT"},"type":"Feature"},{"geometry":{"coordinates":[5.681711,58.544038999999998],"type":"Point"},"id":"attraction-ut-146888595","properties":{"description":"Kvassheim fyr ligger i Hå kommune på Jæren, Rogaland, og ble bygget i 1912. Det gamle fyret er nå et kulturminne og en del av Jærmuseet, hvor det fungerer som besøks- og informasjonssenter. Området rundt fyret byr på vakker kystnatur og er ...","elevation":5,"name":"Kvassheim fyr (Fra Ogna til Kvassheim fyr)","source":"UT.no\/DNT"},"type":"Feature"},{"geometry":{"coordinates":[14.446116999999999,67.268889999999999],"type":"Point"},"id":"attraction-ut-146888692","properties":{"description":"En installasjon av Marianne Bredesen Oppsatt i samarbeid med Bodø2024 og Bodø Kommune. Les mer.","elevation":12,"name":"Sjøvettene varsler storm","source":"UT.no\/DNT"},"type":"Feature"},{"geometry":{"coordinates":[14.490162,67.274146999999999],"type":"Point"},"id":"attraction-ut-146888693","properties":{"description":"Bøthuns skulptur er både en personlig referanse til hennes egen oppvekst i Bodø, og en henspilling til områdets geologiske historie – i både fortid og fremtid. Med en form som henviser til både det organiske og industrielle, blir skulpturen...","elevation":2,"name":"Metamorfe ekko","source":"UT.no\/DNT"},"type":"Feature"},{"geometry":{"coordinates":[11.308064999999999,60.786748000000003],"type":"Point"},"id":"attraction-ut-146888778","properties":{"description":"Her ligger gamle kalkhauger etter Klevfos cellulose- og papirfabrik. Turforslaget finner du her.","elevation":176,"name":"Kalkhaugene i Brynsåsen","source":"UT.no\/DNT"},"type":"Feature"},{"geometry":{"coordinates":[5.6809529999999997,58.759098000000002],"type":"Point"},"id":"attraction-ut-146888895","properties":{"description":"Midgardsormen er en populær attraksjon i Klepp kommune, som ligger i Rogaland fylke i Norge. Det er en stor skulptur i form av en slange eller orm som symboliserer Midgard, en del av den norrøne mytologien. Skulpturen er en del av et større...","elevation":24,"name":"Midgardsormen (Godt tilgjengelig tur til Midgardsormen og Njåskogen)","source":"UT.no\/DNT"},"type":"Feature"},{"geometry":{"coordinates":[6.1197569999999999,58.597023],"type":"Point"},"id":"attraction-ut-146888917","properties":{"description":"Dagsturhytta Kaurebu ligger vakkert til ved Ørsdalsvatnet i Bjerkreim kommune. Dette er et flott turmål for både store og små, med en enkel og godt merket sti som passer for de aller fleste. Denne turen er en del av jubileumsprosjektet 52 s...","elevation":78,"name":"Dagsturhytta Kaurebu","source":"UT.no\/DNT"},"type":"Feature"},{"geometry":{"coordinates":[10.421041000000001,63.445498000000001],"type":"Point"},"id":"attraction-ut-146889026","properties":{"description":"Talerøret er en kunstnerisk installasjon designet av arkitektstudenter ved NTNU. Installasjonen kan brukes på mange måter – som en megafon for å forsterke stemmer, et hørerør for å lytte, en scene for fremføring, et lerret for filmvisning, ...","elevation":4,"name":"Talerøret på Lade","source":"UT.no\/DNT"},"type":"Feature"},{"geometry":{"coordinates":[10.760206999999999,63.408118000000002],"type":"Point"},"id":"attraction-ut-146889030","properties":{"description":"Demningen ved Stavsjøen ble bygget på 1960 tallet for å regulere vannstanden i forbindelse med vannkraftproduksjon og som drikkevannskilde for deler av Malvik kommune. I dag fungerer vannet som reservedrikkevannskilde. Stavsjøen ligger omtr...","elevation":188,"name":"Demningen ved Stavsjøen","source":"UT.no\/DNT"},"type":"Feature"},{"geometry":{"coordinates":[12.117671,62.982500999999999],"type":"Point"},"id":"attraction-ut-146889049","properties":{"description":"Skjerpatrappene ligger nord-øst for Nedalshytta og tar deg rundt den bratte østsiden av Neklumpen. Stien tar deg helt til Storsylen hvis du er på jakt etter en lengere tur.","elevation":901,"name":"Sherpatrappene nord for Nedalshytta","source":"UT.no\/DNT"},"type":"Feature"},{"geometry":{"coordinates":[5.3966010000000004,59.057189999999999],"type":"Point"},"id":"attraction-ut-146889050","properties":{"description":"Dagsturhytta Røde Skjegg på Kvitsøy er et flott turmål for de som liker naturopplevelser ute i havgapet. Kvitsøy er kjent for sine vakre skjær og idylliske skjærgård. og Røde skjegg er en populær destinasjon for dagsturer.","elevation":3,"name":"Dagsturhytta Røde skjegg","source":"UT.no\/DNT"},"type":"Feature"},{"geometry":{"coordinates":[10.716486,59.883636000000003],"type":"Point"},"id":"attraction-ut-146889113","properties":{"description":"Kajakkanlegget på Gressholmen er DNT Oslo og Omegns nyeste selvbetjente kajakkanlegg åpnet sommeren 2025. Kajakkanlegget er et moderne anlegg som inkluderer utstyrslager, enkel garderobe, og tilrettelagt kajakkbrygge for enkel sjøsetting og...","name":"Gressholmen Kajakkanlegg","source":"UT.no\/DNT"},"type":"Feature"},{"geometry":{"coordinates":[10.521101,59.692937999999998],"type":"Point"},"id":"attraction-ut-146889114","properties":{"description":"På Skogsborg i Sætre har vi et midlertidig kajakkanlegg inne i Båthuset, drevet av Oslofjordens Friluftsråd. Her er det en mengde muligheter for flotte padleturer, både i skjermet farvann, eller ut mot Oscarsborg og rundt Håøya. Dette er og...","elevation":4,"name":"Kajakklager Sætre","source":"UT.no\/DNT"},"type":"Feature"},{"geometry":{"coordinates":[10.117953999999999,59.772128000000002],"type":"Point"},"id":"attraction-ut-146889256","properties":{"description":"Kjøsterudjuvet er som å gå rett inn i naturens katedral – 50 meter høye juvvegger, naturlige trappetrinn av stein og vann som sildrer hele veien opp. Dette er et eventyr midt i Drammen. På toppen av juvet er det et fint tilrettelagt badevan...","elevation":290,"name":"Kjøsterudjuvet","source":"UT.no\/DNT"},"type":"Feature"},{"geometry":{"coordinates":[6.1322609999999997,58.791628000000003],"type":"Point"},"id":"attraction-ut-146889507","properties":{"description":"Fisketjørnbu ligger idyllisk til opp av gårdene i Madland, nærmere bestemt ved Indra Fisketjørn i Madlandsheia i Gjesdal kommune. Turen starter på parkeringsplassen i Madland. I tillegg til å være et turmål i seg selv, bidrar et bibliotek i...","elevation":495,"name":"Dagsturhytta Fisketjørnbu (Rundtur til Vådlandsknuten i Madland)","source":"UT.no\/DNT"},"type":"Feature"},{"geometry":{"coordinates":[9.0676469999999991,59.097256000000002],"type":"Point"},"id":"attraction-ut-146889558","properties":{"description":"Turmålet ligger i Drangedal sentrum. Her er det aktivitetspark, badeplass og turområder. Kjørt til Drangedal sentrum, sving av mot Lunde i rundkjøringen. Ta andre avkjøring til høyre. Her er det parkering.","elevation":61,"name":"Toke brygge","source":"UT.no\/DNT"},"type":"Feature"},{"geometry":{"coordinates":[9.0676469999999991,59.101719000000003],"type":"Point"},"id":"attraction-ut-146889559","properties":{"description":"Turmålet ligger langs fylkesveien fra Drangedal mot Lunde, ca 1 km etter rundkjøringen. Dette er en steinvelvsbru. En steinhvelvbro er en bro som blir båret av en eller flere underliggende trykkbue(r) – hvelv – laget av stein. Denne ble byg...","elevation":63,"name":"Stemmen bru","source":"UT.no\/DNT"},"type":"Feature"},{"geometry":{"coordinates":[6.2636279999999998,58.627643999999997],"type":"Point"},"id":"attraction-ut-146889710","properties":{"description":"På Trælafjellet i Bjerkreim er det boltet opp til totalt 33 hengekøyeplasser fordelt på flere grupperinger. Turbeskrivelse Turen starter ved P-plassen ved Skineldvatnet. Røde skilt og punkter viser vei opp til Trælafjellet. Vi anbefaler å f...","elevation":475,"name":"Hengekøyplass ved Trælafjellet","source":"UT.no\/DNT"},"type":"Feature"},{"geometry":{"coordinates":[10.39667,60.238118],"type":"Point"},"id":"attraction-ut-146889712","properties":{"description":"Hadeland Glassverk er en av Norges mest sjarmerende destinasjoner, bare én time fra Oslo! Dette helårsåpne reisemålet i Jevnaker byr på opplevelser for alle aldre: spennende aktiviteter, unike shoppingmuligheter og gode serveringssteder. Op...","elevation":136,"name":"Hadeland Glassverk","source":"UT.no\/DNT"},"type":"Feature"},{"geometry":{"coordinates":[5.6026689999999997,58.885562],"type":"Point"},"id":"attraction-ut-146889717","properties":{"description":"Solastranden kan med rette kalles Stavangers riviera. Med Stavanger lufthavn og Sola strandhotell som nærmeste nabo er det sjelden at denne stranden er folketom. Når været er friskt, er vindsurferne på plass med sine fargerike farkoster. De...","elevation":2,"name":"Solastranden","source":"UT.no\/DNT"},"type":"Feature"},{"geometry":{"coordinates":[6.0549140000000001,59.289600999999998],"type":"Point"},"id":"attraction-ut-146889747","properties":{"description":"Bandåsen er med sine 513 moh. den høyeste fjelltoppen på Ryfylkeøyene. Å komme på Bandåsen gir inntrykk av å være på Ryfylkets tak. Mot vest ser du øyriket helt til Stavanger, mot øst Ryfylkeheiane, mot nord Jelsa- og Nedstrandslandet og mo...","elevation":509,"name":"Båndåsen - høyeste fjell på Ombo","source":"UT.no\/DNT"},"type":"Feature"},{"geometry":{"coordinates":[5.8653430000000002,58.504865000000002],"type":"Point"},"id":"attraction-ut-146889784","properties":{"description":"Denne turen er en vandring gjennom veihistorien. Den vestlandske hovedvei var det opprinnelige navnet på hovedferdselsåren mellom Christiania og Stavanger, bygget tidlig på 1800-tallet. Veien var opprinnelig ment som ridevei, og ble siden u...","elevation":85,"name":"Den vestlandske bovedvei","source":"UT.no\/DNT"},"type":"Feature"},{"geometry":{"coordinates":[13.943714,66.950738999999999],"type":"Point"},"id":"attraction-ut-146889807","properties":{"description":"Et lite skilt ' Skulpturlandskap Nordland' peker mot en avkjørsel. Sving av fra Kystriksveien , parkér sykkel eller bil og gå på oppdagelsesferd langs den idylliske kjerrevegen. Et par hundre meter opp i bakken finner du et lite uanselig sk...","elevation":42,"name":"Den glømda staden","source":"UT.no\/DNT"},"type":"Feature"},{"geometry":{"coordinates":[8.7030279999999998,59.073455000000003],"type":"Point"},"id":"attraction-ut-146889948","properties":{"description":"Turmålet ligger langs løypa mellom Himmelrike og Jørunskårheia. Det sies at her har bjørnen på Gautefallheia hatt tilhold for mange år siden. Les mer om turforslag i området i linken.","elevation":631,"name":"Bjørnehi","source":"UT.no\/DNT"},"type":"Feature"},{"geometry":{"coordinates":[5.7852139999999999,58.599401],"type":"Point"},"id":"attraction-ut-146889950","properties":{"description":"I 1898 ble Steinkjerringå hogget av Sigurd Sørensen med kunstnernavnet S. Neandros. Dette monumentet skulle settes opp foran Kongsgård skole i Stavanger. Det ble det aldri noe av. I 1924 tok Emelankton Aadnesen fra Nærbø kontakt med eieren,...","elevation":253,"name":"Steinkjerringå","source":"UT.no\/DNT"},"type":"Feature"},{"geometry":{"coordinates":[8.7339959999999994,58.935270000000003],"type":"Point"},"id":"attraction-ut-146889971","properties":{"description":"Dette spesielle turmålet ligger i nærheten av Sjotvatn. Følg fylkesveien mellom Gjerstad og Felle. Sving av i krysset til Sandtjønn. Her er det betalingsbom. Følg veien ca 2 km til sandtjønn hvor det er parkering. Følg veien skiltet mot Gau...","elevation":359,"name":"Spjotvassklova","source":"UT.no\/DNT"},"type":"Feature"},{"geometry":{"coordinates":[5.5818750000000001,59.035516999999999],"type":"Point"},"id":"attraction-ut-146890011","properties":{"description":"Tungenes utgjør den nordlige enden av Jæren, og starten på innseilingen til Stavanger. Et fyr ble etablert her i 1828, etter initiativ fra både byborgere og sildefiskere. I dag er fyret kulturarena og museum, og drives i samarbeid med Jærmu...","elevation":8,"name":"Tungenes fyr","source":"UT.no\/DNT"},"type":"Feature"},{"geometry":{"coordinates":[5.5702920000000002,58.947116999999999],"type":"Point"},"id":"attraction-ut-146890028","properties":{"description":"Sjøbadet er et naturlig basseng som er fylt med sjøvann. Det er designet med fokus på tilgjengelighet og brukervennlighet. Her finner en solide trapper, ramper og en badebrygge som gjør det enkelt for alle å ta seg til vannet. Denne turen e...","name":"Sjøbadet på Myklebust","source":"UT.no\/DNT"},"type":"Feature"},{"geometry":{"coordinates":[5.5544060000000002,58.657736],"type":"Point"},"id":"attraction-ut-146890083","properties":{"description":"Obrestad fyr er en historisk fyrstasjon . Den ble oppført i 1873 for å beskytte skipsfarten langs kysten og veilede sjøfarende i området. Fyrlykta er en av de eldste i regionen og har spilt en viktig rolle i maritim navigasjon. Fyrtårnet ha...","elevation":24,"name":"Obrestad fyr","source":"UT.no\/DNT"},"type":"Feature"},{"geometry":{"coordinates":[6.2311839999999998,59.162937999999997],"type":"Point"},"id":"attraction-ut-146890099","properties":{"description":"Eventyrskogen er ei trimløype for sansane dine. Her flyg ein ikkje avstad med høg puls og svett i panna. Nei, gjennom Eventyrskogen skal du ta det med ro slik at sansane dine kan få vakne til liv - dei sansane du kanskje hadde som barn, men...","elevation":172,"name":"Eventyrskogen i Årdal","source":"UT.no\/DNT"},"type":"Feature"},{"geometry":{"coordinates":[8.9543549999999996,58.600532999999999],"type":"Point"},"id":"attraction-ut-146890125","properties":{"description":"Den store eika som vokser sentralt på øya er ca. 300 år gammel og frisk og frodig. Det sies at gamle eiker vokser i 500 år og dør i 500 år. Derfor er dette treet viktig å stelle godt med. Den gamle eika inne på Furøya er øyas knutepunkt og ...","elevation":14,"name":"Den gamle eika på Furøya","source":"UT.no\/DNT"},"type":"Feature"},{"geometry":{"coordinates":[11.222877,60.706887999999999],"type":"Point"},"id":"attraction-ut-146890572","properties":{"description":"Kjernlibakken, eller \"Bratta\" som den ble kalt ligger i den nordøstre delen av Våletjernet. Stillaset står der ennå, men det sto tidligere en større bakke litt sør for denne. Mange Stange-gutter har tilbrakt mye tid her, og det første still...","elevation":231,"name":"Kjernlibakken","source":"UT.no\/DNT"},"type":"Feature"},{"geometry":{"coordinates":[9.4179220000000008,59.311512],"type":"Point"},"id":"attraction-ut-146890651","properties":{"description":"Turmålet ligger ca 600 m etter der en parkerer for å gå turen til Garvannet.","elevation":149,"name":"Valeseter","source":"UT.no\/DNT"},"type":"Feature"},{"geometry":{"coordinates":[10.241448,63.365124000000002],"type":"Point"},"id":"attraction-ut-146890653","properties":{"description":"Langs veien opp mot Vellikvatnet i Leinstrandmarka står disse fine møblene laget av stubber. De ser nesten litt trollsk ut, kanskje små troll har møter her?","elevation":194,"name":"Stubbemøbler i Leinstrandmarka","source":"UT.no\/DNT"},"type":"Feature"},{"geometry":{"coordinates":[11.166634,60.534315999999997],"type":"Point"},"id":"attraction-ut-146890809","properties":{"description":"Særpreget foss i Torgunrudelv","elevation":319,"name":"Kastfossen","source":"UT.no\/DNT"},"type":"Feature"},{"geometry":{"coordinates":[12.07502,60.453158000000002],"type":"Point"},"id":"attraction-ut-146891003","properties":{"description":"Gruetunet er det eldste museet under Norsk skogfinsk museum. Det ble etablert i 1942, for å berge en fredet bygning som måtte rives. Gruetunet ligger én km øst for Kirkenær sentrum, med innkjøring fra Finnskogvegen. På museumsområdet finner...","elevation":154,"name":"Gruetunet","source":"UT.no\/DNT"},"type":"Feature"},{"geometry":{"coordinates":[10.947309000000001,59.137011999999999],"type":"Point"},"id":"attraction-ut-146891094","properties":{"description":"Skams Klove er en smal og lang kløft på Kjøkøy. Kløften er 200 meter lang og ikke mer enn to meter bred på det bredeste. Dybden på kløyften er 10-12 meter. Du kan gå igjennom kløften, men terrenget er steinet og ulendt.","elevation":56,"name":"Skams Klove, Kjøkøy","source":"UT.no\/DNT"},"type":"Feature"},{"geometry":{"coordinates":[10.345212,63.418367000000003],"type":"Point"},"id":"attraction-ut-146891117","properties":{"description":"Bymarkens vindu er en liten utsiktsglenne langs Fjellsetervegen, med utsikt over Theisendammen og videre mot Trondheimsfjorden. Her står en vindusramme som rammer inn landskapet – satt opp første gang i 1972 av «Foreningen til fremme av Bym...","elevation":166,"name":"Bymarkens Vindu","source":"UT.no\/DNT"},"type":"Feature"}],"generator":"Trakke fetch_utno_poi.swift","timestamp":"2026-08-10T00:27:31Z","type":"FeatureCollection"}