{"attribution":"UT.no\/DNT","features":[{"geometry":{"coordinates":[10.43038,59.430311000000003],"type":"Point"},"id":"bridge-ut-141141727","properties":{"description":"Kvisla er navn på elva ved utløpet av Borrevannet i nord. Elva renner gjennom Øvremølla og Mølledammen med utløp i sjøen ved Falkensten. Fra gammelt av gikk det en bru over Kvisla som i sin tid ble ødelagr av isgang. DNT Horten gjenåpner i ...","elevation":8,"name":"Bru over Kvisla","source":"UT.no\/DNT"},"type":"Feature"},{"geometry":{"coordinates":[7.4244620000000001,62.078673000000002],"type":"Point"},"id":"bridge-ut-141606509","properties":{"description":"Stigebru ved Viavatnet. Sommerbru som blir tatt ut og inn av eieren av naustet. Som regel ikke behov hvis vannet ikke er fullt. Det er mulig å unngå ved å gå øst for bukta.","elevation":1001,"name":"Bru ved Fremste Viavatnet","source":"UT.no\/DNT"},"type":"Feature"},{"geometry":{"coordinates":[7.4051070000000001,62.143982999999999],"type":"Point"},"id":"bridge-ut-141606512","properties":{"description":"Hengebru. Tafjord kraft har bygget, og har ansvaret for vedlikehold. Lett å gå under ved lav vannstand.","elevation":667,"name":"Bru ved vann 660 i Storkaldhusdalen","source":"UT.no\/DNT"},"type":"Feature"},{"geometry":{"coordinates":[7.5407200000000003,62.199756999999998],"type":"Point"},"id":"bridge-ut-141606513","properties":{"description":"Helårsbru. Bygd og vedlikeholdt av Tafjord Kraft","elevation":551,"name":"Bru ved Reindalsfossen","source":"UT.no\/DNT"},"type":"Feature"},{"geometry":{"coordinates":[7.4207710000000002,62.148144000000002],"type":"Point"},"id":"bridge-ut-141606514","properties":{"description":"Hengebru på 590 moh. Bygget og vedlikeholdt av Tafjord Kraft.","elevation":587,"name":"Hengebru i Storkaldhusdalen","source":"UT.no\/DNT"},"type":"Feature"},{"geometry":{"coordinates":[7.5795149999999998,62.188175999999999],"type":"Point"},"id":"bridge-ut-141606515","properties":{"description":"Bru ved Reindalseter. Bygd ny av DNT Sunnmøre i 2014.","elevation":708,"name":"Bru ved Reindalseter","source":"UT.no\/DNT"},"type":"Feature"},{"geometry":{"coordinates":[7.6178299999999997,62.213000000000001],"type":"Point"},"id":"bridge-ut-141606518","properties":{"description":"Bru fra Småkoppane. Må regne med å bli våt på beina, men ikke utsatt kryssing.","elevation":1089,"name":"Bru i Øvre Reindalen","source":"UT.no\/DNT"},"type":"Feature"},{"geometry":{"coordinates":[7.6026360000000004,62.208243000000003],"type":"Point"},"id":"bridge-ut-141606519","properties":{"description":"Bru i Øvre Reindalen, fra Reindalshola.","elevation":1053,"name":"Bru i Øvre Reindalen","source":"UT.no\/DNT"},"type":"Feature"},{"geometry":{"coordinates":[11.997242,60.191066999999997],"type":"Point"},"id":"bridge-ut-141681","properties":{"description":"Området rundt Kongssenteret var bare skog og åker da jernbanen kom til Kongsvinger i 1862. Mot slutten av 1800-tallet vokste Midtbyen fram, med byens første badehus nede ved elva. På samme tid fikk byen et nytt vannverk. Kongsvinger Uldspin...","elevation":151,"name":"Kongsenteret","source":"UT.no\/DNT"},"type":"Feature"},{"geometry":{"coordinates":[7.7915380000000001,62.211953999999999],"type":"Point"},"id":"bridge-ut-141684454","properties":{"description":"Bru over Puttåa. Bygd i 2017. Rekkverk tas inn om vinteren.","elevation":1163,"name":"Brua over Puttåa","source":"UT.no\/DNT"},"type":"Feature"},{"geometry":{"coordinates":[7.7913240000000004,62.208193000000001],"type":"Point"},"id":"bridge-ut-141684455","properties":{"description":"Bru ved Pyttbua, over elva fra Søre Botnen. Bygd i 2017.","elevation":1159,"name":"Bru fra Søre Botnen","source":"UT.no\/DNT"},"type":"Feature"},{"geometry":{"coordinates":[7.7113719999999999,62.263848000000003],"type":"Point"},"id":"bridge-ut-141684456","properties":{"description":"Bru over Grønåa. Reparert i 2011.","elevation":1006,"name":"Bru over Grønåa","source":"UT.no\/DNT"},"type":"Feature"},{"geometry":{"coordinates":[7.7551889999999997,62.275790000000001],"type":"Point"},"id":"bridge-ut-141684457","properties":{"description":"Bru over Børrebottelva. Ulvådalen sauesankelag vedlikeholder","elevation":940,"name":"Bru over Børrebottelva","source":"UT.no\/DNT"},"type":"Feature"},{"geometry":{"coordinates":[7.8316210000000002,62.270319000000001],"type":"Point"},"id":"bridge-ut-141684458","properties":{"description":"Bru over Hånådalselva, like ved Vakkerstøylen","elevation":888,"name":"Bru over Hånådalselva","source":"UT.no\/DNT"},"type":"Feature"},{"geometry":{"coordinates":[7.8800299999999996,62.251781999999999],"type":"Point"},"id":"bridge-ut-141684459","properties":{"description":"Bru over Storseilgrova i Ulvådalen. Bygget 2018.","elevation":882,"name":"Bru over Storseilgrova","source":"UT.no\/DNT"},"type":"Feature"},{"geometry":{"coordinates":[7.5934090000000003,62.188527000000001],"type":"Point"},"id":"bridge-ut-141684463","properties":{"description":"To bruer over tverrelva i Reindalen.","elevation":747,"name":"Bru over Tverrelva i Reindalen","source":"UT.no\/DNT"},"type":"Feature"},{"geometry":{"coordinates":[7.6558830000000002,62.218876000000002],"type":"Point"},"id":"bridge-ut-141684464","properties":{"description":"Den øverste brua i Øvre Reindalen. Kan skvulpe litt over på vestsiden ved stor vannføring.","elevation":1197,"name":"Bru mot Isholvatnet","source":"UT.no\/DNT"},"type":"Feature"},{"geometry":{"coordinates":[7.939972,62.243859],"type":"Point"},"id":"bridge-ut-141684465","properties":{"description":"Jernbru over Ulvåa. Ved ekstrem vannføring kan vannet gå utenom elveløpet sør for brua. Bruk i så fall en av bruene ved Kabben.","elevation":828,"name":"Bru over Ulvåa","source":"UT.no\/DNT"},"type":"Feature"},{"geometry":{"coordinates":[5.448194,59.872213000000002],"type":"Point"},"id":"bridge-ut-141684469","properties":{"description":"Bru","elevation":496,"name":"Mjølkeråno","source":"UT.no\/DNT"},"type":"Feature"},{"geometry":{"coordinates":[7.5989339999999999,62.172013999999997],"type":"Point"},"id":"bridge-ut-141697446","properties":{"description":"Helårsbru i Hulderkoppen. Sist reparert i 2019","elevation":956,"name":"Bru i Hulderkoppen","source":"UT.no\/DNT"},"type":"Feature"},{"geometry":{"coordinates":[6.5789010000000001,62.096944999999998],"type":"Point"},"id":"bridge-ut-141697447","properties":{"description":"Helårsbru over vestre løp av Tyssa.","elevation":487,"name":"Bru over Tyssa","source":"UT.no\/DNT"},"type":"Feature"},{"geometry":{"coordinates":[8.4844740000000005,61.44782],"type":"Point"},"id":"bridge-ut-141712","properties":{"description":"DNT Oslo og omegn vedlikeholder denne brua. Se www.dnt.no\/oslo for oppdatert informasjon, Spørsmål kan rettes til info.oslo@dnt.no, eller Gjendebu turisthytte i sesongen.","elevation":987,"name":"Storåedeltaet syd - helårsbro","source":"UT.no\/DNT"},"type":"Feature"},{"geometry":{"coordinates":[7.6097380000000001,62.264786999999998],"type":"Point"},"id":"bridge-ut-141736429","properties":{"description":"Steinbru over demningen ved Illstigvatnet. Lett å passere","elevation":1093,"name":"Bru ved Illstigvatnet","source":"UT.no\/DNT"},"type":"Feature"},{"geometry":{"coordinates":[6.6709540000000001,62.268810999999999],"type":"Point"},"id":"bridge-ut-141736431","properties":{"description":"Bru nedenfor Velleseter","elevation":383,"name":"Bru ved Velleseter","source":"UT.no\/DNT"},"type":"Feature"},{"geometry":{"coordinates":[6.6627999999999998,62.261870999999999],"type":"Point"},"id":"bridge-ut-141736433","properties":{"description":"Bru over elv ovenfor Velleseter","elevation":458,"name":"Bru i Velleseterdalen","source":"UT.no\/DNT"},"type":"Feature"},{"geometry":{"coordinates":[7.5785920000000004,62.186244000000002],"type":"Point"},"id":"bridge-ut-141736434","properties":{"description":"Liten klopp sør for Reindalseter","elevation":705,"name":"Bru sør for Reindalseter","source":"UT.no\/DNT"},"type":"Feature"},{"geometry":{"coordinates":[7.8578210000000004,62.217216000000001],"type":"Point"},"id":"bridge-ut-141749451","properties":{"description":"Liten bru\/klopp i Puttbudalen. Bygget i 2019","elevation":1000,"name":"Bru i Puttbudalen","source":"UT.no\/DNT"},"type":"Feature"},{"geometry":{"coordinates":[14.197050000000001,66.849388000000005],"type":"Point"},"id":"bridge-ut-141841","properties":{"description":"Der Sundvasselva renner inn i Fellvatnet har naturen dannet ei flott jordbru over elva. Se hvordan elva forsvinner på den ene siden og kommer ut igjen på den andre siden.","elevation":403,"name":"Jordbrua ved Fellvatnet","source":"UT.no\/DNT"},"type":"Feature"},{"geometry":{"coordinates":[10.195613,59.131259],"type":"Point"},"id":"bridge-ut-141878","properties":{"description":"Bugårdsparken er et populært friluftsområde med lekeplass, akebakke, andedam, opplyste turløyper og store gressletter. Et flott turområde for en spasertur rundt et vann (Bugårdsdammen). Bugårdsdammen yrer av ender, svaner og fugleliv. Noe f...","elevation":42,"name":"Bugårdsparken","source":"UT.no\/DNT"},"type":"Feature"},{"geometry":{"coordinates":[5.3555450000000002,59.879649999999998],"type":"Point"},"id":"bridge-ut-141985074","properties":{"description":"Bru over Tveitaelva","elevation":85,"name":"Bru Tveitaelv","source":"UT.no\/DNT"},"type":"Feature"},{"geometry":{"coordinates":[5.3806830000000003,59.840201],"type":"Point"},"id":"bridge-ut-141991629","properties":{"description":"Bru over Tinnselvo i Morkavasslio","elevation":101,"name":"Bru Tinnselvo Morkavasslio","source":"UT.no\/DNT"},"type":"Feature"},{"geometry":{"coordinates":[5.0685599999999997,60.356028000000002],"type":"Point"},"id":"bridge-ut-142050","properties":{"description":"Den fine og særeigne Bekkebrua ligg mellom Storavatnet og Nordravatnet i Kolltveitmarka. Her kjem du frå utmark og inn i eit idyllisk kulturlandskap. I Kolltveitmarka er det fleire stemmer i naturstein som vart bygd for å sikra vassforsynin...","elevation":40,"name":"Bekkebrua, Kolltveitmarka","source":"UT.no\/DNT"},"type":"Feature"},{"geometry":{"coordinates":[29.689608,70.618053000000003],"type":"Point"},"id":"bridge-ut-142070155","properties":{"description":"Vernet bru fra 20-tallet. Yndet fiskeplass.","elevation":1,"name":"Strømmen Bru","source":"UT.no\/DNT"},"type":"Feature"},{"geometry":{"coordinates":[12.073893999999999,62.046095000000001],"type":"Point"},"id":"bridge-ut-142287124","properties":{"description":"Helårsbru. DNT Oslo og Omegn har ikke ansvar for brua. Se www.dnt.no\/oslo for oppdatert informasjon. Spørsmål kan rettes til info.oslo@dnt.no for oppdatert informasjon.","elevation":732,"name":"Småsjøelva - helårsbro","source":"UT.no\/DNT"},"type":"Feature"},{"geometry":{"coordinates":[11.102479000000001,60.854213000000001],"type":"Point"},"id":"bridge-ut-142428109","properties":{"description":"Bassin er et kryss mellom stien som går langs Flagstadelva og grusvei, like ved gangbrua over Flagstadelva. Det er Vangstiene som har merket stien her. Se turforslaget: Vangstiene: Vendkvern - Trehørningen","elevation":202,"name":"Bassin langs Flagstadelva","source":"UT.no\/DNT"},"type":"Feature"},{"geometry":{"coordinates":[11.108036,60.863543999999997],"type":"Point"},"id":"bridge-ut-142428118","properties":{"description":"Dette er et punkt som passer fint å passere på en sykkeltur (Gålåsrunden) og punktet er langs veien i Bjørgedalen naturreservat. Du er velkommen til å besøke naturreservatet, men det er verdt å merke seg at det ikke er tillatt å fjerne plan...","elevation":237,"name":"Bjørgedalen naturreservat","source":"UT.no\/DNT"},"type":"Feature"},{"geometry":{"coordinates":[10.492544000000001,61.120817000000002],"type":"Point"},"id":"bridge-ut-142541","properties":{"description":"Den flotte steinbrua ble bygd i 1908. Steinene i den bærende buen er hogd i en kon form, slik at hver stein hviler på steinen ved siden av. Maleren Fredrik Collet, som var en av Lillehammer-malerne, donerte et betydelig beløp til bygging av...","elevation":388,"name":"Collets bru","source":"UT.no\/DNT"},"type":"Feature"},{"geometry":{"coordinates":[7.991663,58.062587000000001],"type":"Point"},"id":"bridge-ut-142541609","properties":{"description":"Daumannsholmen ligger nydelig til ytterst på sørsiden av Flekkerøy! Broen gjør at du kan gå tørrskodd over til holmen. Ta med nisten, det er benker både før og etter broen, og er en hyggelig plass å ta en pause.","name":"Broa ved  Daumannsholmen","source":"UT.no\/DNT"},"type":"Feature"},{"geometry":{"coordinates":[7.9071670000000003,58.139082999999999],"type":"Point"},"id":"bridge-ut-142609382","properties":{"description":"En ny bro indre Fiskåvann. Du kan starte fra enten Rige industriområdet over Borhei, Karuss fra opp grusstien eller fra Vågsbygdskauen i området Barlinddalen.","elevation":59,"name":"Broa over indre Fiskåvann","source":"UT.no\/DNT"},"type":"Feature"},{"geometry":{"coordinates":[11.088509999999999,59.997211],"type":"Point"},"id":"bridge-ut-142609427","properties":{"description":"\"I Leira er det stor vannføring, og stor og fin ørret.\"","elevation":105,"name":"Fiske i Leira","source":"UT.no\/DNT"},"type":"Feature"},{"geometry":{"coordinates":[5.6451149999999997,58.931486],"type":"Point"},"id":"bridge-ut-142724","properties":{"description":"Turveien og broa som går langs Hafrsfjord under Håhammaren er blitt prisbelønt med det nasjonale DOGA-merket for god design og arkitektur (2017). Turveien skjærer seg gjennom fjellet og runder Håhammaren på en særpreget bro som svever over ...","name":"Håhammaren (Madlasandnesturen)","source":"UT.no\/DNT"},"type":"Feature"},{"geometry":{"coordinates":[5.6097409999999996,58.960318999999998],"type":"Point"},"id":"bridge-ut-142774","properties":{"description":"Hafrsfjordbrua går i land på Kverneviksida ved Buseneset. Like ved ligger Donevik (der havet drønner). I det du går under Hafrsfjord bru kan du se ut på det flate skjæret «bukken» (Hafr) som har gitt navn til Hafrsfjorden. Har du fiskestang...","elevation":8,"name":"Hafrsfjordbrua (Mjughaugturen)","source":"UT.no\/DNT"},"type":"Feature"},{"geometry":{"coordinates":[5.6813900000000004,58.971404],"type":"Point"},"id":"bridge-ut-142777","properties":{"description":"Ei lita bru går over bekken som renner mellom Litle og Stora Stokkavatn. En tursti forbinder de to vannene. Møllebukta er ei lita vik i Store Stokkavatnet, kledd i karakteristiske siv. Møllebukta er et kjekt lite turmål, med brygger som str...","elevation":12,"name":"Møllebukta (Stokkaturen)","source":"UT.no\/DNT"},"type":"Feature"},{"geometry":{"coordinates":[11.544142000000001,60.381481000000001],"type":"Point"},"id":"bridge-ut-142780257","properties":{"description":"Her går det an å gå i land, og det er fint å padle rundt øya inni vika.","elevation":131,"name":"Viksholmen","source":"UT.no\/DNT"},"type":"Feature"},{"geometry":{"coordinates":[6.8681939999999999,60.560495000000003],"type":"Point"},"id":"bridge-ut-143077431","properties":{"description":"Denne brekka (dialekt for bratt bakke) som vert kalla Tellstegen, vart sett i stand som køyreveg i 1840. Fram til noverande FV 3480 var ferdig i 1900, var dette den einaste vegen til og frå Ulvik der ein kunne nytta hest og vogn. Ulvik var ...","elevation":282,"name":"Tellstigen \/ Tellebrua","source":"UT.no\/DNT"},"type":"Feature"},{"geometry":{"coordinates":[10.432549,60.018614999999997],"type":"Point"},"id":"bridge-ut-143329718","properties":{"description":"Demning for vannforsyningen til Bærum kommune.","elevation":338,"name":"Demningen ved Byvatnet","source":"UT.no\/DNT"},"type":"Feature"},{"geometry":{"coordinates":[6.9635939999999996,59.963034999999998],"type":"Point"},"id":"bridge-ut-143444694","properties":{"description":"Helårsbro over Grøno, nyrenovert i 2023 pga skader på rekkverk. Ligger på ruta Middalsbu - Reinsnos, og på ruta Valldalsvatnet - Litlos. Spørsmål om broa kan stilles til bestyrer på Litlos turisthytte på litlos@turistforeningen.no, eller DN...","elevation":919,"name":"Grøno - helårsbro","source":"UT.no\/DNT"},"type":"Feature"},{"geometry":{"coordinates":[10.207787,62.008398],"type":"Point"},"id":"bridge-ut-143452924","properties":{"description":"HELÅRSBRU. Trebjelkebro med trapp i begge ender, på ruten mellom Flatseter og Breisjøseter øst for Breisjøen. Broen er høy for å unngå skader ved isgang. Egnet for barn og hunder. Rekkverk. Elva kan vades ved normal vannstand. DNT Oslo og O...","elevation":949,"name":"Sølna ved Rundhåen - helårsbro","source":"UT.no\/DNT"},"type":"Feature"},{"geometry":{"coordinates":[8.8049130000000009,60.142552000000002],"type":"Point"},"id":"bridge-ut-143452925","properties":{"description":"Helårsbru . Stokkebru med to spenn, med løs gangbane, på ruta mellom Daggrø og Lufsjå. DNT Oslo og Omegn vedlikeholder denne brua. Spørsmål kan rettes til info.oslo@dnt.no","elevation":1213,"name":"Lufsjåoset - helårsbro","source":"UT.no\/DNT"},"type":"Feature"},{"geometry":{"coordinates":[7.5992059999999997,61.606458000000003],"type":"Point"},"id":"bridge-ut-143452926","properties":{"description":"Sommerbru. Utbedret juni 2018. På ruten Mellom Arentzbu og Fast, like nord for stidelet til Mørkrisdalen. DNT Oslo og Omegn vedlikeholder denne brua. Se sommerbruoversikt. Spørsmål kan rettes til info.oslo@dnt.no","elevation":950,"name":"Austra - sommerbro","source":"UT.no\/DNT"},"type":"Feature"},{"geometry":{"coordinates":[7.8453330000000001,62.112755999999997],"type":"Point"},"id":"bridge-ut-143452931","properties":{"description":"Helårsbru i aluminium. For status på brua, kontakt info.oslo@dnt.no. Ligger på ruta Torsbu - Veltdalshytta \/ Billingen. Brua vedlikeholdes av DNT Oslo.","elevation":1333,"name":"Tverråi, ved Torsbu - helårsbro","source":"UT.no\/DNT"},"type":"Feature"},{"geometry":{"coordinates":[11.734669999999999,62.242266999999998],"type":"Point"},"id":"bridge-ut-143469434","properties":{"description":"Helårsbru. DNT Oslo og Omegn har ikke ansvar for brua. Se www.dnt.no\/oslo for oppdatert informasjon. Spørsmål kan rettes til info.oslo@dnt.no for oppdatert informasjon.","elevation":760,"name":"Svartbekken - helårsbro","source":"UT.no\/DNT"},"type":"Feature"},{"geometry":{"coordinates":[7.9973390000000002,60.926532999999999],"type":"Point"},"id":"bridge-ut-143469435","properties":{"description":"Sommerbru. Bjelkebro 100m sydvest for Bjordalsbu, for status kontakt DNT Oslo på info.oslo@dnt.no. Ligger på rute Bjordalsbu - Iungsdalshytta. Broa vedlikeholdes av DNT Oslo.","elevation":1570,"name":"Øvre Bjordalsvatnet - sommerbro","source":"UT.no\/DNT"},"type":"Feature"},{"geometry":{"coordinates":[7.5876049999999999,60.776251000000002],"type":"Point"},"id":"bridge-ut-143469436","properties":{"description":"2 sommerbroer sørøst for Steinbergdalshytta. For informasjon om hytta, kontakt enten Steinbergdalshytta på post@steinbergdalshytta.no, eller DNT Oslo på info.oslo@dnt.no. Ligger på ruta Steinbergdalshytta - Geiterygghytta. Broene vedlikehol...","elevation":1106,"name":"Tverrelvi - sommerbro","source":"UT.no\/DNT"},"type":"Feature"},{"geometry":{"coordinates":[7.9428330000000003,61.739032999999999],"type":"Point"},"id":"bridge-ut-143469442","properties":{"description":"Helårsbru 200m vest for Trulsbu. DNT Oslo og omegn vedlikeholder denne brua. Spørsmål kan rettes til info.oslo@dnt.no","elevation":1278,"name":"Trulsbu - helårsbro","source":"UT.no\/DNT"},"type":"Feature"},{"geometry":{"coordinates":[7.5363920000000002,61.572434000000001],"type":"Point"},"id":"bridge-ut-143477689","properties":{"description":"HELÅRSBRUER. Fire, korte, helårs trebjelkebruer over bekker i myrområde, 50 - 300 m fra Fast. Broene er brede og har fast dekke av hensyn til sauene som beiter i området. DNT Oslo og Omegn vedlikeholder bruene. Spørsmål kan rettes til info....","elevation":840,"name":"Fast (4 bruer) - helårsbroer","source":"UT.no\/DNT"},"type":"Feature"},{"geometry":{"coordinates":[7.491574,61.820683000000002],"type":"Point"},"id":"bridge-ut-143477695","properties":{"description":"Aluminium sommerbru ca 600 fra Slæom på ruta mellom Slæom og Mysubytta\/Sota seter. DNT Oslo og Omegn vedlikeholder denne brua. Se sommerbruoversikt . Spørsmål kan rettes til info.oslo@dnt.no","elevation":1076,"name":"Kupgrovi - sommerbro","source":"UT.no\/DNT"},"type":"Feature"},{"geometry":{"coordinates":[6.8308960000000001,60.554271],"type":"Point"},"id":"bridge-ut-143510719","properties":{"description":"Kryssar bekkjen på bru","elevation":540,"name":"Skraolabekkjen","source":"UT.no\/DNT"},"type":"Feature"},{"geometry":{"coordinates":[7.5599809999999996,61.636319999999998],"type":"Point"},"id":"bridge-ut-143568691","properties":{"description":"Sommerbru ca 400 m sør for Arentzbu på ruten mot Mørkrisdalen. DNT Oslo og Omegn vedlikeholder denne brua. Se sommerbruoversikt . Spørsmål kan rettes til info.oslo@dnt.no","elevation":854,"name":"Leirbotn - sommerbro","source":"UT.no\/DNT"},"type":"Feature"},{"geometry":{"coordinates":[8.0540660000000006,61.776046000000001],"type":"Point"},"id":"bridge-ut-143568708","properties":{"description":"Sommerbru. 30 m lang hengebru, forankret i tømmerkister fylt med lokal stein. Bygget høsten 2019, som erstatning for en bro som ble bygget noe lenger ned i elva i 2016. Denne ble tatt av flom høsten 2018. DNT Oslo og Omegn vedlikeholder den...","elevation":1156,"name":"Skjøli - sommerbro","source":"UT.no\/DNT"},"type":"Feature"},{"geometry":{"coordinates":[7.6558109999999999,61.637501999999998],"type":"Point"},"id":"bridge-ut-143568727","properties":{"description":"Sommerbru. Lang og tung aluminiumsbru med rekkverk på den ene siden ved utløpet av Leirvatnet på ruten mellom Arentzbu og Nørdstedalseter. Brua løftes på plass og fjernes med helikopter. DNT Oslo og Omegn vedlikeholder denne brua. Se sommer...","elevation":1178,"name":"Nobbielva - sommerbro","source":"UT.no\/DNT"},"type":"Feature"},{"geometry":{"coordinates":[7.5590799999999998,61.641660999999999],"type":"Point"},"id":"bridge-ut-143568728","properties":{"description":"Sommerbru. Hengebru høyt over en meget stri elv NØ for Arentzbu, på ruten mot Nørdstedalseter. DNT Oslo og Omegn vedlikeholder denne brua. Se sommerbruoversikt . Spørsmål kan rettes til info.oslo@dnt.no","elevation":880,"name":"Rausdøla v\/Arentzbu - sommerbro","source":"UT.no\/DNT"},"type":"Feature"},{"geometry":{"coordinates":[7.3672060000000004,61.521329000000001],"type":"Point"},"id":"bridge-ut-143693413","properties":{"description":"Solid, helårs stålbjelkebru over stri elv på ruten mellom Vigdalsstøl og Fast. DNT Oslo og omegn vedlikeholder denne brua. Se www.dntoslo.no for oppdatert informasjon, Spørsmål kan rettes til info.oslo@dnt.no.","elevation":770,"name":"Vigdøla - helårsbro","source":"UT.no\/DNT"},"type":"Feature"},{"geometry":{"coordinates":[7.8293369999999998,61.561118999999998],"type":"Point"},"id":"bridge-ut-143693414","properties":{"description":"Sommerbru. Hengebru med lemmer som tas inn om vinteren, på den umerkede, alternative ruten mellom Turtagrø og Stølsdalen. Ruten må nyttes når stor vannføring gjør det umulig å benytte vadestedet på den ordinære ruten. DNT Oslo og Omegn vedl...","elevation":972,"name":"Skålabotn - sommerbro","source":"UT.no\/DNT"},"type":"Feature"},{"geometry":{"coordinates":[9.4940040000000003,62.322232],"type":"Point"},"id":"bridge-ut-143801585","properties":{"description":"Stien mellom Reinheim og Kongsvoll legges ned etter 23.august 2026. Sommerbrua fjernes i løpet av høsten. Les mer her . Sommerbro . Lav aluminiumsbru uten rekkverk på ruten mellom Kongsvoll og Reinheim. Elva kan normalt vades både ovenfor o...","elevation":1160,"name":"Kaldvella - sommerbro","source":"UT.no\/DNT"},"type":"Feature"},{"geometry":{"coordinates":[9.3497660000000007,62.293233999999998],"type":"Point"},"id":"bridge-ut-143801587","properties":{"description":"Solid helårs trebru like ved Snøheim, på ruten til Snøhetta og Storstyggsvånådalen. DNT Oslo og Omegn vedlikeholder denne brua. Se www.dntoslo.no for oppdatert informasjon. Spørsmål kan rettes til info.oslo@dnt.no, eller til Snøheim i seson...","elevation":1467,"name":"Snøheim - helårsbro","source":"UT.no\/DNT"},"type":"Feature"},{"geometry":{"coordinates":[9.3552300000000006,62.341124000000001],"type":"Point"},"id":"bridge-ut-143801588","properties":{"description":"Sommerbru. Enkel trebru på ruten mellom Reinheim og Snøheim\/Snøhetta. Elva kan normalt vades ca 300 m ovenfor og ca 50 m nedenfor brua. DNT Oslo og Omegn vedlikeholder denne brua. Se www.dntoslo.no for oppdatert informasjon. Spørsmål kan re...","elevation":1340,"name":"Stropla - sommerbro","source":"UT.no\/DNT"},"type":"Feature"},{"geometry":{"coordinates":[10.963082,62.234974000000001],"type":"Point"},"id":"bridge-ut-143801589","properties":{"description":"Liten, helårs trebru. DNT Oslo og Omegn vedlikeholder denne brua. Se www.dntoslo.no for oppdatert informasjon. Spørsmål kan rettes til info.oslo@dnt.no","elevation":583,"name":"Brya - helårsbro","source":"UT.no\/DNT"},"type":"Feature"},{"geometry":{"coordinates":[12.129792999999999,62.298023000000001],"type":"Point"},"id":"bridge-ut-143801591","properties":{"description":"3 bjelkebruer på ruta Svukuriset - Styggsjøan\/Skedbro Fjällstuga (Sverige). DNT Oslo og Omegn vedlikeholder disse bruene. Se www.dntoslo.no for oppdatert informasjon. Spørsmål kan rettes til info.oslo@dnt.no, eller til Svukuriset i sesongen...","elevation":760,"name":"Grøtåa - helårsbro","source":"UT.no\/DNT"},"type":"Feature"},{"geometry":{"coordinates":[8.0956510000000002,61.204782999999999],"type":"Point"},"id":"bridge-ut-143801592","properties":{"description":"Helårsbro over utløpet i vestenden av Slettningen, elva som renner til Grønevatnet. Ligger på ruta Slettningsbu til E16 over Fillefjell, videre til Sulebu. Spørsmål om brua kan stilles til DNT Oslo på info.oslo@dnt.no. Brua vedlikeholdes av...","elevation":1229,"name":"Slettningen - helårsbro","source":"UT.no\/DNT"},"type":"Feature"},{"geometry":{"coordinates":[7.5372000000000003,61.890602999999999],"type":"Point"},"id":"bridge-ut-143851658","properties":{"description":"Sommerbru. Lang hengebru 2-3 m over elva på ruten mellom Skridulaupbu og Slæom. Mulig å vade 250 meter lenger vest. Ikke stridt, men lang vading. DNT Oslo og Omegn vedlikeholder denne brua. Se sommerbruoversikt . Spørsmål kan rettes til inf...","elevation":979,"name":"Øyren - sommerbro","source":"UT.no\/DNT"},"type":"Feature"},{"geometry":{"coordinates":[11.069613,62.238551999999999],"type":"Point"},"id":"bridge-ut-143851659","properties":{"description":"Helårs trebro\/klopp vest for Klettsetra, på ruten mellom Knausen og Rausjødalen. DNT Oslo og Omegn vedlikeholder denne brua. Se www.dntoslo.no for oppdatert informasjon. Spørsmål kan rettes til info.oslo@dnt.no","elevation":875,"name":"Klettbekken","source":"UT.no\/DNT"},"type":"Feature"},{"geometry":{"coordinates":[12.220345,62.330016000000001],"type":"Point"},"id":"bridge-ut-143851661","properties":{"description":"Helårsbru ved vestoset av Rogen. To brospenn, en bjelkebro med steinkister og en hengebro. Statsskogs fjelloppsyn har tilsyn med brua. Se www.dnt.no\/oslo for oppdatert informasjon. Spørsmål kan rettes til info.oslo@dnt.no","elevation":754,"name":"Røa v\/litlebuddhåen - helårsbro","source":"UT.no\/DNT"},"type":"Feature"},{"geometry":{"coordinates":[11.992621,62.354388999999998],"type":"Point"},"id":"bridge-ut-143851662","properties":{"description":"Lang, helårs bjelkebru, ved utløpet av Starrhåen, 300 m oppstrøms fra Femunden. DNT Oslo og Omegn vedlikeholder denne brua. Se www.dntoslo.no for oppdatert informasjon. Spørsmål kan rettes til info.oslo@dnt.no","elevation":669,"name":"Røa v\/Starrhåen - helårsbro","source":"UT.no\/DNT"},"type":"Feature"},{"geometry":{"coordinates":[11.246881,62.368504000000001],"type":"Point"},"id":"bridge-ut-143851663","properties":{"description":"Helårs trebjelkebru uten rekkverk, på ruta mellom Hodalen og Narjordet. DNT Oslo og Omegn vedlikeholder denne brua. Se www.dnt.no\/oslo for oppdatert informasjon. Spørsmål kan rettes til info.oslo@dnt.no","elevation":885,"name":"Store Engåa - helårsbro","source":"UT.no\/DNT"},"type":"Feature"},{"geometry":{"coordinates":[7.4037839999999999,60.178660000000001],"type":"Point"},"id":"bridge-ut-143851665","properties":{"description":"Aluminium sommerbru over Besso på ruten mellom Sandhaug og Besso turisthytte. DNT Oslo og Omegn vedlikeholder denne brua. Se www.dntoslo.no for oppdatert informasjon. Spørsmål kan rettes til info.oslo@dnt.no","elevation":1280,"name":"Besso - sommerbro","source":"UT.no\/DNT"},"type":"Feature"},{"geometry":{"coordinates":[7.5550170000000003,60.166493000000003],"type":"Point"},"id":"bridge-ut-143851667","properties":{"description":"Stor, helårs hengebru på ruten mellom Sandhaug og Lågaros. DNT Oslo og Omegn vedlikeholder denne brua. Se www.dntoslo.no for oppdatert informasjon. Spørsmål kan rettes til info.oslo@dnt.no","elevation":1240,"name":"Bremafoten - helårsbro","source":"UT.no\/DNT"},"type":"Feature"},{"geometry":{"coordinates":[7.7018589999999998,60.449725999999998],"type":"Point"},"id":"bridge-ut-143851668","properties":{"description":"Helårs trebjelkebru ca 700 m fra Krækkja turisthytte, på ruten mellom Krækkja og Halne\/Kjeldebu. Ca 7 m lang, 1,6 m over elv med stor vannføring. Rekkverk mangler på den ene siden. DNT Oslo og Omegn vedlikeholder denne brua. Se www.dntoslo....","elevation":1180,"name":"Drageidoset - helårsbro","source":"UT.no\/DNT"},"type":"Feature"},{"geometry":{"coordinates":[5.388528,61.662657000000003],"type":"Point"},"id":"bridge-ut-143864","properties":{"description":"Hestedalsfossen ligg på 100 moh og Turposten er ved brua som går over elva. Hestedalsfossen ligg i Norddalsfjord og det er mange fine turar i området. Turen til Hestedalsfossen startar frå Gravplassen i Norddalsfjord. Turbeskriving finn du ...","elevation":100,"name":"Brua over Hestedalsfossen","source":"UT.no\/DNT"},"type":"Feature"},{"geometry":{"coordinates":[11.110478000000001,60.756614999999996],"type":"Point"},"id":"bridge-ut-143904","properties":{"description":"Se turforslaget på ut.no: https:\/\/www.ut.no\/tur\/2.22343\/","elevation":170,"name":"Ved Gubberud","source":"UT.no\/DNT"},"type":"Feature"},{"geometry":{"coordinates":[7.1468069999999999,60.059486],"type":"Point"},"id":"bridge-ut-143910173","properties":{"description":"Lang sommebru med 5 spenn over utløpet av Kvenno i Belebotn, på ruten mellom Litlos og Hellevassbu, ca 5 km fra Litlos. Vadested nedstrøms, men STRI OG DYP ELV - OFTE FARLIG. DNT Oslo og Omegn vedlikeholder denne brua. Se www.dntoslo.no for...","elevation":1190,"name":"Drykkjesteinbrua - sommerbro","source":"UT.no\/DNT"},"type":"Feature"},{"geometry":{"coordinates":[7.5129890000000001,60.622945000000001],"type":"Point"},"id":"bridge-ut-143910174","properties":{"description":"SOMMERBRU. Hengebru på ruten mellom Finse og Geiterygghytta. DNT Oslo og Omegn vedlikeholder denne brua. Se www.dntoslo.no for oppdatert informasjon. Spørsmål kan rettes til info.oslo@dnt.no, eller Finsehytta i sesongen.","elevation":1377,"name":"Finseåi - sommerbro","source":"UT.no\/DNT"},"type":"Feature"},{"geometry":{"coordinates":[7.1345190000000001,60.075738999999999],"type":"Point"},"id":"bridge-ut-143910175","properties":{"description":"Sommerbru uten rekkverk, ca 2,5 km fra Litlos, på ruten mellom Litlos og Hellevassbu\/Middalsbu. DNT Oslo og Omegn vedlikeholder denne brua. Se www.dnt.no\/oslo for oppdatert informasjon. Spørsmål kan rettes til info.oslo@dnt.no.","elevation":1200,"name":"Fotkjølo - sommerbro","source":"UT.no\/DNT"},"type":"Feature"},{"geometry":{"coordinates":[7.1672169999999999,60.133355000000002],"type":"Point"},"id":"bridge-ut-143910176","properties":{"description":"Sommerbru. Stålrørsbru med trelemmer, 1 - 1,5 m over elva, uten rekkverk. Egnet for barn og hunder. Vademulighet rett ovenfor brua - normalt knedypt og ufarlig. DNT Oslo og Omegn vedlikeholder denne brua. Se www.dnt.no\/oslo for oppdatert in...","elevation":1264,"name":"Grønekroken - sommerbro","source":"UT.no\/DNT"},"type":"Feature"},{"geometry":{"coordinates":[7.5339029999999996,60.560907],"type":"Point"},"id":"bridge-ut-143910177","properties":{"description":"Helårs stålbjelkebru uten rekkverk, på ruten mellom Finse og Krækkja\/Sysenvatnet. DNT Oslo og Omegn vedlikeholder denne brua. Se www.dntoslo.no for oppdatert informasjon. Spørsmål kan rettes til info.oslo@dnt.no","elevation":1325,"name":"Hansbufloten - helårsbro","source":"UT.no\/DNT"},"type":"Feature"},{"geometry":{"coordinates":[8.1001139999999996,60.181029000000002],"type":"Point"},"id":"bridge-ut-143910178","properties":{"description":"Sommerbru av aluminium, på ruten mellom Mårbu og Lågaros. Se www.dntoslo.no for oppdatert informasjon. Spørsmål kan rettes til info.oslo@dnt.no","elevation":1157,"name":"Hetteåe","source":"UT.no\/DNT"},"type":"Feature"},{"geometry":{"coordinates":[7.2105790000000001,59.909728000000001],"type":"Point"},"id":"bridge-ut-143910179","properties":{"description":"Helårs stålbjelkebru med tredekke ved utløpet av Holmasjøen, ca 10 km nord for Haukeliseter på ruten til Hellevassbu. Vanskelig brosted pga mye snø. Ikke egnet for barn og hunder i sterk vind. Elva kan vades (opp til låret) ovenfor brua, al...","elevation":1260,"name":"Holmasjøen - helårsbro","source":"UT.no\/DNT"},"type":"Feature"},{"geometry":{"coordinates":[7.4732349999999999,60.178108000000002],"type":"Point"},"id":"bridge-ut-143910180","properties":{"description":"Sommerbru. Hengebru med trelemmer på ruten mellom Sandhaug og Besso turisthytte\/Litlos. DNT Oslo og Omegn vedlikeholder denne brua. Se www.dntoslo.no for oppdatert informasjon. Spørsmål kan rettes til info.oslo@dnt.no, eller Sandhaug turist...","elevation":1244,"name":"Holmsbustryken V - sommerbro","source":"UT.no\/DNT"},"type":"Feature"},{"geometry":{"coordinates":[7.4762269999999997,60.178947999999998],"type":"Point"},"id":"bridge-ut-143910181","properties":{"description":"HELÅRSBRU. Lang (22 m) hengebru med trelemmer, på ruten Sandhaug - Besso turisthytte\/Litlos. DNT Oslo og Omegn vedlikeholder denne brua. Se www.dntoslo.no for oppdatert informasjon. Spørsmål kan rettes til info.oslo@dnt.no, eller til Sandha...","elevation":1244,"name":"Holmsbustryken Ø - helårsbro","source":"UT.no\/DNT"},"type":"Feature"},{"geometry":{"coordinates":[7.8479929999999998,62.556378000000002],"type":"Point"},"id":"bridge-ut-143912","properties":{"description":"Fin skogstur på lettgått grusvei. Fint for både sykkel og barnevogn. Går man over Ølsteinbrua og videre et par hundre meter kommer man til \"Camp Ølstein\", en koselig gapahuk. Fra Ølsteinbrua kan man også gå videre til Dalsbygda og Venjesdal...","elevation":80,"name":"Ølsteinbrua","source":"UT.no\/DNT"},"type":"Feature"},{"geometry":{"coordinates":[7.3626490000000002,60.482526],"type":"Point"},"id":"bridge-ut-143926920","properties":{"description":"Sommerhengebru høyt over stri og dyp elv, på ruten mellom Rembesdalsseter og Kjeldebu. DNT Oslo og Omegn vedlikeholder denne brua. Se DNT Oslo sommerbruer for oppdatert status. Spørsmål kan rettes til info.oslo@dnt.no.","elevation":1111,"name":"Isdølejuvet - Sommerbru","source":"UT.no\/DNT"},"type":"Feature"},{"geometry":{"coordinates":[11.515883000000001,60.773226000000001],"type":"Point"},"id":"bridge-ut-143933","properties":{"description":"Se hele turforslaget på ut.no: https:\/\/www.ut.no\/tur\/2.22453\/","elevation":218,"name":"Bergstjernet nord","source":"UT.no\/DNT"},"type":"Feature"},{"geometry":{"coordinates":[7.6635520000000001,60.683596000000001],"type":"Point"},"id":"bridge-ut-143977211","properties":{"description":"Sommerbru over Skarvåni, på ruta mellom Geiteryggen og Raggsteindalen. Spørsmål om broa kan stilles til bestyrer på Geiteryggen turisthytte på geiteryggen@dnt.no, eller DNT Oslo på info.oslo@dnt.no. Brua vedlikeholdes av DNT Oslo.","elevation":1296,"name":"Skarvåni - sommerbro","source":"UT.no\/DNT"},"type":"Feature"},{"geometry":{"coordinates":[8.1602750000000004,61.174405999999998],"type":"Point"},"id":"bridge-ut-143977212","properties":{"description":"Helårsbru på ruta Sulebu til Nystøgo, i vestenden av Otrøvatnet. Spørsmål om broa kan stilles til DNT Oslo på info.oslo@dnt.no. Brua vedlikeholdes av DNT Oslo.","elevation":972,"name":"Otrøvatnetbrua - helårsbro","source":"UT.no\/DNT"},"type":"Feature"},{"geometry":{"coordinates":[7.4596400000000003,60.432803999999997],"type":"Point"},"id":"bridge-ut-143977213","properties":{"description":"Helårsbru over Leiro ved Sysenvatnet, på ruta fra Kjeldebu til Finse eller Rembedalsseter. Brua vedlikeholdes av DNT Oslo og omegn og Søre Skjold beitelag. Se www.dntoslo.no for oppdatert informasjon, Spørsmål kan rettes til info.oslo@dnt.n...","elevation":958,"name":"Leiro v\/ Sysenvatnet - helårsbro","source":"UT.no\/DNT"},"type":"Feature"},{"geometry":{"coordinates":[7.6998280000000001,60.777088999999997],"type":"Point"},"id":"bridge-ut-143977215","properties":{"description":"Helårsbru ved for Kongshelleren turisthytta, nybygd i 2018. Ligge på ruta fra Kongshelleren til Stenbergdalen eller Geiterygghytta. Spørsmål om broa kan stilles til DNT Oslo på info.oslo@dnt.no. Brua vedlikeholdes av DNT Oslo.","elevation":1448,"name":"Kongshelleren - helårsbro","source":"UT.no\/DNT"},"type":"Feature"},{"geometry":{"coordinates":[8.3107579999999999,61.027788000000001],"type":"Point"},"id":"bridge-ut-143977216","properties":{"description":"Helårsbro over Grøndøla. Ligger på ruta fra Kljåen eller Sulebu til Bjøberg. Spørsmål om broa kan stilles til DNT Oslo på info.oslo@dnt.no. Brua vedlikeholdes av DNT Oslo.","elevation":961,"name":"Kljåenbrua - helårsbro","source":"UT.no\/DNT"},"type":"Feature"},{"geometry":{"coordinates":[7.6264940000000001,60.692095000000002],"type":"Point"},"id":"bridge-ut-143977217","properties":{"description":"Sommerbru på ruta Geiteryggshytta til Raggsteindalen. Spørsmål om broa kan stilles til Geiterygghytta på geiterygghytta@dnt.no eller DNT Oslo på info.oslo@dnt.no. Brua vedlikeholdes av DNT Oslo.","elevation":1172,"name":"Kittilsbuflaten - sommerbro","source":"UT.no\/DNT"},"type":"Feature"},{"geometry":{"coordinates":[7.4346629999999996,60.828561000000001],"type":"Point"},"id":"bridge-ut-143977220","properties":{"description":"Helårsbru over Aurandselvi. Ligger utenfor DNT-ruta . Spørsmål om broa kan stilles til Aurlandsdalen Turisthytte på aurlandsdalen@dnt.no eller DNT Oslo på info.oslo@dnt.no. Se www.dnt.no\/oslo for oppdatert informasjon. Brua vedlikeholdes av...","elevation":720,"name":"Heimrebøbrua - helårsbro","source":"UT.no\/DNT"},"type":"Feature"},{"geometry":{"coordinates":[8.2898580000000006,60.953656000000002],"type":"Point"},"id":"bridge-ut-143977221","properties":{"description":"Helårsbru over Buliåne, på ruta fra Sulebu eller Kljåen til Bjøberg. Spørsmål om brua kan stilles til DNT Oslo på info.oslo@dnt.no. Brua vedlikeholdes av DNT Oslo. Ny bru ble bygd høsten 2022, som erstatning for gammel og ødelagt bru.","elevation":978,"name":"Buliåne - helårsbro","source":"UT.no\/DNT"},"type":"Feature"},{"geometry":{"coordinates":[7.6052939999999998,60.762256000000001],"type":"Point"},"id":"bridge-ut-143977222","properties":{"description":"Sommerbro på ruta fra Geiteryggytta til Steinbergdalen. Spørsmål om broa kan stilles til Geterygghytta på geiterygghytta@dnt.no eller DNT Oslo på info.oslo@dnt.no. Brua vedlikeholdes av DNT Oslo.","elevation":1318,"name":"Breibakkahalli - sommerbro","source":"UT.no\/DNT"},"type":"Feature"},{"geometry":{"coordinates":[7.6027620000000002,60.736232000000001],"type":"Point"},"id":"bridge-ut-143977223","properties":{"description":"Sommerbro over Råsdøla, på ruta fra Geiterygghytta til Steinbergdalen. Spørsmål om broa kan stilles til Geiterygghytta på geiterygghytta@dnt.no eller DNT Oslo på info.oslo@dnt.no. Brua vedlikeholdes av DNT Oslo.","elevation":1281,"name":"Råsdøla II - sommerbro","source":"UT.no\/DNT"},"type":"Feature"},{"geometry":{"coordinates":[7.6108950000000002,60.736210999999997],"type":"Point"},"id":"bridge-ut-143977224","properties":{"description":"HELÅRSBRU. Over Råsdøla på ruta fra Geterygghytta til Kongshelleren. Spørsmål om broa kan stilles til Geiterygghytta på geiterygghytta@dnt.no eller DNT Oslo på info.oslo@dnt.no. Brua vedlikeholdes av DNT Oslo.","elevation":1323,"name":"Råsdøla I - helårsbro","source":"UT.no\/DNT"},"type":"Feature"},{"geometry":{"coordinates":[7.4872759999999996,60.426627000000003],"type":"Point"},"id":"bridge-ut-144095203","properties":{"description":"Sommerbro. Lang og høy hengebro ca 1 km vest for Kjeldebu på ruten til Finse, Rembesdalsseter og Liseth. Egnet for barn og hunder. DNT Oslo og Omegn vedlikeholder denne brua. Se www.dntoslo.no for oppdatert informasjon. Spørsmål kan rettes ...","elevation":1046,"name":"Kjeldo - sommerbro","source":"UT.no\/DNT"},"type":"Feature"},{"geometry":{"coordinates":[7.5953720000000002,60.140158999999997],"type":"Point"},"id":"bridge-ut-144095204","properties":{"description":"Sommerbru. Hengebru på ruten mellom Sandhaug og Lågaros. DNT Oslo og Omegn vedlikeholder denne brua. Se www.dntoslo.no for oppdatert informasjon. Spørsmål kan rettes til info.oslo@dnt.no.","elevation":1237,"name":"Langebuåni - sommerbro","source":"UT.no\/DNT"},"type":"Feature"},{"geometry":{"coordinates":[7.6834059999999997,60.480443999999999],"type":"Point"},"id":"bridge-ut-144112114","properties":{"description":"Sommerbro. Hengebro over elva som renner fra Svartavannet til Drageidfjorden, ca 2,5 km NV for Krækkja på ruten melom Krækkja og Finse. Kan være vanskelig for barn og hunder. Elva kan vades ca 200 m oppstrøms. DNT Oslo og Omegn vedlikeholde...","elevation":1193,"name":"Larsbu - sommerbro","source":"UT.no\/DNT"},"type":"Feature"},{"geometry":{"coordinates":[7.126722,60.093224999999997],"type":"Point"},"id":"bridge-ut-144112116","properties":{"description":"Sommerbru. Stålbjelkebru med rekkverk. Passer for barn og hunder. Elva kan vades like ovenfor og ca 100 nedenfor brua. DNT Oslo og Omegn vedlikeholder denne brua. Se www.dntoslo.no for oppdatert informasjon. Spørsmål kan rettes til info.osl...","elevation":1178,"name":"Litlosbrua - sommerbro","source":"UT.no\/DNT"},"type":"Feature"},{"geometry":{"coordinates":[7.2241689999999998,59.979689],"type":"Point"},"id":"bridge-ut-144112164","properties":{"description":"Sommerbru. Ca 35 m lang hengebru ca 800 m SØ for Hellevassbu på ruten mot Haukeliseter. Nye ramper montert september 2023. DNT Oslo og Omegn vedlikeholder denne brua. Se www.dntoslo.no for oppdatert informasjon. Spørsmål kan rettes til info...","elevation":1162,"name":"Nekkos - sommerbro","source":"UT.no\/DNT"},"type":"Feature"},{"geometry":{"coordinates":[10.512468,61.360146999999998],"type":"Point"},"id":"bridge-ut-144146019","properties":{"description":"Bru over bekken rett sør for Grunnesdemningen. Trolløypa. Her ser vi ofte Norges nasjonalfugl, fossekallen, som dykker etter mat i stryket.","elevation":877,"name":"Grunnesdemningen","source":"UT.no\/DNT"},"type":"Feature"},{"geometry":{"coordinates":[5.4765990000000002,61.581428000000002],"type":"Point"},"id":"bridge-ut-144154515","properties":{"description":"Posten ligg ved den austre brua 37 moh over Sørelva på turstien i Sørmarka i Eikefjord. Turen kan du gå frå Velteplassen på Knappstad, Rasteplassen ved RV 5 eller Eikefjord sentrum. Turbeskriving finn du på ut.no God tur","elevation":37,"name":"Bru i Sørmarka","source":"UT.no\/DNT"},"type":"Feature"},{"geometry":{"coordinates":[7.4113389999999999,60.213399000000003],"type":"Point"},"id":"bridge-ut-144502311","properties":{"description":"Sommerbru. Lang (28,5 m) hengebru med lemmer på ruten mellom Sandhaug og Hadlaskard. DNT Oslo og omegn vedlikeholder denne brua. Se www.dntoslo.no for oppdatert informasjon. Spørsmål kan rettes til info.oslo@dnt.no eller Sandhaug turisthytt...","elevation":1260,"name":"Nordåna - sommerbro","source":"UT.no\/DNT"},"type":"Feature"},{"geometry":{"coordinates":[7.2888929999999998,60.566868999999997],"type":"Point"},"id":"bridge-ut-144502312","properties":{"description":"To bruer ved utløpet av Nutavatnet på ruten mellom Finse og Rembesdalsseter, over elveløp med stor vannføring i perioder. Broene ligger i et svært værutsatt område med store mengder snø om vinteren. En lang (21 m) og relativt høy hengebru, ...","elevation":1359,"name":"Nutavatnet - sommerbro","source":"UT.no\/DNT"},"type":"Feature"},{"geometry":{"coordinates":[7.4375309999999999,60.597903000000002],"type":"Point"},"id":"bridge-ut-144734996","properties":{"description":"Sommerbro. Stor hengebro høyt over elva i vestenden av Finsevatnet på ruten mellom Finse og Rembesdalseter. Bratt stige mot øst. DNT Oslo og omegn vedlikeholder denne brua. Se www.dntoslo.no for oppdatert informasjon. Spørsmål kan rettes ti...","elevation":1233,"name":"Ustekveikja - sommerbro","source":"UT.no\/DNT"},"type":"Feature"},{"geometry":{"coordinates":[7.1545259999999997,60.051268],"type":"Point"},"id":"bridge-ut-144734998","properties":{"description":"Sommerbru over Vetla Kvenno på ruten mellom Litlos og Hellevassbu. DNT Oslo og omegn vedlikeholder denne brua. Se www.dntoslo.no for oppdatert informasjon. Spørsmål kan rettes til info.oslo@dnt.no eller Litlos turisthytte.","elevation":1188,"name":"Søre Belebotn - sommerbro","source":"UT.no\/DNT"},"type":"Feature"},{"geometry":{"coordinates":[7.520384,60.584102999999999],"type":"Point"},"id":"bridge-ut-144734999","properties":{"description":"Sommerbro. HMV hengebro over Styggelvi på ruten fra Finse til Krækkja\/Sysenvannet-Kjeldebu. Rehabilitert 2022. DNT Oslo og omegn vedlikeholder denne brua. Se www.dntoslo.no for oppdatert informasjon, Spørsmål kan rettes til info.oslo@dnt.no...","elevation":1223,"name":"Finsefetene sør - sommerbro","source":"UT.no\/DNT"},"type":"Feature"},{"geometry":{"coordinates":[7.5025750000000002,60.576808999999997],"type":"Point"},"id":"bridge-ut-144762927","properties":{"description":"Sommerbro. Enkel hengebro over dyp og tidvis meget stri elv på ruten fra Finse til Blåisen. DNT Oslo og omegn vedlikeholder denne broen. Se www.dntoslo.no for oppdatert informasjon. Spørsmål kan rettes til info.oslo@dnt.no eller Finsehytta ...","elevation":1260,"name":"Styggelva v\/Blåisen - sommerbro","source":"UT.no\/DNT"},"type":"Feature"},{"geometry":{"coordinates":[7.5460479999999999,60.246934000000003],"type":"Point"},"id":"bridge-ut-144762928","properties":{"description":"Helårs, privat bjelkebro på ruten fra Sandhaug til Trondsbu.","elevation":1223,"name":"Snero - helårsbro","source":"UT.no\/DNT"},"type":"Feature"},{"geometry":{"coordinates":[7.6556699999999998,60.396250999999999],"type":"Point"},"id":"bridge-ut-144762929","properties":{"description":"Aluminium sommerbru på ruten mellom Halne og Stigstuv. DNT Oslo og omegn vedlikeholder denne broen. Se www.dntoslo.no for oppdatert informasjon. Spørsmål kan rettes til info.oslo@dnt.no eller Krækkja turisthytte i sesongen.","elevation":1168,"name":"Skulevikåna - sommerbro","source":"UT.no\/DNT"},"type":"Feature"},{"geometry":{"coordinates":[7.3430780000000002,60.221426000000001],"type":"Point"},"id":"bridge-ut-144762930","properties":{"description":"Helårsbru. DNT Oslo og Omegn har ikke ansvar for brua. Se www.dnt.no\/oslo for oppdatert informasjon. Spørsmål kan rettes til info.oslo@dnt.no for oppdatert informasjon.","elevation":1245,"name":"Turreidet - helårsbro","source":"UT.no\/DNT"},"type":"Feature"},{"geometry":{"coordinates":[7.2178360000000001,59.95187],"type":"Point"},"id":"bridge-ut-144762931","properties":{"description":"Sommerbru. Relativt høy hengebru over en stri og farlig elv på ruten mellom Hellevassbu og Haukeliseter. Totalrehabilitert høsten 2022. DNT Oslo og omegn vedlikeholder denne broen. Se www.dntoslo.no for oppdatert informasjon. Spørsmål kan r...","elevation":1242,"name":"Simletindsbrua - sommerbro","source":"UT.no\/DNT"},"type":"Feature"},{"geometry":{"coordinates":[7.4447669999999997,60.596248000000003],"type":"Point"},"id":"bridge-ut-144762933","properties":{"description":"Sommerbru. Høy, ca 10 m lang hengebru ca 2,5 km vest for Finse på ruten til Rembesdalsseter. Luftig bru med bratte stiger i endene. Lemmene legges ofte ut etter påske mens man ennå kan stå på snøen. DNT Oslo og omegn vedlikeholder denne bro...","elevation":1216,"name":"Sandåi - sommerbro","source":"UT.no\/DNT"},"type":"Feature"},{"geometry":{"coordinates":[7.2085059999999999,59.921238000000002],"type":"Point"},"id":"bridge-ut-144762934","properties":{"description":"Sommerbru av stålrørsbjelker og trelemmer på ruten mellom Hellevassbu og Haukeliseter. Vanskelig bru å legge ut. Ikke egnet for barn og hunder i sterk vind. DNT Oslo og omegn vedlikeholder denne broen. Se www.dntoslo.no for oppdatert inform...","elevation":1337,"name":"Sandflofossen - sommerbro","source":"UT.no\/DNT"},"type":"Feature"},{"geometry":{"coordinates":[9.6267969999999998,61.870846],"type":"Point"},"id":"bridge-ut-144803219","properties":{"description":"SOMMERBRU. To små trebruer i nærheten av Peer Gynt hytta. Info om bruene sjekk med Smuksjøseter fjellstue, info@smuksjoseter.no.","elevation":1102,"name":"Vesleula - sommerbro","source":"UT.no\/DNT"},"type":"Feature"},{"geometry":{"coordinates":[9.6504449999999995,62.088535999999998],"type":"Point"},"id":"bridge-ut-144803220","properties":{"description":"Enkel helårsbro i nærheten av Grimsdalshytta, på veien mot Sletten. For info om broa ta kontakt med Grimsdalshytta, grimsdalshytta@dnt.no, eller info.oslo@dnt.no.","elevation":935,"name":"Tverråe, Grimsdalen - HELÅRSBRU enkel","source":"UT.no\/DNT"},"type":"Feature"},{"geometry":{"coordinates":[9.6217000000000006,61.870573999999998],"type":"Point"},"id":"bridge-ut-144803221","properties":{"description":"HELÅRSBRU. Skiferhellebru på ruta mellom Smuksjøseter og Peer Gynt hytta. For info om brua sjekk med Smuksjøseter fjellstue, info@smuksjoseter.no.","elevation":1100,"name":"Kjondalsbekken - helårsbro","source":"UT.no\/DNT"},"type":"Feature"},{"geometry":{"coordinates":[9.9763210000000004,61.758792999999997],"type":"Point"},"id":"bridge-ut-144803223","properties":{"description":"Helårsbru. DNT Oslo og Omegn vedlikeholder denne brua. Se https:\/\/www.dnt.no\/oslo for oppdatert informasjon om denne brua. Spørsmål kan rettes til info.oslo@dnt.no","elevation":990,"name":"Storeldåa - helårsbro","source":"UT.no\/DNT"},"type":"Feature"},{"geometry":{"coordinates":[10.051888,61.922393999999997],"type":"Point"},"id":"bridge-ut-144803224","properties":{"description":"Helårs hengebro over elva Atna ved Straumbu. Ny høsten 2025. Broa er inngangsport til Rondane fra Straumbu. For info ta kontakt med Bjørnhollia, bjornhollia@dnt.no, eller DNT Oslo info.oslo@dnt.no.","elevation":704,"name":"Straumbu - helårsbro","source":"UT.no\/DNT"},"type":"Feature"},{"geometry":{"coordinates":[9.7933620000000001,61.875925000000002],"type":"Point"},"id":"bridge-ut-144803225","properties":{"description":"Helårsbru øverst i Sture Ula, i nærheten av Rondvassbu. På ruta fra Rondvassbu til Dørålseter eller Veslesmeden. For informasjon om brua ta kontakt med Rondvassbu rondvassbu@dnt.no, eller se www.dnt.no\/oslo for oppdatert informasjon. Spørsm...","elevation":1170,"name":"Store Ula, ved Rondvassbu - helårsbro","source":"UT.no\/DNT"},"type":"Feature"},{"geometry":{"coordinates":[10.050534000000001,61.921456999999997],"type":"Point"},"id":"bridge-ut-144817421","properties":{"description":"Helårsbro over Stormyldinge, på ruta fra Straumbu til Bjørnhollia. Informasjon om broa finnes på bjornhollia@dnt.oslo, eller på info.oslo@dnt.no.","elevation":705,"name":"Stormyldinge - helårsbro","source":"UT.no\/DNT"},"type":"Feature"},{"geometry":{"coordinates":[9.6277380000000008,62.104391999999997],"type":"Point"},"id":"bridge-ut-144817423","properties":{"description":"Helårsbro på rute fra Grimsdalshytta til Hjerkinn \/ Hageseter. Informasjon om brua kan fåes på grimsdalshytta@dnt.no, eller se www.dnt.no\/oslo for oppdatert informasjon. Spørsmål kan rettes til info.oslo@dnt.no for oppdatert informasjon.","elevation":1057,"name":"Nørdre Tverråe - helårsbro","source":"UT.no\/DNT"},"type":"Feature"},{"geometry":{"coordinates":[10.014516,61.882711],"type":"Point"},"id":"bridge-ut-144819518","properties":{"description":"Helårsbro ved Bjørnhollia, på rutene sør- østover fra Bjørnhollia. Info om broa kan finnes på bjornhollia@dnt.no eller se www.dnt.no\/oslo for oppdatert informasjon. Spørsmål kan rettes til info.oslo@dnt.no for oppdatert informasjon.","elevation":893,"name":"Myllingen - helårsbro","source":"UT.no\/DNT"},"type":"Feature"},{"geometry":{"coordinates":[12.192646,62.310941999999997],"type":"Point"},"id":"bridge-ut-144819519","properties":{"description":"Helårsbru. DNT Oslo og Omegn har ikke ansvar for brua. Se www.dnt.no\/oslo for oppdatert informasjon. Spørsmål kan rettes til info.oslo@dnt.no for oppdatert informasjon.","elevation":760,"name":"Storfisktjønnan - helårsbro","source":"UT.no\/DNT"},"type":"Feature"},{"geometry":{"coordinates":[9.7907569999999993,61.877325999999996],"type":"Point"},"id":"bridge-ut-144819520","properties":{"description":"Helårs trebjelkebro på ruta fra Rondvassbu til Veslesmeden \/ Dørålseter. Info finnes på rondvassbu@dnt.no eller info.oslo@dnt.no.","elevation":1185,"name":"Jutulhogget, ved Rondvassbu - helårsbro","source":"UT.no\/DNT"},"type":"Feature"},{"geometry":{"coordinates":[9.6502389999999991,62.085417],"type":"Point"},"id":"bridge-ut-144819521","properties":{"description":"Helårsbru rett sør for Grimsdalshytta, på ruta fra Grimsdalshytta sørover til Haverdalsseter \/ Dørålseter. Info finnes på grimsdalshytta@dnt.no eller info.oslo@dnt.no.","elevation":928,"name":"Grimse - HELÅRSBRU","source":"UT.no\/DNT"},"type":"Feature"},{"geometry":{"coordinates":[9.7979579999999995,61.990817],"type":"Point"},"id":"bridge-ut-144913465","properties":{"description":"Helårsbro over Døråe (som blir til Atna lenger ned). Brua er en del av Rondanestien, på ruta mellom Dørålseter og Rondvassbu \/(Bjørnhollia). Informasjon om broa på Øvre Dørålseter eller info.oslo@dnt.no.","elevation":1036,"name":"Døråe v\/Dørålseter - helårsbro","source":"UT.no\/DNT"},"type":"Feature"},{"geometry":{"coordinates":[10.40016,61.574074000000003],"type":"Point"},"id":"bridge-ut-144913466","properties":{"description":"Helårsbru over Breia. Se www.dnt.no\/oslo for oppdatert informasjon. Spørsmål kan rettes til info.oslo@dnt.no for oppdatert informasjon.","elevation":1080,"name":"Breia - helårsbro","source":"UT.no\/DNT"},"type":"Feature"},{"geometry":{"coordinates":[10.302611000000001,61.628613000000001],"type":"Point"},"id":"bridge-ut-144913467","properties":{"description":"Sommerbru over Remma. Bygd i 2022. Informasjon om brua på info.oslo@dnt.no.","elevation":965,"name":"Remma - sommerbro","source":"UT.no\/DNT"},"type":"Feature"},{"geometry":{"coordinates":[10.300174,61.632449999999999],"type":"Point"},"id":"bridge-ut-144913468","properties":{"description":"Sommerbro over Hira. Informasjon om brua på info.oslo@dnt.no og www.dnt.no\/oslo","elevation":974,"name":"Hira - sommerbro","source":"UT.no\/DNT"},"type":"Feature"},{"geometry":{"coordinates":[9.3361940000000008,61.409520000000001],"type":"Point"},"id":"bridge-ut-144913469","properties":{"description":"SOMMERBRU. Hengebro over Vinstra, 1 km vest for Storhøliseter, på ruta fra Storhøliseter til Oskampen. DNT Oslo og omegn vedlikeholder denne brua. Se sommerbruoversikt . Spørsmål kan rettes til info.oslo@dnt.no.","elevation":913,"name":"Vinstra v\/Storhøliseter - sommerbro","source":"UT.no\/DNT"},"type":"Feature"},{"geometry":{"coordinates":[9.4932189999999999,61.319271000000001],"type":"Point"},"id":"bridge-ut-144913470","properties":{"description":"Helårsbru med rekkverk på ene siden, i sørenden av Vestmjøs, på ruta mellom Storkvolvbu og Liomseter. DNT Oslo og omegn vedlikeholder denne brua. Spørsmål kan rettes til info.oslo@dnt.no.","elevation":1040,"name":"Vestmjøs - helårsbro","source":"UT.no\/DNT"},"type":"Feature"},{"geometry":{"coordinates":[9.3911390000000008,61.386771000000003],"type":"Point"},"id":"bridge-ut-144913471","properties":{"description":"HELÅRSBRU. Trebru på ruta fra Skriurusten til Storhøliseter. DNT Oslo og omegn vedlikeholder denne brua. Spørsmål kan rettes til info.oslo@dnt.no.","elevation":1004,"name":"Svartbekken - helårsbro","source":"UT.no\/DNT"},"type":"Feature"},{"geometry":{"coordinates":[9.0353759999999994,61.483975000000001],"type":"Point"},"id":"bridge-ut-144913472","properties":{"description":"HELÅRSBRU over Sikkilsdalsåa, på ruta fra Sikkilsdalsseter sørover til Oskampen. Info om vedlikeholdes av DNT Oslo og omegn. Spørsmål kan rettes til info.oslo@dnt.no.","elevation":984,"name":"Sikkilsdalsåa - helårsbro","source":"UT.no\/DNT"},"type":"Feature"},{"geometry":{"coordinates":[9.3715480000000007,61.346469999999997],"type":"Point"},"id":"bridge-ut-144913473","properties":{"description":"Helårsbro på ruta fra Skrirurusten til Storhøliseter. DNT Oslo og omegn vedlikeholder denne brua. Spørsmål kan rettes til info.oslo@dnt.no.","elevation":1060,"name":"Semmelbekken - helårsbro","source":"UT.no\/DNT"},"type":"Feature"},{"geometry":{"coordinates":[9.5546740000000003,61.138837000000002],"type":"Point"},"id":"bridge-ut-144913474","properties":{"description":"HELÅRSBRU. Klopp over Reina, på ruta fra Svarthamar til Lenningen. Uavklart hvem som har ansvar for denne brua. Spørsmål kan rettes til info.oslo@dnt.no.","elevation":905,"name":"Reina - helårsbro","source":"UT.no\/DNT"},"type":"Feature"},{"geometry":{"coordinates":[9.9641599999999997,61.911219000000003],"type":"Point"},"id":"bridge-ut-145003417","properties":{"description":"Helårsbro","elevation":979,"name":"Langglupåi - helårsbro","source":"UT.no\/DNT"},"type":"Feature"},{"geometry":{"coordinates":[7.6378349999999999,62.002153999999997],"type":"Point"},"id":"bridge-ut-145015691","properties":{"description":"Ny og solid 13,5 m lang fagverksbru over en relativt stri foss, på ruten mellom Grotli og Skridulaupbu. Broen ligger like nedenfor inntaksdammen til Grotli kraftverk. DNT Oslo og omegn vedlikeholder denne brua. Se www.dntoslo.no for oppdate...","elevation":900,"name":"Måråi nedre - helårsbro","source":"UT.no\/DNT"},"type":"Feature"},{"geometry":{"coordinates":[11.236878000000001,60.815044],"type":"Point"},"id":"bridge-ut-145042961","properties":{"description":"Dette er et turmål i Hamar. Det er to rastebenker på østsiden av elva. Her passer det fint med en rast.","elevation":212,"name":"Lageråarunden, nordre bru","source":"UT.no\/DNT"},"type":"Feature"},{"geometry":{"coordinates":[7.7354510000000003,62.620246000000002],"type":"Point"},"id":"bridge-ut-145042986","properties":{"description":"Ny bro ble bygd i oktober 2021.","elevation":535,"name":"Bro Ingridsetra","source":"UT.no\/DNT"},"type":"Feature"},{"geometry":{"coordinates":[7.8554259999999996,62.662492],"type":"Point"},"id":"bridge-ut-145042989","properties":{"elevation":510,"name":"Sommerbro Langedalen","source":"UT.no\/DNT"},"type":"Feature"},{"geometry":{"coordinates":[7.8165440000000004,62.533912000000001],"type":"Point"},"id":"bridge-ut-145042990","properties":{"elevation":522,"name":"Bru Tverrelva","source":"UT.no\/DNT"},"type":"Feature"},{"geometry":{"coordinates":[7.6867089999999996,62.608936],"type":"Point"},"id":"bridge-ut-145042991","properties":{"description":"Sommerbro. Ved stor vannføring kan det være behov for vading rett nord for hengebru. Alternativ kryssing av Ljøsåa kan da være på bro vest for Haukebergstølen, lenger ned i dalen.","elevation":395,"name":"Hengebru Norvikstølen","source":"UT.no\/DNT"},"type":"Feature"},{"geometry":{"coordinates":[8.9203349999999997,59.525149999999996],"type":"Point"},"id":"bridge-ut-145082895","properties":{"description":"Dette er en flott ny bro på Aslakstul, som ble ferdigstilt av Notodden og Hjartdal Turlag våren 2021. Turforslag\/turbeskrivelse til brua på Aslakstul: Fin tur til broa på Aslakstul (ut.no) Kjentmannsmerket 2022-2023 info: BRUA PÅ ASLAKSTUL ...","elevation":704,"name":"Brua på Aslakstul","source":"UT.no\/DNT"},"type":"Feature"},{"geometry":{"coordinates":[9.9929380000000005,59.061199999999999],"type":"Point"},"id":"bridge-ut-145162861","properties":{"description":"Dette er et flott eksempel på gjenbruk i løypearbeidet! Da de nye skiltene kom på plass, ble de gamle turskiltene brukt til å lage en gangvei\/bro\/klopp over et vått område i Kleivermarka. Denne kloppen består av rundt 200 hjemmelagde skilte...","elevation":105,"name":"Thors klopp - skiltbroa i Kleivermarka","source":"UT.no\/DNT"},"type":"Feature"},{"geometry":{"coordinates":[10.961349,59.933844999999998],"type":"Point"},"id":"bridge-ut-145223319","properties":{"description":"Følg den fine grusveien langs \"Langvannet tursti\" fra Langrunna badeplas s til Rådhusparken. Langvannet er en liten innsjø i Lørenskog kommune i Akershus i Viken. Vannet ligger like nord for motorveien mellom Oslo og Lillestrøm, og 500 mete...","elevation":153,"name":"Broen over Langevannet","source":"UT.no\/DNT"},"type":"Feature"},{"geometry":{"coordinates":[10.405670000000001,63.432670000000002],"type":"Point"},"id":"bridge-ut-145251129","properties":{"description":"Flott bru over Nidelva i Trondheim.","elevation":3,"name":"Bakke bru","source":"UT.no\/DNT"},"type":"Feature"},{"geometry":{"coordinates":[7.5103369999999998,60.341061000000003],"type":"Point"},"id":"bridge-ut-145256306","properties":{"description":"Stor, helårs hengebro ved Nybu på ruten mellom Dyranut og Sandhaug\/Hedlo. Totalrenovert 2021. DNT Oslo og omegn vedlikeholder denne brua. Se www.dntoslo.no for mer informasjon. Evt spørsmål rettes til info.oslo@dnt.no.","elevation":1100,"name":"Bjoreio - helårsbro","source":"UT.no\/DNT"},"type":"Feature"},{"geometry":{"coordinates":[7.5194799999999997,60.584088000000001],"type":"Point"},"id":"bridge-ut-145261154","properties":{"description":"Helårsbru. Relativt kort bjelkebru over Styggelvi på ruten mellom Finse og Krækkja\/Kjeldebu. DNT Oslo og omegn vedlikeholder denne brua. Se www.dntoslo.no for oppdatert informasjon, Spørsmål kan rettes til info.oslo@dnt.no eller Finsehytta ...","elevation":1224,"name":"Finsefetene nord - helårsbro","source":"UT.no\/DNT"},"type":"Feature"},{"geometry":{"coordinates":[7.1442319999999997,59.848362000000002],"type":"Point"},"id":"bridge-ut-145261155","properties":{"description":"Helårsbru. Bjelkebro i to spenn over stri foss i Nupselva, på ruten mellom Haukeliseter og Middalsbu. Brua ble gjenoppbygget sommeren 2021 og utbedret sommeren 2023. DNT Oslo og omegn vedlikeholder denne brua. Se www.dntoslo.no for oppdater...","elevation":989,"name":"Nupselva - helårsbro","source":"UT.no\/DNT"},"type":"Feature"},{"geometry":{"coordinates":[7.2617070000000004,60.536523000000003],"type":"Point"},"id":"bridge-ut-145262306","properties":{"description":"Sommerbro. Vaierbro ca 500 m nordvest for Rembesdalseter, på ruten til Hallingskeid. Elva er vanligvis vadbar. Se www.dntoslo.no for oppdatert informasjon, Spørsmål kan rettes til info.oslo@dnt.no.","elevation":993,"name":"Rembesdal - sommerbro","source":"UT.no\/DNT"},"type":"Feature"},{"geometry":{"coordinates":[7.291874,60.527272000000004],"type":"Point"},"id":"bridge-ut-145262307","properties":{"description":"Ny (2021) helårs hengebru over flomelva fra Rembesdalsskåki på ruten mellom Rembesdalsseter og Kjeldebu\/Liseth. Se www.dntoslo.no for oppdatert informasjon, Spørsmål kan rettes til info.oslo@dnt.no.","elevation":975,"name":"Rembesdalsskåki - helårsbro","source":"UT.no\/DNT"},"type":"Feature"},{"geometry":{"coordinates":[7.2272530000000001,60.552321999999997],"type":"Point"},"id":"bridge-ut-145262308","properties":{"description":"Helårs stålbjelkebru uten rekkverk over trang og dyp kløft\/overløp øst for Langvatnet, på ruten mellom Rembesdalseter og Hallingskeid. Se www.dnt.no\/oslo for oppdatert informasjon, Spørsmål kan rettes til info.oslo@dnt.no.","elevation":1159,"name":"Repselva - helårsbro","source":"UT.no\/DNT"},"type":"Feature"},{"geometry":{"coordinates":[7.249301,60.495474999999999],"type":"Point"},"id":"bridge-ut-145262309","properties":{"description":"Sommerbru. Todelt klopp ved utløpet fra Skytjedalsvatn på ruten mellom Rembesdalseter og Simadalen\/Fossli. DNT Oslo og omegn vedlikeholder kloppen. Se www.dntoslo.no for oppdatert informasjon, Spørsmål kan rettes til info.oslo@dnt.no.","elevation":836,"name":"Skytjedøla - sommerbro","source":"UT.no\/DNT"},"type":"Feature"},{"geometry":{"coordinates":[7.2432410000000003,60.660395000000001],"type":"Point"},"id":"bridge-ut-145262312","properties":{"description":"Helårs trebjelkebru over stri elv på ruten mellom Hallingskeid og Osa\/Rembesdalseter. Nybygd sommeren 2022. Bergen og Hordaland turlag vedlikeholder denne brua. Se www.bergenoghordalandturlag.no eller kontakt bht@dnt.no for oppdatert inform...","elevation":1036,"name":"Moldåa - helårsbro","source":"UT.no\/DNT"},"type":"Feature"},{"geometry":{"coordinates":[7.9746819999999996,63.504750999999999],"type":"Point"},"id":"bridge-ut-145265408","properties":{"description":"Brua ligger rett sør for fiskemottaket. Brua er vanskelig å oppdage fra kajakken. Kommer du fra østsida av veien, ser du den ikke før du er rett ved. Den er skjult bak et berg. Litt enklere å se fra vestsiden, men kommer du sørfra og passer...","name":"Skinnstakkenbrua","source":"UT.no\/DNT"},"type":"Feature"},{"geometry":{"coordinates":[6.9621649999999997,59.961875999999997],"type":"Point"},"id":"bridge-ut-145267883","properties":{"description":"Solid, helårs trebjelkebru på ruten mellom Valldalen og Litlos\/Reinsnos. DNT Oslo og omegn vedlikeholder denne brua. Se www.dntoslo.no for oppdatert informasjon, Spørsmål kan rettes til info.oslo@dnt.no.","elevation":919,"name":"Kjøtbekken - helårsbro","source":"UT.no\/DNT"},"type":"Feature"},{"geometry":{"coordinates":[14.025370000000001,66.801439999999999],"type":"Point"},"id":"bridge-ut-145274160","properties":{"description":"Her krysser Rallarstien elva i Djupdalen. Ny bru kom på plass i 2022 og innvia under Rallarmarsjen 11 september..","elevation":544,"name":"Djupdalen","source":"UT.no\/DNT"},"type":"Feature"},{"geometry":{"coordinates":[7.9027779999999996,63.35004],"type":"Point"},"id":"bridge-ut-145275950","properties":{"description":"Smal passasje under bro der tidevannet skaper sterk strøm for padlere. Når havnivået er mellom 0 -130 cm renner strømmen vestover. Da får du strømmen i mot deg hvis du kommer fra Betten rorbuer. Over 130 cm over sjøkartnull, renner vannet ø...","elevation":1,"name":"Litlstraumen","source":"UT.no\/DNT"},"type":"Feature"},{"geometry":{"coordinates":[8.8101939999999992,61.525140999999998],"type":"Point"},"id":"bridge-ut-145280409","properties":{"description":"Sommerbru. Enkel bjelkebru like nedenfor utløpsoset fra Bessvann, på ruten mellom Gjendesheim og Glitterheim. DNT Oslo og omegn vedlikeholder denne brua. Se www.dntoslo.no for oppdatert informasjon, Spørsmål kan rettes til info.oslo@dnt.no ...","elevation":1371,"name":"Bessa - sommerbro","source":"UT.no\/DNT"},"type":"Feature"},{"geometry":{"coordinates":[8.6882339999999996,61.563417999999999],"type":"Point"},"id":"bridge-ut-145280410","properties":{"description":"Stor, helårs utliggerbru på ruten mellom Memurubu og Glitterheim. Renovert høsten 2021. DNT Oslo og omegn vedlikeholder denne brua. Se www.dntoslo.no for oppdatert informasjon, Spørsmål kan rettes til info.oslo@dnt.no eller Glitterheim i se...","elevation":1239,"name":"Blåtjønnåe - helårsbro","source":"UT.no\/DNT"},"type":"Feature"},{"geometry":{"coordinates":[10.550846,61.130001999999998],"type":"Point"},"id":"bridge-ut-145280415","properties":{"description":"Øvstdalsfossen Foss i Mesnaelva. Gangbru over elva like ovenfor selve fossen. Fint å gå ned langs fossen på begge sider. Bålplass på sørsida ved foten av fossen. SjekkUt-punktet er lagt ved brua. Det er også mulig å komme til Øvstdalsfossen...","elevation":494,"name":"Øvstdalsfossen","source":"UT.no\/DNT"},"type":"Feature"},{"geometry":{"coordinates":[10.582694999999999,61.118313000000001],"type":"Point"},"id":"bridge-ut-145280416","properties":{"description":"Brua ved Mesnasaga ble oppført i 2007. Lillehammer Olympiapark samarbeidet med DNT Lillehammer om prosjektet (foreningen het da Lillehammer og Omland Turistforening). Prosjektet ble også støttet av daværende Eidsiva vannkraft. Står du lenge...","elevation":515,"name":"Mesnasagbrua","source":"UT.no\/DNT"},"type":"Feature"},{"geometry":{"coordinates":[8.7169749999999997,61.340882999999998],"type":"Point"},"id":"bridge-ut-145280938","properties":{"description":"To sommerbroer over Breidløypa, ca 7 km øst for Torfinnsbu på ruten til Bygdin høyfjellshotell. Vestre bro er en bjelkebro, mens østre er en 10 m lang hengebro. DNT Oslo og omegn vedlikeholder denne brua. Se www.dntoslo.no for oppdatert inf...","elevation":1058,"name":"Breidløypa - sommerbro","source":"UT.no\/DNT"},"type":"Feature"},{"geometry":{"coordinates":[7.9328089999999998,61.379024000000001],"type":"Point"},"id":"bridge-ut-145281451","properties":{"description":"Helårsbru i to spenn over Utla like nord for Vetti gård, på ruten mellom Vetti gård og Stølsmaradalen. Østre spenn er en 20 m lang hengebru over stri og farlig elv. Vestre del er en trebjelkebru over grov ur. Lemmene på hengebroen ligger på...","elevation":254,"name":"Brendeteigen - helårsbro","source":"UT.no\/DNT"},"type":"Feature"},{"geometry":{"coordinates":[7.9801599999999997,61.393993999999999],"type":"Point"},"id":"bridge-ut-145283501","properties":{"description":"Stor, helåra trebru, høyt over stri elv, med rekkverk på begge sider. Egnet for barn og hunder. Brua ligger ca 7 km syd for Skogadalsbøen, på ruten mellom Skagadalsbøen og Vettismorki. DNT Oslo og omegn vedlikeholder denne brua. Se www.dnto...","elevation":747,"name":"Fleskedøla bru","source":"UT.no\/DNT"},"type":"Feature"},{"geometry":{"coordinates":[8.6456379999999999,61.530303000000004],"type":"Point"},"id":"bridge-ut-145283502","properties":{"description":"Aluminium sommerbru med tredekke, like syd for Blackwellbue, på ruten mellom Memurubu og Glitterheim. DNT Oslo og omegn vedlikeholder denne brua. Se www.dntoslo.no for oppdatert informasjon, Spørsmål kan rettes til info.oslo@dnt.no.","elevation":1198,"name":"Gloppåe - sommerbro","source":"UT.no\/DNT"},"type":"Feature"},{"geometry":{"coordinates":[6.3262729999999996,60.861201000000001],"type":"Point"},"id":"bridge-ut-145285648","properties":{"description":"Sommerbroene ligger i hovedsak ute fra 1. juli til 1. oktober . Etter 1. oktober kan man altså ikke regne med at disse broene er operative, selv om enkelte broer kan bli liggende noen uker også etter dette. Vær- og føreforhold avgjør dette,...","elevation":814,"name":"Grøndalen","source":"UT.no\/DNT"},"type":"Feature"},{"geometry":{"coordinates":[6.2589949999999996,60.912610000000001],"type":"Point"},"id":"bridge-ut-145285649","properties":{"description":"Sommerbroene ligger i hovedsak ute fra 1. juli til 1. oktober. Etter 1. oktober kan man altså ikke regne med at disse broene er operative, selv om enkelte broer kan bli liggende noen uker også etter dette. Vær- og føreforhold avgjør dette, ...","elevation":870,"name":"Bro ved Selhamar","source":"UT.no\/DNT"},"type":"Feature"},{"geometry":{"coordinates":[6.2211259999999999,60.965401],"type":"Point"},"id":"bridge-ut-145285650","properties":{"description":"Sommerbroene ligger i hovedsak ute fra 1. juli til 1. oktober. Etter 1. oktober kan man altså ikke regne med at disse broene er operative, selv om enkelte broer kan bli liggende noen uker også etter dette. Vær- og føreforhold avgjør dette, ...","elevation":820,"name":"Bro ved Åsedalen","source":"UT.no\/DNT"},"type":"Feature"},{"geometry":{"coordinates":[6.1926430000000003,60.960762000000003],"type":"Point"},"id":"bridge-ut-145287850","properties":{"description":"Sommerbroene ligger i hovedsak ute fra 1. juli til 1. oktober . Etter 1. oktober kan man altså ikke regne med at disse broene er operative, selv om enkelte broer kan bli liggende noen uker også etter dette. Vær- og føreforhold avgjør dette,...","elevation":784,"name":"Bro ved Halsetstølen","source":"UT.no\/DNT"},"type":"Feature"},{"geometry":{"coordinates":[6.3476889999999999,60.987662],"type":"Point"},"id":"bridge-ut-145287851","properties":{"description":"Sommerbroene ligger i hovedsak ute fra 1. juli til 1. oktober. Etter 1. oktober kan man altså ikke regne med at disse broene er operative, selv om enkelte broer kan bli liggende noen uker også etter dette. Vær- og føreforhold avgjør dette, ...","elevation":569,"name":"Bro ved Negardsstølen","source":"UT.no\/DNT"},"type":"Feature"},{"geometry":{"coordinates":[6.1563619999999997,61.010795000000002],"type":"Point"},"id":"bridge-ut-145288418","properties":{"description":"Sommerbroene ligger i hovedsak ute fra 1. juli til 1. oktober. Etter 1.oktober kan man altså ikke regne med at disse broene er operative, selv om enkelte broer kan bli liggende noen uker også etter dette. Vær- og føreforhold avgjør dette, i...","elevation":635,"name":"Bro over Alrekelven","source":"UT.no\/DNT"},"type":"Feature"},{"geometry":{"coordinates":[6.175929,61.016748999999997],"type":"Point"},"id":"bridge-ut-145288419","properties":{"description":"Sommerbroene ligger i hovedsak ute fra 1. juli til 1. oktober. Etter 1.oktober kan man altså ikke regne med at disse broene er operative, selv om enkelte broer kan bli liggende noen uker også etter dette. Vær- og føreforhold avgjør dette, i...","elevation":696,"name":"Bro ved Alrekstølen","source":"UT.no\/DNT"},"type":"Feature"},{"geometry":{"coordinates":[6.1460509999999999,61.012320000000003],"type":"Point"},"id":"bridge-ut-145288420","properties":{"description":"Sommerbroene ligger i hovedsak ute fra 1. juli til 1. oktober. Etter 1.oktober kan man altså ikke regne med at disse broene er operative, selv om enkelte broer kan bli liggende noen uker også etter dette. Vær- og føreforhold avgjør dette, i...","elevation":636,"name":"Dårelielven","source":"UT.no\/DNT"},"type":"Feature"},{"geometry":{"coordinates":[5.9961520000000004,61.015791999999998],"type":"Point"},"id":"bridge-ut-145288426","properties":{"description":"Sommerbroene ligger i hovedsak ute fra 1. juli til 1. oktober. Etter 1.oktober kan man altså ikke regne med at disse broene er operative, selv om enkelte broer kan bli liggende noen uker også etter dette. Vær- og føreforhold avgjør dette, i...","elevation":1014,"name":"Bro ved Norddalshytten","source":"UT.no\/DNT"},"type":"Feature"},{"geometry":{"coordinates":[6.0004150000000003,61.048502999999997],"type":"Point"},"id":"bridge-ut-145288427","properties":{"description":"Broen ved Strupen en helårsbro på ruten mellom Norddalshytten og Ortnevik. Bergen og Hordaland Turlag vedlikeholder denne broen. Se vedlagt oversikt for oppdatert informasjon. Spørsmål kan rettes til bht@dnt.no.","elevation":933,"name":"Bro ved Strupen","source":"UT.no\/DNT"},"type":"Feature"},{"geometry":{"coordinates":[5.9362190000000004,60.978872000000003],"type":"Point"},"id":"bridge-ut-145288428","properties":{"description":"Sommerbroene ligger i hovedsak ute fra 1. juli til 1. oktober. Etter 1.oktober kan man altså ikke regne med at disse broene er operative, selv om enkelte broer kan bli liggende noen uker også etter dette. Vær- og føreforhold avgjør dette, i...","elevation":797,"name":"Vestrebotten","source":"UT.no\/DNT"},"type":"Feature"},{"geometry":{"coordinates":[5.9540040000000003,60.933331000000003],"type":"Point"},"id":"bridge-ut-145288429","properties":{"description":"Sommerbroene ligger i hovedsak ute fra 1. juli til 1. oktober. Etter 1.oktober kan man altså ikke regne med at disse broene er operative, selv om enkelte broer kan bli liggende noen uker også etter dette. Vær- og føreforhold avgjør dette, i...","elevation":587,"name":"Kvernhusbotten","source":"UT.no\/DNT"},"type":"Feature"},{"geometry":{"coordinates":[7.1990499999999997,60.363315],"type":"Point"},"id":"bridge-ut-145288430","properties":{"description":"Sommerbroene ligger i hovedsak ute fra 1. juli til 1.oktober. Etter 1.oktober kan man altså ikke regne med at disse broene er operative, selv om enkelte broer kan bli liggende noen uker også etter dette. Vær- og føreforhold avgjør dette, i ...","elevation":902,"name":"Bro ved Berastølen","source":"UT.no\/DNT"},"type":"Feature"},{"geometry":{"coordinates":[7.1638250000000001,60.333734999999997],"type":"Point"},"id":"bridge-ut-145288431","properties":{"description":"Sommerbroene ligger i hovedsak ute fra 1. juli til 1.oktober. Etter 1.oktober kan man altså ikke regne med at disse broene er operative, selv om enkelte broer kan bli liggende noen uker også etter dette. Vær- og føreforhold avgjør dette, i ...","elevation":955,"name":"Bro ved Fljoto","source":"UT.no\/DNT"},"type":"Feature"},{"geometry":{"coordinates":[7.1831699999999996,60.289321000000001],"type":"Point"},"id":"bridge-ut-145288432","properties":{"description":"Sommerbroene ligger i hovedsak ute fra 1. juli til 1.oktober. Etter 1.oktober kan man altså ikke regne med at disse broene er operative, selv om enkelte broer kan bli liggende noen uker også etter dette. Vær- og føreforhold avgjør dette, i ...","elevation":1008,"name":"Bro ved Rjoto","source":"UT.no\/DNT"},"type":"Feature"},{"geometry":{"coordinates":[6.9043289999999997,60.315637000000002],"type":"Point"},"id":"bridge-ut-145289027","properties":{"description":"Sommerbroene ligger i hovedsak ute fra 1. juli til 1.oktober. Etter 1.oktober kan man altså ikke regne med at disse broene er operative, selv om enkelte broer kan bli liggende noen uker også etter dette. Vær- og føreforhold avgjør dette, i ...","elevation":1058,"name":"Stavalidalen - bro","source":"UT.no\/DNT"},"type":"Feature"},{"geometry":{"coordinates":[6.9006990000000004,60.316243999999998],"type":"Point"},"id":"bridge-ut-145289028","properties":{"description":"Sommerbroene ligger i hovedsak ute fra 1. juli til 1.oktober. Etter 1.oktober kan man altså ikke regne med at disse broene er operative, selv om enkelte broer kan bli liggende noen uker også etter dette. Vær- og føreforhold avgjør dette, i ...","elevation":1037,"name":"Stavalidalen - bro ved Stavali","source":"UT.no\/DNT"},"type":"Feature"},{"geometry":{"coordinates":[6.906409,60.315019999999997],"type":"Point"},"id":"bridge-ut-145289029","properties":{"description":"Sommerbroene ligger i hovedsak ute fra 1. juli til 1.oktober. Etter 1.oktober kan man altså ikke regne med at disse broene er operative, selv om enkelte broer kan bli liggende noen uker også etter dette. Vær- og føreforhold avgjør dette, i ...","elevation":1078,"name":"Stavalidalen","source":"UT.no\/DNT"},"type":"Feature"},{"geometry":{"coordinates":[6.8277469999999996,60.343972000000001],"type":"Point"},"id":"bridge-ut-145289030","properties":{"description":"Sommerbroene ligger i hovedsak ute fra 1. juli til 1.oktober. Etter 1.oktober kan man altså ikke regne med at disse broene er operative, selv om enkelte broer kan bli liggende noen uker også etter dette. Vær- og føreforhold avgjør dette, i ...","elevation":989,"name":"Viersdalen","source":"UT.no\/DNT"},"type":"Feature"},{"geometry":{"coordinates":[7.1503709999999998,60.308441000000002],"type":"Point"},"id":"bridge-ut-145289031","properties":{"description":"Sommerbroene ligger i hovedsak ute fra 1. juli til 1.oktober. Etter 1.oktober kan man altså ikke regne med at disse broene er operative, selv om enkelte broer kan bli liggende noen uker også etter dette. Vær- og føreforhold avgjør dette, i ...","elevation":953,"name":"Bro ved Hedlo","source":"UT.no\/DNT"},"type":"Feature"},{"geometry":{"coordinates":[7.1653880000000001,60.251299000000003],"type":"Point"},"id":"bridge-ut-145289032","properties":{"description":"Sommerbroene ligger i hovedsak ute fra 1. juli til 1.oktober. Etter 1.oktober kan man altså ikke regne med at disse broene er operative, selv om enkelte broer kan bli liggende noen uker også etter dette. Vær- og føreforhold avgjør dette, i ...","elevation":999,"name":"Bro ved Hadlaskard","source":"UT.no\/DNT"},"type":"Feature"},{"geometry":{"coordinates":[6.8619219999999999,60.335787000000003],"type":"Point"},"id":"bridge-ut-145289033","properties":{"description":"Helårsbro på plass sommer 2024. Bro ved Grøndalen er en helårsbro på ruten mellom mellom Kinsarvik og Stavali. Bergen og Hordaland Turlag vedlikeholder denne broen. Se vedlagt oversikt for oppdatert informasjon. Spørsmål kan rettes til bht@...","elevation":991,"name":"Grøndalen","source":"UT.no\/DNT"},"type":"Feature"},{"geometry":{"coordinates":[6.8771339999999999,60.342903],"type":"Point"},"id":"bridge-ut-145289034","properties":{"description":"Sommerbroene ligger i hovedsak ute fra 1. juli til 1.oktober. Etter 1.oktober kan man altså ikke regne med at disse broene er operative, selv om enkelte broer kan bli liggende noen uker også etter dette. Vær- og føreforhold avgjør dette, i ...","elevation":1073,"name":"Grøndalen","source":"UT.no\/DNT"},"type":"Feature"},{"geometry":{"coordinates":[6.8853049999999998,60.292115000000003],"type":"Point"},"id":"bridge-ut-145289035","properties":{"description":"Sommerbroene ligger i hovedsak ute fra 1. juli til 1.oktober. Etter 1.oktober kan man altså ikke regne med at disse broene er operative, selv om enkelte broer kan bli liggende noen uker også etter dette. Vær- og føreforhold avgjør dette, i ...","elevation":1048,"name":"Breiåna","source":"UT.no\/DNT"},"type":"Feature"},{"geometry":{"coordinates":[6.8452970000000004,60.295054999999998],"type":"Point"},"id":"bridge-ut-145289037","properties":{"description":"Sommerbroene ligger i hovedsak ute fra 1. juli til 1.oktober. Etter 1.oktober kan man altså ikke regne med at disse broene er operative, selv om enkelte broer kan bli liggende noen uker også etter dette. Vær- og føreforhold avgjør dette, i ...","elevation":960,"name":"Kinsekvelven","source":"UT.no\/DNT"},"type":"Feature"},{"geometry":{"coordinates":[6.827064,60.298403999999998],"type":"Point"},"id":"bridge-ut-145289641","properties":{"description":"Sommerbroene ligger i hovedsak ute fra 1. juli til 1.oktober. Etter 1.oktober kan man altså ikke regne med at disse broene er operative, selv om enkelte broer kan bli liggende noen uker også etter dette. Vær- og føreforhold avgjør dette, i ...","elevation":999,"name":"Gruvleløken","source":"UT.no\/DNT"},"type":"Feature"},{"geometry":{"coordinates":[6.0866870000000004,60.460079],"type":"Point"},"id":"bridge-ut-145289643","properties":{"description":"Sommerbroene ligger i hovedsak ute fra 1. juli til 1.oktober. Etter 1.oktober kan man altså ikke regne med at disse broene er operative, selv om enkelte broer kan bli liggende noen uker også etter dette. Vær- og føreforhold avgjør dette, i ...","elevation":775,"name":"Fugladalen","source":"UT.no\/DNT"},"type":"Feature"},{"geometry":{"coordinates":[5.9884370000000002,60.522086000000002],"type":"Point"},"id":"bridge-ut-145289644","properties":{"description":"Sommerbroene ligger i hovedsak ute fra 1. juli til 1.oktober. Etter 1.oktober kan man altså ikke regne med at disse broene er operative, selv om enkelte broer kan bli liggende noen uker også etter dette. Vær- og føreforhold avgjør dette, i ...","elevation":796,"name":"Grågaveltjørna","source":"UT.no\/DNT"},"type":"Feature"},{"geometry":{"coordinates":[6.0100110000000004,60.447859000000001],"type":"Point"},"id":"bridge-ut-145289645","properties":{"description":"Sommerbroene ligger i hovedsak ute fra 1. juli til 1.oktober. Etter 1.oktober kan man altså ikke regne med at disse broene er operative, selv om enkelte broer kan bli liggende noen uker også etter dette. Vær- og føreforhold avgjør dette, i ...","elevation":724,"name":"Blankelvi","source":"UT.no\/DNT"},"type":"Feature"},{"geometry":{"coordinates":[6.019736,60.482934999999998],"type":"Point"},"id":"bridge-ut-145289647","properties":{"description":"Sommerbroene ligger i hovedsak ute fra 1. juli til 1.oktober. Etter 1.oktober kan man altså ikke regne med at disse broene er operative, selv om enkelte broer kan bli liggende noen uker også etter dette. Vær- og føreforhold avgjør dette, i ...","elevation":746,"name":"Kjerringadalen","source":"UT.no\/DNT"},"type":"Feature"},{"geometry":{"coordinates":[6.8508810000000002,60.664251],"type":"Point"},"id":"bridge-ut-145290252","properties":{"description":"Sommerbroene ligger i hovedsak ute fra 1. juli til 1.oktober. Etter 1.oktober kan man altså ikke regne med at disse broene er operative, selv om enkelte broer kan bli liggende noen uker også etter dette. Vær- og føreforhold avgjør dette, i ...","elevation":849,"name":"Veseto","source":"UT.no\/DNT"},"type":"Feature"},{"geometry":{"coordinates":[5.5337860000000001,60.764448999999999],"type":"Point"},"id":"bridge-ut-145290253","properties":{"description":"Sommerbroene ligger i hovedsak ute fra 1. juli til 1.oktober. Etter 1.oktober kan man altså ikke regne med at disse broene er operative, selv om enkelte broer kan bli liggende noen uker også etter dette. Vær- og føreforhold avgjør dette, i ...","elevation":347,"name":"Paddesætret","source":"UT.no\/DNT"},"type":"Feature"},{"geometry":{"coordinates":[6.0763670000000003,60.509422000000001],"type":"Point"},"id":"bridge-ut-145290254","properties":{"description":"Sommerbroene ligger i hovedsak ute fra 1. juli til 1.oktober. Etter 1.oktober kan man altså ikke regne med at disse broene er operative, selv om enkelte broer kan bli liggende noen uker også etter dette. Vær- og føreforhold avgjør dette, i ...","elevation":594,"name":"Lii","source":"UT.no\/DNT"},"type":"Feature"},{"geometry":{"coordinates":[6.1302240000000001,61.008440999999998],"type":"Point"},"id":"bridge-ut-145290255","properties":{"description":"Sommerbroene ligger i hovedsak ute fra 1. juli til 1. oktober . Etter 1. oktober kan man altså ikke regne med at disse broene er operative, selv om enkelte broer kan bli liggende noen uker også etter dette. Vær- og føreforhold avgjør dette,...","elevation":639,"name":"Bro langs Vøvringevatnet","source":"UT.no\/DNT"},"type":"Feature"},{"geometry":{"coordinates":[6.1212260000000001,60.999364999999997],"type":"Point"},"id":"bridge-ut-145290256","properties":{"description":"Sommerbroene ligger i hovedsak ute fra 1. juli til 1. oktober . Etter 1. oktober kan man altså ikke regne med at disse broene er operative, selv om enkelte broer kan bli liggende noen uker også etter dette. Vær- og føreforhold avgjør dette,...","elevation":610,"name":"Bro langs Vøvringevatnet","source":"UT.no\/DNT"},"type":"Feature"},{"geometry":{"coordinates":[6.1229789999999999,61.003768000000001],"type":"Point"},"id":"bridge-ut-145290257","properties":{"description":"Sommerbroene ligger i hovedsak ute fra 1. juli til 1. oktober . Etter 1. oktober kan man altså ikke regne med at disse broene er operative, selv om enkelte broer kan bli liggende noen uker også etter dette. Vær- og føreforhold avgjør dette,...","elevation":637,"name":"Bro langs Vøvringevatnet","source":"UT.no\/DNT"},"type":"Feature"},{"geometry":{"coordinates":[15.526501,66.743683000000004],"type":"Point"},"id":"bridge-ut-145295913","properties":{"description":"Viskisområdet er et godt alternativ for korte turer øst for E6. Oppe ved utløpet fra Viskisvannet er det en fin plass for kaffekok, kanskje prøve fiskelykka - eller bare nyte utsikten nordover Saltdalen.","elevation":500,"name":"Viskisvannet","source":"UT.no\/DNT"},"type":"Feature"},{"geometry":{"coordinates":[8.838298,61.512936000000003],"type":"Point"},"id":"bridge-ut-145296546","properties":{"description":"Helårs stålbjelkebro med tredekke, like vest for Bessheim på ruten mellom Gjendesheim og Bessheim. DNT Oslo og omegn vedlikeholder denne brua. Se www.dntoslo.no for oppdatert informasjon, Spørsmål kan rettes til info.oslo@dnt.no eller Gjend...","elevation":1024,"name":"Nedre Bessa - helårsbro","source":"UT.no\/DNT"},"type":"Feature"},{"geometry":{"coordinates":[8.6607409999999998,61.349406999999999],"type":"Point"},"id":"bridge-ut-145296547","properties":{"description":"Sommerbru. Enkel trebru på ruten mellom Torfinnsbu og Bygdin høyfjellshotell. DNT Oslo og omegn vedlikeholder denne brua. Se www.dntoslo.no for oppdatert informasjon, Spørsmål kan rettes til info.oslo@dnt.no.","elevation":1062,"name":"Hestevollen 2 - SOMMERBRU","source":"UT.no\/DNT"},"type":"Feature"},{"geometry":{"coordinates":[8.6597600000000003,61.349305999999999],"type":"Point"},"id":"bridge-ut-145296548","properties":{"description":"Sommerbru. Enkel trebru på ruten mellom Torfinnsbu og Bygdin høyfjellshotell. DNT Oslo og omegn vedlikeholder denne brua. Se www.dntoslo.no for oppdatert informasjon, Spørsmål kan rettes til info.oslo@dnt.no.","elevation":1062,"name":"Hestevollen 1 - SOMMERBRU","source":"UT.no\/DNT"},"type":"Feature"},{"geometry":{"coordinates":[8.3749319999999994,61.380808000000002],"type":"Point"},"id":"bridge-ut-145296550","properties":{"description":"Helårsbro. HMV hengebro over Høystakka syd for Høystakktjernet på ruten mellom Fondsbu og Gjendebu. Vanskelig for hunder. DNT Oslo og omegn vedlikeholder denne brua. Se www.dntoslo.no for oppdatert informasjon, Spørsmål kan rettes til info....","elevation":1261,"name":"Øvre Høystakka - helårsbro","source":"UT.no\/DNT"},"type":"Feature"},{"geometry":{"coordinates":[8.3727219999999996,61.374209],"type":"Point"},"id":"bridge-ut-145296551","properties":{"description":"Ny bru er montert over Nedre Høystakka 2025. For status ta kontakt med Fondsbu turisthytte: 97074218, fondsbu@dnt.no","elevation":1076,"name":"Nedre Høystakka - helårsbro","source":"UT.no\/DNT"},"type":"Feature"},{"geometry":{"coordinates":[8.0130680000000005,61.489119000000002],"type":"Point"},"id":"bridge-ut-145297188","properties":{"description":"Helårs stålbjelkebru med tredekke, på ruten mellom Skogadalsbøen og Krossbu\/Sognefjellshytta. DNT Oslo og omegn vedlikeholder denne brua. Se www.dntoslo.no for oppdatert informasjon, Spørsmål kan rettes til info.oslo@dnt.no, eller Skogadals...","elevation":914,"name":"Kongsdøla - helårsbro","source":"UT.no\/DNT"},"type":"Feature"},{"geometry":{"coordinates":[8.1771510000000003,61.394579],"type":"Point"},"id":"bridge-ut-145297190","properties":{"description":"Helårsbro. Aluminiumsbro over stri elv ved utløpet av Kvitevatnet på ruten mellom Fondsbu og Skogadalsbøen. DNT Oslo og omegn vedlikeholder denne brua. Se www.dntoslo.no for oppdatert informasjon, Spørsmål kan rettes til info.oslo@dnt.no, e...","elevation":1396,"name":"Kvitevatnet - helårsbru","source":"UT.no\/DNT"},"type":"Feature"},{"geometry":{"coordinates":[8.5554000000000006,61.358325000000001],"type":"Point"},"id":"bridge-ut-145297195","properties":{"description":"Sommerbro. Aluminiumsbro i to spenn på ruten mellom Torfinnsbu og Fondsbu. DNT Oslo og omegn vedlikeholder denne brua. Se www.dntoslo.no for oppdatert informasjon, Spørsmål kan rettes til info.oslo@dnt.no.","elevation":1120,"name":"Langedalsåne - sommerbro","source":"UT.no\/DNT"},"type":"Feature"},{"geometry":{"coordinates":[8.2893430000000006,61.393222999999999],"type":"Point"},"id":"bridge-ut-145297198","properties":{"description":"Helårs trebjelkebro over Mjølkedøla på ruten mellom Fondsbu og Olavsbu. På grunn av gjentatte flomskader er broen flyttet et stykke oppstrøms. DNT Oslo og omegn vedlikeholder denne brua. Se www.dntoslo.no for oppdatert informasjon, Spørsmål...","elevation":1220,"name":"Mjølkedøla - helårsbro","source":"UT.no\/DNT"},"type":"Feature"},{"geometry":{"coordinates":[8.2735190000000003,61.470374999999997],"type":"Point"},"id":"bridge-ut-145297204","properties":{"description":"Sommerbru. Enkel trebjelkebru over Raudalselva like nedenfor Olavsbu på ruten fra Olavsbu til Skaogadalsbøen. DNT Oslo og omegn vedlikeholder denne brua. Se www.dntoslo.no for oppdatert informasjon, Spørsmål kan rettes til info.oslo@dnt.no.","elevation":1435,"name":"Olavsbu - sommerbro","source":"UT.no\/DNT"},"type":"Feature"},{"geometry":{"coordinates":[8.7942660000000004,61.556322999999999],"type":"Point"},"id":"bridge-ut-145297206","properties":{"description":"Lang, helårs hengebro over utløpsoset fra Russvatnet, like ved Russvassbue, på ruten mellom Gjendesheim og Glitterheim. DNT Oslo og omegn vedlikeholder denne brua. Se www.dntoslo.no for oppdatert informasjon, Spørsmål kan rettes til info.os...","elevation":1175,"name":"Russvassoset - helårsbro","source":"UT.no\/DNT"},"type":"Feature"},{"geometry":{"coordinates":[7.9934250000000002,63.478129000000003],"type":"Point"},"id":"bridge-ut-145305138","properties":{"description":"Verjeskiftbrua er en betongbjelkebro mellom øyene Flatøya og Kråkøya. Det er lite strøm her så det er lett å passere under for en kajakk. Det er lite båttrafikk her. Brua krysser sundet Verjeskiftet og er Smølas lengste bro med en lengde på...","name":"Verjeskiftbrua","source":"UT.no\/DNT"},"type":"Feature"},{"geometry":{"coordinates":[9.5846079999999994,61.244864],"type":"Point"},"id":"bridge-ut-145305813","properties":{"description":"Helårsbru på ruta fra Liomseter til Haldorbu. Bekken kan vades ved normal vannstand. DNT Oslo og omegn vedlikeholder denne brua. Spørsmål kan rettes til info.oslo@dnt.no.","elevation":894,"name":"Liomseterbekken - helårsbro","source":"UT.no\/DNT"},"type":"Feature"},{"geometry":{"coordinates":[9.3820519999999998,61.355857],"type":"Point"},"id":"bridge-ut-145305815","properties":{"description":"Helårsbru på ruta fra Skruirusten til Storhøliseter. DNT Oslo og omegn vedlikeholder denne brua. Spørsmål kan rettes til info.oslo@dnt.no.","elevation":1074,"name":"Raudgrovi - helårsbro","source":"UT.no\/DNT"},"type":"Feature"},{"geometry":{"coordinates":[9.3417910000000006,61.318927000000002],"type":"Point"},"id":"bridge-ut-145305816","properties":{"description":"Sommerbru på ruta fra Skriurusten til Storeskag. Bekken kan vades ved normal vannstand. DNT Oslo og omegn vedlikeholder denne brua. Se sommerbruoversikt . Spørsmål kan rettes til info.oslo@dnt.no.","elevation":1101,"name":"Langsudalsbekken - sommerbro","source":"UT.no\/DNT"},"type":"Feature"},{"geometry":{"coordinates":[11.267951999999999,60.790304999999996],"type":"Point"},"id":"bridge-ut-145313822","properties":{"description":"Dette er et turmål i Stange. Turforslaget finner du her .","elevation":167,"name":"Furaelva jernbanebru","source":"UT.no\/DNT"},"type":"Feature"},{"geometry":{"coordinates":[15.474565,66.736012000000002],"type":"Point"},"id":"bridge-ut-145330890","properties":{"description":"Dette er eneste kryssing av elva. Les infoskiltet på østsida av elva. Nyttig å vite om hva man kan\/ikke kan gjøre i et naturreservat.","elevation":441,"name":"Dypen naturreservat - innfallsport","source":"UT.no\/DNT"},"type":"Feature"},{"geometry":{"coordinates":[10.752967,59.926307000000001],"type":"Point"},"id":"bridge-ut-145333206","properties":{"description":"Broen ble flyttet fra Aamot til Oslo i 1957. Broen ligger vakkert plassert ved Kuba på Grünerløkka.","elevation":23,"name":"Aamot bru","source":"UT.no\/DNT"},"type":"Feature"},{"geometry":{"coordinates":[10.401564,63.428209000000003],"type":"Point"},"id":"bridge-ut-145339513","properties":{"description":"Gamle Bybro går over Nidelven i Trondheim sentrum, mellom Midtbyen og Bakklandet. Broen er i dag ikke for motoriesert kjøretøy, og har blitt populær blant turister som vil se den flotte broen med utsikt over Nidelven og Bakklandet.","elevation":2,"name":"Gamle Bybro","source":"UT.no\/DNT"},"type":"Feature"},{"geometry":{"coordinates":[15.088944,66.929370000000006],"type":"Point"},"id":"bridge-ut-145345064","properties":{"description":"Kryssing av elva (sommerstid) gjør du her. Så er det en høvelig rasteplass på veien mellom Jordbru og Oksvannet","elevation":460,"name":"Harodalselva","source":"UT.no\/DNT"},"type":"Feature"},{"geometry":{"coordinates":[15.408275,66.768844999999999],"type":"Point"},"id":"bridge-ut-145345069","properties":{"description":"Ved utløpet av Kjemåvannet er det sikker kryssing. Bua - hva kan det være?","elevation":629,"name":"Kjemåvannet - utløp","source":"UT.no\/DNT"},"type":"Feature"},{"geometry":{"coordinates":[5.9760840000000002,59.596206000000002],"type":"Point"},"id":"bridge-ut-145345909","properties":{"elevation":462,"name":"Fureosen","source":"UT.no\/DNT"},"type":"Feature"},{"geometry":{"coordinates":[10.893039,60.185147000000001],"type":"Point"},"id":"bridge-ut-145360453","properties":{"description":"Buebrua over Rotua i Nannestad er klar for sommertrafikken. Etter flere dager med frivillig innsats har brubyggerne åpnet bruen for oss alle 3. juni 2022.","elevation":320,"name":"Buebrua over Rotua","source":"UT.no\/DNT"},"type":"Feature"},{"geometry":{"coordinates":[7.8466680000000002,62.649968000000001],"type":"Point"},"id":"bridge-ut-145369888","properties":{"description":"Ny bro ved utosen av Måsvatnet ble bygd høsten 2022. Ligger på ruten mellom Måsvassbu og Vasstindbu\/Isfjorden. Brotype: Bjelkebru Lengde: 10 meter Bredde: 90 cm Høyde fra elv: ca. 1 meter Rekkverk på en side og grind på vestsiden","elevation":580,"name":"Bro Måsvatnet","source":"UT.no\/DNT"},"type":"Feature"},{"geometry":{"coordinates":[8.2200190000000006,62.562713000000002],"type":"Point"},"id":"bridge-ut-145369889","properties":{"description":"Bygd i 2010.","elevation":906,"name":"Bro Vikebotn","source":"UT.no\/DNT"},"type":"Feature"},{"geometry":{"coordinates":[11.964276,62.175254000000002],"type":"Point"},"id":"bridge-ut-145383872","properties":{"description":"Enkel bjelkebru over Sagbekken, på ruta fra Elgå til Svukuriset. Helårsbru, ligger ute hele året. Brua vedlikeholdes av DNT Oslo. Informasjon om bru kan fås på Svukuriset, eller på info.oslo@dnt.no","elevation":727,"name":"Sagbekken - helårsbro","source":"UT.no\/DNT"},"type":"Feature"},{"geometry":{"coordinates":[12.02469,63.115665999999997],"type":"Point"},"id":"bridge-ut-145403173","properties":{"description":"Elva Djupholma bærer sitt navn med rette. Den renner sakte og djupt fra langt nord for Esandsjøen og er her vanskelig å krysse. Da Esandsjøen ble demmet opp ble det bygget bru over elva. Brua er høg og luftig og litt \"spennende\".","elevation":733,"name":"Hengebroa over Djupholma","source":"UT.no\/DNT"},"type":"Feature"},{"geometry":{"coordinates":[6.9639579999999999,59.092393000000001],"type":"Point"},"id":"bridge-ut-145417238","properties":{"description":"Helårsbro mellom Taumevatn turisthytte og Dugeveien. Broen går over Djubevassbekkjen Bygget i 2010","elevation":750,"name":"Anlaugbekken bro","source":"UT.no\/DNT"},"type":"Feature"},{"geometry":{"coordinates":[7.5936880000000002,62.188605000000003],"type":"Point"},"id":"bridge-ut-145417239","properties":{"description":"Den østeligste av to bruer over Tverråa","elevation":749,"name":"Bru over Tverråa(øst)","source":"UT.no\/DNT"},"type":"Feature"},{"geometry":{"coordinates":[7.70777,62.162210999999999],"type":"Point"},"id":"bridge-ut-145417240","properties":{"description":"Bru på Fieldfareruta og mellom Fieldfarehytta og Veltdalshytta. Bygget og vedlikeholdt av Tafjord Kraft","elevation":1160,"name":"Bru i Veltdalen","source":"UT.no\/DNT"},"type":"Feature"},{"geometry":{"coordinates":[6.5347189999999999,58.936149],"type":"Point"},"id":"bridge-ut-145417241","properties":{"description":"Helårsbro På sti mellom Blåfjellenden og Flørli Bygget i 2010","elevation":637,"name":"Blåstøldalen bro","source":"UT.no\/DNT"},"type":"Feature"},{"geometry":{"coordinates":[6.2884029999999997,59.020043999999999],"type":"Point"},"id":"bridge-ut-145424139","properties":{"description":"Helårsbro mellom Bakken gard og Myra 10 meter Bygget i 2002 av grunneier, Forsand kommune nå Sandnes kommune","elevation":167,"name":"Myra bro","source":"UT.no\/DNT"},"type":"Feature"},{"geometry":{"coordinates":[6.2700620000000002,59.014259000000003],"type":"Point"},"id":"bridge-ut-145424140","properties":{"description":"Naturlig bro over juv, på sti mellom Bakken gard og Bratteli kai. 11 meter Trapp ned og opp fra juvet","elevation":46,"name":"Bratteli juv Trollbro","source":"UT.no\/DNT"},"type":"Feature"},{"geometry":{"coordinates":[6.2640450000000003,59.012881999999998],"type":"Point"},"id":"bridge-ut-145424141","properties":{"description":"Helårsbro Nedre mellom Bratteli og Prekestolen","elevation":42,"name":"Bro nedre mellom Bratteli og Prekestolen","source":"UT.no\/DNT"},"type":"Feature"},{"geometry":{"coordinates":[6.2630990000000004,59.014733],"type":"Point"},"id":"bridge-ut-145424142","properties":{"description":"Helårsbro, 12 meter Midtre mellom Bratteli og Prekestolen","elevation":151,"name":"Bro midtre mellom Bratteli og Prekestolen","source":"UT.no\/DNT"},"type":"Feature"},{"geometry":{"coordinates":[6.2614150000000004,59.016716000000002],"type":"Point"},"id":"bridge-ut-145424143","properties":{"description":"Helårsbro øvre Mellom Bratteli og Prekestolen","elevation":252,"name":"Bro øvre mellom Bratteli og Prekestolen","source":"UT.no\/DNT"},"type":"Feature"},{"geometry":{"coordinates":[6.294918,59.023710000000001],"type":"Point"},"id":"bridge-ut-145424144","properties":{"description":"Helårsbro bygget i tømmer fra området rundt Bakken gard Broen ligger i vernet området i Skurvedalen naturreservat Skurvedalen mellom Sundmork og Bakken gard 10 m","elevation":249,"name":"Skurvedalen bro","source":"UT.no\/DNT"},"type":"Feature"},{"geometry":{"coordinates":[6.8030559999999998,59.038240999999999],"type":"Point"},"id":"bridge-ut-145424145","properties":{"description":"Sesongbro, 5 meter Liten tømmer bro, kan vade 50-100 meter nedenfor ved lav vannføring","elevation":864,"name":"Børsteinen bro","source":"UT.no\/DNT"},"type":"Feature"},{"geometry":{"coordinates":[6.5627170000000001,59.429090000000002],"type":"Point"},"id":"bridge-ut-145424146","properties":{"description":"Helårsbro mellom Sandsa og Sandsaosen Lengde: 11 meter Type Renebubjelke Dobbel bredde for snøskuter Bygget i 2021","elevation":649,"name":"Fiskåna","source":"UT.no\/DNT"},"type":"Feature"},{"geometry":{"coordinates":[6.5826079999999996,59.434936999999998],"type":"Point"},"id":"bridge-ut-145424147","properties":{"description":"Helårsbro mellom Sansa og Gullingen Lengde: 10,6 meter Laget av renebubjelker og har dobbel bredde for snøskuter Bygget i 2021","elevation":623,"name":"Valåna bro","source":"UT.no\/DNT"},"type":"Feature"},{"geometry":{"coordinates":[6.4267969999999996,59.012227000000003],"type":"Point"},"id":"bridge-ut-145424148","properties":{"description":"Helårs stålbro For å gå den lille runden ved Flørlitrappene Lengde: 10 meter Bygget i 2012","elevation":69,"name":"Flørli bro","source":"UT.no\/DNT"},"type":"Feature"},{"geometry":{"coordinates":[6.4318379999999999,59.002552999999999],"type":"Point"},"id":"bridge-ut-145424149","properties":{"description":"Permanent hengebro av carbonrister på Rallarstien ovenfor Flørlistølen Lengde: 6,5 m Bygget i 2021","elevation":467,"name":"Flørli bro Rallarstien","source":"UT.no\/DNT"},"type":"Feature"},{"geometry":{"coordinates":[6.4275869999999999,59.003036999999999],"type":"Point"},"id":"bridge-ut-145424150","properties":{"description":"Hengebro mellom Flørlistølen og Skåpet Lengde: 9 m Permanent Gangbane av Carbonrister Bygget i 2013, nytt rekkverkswire montert høsten 2021","elevation":453,"name":"Flørlistølen bro","source":"UT.no\/DNT"},"type":"Feature"},{"geometry":{"coordinates":[9.3473760000000006,62.732700999999999],"type":"Point"},"id":"bridge-ut-145436974","properties":{"elevation":1040,"name":"Brua over Gravbekken","source":"UT.no\/DNT"},"type":"Feature"},{"geometry":{"coordinates":[6.7532240000000003,59.351140999999998],"type":"Point"},"id":"bridge-ut-145443902","properties":{"description":"Permanent hengebro mellom Førevassdammen og Eidavatn Bro ligger mellom Stora Gilavatn og Blåsjø","elevation":1056,"name":"Førevassdammen hengebro","source":"UT.no\/DNT"},"type":"Feature"},{"geometry":{"coordinates":[6.8633990000000002,59.577376999999998],"type":"Point"},"id":"bridge-ut-145443904","properties":{"description":"Gaukstøljuvet mellom Bleskestadmoen og Jonstøl\/Mosvatnet. Kan ofte være krevende under snøsmeltingen på vinterstid. elva er åpen og kan enkelt steingås ved Gaukstøl på lav vannstand. Liggerpå kvistet løype, kvistes normalt før hver påske","elevation":650,"name":"Gaukstøljuvet vinterbro","source":"UT.no\/DNT"},"type":"Feature"},{"geometry":{"coordinates":[6.8749779999999996,59.117804999999997],"type":"Point"},"id":"bridge-ut-145443905","properties":{"description":"Hengebro mellom Storevatn og Grautheller. Sesongbro. Normalt klar 01.Juni, demonteres i slutten av Oktober Wire bro med trelemmer, lengde: 22 m Byggeår: 1993 med rehab i 2003","elevation":757,"name":"Grautheller bro","source":"UT.no\/DNT"},"type":"Feature"},{"geometry":{"coordinates":[6.6612970000000002,59.484127000000001],"type":"Point"},"id":"bridge-ut-145443906","properties":{"description":"2 stk Permanent stålbroer mellom Sandsa og Kjetilstadvegen. Bredde for snøscooter Lengde: 8 m","elevation":535,"name":"Holmaliåno bro","source":"UT.no\/DNT"},"type":"Feature"},{"geometry":{"coordinates":[7.0166449999999996,59.366362000000002],"type":"Point"},"id":"bridge-ut-145443907","properties":{"description":"2 stk permanente broer mellom Hovatn og Vassdalstjørn lengde: 12 m, montert i området med mye snø 1113 moh","elevation":1112,"name":"Hovatn bro","source":"UT.no\/DNT"},"type":"Feature"},{"geometry":{"coordinates":[6.6014699999999999,58.87753],"type":"Point"},"id":"bridge-ut-145443908","properties":{"description":"Permanent bro mellom Hunnedal og Tomansbu (rett v parkeringsplassen på Tveitabrekkå) Stålbru av jernmane. Lengde: 8 m","elevation":620,"name":"Hunnå bro","source":"UT.no\/DNT"},"type":"Feature"},{"geometry":{"coordinates":[6.8589599999999997,59.559829999999998],"type":"Point"},"id":"bridge-ut-145443909","properties":{"description":"Permanent helårsbro i stål mellom Jonstølen og Krossvatn Lengde: 8 m","elevation":709,"name":"Jonstølånå bro","source":"UT.no\/DNT"},"type":"Feature"},{"geometry":{"coordinates":[7.18133,59.799743999999997],"type":"Point"},"id":"bridge-ut-145443910","properties":{"description":"Permanent helårsbro på stien fra Haukeliseter mot Holmavatn\/Bjåen Bygget av 2 stk H-bjelker i stål Eier: ukjent","elevation":980,"name":"Kisteelvi bro","source":"UT.no\/DNT"},"type":"Feature"},{"geometry":{"coordinates":[7.1890599999999996,59.813197000000002],"type":"Point"},"id":"bridge-ut-145443911","properties":{"description":"Permanent helårsbro på stien fra Haukeliseter mot Holmavatn\/Kvanndalen. Dekke er ubehandla malmfuru, rekverk \"Gamle Stavanger\" bjelkene Limtre produsert av Rennebu-Bjelken Montert av Lyngstad Bygg : Høsten 2024 (Produsert 2022 Lagret på p-p...","elevation":979,"name":"Kistetjønn bro","source":"UT.no\/DNT"},"type":"Feature"},{"geometry":{"coordinates":[7.0041669999999998,59.627301000000003],"type":"Point"},"id":"bridge-ut-145443912","properties":{"description":"Permanent helårsbro på stien fra Holmavatn mot Bleskestadmoen. Bygget av galvanisert stål Lengde: 12 m Dyraheio verneområde","elevation":733,"name":"Klauvskeimoen bro","source":"UT.no\/DNT"},"type":"Feature"},{"geometry":{"coordinates":[6.7292860000000001,59.185015999999997],"type":"Point"},"id":"bridge-ut-145443913","properties":{"description":"Permanent stålbro mellom Nilsebu og Litle Aurådal","elevation":889,"name":"Knutånå bro","source":"UT.no\/DNT"},"type":"Feature"},{"geometry":{"coordinates":[6.8962349999999999,59.467540999999997],"type":"Point"},"id":"bridge-ut-145446826","properties":{"description":"Permanent helårsbro mellom Krossvatn og Nøvlenuten, på stien fra Krossvatn ca 300 m nord-vest fra hytta. Bygget i galvanisert stål og betong Eier: Statkraft","elevation":1093,"name":"Spranget bro","source":"UT.no\/DNT"},"type":"Feature"},{"geometry":{"coordinates":[6.9878669999999996,59.691220000000001],"type":"Point"},"id":"bridge-ut-145446827","properties":{"description":"Permanent stålbro mellom Kvanndal og Holmavatn Eier: Stavanger Turistforening","elevation":655,"name":"Tronggjo bro","source":"UT.no\/DNT"},"type":"Feature"},{"geometry":{"coordinates":[6.4840999999999998,58.722405999999999],"type":"Point"},"id":"bridge-ut-145446828","properties":{"description":"Bro mellom Ørsdalen og Støle Permanent hengebro med gangbane av glassfiber rister","elevation":380,"name":"Kvitlen Kvitlaåna bro","source":"UT.no\/DNT"},"type":"Feature"},{"geometry":{"coordinates":[6.3775769999999996,58.688063],"type":"Point"},"id":"bridge-ut-145446829","properties":{"description":"Ligger mellom Eikebrekka og Kvitlen i Austalen. 5-600 m nedenfor parkeringsplassen ved Eikebrekka, like ved tunnel fra Stavtjørn Lengde: 490 cm","elevation":320,"name":"Litlaåna bro","source":"UT.no\/DNT"},"type":"Feature"},{"geometry":{"coordinates":[6.6757059999999999,59.189390000000003],"type":"Point"},"id":"bridge-ut-145446830","properties":{"description":"Permanent helårsbro Like ved Nilsebu turisthytte","elevation":734,"name":"Gråfolåna bro ved Nilsebu","source":"UT.no\/DNT"},"type":"Feature"},{"geometry":{"coordinates":[6.6391609999999996,59.431018999999999],"type":"Point"},"id":"bridge-ut-145446831","properties":{"description":"Broen ligger i nordre enden av Grunnavatnet 702moh. Og utløpet av Svinstølsvatnet og Kviavatnet.705moh Brua er på stien som er mellom Sandsa og Stranddalen via Napen Bygget i galvanisert stål av Stavanger Turistforening 2011","elevation":710,"name":"Kviåna bro","source":"UT.no\/DNT"},"type":"Feature"},{"geometry":{"coordinates":[6.5441099999999999,58.926377000000002],"type":"Point"},"id":"bridge-ut-145450816","properties":{"description":"Permanent helårsbro mellom Blåfjellenden og Sandvatn. 1.200m øst for Blåfjellenden","elevation":658,"name":"Leitesånå bro","source":"UT.no\/DNT"},"type":"Feature"},{"geometry":{"coordinates":[6.1031089999999999,58.771692999999999],"type":"Point"},"id":"bridge-ut-145450817","properties":{"description":"Permanent helårsbro på sti fra Madland mot brekkå","elevation":259,"name":"Madland bro Gloppåna","source":"UT.no\/DNT"},"type":"Feature"},{"geometry":{"coordinates":[6.1026009999999999,58.773963999999999],"type":"Point"},"id":"bridge-ut-145450818","properties":{"description":"På sti langs Madlandsvannet, mellom Gloppåna og Slettabø Permanent helårsbro i tre, bygget i 2015","elevation":252,"name":"Madland bro Lomsvik","source":"UT.no\/DNT"},"type":"Feature"},{"geometry":{"coordinates":[6.091736,58.777805999999998],"type":"Point"},"id":"bridge-ut-145450819","properties":{"description":"På sti langs Madlandsvannet, mellom Madland og Lomsvik Permanent helårsbro i tre, oppført i 2018","elevation":250,"name":"Madland bro Slettabø","source":"UT.no\/DNT"},"type":"Feature"},{"geometry":{"coordinates":[6.6749229999999997,58.944063],"type":"Point"},"id":"bridge-ut-145450820","properties":{"description":"Sør for Sandvatn turisthytte, permanent helårsbro i stål Eier: Stavanger Turistforening","elevation":855,"name":"Mangædna bro","source":"UT.no\/DNT"},"type":"Feature"},{"geometry":{"coordinates":[6.1566830000000001,58.978026],"type":"Point"},"id":"bridge-ut-145450822","properties":{"description":"Permanent helårsbro i tømmer Nord for Revsvatnet og Preikestolen turisthytte.","elevation":236,"name":"Revsvatnet bro","source":"UT.no\/DNT"},"type":"Feature"},{"geometry":{"coordinates":[6.6529749999999996,58.954104000000001],"type":"Point"},"id":"bridge-ut-145450823","properties":{"description":"Permanent stålbro mellom Sandvatn og Langavatn Like ved Sandvatn turisthytte","elevation":911,"name":"Sandvatn bro","source":"UT.no\/DNT"},"type":"Feature"},{"geometry":{"coordinates":[6.6522399999999999,58.798864000000002],"type":"Point"},"id":"bridge-ut-145450824","properties":{"description":"Mellom Skredå og Støle Permanent helårsbro i stål Ekstra bredde for snøscooter(120 cm)","elevation":596,"name":"Skredåni bro","source":"UT.no\/DNT"},"type":"Feature"},{"geometry":{"coordinates":[6.6762350000000001,59.190080000000002],"type":"Point"},"id":"bridge-ut-145456849","properties":{"description":"Permanent helårsbro i stål Like ved gjeterhytta, bak Nilsebu turisthytte","elevation":737,"name":"Kvitlå bro","source":"UT.no\/DNT"},"type":"Feature"},{"geometry":{"coordinates":[6.670261,59.192216999999999],"type":"Point"},"id":"bridge-ut-145456851","properties":{"description":"Permanent helårsbro i stål mellom Nilsebu og Stakken","elevation":735,"name":"Storånå bro","source":"UT.no\/DNT"},"type":"Feature"},{"geometry":{"coordinates":[6.4232630000000004,59.242238],"type":"Point"},"id":"bridge-ut-145456854","properties":{"description":"I Ritlandskrateret ved Finnanslia og Øyastøl","elevation":432,"name":"Øyastølsmyra bro","source":"UT.no\/DNT"},"type":"Feature"},{"geometry":{"coordinates":[6.8925869999999998,59.59066],"type":"Point"},"id":"bridge-ut-145456855","properties":{"description":"Suldal Kommune På tursti mellom Jonstølen\/Mostøl og Bleskestadsmoen Permanent helårsbro i tre","elevation":759,"name":"Skitstøl bro","source":"UT.no\/DNT"},"type":"Feature"},{"geometry":{"coordinates":[6.4677199999999999,58.713039000000002],"type":"Point"},"id":"bridge-ut-145456856","properties":{"description":"Mellom Kvitlen og Bjordal","elevation":379,"name":"Brattabø bro Kvednabekken","source":"UT.no\/DNT"},"type":"Feature"},{"geometry":{"coordinates":[6.4663149999999998,58.711976999999997],"type":"Point"},"id":"bridge-ut-145460650","properties":{"description":"Mellom Kvitlen og Bjordal","elevation":400,"name":"Brattabø bro Lurabekken","source":"UT.no\/DNT"},"type":"Feature"},{"geometry":{"coordinates":[6.3267930000000003,58.959186000000003],"type":"Point"},"id":"bridge-ut-145460651","properties":{"description":"Rett ved Vinddalen Parkeringsplass Permanent helårsbro i tre","elevation":389,"name":"Skåpet Vinddalen bro ved P-plass","source":"UT.no\/DNT"},"type":"Feature"},{"geometry":{"coordinates":[6.3273700000000002,58.965232999999998],"type":"Point"},"id":"bridge-ut-145460652","properties":{"description":"På sti fra Vinddalen til Skåpet Turisthytte Permanent helårsbro i tømmer","elevation":434,"name":"Skåpet Tjuahedler bro","source":"UT.no\/DNT"},"type":"Feature"},{"geometry":{"coordinates":[6.3295029999999999,58.974437999999999],"type":"Point"},"id":"bridge-ut-145460653","properties":{"description":"Permanent helårsbro i tre, på sti fra Vinddalen P-plass til Skåpet Turisthytte","elevation":486,"name":"Skåpet Soddatjørn bro","source":"UT.no\/DNT"},"type":"Feature"},{"geometry":{"coordinates":[6.5891010000000003,59.178282000000003],"type":"Point"},"id":"bridge-ut-145460654","properties":{"description":"På sti mellom Stakken og Nilsebu","elevation":742,"name":"Stakkåna bro","source":"UT.no\/DNT"},"type":"Feature"},{"geometry":{"coordinates":[6.5622759999999998,59.181516000000002],"type":"Point"},"id":"bridge-ut-145460655","properties":{"description":"Permanent helårsbro, på sti mellom Stakken og Nilsebu","elevation":755,"name":"Stakken bro","source":"UT.no\/DNT"},"type":"Feature"},{"geometry":{"coordinates":[6.6309699999999996,58.853814999999997],"type":"Point"},"id":"bridge-ut-145460660","properties":{"description":"Permanent helårsbro, på sti mellom Tveitabrekkå og Tomannsbu","elevation":723,"name":"Øydevatn bro","source":"UT.no\/DNT"},"type":"Feature"},{"geometry":{"coordinates":[6.4128369999999997,59.157643999999998],"type":"Point"},"id":"bridge-ut-145460661","properties":{"description":"Permanent helårsbru av Jernbanebjelker, med tredekke På gammel drifteveg mellom Nes og Viglesdalen Brua består av flere stenbruer og en stålbru","elevation":413,"name":"Viglesdalen bro","source":"UT.no\/DNT"},"type":"Feature"},{"geometry":{"coordinates":[6.3968889999999998,59.151879999999998],"type":"Point"},"id":"bridge-ut-145460662","properties":{"description":"Permanent helårsbro i tre, på sti mellom Nes og Viglesdalen","elevation":354,"name":"Hellestølåna bro","source":"UT.no\/DNT"},"type":"Feature"},{"geometry":{"coordinates":[6.9088620000000001,59.280856999999997],"type":"Point"},"id":"bridge-ut-145464669","properties":{"description":"På sti mellom Storsteinen og Storevassdammen Permanent helårsbro i stål","elevation":940,"name":"Storsteinen bro","source":"UT.no\/DNT"},"type":"Feature"},{"geometry":{"coordinates":[6.7170610000000002,59.438965000000003],"type":"Point"},"id":"bridge-ut-145464670","properties":{"description":"På sti mellom Stranddalen Sandsa og Stranddalen til Kjetilsdadlia Permanent helårsbro","elevation":975,"name":"Stranddalsåna bro","source":"UT.no\/DNT"},"type":"Feature"},{"geometry":{"coordinates":[6.5723750000000001,58.765377000000001],"type":"Point"},"id":"bridge-ut-145464671","properties":{"description":"på sti mellom Stavtjørn og Støle, like før hytta når du kommer fra Kvitlen Permanent hengebro med med glassfiberrister","elevation":550,"name":"Støle hengebro","source":"UT.no\/DNT"},"type":"Feature"},{"geometry":{"coordinates":[6.3328949999999997,59.045594999999999],"type":"Point"},"id":"bridge-ut-145464672","properties":{"description":"Permanent helårsbro i tømmer, ved turisthytta Sundmork","elevation":469,"name":"Sundmork bro","source":"UT.no\/DNT"},"type":"Feature"},{"geometry":{"coordinates":[7.0092049999999997,59.118979000000003],"type":"Point"},"id":"bridge-ut-145464673","properties":{"description":"Mellom Taumevatn og Storevatn Permanent helårsbro i stål","elevation":862,"name":"Tarjeisånæ bro","source":"UT.no\/DNT"},"type":"Feature"},{"geometry":{"coordinates":[7.0753519999999996,59.675682999999999],"type":"Point"},"id":"bridge-ut-145464674","properties":{"description":"Mellom Sandvatn og Holmavatn Permanent helårsbro","elevation":997,"name":"Tverråna bro","source":"UT.no\/DNT"},"type":"Feature"},{"geometry":{"coordinates":[6.5305260000000001,59.381410000000002],"type":"Point"},"id":"bridge-ut-145464675","properties":{"description":"Mellom Ulladalen og Blåsjøveien Permanent helårsbro i tømmer","elevation":209,"name":"Ulladalen bro","source":"UT.no\/DNT"},"type":"Feature"},{"geometry":{"coordinates":[7.1886390000000002,59.781776999999998],"type":"Point"},"id":"bridge-ut-145464676","properties":{"description":"Mellom Holmavatn og Haukeli, nord for Haukeliseter fjellstue Permanent helårsbro i tømmer","elevation":959,"name":"Vassdalen bro","source":"UT.no\/DNT"},"type":"Feature"},{"geometry":{"coordinates":[6.530405,58.929267000000003],"type":"Point"},"id":"bridge-ut-145464679","properties":{"description":"på sti fra Blåfjellenden, 50m mot Langavatn Permanent helårsbro i stål","elevation":605,"name":"Blåfjellenden bro","source":"UT.no\/DNT"},"type":"Feature"},{"geometry":{"coordinates":[8.6705839999999998,59.025145999999999],"type":"Point"},"id":"bridge-ut-145469685","properties":{"description":"Dette turmålet ligger underveis på turforslaget til Reinsvassnuten fra Bjønntjønn eller på turforslaget til Breivassåsen. På begge passer du denne brua som går over dammen. VINTERBESKRIVELSE: Mjåvassdammen ligger rett ved grønn løype drøye ...","elevation":451,"name":"Mjåvassdammen","source":"UT.no\/DNT"},"type":"Feature"},{"geometry":{"coordinates":[8.6522590000000008,59.031216999999998],"type":"Point"},"id":"bridge-ut-145469686","properties":{"description":"Dette turmålet ligger langs løypa til Reinsvassnuten fra Bjønntjønn eller løypa til Breivassåsen. Se vedlagte linker for beskrivelse.","elevation":414,"name":"Bjønntjønndammen","source":"UT.no\/DNT"},"type":"Feature"},{"geometry":{"coordinates":[6.4832460000000003,59.163974000000003],"type":"Point"},"id":"bridge-ut-145471691","properties":{"description":"På sti mellom Viglesdalen og Stakken Permanent helårsbro i tømmer","elevation":759,"name":"Grytå bro","source":"UT.no\/DNT"},"type":"Feature"},{"geometry":{"coordinates":[6.9658879999999996,59.683548000000002],"type":"Point"},"id":"bridge-ut-145471692","properties":{"description":"På sti mellom Kvanndalsdammen og Kvanndalen Permanent helårsbro i tømmer","elevation":636,"name":"Flesa bro","source":"UT.no\/DNT"},"type":"Feature"},{"geometry":{"coordinates":[6.9606050000000002,59.633487000000002],"type":"Point"},"id":"bridge-ut-145471693","properties":{"description":"På sti mellom Bleskastad og Bleskestadmoen Permanent helårsbro i betong","elevation":645,"name":"Klovfoss bro","source":"UT.no\/DNT"},"type":"Feature"},{"geometry":{"coordinates":[6.6416209999999998,59.040776000000001],"type":"Point"},"id":"bridge-ut-145471694","properties":{"description":"På sti mellom Øygardstøl P-plass og Kjeragbolten Permanent helårsbro i stein(1,3 tonn)","elevation":740,"name":"Litledalen bro","source":"UT.no\/DNT"},"type":"Feature"},{"geometry":{"coordinates":[6.6288530000000003,59.041167000000002],"type":"Point"},"id":"bridge-ut-145471695","properties":{"description":"På sti mellom Øygardstøl P-plass og Kjeragbolten Permanent helårsbro i stein (1 tonn) Hjertesteinen","elevation":832,"name":"Langedalen - Hjertesteinen bro","source":"UT.no\/DNT"},"type":"Feature"},{"geometry":{"coordinates":[6.6785920000000001,59.476232000000003],"type":"Point"},"id":"bridge-ut-145471696","properties":{"description":"På sti fra Kjetilstadlia P-plass til Stranddalen Permanent helårsbro i stål","elevation":658,"name":"Grunnavasstølen bro","source":"UT.no\/DNT"},"type":"Feature"},{"geometry":{"coordinates":[7.0196899999999998,59.131552999999997],"type":"Point"},"id":"bridge-ut-145471698","properties":{"description":"På sti mellom Storevatn og Taumevatn Permanent helårsbro i stål","elevation":960,"name":"Storevassånæ bro","source":"UT.no\/DNT"},"type":"Feature"},{"geometry":{"coordinates":[8.1468369999999997,61.515990000000002],"type":"Point"},"id":"bridge-ut-145484805","properties":{"description":"Sommer, bjelkebro over Sandelvi på ruten mellom Leirvassbu og Skogadalsbøen. DNT Oslo og omegn vedlikeholder denne brua. Se www.dntoslo.no for oppdatert informasjon, Spørsmål kan rettes til info.oslo@dnt.no.","elevation":1205,"name":"Sandelvi - sommerbro","source":"UT.no\/DNT"},"type":"Feature"},{"geometry":{"coordinates":[8.4166240000000005,61.479236],"type":"Point"},"id":"bridge-ut-145484806","properties":{"description":"Aluminiums sommerbru på ruten mellom Gjendebu og Leirvassbu. DNT Oslo og omegn vedlikeholder denne brua. Se www.dntoslo.no for oppdatert informasjon, Spørsmål kan rettes til info.oslo@dnt.no, eller til Gjendebu turisthytte i sesongen.","elevation":1199,"name":"Semelåe - sommerbro","source":"UT.no\/DNT"},"type":"Feature"},{"geometry":{"coordinates":[8.0178980000000006,61.462420999999999],"type":"Point"},"id":"bridge-ut-145484807","properties":{"description":"Helårs trebjelkebru med stålstag, ca 200 m fre Skogadalsbøen på ruten til Vettismorki\/Fondsbu. Godt egnet for barn og hunder. DNT Oslo og omegn vedlikeholder denne brua. Se www.dntoslo.no for oppdatert informasjon, Spørsmål kan rettes til i...","elevation":845,"name":"Skogadøla - helårsbro","source":"UT.no\/DNT"},"type":"Feature"},{"geometry":{"coordinates":[8.0207390000000007,61.513882000000002],"type":"Point"},"id":"bridge-ut-145484808","properties":{"description":"Helårs stålbjelkebru ca 6,5 km nord for Skogadalsbøen , på ruten til Sognefjellshytta\/Krossbu. Broen er egnet for barn og hunder. DNT Oslo og omegn vedlikeholder denne brua. Se www.dntoslo.no for oppdatert informasjon, Spørsmål kan rettes t...","elevation":1143,"name":"Steindøla bru - helårsbro","source":"UT.no\/DNT"},"type":"Feature"},{"geometry":{"coordinates":[8.0068649999999995,61.478560999999999],"type":"Point"},"id":"bridge-ut-145484809","properties":{"description":"Lang og solid helårs hengebru over Utla ca 2 km nord for Skogadalsbøen, på ruten til Fannaråken\/Turtagrø\/Sognefjellshytta\/Krossbu. DNT Oslo og omegn vedlikeholder denne brua. Se www.dntoslo.no for oppdatert informasjon, Spørsmål kan rettes ...","elevation":809,"name":"Storebrui - helårsbro","source":"UT.no\/DNT"},"type":"Feature"},{"geometry":{"coordinates":[8.0819729999999996,61.495201000000002],"type":"Point"},"id":"bridge-ut-145484810","properties":{"description":"Helårs trebjelkebru på ruten mellom Skogadalsbøen og Leirvassbu, like ved stidelet til Olavsbu. Godt egnet for barn og hunder. DNT Oslo og omegn vedlikeholder denne brua. Se www.dntoslo.no for oppdatert informasjon, Spørsmål kan rettes til ...","elevation":997,"name":"Storutladalen - helårsbro","source":"UT.no\/DNT"},"type":"Feature"},{"geometry":{"coordinates":[8.4841189999999997,61.449275],"type":"Point"},"id":"bridge-ut-145484811","properties":{"description":"Stor og solid helårs trebru. Elva kan vades ca 100 m nedstrøms når det er lite vann. DNT Oslo og omegn vedlikeholder denne brua. Se www.dntoslo.no for oppdatert informasjon, Spørsmål kan rettes til info.oslo@dnt.no, eller Gjendebu turisthyt...","elevation":984,"name":"Storåe bru Vangane - helårsbro","source":"UT.no\/DNT"},"type":"Feature"},{"geometry":{"coordinates":[7.9339000000000004,61.401746000000003],"type":"Point"},"id":"bridge-ut-145491855","properties":{"description":"Sommerbru med to stolper og løse lemmer. ca 100 m fra hytta. Mulig vadested litt ovenfor brua. DNT Oslo og omegn vedlikeholder denne brua. Se www.dntoslo.no for oppdatert informasjon, Spørsmål kan rettes til info.oslo@dnt.no.","elevation":850,"name":"Stølsmaradøla - sommerbro","source":"UT.no\/DNT"},"type":"Feature"},{"geometry":{"coordinates":[8.5939449999999997,61.381920000000001],"type":"Point"},"id":"bridge-ut-145491856","properties":{"description":"Helårs aluminiumsbru med rekkverk over Torfinnsdøla ca 3 km nord for Torfinnsbu, på ruten til Gjendebu. DNT Oslo og omegn vedlikeholder denne brua. Se www.dntoslo.no for oppdatert informasjon, Spørsmål kan rettes til info.oslo@dnt.no.","elevation":1376,"name":"Svartdalen - helårsbro","source":"UT.no\/DNT"},"type":"Feature"},{"geometry":{"coordinates":[7.9581350000000004,61.534728999999999],"type":"Point"},"id":"bridge-ut-145491857","properties":{"description":"Enkel sommerbru av aluminium over elva mellom Tavla og Prestesteinvatnet på ruten mellom Sognefjellshytta og Fannaråken. DNT Oslo og omegn vedlikeholder denne brua. Se www.dntoslo.no for oppdatert informasjon, Spørsmål kan rettes til info.o...","elevation":1386,"name":"Tavla - sommerbro","source":"UT.no\/DNT"},"type":"Feature"},{"geometry":{"coordinates":[8.7312329999999996,61.572704000000002],"type":"Point"},"id":"bridge-ut-145491858","properties":{"description":"Sommerbro. Ca 10 m lang nettinghengebru med gangbane av tre, ca 2-3 m over en stri elv, nord for Russvannet, ca 9,5 km fra Glitterheim på ruten til Gjendesheim. DNT Oslo og omegn vedlikeholder denne brua. Se www.dntoslo.no for oppdatert inf...","elevation":1318,"name":"Tjønnholåe - SOMMERBRU","source":"UT.no\/DNT"},"type":"Feature"},{"geometry":{"coordinates":[8.5982210000000006,61.355758000000002],"type":"Point"},"id":"bridge-ut-145492877","properties":{"description":"Sommerbru. Enkel trebjelkebru 100 m fra Torfinnsbu, på ruten til Fondsbu. DNT Oslo og omegn vedlikeholder denne brua. Se www.dntoslo.no for oppdatert informasjon, Spørsmål kan rettes til info.oslo@dnt.no. Andre halvdel av bura er tatt av fl...","elevation":1062,"name":"Torfinnsbu - Tunbrua - sommerbro","source":"UT.no\/DNT"},"type":"Feature"},{"geometry":{"coordinates":[8.0111819999999998,61.451042999999999],"type":"Point"},"id":"bridge-ut-145492878","properties":{"description":"Helårs trebru med rekkverk på en side, ca 2 km sør for Skogadalsbøen, på ruten til Vettismorki. Egnet for barn og hunder. DNT Oslo og omegn vedlikeholder denne brua. Se www.dntoslo.no for oppdatert informasjon, Spørsmål kan rettes til info....","elevation":880,"name":"Uradøla - helårsbro","source":"UT.no\/DNT"},"type":"Feature"},{"geometry":{"coordinates":[8.647278,61.621957000000002],"type":"Point"},"id":"bridge-ut-145492879","properties":{"description":"Lang, helårs hengebru 1 km øst for Glitterheim, på ruten til Gjendesheim og Memurubu. Solid trapp i begge ender. 2-3 m over elva som kan være farlig stri. Totalrehabilitert i 2022. DNT Oslo og omegn vedlikeholder denne brua. Se www.dntoslo....","elevation":1368,"name":"Veo - helårsbro","source":"UT.no\/DNT"},"type":"Feature"},{"geometry":{"coordinates":[30.191127999999999,70.293110999999996],"type":"Point"},"id":"bridge-ut-145502448","properties":{"elevation":110,"name":"Komagvær hengebru","source":"UT.no\/DNT"},"type":"Feature"},{"geometry":{"coordinates":[8.492559,61.445486000000002],"type":"Point"},"id":"bridge-ut-145508542","properties":{"description":"Helårs fagverksbru over Veslåe på ruten mellom Gjendebu og Torfinnsbu. Broen er egnet for barn og hunder. DNT Oslo og omegn vedlikeholder denne brua. Se www.dntoslo.no for oppdatert informasjon, Spørsmål kan rettes til info.oslo@dnt.no, ell...","elevation":990,"name":"Veslåe ved Gjende - helårsbro","source":"UT.no\/DNT"},"type":"Feature"},{"geometry":{"coordinates":[8.4499259999999996,61.434772000000002],"type":"Point"},"id":"bridge-ut-145508543","properties":{"description":"Aluminiums sommerbru på ruten mellom Gjendebu og Fondsbu\/Olavsbu. DNT Oslo og omegn vedlikeholder denne brua. Se www.dntoslo.no for oppdatert informasjon, Spørsmål kan rettes til info.oslo@dnt.no, eller Gjendebu turisthytte i sesongen.","elevation":1132,"name":"Veslåe øvre -sommerbro","source":"UT.no\/DNT"},"type":"Feature"},{"geometry":{"coordinates":[8.4766910000000006,61.442064000000002],"type":"Point"},"id":"bridge-ut-145508544","properties":{"description":"Helårs fagverksbru på over en tidvis meget stri elv, på umerket sti på ruten fra Gjendebu til Langedalen\/Svartdalspiggen. DNT Oslo og omegn vedlikeholder denne brua. Se www.dntoslo.no for oppdatert informasjon, Spørsmål kan rettes til info....","elevation":1019,"name":"Veslåe Langedalen bru - helårsbro","source":"UT.no\/DNT"},"type":"Feature"},{"geometry":{"coordinates":[7.2695629999999998,60.534745000000001],"type":"Point"},"id":"bridge-ut-145526871","properties":{"description":"Helårsbru. Kort trebjelkebru like ved Rembesdalseter turisthytte, over en elv som kan være vanskelig å vade ved stor vannføring, på ruten til Finse og Hallingskeid. DNT Oslo og omegn vedlikeholder disse bruene. Se www.dntoslo.no for oppdate...","elevation":968,"name":"Rembesdalseter tunbru - helårsbro","source":"UT.no\/DNT"},"type":"Feature"},{"geometry":{"coordinates":[8.687951,61.659464],"type":"Point"},"id":"bridge-ut-145527889","properties":{"description":"HELÅRSBRU. Stor bilbru på vegen inn til Glitterheim. DNT Oslo og omegn vedlikeholder disse bruene. Se www.dntoslo.no for oppdatert informasjon. Spørsmål kan rettes til info.oslo@dnt.no, eller Glitterheim turisthytte i sesongen.","elevation":1331,"name":"Bergenussa 1 - helårs bilbro","source":"UT.no\/DNT"},"type":"Feature"},{"geometry":{"coordinates":[8.6846530000000008,61.656990999999998],"type":"Point"},"id":"bridge-ut-145527890","properties":{"description":"HELÅRSBRU. Stor bilbru på vegen inn til Glitterheim. DNT Oslo og omegn vedlikeholder disse bruene. Se www.dntoslo.no for oppdatert informasjon. Spørsmål kan rettes til info.oslo@dnt.no, eller Glitterheim turisthytte i sesongen.","elevation":1336,"name":"Bergenussa 2 - helårs bilbro","source":"UT.no\/DNT"},"type":"Feature"},{"geometry":{"coordinates":[7.9974540000000003,61.476933000000002],"type":"Point"},"id":"bridge-ut-145527891","properties":{"description":"Helårs trebru over Gjertvasselva, på umerket sti mellom Storebrui og Vormeli, på vestsiden av Utla. Broen er bygget for midler fra Statens naturoppsyn, mens DNT Oslo og omegn dekket helikoptertransport. Se www.dntoslo.no for oppdatert infor...","elevation":856,"name":"Gjertvassbrua - helårsbru","source":"UT.no\/DNT"},"type":"Feature"},{"geometry":{"coordinates":[8.5402109999999993,61.276304000000003],"type":"Point"},"id":"bridge-ut-145527995","properties":{"description":"Helårs trebru like nedenfor utløpsoset i Nedre Dignledalstjernet. Egnet for barn og hunder. DNT Oslo og omegn vedlikeholder denne brua. Se www.dntoslo.no for oppdatert informasjon, Spørsmål kan rettes til info.oslo@dnt.no.","elevation":1201,"name":"Dingla - helårsbro","source":"UT.no\/DNT"},"type":"Feature"},{"geometry":{"coordinates":[7.2088749999999999,60.690609000000002],"type":"Point"},"id":"bridge-ut-145528910","properties":{"description":"Heilårsbru på ruta mellom Hallingskeid og Kaldavasshytta.","elevation":980,"name":"Grøndalsbru","source":"UT.no\/DNT"},"type":"Feature"},{"geometry":{"coordinates":[6.841577,60.689616999999998],"type":"Point"},"id":"bridge-ut-145528911","properties":{"description":"Sommarbru på ruta mellom Mjølfjell og Ulvik","elevation":569,"name":"Mjølfjell \/ Urdlandsstølen (bru)","source":"UT.no\/DNT"},"type":"Feature"},{"geometry":{"coordinates":[6.3116529999999997,60.79974],"type":"Point"},"id":"bridge-ut-145528912","properties":{"description":"Sommarbru på ruta mellom Torvedalshytta og Volahytta","elevation":852,"name":"Kvitanosdalen (bru)","source":"UT.no\/DNT"},"type":"Feature"},{"geometry":{"coordinates":[6.3237420000000002,60.820396000000002],"type":"Point"},"id":"bridge-ut-145528913","properties":{"description":"Heilårsbru på ruta mellom Torvedalshytta og Volahytta nedanfor Torvedalsdammen.","elevation":800,"name":"Torvedalsdammen (bru)","source":"UT.no\/DNT"},"type":"Feature"},{"geometry":{"coordinates":[6.4040480000000004,60.885285000000003],"type":"Point"},"id":"bridge-ut-145528914","properties":{"description":"Sommarbru på ruta mellom Torvedalshytta og Målset (Sendedalen). Myrkdalen Grunneigarlag.","elevation":924,"name":"Holmavatnet (bru)","source":"UT.no\/DNT"},"type":"Feature"},{"geometry":{"coordinates":[6.2882660000000001,60.748404999999998],"type":"Point"},"id":"bridge-ut-145528915","properties":{"description":"Sommarbru på ruta mellom Voladammen og Volahytta.","elevation":938,"name":"Voladammen (bru)","source":"UT.no\/DNT"},"type":"Feature"},{"geometry":{"coordinates":[6.309355,60.740116999999998],"type":"Point"},"id":"bridge-ut-145528916","properties":{"description":"Sommarbru på ruta mellom Volahytta og Tvinnestølen.","elevation":956,"name":"Borgavatnet (bru)","source":"UT.no\/DNT"},"type":"Feature"},{"geometry":{"coordinates":[6.3073459999999999,60.739556999999998],"type":"Point"},"id":"bridge-ut-145528917","properties":{"description":"Sommarbru på ruta mellom Volahytta og Dyrvedalen.","elevation":941,"name":"Nedsta Piksvatn (bru)","source":"UT.no\/DNT"},"type":"Feature"},{"geometry":{"coordinates":[6.9411370000000003,60.773023999999999],"type":"Point"},"id":"bridge-ut-145528918","properties":{"description":"Sommarbru på ruta mellom Ljosanbotn og Grindaflethytta.","elevation":963,"name":"Elvamotet (bru)","source":"UT.no\/DNT"},"type":"Feature"},{"geometry":{"coordinates":[6.9289949999999996,60.794390999999997],"type":"Point"},"id":"bridge-ut-145528919","properties":{"description":"Sommarbru på ruta mellom Ljosanbotn og Grindaflethytta.","elevation":991,"name":"Stordalen (bru)","source":"UT.no\/DNT"},"type":"Feature"},{"geometry":{"coordinates":[6.9243189999999997,60.842699000000003],"type":"Point"},"id":"bridge-ut-145528920","properties":{"description":"Sommarbru på ruta mellom Ljosanbotn\/ Flåm og Grindaflethytta.","elevation":1079,"name":"Osen ved Grindafletvatnet (bru)","source":"UT.no\/DNT"},"type":"Feature"},{"geometry":{"coordinates":[7.1215999999999999,60.732232000000003],"type":"Point"},"id":"bridge-ut-145528921","properties":{"description":"Sommarbru på ruta mellom Myrdal og Kaldavasshytta.","elevation":860,"name":"Myrdal (bru)","source":"UT.no\/DNT"},"type":"Feature"},{"geometry":{"coordinates":[6.5637990000000004,60.511972],"type":"Point"},"id":"bridge-ut-145528922","properties":{"description":"Heilårsbru på ruta mellom Rong og Folkedal.","elevation":581,"name":"Glimmesbrua","source":"UT.no\/DNT"},"type":"Feature"},{"geometry":{"coordinates":[6.5544079999999996,60.512138],"type":"Point"},"id":"bridge-ut-145528923","properties":{"description":"Heilårsbru på ruta mellom Rong og Kvanndal.","elevation":590,"name":"Nedre Almenningen (bru)","source":"UT.no\/DNT"},"type":"Feature"},{"geometry":{"coordinates":[6.5970060000000004,60.483029000000002],"type":"Point"},"id":"bridge-ut-145528924","properties":{"description":"Heilårsbru på ruta mellom Rong og Kvanndal.","elevation":78,"name":"Kvanndalen (bru)","source":"UT.no\/DNT"},"type":"Feature"},{"geometry":{"coordinates":[6.2117089999999999,60.539907999999997],"type":"Point"},"id":"bridge-ut-145528925","properties":{"description":"Heilårsbru på ruta mellom Hodnaberg og Botn.","elevation":771,"name":"Nedre Kvålsdalen (bru)","source":"UT.no\/DNT"},"type":"Feature"},{"geometry":{"coordinates":[6.2053700000000003,60.501398999999999],"type":"Point"},"id":"bridge-ut-145528926","properties":{"description":"Heilårsbru på stien mellom Hodnaberg og Botn. Grunneigarlag.","elevation":190,"name":"Flatabøstølen (bru)","source":"UT.no\/DNT"},"type":"Feature"},{"geometry":{"coordinates":[6.3207100000000001,60.552151000000002],"type":"Point"},"id":"bridge-ut-145528927","properties":{"description":"Heilårsbru på ruta mellom Hodnaberg og Gjelle.","elevation":1111,"name":"Huelvdalen (bru)","source":"UT.no\/DNT"},"type":"Feature"},{"geometry":{"coordinates":[7.0114559999999999,60.005870999999999],"type":"Point"},"id":"bridge-ut-145529946","properties":{"description":"Sommerbru. Trebjelkebru på ruten mellom Middalsbu og Litlos. Elva kan være stor og farlig i vårløsningen, men er ellers grei å vade. DNT Oslo og Omegn har ikke ansvar for denne brau. Se www.dnt.no\/oslo for oppdatert informasjon. Spørsmål ka...","elevation":1101,"name":"Brokafoss - sommerbro","source":"UT.no\/DNT"},"type":"Feature"},{"geometry":{"coordinates":[7.4689490000000003,60.452880999999998],"type":"Point"},"id":"bridge-ut-145537076","properties":{"description":"Sommerbru ved Leirvatnet, på ruta mellom Kjeldebu og Finsehytta. Brua vedlikeholdes av Søre Skjold beitelag. Se www.dntoslo.no for oppdatert informasjon, Spørsmål kan rettes til info.oslo@dnt.no.","elevation":1022,"name":"Leiro ved Leirvatnet - sommerbro","source":"UT.no\/DNT"},"type":"Feature"},{"geometry":{"coordinates":[9.3250039999999998,61.314028],"type":"Point"},"id":"bridge-ut-145543236","properties":{"description":"Aluminiums sommerbru med tredekke på ruta fra Storeskag til Skriurusten og Storhøliseter. DNT Oslo og omegn vedlikeholder denne brua. Se sommerbruoversikt . Spørsmål kan rettes til info.oslo@dnt.no.","elevation":1095,"name":"Grønfly - sommerbro","source":"UT.no\/DNT"},"type":"Feature"},{"geometry":{"coordinates":[8.3206740000000003,61.381514000000003],"type":"Point"},"id":"bridge-ut-145563628","properties":{"description":"Helårs trebjelkebru på ruten mellom Fondsbu og Torfinnsbu\/Gjendebu. DNT Oslo og omegn vedlikeholder denne brua. Se www.dntoslo.no for oppdatert informasjon, Spørsmål kan rettes til info.oslo@dnt.no, eller Fondsbu turisthytte i sesongen.","elevation":1062,"name":"Gravabekken - helårsbro","source":"UT.no\/DNT"},"type":"Feature"},{"geometry":{"coordinates":[8.3967069999999993,61.595205],"type":"Point"},"id":"bridge-ut-145563629","properties":{"description":"To helårs tømmerbruer over Hellstuguåi på ruten mellom Spiterstulen og Leirvassbu\/Gjendebu. DNT Oslo og omegn vedlikeholder denne brua. Se www.dntoslo.no for oppdatert informasjon, Spørsmål kan rettes til info.oslo@dnt.no, eller Leirvassbu ...","elevation":1190,"name":"Hellstuguåe - helårsbro","source":"UT.no\/DNT"},"type":"Feature"},{"geometry":{"coordinates":[7.6633570000000004,62.605564999999999],"type":"Point"},"id":"bridge-ut-145601374","properties":{"description":"Ved stor vannføring i elva kan det være fornuftig å krysse elva her i stedet for på hengebrua ved Norvikstølen. Man unngår da vading for å komme bort til hengebrua fra nord.","elevation":358,"name":"Sommerbro Haukebergstølen","source":"UT.no\/DNT"},"type":"Feature"},{"geometry":{"coordinates":[7.2998960000000004,59.18092],"type":"Point"},"id":"bridge-ut-145602724","properties":{"description":"Lang hengebro over elva mellom Botsvatn og Låghellervatn. Sommerbro. Brotype: Hengebro Avstand til hytte: 400 m til Bossbu Lengde på bro: 37 m Høyde på rekkverk: 80 cm Bredde på gangbane: 60 cm","elevation":1022,"name":"Botnsvadet-broa","source":"UT.no\/DNT"},"type":"Feature"},{"geometry":{"coordinates":[8.2898329999999998,60.125737000000001],"type":"Point"},"id":"bridge-ut-145602725","properties":{"elevation":1200,"name":"Uppnesåi","source":"UT.no\/DNT"},"type":"Feature"},{"geometry":{"coordinates":[9.677187,61.823832000000003],"type":"Point"},"id":"bridge-ut-145602726","properties":{"description":"HELÅRSBRU. Stor utleggsbru i tømmer. Vedlikeholdes av DNT Oslo og omegn.","elevation":920,"name":"Kåsenbrua - helårsbru","source":"UT.no\/DNT"},"type":"Feature"},{"geometry":{"coordinates":[12.104255999999999,62.053941999999999],"type":"Point"},"id":"bridge-ut-145643482","properties":{"description":"Helårs buebru på ruten mellom Småsjøvollen og Valldalen gård. DNT Oslo og omegn vedlikeholder denne brua. Se www.dntoslo.no for oppdatert informasjon, Spørsmål kan rettes til info.oslo@dnt.no.","elevation":735,"name":"Gutua - helårsbro","source":"UT.no\/DNT"},"type":"Feature"},{"geometry":{"coordinates":[8.0189339999999998,61.490456999999999],"type":"Point"},"id":"bridge-ut-145643483","properties":{"description":"Helårsbru. DNT Oslo og Omegn har ikke ansvar for brua. Se www.dnt.no\/oslo for oppdatert informasjon. Spørsmål kan rettes til info.oslo@dnt.no for oppdatert informasjon.","elevation":955,"name":"Guridalen - helårsbro","source":"UT.no\/DNT"},"type":"Feature"},{"geometry":{"coordinates":[8.6016290000000009,61.355738000000002],"type":"Point"},"id":"bridge-ut-145643484","properties":{"description":"Sommerbro. Trebjelkebro i to spenn ca 200 m øst for Torfinnsbu. DNT Oslo og omegn vedlikeholder denne brua. Se www.dntoslo.no for oppdatert informasjon, Spørsmål kan rettes til info.oslo@dnt.no.","elevation":1066,"name":"Nedre Torfinnsdøla - sommerbro","source":"UT.no\/DNT"},"type":"Feature"},{"geometry":{"coordinates":[7.9470989999999997,61.379246999999999],"type":"Point"},"id":"bridge-ut-145644849","properties":{"description":"Helårs stålbjelkebru med tredekke og rekkverk på begge sider, over stri og dyp elv, like over Vettisfossen, på ruta mellom Vetti gard og Vettismorki. Alternativ sti mot øst, syd for Morkaelvi til bru ved Kalvøynhaug. DNT Oslo og omegn vedli...","elevation":655,"name":"Morkaelvi bru - helårsbro","source":"UT.no\/DNT"},"type":"Feature"},{"geometry":{"coordinates":[7.9593160000000003,61.380927999999997],"type":"Point"},"id":"bridge-ut-145644850","properties":{"description":"Helårs trebjelkebru med rekkverk på en side, på den østre ruten mellom Vetti gard og Vettismorki, ca 0,5 km fra Vettismorki. DNT Oslo og omegn vedlikeholder denne brua. Se www.dntoslo.no for oppdatert informasjon, Spørsmål kan rettes til in...","elevation":677,"name":"Morkaelvi ved Kalvøynhaug - helårsbro","source":"UT.no\/DNT"},"type":"Feature"},{"geometry":{"coordinates":[7.533544,61.809978000000001],"type":"Point"},"id":"bridge-ut-145646216","properties":{"description":"Helårsbru. Ca 4 m lang trebru uten rekkverk ca 3,2 km fra Slæom på ruten mellom Sota\/Mysubyttseter og Slæom. DNT Oslo og Omegn vedlikeholder denne brua. Spørsmål kan rettes til info.oslo@dnt.no","elevation":1040,"name":"Midtre Kupgrovi - helårsbro","source":"UT.no\/DNT"},"type":"Feature"},{"geometry":{"coordinates":[7.5743460000000002,61.626117000000001],"type":"Point"},"id":"bridge-ut-145646219","properties":{"description":"HELÅRSBRU. 3 små helårsbruer ca 2 km SØ for Arentzbu, på ruten mellom Arentzbu og Mørkrisdalen. DNT Oslo og Omegn vedlikeholder disse bruene. Spørsmål kan rettes til info.oslo@dnt.no","elevation":982,"name":"Kvitene - helårsbro","source":"UT.no\/DNT"},"type":"Feature"},{"geometry":{"coordinates":[7.591094,61.902315999999999],"type":"Point"},"id":"bridge-ut-145646222","properties":{"description":"Sommerbru av aluminium, ca 1 km vest for Skridulaupbu, på ruten fra Skridulaupbu til Slæom og Kampehamrane\/Uppstryn. DNT Oslo og Omegn vedlikeholder denne brua. Se sommerbruoversikt . Spørsmål kan rettes til info.oslo@dnt.no","elevation":947,"name":"Viergrovi - sommerbro","source":"UT.no\/DNT"},"type":"Feature"},{"geometry":{"coordinates":[7.3380720000000004,61.509335],"type":"Point"},"id":"bridge-ut-145646224","properties":{"description":"To helårs solide bjelkebruer kort veg fra parkeringsplassen, på ruten mellom Vigdalstøl\/Vårstølen og Fivla\/Dalsdalen. DNT Oslo og omegn vedlikeholder disse bruene. Se www.dntoslo.no for oppdatert informasjon, Spørsmål kan rettes til info.os...","elevation":650,"name":"Vårstølen bru - helårsbro","source":"UT.no\/DNT"},"type":"Feature"},{"geometry":{"coordinates":[11.910954,62.460956000000003],"type":"Point"},"id":"bridge-ut-145646225","properties":{"description":"Helårsbru. DNT Oslo og Omegn har ikke ansvar for brua. Se www.dnt.no\/oslo for oppdatert informasjon. Spørsmål kan rettes til info.oslo@dnt.no for oppdatert informasjon.","elevation":660,"name":"Hestbetåsbekken - helårsbro","source":"UT.no\/DNT"},"type":"Feature"},{"geometry":{"coordinates":[11.916741,62.43562],"type":"Point"},"id":"bridge-ut-145646226","properties":{"description":"Helårs bjelkebro på ruten mellom Langen gjestegård og Ljøsnåvollen. DNT Oslo og omegn vedlikeholder denne brua. Se www.dntoslo.no for oppdatert informasjon, Spørsmål kan rettes til info.oslo@dnt.no.","elevation":662,"name":"Lortholrenna - helårsbro","source":"UT.no\/DNT"},"type":"Feature"},{"geometry":{"coordinates":[12.036713000000001,62.353006999999998],"type":"Point"},"id":"bridge-ut-145646227","properties":{"description":"Bred, ca 25 m lang stokkebro over vanskelig terreng - ikke over elv, ca 700 m vest for Røvollen, på ruta mellom Røa og Røvollen. DNT Oslo og omegn vedlikeholder denne brua. Se www.dntoslo.no for oppdatert informasjon, Spørsmål kan rettes ti...","elevation":727,"name":"Litje Helvete - helårsbro","source":"UT.no\/DNT"},"type":"Feature"},{"geometry":{"coordinates":[12.068873,62.340890999999999],"type":"Point"},"id":"bridge-ut-145646228","properties":{"description":"Helårs trebjelkebru med rekkverk på begge sider over Røa, like ved utløpsoset i Nedre Roasten, på ruten mellom Røvollen og Haugen\/Svukuriset. DNT Oslo og omegn vedlikeholder denne brua. Se www.dntoslo.no for oppdatert informasjon, Spørsmål ...","elevation":720,"name":"Nedre Roasten - helårsbro","source":"UT.no\/DNT"},"type":"Feature"},{"geometry":{"coordinates":[11.409670999999999,62.448563],"type":"Point"},"id":"bridge-ut-145646229","properties":{"description":"Solid og bred helårs trebjelkebru, 2,5km nord for DNT-hytta Narjordet, på ruten mellom Narjordet og Røros. Ny bru ble bygget i 2022. DNT Oslo og omegn vedlikeholder denne brua. Se www.dntoslo.no for oppdatert informasjon, Spørsmål kan rette...","elevation":705,"name":"Sagbrua - helårsbro","source":"UT.no\/DNT"},"type":"Feature"},{"geometry":{"coordinates":[11.932002000000001,62.473044999999999],"type":"Point"},"id":"bridge-ut-145646230","properties":{"description":"Helårs trebjelkebru like SØ for Feragen, på ruten mellom Ljøsnåvollen og Fjølburøsten. DNT Oslo og omegn vedlikeholder denne brua. Se www.dntoslo.no for oppdatert informasjon, Spørsmål kan rettes til info.oslo@dnt.no.","elevation":659,"name":"Svartvikbekken - helårsbro","source":"UT.no\/DNT"},"type":"Feature"},{"geometry":{"coordinates":[12.015313000000001,62.221411000000003],"type":"Point"},"id":"bridge-ut-145646231","properties":{"description":"Helårsbru ved Svukuriset. Se https:\/\/www.dnt.no\/oslo for oppdatert informasjon. Spørsmål kan rettes til info.oslo@dnt.no","elevation":827,"name":"Tunbrua - helårsbro","source":"UT.no\/DNT"},"type":"Feature"},{"geometry":{"coordinates":[11.171764,62.255434000000001],"type":"Point"},"id":"bridge-ut-145646232","properties":{"description":"Helårs trebjelkebru, ca 5 km nord for Raudsjødalen, på ruten mellom Raudsjødalen og Hodalen. DNT Oslo og omegn vedlikeholder denne brua. Se www.dntoslo.no for oppdatert informasjon, Spørsmål kan rettes til info.oslo@dnt.no.","elevation":980,"name":"Ørdbekken - helårsbro","source":"UT.no\/DNT"},"type":"Feature"},{"geometry":{"coordinates":[6.7620849999999999,59.967506],"type":"Point"},"id":"bridge-ut-145647598","properties":{"description":"Helårs bjelkebro over Reinso, like vest for Svartavatnet, på ruten mellom Middalsbu og Reinsnos. DNT Oslo og omegn vedlikeholder denne brua. Se www.dntoslo.no for oppdatert informasjon, Spørsmål kan rettes til info.oslo@dnt.no.","elevation":796,"name":"Svartavatnet - helårsbro","source":"UT.no\/DNT"},"type":"Feature"},{"geometry":{"coordinates":[10.296574,62.044898000000003],"type":"Point"},"id":"bridge-ut-145654467","properties":{"description":"HELÅRSBRU. Trebjelkebru over Sølna ved Follandsvangen setergrend, på ruten mellom Follandsvangen og Breisjøseter\/Korsberghytta. Spørsmål kan rettes til info.oslo@dnt.no.","elevation":898,"name":"Sølna ved Follandsvangen - helårsbro","source":"UT.no\/DNT"},"type":"Feature"},{"geometry":{"coordinates":[11.215949,60.785514999999997],"type":"Point"},"id":"bridge-ut-145658628","properties":{"description":"Dette er et turmål i Stange kommune. Turforslaget finner du her .","elevation":156,"name":"Vaskeplassen","source":"UT.no\/DNT"},"type":"Feature"},{"geometry":{"coordinates":[8.6287939999999992,61.620415999999999],"type":"Point"},"id":"bridge-ut-145685133","properties":{"description":"2 sommerbruer over Steinbuelva. Elva har bredt seg ut i ca. 200 m bredde, med bru over de største elveløpene i hver ende. Hellom disse er det lagt ut plnaker på bakken, men ved stor vannføring kan det være risiko for å bli våt hvis man går ...","elevation":1383,"name":"Steinbuelva - sommerbro","source":"UT.no\/DNT"},"type":"Feature"},{"geometry":{"coordinates":[9.4458850000000005,61.337009999999999],"type":"Point"},"id":"bridge-ut-145685134","properties":{"description":"Helårsbru ca 100 m fra Storkvolvbu, på ruten Storkvolvbu - Liomseter. Bekken kan vades ca 300 m ovenfor brustedet. DNT Oslo og omegn vedlikeholder denne brua. Se www.dntoslo.no for oppdatert informasjon, Spørsmål kan rettes til info.oslo@dn...","elevation":1191,"name":"Storkvolvbekken","source":"UT.no\/DNT"},"type":"Feature"},{"geometry":{"coordinates":[9.5730640000000005,61.228386999999998],"type":"Point"},"id":"bridge-ut-145685135","properties":{"description":"HELÅRSBRU. Hengebru ca 2 km SV for Liomseter på ruten til Svarthamar. DNT Oslo og omegn vedlikeholder denne brua. Spørsmål kan rettes til info.oslo@dnt.no.","elevation":860,"name":"Fjelldokka - helårsbro","source":"UT.no\/DNT"},"type":"Feature"},{"geometry":{"coordinates":[9.6191630000000004,61.277431],"type":"Point"},"id":"bridge-ut-145686530","properties":{"description":"HELÅRSBRU. Bred, helårs trebjelkebru på ruten mellom Liomseter og Nysætra\/Vestfjellhytta. DNT Oslo og omegn vedlikeholder denne brua. Spørsmål kan rettes til info.oslo@dnt.no.","elevation":982,"name":"Revåa - helårsbro","source":"UT.no\/DNT"},"type":"Feature"},{"geometry":{"coordinates":[9.4451140000000002,61.463112000000002],"type":"Point"},"id":"bridge-ut-145689337","properties":{"description":"HELÅRSBRU. Trebjelkebru på ruten mellom Storhøliseter og Ruten. Broen er i dårlig stand og det er uklart hvem har vedlikeholdsansvar.","elevation":720,"name":"Veslevollen bru - helårsbro","source":"UT.no\/DNT"},"type":"Feature"},{"geometry":{"coordinates":[11.161125,60.492744000000002],"type":"Point"},"id":"bridge-ut-145711723","properties":{"elevation":123,"name":"Flesvik - kloppa","source":"UT.no\/DNT"},"type":"Feature"},{"geometry":{"coordinates":[8.1764700000000001,61.621386000000001],"type":"Point"},"id":"bridge-ut-146145320","properties":{"description":"Helårsbru over Leirdøla, ved Geitsætra på vegen til Leirvassbu. Brua er ikke en del av DNT's rutenett, men gir tilgang til området på vestsida av Leirdalen, på bilvegen fra riksveg 55 til Leirvassbu. Brua vedlikeholdes av DNT Oslo og omegn....","elevation":986,"name":"Leirdøla v\/Geitsætra - sommerbro","source":"UT.no\/DNT"},"type":"Feature"},{"geometry":{"coordinates":[10.04693,61.920237999999998],"type":"Point"},"id":"bridge-ut-146145322","properties":{"description":"Liten trebru som ligger 200 meter sørvest for den store fagverksbrua ved Straumbu på ruta til Bjørnhollia. Elva kan vades nedstrøms for brua. DNT Oslo og Omegn vedlikeholder denne brua. Se www.dntoslo.no for oppdatert informasjon. Spørsmål ...","elevation":709,"name":"Stormyldinge liten trebru - helårsbro","source":"UT.no\/DNT"},"type":"Feature"},{"geometry":{"coordinates":[7.9598190000000004,61.383611999999999],"type":"Point"},"id":"bridge-ut-146164404","properties":{"description":"Helårs trebjelkebru på ruten mellom Vettismorki og Vetti Gard, ca. 200km fra Vettismorki. DNT Oslo og omegn vedlikeholder denne brua. Se www.dntoslo.no for oppdatert informasjon, Spørsmål kan rettes til info.oslo@dnt.no.","elevation":679,"name":"Lometjørnsbekken - helårsbro","source":"UT.no\/DNT"},"type":"Feature"},{"geometry":{"coordinates":[10.021763999999999,61.941634000000001],"type":"Point"},"id":"bridge-ut-146168461","properties":{"description":"Bilbru over Atna på veien til Bjørnhollia. For info ta kontakt med Bjørnhollia, bjornhollia@dnt.no, eller DNT Oslo info.oslo@dnt.no.","elevation":704,"name":"Gammelgarden, bilbru over Atna","source":"UT.no\/DNT"},"type":"Feature"},{"geometry":{"coordinates":[10.475842999999999,63.391649999999998],"type":"Point"},"id":"bridge-ut-146176557","properties":{"description":"Til Tømmerholtdammen kommer du lett med bil fra parkeringsplassen Bekken i Estenstadmarka. Følg grusveien oppover bakken til du kommer til skogslekeplassen på Kvernhusflata. Legg merke til ekornmateren på ei gran til høyre for vegen rett fø...","elevation":246,"name":"Tømmerholtdammen","source":"UT.no\/DNT"},"type":"Feature"},{"geometry":{"coordinates":[8.7043630000000007,59.029308],"type":"Point"},"id":"bridge-ut-146182023","properties":{"description":"Dette turmålet når du når du følger den rød merka løypa mellom Felehovet og Uvdal. Her følger du grusveien i ca 2 km, og her går det over på sti som du følger ca 300 m. Ved brua er turmålet. Les mer om turen i vedlagte link.","elevation":499,"name":"Reinsvatnet","source":"UT.no\/DNT"},"type":"Feature"},{"geometry":{"coordinates":[6.6163559999999997,62.502496000000001],"type":"Point"},"id":"bridge-ut-146198319","properties":{"description":"Skodjebruene er to veibruer (Heggjestraumsbrua og Skodjebrua) som går over Skodjestraumen. Bruene var en del av fylkesvei 661 fram til de ble avløst i 2004.","name":"Skodjebruene","source":"UT.no\/DNT"},"type":"Feature"},{"geometry":{"coordinates":[15.360749,66.308046000000004],"type":"Point"},"id":"bridge-ut-146234023","properties":{"elevation":652,"name":"Bru Virvasselva","source":"UT.no\/DNT"},"type":"Feature"},{"geometry":{"coordinates":[15.240219,66.490910999999997],"type":"Point"},"id":"bridge-ut-146234024","properties":{"description":"OBS! Denne broa er ødelagt. Bruk bro i Randalen og følg E6.","elevation":521,"name":"Bru Ranelva Bolna","source":"UT.no\/DNT"},"type":"Feature"},{"geometry":{"coordinates":[15.305370999999999,66.426754000000003],"type":"Point"},"id":"bridge-ut-146234025","properties":{"description":"Hengebru. Elva her er stort sett tørr.","elevation":634,"name":"Bru Sør-Randalselva","source":"UT.no\/DNT"},"type":"Feature"},{"geometry":{"coordinates":[14.95003,66.563490999999999],"type":"Point"},"id":"bridge-ut-146234026","properties":{"elevation":451,"name":"Bru Storbekken","source":"UT.no\/DNT"},"type":"Feature"},{"geometry":{"coordinates":[15.034929,66.613630999999998],"type":"Point"},"id":"bridge-ut-146234027","properties":{"elevation":496,"name":"Bru Storfiskea","source":"UT.no\/DNT"},"type":"Feature"},{"geometry":{"coordinates":[15.069506000000001,66.609117999999995],"type":"Point"},"id":"bridge-ut-146234028","properties":{"elevation":579,"name":"Bru Kvitsteinelva","source":"UT.no\/DNT"},"type":"Feature"},{"geometry":{"coordinates":[15.025866000000001,66.718323999999996],"type":"Point"},"id":"bridge-ut-146234029","properties":{"description":"Hengebru.","elevation":599,"name":"Bru Bjøllåga","source":"UT.no\/DNT"},"type":"Feature"},{"geometry":{"coordinates":[15.043536,66.200125999999997],"type":"Point"},"id":"bridge-ut-146234030","properties":{"elevation":580,"name":"Bru Kvepsendalselva","source":"UT.no\/DNT"},"type":"Feature"},{"geometry":{"coordinates":[15.051792000000001,66.195801000000003],"type":"Point"},"id":"bridge-ut-146234031","properties":{"elevation":571,"name":"Bru Djupvasskardbekken","source":"UT.no\/DNT"},"type":"Feature"},{"geometry":{"coordinates":[9.2388919999999999,62.827120999999998],"type":"Point"},"id":"bridge-ut-146246747","properties":{"description":"Bro over Slettåa like ved Trollheimshytta.","elevation":534,"name":"Bro over Slettåa","source":"UT.no\/DNT"},"type":"Feature"},{"geometry":{"coordinates":[9.4171759999999995,62.839669999999998],"type":"Point"},"id":"bridge-ut-146246750","properties":{"description":"Bro over Litjsvartåa i Svartådalen. Her deles to av rutene mellom Jøldalshytta og Trollheimshytta, gjennom Svatådalen eller over Geitfjellet.","elevation":678,"name":"Bro over Litjsvartåa","source":"UT.no\/DNT"},"type":"Feature"},{"geometry":{"coordinates":[5.3538750000000004,61.531773999999999],"type":"Point"},"id":"bridge-ut-146285664","properties":{"description":"Øvre brua over Høydalselva vart bygd i og ligg på 390 moh. Det er ei trebru som er 105 cm brei og 598 cm lang og har rekkverk på begge sider. Brua er sommer og vinterbru. Turbeskrivinger ligg på ut.no God tur","elevation":391,"name":"Brua over Høydalselva - øvre","source":"UT.no\/DNT"},"type":"Feature"},{"geometry":{"coordinates":[5.4838620000000002,61.594596000000003],"type":"Point"},"id":"bridge-ut-146285665","properties":{"description":"Brua over Kleivaelva vart bygd i 2020 av Eikefjord Idretttslag og ligg på 260 moh. Det er ei trebru som er 120 cm brei og 530 cm lang og har rekkverk på ei side. Brua er sommer og vinterbru. God tur","elevation":260,"name":"Brua over Kleivaelva","source":"UT.no\/DNT"},"type":"Feature"},{"geometry":{"coordinates":[5.4680470000000003,61.600807000000003],"type":"Point"},"id":"bridge-ut-146285666","properties":{"description":"Brua ligg mellom Eikefjordstøylen og Hovlandsstølane på 440 moh. Den er 50 cm brei og 490 cm lang og har rekkverk på ei side. Brua vart opna 24 04 18 og er laga i glassfiber hos Brødrene Aa - skipsverftet i Eikefjord. Brua er sommer og vint...","elevation":440,"name":"Brua mellom Eikefjordstøylen og Hovlandsstølane ","source":"UT.no\/DNT"},"type":"Feature"},{"geometry":{"coordinates":[5.4579250000000004,61.607883000000001],"type":"Point"},"id":"bridge-ut-146285667","properties":{"description":"Brua ovafor Hovlandsstølane ligg på 478 moh. Elva som brua går over er Hovlandselva. Den er ei trebru som er 196 cm brei og 580 cm lang og har rekkverk på ei side. Brua er sommer og vinterbru. God tur","elevation":475,"name":"Brua ovafor Hovlandsstølane","source":"UT.no\/DNT"},"type":"Feature"},{"geometry":{"coordinates":[5.3778620000000004,61.656796],"type":"Point"},"id":"bridge-ut-146294717","properties":{"description":"Brua over elva der traktorvegen frå gravplassen i Norddalsfjord endar ved Litlevatnet 95 moh. Det er ei trebru som er 35 cm brei og 1075 cm lang og har rekkverk på ei side. Byggeår 2017. Brua er sommer og vinterbru. Turbeskrivingar på ut.no...","elevation":95,"name":"Brua ved Litlevatnet","source":"UT.no\/DNT"},"type":"Feature"},{"geometry":{"coordinates":[5.3369739999999997,61.543557999999997],"type":"Point"},"id":"bridge-ut-146312834","properties":{"description":"Nedre brua over Høydalselva vart bygd i og ligg på 43 moh. Det er ei trebru som er 293 cm brei og 798 cm lang. Den har rekkverk på begge sider og grind på nordsida for å hindre at dyra på beite kjem seg over brua. Hugs å lukke grinda etter ...","elevation":43,"name":"Brua over Høydalselva - nedre","source":"UT.no\/DNT"},"type":"Feature"},{"geometry":{"coordinates":[10.920095,61.154752000000002],"type":"Point"},"id":"bridge-ut-146317366","properties":{"description":"Hamar og Hedemarken Turistforening (HHT) har drømt om ei bru over Åsta helt siden de etablerte Åkersætra leirsted i 2002. I 2014 gikk drømmen i oppfyllelse. Brua ble åpnet for allmenn ferdsel fredag 19. august 2014. Det er fine turmulighete...","elevation":660,"name":"Åkersætrabrua","source":"UT.no\/DNT"},"type":"Feature"},{"geometry":{"coordinates":[10.129963999999999,61.67145],"type":"Point"},"id":"bridge-ut-146320387","properties":{"description":"Helårs utliggerbru med rekkverk på en side. Informasjon om denne brua kan sendes til info.oslo@dnt.no","elevation":945,"name":"Mya - helårsbro","source":"UT.no\/DNT"},"type":"Feature"},{"geometry":{"coordinates":[5.4573989999999997,61.606721999999998],"type":"Point"},"id":"bridge-ut-146332482","properties":{"description":"Brua ligg på traktorvegen opp til Vassbottnevatnet vest for og mellom Hovlandsstølane og Kvalvikstølane, 462 moh. Brua er tilrettelagt av 2 betong element som er 3,45 m brei og 7,80 m lang. Den har rekkverk av aluminumsrøyr på begge side so...","elevation":462,"name":"Bru vest for Hovlandsstølane og mot Kvalvikstølane","source":"UT.no\/DNT"},"type":"Feature"},{"geometry":{"coordinates":[5.6283099999999999,61.673434],"type":"Point"},"id":"bridge-ut-146335504","properties":{"description":"Brua over Tverrelvane ligg på 301 moh og er skilta som STOKKJEN. Det er ei trebru som er 107 cm brei og 460 cm lang. Den har rekkverk på begge sider. Brua er sommer og vinterbru. Turbeskrivingar på ut.no God tur","elevation":301,"name":"Brua mellom Budalen og Lassenipa","source":"UT.no\/DNT"},"type":"Feature"},{"geometry":{"coordinates":[15.742804,66.831828999999999],"type":"Point"},"id":"bridge-ut-146352146","properties":{"description":"På stien mellom Trygvebu og Argalad er denne brua sikreste kryssing.","elevation":501,"name":"Bru over Skaiti-elva","source":"UT.no\/DNT"},"type":"Feature"},{"geometry":{"coordinates":[9.3433340000000005,61.264094],"type":"Point"},"id":"bridge-ut-146355172","properties":{"description":"Helårsbru. Det er uavklart hvem som har ansvaret for denne brua. For spørsmål om denne brua kontakt DNT Oslo og Omegn på e-post: info.oslo@dnt.no","elevation":1020,"name":"Botolvsengabekken - helårsbro","source":"UT.no\/DNT"},"type":"Feature"},{"geometry":{"coordinates":[9.481268,61.250791],"type":"Point"},"id":"bridge-ut-146355173","properties":{"description":"Helårsbru. Gausdal fjellstyre har ansvaret for denne brua.","elevation":978,"name":"Gråmyrbekken - helårsbro","source":"UT.no\/DNT"},"type":"Feature"},{"geometry":{"coordinates":[9.4404780000000006,61.251930000000002],"type":"Point"},"id":"bridge-ut-146359711","properties":{"description":"Helårsbru . Det er uavklart hvem som har ansvaret for denne brua. For mer informasjon om brua kontakt DNT Oslo og Omegn på e-post: info.oslo@dnt.no.","elevation":999,"name":"Sandbekken - helårsbro","source":"UT.no\/DNT"},"type":"Feature"},{"geometry":{"coordinates":[9.4889200000000002,61.25656],"type":"Point"},"id":"bridge-ut-146359712","properties":{"description":"Helårsbru . Det er uavklart hvem som har ansvaret for denne brua. For mer informasjon om brua kan DNT Oslo og Omegn kontaktes på e-post: info.oslo@dnt.no.","elevation":1056,"name":"Fossbekken - helårsbro","source":"UT.no\/DNT"},"type":"Feature"},{"geometry":{"coordinates":[8.0126559999999998,60.051378],"type":"Point"},"id":"bridge-ut-146374865","properties":{"description":"Sletteåi er en sommerhengebro, tilhørende DNT Telemark. Broen er kun åpen i perioden Mogen Tursthytte er åpen. Ta gjerne kontakt til Mogen Turisthytte eller DNT Telemark hvis du er i tvil om broen er oppe eller tatt ned for sesongen.","elevation":1120,"name":"Sletteåi","source":"UT.no\/DNT"},"type":"Feature"},{"geometry":{"coordinates":[7.2472810000000001,59.648332000000003],"type":"Point"},"id":"bridge-ut-146383946","properties":{"description":"Hengebro over elva mellom Langevatn og Sloarosvatn. Sommerbro. Brotype: Hengebro Avstand til hytte: 600 m Lengde på bro: 14 m Høyde på rekkverk: 80 cm Bredde på gangbane: 60 cm","elevation":1040,"name":"Bro Sloarosvatnet","source":"UT.no\/DNT"},"type":"Feature"},{"geometry":{"coordinates":[10.459528000000001,63.263689999999997],"type":"Point"},"id":"bridge-ut-146412602","properties":{"description":"Hengebru ved Hyttfossen i Klæbu. Broa henger relativt høyt over elva, og det er fine turmuligheter i området langs kjerrevei.","elevation":127,"name":"Springfossbrua","source":"UT.no\/DNT"},"type":"Feature"},{"geometry":{"coordinates":[8.4846109999999992,61.448017999999998],"type":"Point"},"id":"bridge-ut-146560431","properties":{"description":"DNT Oslo og omegn vedlikeholder denne brua. Se www.dnt.no\/oslo for oppdatert informasjon, Spørsmål kan rettes til info.oslo@dnt.no, eller Gjendebu turisthytte i sesongen.","elevation":986,"name":"Storåedeltaet nord - helårsbro","source":"UT.no\/DNT"},"type":"Feature"},{"geometry":{"coordinates":[5.3291009999999996,61.646206999999997],"type":"Point"},"id":"bridge-ut-146596959","properties":{"description":"Brua (den første) er ødelagt i vinter ( 2023\/2024 ) og ein kan gå over, men på eige ansvar - vi vil oppdatere når vi har fått brua i orden Brua er sikra slik at den ikkje flyt vekk og gjer skade Bruene over austre enden av Haukåvatnet ligg ...","elevation":58,"name":"Brua ved Straumsnesstølen","source":"UT.no\/DNT"},"type":"Feature"},{"geometry":{"coordinates":[5.5503390000000001,61.656540999999997],"type":"Point"},"id":"bridge-ut-146632804","properties":{"description":"Brua er ein stor stein og er truleg henta under foten av hammaren - Skreieberget - sør for brua tidleg - det blir sagt brua låg i 1915. Den blei tatt av isen tidlig på vinteren 1956 eller 1957, men folket ville ha den opp att. Folk samla se...","elevation":310,"name":"Bru ved Midtbøstøylen","source":"UT.no\/DNT"},"type":"Feature"},{"geometry":{"coordinates":[11.325191999999999,60.642933999999997],"type":"Point"},"id":"bridge-ut-146639229","properties":{"description":"Turforslaget finner du her: Kringlehølet på Kolomoen","elevation":160,"name":"Kringlehølet","source":"UT.no\/DNT"},"type":"Feature"},{"geometry":{"coordinates":[7.2587409999999997,59.644506],"type":"Point"},"id":"bridge-ut-146643090","properties":{"description":"Helårsbro over elva mellom Langevatn og Sloarosvatn Brotype: Fast bro Avstand til hytte: 200 m Lengde på bro: 20 m Høyde på rekkverk: ingen rekkverk Bredde på gangbane: 90 cm","elevation":1044,"name":"Langevatnbroa","source":"UT.no\/DNT"},"type":"Feature"},{"geometry":{"coordinates":[7.280964,58.912965999999997],"type":"Point"},"id":"bridge-ut-146643091","properties":{"description":"Hengebro over elva mellom Søre Monsvatn og Gaukheivatn Brotype: Hengebro Avstand til hytte: 2 km Lengde på bro: 14 m Høyde på rekkverk: 80 cm Bredde på gangbane: 60 cm","elevation":829,"name":"Monsåni-broa","source":"UT.no\/DNT"},"type":"Feature"},{"geometry":{"coordinates":[7.3827299999999996,58.897013000000001],"type":"Point"},"id":"bridge-ut-146643092","properties":{"description":"Hengebro over elva mellom Vestre Langsvatn og Store Troget Brotype: Hengebro Avstand til hytte: 7 km Lengde på bro: 19 m Høyde på rekkverk: 80 cm Bredde på gangbane: 60 cm","elevation":869,"name":"Store Troget-broa","source":"UT.no\/DNT"},"type":"Feature"},{"geometry":{"coordinates":[7.4039630000000001,58.942568000000001],"type":"Point"},"id":"bridge-ut-146643093","properties":{"description":"Hengebro over elva mellom Vestre Krokvatn og Jokleivtjønn. Sommerbro som ligger ute ca. mellom midten av juni-begynnelsen av oktober. Brotype: Hengebro Avstand til hytte: 5 km Lengde på bro: 10 m Høyde på rekkverk: 80 cm Bredde på gangbane:...","elevation":859,"name":"Jokleiv-broa","source":"UT.no\/DNT"},"type":"Feature"},{"geometry":{"coordinates":[11.11157,60.843589999999999],"type":"Point"},"id":"bridge-ut-146650805","properties":{"description":"Se turforslag her: Vangstiene: Vendkvern - Trehørningen","elevation":184,"name":"Vangstiene: sti krysser bekk","source":"UT.no\/DNT"},"type":"Feature"},{"geometry":{"coordinates":[5.5640029999999996,61.708685000000003],"type":"Point"},"id":"bridge-ut-146682821","properties":{"description":"Meir informasjon om brua kjem Brua over elva på turen frå Grøndalen til Blåbrebu - over Støylselva 354 moh. Det er ei trebru som er cm brei og cm lang og har rekkverk på ei side. Byggeår . Brua er sommer og vinterbru. Turbeskrivingar på ut....","elevation":354,"name":"Bru ovafor Støylsvatnet","source":"UT.no\/DNT"},"type":"Feature"},{"geometry":{"coordinates":[5.540991,61.732666000000002],"type":"Point"},"id":"bridge-ut-146682822","properties":{"description":"Det kjem meir informasjon om brua og bilde Brua over elva på turen frå Grøndalen til Blåbrebu - rett neden for hytta 803 moh. Det er ei trebru som er cm brei og cm lang og har rekkverk på ei side. Byggeår . Brua er sommer og vinterbru. Turf...","elevation":803,"name":"Bru over elva ved Blåbrebu","source":"UT.no\/DNT"},"type":"Feature"},{"geometry":{"coordinates":[9.9991479999999999,61.720933000000002],"type":"Point"},"id":"bridge-ut-146695727","properties":{"description":"Helårs hengebru. DNT Oslo og Omegn har ansvaret for denne brua. For mer informasjon se https:\/\/www.dnt.no\/oslo eller e-post til info.oslo@dnt.no","elevation":866,"name":"Storfallet - helårsbro","source":"UT.no\/DNT"},"type":"Feature"},{"geometry":{"coordinates":[10.228165000000001,61.930568000000001],"type":"Point"},"id":"bridge-ut-146703470","properties":{"description":"HELÅRSBRU. Dette er bilbrua på vegen mellom Atnasjø kafe og Breisjøseter Turisthytte. Det er Breisjøseter som har ansvaret for denne brua. Spørsmål kan sendes til: fjellet@breisjoseter.no eller tel:97069836","elevation":1087,"name":"Skjellåa - helårsbro","source":"UT.no\/DNT"},"type":"Feature"},{"geometry":{"coordinates":[14.815928,67.104263000000003],"type":"Point"},"id":"bridge-ut-146711276","properties":{"description":"Brua går over elva som renner mellom Skorrigorri og Mangevann. Det er ca halvveis mellom Svartvassætra og Lurfjellhytta","elevation":474,"name":"Skorrigorri ","source":"UT.no\/DNT"},"type":"Feature"},{"geometry":{"coordinates":[4.8651549999999997,61.665402999999998],"type":"Point"},"id":"bridge-ut-146713893","properties":{"description":"Brua er bygd opp av steinar og ligg på 61 moh. Brua ligg opp frå Halshamrevika på stien over til Domba. Brua er sommer og vinterbru. Turforslag på ut.no God tur","elevation":61,"name":"Hovden Bru ovafor Halshamrevika","source":"UT.no\/DNT"},"type":"Feature"},{"geometry":{"coordinates":[5.5662029999999998,61.536352000000001],"type":"Point"},"id":"bridge-ut-146715203","properties":{"description":"Brua som går over elva som renn ned i Rimmavatnet og ligg på 517 moh. Det er ei trebru uten rekkverk. Den er 1,64 meter brei og 4 meter lang. Brua er sommer og vinterbru. Turbeskrivingar på ut.no God tur","elevation":517,"name":"Bru over elva som renn i Rimmavatnet","source":"UT.no\/DNT"},"type":"Feature"},{"geometry":{"coordinates":[8.66601,61.350050000000003],"type":"Point"},"id":"bridge-ut-146730817","properties":{"description":"Sommerbru. Enkel trebru på ruten mellom Torfinnsbu og Bygdin høyfjellshotell. DNT Oslo og omegn vedlikeholder denne brua. Se www.dntoslo.no for oppdatert informasjon, Spørsmål kan rettes til info.oslo@dnt.no.","elevation":1072,"name":"Hestevollen 3 - SOMMERBRU","source":"UT.no\/DNT"},"type":"Feature"},{"geometry":{"coordinates":[7.6242099999999997,61.600123000000004],"type":"Point"},"id":"bridge-ut-146734868","properties":{"description":"Sommerbru . Privat bru. Beitelaget lokalt legger ut, og har ansvaret for denne brua. Se DNT Oslo sommerbruer for status. Spørsmål kan rettes til info.oslo@dnt.no.","elevation":484,"name":"Mørkrisdalselvi v\/Dalen - sommerbro","source":"UT.no\/DNT"},"type":"Feature"},{"geometry":{"coordinates":[7.3411860000000004,61.432302],"type":"Point"},"id":"bridge-ut-146734869","properties":{"description":"DNT Oslo og omegn vedlikeholder denne brua. Se www.dntoslo.no for oppdatert informasjon, Spørsmål kan rettes til info.oslo@dnt.no.","elevation":621,"name":"Navarsete bru - helårsbro","source":"UT.no\/DNT"},"type":"Feature"},{"geometry":{"coordinates":[12.243753,62.349510000000002],"type":"Point"},"id":"bridge-ut-146734870","properties":{"description":"Helårsbru. DNT Oslo og Omegn har ikke ansvar for brua. Se www.dnt.no\/oslo for oppdatert informasjon. Spørsmål kan rettes til info.oslo@dnt.no for oppdatert informasjon.","elevation":757,"name":"Reva - helårsbro","source":"UT.no\/DNT"},"type":"Feature"},{"geometry":{"coordinates":[7.3472059999999999,61.443582999999997],"type":"Point"},"id":"bridge-ut-146734871","properties":{"description":"Helårsbru ved Heggedalseter. Spørsmål kan rettes til info.oslo@dnt.no.","elevation":791,"name":"Heggedalseter - Helårsbro","source":"UT.no\/DNT"},"type":"Feature"},{"geometry":{"coordinates":[12.093837000000001,62.575116999999999],"type":"Point"},"id":"bridge-ut-146734877","properties":{"description":"Helårsbru. DNT Oslo og Omegn har ikke ansvar for brua. Se www.dnt.no\/oslo for oppdatert informasjon. Spørsmål kan rettes til info.oslo@dnt.no for oppdatert informasjon.","elevation":952,"name":"Bolagen - helårsbro","source":"UT.no\/DNT"},"type":"Feature"},{"geometry":{"coordinates":[8.5620539999999998,61.292895000000001],"type":"Point"},"id":"bridge-ut-146734878","properties":{"description":"Helårsbru ved Yksninosen. DNT Oslo og Omegn har ikke ansvar for brua. Se www.dnt.no\/oslo for oppdatert informasjon. Spørsmål kan rettes til info.oslo@dnt.no for oppdatert informasjon.","elevation":1004,"name":"Yksninosen - helårsbro","source":"UT.no\/DNT"},"type":"Feature"},{"geometry":{"coordinates":[9.1094480000000004,61.448089000000003],"type":"Point"},"id":"bridge-ut-146734880","properties":{"description":"Helårsbru ved Heimdalsosen, uavklart ansvarsforhold. Spørsmål kan rettes til info.oslo@dnt.no.","elevation":1056,"name":"Heimdalsosen - helårsbro","source":"UT.no\/DNT"},"type":"Feature"},{"geometry":{"coordinates":[7.9336909999999996,60.811855000000001],"type":"Point"},"id":"bridge-ut-146734882","properties":{"description":"Helårsbru ved Iundalshytta, ikke DNT Oslo og Omegns ansvar. Se www.dnt.no\/oslo for oppdatert informasjon. Spørsmål kan rettes til info.oslo@dnt.no for oppdatert informasjon.","elevation":1114,"name":"Fossbrekkabru - helårsbro","source":"UT.no\/DNT"},"type":"Feature"},{"geometry":{"coordinates":[11.982186,62.493474999999997],"type":"Point"},"id":"bridge-ut-146738851","properties":{"description":"Helårsbru. DNT Oslo og Omegn har ikke ansvar for brua. Se www.dnt.no\/oslo for oppdatert informasjon. Spørsmål kan rettes til info.oslo@dnt.no for oppdatert informasjon.","elevation":760,"name":"Svenselva - helårsbro","source":"UT.no\/DNT"},"type":"Feature"},{"geometry":{"coordinates":[7.5956640000000002,60.705030999999998],"type":"Point"},"id":"bridge-ut-146738852","properties":{"description":"Helårshengebru, ikke DNT OOs ansvar. Se www.dnt.no\/oslo for oppdatert informasjon. Spørsmål kan rettes til info.oslo@dnt.no for oppdatert informasjon.","elevation":1220,"name":"Geiteryggen - helårsbro","source":"UT.no\/DNT"},"type":"Feature"},{"geometry":{"coordinates":[8.4562539999999995,60.741146000000001],"type":"Point"},"id":"bridge-ut-146740182","properties":{"description":"Bru over Lya","elevation":1000,"name":"Kråkhamar","source":"UT.no\/DNT"},"type":"Feature"},{"geometry":{"coordinates":[9.5339379999999991,62.777526999999999],"type":"Point"},"id":"bridge-ut-146744151","properties":{"description":"Bro over Minnilla. Broa går over et fint fossefall.","elevation":814,"name":"Bro over Minnilla","source":"UT.no\/DNT"},"type":"Feature"},{"geometry":{"coordinates":[8.1659760000000006,61.302002000000002],"type":"Point"},"id":"bridge-ut-146759644","properties":{"description":"Helårsbru. DNT Oslo og Omegn har ikke ansvar for brua. Se www.dnt.no\/oslo for oppdatert informasjon. Spørsmål kan rettes til info.oslo@dnt.no for oppdatert informasjon.","elevation":1093,"name":"Breikvamsåi - helårsbro","source":"UT.no\/DNT"},"type":"Feature"},{"geometry":{"coordinates":[8.1464789999999994,61.284086000000002],"type":"Point"},"id":"bridge-ut-146759645","properties":{"description":"Helårsbru. DNT Oslo og Omegn har ikke ansvar for brua. Se www.dnt.no\/oslo for oppdatert informasjon. Spørsmål kan rettes til info.oslo@dnt.no for oppdatert informasjon.","elevation":1088,"name":"Buvassbekken - helårsbro","source":"UT.no\/DNT"},"type":"Feature"},{"geometry":{"coordinates":[7.963711,61.383158999999999],"type":"Point"},"id":"bridge-ut-146767250","properties":{"description":"Helårsbru like ved Vettismorki. DNT Oslo og omegn vedlikeholder denne brua. Se www.dntoslo.no for oppdatert informasjon, Spørsmål kan rettes til info.oslo@dnt.no.","elevation":682,"name":"Vettismorki tunbrua - helårsbro","source":"UT.no\/DNT"},"type":"Feature"},{"geometry":{"coordinates":[8.1480530000000009,60.924314000000003],"type":"Point"},"id":"bridge-ut-146777628","properties":{"description":"Helårsbru. Det er uavklart hvem som har ansvaret for denne brua. Se www.dnt.no\/oslo for oppdatert informasjon. Spørsmål kan rettes til info.oslo@dnt.no for oppdatert informasjon.","elevation":1183,"name":"Jegerheim bru - helårsbro","source":"UT.no\/DNT"},"type":"Feature"},{"geometry":{"coordinates":[9.2598389999999995,61.293196999999999],"type":"Point"},"id":"bridge-ut-146777629","properties":{"description":"Helårsbru på Skagsflye. DNT Oslo og Omegn vedlikeholder denne brua. Spørsmål kan rettes til info.oslo@dnt.no.","elevation":1136,"name":"Skagsflye - helårsbro","source":"UT.no\/DNT"},"type":"Feature"},{"geometry":{"coordinates":[9.7804590000000005,62.039476999999998],"type":"Point"},"id":"bridge-ut-146796578","properties":{"description":"HELÅRSBRU. Ny sommer 2024, på ruta fra Grimsdalshytta til Dørålseter. Info finnes på grimsdalshytta@dnt.no eller info.oslo@dnt.no.","elevation":957,"name":"Haverdalsåe - helårsbro","source":"UT.no\/DNT"},"type":"Feature"},{"geometry":{"coordinates":[11.795658,63.268583999999997],"type":"Point"},"id":"bridge-ut-146820357","properties":{"description":"Tidligere gikk ruta over en demning ca. 300 meter lenger opp elva. Demningen ble revet i februar 2024, og det ble da behov for en ny, trygg måte å komme seg over elva. August 2024 sto ny bro klar, og ruta legges om.","elevation":573,"name":"Bru over Gilsåa","source":"UT.no\/DNT"},"type":"Feature"},{"geometry":{"coordinates":[11.972969000000001,61.966918],"type":"Point"},"id":"bridge-ut-146866092","properties":{"description":"Helårsbru. DNT Oslo og Omegn har ikke ansvar for brua. Se www.dnt.no\/oslo for oppdatert informasjon. Spørsmål kan rettes til info.oslo@dnt.no for oppdatert informasjon.","elevation":669,"name":"Sorka - helårs bilbro","source":"UT.no\/DNT"},"type":"Feature"},{"geometry":{"coordinates":[7.8103379999999998,62.082526000000001],"type":"Point"},"id":"bridge-ut-146866093","properties":{"description":"Helårsbru. DNT Oslo og Omegn vedlikeholder denne brua. Se https:\/\/www.dnt.no\/oslo for oppdatert informasjon om denne brua. Spørsmål kan rettes til info.oslo@dnt.no","elevation":1077,"name":"Tverråi v\/Tverråhytta - helårsbro","source":"UT.no\/DNT"},"type":"Feature"},{"geometry":{"coordinates":[6.4957669999999998,59.768070999999999],"type":"Point"},"id":"bridge-ut-146887598","properties":{"description":"Bro over Slettedalselva.","elevation":558,"name":"Austmannahaugen bro","source":"UT.no\/DNT"},"type":"Feature"},{"geometry":{"coordinates":[12.047333,62.351233999999998],"type":"Point"},"id":"bridge-ut-146887645","properties":{"description":"Helårsbru. DNT Oslo og Omegn har ikke ansvar for brua. Se www.dnt.no\/oslo for oppdatert informasjon. Spørsmål kan rettes til info.oslo@dnt.no for oppdatert informasjon.","elevation":720,"name":"Røvollen vest - helårsbro","source":"UT.no\/DNT"},"type":"Feature"},{"geometry":{"coordinates":[10.37575,61.918728999999999],"type":"Point"},"id":"bridge-ut-146887646","properties":{"description":"Helårsbru. DNT Oslo og Omegn har ikke ansvar for brua. Se www.dnt.no\/oslo for oppdatert informasjon. Spørsmål kan rettes til info.oslo@dnt.no for oppdatert informasjon.","elevation":910,"name":"Kvislåbekken - helårsbro","source":"UT.no\/DNT"},"type":"Feature"},{"geometry":{"coordinates":[12.011298,62.219386],"type":"Point"},"id":"bridge-ut-146887647","properties":{"description":"Helårsbru. DNT Oslo og Omegn har ikke ansvar for brua. Se www.dnt.no\/oslo for oppdatert informasjon. Spørsmål kan rettes til info.oslo@dnt.no for oppdatert informasjon.","elevation":805,"name":"Midtbekken Svukuriset - helårsbro","source":"UT.no\/DNT"},"type":"Feature"},{"geometry":{"coordinates":[10.376047,61.920222000000003],"type":"Point"},"id":"bridge-ut-146887648","properties":{"description":"Helårsbru. DNT Oslo og Omegn har ikke ansvar for brua. Se www.dnt.no\/oslo for oppdatert informasjon. Spørsmål kan rettes til info.oslo@dnt.no for oppdatert informasjon.","elevation":920,"name":"Sølnsjøbekken - helårsbro","source":"UT.no\/DNT"},"type":"Feature"},{"geometry":{"coordinates":[12.011065,62.218665999999999],"type":"Point"},"id":"bridge-ut-146887649","properties":{"description":"Helårsbru. DNT Oslo og Omegn har ikke ansvar for brua. Se www.dnt.no\/oslo for oppdatert informasjon. Spørsmål kan rettes til info.oslo@dnt.no for oppdatert informasjon.","elevation":803,"name":"Revlinga - helårsbro","source":"UT.no\/DNT"},"type":"Feature"},{"geometry":{"coordinates":[12.058842,62.347410000000004],"type":"Point"},"id":"bridge-ut-146887650","properties":{"description":"Helårsbru. DNT Oslo og Omegn har ikke ansvar for brua. Se www.dnt.no\/oslo for oppdatert informasjon. Spørsmål kan rettes til info.oslo@dnt.no for oppdatert informasjon.","elevation":719,"name":"Djuphåen - helårsbro","source":"UT.no\/DNT"},"type":"Feature"},{"geometry":{"coordinates":[11.849836,62.485391999999997],"type":"Point"},"id":"bridge-ut-146887651","properties":{"description":"Helårsbru. DNT Oslo og Omegn har ikke ansvar for brua. Se www.dnt.no\/oslo for oppdatert informasjon. Spørsmål kan rettes til info.oslo@dnt.no for oppdatert informasjon.","elevation":656,"name":"Feragsdammen - helårs bilbro","source":"UT.no\/DNT"},"type":"Feature"},{"geometry":{"coordinates":[11.3735,62.199693000000003],"type":"Point"},"id":"bridge-ut-146887652","properties":{"description":"Helårsbru. DNT Oslo og Omegn har ikke ansvar for brua. Se www.dnt.no\/oslo for oppdatert informasjon. Spørsmål kan rettes til info.oslo@dnt.no for oppdatert informasjon.","elevation":938,"name":"Heggeråa - helårsbro","source":"UT.no\/DNT"},"type":"Feature"},{"geometry":{"coordinates":[11.896234,62.472529000000002],"type":"Point"},"id":"bridge-ut-146887653","properties":{"description":"Helårsbru. DNT Oslo og Omegn har ikke ansvar for brua. Se www.dnt.no\/oslo for oppdatert informasjon. Spørsmål kan rettes til info.oslo@dnt.no for oppdatert informasjon.","elevation":659,"name":"Langtjønnrenna - helårsbro","source":"UT.no\/DNT"},"type":"Feature"},{"geometry":{"coordinates":[12.174367,62.307718999999999],"type":"Point"},"id":"bridge-ut-146887654","properties":{"description":"Klopp. DNT Oslo og Omegn har ikke ansvar for kloppen. Se www.dnt.no\/oslo for oppdatert informasjon. Spørsmål kan rettes til info.oslo@dnt.no for oppdatert informasjon.","elevation":758,"name":"Kløfthåtjønna","source":"UT.no\/DNT"},"type":"Feature"},{"geometry":{"coordinates":[11.862212,62.417611000000001],"type":"Point"},"id":"bridge-ut-146887655","properties":{"description":"Helårsbru. DNT Oslo og Omegn har ikke ansvar for brua. Se www.dnt.no\/oslo for oppdatert informasjon. Spørsmål kan rettes til info.oslo@dnt.no for oppdatert informasjon.","elevation":670,"name":"Langenbekken - helårsbro","source":"UT.no\/DNT"},"type":"Feature"},{"geometry":{"coordinates":[11.900606,62.471145999999997],"type":"Point"},"id":"bridge-ut-146887656","properties":{"description":"Helårsbru. DNT Oslo og Omegn har ikke ansvar for brua. Se www.dnt.no\/oslo for oppdatert informasjon. Spørsmål kan rettes til info.oslo@dnt.no for oppdatert informasjon.","elevation":660,"name":"Langtjønnbekken - helårsbro","source":"UT.no\/DNT"},"type":"Feature"},{"geometry":{"coordinates":[11.911776,62.438560000000003],"type":"Point"},"id":"bridge-ut-146887657","properties":{"description":"Helårsbru. DNT Oslo og Omegn har ikke ansvar for brua. Se www.dnt.no\/oslo for oppdatert informasjon. Spørsmål kan rettes til info.oslo@dnt.no for oppdatert informasjon.","elevation":681,"name":"Litllangtjønna - helårsbro","source":"UT.no\/DNT"},"type":"Feature"},{"geometry":{"coordinates":[11.928227,62.434866999999997],"type":"Point"},"id":"bridge-ut-146887658","properties":{"description":"Helårsbru. DNT Oslo og Omegn har ikke ansvar for brua. Se www.dnt.no\/oslo for oppdatert informasjon. Spørsmål kan rettes til info.oslo@dnt.no for oppdatert informasjon.","elevation":669,"name":"Kalven - helårsbro","source":"UT.no\/DNT"},"type":"Feature"},{"geometry":{"coordinates":[9.9793489999999991,61.75732],"type":"Point"},"id":"bridge-ut-146887666","properties":{"description":"Helårsbru over Storbekken ved Eldåbu. Se www.dnt.no\/oslo for oppdatert informasjon. Spørsmål kan rettes til info.oslo@dnt.no for oppdatert informasjon.","elevation":1005,"name":"Storbekken - HELÅRSBRU","source":"UT.no\/DNT"},"type":"Feature"},{"geometry":{"coordinates":[7.4890990000000004,60.827618000000001],"type":"Point"},"id":"bridge-ut-146887668","properties":{"description":"Helårsbru. DNT Oslo og Omegn har ikke ansvar for brua. Se www.dnt.no\/oslo for oppdatert informasjon. Spørsmål kan rettes til info.oslo@dnt.no for oppdatert informasjon.","elevation":815,"name":"Osebrekka - helårsbro","source":"UT.no\/DNT"},"type":"Feature"},{"geometry":{"coordinates":[7.4055920000000004,60.871546000000002],"type":"Point"},"id":"bridge-ut-146887669","properties":{"description":"Helårsbru. DNT Oslo og Omegn har ikke ansvar for brua. Se www.dnt.no\/oslo for oppdatert informasjon. Spørsmål kan rettes til info.oslo@dnt.no for oppdatert informasjon.","elevation":933,"name":"Grovselvi","source":"UT.no\/DNT"},"type":"Feature"},{"geometry":{"coordinates":[7.9172130000000003,60.806837000000002],"type":"Point"},"id":"bridge-ut-146887670","properties":{"description":"Helårsbru. DNT Oslo og Omegn har ikke ansvar for brua. Se www.dnt.no\/oslo for oppdatert informasjon. Spørsmål kan rettes til info.oslo@dnt.no for oppdatert informasjon.","elevation":1098,"name":"Iungsdølsbrua - HELÅRSBRU","source":"UT.no\/DNT"},"type":"Feature"},{"geometry":{"coordinates":[10.002993999999999,61.705902000000002],"type":"Point"},"id":"bridge-ut-146887672","properties":{"description":"Helårsbru. DNT Oslo og Omegn har ikke ansvar for brua. Se www.dnt.no\/oslo for oppdatert informasjon. Spørsmål kan rettes til info.oslo@dnt.no for oppdatert informasjon.","elevation":890,"name":"Kloppbekken - HELÅRSBRU","source":"UT.no\/DNT"},"type":"Feature"},{"geometry":{"coordinates":[5.3068770000000001,61.517916],"type":"Point"},"id":"bridge-ut-146887676","properties":{"description":"Brua ligg på ruta opp til Skålefjellet 148 moh. Elva som brua går over erDaleelva. Den er ei betongbru som er 400 cm brei og 500 cm lang og har lav støypekant på begge sider. Brua er sommer og vinterbru. Turbeskrivingar på ut.no God tur","elevation":148,"name":"Bru over Daleelva","source":"UT.no\/DNT"},"type":"Feature"},{"geometry":{"coordinates":[12.238939,62.094825999999998],"type":"Point"},"id":"bridge-ut-146887679","properties":{"description":"Helårsbru. DNT Oslo og Omegn har ikke ansvar for brua. Se www.dnt.no\/oslo for oppdatert informasjon. Spørsmål kan rettes til info.oslo@dnt.no for oppdatert informasjon.","elevation":870,"name":"Litle Olåa","source":"UT.no\/DNT"},"type":"Feature"},{"geometry":{"coordinates":[9.6247410000000002,62.034089999999999],"type":"Point"},"id":"bridge-ut-146887725","properties":{"description":"Helårsbro på rutene fra Haverdalsseter til Grimsdalshytta og Høvringen. Brua er plassert 2,1km vest for Haverdalsseter. Det er uavklart hvem som har ansvaret for denne brua. For mer informasjon se www.dnt.no\/oslo eller e-post til info.oslo@...","elevation":1174,"name":"Gravbekken vest - helårsbro","source":"UT.no\/DNT"},"type":"Feature"},{"geometry":{"coordinates":[9.6673240000000007,62.034362000000002],"type":"Point"},"id":"bridge-ut-146887726","properties":{"description":"Helårsbro på rutene fra Haverdalsseter til Grimsdalshytta og Dørålseter Brua er plassert 200m øst for Haverdalsseter. Det er uavklart hvem som har ansvaret for denne brua. For mer informasjon se www.dnt.no\/oslo eller e-post til info.oslo@dn...","elevation":1046,"name":"Gravbekken øst - helårsbro","source":"UT.no\/DNT"},"type":"Feature"},{"geometry":{"coordinates":[7.5554290000000002,60.821817000000003],"type":"Point"},"id":"bridge-ut-146887827","properties":{"description":"Helårsbru. DNT Oslo og Omegn har ikke ansvar for brua. Se www.dnt.no\/oslo for oppdatert informasjon. Spørsmål kan rettes til info.oslo@dnt.no for oppdatert informasjon.","elevation":1047,"name":"Grøna","source":"UT.no\/DNT"},"type":"Feature"},{"geometry":{"coordinates":[7.5632520000000003,60.810580000000002],"type":"Point"},"id":"bridge-ut-146887828","properties":{"description":"Helårsbru. DNT Oslo og Omegn har ikke ansvar for brua. Se www.dnt.no\/oslo for oppdatert informasjon. Spørsmål kan rettes til info.oslo@dnt.no for oppdatert informasjon.","elevation":1163,"name":"Storagrovi","source":"UT.no\/DNT"},"type":"Feature"},{"geometry":{"coordinates":[7.572495,60.802897000000002],"type":"Point"},"id":"bridge-ut-146887829","properties":{"description":"Helårsbru. DNT Oslo og Omegn har ikke ansvar for brua. Se www.dnt.no\/oslo for oppdatert informasjon. Spørsmål kan rettes til info.oslo@dnt.no for oppdatert informasjon.","elevation":1191,"name":"Øystølgrovi","source":"UT.no\/DNT"},"type":"Feature"},{"geometry":{"coordinates":[6.6421770000000002,61.588169000000001],"type":"Point"},"id":"bridge-ut-146887885","properties":{"description":"Denne hengebrua over Befringselva knyt dei tre støylane i Befringsdalen saman. Brukar du brua kan du på eit relativt kort område besøke både Befringsstøylen, Flatjordstøylen og Grepstadstøylen. Vakkert støylsområde i eit nydeleg dalføre i J...","elevation":610,"name":"Hengebrua i Befringsdalen","source":"UT.no\/DNT"},"type":"Feature"},{"geometry":{"coordinates":[6.7353310000000004,61.639887000000002],"type":"Point"},"id":"bridge-ut-146887969","properties":{"description":"Brua ligg vakkert plassert i nydeleg dalføre med utsikt opp til fossen som renn ned frå Haugabreen. Brua er i stikrysset der du kan velje å gå vidare opp til Haugabreen, eller gå over brua og følje DNT- stien vidare mot Oldeskaret.","elevation":682,"name":"Brua over DNT- stien i Haugadalen","source":"UT.no\/DNT"},"type":"Feature"},{"geometry":{"coordinates":[6.4596609999999997,61.551167],"type":"Point"},"id":"bridge-ut-146888108","properties":{"description":"Kjøsnesfjordbrua er eit flott utsiktspunkt innover Kjøsnesfjorden. brua vert også nytta som fiskeplass for mange. Hugs å kjøp fiskekort!","elevation":208,"name":"Kjøsnesfjordbrua","source":"UT.no\/DNT"},"type":"Feature"},{"geometry":{"coordinates":[6.3025460000000004,61.494408],"type":"Point"},"id":"bridge-ut-146888130","properties":{"description":"Brua over Bjørndalselva tek deg over på den vestlege sida av elva i dalføret. Om du går over denne kan du finne ein sti som tek deg opp til Fagrevatnet.","elevation":579,"name":"Brua over Bjørndalselva","source":"UT.no\/DNT"},"type":"Feature"},{"geometry":{"coordinates":[6.1710859999999998,61.467058999999999],"type":"Point"},"id":"bridge-ut-146888149","properties":{"description":"Brua ligg eit stykke nedanfor Gjesdalsstøylen og knyt stinettet i dalføret saman.","elevation":555,"name":"Brua ved Gjesdalsstøylen","source":"UT.no\/DNT"},"type":"Feature"},{"geometry":{"coordinates":[6.1489039999999999,61.473767000000002],"type":"Point"},"id":"bridge-ut-146888150","properties":{"description":"Bru som tek deg over Instelva i Gjesdalen. Ligg rett ved Jølster løypelag si langrennsløype, som om somrane er eit flott stilett i Gjesdalsdalen.","elevation":470,"name":"Brua over Instelva i Gjesdalen","source":"UT.no\/DNT"},"type":"Feature"},{"geometry":{"coordinates":[6.1429879999999999,61.472121999999999],"type":"Point"},"id":"bridge-ut-146888151","properties":{"description":"Bru som tek deg over Ystelva i Gjesdalen. Ligg rett ved Jølster løypelag si langrennsløype, som om somrane er eit flott stilett i Gjesdalsdalen.","elevation":460,"name":"Brua over Ystelva i Gjesdalen","source":"UT.no\/DNT"},"type":"Feature"},{"geometry":{"coordinates":[6.0638370000000004,61.478399000000003],"type":"Point"},"id":"bridge-ut-146888452","properties":{"description":"Bru for turvandring som tek deg over elva Jølstra.","elevation":172,"name":"Brua over Jølstra","source":"UT.no\/DNT"},"type":"Feature"},{"geometry":{"coordinates":[9.7247889999999995,59.741416999999998],"type":"Point"},"id":"bridge-ut-146888478","properties":{"description":"Bru med mulighet for å krysse Dørja","elevation":293,"name":"Dørja, bru","source":"UT.no\/DNT"},"type":"Feature"},{"geometry":{"coordinates":[8.2865749999999991,60.717688000000003],"type":"Point"},"id":"bridge-ut-146888483","properties":{"description":"Bru og rasteplass. Fin utsikt over Bergsjøen. Parkering i nærheten. Utgangspunkt for flere turer.","elevation":1090,"name":"Bergsjøvegen, bru","source":"UT.no\/DNT"},"type":"Feature"},{"geometry":{"coordinates":[10.632529,59.975423999999997],"type":"Point"},"id":"bridge-ut-146888528","properties":{"description":"Vakker helårsbro over bekken ovenfor Jegersborgdammen. Bygget i samarbeid med Oslo kommune.","elevation":180,"name":"Jegersborg","source":"UT.no\/DNT"},"type":"Feature"},{"geometry":{"coordinates":[10.911702999999999,60.131067000000002],"type":"Point"},"id":"bridge-ut-146888529","properties":{"description":"Lang helårsbru over Smalet, sundet mellom Smalgjermenningen og Kirkebygjermenningen. Totalrenivert høsten 2024.","elevation":296,"name":"Smalet","source":"UT.no\/DNT"},"type":"Feature"},{"geometry":{"coordinates":[10.913871,60.127851999999997],"type":"Point"},"id":"bridge-ut-146888530","properties":{"description":"Helårsbru over Midtelva, i utløpet av Kirkebygjermenningen.","elevation":296,"name":"Kirkebygjermenningen Nord","source":"UT.no\/DNT"},"type":"Feature"},{"geometry":{"coordinates":[6.3279690000000004,61.583005999999997],"type":"Point"},"id":"bridge-ut-146888612","properties":{"description":"Bra som går over elva i dalføret og knyt vegane og stiane saman.","elevation":320,"name":"Brua over Gamledalselva","source":"UT.no\/DNT"},"type":"Feature"},{"geometry":{"coordinates":[6.2633140000000003,61.565987],"type":"Point"},"id":"bridge-ut-146888614","properties":{"description":"Gotdalsfossen er ein flott foss som du passerer på vegen opp mot Gotdalen. Like etter utsikta til fossen kjem du til brua der du får utsikt ned mot fossen.","elevation":394,"name":"Gotdalsfossen","source":"UT.no\/DNT"},"type":"Feature"},{"geometry":{"coordinates":[9.2896479999999997,59.580072999999999],"type":"Point"},"id":"bridge-ut-146888618","properties":{"description":"Dette er brua på vestsiden av Tinnemyra, et av de mest populære turområdene i Notodden.","elevation":185,"name":"Vest-brua ved Tinnemyra","source":"UT.no\/DNT"},"type":"Feature"},{"geometry":{"coordinates":[7.9518069999999996,59.451206999999997],"type":"Point"},"id":"bridge-ut-146888699","properties":{"description":"Fra hengebrua ved Helveteshylen i Tokke kan du oppleve en fantastisk utsikt over Tokkeåi og det dramatiske landskapet rundt. Om høsten er det spesielt spennende, da du kan se storauren som svømmer opp elva for å gyte. Brua er også et histor...","elevation":97,"name":"Hengebrua ved Helveteshylen","source":"UT.no\/DNT"},"type":"Feature"},{"geometry":{"coordinates":[11.290628,60.785102000000002],"type":"Point"},"id":"bridge-ut-146888779","properties":{"description":"Her er du på Løtens laveste punkt som ligger 157,2 meter over havet ved ei bru over Svartelva. Turforslaget finner du her.","elevation":160,"name":"Løtens laveste punkt","source":"UT.no\/DNT"},"type":"Feature"},{"geometry":{"coordinates":[7.7952159999999999,63.049841000000001],"type":"Point"},"id":"bridge-ut-146888818","properties":{"description":"Bru over Freielva. Nybygd i 2023\/2024. Det er også satt opp rasteplass ved brua.","elevation":80,"name":"Bru over Freielva","source":"UT.no\/DNT"},"type":"Feature"},{"geometry":{"coordinates":[6.9309010000000004,59.016243000000003],"type":"Point"},"id":"bridge-ut-146888900","properties":{"description":"Helårsbro over bekken","elevation":569,"name":"Bro over Øybobekken","source":"UT.no\/DNT"},"type":"Feature"},{"geometry":{"coordinates":[10.412856,60.033430000000003],"type":"Point"},"id":"bridge-ut-146889092","properties":{"description":"Helårs bjelkebru over Store Lomma. Brua ble totalrenovert våren 2025.","elevation":287,"name":"Store Lomma","source":"UT.no\/DNT"},"type":"Feature"},{"geometry":{"coordinates":[15.389378000000001,67.053791000000004],"type":"Point"},"id":"bridge-ut-146890073","properties":{"description":"En mulighet til å krysse elva","elevation":9,"name":"Børå bru","source":"UT.no\/DNT"},"type":"Feature"},{"geometry":{"coordinates":[10.532387999999999,61.132714999999997],"type":"Point"},"id":"bridge-ut-146890205","properties":{"description":"Sti- og løypekomitéen i DNT Lillehammer bygde denne flotte brua over Kubruveita i 2005. Midlene kom i hovedsak fra Reidun og Bjørn Winquists fond, som de hadde opprettet fra inntekter fra salg av turboka, «Ut på tur». Norsk Tipping støttet ...","elevation":483,"name":"Kubrua","source":"UT.no\/DNT"},"type":"Feature"},{"geometry":{"coordinates":[9.5952110000000008,59.241292000000001],"type":"Point"},"id":"bridge-ut-146890674","properties":{"description":"Turmålet ligger i Lundsdalen nord. Her kan du velge flere korte og flotte stier. Les mer om turen i vedlagte link.","elevation":50,"name":"Lundsdalen","source":"UT.no\/DNT"},"type":"Feature"},{"geometry":{"coordinates":[11.525385999999999,63.207605000000001],"type":"Point"},"id":"bridge-ut-146890801","properties":{"description":"Brua over Rotla ved Svenskmoen.","elevation":562,"name":"Brua over Rotla ved Svenskmoen","source":"UT.no\/DNT"},"type":"Feature"},{"geometry":{"coordinates":[10.910672999999999,60.131464000000001],"type":"Point"},"id":"bridge-ut-146890918","properties":{"description":"Helårsbru, nybygget sommeren 2026. Brua vedlikeholdes av DNT Oslo Omegn i samarbeid med lokaøe krefter.","elevation":299,"name":"Øyungselva","source":"UT.no\/DNT"},"type":"Feature"},{"geometry":{"coordinates":[10.327582,60.224096000000003],"type":"Point"},"id":"bridge-ut-146890947","properties":{"description":"Jernbanebro","elevation":196,"name":"Gulbrua","source":"UT.no\/DNT"},"type":"Feature"},{"geometry":{"coordinates":[6.7039559999999998,59.063671999999997],"type":"Point"},"id":"bridge-ut-146891037","properties":{"description":"Kryssing av Lyseåna har i all tid vært utfordrende. Flere redningsaksjoner i område førte til at DNT Stavanger og omegn fikk bygget helårs bru over elva sommeren 2026. Turen til og fra Børsteinen er nå mye tryggere en å klatre over Austmann...","elevation":80,"name":"Lysebrua","source":"UT.no\/DNT"},"type":"Feature"}],"generator":"Trakke fetch_utno_poi.swift","timestamp":"2026-08-10T00:27:31Z","type":"FeatureCollection"}