{"type":"FeatureCollection","generator":"CCW UT.no DNT-hytter v1","timestamp":"2026-05-14T20:09:03.364Z","attribution":"UT.no/DNT","features":[{"type":"Feature","id":"dnthut-10344","geometry":{"type":"Point","coordinates":[15.75235,68.70488]},"properties":{"name":"Ingemannhytta","type":"Ubetjent","description":"Ingemannhytta er et lite smykkeskrin av en hytte som er DNT Vesterålen sitt hyttetilbud i skogen.","elevation":192,"beds":4,"source":"UT.no/DNT"}},{"type":"Feature","id":"dnthut-101279","geometry":{"type":"Point","coordinates":[8.935151,59.552384]},"properties":{"name":"Himingsjå Turisthytte","type":"Ubetjent","description":"Himingsjå Turisthytte ligger ca.","elevation":712,"beds":50,"source":"UT.no/DNT"}},{"type":"Feature","id":"dnthut-101317689","geometry":{"type":"Point","coordinates":[5.047711,61.590715]},"properties":{"name":"Prestholmen","type":"Dagsturhytte","description":"Prestholmen er eit pågåande naustprosjekt på Prestholmen mellom Båtevika og Kystmuseet/Brendøya.","source":"UT.no/DNT"}},{"type":"Feature","id":"dnthut-10260","geometry":{"type":"Point","coordinates":[10.211248,59.540373]},"properties":{"name":"Nordre Løkenseter","type":"Servering","description":"Nordre Løkenseter er en enkel liten dagsturhytte midt i Botnemarka, like under toppen Hvittingen.","elevation":231,"source":"UT.no/DNT"}},{"type":"Feature","id":"dnthut-10118","geometry":{"type":"Point","coordinates":[14.289768,66.779258]},"properties":{"name":"Kvitsteindalsgammen","type":"Nødbu","description":"Meløy turlag har bygget denne flotte gammen ved Storglomvatnet (egentlig Lille Storglomvatnet) i Kvitsteindalen.","elevation":600,"source":"UT.no/DNT"}},{"type":"Feature","id":"dnthut-101108","geometry":{"type":"Point","coordinates":[9.711497,60.496495]},"properties":{"name":"Storekrakkoia","type":"Ubetjent","description":"Storekrakkoia ligger 889 moh.","elevation":887,"beds":9,"source":"UT.no/DNT"}},{"type":"Feature","id":"dnthut-10261","geometry":{"type":"Point","coordinates":[10.23931,59.53297]},"properties":{"name":"Brannåsen","type":"Ubetjent","description":"Brannåsen er nå åpen for servering på søndager 11-15 Brannåsen er under renovering innvendig og det er derfor ikke mulig å booke overnatting.","elevation":255,"beds":6,"bedsWinter":8,"source":"UT.no/DNT"}},{"type":"Feature","id":"dnthut-10154","geometry":{"type":"Point","coordinates":[7.701967,62.159595]},"properties":{"name":"Fieldfarehytta","type":"Nødbu","description":"Om Fieldfarehytta Fieldfarehytta er en tro kopi av krigskvarteret som Kompani Linge- offiserene og turistforeningsmedlemmene Joachim Rønneberg, Birger Strømsheim og Olav Aarsæther bygde våren 1944, og hvor de tilbrakte det siste krigsåret.","elevation":1180,"beds":3,"source":"UT.no/DNT"}},{"type":"Feature","id":"dnthut-1046","geometry":{"type":"Point","coordinates":[6.295336,61.093934]},"properties":{"name":"Sylvarnes","type":"Ubetjent","description":"No må sengeplasser bestilles via DNT Hyttebestilling.","elevation":50,"beds":9,"source":"UT.no/DNT"}},{"type":"Feature","id":"dnthut-101244","geometry":{"type":"Point","coordinates":[11.29288,59.33164]},"properties":{"name":"Østtorphytta","type":"Ubetjent","description":"Østtorphytta og den tilhørende klatreparken er et populært turmål for både barn og voksne.","elevation":140,"beds":20,"bedsWinter":20,"source":"UT.no/DNT"}},{"type":"Feature","id":"dnthut-10156","geometry":{"type":"Point","coordinates":[7.21031,61.82597]},"properties":{"name":"Infimus","type":"Nødbu","description":"Beliggenhet Hytta (tidligere NVE-hytte) eies av Indre Nordfjord Turlag og ligger lett tilgjengelig ved foten av Erdalsbreen.","elevation":880,"source":"UT.no/DNT"}},{"type":"Feature","id":"dnthut-101317759","geometry":{"type":"Point","coordinates":[5.502203,60.346956]},"properties":{"name":"Bjørnstølen","type":"Ubetjent","description":"Offisiell åpning av Bjørnstølen søndag 7.","elevation":377,"beds":6,"source":"UT.no/DNT"}},{"type":"Feature","id":"dnthut-101098499","geometry":{"type":"Point","coordinates":[14.017775,66.798803]},"properties":{"name":"Papphuset","type":"Stengt","description":"Papphuset er ei anleggsbrakke ca 1 time opp langs Rallarstien fra Fykanbergan.","elevation":458,"beds":10,"source":"UT.no/DNT"}},{"type":"Feature","id":"dnthut-10769","geometry":{"type":"Point","coordinates":[5.488894,60.767337]},"properties":{"name":"Kalvedalshytta","type":"Selvbetjent","description":"Kalvedalshytta - sjarmerende hytte som innbyr til besøk store deler av året.","elevation":420,"beds":34,"source":"UT.no/DNT"}},{"type":"Feature","id":"dnthut-10740","geometry":{"type":"Point","coordinates":[9.424788,59.40175]},"properties":{"name":"Fugleleiken","type":"Ubetjent","description":"Fugleleiken ligger vakkert til i nordenden av Svanstulvann i Luksefjell, og er en fin base for flotte naturopplevelser både på barmark og snø.","elevation":602,"beds":7,"source":"UT.no/DNT"}},{"type":"Feature","id":"dnthut-10645","geometry":{"type":"Point","coordinates":[10.663651,60.036096]},"properties":{"name":"Kobberhaughytta","type":"Betjent","description":"Kobberhaughytta er DNT Oslo og Omegns storstue i Oslomarka.","elevation":431,"beds":54,"source":"UT.no/DNT"}},{"type":"Feature","id":"dnthut-101362","geometry":{"type":"Point","coordinates":[11.029746,59.798518]},"properties":{"name":"Øvresaga","type":"Ubetjent","description":"Øvresaga er en gammel husmannsplass og ligger vakkert til i et åpent beitelandskap i Rausjøgrenda sør i Østmarka.","elevation":224,"beds":8,"source":"UT.no/DNT"}},{"type":"Feature","id":"dnthut-10831","geometry":{"type":"Point","coordinates":[11.44822,62.204088]},"properties":{"name":"Ellefsplass","type":"Selvbetjent","description":"Ellefsplass er en ominnredet enebolig med strøm, innlagt vann og fullt bad i første etasje.","elevation":713,"beds":8,"source":"UT.no/DNT"}},{"type":"Feature","id":"dnthut-10771","geometry":{"type":"Point","coordinates":[11.009804,59.849899]},"properties":{"name":"Røyrivannskoia","type":"Ubetjent","description":"Røyrivannskoia er en sjarmerende gammel tømmerkoie som ligger ved Røyrivann i Østmarka.","elevation":179,"beds":4,"source":"UT.no/DNT"}},{"type":"Feature","id":"dnthut-10929","geometry":{"type":"Point","coordinates":[7.507,60.59791]},"properties":{"name":"Finsehytta","type":"Betjent","description":"Finsehytta er et fantastisk utgangspunkt for turer både sørover på Hardangervidda og nordover inn i Skarvheimen.","elevation":1224,"beds":218,"source":"UT.no/DNT"}},{"type":"Feature","id":"dnthut-10919","geometry":{"type":"Point","coordinates":[9.239851,62.829022]},"properties":{"name":"Trollheimshytta","type":"Betjent","description":"Trollheimshytta ligger veiløst til i hjertet av Trollheimen, og er et knutepunkt for turer i de vestlige og mest alpine delene av dette fantastiske fjellområdet.","elevation":531,"beds":108,"source":"UT.no/DNT"}},{"type":"Feature","id":"dnthut-10363","geometry":{"type":"Point","coordinates":[6.915504,60.843448]},"properties":{"name":"Grindaflethytta","type":"Selvbetjent","description":"Om Grindaflet Grindaflethytta er ei sjølvbetjeningshytte som er ope heile året.","elevation":1090,"beds":14,"source":"UT.no/DNT"}},{"type":"Feature","id":"dnthut-10368","geometry":{"type":"Point","coordinates":[8.682069,59.125246]},"properties":{"name":"Trongebu","type":"Nødbu","description":"- mer enn grillhytte på Heigeitilløypa Med utsikt til Hesthomvarden på Kyrkjebygdheia, Nissedal og fjellene rundt, ligger grillhytta Trongebu fint plassert på svaberga ved Trongane.","elevation":661,"source":"UT.no/DNT"}},{"type":"Feature","id":"dnthut-10384","geometry":{"type":"Point","coordinates":[8.125185,58.893044]},"properties":{"name":"Grunnetjørnsbu","type":"Selvbetjent","description":"Introduksjon: Grunnetjørnsbu ligger lunt til i lett skog med en nydelig utsikt over Grunnetjønn.","elevation":701,"beds":18,"source":"UT.no/DNT"}},{"type":"Feature","id":"dnthut-10958","geometry":{"type":"Point","coordinates":[7.079703,60.701952]},"properties":{"name":"Kaldavasshytta","type":"Ubetjent","description":"Om Kaldavasshytta Kaldavasshytta er ei ubetjent hytte som er ope heile året.","elevation":1262,"beds":18,"source":"UT.no/DNT"}},{"type":"Feature","id":"dnthut-101029","geometry":{"type":"Point","coordinates":[6.80655,59.034923]},"properties":{"name":"Børsteinen","type":"Ubetjent","description":"Børsteinen – den perfekte familiehytta med kort avstand til vei og bademuligheter rett utenfor hyttedøra!","elevation":867,"beds":16,"source":"UT.no/DNT"}},{"type":"Feature","id":"dnthut-10684","geometry":{"type":"Point","coordinates":[11.191186,60.941514]},"properties":{"name":"Stenfjellhytta serveringshytte","type":"Servering","description":"Stenfjellhytta er nå stengt for sesongen.","elevation":746,"source":"UT.no/DNT"}},{"type":"Feature","id":"dnthut-10683","geometry":{"type":"Point","coordinates":[11.982998,63.111633]},"properties":{"name":"Storerikvollen","type":"Betjent","description":"Storerikvollen ligger fritt og fint til på en setervoll, med panoramautsikt over Esandsjøen mot Sylmassivet.","elevation":766,"beds":81,"source":"UT.no/DNT"}},{"type":"Feature","id":"dnthut-101048","geometry":{"type":"Point","coordinates":[6.643535,58.830847]},"properties":{"name":"Tomannsbu","type":"Selvbetjent","description":"På Tomannsbu får du virkelig høyfjellsfølelsen i kort avstand fra byen!","elevation":730,"beds":50,"source":"UT.no/DNT"}},{"type":"Feature","id":"dnthut-101007690","geometry":{"type":"Point","coordinates":[11.806197,63.273278]},"properties":{"name":"Bjørneggen, Biernerånhtjoe","type":"Selvbetjent","description":"En ny og moderne turistforeningshytte for miljøbevisste fjellvandrere BELIGGENHET Bjørneggen ligger i Stordalen i Meråker kommune.","elevation":597,"beds":38,"source":"UT.no/DNT"}},{"type":"Feature","id":"dnthut-10717","geometry":{"type":"Point","coordinates":[7.536313,61.573434]},"properties":{"name":"Fast","type":"Selvbetjent","description":"Fast ligger på en gammel setervoll i nordenden av Åsetevatnet.","elevation":847,"beds":11,"source":"UT.no/DNT"}},{"type":"Feature","id":"dnthut-101056","geometry":{"type":"Point","coordinates":[10.51602,61.12294]},"properties":{"name":"Krokbua","type":"Ubetjent","description":"DNT Lillehammer har ei fin gammel tømmerhytte på et sted som heter Kroken, som ligger ved Mesnaelva et lite stykke ovenfor Lillehammer.","elevation":480,"beds":6,"source":"UT.no/DNT"}},{"type":"Feature","id":"dnthut-10772","geometry":{"type":"Point","coordinates":[10.926521,60.151191]},"properties":{"name":"Bekkestua","type":"Ubetjent","description":"NB!","elevation":348,"beds":4,"source":"UT.no/DNT"}},{"type":"Feature","id":"dnthut-10558","geometry":{"type":"Point","coordinates":[9.64852,59.503696]},"properties":{"name":"Sørmyrseter","type":"Ubetjent","description":"Velkommen til Sørmyrseter!","elevation":620,"beds":14,"source":"UT.no/DNT"}},{"type":"Feature","id":"dnthut-101317770","geometry":{"type":"Point","coordinates":[6.673471,58.28238]},"properties":{"name":"DNT Fjellstuen","type":"Ubetjent","description":"DNT Fjellstuen ligger idyllisk til i sjøkanten rett utenfor Flekkefjord sentrum.","elevation":16,"beds":13,"source":"UT.no/DNT"}},{"type":"Feature","id":"dnthut-10509","geometry":{"type":"Point","coordinates":[9.43168,60.60992]},"properties":{"name":"Fønhuskoia","type":"Ubetjent","description":"Fønhuskoia har lenge vært DNT Ringerikes flaggskip.","elevation":751,"beds":21,"source":"UT.no/DNT"}},{"type":"Feature","id":"dnthut-10649","geometry":{"type":"Point","coordinates":[10.746801,61.38257]},"properties":{"name":"Lyngbua","type":"Ubetjent","description":"Ved fjellvannet Lyngen, 12-13 km øst for Djupsli på Rondanestien har DNT Lillehammer den ubetjente Lyngbua.","elevation":1007,"beds":5,"source":"UT.no/DNT"}},{"type":"Feature","id":"dnthut-10657","geometry":{"type":"Point","coordinates":[9.8656,59.9794]},"properties":{"name":"Koboltkoia","type":"Ubetjent","description":"Trivelige Koboltkoia er et idyllisk sted, ei koie med sjel.","elevation":378,"beds":12,"source":"UT.no/DNT"}},{"type":"Feature","id":"dnthut-10223","geometry":{"type":"Point","coordinates":[15.236498,66.935926]},"properties":{"name":"Jordbruhytta","type":"Ubetjent","description":"Viktig melding!","elevation":331,"beds":8,"source":"UT.no/DNT"}},{"type":"Feature","id":"dnthut-101229","geometry":{"type":"Point","coordinates":[9.385462,58.784854]},"properties":{"name":"Stangnes","type":"Servering","description":"Helt ute ved havet, ytterst på Levangslandet ligger Stangnes.","elevation":5,"source":"UT.no/DNT"}},{"type":"Feature","id":"dnthut-101135","geometry":{"type":"Point","coordinates":[6.350521,58.985326]},"properties":{"name":"Skåpet, gamlehytta","type":"Ubetjent","description":"Gamle Skåpet er en hytteperle som du kan leie helt for deg selv et steinkast fra de nye hyttene på Skåpet.","elevation":684,"beds":6,"source":"UT.no/DNT"}},{"type":"Feature","id":"dnthut-101283545","geometry":{"type":"Point","coordinates":[7.0809,61.242808]},"properties":{"name":"Kjørrdalsselet","type":"Ubetjent","description":"Om hytta Kjørrdalsselet ligger omlag 1,7 km frå Åberge, under Skjeggen på sti mellom Åberge og Bjedlastølen - 560 moh Det er ein enkel hytte med 2 rom, ett skot og et opphaldsrom.","elevation":533,"beds":2,"source":"UT.no/DNT"}},{"type":"Feature","id":"dnthut-10648","geometry":{"type":"Point","coordinates":[10.502562,61.468641]},"properties":{"name":"Vetåbua","type":"Selvbetjent","description":"Vetåbua ligger i Ringebu kommune på fjellet øst for Fåvang og er en av hyttene langs Rondanestien , mellom selvbetjeningshyttene Jammerdalsbu og Djupslia .","elevation":925,"beds":16,"source":"UT.no/DNT"}},{"type":"Feature","id":"dnthut-10242","geometry":{"type":"Point","coordinates":[12.42388,60.380063]},"properties":{"name":"Helgedammen","type":"Ubetjent","description":"Helgedammen er ei fløterbrakke fra den tida det var fløting i elva Rotna som renner rett forbi.","elevation":246,"beds":6,"source":"UT.no/DNT"}},{"type":"Feature","id":"dnthut-10133","geometry":{"type":"Point","coordinates":[17.013195,68.570898]},"properties":{"name":"Blåvatnhytta","type":"Ubetjent","description":"Blåvatnhytta: Hyttetunet består av 3 hytter.","elevation":564,"beds":10,"source":"UT.no/DNT"}},{"type":"Feature","id":"dnthut-10768","geometry":{"type":"Point","coordinates":[5.669985,60.561761]},"properties":{"name":"Træet gård","type":"Ubetjent","description":"Træet gård - autentisk småbruk fra begynnelsen av 1900 tallet.","elevation":230,"beds":19,"source":"UT.no/DNT"}},{"type":"Feature","id":"dnthut-101124","geometry":{"type":"Point","coordinates":[7.403456,59.201151]},"properties":{"name":"Stavskar","type":"Ubetjent","description":"I en frodig liten dal, omkranset av Svarvarnuten (1379 moh.","elevation":995,"beds":8,"source":"UT.no/DNT"}},{"type":"Feature","id":"dnthut-10488","geometry":{"type":"Point","coordinates":[9.567926,59.468485]},"properties":{"name":"Solumhytta","type":"Ubetjent","description":"Solumhytta er en perle nordøst i Luksefjell, på grensa til Skrimfjella.","elevation":578,"beds":10,"source":"UT.no/DNT"}},{"type":"Feature","id":"dnthut-101130759","geometry":{"type":"Point","coordinates":[7.963417,61.383538]},"properties":{"name":"Vettismorki","type":"Selvbetjent","description":"Den nye hytta på Vettismorki er en skjult perle.","elevation":681,"beds":9,"source":"UT.no/DNT"}},{"type":"Feature","id":"dnthut-10309","geometry":{"type":"Point","coordinates":[16.389696,68.658371]},"properties":{"name":"Bjørnhaugen","type":"Ubetjent","description":"Bjørnhaugen ligger i et attraktivt og mye benyttet friluftsområde ved inngangen til populære Melåa og Finnslettheia.","elevation":211,"beds":12,"source":"UT.no/DNT"}},{"type":"Feature","id":"dnthut-10908406","geometry":{"type":"Point","coordinates":[7.481911,60.183946]},"properties":{"name":"Sandhaug Selvbetjent","type":"Selvbetjent","description":"Dette er Sandhaug sitt selvbetjente kvarter.","elevation":1252,"beds":12,"source":"UT.no/DNT"}},{"type":"Feature","id":"dnthut-101282","geometry":{"type":"Point","coordinates":[5.344663,61.779697]},"properties":{"name":"Knekkevasshytta","type":"Ubetjent","description":"Beliggenhet Knekkevasshytta ligg på turen mot Keipen, frå Svelgen.","elevation":455,"beds":12,"source":"UT.no/DNT"}},{"type":"Feature","id":"dnthut-101032483","geometry":{"type":"Point","coordinates":[8.957148,58.598722]},"properties":{"name":"Furøya Gjestehuset","type":"Ubetjent","description":"Introduksjon: Midt i Tvedestrandsfjorden, på idylliske Furøya ligger det vakre Gjestehuset i sveitserstil bare noen meter fra vannkanten.","elevation":4,"beds":18,"source":"UT.no/DNT"}},{"type":"Feature","id":"dnthut-10229","geometry":{"type":"Point","coordinates":[9.445732,61.337352]},"properties":{"name":"Storkvolvbua","type":"Selvbetjent","description":"NB: Grunnet byggearbeider vil det dessverre ikke være mulig med hund frem til 30.","elevation":1196,"beds":27,"source":"UT.no/DNT"}},{"type":"Feature","id":"dnthut-101190","geometry":{"type":"Point","coordinates":[9.760349,61.259544]},"properties":{"name":"Vestfjellhytta","type":"Selvbetjent","description":"Vestfjellhytta ligger i Gausdal Vestfjell ca 7 km fra bilveg.","elevation":946,"beds":18,"source":"UT.no/DNT"}},{"type":"Feature","id":"dnthut-10234","geometry":{"type":"Point","coordinates":[11.956837,60.993377]},"properties":{"name":"Renosdammen","type":"Ubetjent","description":"Renosdammen (Damkoia) er en enkel, nybygget hytte satt opp i 2009 på samme tomt der en tidligere hytte som brant ned, sto.","elevation":440,"beds":4,"bedsWinter":4,"source":"UT.no/DNT"}},{"type":"Feature","id":"dnthut-10236","geometry":{"type":"Point","coordinates":[12.087171,61.006433]},"properties":{"name":"Flisberget","type":"Ubetjent","description":"Flisberget er stengt for online booking pga.","elevation":506,"beds":10,"bedsWinter":10,"source":"UT.no/DNT"}},{"type":"Feature","id":"dnthut-101199","geometry":{"type":"Point","coordinates":[10.916141,61.155308]},"properties":{"name":"Åkersætra ubetjent","type":"Ubetjent","description":"Den gamle sætra i Åstdalen innbyr til lek og aktivitet og er en særdeles trivelig plass å være hele året for både store og små.","elevation":665,"beds":8,"source":"UT.no/DNT"}},{"type":"Feature","id":"dnthut-10784","geometry":{"type":"Point","coordinates":[7.31422,60.540153]},"properties":{"name":"Demmevasshytta","type":"Ubetjent","description":"Hytta er en av de mest utilgjengelige hyttene som eies av DNT Oslo og Omegn.","elevation":1311,"beds":21,"source":"UT.no/DNT"}},{"type":"Feature","id":"dnthut-101150","geometry":{"type":"Point","coordinates":[8.957243,58.59904]},"properties":{"name":"Furøya Forpakterboligen","type":"Ubetjent","description":"Introduksjon: Midt i Tvedestrandsfjorden, på idylliske Furøya ligger den koseligeForpakterboligen bare noen meter fra vannkanten.","elevation":5,"beds":8,"source":"UT.no/DNT"}},{"type":"Feature","id":"dnthut-10250","geometry":{"type":"Point","coordinates":[12.896361,64.063428]},"properties":{"name":"Holden fjellgård, Bekkstuggu","type":"Selvbetjent","description":"En idyllisk overnattingsmulighet i Blåfjella - Skækerfjella nasjonalpark.","elevation":451,"beds":11,"source":"UT.no/DNT"}},{"type":"Feature","id":"dnthut-101250515","geometry":{"type":"Point","coordinates":[10.389953,59.919374]},"properties":{"name":"Svartpoten","type":"Ubetjent","description":"Svartpoten ligger vakkert til ved Svartvann i Vestmarka.","elevation":355,"beds":4,"source":"UT.no/DNT"}},{"type":"Feature","id":"dnthut-101200","geometry":{"type":"Point","coordinates":[10.816663,61.243222]},"properties":{"name":"Skolla ubetjent hytte","type":"Ubetjent","description":"Skolla ligger nede i elvedalen, men med kort vei opp til snaufjellet.","elevation":678,"beds":6,"source":"UT.no/DNT"}},{"type":"Feature","id":"dnthut-10833","geometry":{"type":"Point","coordinates":[11.758593,62.247051]},"properties":{"name":"Sæter (midlertidig Knøttebu)","type":"Ubetjent","description":"Sæter gård i Tufsingdalen har bilvei helt fram.","elevation":671,"beds":4,"source":"UT.no/DNT"}},{"type":"Feature","id":"dnthut-101034","geometry":{"type":"Point","coordinates":[7.036347,59.352703]},"properties":{"name":"Hovatn","type":"Selvbetjent","description":"Hovatn betyr vatnet som ligger høyt, og da passer det at hytta er en av DNT Stavanger og omegns høyesteliggende hytter med sine 1120 meter over havet.","elevation":1121,"beds":28,"source":"UT.no/DNT"}},{"type":"Feature","id":"dnthut-10295","geometry":{"type":"Point","coordinates":[10.26232,63.378247]},"properties":{"name":"Rønningen gård - Bymarka Trondheim","type":"Servering","description":"Åpningstider i kafeen Ordinære åpningstider: Mandag stengt Tirsdag 11-15 Onsdag 11-20 (16:00-19:30: Hjemmelaga hamburger med soppstuing og rørte tyttebær!","elevation":286,"source":"UT.no/DNT"}},{"type":"Feature","id":"dnthut-10256","geometry":{"type":"Point","coordinates":[6.305483,60.739253]},"properties":{"name":"Volahytta","type":"Selvbetjent","description":"VOLAHYTTA Om Volahytta Volahytta er ei sjølvbetjeningshytte som er ope heile året.","elevation":940,"beds":18,"source":"UT.no/DNT"}},{"type":"Feature","id":"dnthut-101377","geometry":{"type":"Point","coordinates":[11.194775,60.924699]},"properties":{"name":"Lageråkvisla ubetjent","type":"Ubetjent","description":"Den ubetjente hytta er godt egnet som dagsturmål for barnefamilier, både sommer og vinter, og det er også soveplass til sju personer.","elevation":651,"beds":7,"source":"UT.no/DNT"}},{"type":"Feature","id":"dnthut-10478","geometry":{"type":"Point","coordinates":[11.341622,63.289152]},"properties":{"name":"Prestøyhytta","type":"Selvbetjent","description":"Prestøyhytta ligger i \"sentrum\" for den vestre delen av Sylan og byr på flott turterreng både sommer som vinter.","elevation":623,"beds":16,"source":"UT.no/DNT"}},{"type":"Feature","id":"dnthut-10902012","geometry":{"type":"Point","coordinates":[8.632363,61.622695]},"properties":{"name":"Glitterheim Selvbetjent","type":"Selvbetjent","description":"Dette er Glitterheims selvbetjente kvarter.","elevation":1386,"beds":20,"source":"UT.no/DNT"}},{"type":"Feature","id":"dnthut-101317699","geometry":{"type":"Point","coordinates":[10.702522,60.324065]},"properties":{"name":"Hytta på Skjerva","type":"Ubetjent","description":"Velkommen til trivelig hytte på Skjerva!","elevation":425,"beds":4,"bedsWinter":4,"source":"UT.no/DNT"}},{"type":"Feature","id":"dnthut-10117","geometry":{"type":"Point","coordinates":[14.948531,67.001749]},"properties":{"name":"Tverrbrennstua","type":"Ubetjent","description":"22 av 22 sengeplasser kan forhåndsbestilles.","elevation":553,"beds":22,"source":"UT.no/DNT"}},{"type":"Feature","id":"dnthut-101317718","geometry":{"type":"Point","coordinates":[7.223724,58.03061]},"properties":{"name":"Svinør","type":"Ubetjent","description":"Svinør er en uthavn fra 1600-tallet hvor du virkelig kan kjenne på historien.","elevation":1,"beds":10,"bedsWinter":10,"source":"UT.no/DNT"}},{"type":"Feature","id":"dnthut-10273","geometry":{"type":"Point","coordinates":[10.50349,60.720245]},"properties":{"name":"Mæhlumsætra","type":"Ubetjent","description":"Den koselige hytta ligger i skogsterreng langs Jotunheimstien på Vardalsåsen, seks kilometer vest for Raufoss.","elevation":588,"beds":12,"source":"UT.no/DNT"}},{"type":"Feature","id":"dnthut-101031","geometry":{"type":"Point","coordinates":[6.425347,59.012001]},"properties":{"name":"Flørli turiststasjon","type":"Ubetjent","description":"Den sjarmerende turisthytta Flørli turiststasjon ligger i den svært koselige og veiløse bygda midt i Lysefjorden.","elevation":98,"beds":32,"source":"UT.no/DNT"}},{"type":"Feature","id":"dnthut-10349","geometry":{"type":"Point","coordinates":[11.053784,61.119619]},"properties":{"name":"Halgutusveen","type":"Ubetjent","description":"Hytta holdes stengt i villreinens kalvingsperiode fra 2.","elevation":650,"beds":6,"source":"UT.no/DNT"}},{"type":"Feature","id":"dnthut-10720","geometry":{"type":"Point","coordinates":[10.443649,61.974562]},"properties":{"name":"Korsberghytta","type":"Selvbetjent","description":"Øst for Storsølnkletten i Alvdal Vestfjell finner du Korsberghytta.","elevation":1247,"beds":18,"source":"UT.no/DNT"}},{"type":"Feature","id":"dnthut-101378","geometry":{"type":"Point","coordinates":[11.466639,60.836858]},"properties":{"name":"Svartskogkoia","type":"Ubetjent","description":"SE VIDEO FRA SVARTSKOGKOIA HER Svartskogkoia er ei trivelig koie av tømmer med malt panel innvendig.","elevation":340,"beds":8,"source":"UT.no/DNT"}},{"type":"Feature","id":"dnthut-101160","geometry":{"type":"Point","coordinates":[10.9731,60.29979]},"properties":{"name":"Vikkelihytta","type":"Ubetjent","description":"Denne flotte hytta ligger i nær tilknytning til Marifjell som gir flott utsyn over Østlandet og videre opp mot Gudbrandsdalen.","elevation":476,"beds":9,"source":"UT.no/DNT"}},{"type":"Feature","id":"dnthut-101126","geometry":{"type":"Point","coordinates":[8.093186,58.121691]},"properties":{"name":"Tømmerstø","type":"Ubetjent","description":"Velkommen til to koselige DNT kystledhytter på Tømmerstø!","elevation":15,"beds":10,"source":"UT.no/DNT"}},{"type":"Feature","id":"dnthut-101217","geometry":{"type":"Point","coordinates":[11.194778,60.924523]},"properties":{"name":"Lageråkvisla serveringshytte","type":"Servering","description":"Lageråkvisla er nå stengt for sesongen.","elevation":651,"source":"UT.no/DNT"}},{"type":"Feature","id":"dnthut-10515","geometry":{"type":"Point","coordinates":[9.188425,59.881833]},"properties":{"name":"Eriksbu","type":"Ubetjent","description":"Velkommen til Eriksbu!","elevation":945,"beds":28,"source":"UT.no/DNT"}},{"type":"Feature","id":"dnthut-101389","geometry":{"type":"Point","coordinates":[9.093092,59.945623]},"properties":{"name":"Øvre Fjellstul","type":"Ubetjent","description":"Velkommen til Øvre Fjellstul!","elevation":817,"beds":10,"source":"UT.no/DNT"}},{"type":"Feature","id":"dnthut-10765","geometry":{"type":"Point","coordinates":[6.054659,61.077754]},"properties":{"name":"Brydalseter","type":"Ubetjent","description":"Brydalseter er en sjarmerende seterbu på ei fjellhylle høyt over Ortnevik ved Sognefjorden.","elevation":573,"beds":7,"bedsWinter":7,"source":"UT.no/DNT"}},{"type":"Feature","id":"dnthut-101226","geometry":{"type":"Point","coordinates":[10.389838,59.919347]},"properties":{"name":"Svartvannshytta","type":"Ubetjent","description":"Svartvannshytta er en perle i Vestmarka.","elevation":355,"beds":8,"source":"UT.no/DNT"}},{"type":"Feature","id":"dnthut-10438","geometry":{"type":"Point","coordinates":[10.173722,59.172167]},"properties":{"name":"Svinessaga Sagahallen forsamlingslokalet","type":"Dagsturhytte","description":"Svinessaga Sagahallen er et lokale hvor man kan ha ulike samlinger.","elevation":33,"source":"UT.no/DNT"}},{"type":"Feature","id":"dnthut-101205966","geometry":{"type":"Point","coordinates":[10.355733,59.183695]},"properties":{"name":"Håøya","type":"Ubetjent","description":"Håøya er en idyllisk øy på vestsiden av Nøtterøy, nord for Veierland i Færder kommune.","elevation":9,"beds":20,"source":"UT.no/DNT"}},{"type":"Feature","id":"dnthut-101120","geometry":{"type":"Point","coordinates":[7.165244,59.029618]},"properties":{"name":"Håheller","type":"Ubetjent","description":"Lett tilgjengelig, men likevel plassert skjermet.","elevation":888,"beds":8,"source":"UT.no/DNT"}},{"type":"Feature","id":"dnthut-10762","geometry":{"type":"Point","coordinates":[6.130903,61.008787]},"properties":{"name":"Solrenningen turisthytte","type":"Selvbetjent","description":"Solrenningen er den nyeste hytten i Stølsheimen.","elevation":644,"beds":35,"source":"UT.no/DNT"}},{"type":"Feature","id":"dnthut-101170","geometry":{"type":"Point","coordinates":[4.767325,61.565588]},"properties":{"name":"Kinn","type":"Ubetjent","description":"Vil du oppleve og bu på øya Kinn, lengst vest i havet ved Florø?","elevation":8,"beds":10,"source":"UT.no/DNT"}},{"type":"Feature","id":"dnthut-101250514","geometry":{"type":"Point","coordinates":[10.390162,59.919473]},"properties":{"name":"Svartvannskoia","type":"Ubetjent","description":"Svartvannskoia ligger vakkert til ved Svartvann i Vestmarka.","elevation":354,"beds":3,"source":"UT.no/DNT"}},{"type":"Feature","id":"dnthut-101075912","geometry":{"type":"Point","coordinates":[5.870487,58.432366]},"properties":{"name":"Eigerøy fyrvokterbolig","type":"Ubetjent","description":"Velkommen til Eigerøy fyrvokterbolig!","elevation":5,"beds":12,"source":"UT.no/DNT"}},{"type":"Feature","id":"dnthut-101022071","geometry":{"type":"Point","coordinates":[10.717465,59.883616]},"properties":{"name":"Babord - Gressholmen","type":"Ubetjent","description":"Babord på Gressholmen ligger idyllisk til i indre Oslofjord.","elevation":1,"beds":13,"source":"UT.no/DNT"}},{"type":"Feature","id":"dnthut-101283","geometry":{"type":"Point","coordinates":[5.2691,61.784529]},"properties":{"name":"Martinbu","type":"Dagsturhytte","description":"Beliggenhet Martinbu er ei dagsturhytte på Sandsegga.","elevation":512,"source":"UT.no/DNT"}},{"type":"Feature","id":"dnthut-10568","geometry":{"type":"Point","coordinates":[9.011421,63.184453]},"properties":{"name":"Storlisetra","type":"Selvbetjent","description":"Booking og betaling for overnatting og proviant: Det er nå mulig å booke/reservere seng på våre hytter.","elevation":259,"beds":13,"source":"UT.no/DNT"}},{"type":"Feature","id":"dnthut-101054","geometry":{"type":"Point","coordinates":[7.125031,59.705878]},"properties":{"name":"Holmavatn","type":"Selvbetjent","description":"Holmavatn - DNT Stavanger og omegn sin høyestliggende hytte!","elevation":1128,"beds":21,"source":"UT.no/DNT"}},{"type":"Feature","id":"dnthut-10764","geometry":{"type":"Point","coordinates":[5.815131,60.861835]},"properties":{"name":"Skavlabu turisthytte","type":"Selvbetjent","description":"Skavlabu - hytta med det store hjertet.","elevation":960,"beds":20,"source":"UT.no/DNT"}},{"type":"Feature","id":"dnthut-10928","geometry":{"type":"Point","coordinates":[8.316871,61.02658]},"properties":{"name":"Kljåen","type":"Selvbetjent","description":"Kljåen i Hemsedal er ei særprega hytte med fin beliggenhet både for den som vil bestige topper, og de som foretrekker å kose seg nede i dalen.","elevation":983,"beds":8,"source":"UT.no/DNT"}},{"type":"Feature","id":"dnthut-10920","geometry":{"type":"Point","coordinates":[7.813119,61.567779]},"properties":{"name":"Stølsdalen","type":"Selvbetjent","description":"Stølsdalen er opprinnelig en seter som i dag er bygd om til selvbetjeningshytte.","elevation":1039,"beds":10,"source":"UT.no/DNT"}},{"type":"Feature","id":"dnthut-101104","geometry":{"type":"Point","coordinates":[7.537375,59.347753]},"properties":{"name":"Bjørnevasshytta","type":"Ubetjent","description":"Leter du etter en hytte i Setesdalsheiene hvor du kan ankomme med bil i sene nattetimer, for deretter å gjøre fantastiske dagsturer i dagene etterpå?","elevation":818,"beds":8,"source":"UT.no/DNT"}},{"type":"Feature","id":"dnthut-101196524","geometry":{"type":"Point","coordinates":[17.308265,68.372463]},"properties":{"name":"Steinbu","type":"Dagsturhytte","description":"Steinbu er ei dagsturhytte som ligger ved Geitknausvannet i fjellet mellom Skjomnes og Litletinden under Skjomtind (Den Sovende Dronning) rett sør for Narvik.","elevation":581,"source":"UT.no/DNT"}},{"type":"Feature","id":"dnthut-10460","geometry":{"type":"Point","coordinates":[8.2971,62.634135]},"properties":{"name":"Brandstadbu","type":"Ubetjent","description":"Det anbefales å bestille opphold på Brandstadbu på forhånd, da alle 8 senger er tilgjengelig for bestilling.","elevation":201,"beds":8,"source":"UT.no/DNT"}},{"type":"Feature","id":"dnthut-101284","geometry":{"type":"Point","coordinates":[6.862481,60.661739]},"properties":{"name":"BT-hytten","type":"Ubetjent","description":"BT-hytten - et nydelig krypinn i fjellene ved Mjølfjell.","elevation":863,"beds":6,"source":"UT.no/DNT"}},{"type":"Feature","id":"dnthut-101317685","geometry":{"type":"Point","coordinates":[10.565092,59.947933]},"properties":{"name":"Elgstua - Sæteren Gård","type":"Ubetjent","description":"Se oversikt over alle overnattingsmulighetene på Sæteren Gård her.","elevation":157,"beds":4,"source":"UT.no/DNT"}},{"type":"Feature","id":"dnthut-101363","geometry":{"type":"Point","coordinates":[9.979163,61.756117]},"properties":{"name":"Eldåbu","type":"Selvbetjent","description":"Eldåbu ble bygd i 1966 og er en hytte med like gode turmuligheter både sommer og vinter.","elevation":1013,"beds":20,"source":"UT.no/DNT"}},{"type":"Feature","id":"dnthut-10918","geometry":{"type":"Point","coordinates":[9.357097,62.341486]},"properties":{"name":"Reinheim","type":"Selvbetjent","description":"Endret åpningstid på Reinheim fra august 2026 : For å skjerme villreinen i sårbare perioder blir Reinheim stengt fra 23.","elevation":1341,"beds":34,"source":"UT.no/DNT"}},{"type":"Feature","id":"dnthut-10382","geometry":{"type":"Point","coordinates":[7.519634,59.53735]},"properties":{"name":"Tjørnbrotbu","type":"Selvbetjent","description":"Introduksjon: Tjørnbrotbu ligger i et nydelig terreng over tregrensa øverst i Austheiene.","elevation":1303,"beds":18,"source":"UT.no/DNT"}},{"type":"Feature","id":"dnthut-10908407","geometry":{"type":"Point","coordinates":[7.790506,61.642642]},"properties":{"name":"Nørdstedalseter Selvbetjent","type":"Selvbetjent","description":"Grunnet anleggsarbeider i nærheten holder vi selvbetjentkvarteret stengt fra 20.","elevation":940,"beds":6,"source":"UT.no/DNT"}},{"type":"Feature","id":"dnthut-10711","geometry":{"type":"Point","coordinates":[8.479919,59.928919]},"properties":{"name":"Helberghytta","type":"Selvbetjent","description":"Krossobanen stengt til 2028 .","elevation":1091,"beds":14,"source":"UT.no/DNT"}},{"type":"Feature","id":"dnthut-10486","geometry":{"type":"Point","coordinates":[9.363916,59.688247]},"properties":{"name":"Selsli","type":"Ubetjent","description":"Velkommen til Selsli!","elevation":732,"beds":24,"source":"UT.no/DNT"}},{"type":"Feature","id":"dnthut-10787","geometry":{"type":"Point","coordinates":[10.93798,60.089788]},"properties":{"name":"Spikertjernhytta","type":"Ubetjent","description":"Ønsker du en hytte med kort adkomst, fiskemuligheter og masse sjarm?","elevation":275,"beds":4,"source":"UT.no/DNT"}},{"type":"Feature","id":"dnthut-101300672","geometry":{"type":"Point","coordinates":[14.388337,66.400267]},"properties":{"name":"Lapplistua","type":"Dagsturhytte","description":"Vi er stolte over å overtatt stafettpinnen i Lapplia.","elevation":305,"source":"UT.no/DNT"}},{"type":"Feature","id":"dnthut-101041","geometry":{"type":"Point","coordinates":[6.674978,59.189461]},"properties":{"name":"Nilsebu","type":"Selvbetjent","description":"Velkommen til nyoppussede Nilsebu!","elevation":735,"beds":32,"source":"UT.no/DNT"}},{"type":"Feature","id":"dnthut-101360","geometry":{"type":"Point","coordinates":[10.015611,60.13184]},"properties":{"name":"Hovinkoia","type":"Ubetjent","description":"Hovinkoia ligger i den sørøstlige delen av Holleia på en odde i Setertjern.","elevation":230,"beds":8,"source":"UT.no/DNT"}},{"type":"Feature","id":"dnthut-101145540","geometry":{"type":"Point","coordinates":[6.353516,62.247907]},"properties":{"name":"Kolåstindhytta","type":"Ubetjent","description":"Beliggenhet Kolåstindhytta ligger på Standaleidet, rett under Kolåstinden og Sætretindane, i et storslått alpint landskap.","elevation":381,"beds":11,"source":"UT.no/DNT"}},{"type":"Feature","id":"dnthut-10388","geometry":{"type":"Point","coordinates":[21.967629,69.320587]},"properties":{"name":"Nedrefosshytta","type":"Ubetjent","description":"NB!","elevation":150,"beds":16,"source":"UT.no/DNT"}},{"type":"Feature","id":"dnthut-10660","geometry":{"type":"Point","coordinates":[7.19396,59.824004]},"properties":{"name":"Haukeliseter fjellstue","type":"Betjent","description":"På fjellet.","elevation":987,"beds":174,"source":"UT.no/DNT"}},{"type":"Feature","id":"dnthut-101091","geometry":{"type":"Point","coordinates":[7.691095,61.483658]},"properties":{"name":"Fuglesteg","type":"Ubetjent","description":"Velkommen til vakre Fuglesteg - ein gamal fjeldgard som ligg høgt oppe i dalsida over Fortun og er ei oppleving av dei sjeldne.","elevation":628,"beds":31,"source":"UT.no/DNT"}},{"type":"Feature","id":"dnthut-101194","geometry":{"type":"Point","coordinates":[11.238566,60.983807]},"properties":{"name":"Målia selvbetjent","type":"Selvbetjent","description":"SE FILM FRA MÅLIA HER HHTs første selvbetjente hytte ligger på Målia og er en innredet eldre koie fra 1984.","elevation":733,"beds":10,"source":"UT.no/DNT"}},{"type":"Feature","id":"dnthut-10964","geometry":{"type":"Point","coordinates":[16.203702,67.123634]},"properties":{"name":"Lomihytta","type":"Ubetjent","description":"Lomihytta ligger i et kupert område i de ville og flotte Sulitjeljelmafjellene.","elevation":711,"beds":4,"source":"UT.no/DNT"}},{"type":"Feature","id":"dnthut-101254","geometry":{"type":"Point","coordinates":[6.965615,61.868193]},"properties":{"name":"Skålabu","type":"Selvbetjent","description":"Skålabu og Skålatårnet - to helt unike hytter 1843 meter over havet opp fra Nordfjord.","elevation":1837,"beds":20,"source":"UT.no/DNT"}},{"type":"Feature","id":"dnthut-10240","geometry":{"type":"Point","coordinates":[11.966697,60.835067]},"properties":{"name":"Løvknuten","type":"Nødbu","description":"Løvknuten eies av Elverum kommuneskoger og leies av DNT Finnskogen og Omegn.","elevation":486,"beds":4,"source":"UT.no/DNT"}},{"type":"Feature","id":"dnthut-10131","geometry":{"type":"Point","coordinates":[10.098249,61.114961]},"properties":{"name":"Skjellbreidhytta","type":"Selvbetjent","description":"Skjellbreidhytta ligger i Lillehammer kommune, lengst nord i setergrenda Skjellbreida i Fåberg Vestfjell.","elevation":917,"beds":7,"source":"UT.no/DNT"}},{"type":"Feature","id":"dnthut-10370","geometry":{"type":"Point","coordinates":[8.107255,63.190922]},"properties":{"name":"Gullsteinvollen","type":"Selvbetjent","description":"Booking og betaling for overnatting og proviant: Det er nå mulig å booke/reservere seng på våre hytter.","elevation":167,"beds":15,"source":"UT.no/DNT"}},{"type":"Feature","id":"dnthut-10658","geometry":{"type":"Point","coordinates":[9.959451,61.172322]},"properties":{"name":"Kittilbua","type":"Selvbetjent","description":"Kittilbua ble rehabilitert sommeren 2021.","elevation":813,"beds":7,"source":"UT.no/DNT"}},{"type":"Feature","id":"dnthut-10501","geometry":{"type":"Point","coordinates":[8.981136,60.02915]},"properties":{"name":"Daggrø","type":"Ubetjent","description":"Velkommen til Daggrø!","elevation":984,"beds":12,"source":"UT.no/DNT"}},{"type":"Feature","id":"dnthut-10341","geometry":{"type":"Point","coordinates":[10.352886,61.585689]},"properties":{"name":"Jammerdalsbu","type":"Selvbetjent","description":"Jammerdalsbu ligger flott til ved Jammerdalshøgda og kan enkelt nås med adkomst fra Friisvegen.","elevation":1134,"beds":14,"source":"UT.no/DNT"}},{"type":"Feature","id":"dnthut-10794","geometry":{"type":"Point","coordinates":[9.119549,62.500558]},"properties":{"name":"Gammelsetra","type":"Selvbetjent","description":"Booking og betaling for overnatting og proviant: Det er nå mulig å booke/reservere seng på våre hytter.","elevation":799,"beds":32,"source":"UT.no/DNT"}},{"type":"Feature","id":"dnthut-101103","geometry":{"type":"Point","coordinates":[7.83414,62.648148]},"properties":{"name":"Måsvassbu","type":"Selvbetjent","description":"Bestilling: Alle senger på Måsvassbu kan forhåndsbestilles.","elevation":591,"beds":31,"bedsWinter":10,"source":"UT.no/DNT"}},{"type":"Feature","id":"dnthut-101037","geometry":{"type":"Point","coordinates":[6.614695,58.991623]},"properties":{"name":"Langavatn","type":"Selvbetjent","description":"Langavatn er en turisthytte med kort vei til Kjerag og med en flott utsikt.","elevation":939,"beds":29,"source":"UT.no/DNT"}},{"type":"Feature","id":"dnthut-10799","geometry":{"type":"Point","coordinates":[9.195166,62.713444]},"properties":{"name":"Vassendsetra","type":"Selvbetjent","description":"Vassendsetra ligger i vestenden av Gjevillvassdalen og Gjevillvatnet.","elevation":680,"beds":27,"source":"UT.no/DNT"}},{"type":"Feature","id":"dnthut-10714","geometry":{"type":"Point","coordinates":[8.532456,61.235488]},"properties":{"name":"Tomashelleren","type":"Selvbetjent","description":"Tomashelleren ble åpnet i 2002.","elevation":1488,"beds":14,"source":"UT.no/DNT"}},{"type":"Feature","id":"dnthut-10812","geometry":{"type":"Point","coordinates":[7.998236,60.92698]},"properties":{"name":"Bjordalsbu","type":"Selvbetjent","description":"Av alle DNT Oslo og Omegn sine selvbetjeningshytter, er Bjordalsbu den som ligger høyest med sine 1580 moh.","elevation":1573,"beds":24,"source":"UT.no/DNT"}},{"type":"Feature","id":"dnthut-101098250","geometry":{"type":"Point","coordinates":[7.143425,62.747959]},"properties":{"name":"Gamle Storlihytta","type":"Ubetjent","description":"Storlihytta ble oppført allerede i 1893 av Grand Hotell i Molde, som et tilbud til deres gjester.","elevation":270,"beds":7,"source":"UT.no/DNT"}},{"type":"Feature","id":"dnthut-10445","geometry":{"type":"Point","coordinates":[13.075161,68.035928]},"properties":{"name":"Selfjordhytta","type":"Ubetjent","description":"Midt blant Lofotens luftigste topper ligger Selfjordhytta.","elevation":25,"beds":10,"source":"UT.no/DNT"}},{"type":"Feature","id":"dnthut-10490","geometry":{"type":"Point","coordinates":[7.709413,61.809199]},"properties":{"name":"Sota Sæter","type":"Betjent","description":"Denne hytta har en spesiell plass i manges hjerter.","elevation":740,"beds":86,"source":"UT.no/DNT"}},{"type":"Feature","id":"dnthut-101264","geometry":{"type":"Point","coordinates":[6.930862,59.017637]},"properties":{"name":"Ådneram anneks","type":"Ubetjent","description":"Ådneram anneks er den perfekte familiehytta sentralt på Ådneram rett ved bilvei og med innlagt vann, dusj og toalett.","elevation":570,"beds":13,"source":"UT.no/DNT"}},{"type":"Feature","id":"dnthut-101132","geometry":{"type":"Point","coordinates":[6.931175,59.017306]},"properties":{"name":"Ådneram turisthytte","type":"Ubetjent","description":"Ådneram turisthytte er den perfekte hytta for store grupper, skoleklasser, lag og foreninger.","elevation":570,"beds":56,"source":"UT.no/DNT"}},{"type":"Feature","id":"dnthut-10763","geometry":{"type":"Point","coordinates":[6.075167,60.474027]},"properties":{"name":"Vending turisthytte","type":"Selvbetjent","description":"Vending turisthytte -hytta ved Vendingstjørn som innbyr til besøk store deler av året.","elevation":822,"beds":30,"source":"UT.no/DNT"}},{"type":"Feature","id":"dnthut-101317743","geometry":{"type":"Point","coordinates":[10.975738,59.871747]},"properties":{"name":"Vannhuset","type":"Ubetjent","description":"Velkommen til Vannhuset – en særegen og innbydende ubetjent hytte i Østmarka, like ved den kjente hytta Fiskelaushytta, men med en helt spesiell beliggenhet rett ved vannet.","elevation":254,"beds":8,"source":"UT.no/DNT"}},{"type":"Feature","id":"dnthut-101225","geometry":{"type":"Point","coordinates":[10.115567,59.821803]},"properties":{"name":"Garsjøkoia","type":"Ubetjent","description":"Garsjøkoia ligger idyllisk til kun 50 meter fra vannet Garsjø i Finnemarka.","elevation":385,"beds":6,"source":"UT.no/DNT"}},{"type":"Feature","id":"dnthut-10678","geometry":{"type":"Point","coordinates":[10.127498,59.819436]},"properties":{"name":"Eiksetra","type":"Betjent","description":"Eiksetra ligger ved Garsjø i Lier kommune, og er et utmerket utgangspunkt for turer innover i Finnemarka.","elevation":389,"beds":9,"source":"UT.no/DNT"}},{"type":"Feature","id":"dnthut-101059","geometry":{"type":"Point","coordinates":[8.24732,61.548789]},"properties":{"name":"Leirvassbu Turisthytte","type":"Betjent","description":"Leirvassbu ble overtatt av DNT vinteren 2023 og er en av de største betjente hyttene.","elevation":1405,"beds":205,"source":"UT.no/DNT"}},{"type":"Feature","id":"dnthut-10604","geometry":{"type":"Point","coordinates":[8.81277,61.494051]},"properties":{"name":"Gjendesheim","type":"Betjent","description":"Gjendesheim er selve flaggskipet blant DNTs hytter, vakkert plassert ved en av de viktigste innfallsportene til den østlige delen av Jotunheimen.","elevation":990,"beds":185,"source":"UT.no/DNT"}},{"type":"Feature","id":"dnthut-101278","geometry":{"type":"Point","coordinates":[9.241814,58.925322]},"properties":{"name":"Jambakkmyra turisthytte","type":"Stengt","description":"Kragerø Turlag må dessverre meddele at Jambakkmyra Turisthytte er totalskadd i brann.","elevation":228,"source":"UT.no/DNT"}},{"type":"Feature","id":"dnthut-101111","geometry":{"type":"Point","coordinates":[9.79632,61.878848]},"properties":{"name":"Rondvassbu","type":"Betjent","description":"Rondvassbu er midtpunktet i Rondane og er en meget populær hytte med fristende topper på alle kanter.","elevation":1167,"beds":156,"source":"UT.no/DNT"}},{"type":"Feature","id":"dnthut-101170963","geometry":{"type":"Point","coordinates":[10.075941,59.798032]},"properties":{"name":"Damhytta","type":"Ubetjent","description":"Helt sør i Finnemarka på dammuren i sørenden av vannet Nerdammen ligger denne lille, unike DNT- hytta.","elevation":432,"beds":4,"source":"UT.no/DNT"}},{"type":"Feature","id":"dnthut-10581","geometry":{"type":"Point","coordinates":[8.488531,61.45144]},"properties":{"name":"Gjendebu","type":"Betjent","description":"Gjendebu ligg flott til i den innerste enden av Gjende, midt i hjertet av Jotunheimen.","elevation":986,"beds":153,"bedsWinter":99,"source":"UT.no/DNT"}},{"type":"Feature","id":"dnthut-10790","geometry":{"type":"Point","coordinates":[10.376513,59.786152]},"properties":{"name":"Småvannsbu","type":"Ubetjent","description":"Småvannsbu er en familievennlig og vakker koie beliggende på en kolle i Kjekstadmarka.","elevation":271,"beds":4,"source":"UT.no/DNT"}},{"type":"Feature","id":"dnthut-10467","geometry":{"type":"Point","coordinates":[11.648518,62.868338]},"properties":{"name":"Kjølihytta","type":"Selvbetjent","description":"Kjølihytta ligger værhardt til, høyt og fritt innunder Kjølifjellet, med en imponerende utsikt øst- og sørover mot Sylmassivet, Skardørsfjella, Vigelfjella og Riasten.","elevation":1046,"beds":10,"source":"UT.no/DNT"}},{"type":"Feature","id":"dnthut-101064","geometry":{"type":"Point","coordinates":[7.713068,60.451355]},"properties":{"name":"Krækkja","type":"Betjent","description":"Krækkja er hytta som passer for de fleste, hit kommer det barnefamilier, pensjonister, hytte til hytte-folket og dagsturisten.","elevation":1156,"beds":85,"source":"UT.no/DNT"}},{"type":"Feature","id":"dnthut-10753","geometry":{"type":"Point","coordinates":[6.201278,60.514602]},"properties":{"name":"Kiellandbu","type":"Ubetjent","description":"Kiellandbu - den ikoniske lille bua med enestående utsikt til fjord, fjell og bre!","elevation":903,"beds":4,"source":"UT.no/DNT"}},{"type":"Feature","id":"dnthut-10808","geometry":{"type":"Point","coordinates":[7.603504,60.700853]},"properties":{"name":"Geiterygghytta","type":"Betjent","description":"Geiterygghytta ligger på 1224 meters høyde midt i hjertet av Skarvheimen og er et yndet turmål sommer som vinter både for voksne og barn.","elevation":1227,"beds":88,"source":"UT.no/DNT"}},{"type":"Feature","id":"dnthut-10774","geometry":{"type":"Point","coordinates":[10.41253,60.03264]},"properties":{"name":"Drømmen","type":"Ubetjent","description":"Drømmen er en av de minste DNT-hyttene, på kun 12 kvm og med to sengeplasser.","elevation":291,"beds":2,"source":"UT.no/DNT"}},{"type":"Feature","id":"dnthut-10474","geometry":{"type":"Point","coordinates":[12.147212,63.076413]},"properties":{"name":"Fiskåhøgda","type":"Nødbu","description":"Været i Trøndelag kan skifte fort og i Sylan har man sett behovet for nødbuer.","elevation":1057,"source":"UT.no/DNT"}},{"type":"Feature","id":"dnthut-10940","geometry":{"type":"Point","coordinates":[8.774296,62.721779]},"properties":{"name":"Innerdalshytta","type":"Betjent","description":"Betjent sommersesong 2026 - åpningstider og reservasjon: Nyhytta, Gammelhytta og Låven er åpen med betjening fra 19.","elevation":405,"beds":115,"bedsWinter":20,"source":"UT.no/DNT"}},{"type":"Feature","id":"dnthut-10176892","geometry":{"type":"Point","coordinates":[5.95695,59.59938]},"properties":{"name":"Olalia","type":"Selvbetjent","description":"Olalia ligger idyllisk til med flott utsikt sørover mot Hauganutene.","elevation":465,"beds":79,"source":"UT.no/DNT"}},{"type":"Feature","id":"dnthut-10475","geometry":{"type":"Point","coordinates":[11.722157,63.163908]},"properties":{"name":"Ramsjøhytta","type":"Selvbetjent","description":"Ramsjøhytta er ei selvbetjent hytte som ligger ved Ramsjøen, like ved grensen til Skarvan og Roltdalen nasjonalpark.","elevation":771,"beds":34,"source":"UT.no/DNT"}},{"type":"Feature","id":"dnthut-10798","geometry":{"type":"Point","coordinates":[8.709506,62.522626]},"properties":{"name":"Raubergshytta","type":"Selvbetjent","description":"Booking og betaling for overnatting og proviant: Det er nå mulig å booke/reservere seng på våre hytter.","elevation":1316,"beds":18,"source":"UT.no/DNT"}},{"type":"Feature","id":"dnthut-10813","geometry":{"type":"Point","coordinates":[7.064336,58.879108]},"properties":{"name":"Kvinen","type":"Selvbetjent","description":"Bygget på tuftene til historiske Kvinen turiststasjon har de moderne hyttene på Kvinen en fot i fortiden, og en fot i fremtiden.","elevation":721,"beds":40,"source":"UT.no/DNT"}},{"type":"Feature","id":"dnthut-10366","geometry":{"type":"Point","coordinates":[15.787336,66.847969]},"properties":{"name":"Argaladhytta","type":"Ubetjent","description":"8 av 8 sengeplasser kan forhåndsbestilles.","elevation":568,"beds":8,"source":"UT.no/DNT"}},{"type":"Feature","id":"dnthut-101055","geometry":{"type":"Point","coordinates":[6.648821,59.054988]},"properties":{"name":"Lysefjorden turisthytte","type":"Betjent","description":"Lysefjorden turisthytte er et fantastisk sted å være for alle som vil oppleve Lysefjorden i Ryfylke!","elevation":6,"beds":62,"source":"UT.no/DNT"}},{"type":"Feature","id":"dnthut-10383","geometry":{"type":"Point","coordinates":[8.491963,58.664702]},"properties":{"name":"Olandsbu","type":"Ubetjent","description":"Introduksjon: Olandsbu er en liten trivelig tømmerhytte og er en av Norges sørligste «fjell-DNT-hytter» og bare 50 minutter med bil fra Arendal.","elevation":387,"beds":4,"source":"UT.no/DNT"}},{"type":"Feature","id":"dnthut-10187","geometry":{"type":"Point","coordinates":[6.30648,59.790209]},"properties":{"name":"Sandvasshytta","type":"Selvbetjent","description":"Sandvasshytta er Haugesund Turistforening eldste hytte, men hytta fra 1930 er nå erstattet av ny hytte som ble bygget i 2010.","elevation":825,"beds":62,"source":"UT.no/DNT"}},{"type":"Feature","id":"dnthut-10815","geometry":{"type":"Point","coordinates":[10.43374,59.06701]},"properties":{"name":"Tjønneberget","type":"Ubetjent","description":"Tjønneberget ligger fantastisk til med utsikt mot Færder Fyr og Verdens Ende.","elevation":39,"beds":16,"source":"UT.no/DNT"}},{"type":"Feature","id":"dnthut-10741","geometry":{"type":"Point","coordinates":[7.42896,62.173019]},"properties":{"name":"Kaldhusseter selvbetjent","type":"Selvbetjent","description":"Beliggenhet Kaldhusseter ligger i Tafjord ved nordenden av det regulerte Kaldhussætervatnet.","elevation":605,"beds":30,"source":"UT.no/DNT"}},{"type":"Feature","id":"dnthut-101118964","geometry":{"type":"Point","coordinates":[14.690689,67.337181]},"properties":{"name":"Tussvatnet","type":"Ubetjent","description":"Huset bestilles i sin helhet.","elevation":92,"beds":8,"source":"UT.no/DNT"}},{"type":"Feature","id":"dnthut-101042","geometry":{"type":"Point","coordinates":[6.650815,58.954249]},"properties":{"name":"Sandvatn","type":"Ubetjent","description":"Sandvatn er to meget populære hytter i et av de mest snørike områdene i Frafjordheiene!","elevation":913,"beds":62,"source":"UT.no/DNT"}},{"type":"Feature","id":"dnthut-10587","geometry":{"type":"Point","coordinates":[8.17913,58.975856]},"properties":{"name":"Mjåvasshytta","type":"Selvbetjent","description":"Introduksjon: Hytta ligger vakkert til på en liten høyde med utsikt over Mjåvatnet.","elevation":801,"beds":24,"source":"UT.no/DNT"}},{"type":"Feature","id":"dnthut-101028","geometry":{"type":"Point","coordinates":[6.529935,58.928372]},"properties":{"name":"Blåfjellenden","type":"Ubetjent","description":"Blåfjellenden - nyt panoramautsikten med nyhøstede blåbær fra det vakre landskapet rundt hytta.","elevation":609,"beds":49,"source":"UT.no/DNT"}},{"type":"Feature","id":"dnthut-10710","geometry":{"type":"Point","coordinates":[10.18738,59.72474]},"properties":{"name":"Blektjernstua","type":"Ubetjent","description":"Blektjernstua er en gamle damvokterbolig, og ligger flott til i Strømsåsen like inntil Blekktjern.","elevation":229,"beds":8,"source":"UT.no/DNT"}},{"type":"Feature","id":"dnthut-10712","geometry":{"type":"Point","coordinates":[7.137087,60.09364]},"properties":{"name":"Litlos","type":"Betjent","description":"Litlos ligger på kanten av vestlandsnatur i et meget fiskerikt område.","elevation":1195,"beds":60,"source":"UT.no/DNT"}},{"type":"Feature","id":"dnthut-10973","geometry":{"type":"Point","coordinates":[7.933621,60.810234]},"properties":{"name":"Iungsdalshytta","type":"Betjent","description":"Nord for Hallingskarvet, der Iungsdalen og Fødalen møtes, ligger denne trivelige hytta.","elevation":1102,"beds":64,"source":"UT.no/DNT"}},{"type":"Feature","id":"dnthut-101266","geometry":{"type":"Point","coordinates":[9.461265,60.292569]},"properties":{"name":"Høgevarde nye","type":"Ubetjent","description":"Høgevarde er ei flott og moderne hytte, som ble åpnet i 2017.","elevation":1401,"beds":52,"source":"UT.no/DNT"}},{"type":"Feature","id":"dnthut-10713","geometry":{"type":"Point","coordinates":[8.273922,61.471111]},"properties":{"name":"Olavsbu","type":"Selvbetjent","description":"Olavsbu ligger som et midtpunkt Jotunheimen mellom Leirvassbu, Gjendebu, Fondsbu og Skogadalsbøen.","elevation":1439,"beds":52,"source":"UT.no/DNT"}},{"type":"Feature","id":"dnthut-101185","geometry":{"type":"Point","coordinates":[6.4902,58.72273]},"properties":{"name":"Kvitlen","type":"Selvbetjent","description":"Den utradisjonelle og framtidsrettede selvbetjeningshytta Kvitlen, er av tidligere helseminister Bent Høie omtalt som Norges vakreste - ta turen og bedøm selv!","elevation":423,"beds":50,"source":"UT.no/DNT"}},{"type":"Feature","id":"dnthut-101040","geometry":{"type":"Point","coordinates":[6.584842,59.435109]},"properties":{"name":"Sandsa","type":"Ubetjent","description":"Sandsa er et eldorado for barnefamilier i et av Suldals vakreste stølsterreng!","elevation":635,"beds":49,"source":"UT.no/DNT"}},{"type":"Feature","id":"dnthut-10767","geometry":{"type":"Point","coordinates":[7.166531,60.250774]},"properties":{"name":"Hadlaskard turisthytte","type":"Selvbetjent","description":"Hadlaskard turisthytte er stengt fram til 26.","elevation":1000,"beds":49,"source":"UT.no/DNT"}},{"type":"Feature","id":"dnthut-10630","geometry":{"type":"Point","coordinates":[7.497455,60.426711]},"properties":{"name":"Kjeldebu","type":"Selvbetjent","description":"Nøkkel til de to store hyttene henger i Vaktbua (som er låst med DNT-nøkkel).","elevation":1060,"beds":48,"source":"UT.no/DNT"}},{"type":"Feature","id":"dnthut-101001","geometry":{"type":"Point","coordinates":[8.473313,59.866059]},"properties":{"name":"Krokan Turisthytte","type":"Ubetjent","description":"Historisk overnatting ved Rjukanfossen Bli med tilbake til røttene av norsk friluftsliv.","elevation":748,"beds":8,"source":"UT.no/DNT"}},{"type":"Feature","id":"dnthut-10504","geometry":{"type":"Point","coordinates":[9.342899,61.333785]},"properties":{"name":"Skriurusten","type":"Selvbetjent","description":"Skriurusten ligger i Langsudalen med DNT-hytter i behagelig avstand.","elevation":1038,"beds":16,"source":"UT.no/DNT"}},{"type":"Feature","id":"dnthut-10548","geometry":{"type":"Point","coordinates":[6.607047,62.093965]},"properties":{"name":"Tyssenaustet","type":"Ubetjent","description":"Beliggenhet Tyssenaustet er et ombygd naust på nordvestsida av Tyssevatnet ovenfor Bjørke i Hjørundfjorden.","elevation":657,"beds":6,"source":"UT.no/DNT"}},{"type":"Feature","id":"dnthut-10390","geometry":{"type":"Point","coordinates":[18.890738,68.663314]},"properties":{"name":"Altevasshytta","type":"Ubetjent","description":"NB!","elevation":540,"beds":17,"source":"UT.no/DNT"}},{"type":"Feature","id":"dnthut-10293408","geometry":{"type":"Point","coordinates":[12.279517,65.342034]},"properties":{"name":"Holandsbua","type":"Ubetjent","description":"For spørsmål og booking ta kontakt med oss: Mail: sor.","elevation":8,"beds":8,"bedsWinter":8,"source":"UT.no/DNT"}},{"type":"Feature","id":"dnthut-101134","geometry":{"type":"Point","coordinates":[5.966772,58.920976]},"properties":{"name":"Nodhagen","type":"Ubetjent","description":"På Nodhagen finner du skjærgårdsidyll i Høgsfjorden, ved inngangen til Lysefjorden.","elevation":10,"beds":14,"source":"UT.no/DNT"}},{"type":"Feature","id":"dnthut-10653","geometry":{"type":"Point","coordinates":[8.081548,60.060158]},"properties":{"name":"Stordalsbu","type":"Selvbetjent","description":"Stordalsbu ligger øverst i Stordalen med god utsikt over de store innsjøene i området.","elevation":1137,"beds":12,"source":"UT.no/DNT"}},{"type":"Feature","id":"dnthut-10743","geometry":{"type":"Point","coordinates":[6.718582,59.438263]},"properties":{"name":"Stranddalen turisthytte","type":"Betjent","description":"Stranddalen turisthytte er selveste perlen i Ryfylkeheiene!","elevation":979,"beds":64,"bedsWinter":16,"source":"UT.no/DNT"}},{"type":"Feature","id":"dnthut-10365","geometry":{"type":"Point","coordinates":[6.220492,60.965675]},"properties":{"name":"Åsedalen turisthytte","type":"Selvbetjent","description":"Åsedalen turisthytte er et naturlig midtpunkt om du er på tur i Stølsheimen.","elevation":820,"beds":25,"source":"UT.no/DNT"}},{"type":"Feature","id":"dnthut-10541964","geometry":{"type":"Point","coordinates":[7.50746,60.59817]},"properties":{"name":"Brebua - Finsehytta selvbetjening","type":"Selvbetjent","description":"Du må forhåndsbestille seng for å overnatte på Brebua.","elevation":1221,"beds":44,"source":"UT.no/DNT"}},{"type":"Feature","id":"dnthut-10161","geometry":{"type":"Point","coordinates":[4.888641,59.31032]},"properties":{"name":"Nordvikgården","type":"Ubetjent","description":"Hytta ligger på Utsira, helt vest i havet.","elevation":9,"beds":43,"source":"UT.no/DNT"}},{"type":"Feature","id":"dnthut-10496","geometry":{"type":"Point","coordinates":[7.790486,61.642718]},"properties":{"name":"Nørdstedalseter","type":"Betjent","description":"Nørdstedalseter ligger øverst i Fortunsdalen i Breheimen.","elevation":940,"beds":54,"source":"UT.no/DNT"}},{"type":"Feature","id":"dnthut-101146","geometry":{"type":"Point","coordinates":[5.960183,60.5007]},"properties":{"name":"Gullhorgabu","type":"Selvbetjent","description":"Gullhorgabu - eventyrhytta i hjertet av Bergsdalen.","elevation":851,"beds":41,"source":"UT.no/DNT"}},{"type":"Feature","id":"dnthut-10511","geometry":{"type":"Point","coordinates":[16.094656,67.054396]},"properties":{"name":"Tjalalveshytta","type":"Ubetjent","description":"Tjalalveshytta ligger i skog like ved vannet Tjálanisjávrre med fiskemuligheter.","elevation":564,"beds":17,"source":"UT.no/DNT"}},{"type":"Feature","id":"dnthut-10216","geometry":{"type":"Point","coordinates":[17.985542,68.404215]},"properties":{"name":"Vokterboligen","type":"Ubetjent","description":"Vokterboligen ligger utenfor DNT Narviks rutenett på Rallarveien mellom Bjørnfjell og Katterat/Rombaksbotn ca.","elevation":367,"beds":12,"source":"UT.no/DNT"}},{"type":"Feature","id":"dnthut-101047","geometry":{"type":"Point","coordinates":[6.987698,59.102917]},"properties":{"name":"Taumevatn","type":"Selvbetjent","description":"Taumevatn er en hytte som har alt!","elevation":789,"beds":40,"source":"UT.no/DNT"}},{"type":"Feature","id":"dnthut-101368","geometry":{"type":"Point","coordinates":[6.894955,60.31844]},"properties":{"name":"Stavali turisthytte","type":"Betjent","description":"Stavali er nå åpen med selvbetjening fram til 30.","elevation":1027,"beds":62,"source":"UT.no/DNT"}},{"type":"Feature","id":"dnthut-10939","geometry":{"type":"Point","coordinates":[6.989903,61.337929]},"properties":{"name":"Grøssete","type":"Ubetjent","description":"OBS!","elevation":844,"beds":4,"source":"UT.no/DNT"}},{"type":"Feature","id":"dnthut-101314","geometry":{"type":"Point","coordinates":[6.287685,59.015803]},"properties":{"name":"Bakken gard","type":"Ubetjent","description":"Bakken er et historisk midtpunkt i Lysefjorden.","elevation":176,"beds":34,"source":"UT.no/DNT"}},{"type":"Feature","id":"dnthut-10876250","geometry":{"type":"Point","coordinates":[10.031222,59.358028]},"properties":{"name":"Trollsvann Annekset og Hunderom","type":"Ubetjent","description":"På Trollsvann finnes det tre overnattingsalternativer: Hovedhytta , som er forbeholdt utleie til foreninger, skoler o.","elevation":172,"beds":10,"source":"UT.no/DNT"}},{"type":"Feature","id":"dnthut-10357","geometry":{"type":"Point","coordinates":[6.235033,59.694179]},"properties":{"name":"Storavassbu","type":"Selvbetjent","description":"Storavassbu ligger ved Storavatnet, og den enkleste tilkomsten er fra Saudasjøen.","elevation":579,"beds":34,"source":"UT.no/DNT"}},{"type":"Feature","id":"dnthut-10908403","geometry":{"type":"Point","coordinates":[8.487358,61.450814]},"properties":{"name":"Gjendebu Selvbetjent","type":"Selvbetjent","description":"Dette er Gjendebu sitt selvbetjente kvarter.","elevation":984,"beds":34,"source":"UT.no/DNT"}},{"type":"Feature","id":"dnthut-10722","geometry":{"type":"Point","coordinates":[11.411012,62.430187]},"properties":{"name":"Narjordet","type":"Selvbetjent","description":"Narjordet er et flott gammelt 1700- talls hus som ligger på garden Ryen østre på Narjordet.","elevation":697,"beds":6,"source":"UT.no/DNT"}},{"type":"Feature","id":"dnthut-10805","geometry":{"type":"Point","coordinates":[7.248613,60.66818]},"properties":{"name":"Hallingskeid turisthytte","type":"Selvbetjent","description":"Hallingskeid turisthytte - et anlegg med 2 store fine hytter fra Bergensbanen sin anleggstid rundt forrige århundreskifte.","elevation":1094,"beds":53,"source":"UT.no/DNT"}},{"type":"Feature","id":"dnthut-101060","geometry":{"type":"Point","coordinates":[11.169981,61.069728]},"properties":{"name":"Sandfløten","type":"Ubetjent","description":"Sandfløten er ei koselig koie, eid av Vang Almenning, som leies av HHT og fungerer som ei ubetjent hytte.","elevation":600,"beds":6,"source":"UT.no/DNT"}},{"type":"Feature","id":"dnthut-10941","geometry":{"type":"Point","coordinates":[7.906944,61.516111]},"properties":{"name":"Fannaråkhytta","type":"Betjent","description":"Fannaråkhytta er Norges høyest beliggende turisthytte, 2068 moh.","elevation":2059,"beds":34,"source":"UT.no/DNT"}},{"type":"Feature","id":"dnthut-10338","geometry":{"type":"Point","coordinates":[11.57856,60.67222]},"properties":{"name":"Tingstadkoia","type":"Ubetjent","description":"SE FILM FRA TINGSTADKOIA HER BELIGGENHET: Langs Rondanestien på åsen midt mellom Stange og Våler ligger Tingstadkoia.","elevation":525,"beds":7,"source":"UT.no/DNT"}},{"type":"Feature","id":"dnthut-10822","geometry":{"type":"Point","coordinates":[7.236745,59.024359]},"properties":{"name":"Øyuvsbu","type":"Selvbetjent","description":"Her kan du føle fjellets ro, høre vinden i gresset og Heiloens sang, kun 15 min fra bilen - det enkleste er ofte det beste!","elevation":932,"beds":34,"source":"UT.no/DNT"}},{"type":"Feature","id":"dnthut-101026","geometry":{"type":"Point","coordinates":[6.877034,59.112509]},"properties":{"name":"Grautheller","type":"Selvbetjent","description":"Grautheller - den perfekte hytta for barnefamilien!","elevation":765,"beds":33,"source":"UT.no/DNT"}},{"type":"Feature","id":"dnthut-10494","geometry":{"type":"Point","coordinates":[9.641462,62.090721]},"properties":{"name":"Grimsdalshytta","type":"Betjent","description":"Fra Grimsdalshytta har du et utrolig skue mot Rondane med de majestetiske toppene.","elevation":992,"beds":66,"source":"UT.no/DNT"}},{"type":"Feature","id":"dnthut-10505","geometry":{"type":"Point","coordinates":[10.01665,59.134178]},"properties":{"name":"Lauvesetra","type":"Servering","description":"Lauvesetra er ei flott dagsturhytte i Vestmarka i Larvik.","elevation":114,"source":"UT.no/DNT"}},{"type":"Feature","id":"dnthut-10967","geometry":{"type":"Point","coordinates":[17.947937,68.11894]},"properties":{"name":"Cáihnavággihytta","type":"Ubetjent","description":"Langt inn i Narvikfjellene ved nordvestbredden av det anonyme vann 1004 ligger Cáihnavággihytta.","elevation":1002,"beds":9,"source":"UT.no/DNT"}},{"type":"Feature","id":"dnthut-101317741","geometry":{"type":"Point","coordinates":[5.628199,61.761319]},"properties":{"name":"Ålfotbrehytta","type":"Ubetjent","description":"Ålfotbrehytta, som lokalt kalles Brehytta er en moderne hytte nybygd i 2025.","elevation":1160,"beds":6,"bedsWinter":6,"source":"UT.no/DNT"}},{"type":"Feature","id":"dnthut-10396","geometry":{"type":"Point","coordinates":[17.837404,68.038912]},"properties":{"name":"Gautelishytta","type":"Ubetjent","description":"Gautelishytta ligger midt i Narvikfjellene langs Nordkalottruta, E1 og Grensesømmen.","elevation":857,"beds":12,"source":"UT.no/DNT"}},{"type":"Feature","id":"dnthut-10194","geometry":{"type":"Point","coordinates":[6.115658,59.660043]},"properties":{"name":"Løkjelsvatnhytta","type":"Selvbetjent","description":"Løkjelsvatnhytta ble i utgangspunktet bygget som anleggsbrakke i 1916 og leid av Haugesund Turistforening fra 1980.","elevation":638,"beds":32,"source":"UT.no/DNT"}},{"type":"Feature","id":"dnthut-1088","geometry":{"type":"Point","coordinates":[8.144124,62.565126]},"properties":{"name":"Hoemsbu","type":"Selvbetjent","description":"Bestilling: 28.","elevation":37,"beds":31,"source":"UT.no/DNT"}},{"type":"Feature","id":"dnthut-10744","geometry":{"type":"Point","coordinates":[8.171149,60.185765]},"properties":{"name":"Mårbu","type":"Betjent","description":"Velkommen til Mårbu turisthytte!","elevation":1125,"beds":67,"source":"UT.no/DNT"}},{"type":"Feature","id":"dnthut-101274","geometry":{"type":"Point","coordinates":[10.545911,60.748551]},"properties":{"name":"DNT Osbakken","type":"Ubetjent","description":"Overnatting forhåndsbestilles.","elevation":435,"beds":28,"source":"UT.no/DNT"}},{"type":"Feature","id":"dnthut-10915","geometry":{"type":"Point","coordinates":[8.595565,61.356195]},"properties":{"name":"Torfinnsbu","type":"Selvbetjent","description":"Viktig info: Det vil foregå byggearbeider på Torfinnsbu i 2026.","elevation":1059,"beds":42,"bedsWinter":20,"source":"UT.no/DNT"}},{"type":"Feature","id":"dnthut-101039","geometry":{"type":"Point","coordinates":[6.877,59.188]},"properties":{"name":"Litle Aurådal","type":"Selvbetjent","description":"Litle Aurådal ligger 1000 meter over hverdagen.","elevation":1000,"beds":28,"source":"UT.no/DNT"}},{"type":"Feature","id":"dnthut-10664","geometry":{"type":"Point","coordinates":[7.034849,60.211304]},"properties":{"name":"Torehytten","type":"Stengt","description":"I \"Tiltaksplan for villrein på Hardangervidda\" anbefales det å stenge Torehytten i fem år for å bedre forholdene for villreinen.","elevation":1327,"beds":24,"source":"UT.no/DNT"}},{"type":"Feature","id":"dnthut-10448","geometry":{"type":"Point","coordinates":[14.745347,67.117218]},"properties":{"name":"Lurfjellhytta","type":"Ubetjent","description":"21 av 21 sengeplasser kan forhåndsbestilles.","elevation":315,"beds":21,"source":"UT.no/DNT"}},{"type":"Feature","id":"dnthut-10671","geometry":{"type":"Point","coordinates":[7.356916,61.496005]},"properties":{"name":"Fivla","type":"Ubetjent","description":"NB!","elevation":972,"beds":20,"source":"UT.no/DNT"}},{"type":"Feature","id":"dnthut-10340","geometry":{"type":"Point","coordinates":[5.88992,60.946745]},"properties":{"name":"Vardadalsbu","type":"Selvbetjent","description":"Vardadalsbu er plassert ved foten av Eldhusfjellet som sies å være Stølsheimens beste utsiktspunkt.","elevation":887,"beds":20,"source":"UT.no/DNT"}},{"type":"Feature","id":"dnthut-101025","geometry":{"type":"Point","coordinates":[14.690475,66.857433]},"properties":{"name":"Beiarstua","type":"Ubetjent","description":"20 av 20 sengeplasser pluss 1 barneseng kan forhåndsbestilles.","elevation":126,"beds":20,"source":"UT.no/DNT"}},{"type":"Feature","id":"dnthut-101127","geometry":{"type":"Point","coordinates":[7.817455,59.10687]},"properties":{"name":"Nutevasshytta","type":"Selvbetjent","description":"Introduksjon: Nutevasshytta er et like godt turmål vinter som sommer og ligger vakkert til i en li, med flott utsikt og Nutevatnet rett på nedsiden.","elevation":908,"beds":20,"source":"UT.no/DNT"}},{"type":"Feature","id":"dnthut-101121","geometry":{"type":"Point","coordinates":[7.205867,58.878803]},"properties":{"name":"Josephsbu","type":"Selvbetjent","description":"I den sørlige delen av Setesdal Vesthei ligger Josephsbu så langt unna veier og fastboende som det er mulig å komme - midt inne på heia!","elevation":880,"beds":20,"source":"UT.no/DNT"}},{"type":"Feature","id":"dnthut-10435","geometry":{"type":"Point","coordinates":[6.519904,60.986638]},"properties":{"name":"Målsethytta","type":"Ubetjent","description":"No må sengeplasser bestilles via DNT hyttebestilling.","elevation":867,"beds":33,"source":"UT.no/DNT"}},{"type":"Feature","id":"dnthut-10508","geometry":{"type":"Point","coordinates":[10.206519,61.696165]},"properties":{"name":"Gråhøgdbu (Stengt)","type":"Stengt","description":"Gråhøgdbu stenges og nedlegges som selvbetjent hytte fra 1.","elevation":1137,"beds":8,"source":"UT.no/DNT"}},{"type":"Feature","id":"dnthut-10626","geometry":{"type":"Point","coordinates":[8.08285,59.071492]},"properties":{"name":"Hengeltjørnhytta","type":"Selvbetjent","description":"Introduksjon: Hengeltjørnhytta er en koselig og romslig toetasjes hytte velegnet for besøk av famille med barn.","elevation":689,"beds":19,"source":"UT.no/DNT"}},{"type":"Feature","id":"dnthut-10213","geometry":{"type":"Point","coordinates":[15.688862,66.80056]},"properties":{"name":"Trygvebu","type":"Ubetjent","description":"19 av 19 sengeplasser kan forhåndsbestilles.","elevation":416,"beds":19,"source":"UT.no/DNT"}},{"type":"Feature","id":"dnthut-10770","geometry":{"type":"Point","coordinates":[10.903413,63.662732]},"properties":{"name":"Fjellhov","type":"Ubetjent","description":"Koselig hytte med utsikt til Trondheimsfjorden.","elevation":294,"beds":3,"source":"UT.no/DNT"}},{"type":"Feature","id":"dnthut-101046","geometry":{"type":"Point","coordinates":[6.577421,58.76293]},"properties":{"name":"Støle","type":"Selvbetjent","description":"Velkommen til hytta på Støle som ligger flott til på en høyde øverst i Kvitadalen.","elevation":546,"beds":30,"source":"UT.no/DNT"}},{"type":"Feature","id":"dnthut-101296","geometry":{"type":"Point","coordinates":[9.524332,59.587169]},"properties":{"name":"Pråmvika","type":"Ubetjent","description":"Velkommen til Pråmvika!","elevation":412,"beds":30,"source":"UT.no/DNT"}},{"type":"Feature","id":"dnthut-10457","geometry":{"type":"Point","coordinates":[6.12578,60.465955]},"properties":{"name":"Breidablik turisthytte (Kvam)","type":"Selvbetjent","description":"Breidablik i Kvammafjella - hyttetunet ligger høyt over Fitjadalen og er et av landets mest egenartede hytteanlegg med en fantastisk beliggenhet og et stort rundskue.","elevation":1160,"beds":31,"source":"UT.no/DNT"}},{"type":"Feature","id":"dnthut-10802","geometry":{"type":"Point","coordinates":[8.874624,62.781534]},"properties":{"name":"Kårvatn","type":"Selvbetjent","description":"Fjellgården Kårvatn ligger midt inne i rike og varierte naturområder og er en inngangsport mot sentrale Trollheimen.","elevation":208,"beds":18,"source":"UT.no/DNT"}},{"type":"Feature","id":"dnthut-10565","geometry":{"type":"Point","coordinates":[8.658375,63.30055]},"properties":{"name":"Rovangen","type":"Selvbetjent","description":"Booking og betaling for overnatting og proviant: Det er nå mulig å booke/reservere seng på våre hytter.","elevation":444,"beds":14,"source":"UT.no/DNT"}},{"type":"Feature","id":"dnthut-10459","geometry":{"type":"Point","coordinates":[6.248474,59.770113]},"properties":{"name":"Blomstølen","type":"Selvbetjent","description":"Blomstølen er et idyllisk hyttetun bestående av tre hytter like ved fiskevannet Blomstølsvatnet.","elevation":632,"beds":48,"bedsWinter":16,"source":"UT.no/DNT"}},{"type":"Feature","id":"dnthut-10569","geometry":{"type":"Point","coordinates":[8.620139,63.067078]},"properties":{"name":"Tverrlihytta","type":"Selvbetjent","description":"Booking og betaling for overnatting og proviant: Det er nå mulig å booke/reservere seng på våre hytter.","elevation":564,"beds":18,"source":"UT.no/DNT"}},{"type":"Feature","id":"dnthut-101066","geometry":{"type":"Point","coordinates":[19.120564,68.65877]},"properties":{"name":"Gaskashytta","type":"Ubetjent","description":"NB!","elevation":541,"beds":18,"source":"UT.no/DNT"}},{"type":"Feature","id":"dnthut-10562","geometry":{"type":"Point","coordinates":[8.7897,58.39889]},"properties":{"name":"Store Torungen","type":"Ubetjent","description":"Introduksjon: Kunne du tenke deg å våkne opp på en øy med fyrtårn og hav på alle kanter?","elevation":12,"beds":26,"source":"UT.no/DNT"}},{"type":"Feature","id":"dnthut-10773","geometry":{"type":"Point","coordinates":[11.044083,59.815269]},"properties":{"name":"Bøvelstad","type":"Ubetjent","description":"Bøvelstad er en gammel husmannsplass som ligger i nydelig til - nær Børtervann som er et av de største vannene i Østmarka.","elevation":209,"beds":17,"source":"UT.no/DNT"}},{"type":"Feature","id":"dnthut-10659","geometry":{"type":"Point","coordinates":[19.821035,68.675785]},"properties":{"name":"Dividalshytta","type":"Ubetjent","description":"NB!","elevation":576,"beds":16,"source":"UT.no/DNT"}},{"type":"Feature","id":"dnthut-10561","geometry":{"type":"Point","coordinates":[15.05173,66.18404]},"properties":{"name":"Kvitsteindalstunet","type":"Ubetjent","description":"BELIGGENHET Kvitsteindalstunet ligger ved sørøstenden av Kaldvatnet/Gállájávrre ved Litle Umaelva/Gievrajåhkå .","elevation":576,"beds":16,"source":"UT.no/DNT"}},{"type":"Feature","id":"dnthut-101370","geometry":{"type":"Point","coordinates":[14.053391,65.98871]},"properties":{"name":"Gråfjellhytta","type":"Ubetjent","description":"Beliggenhet Gråfjellhytta ligger spektakulært til på vestsida av Okstindbreen, 1008 moh.","elevation":1007,"beds":16,"source":"UT.no/DNT"}},{"type":"Feature","id":"dnthut-101317756","geometry":{"type":"Point","coordinates":[11.354886,60.483271]},"properties":{"name":"Nysætra","type":"Ubetjent","description":"Åpning 9.","elevation":354,"beds":3,"source":"UT.no/DNT"}},{"type":"Feature","id":"dnthut-10955","geometry":{"type":"Point","coordinates":[16.137518,67.140131]},"properties":{"name":"Ny-Sulitjelma fjellstue","type":"Ubetjent","description":"Ved inngangen til det majestetiske Sulismassivet finner du Ny-Sulitjelma fjellstue.","elevation":597,"beds":19,"source":"UT.no/DNT"}},{"type":"Feature","id":"dnthut-10908408","geometry":{"type":"Point","coordinates":[7.933621,60.810234]},"properties":{"name":"Iungsdalshytta Selvbetjent","type":"Selvbetjent","description":"Dette er Iungsdalshytta sitt selvbetjente kvarter.","elevation":1102,"beds":12,"source":"UT.no/DNT"}},{"type":"Feature","id":"dnthut-101308","geometry":{"type":"Point","coordinates":[11.3679,60.9166]},"properties":{"name":"Savalsætra","type":"Ubetjent","description":"SE FILM FRA SAVALSÆTRA HER Det er god seterstemning i den ubetjente hytta og den har en fantastisk utsikt utover hele Hedmarken!","elevation":521,"beds":8,"source":"UT.no/DNT"}},{"type":"Feature","id":"dnthut-10595","geometry":{"type":"Point","coordinates":[10.840929,60.024172]},"properties":{"name":"Nydalshytta","type":"Ubetjent","description":"Nydalshytta er en av de større hyttene i marka, og byr på mange muligheter for større grupper.","elevation":406,"beds":16,"source":"UT.no/DNT"}},{"type":"Feature","id":"dnthut-10571","geometry":{"type":"Point","coordinates":[15.364853,66.308574]},"properties":{"name":"Virvasshytta","type":"Ubetjent","description":"BELIGGENHET Virvasshytta ligger nær utløpet ved vestenden av Virvatnet.","elevation":648,"beds":16,"source":"UT.no/DNT"}},{"type":"Feature","id":"dnthut-101114465","geometry":{"type":"Point","coordinates":[10.840691,60.024255]},"properties":{"name":"Nydalsbua","type":"Ubetjent","description":"Nydalsbua er som navnet tilsier et lite anneks med kun plass til to, og evt.","elevation":406,"beds":2,"source":"UT.no/DNT"}},{"type":"Feature","id":"dnthut-101062","geometry":{"type":"Point","coordinates":[8.340622,60.299841]},"properties":{"name":"Solheimstulen","type":"Betjent","description":"Velkommen til Solheimstulen turisthytte!","elevation":987,"beds":67,"source":"UT.no/DNT"}},{"type":"Feature","id":"dnthut-10192","geometry":{"type":"Point","coordinates":[6.457096,59.846543]},"properties":{"name":"Simlebu","type":"Selvbetjent","description":"Simlebu er den nordligste hytta i Etnefjellene, og den første hytta du kommer til om du går SignaTUR Gullruta fra nord til sør.","elevation":781,"beds":36,"source":"UT.no/DNT"}},{"type":"Feature","id":"dnthut-101023132","geometry":{"type":"Point","coordinates":[11.556526,59.424865]},"properties":{"name":"Frøne","type":"Ubetjent","description":"Frøne er den perfekte hytta for barnefamilier – her kan man sove i de fine sovealkovene eller prøve seg på en natt ute i hengekøye, ha eventyrstund ute ved bålpanna, steke boller i vedovnen, gå på «ekspedisjon» til Frønesjøen, leie robåt, s...","elevation":169,"beds":15,"source":"UT.no/DNT"}},{"type":"Feature","id":"dnthut-10370415","geometry":{"type":"Point","coordinates":[10.14202,61.66853]},"properties":{"name":"Veslefjellbua","type":"Selvbetjent","description":"Veslefjellbua ligger vakkert til på Venabygdsfjellet.","elevation":980,"beds":15,"source":"UT.no/DNT"}},{"type":"Feature","id":"dnthut-10931","geometry":{"type":"Point","coordinates":[6.965717,61.868386]},"properties":{"name":"Skålatårnet","type":"Selvbetjent","description":"Skålatårnet eller Kloumanstårnet som er det opprinnelige navnet på denne helt spesielle hytta 1843 meter over havet er utvilsomt Norges, om ikke verdens mest eiendommelige turisthytte.","elevation":1834,"beds":14,"source":"UT.no/DNT"}},{"type":"Feature","id":"dnthut-10716","geometry":{"type":"Point","coordinates":[10.369525,61.912427]},"properties":{"name":"Storgrytdalseter","type":"Selvbetjent","description":"Storgrytdalseter er en seteridyll av de sjeldne, der den ligger på en gammel voll med en elva som renner forbi like bak hytta.","elevation":860,"beds":14,"source":"UT.no/DNT"}},{"type":"Feature","id":"dnthut-10825","geometry":{"type":"Point","coordinates":[10.7184,59.86911]},"properties":{"name":"Langøyene","type":"Ubetjent","description":"Velkommen til denne perlen ved vannkanten!","elevation":3,"beds":14,"source":"UT.no/DNT"}},{"type":"Feature","id":"dnthut-101154","geometry":{"type":"Point","coordinates":[6.85907,59.56097]},"properties":{"name":"Jonstølen","type":"Selvbetjent","description":"Jonstølen - toppturparadis både sommer og vinter!","elevation":730,"beds":36,"source":"UT.no/DNT"}},{"type":"Feature","id":"dnthut-101272","geometry":{"type":"Point","coordinates":[7.50452,60.82847]},"properties":{"name":"Aurlandsdalen Turisthytte Østerbø","type":"Betjent","description":"Aurlandsdalen Turisthytte (tidligere Østerbø Turisthytte) ligger i hjertet av Aurlandsdalen og har tradisjoner som går godt over 100 år tilbake i tid og ble startet som skysstasjon i 1894 med støtte fra DNT.","elevation":819,"beds":117,"source":"UT.no/DNT"}},{"type":"Feature","id":"dnthut-10800","geometry":{"type":"Point","coordinates":[9.000649,62.987997]},"properties":{"name":"Sætersetra","type":"Selvbetjent","description":"Booking og betaling for overnatting og proviant: Det er nå mulig å booke/reservere seng på våre hytter.","elevation":320,"beds":8,"source":"UT.no/DNT"}},{"type":"Feature","id":"dnthut-10463","geometry":{"type":"Point","coordinates":[8.842302,62.634397]},"properties":{"name":"Eiriksvollen","type":"Selvbetjent","description":"Booking og betaling for overnatting og proviant: Det er nå mulig å booke/reservere seng på våre hytter.","elevation":131,"beds":14,"source":"UT.no/DNT"}},{"type":"Feature","id":"dnthut-10380","geometry":{"type":"Point","coordinates":[7.948774,59.00671]},"properties":{"name":"Granbustøyl","type":"Selvbetjent","description":"Introduksjon: Granbustøyl er to koselige små hytter i Austheiene, perfekt for barnefamilier.","elevation":775,"beds":13,"source":"UT.no/DNT"}},{"type":"Feature","id":"dnthut-101086363","geometry":{"type":"Point","coordinates":[6.971667,61.544029]},"properties":{"name":"Tungestølen ubetjent - Austerdalshytta","type":"Ubetjent","description":"Klar for å oppleve vill og vakker vestlandsnatur, med brear og stupbratte fjell?","elevation":292,"beds":12,"source":"UT.no/DNT"}},{"type":"Feature","id":"dnthut-101071942","geometry":{"type":"Point","coordinates":[5.469641,59.853448]},"properties":{"name":"Stovegolvet turisthytte","type":"Ubetjent","description":"Stovegolvet Turisthytte - fyrtårnet høyt til topps på Stordøya.","elevation":695,"beds":21,"source":"UT.no/DNT"}},{"type":"Feature","id":"dnthut-10797","geometry":{"type":"Point","coordinates":[8.955561,62.543529]},"properties":{"name":"Vangshaugen","type":"Betjent","description":"Historiske Vangshaugen ligger ved Storvatnet i Grødalen, rett ved foten av Sunndalsfjellenes høye topper.","elevation":740,"beds":80,"source":"UT.no/DNT"}},{"type":"Feature","id":"dnthut-10819","geometry":{"type":"Point","coordinates":[8.978594,63.021841]},"properties":{"name":"Hermannhytta","type":"Selvbetjent","description":"Booking og betaling for overnatting og proviant: Det er nå mulig å booke/reservere seng på våre hytter.","elevation":418,"beds":12,"source":"UT.no/DNT"}},{"type":"Feature","id":"dnthut-10385","geometry":{"type":"Point","coordinates":[8.257896,58.819828]},"properties":{"name":"Skarsvassbu","type":"Selvbetjent","description":"Introduksjon: Skarsvassbu ligger lunt til blant store grantrær med flott utsikt til de to Skarsvatna.","elevation":581,"beds":12,"source":"UT.no/DNT"}},{"type":"Feature","id":"dnthut-10646","geometry":{"type":"Point","coordinates":[6.990055,59.954941]},"properties":{"name":"Middalsbu","type":"Selvbetjent","description":"Hytta ligger ytterst i Middalen, rett ved elva som renner gjennom dalen.","elevation":861,"beds":12,"source":"UT.no/DNT"}},{"type":"Feature","id":"dnthut-10832","geometry":{"type":"Point","coordinates":[10.95582,62.223897]},"properties":{"name":"Knausen","type":"Selvbetjent","description":"Knausen er ei gammel og koselig seterbu som ligger øverst på en frodig setervoll tett inntil skogen.","elevation":724,"beds":6,"source":"UT.no/DNT"}},{"type":"Feature","id":"dnthut-10801","geometry":{"type":"Point","coordinates":[9.015662,62.801645]},"properties":{"name":"Nauståbu","type":"Nødbu","description":"Ved østenden av Naustådalsvatnet på ruta mellom Trollheimshytta og Kårvatn ligger Nauståbua, Trondhjems Turistforenings (TT) aller minste hytte.","elevation":837,"source":"UT.no/DNT"}},{"type":"Feature","id":"dnthut-101358","geometry":{"type":"Point","coordinates":[8.050481,62.598866]},"properties":{"name":"Svartvassbu","type":"Ubetjent","description":"NB!","elevation":903,"beds":12,"source":"UT.no/DNT"}},{"type":"Feature","id":"dnthut-10656","geometry":{"type":"Point","coordinates":[9.748282,59.490437]},"properties":{"name":"Darrebu","type":"Ubetjent","description":"Darrebu ligger lett tilgjengelig på Skrim, ikke langt fra turstier og skiløyper, men godt skjermet.","elevation":612,"beds":12,"source":"UT.no/DNT"}},{"type":"Feature","id":"dnthut-101276","geometry":{"type":"Point","coordinates":[9.68258,59.27128]},"properties":{"name":"Rubensplass","type":"Nødbu","description":"På Rubensplass finnes en flott gapahuk, og bålplass med benker rundt.","elevation":215,"source":"UT.no/DNT"}},{"type":"Feature","id":"dnthut-10606","geometry":{"type":"Point","coordinates":[10.02643,59.38336]},"properties":{"name":"Hannevoldhytta","type":"Ubetjent","description":"Hytta er på 24 kvadratmeter, består av et soverom med 4 senger (to køyesenger), og et oppholdsrom med kjøkkenkrok.","elevation":341,"beds":4,"source":"UT.no/DNT"}},{"type":"Feature","id":"dnthut-101148967","geometry":{"type":"Point","coordinates":[10.10461,60.16331]},"properties":{"name":"Lerbergsetra","type":"Ubetjent","description":"Lerbergsetra ligger i den nordlige delen av Holleia og er lett tilgjengelig bare 17 minutter med bil fra Hønefoss sentrum.","elevation":281,"beds":6,"source":"UT.no/DNT"}},{"type":"Feature","id":"dnthut-10917","geometry":{"type":"Point","coordinates":[9.350805,62.294263]},"properties":{"name":"Snøheim","type":"Betjent","description":"Turistforeningens storstue på Dovrefjell er sommeråpen.","elevation":1474,"beds":80,"source":"UT.no/DNT"}},{"type":"Feature","id":"dnthut-10243","geometry":{"type":"Point","coordinates":[12.512538,60.152603]},"properties":{"name":"Lebiko","type":"Ubetjent","description":"Lebiko er et gammelt finnetorp på Varaldskogen i Kongsvinger.","elevation":379,"beds":12,"source":"UT.no/DNT"}},{"type":"Feature","id":"dnthut-10946","geometry":{"type":"Point","coordinates":[7.939108,61.738378]},"properties":{"name":"Trulsbu","type":"Selvbetjent","description":"Trulsbu ligger midtveis mellom Sota og Nørdstedalsseter og er et fint utgangspunkt for turer til Hestbrepiggene og Holåtindene.","elevation":1284,"beds":12,"source":"UT.no/DNT"}},{"type":"Feature","id":"dnthut-10351","geometry":{"type":"Point","coordinates":[11.755992,59.716263]},"properties":{"name":"Haukenestårnet","type":"Ubetjent","description":"Haukenestårnet ruver med sin helt spesielle form i naturen, og er ett av to bevarte branntårn i tre i Norge.","elevation":333,"beds":6,"source":"UT.no/DNT"}},{"type":"Feature","id":"dnthut-10811","geometry":{"type":"Point","coordinates":[7.701186,60.777101]},"properties":{"name":"Kongshelleren","type":"Selvbetjent","description":"Kongshelleren som ligger ved Kongshellervatnet ble åpnet i 1980.","elevation":1450,"beds":12,"source":"UT.no/DNT"}},{"type":"Feature","id":"dnthut-10795","geometry":{"type":"Point","coordinates":[11.23907,60.470694]},"properties":{"name":"Morskogen vokterbolig","type":"Ubetjent","description":"Vi holder hytta åpen i sykkelsesongen fra påske til og med høstferie.","elevation":127,"beds":11,"source":"UT.no/DNT"}},{"type":"Feature","id":"dnthut-101154107","geometry":{"type":"Point","coordinates":[6.334717,59.046145]},"properties":{"name":"Sundmorkvatn turisthytte","type":"Ubetjent","description":"Velkommen til Sundmorkvatn turisthytte.","elevation":477,"beds":11,"source":"UT.no/DNT"}},{"type":"Feature","id":"dnthut-10477","geometry":{"type":"Point","coordinates":[11.255825,63.343956]},"properties":{"name":"Kvitfjellhytta","type":"Selvbetjent","description":"Kvitfjellhytta inngår i den sju dagers ekspedisjonen NORGE PÅ TVERS som går fra Stjørdal til svenskegrensa.","elevation":500,"beds":11,"source":"UT.no/DNT"}},{"type":"Feature","id":"dnthut-10153","geometry":{"type":"Point","coordinates":[15.518485,66.926383]},"properties":{"name":"Storeng Fjellgård","type":"Ubetjent","description":"Beskrivelse av hytta Storeng fjellgård ble bygd i 2008 og er en liten, koselig hytte 410 m.","elevation":410,"beds":4,"bedsWinter":4,"source":"UT.no/DNT"}},{"type":"Feature","id":"dnthut-101061","geometry":{"type":"Point","coordinates":[20.027561,68.939742]},"properties":{"name":"Rostahytta","type":"Ubetjent","description":"OBS!","elevation":467,"beds":31,"source":"UT.no/DNT"}},{"type":"Feature","id":"dnthut-10786","geometry":{"type":"Point","coordinates":[10.854953,60.236153]},"properties":{"name":"Råbjørnhytta","type":"Ubetjent","description":"Denne perlen av en hytte ligger rett ved Råbjørn - vannet som byr på både kanomuligheter og bad!","elevation":497,"beds":10,"source":"UT.no/DNT"}},{"type":"Feature","id":"dnthut-10228","geometry":{"type":"Point","coordinates":[7.848284,62.124159]},"properties":{"name":"Torsbu","type":"Selvbetjent","description":"Torsbu ligger fint til for turer videre inn i Tafjordfjella og mange av de besøkende tar turen videre til Pyttbua og via Reindalseter til Kaldhusseter.","elevation":1345,"beds":14,"source":"UT.no/DNT"}},{"type":"Feature","id":"dnthut-10829","geometry":{"type":"Point","coordinates":[9.14876,58.63693]},"properties":{"name":"Lyngør fyr","type":"Ubetjent","description":"Introduksjon: Hva med å overnatte på øy i havgapet utenfor Tvedestrand?","elevation":6,"beds":22,"source":"UT.no/DNT"}},{"type":"Feature","id":"dnthut-10258893","geometry":{"type":"Point","coordinates":[10.976263,59.872]},"properties":{"name":"Fiskelaushytta","type":"Ubetjent","description":"Med kort vei fra Losby Gods byr Fiskelaushytta på mange muligheter.","elevation":253,"beds":4,"source":"UT.no/DNT"}},{"type":"Feature","id":"dnthut-101168","geometry":{"type":"Point","coordinates":[9.586589,61.245235]},"properties":{"name":"Fehytta","type":"Selvbetjent","description":"Fehytta er et selvbetjeningsalternativ til Liomseter.","elevation":904,"beds":10,"source":"UT.no/DNT"}},{"type":"Feature","id":"dnthut-10220","geometry":{"type":"Point","coordinates":[14.155943,66.861012]},"properties":{"name":"Fellvasstua","type":"Ubetjent","description":"10 av 10 sengeplasser kan forhåndsbestilles.","elevation":425,"beds":10,"source":"UT.no/DNT"}},{"type":"Feature","id":"dnthut-101024","geometry":{"type":"Point","coordinates":[15.465667,66.736025]},"properties":{"name":"Lønsstua","type":"Ubetjent","description":"Lønsstua har 33 sengeplasser som kan forhåndsbestilles.","elevation":474,"beds":33,"source":"UT.no/DNT"}},{"type":"Feature","id":"dnthut-101124534","geometry":{"type":"Point","coordinates":[10.588923,60.206762]},"properties":{"name":"Sandbekkhytta","type":"Ubetjent","description":"Sandbekkhytta er et gammelt skogshusvær for skogsarbeidere.","elevation":463,"beds":4,"source":"UT.no/DNT"}},{"type":"Feature","id":"dnthut-101087","geometry":{"type":"Point","coordinates":[8.678673,60.399822]},"properties":{"name":"Dusehesten","type":"Ubetjent","description":"Dusehesten er en solid håndlaftet hytte som ligger fint til i Smådøldalen, på kanten av Dagalifjell.","elevation":1028,"beds":8,"source":"UT.no/DNT"}},{"type":"Feature","id":"dnthut-10755","geometry":{"type":"Point","coordinates":[11.004178,59.403925]},"properties":{"name":"Ravnsjøhytta","type":"Ubetjent","description":"Ravnsjøhytta ligger vakkert til ved Ravnsjø i Svinndal i Våler , på en kolle 30 meter fra vannet med fin utsikt over innsjøen.","elevation":90,"beds":13,"source":"UT.no/DNT"}},{"type":"Feature","id":"dnthut-10780","geometry":{"type":"Point","coordinates":[10.761003,60.051303]},"properties":{"name":"Lille Tømtehytta","type":"Ubetjent","description":"Lille Tømtehytta er en koselig liten tømmerkoie som ligger vakkert til i Nordmarka, med kort adkomst fra Skar i Maridalen og fra Movatn.","elevation":471,"beds":4,"source":"UT.no/DNT"}},{"type":"Feature","id":"dnthut-10823","geometry":{"type":"Point","coordinates":[6.079132,60.536979]},"properties":{"name":"Alexander Grieghytten","type":"Ubetjent","description":"Alexander Grieghytten - den perfekte utleiehytta for større grupper!","elevation":615,"beds":34,"source":"UT.no/DNT"}},{"type":"Feature","id":"dnthut-10336","geometry":{"type":"Point","coordinates":[8.798243,60.144528]},"properties":{"name":"Lufsjå","type":"Selvbetjent","description":"Med utsikt over et åpent viddelandskap ligger nyrestaurerte Lufsjå selvbetjeningshytte på en av Hardangerviddas utløpere.","elevation":1236,"beds":16,"source":"UT.no/DNT"}},{"type":"Feature","id":"dnthut-10584","geometry":{"type":"Point","coordinates":[9.147603,61.4263]},"properties":{"name":"Oskampen","type":"Selvbetjent","description":"Oskampen ble bygget i 1970 for å bedre sammenhengen i rutenettet fra Liomseter mot Sikkilsdalen.","elevation":1180,"beds":12,"source":"UT.no/DNT"}},{"type":"Feature","id":"dnthut-101112","geometry":{"type":"Point","coordinates":[17.784551,68.190261]},"properties":{"name":"Lossihytta","type":"Ubetjent","description":"Lossihytta ligger i Norddalen i Skjomen med Storsteinmassivet med de vakre fjellene Huinarcóhkka (1788 moh.","elevation":722,"beds":10,"source":"UT.no/DNT"}},{"type":"Feature","id":"dnthut-10246","geometry":{"type":"Point","coordinates":[12.220108,60.736367]},"properties":{"name":"Kynndammen","type":"Ubetjent","description":"Kynndammen ligger idyllisk til som navnet tilsier ved Kynndammen.","elevation":280,"beds":10,"source":"UT.no/DNT"}},{"type":"Feature","id":"dnthut-10680","geometry":{"type":"Point","coordinates":[8.129676,61.245852]},"properties":{"name":"Slettningsbu","type":"Selvbetjent","description":"Slettningsbu ble åpnet i 1975 og skulle binde sammen hyttene mellom Jotunheimen og Skarvheimen.","elevation":1315,"beds":14,"source":"UT.no/DNT"}},{"type":"Feature","id":"dnthut-10705","geometry":{"type":"Point","coordinates":[19.201111,69.638056]},"properties":{"name":"Skarvassbu","type":"Ubetjent","description":"NB!","elevation":580,"beds":11,"source":"UT.no/DNT"}},{"type":"Feature","id":"dnthut-10703","geometry":{"type":"Point","coordinates":[19.208785,69.680934]},"properties":{"name":"Blåkollkoia","type":"Ubetjent","description":"NB!","elevation":240,"beds":9,"source":"UT.no/DNT"}},{"type":"Feature","id":"dnthut-10397","geometry":{"type":"Point","coordinates":[17.234747,68.100595]},"properties":{"name":"Sitashytta","type":"Ubetjent","description":"Sitas ligger langs Nordkalottruta, E1 og Grensesømmen i Narvikfjellene.","elevation":616,"beds":10,"source":"UT.no/DNT"}},{"type":"Feature","id":"dnthut-101317761","geometry":{"type":"Point","coordinates":[6.583837,58.875457]},"properties":{"name":"Turbohytta","type":"Ubetjent","description":"Turbohytta – barnefamilienes turparadis i Hunnedalen (Øvstabødalen) Turbohytta er ei splitter ny og unik turisthytte, skreddersydd for barnefamilier og tilrettelagt for personer med funksjonsvariasjoner.","elevation":637,"beds":34,"source":"UT.no/DNT"}},{"type":"Feature","id":"dnthut-101273","geometry":{"type":"Point","coordinates":[9.609895,58.881964]},"properties":{"name":"Øitangen","type":"Ubetjent","description":"HJERTELIG VELKOMMEN TIL ØITANGEN, JOMFRULAND!","elevation":6,"beds":52,"bedsWinter":11,"source":"UT.no/DNT"}},{"type":"Feature","id":"dnthut-101211","geometry":{"type":"Point","coordinates":[10.1911,59.7542]},"properties":{"name":"Hamborgstrømpaviljongen","type":"Ubetjent","description":"Hamborgstrømpaviljongen er en staselig hytte beliggende i Bragernesåsen, ovenfor Drammen sentrum.","elevation":118,"beds":5,"source":"UT.no/DNT"}},{"type":"Feature","id":"dnthut-10779","geometry":{"type":"Point","coordinates":[10.37167,59.97207]},"properties":{"name":"Mustadkroken","type":"Ubetjent","description":"Dette er foreningens største ubetjente DNT-hytte i Marka med plass til 30 personer og inklusiv strøm så er komforten på plass.","elevation":360,"beds":30,"source":"UT.no/DNT"}},{"type":"Feature","id":"dnthut-10723","geometry":{"type":"Point","coordinates":[11.150358,62.215157]},"properties":{"name":"Raudsjødalen","type":"Selvbetjent","description":"Selvbetjeningshytta i Raudsjødalen ligger i et unikt seterlandskap med mye historie og et spesielt kulturlandskap.","elevation":899,"beds":12,"source":"UT.no/DNT"}},{"type":"Feature","id":"dnthut-10244","geometry":{"type":"Point","coordinates":[6.342948,60.090816]},"properties":{"name":"Breidablikk turisthytte","type":"Ubetjent","description":"Du er nå på informasjonssiden for hytten Breidablikk ved Folgefonna.","elevation":1321,"beds":4,"source":"UT.no/DNT"}},{"type":"Feature","id":"dnthut-10972","geometry":{"type":"Point","coordinates":[19.924724,69.720485]},"properties":{"name":"Jægervasshytta","type":"Ubetjent","description":"13.","elevation":8,"beds":7,"source":"UT.no/DNT"}},{"type":"Feature","id":"dnthut-101030769","geometry":{"type":"Point","coordinates":[6.977587,61.279295]},"properties":{"name":"Kollsetestølen","type":"Ubetjent","description":"Velkommen på hyttetur til den familievennlege hytta Kollsetestølen i Sogndalsdalen.","elevation":613,"beds":8,"source":"UT.no/DNT"}},{"type":"Feature","id":"dnthut-10583","geometry":{"type":"Point","coordinates":[8.632363,61.622695]},"properties":{"name":"Glitterheim","type":"Betjent","description":"Glitterheim ligger i 1400-meters høyde nordøst i jotunheimen med noen av de flotteste omgivelsene i Jotunheimen utenfor hyttedøra.","elevation":1386,"beds":157,"source":"UT.no/DNT"}},{"type":"Feature","id":"dnthut-101138","geometry":{"type":"Point","coordinates":[10.014927,59.271918]},"properties":{"name":"Heisetra","type":"Ubetjent","description":"Velkommen til Vestfoldmarkas flotteste turstier.","elevation":103,"beds":25,"source":"UT.no/DNT"}},{"type":"Feature","id":"dnthut-101243","geometry":{"type":"Point","coordinates":[5.483835,59.845813]},"properties":{"name":"Lundastøl","type":"Ubetjent","description":"Lundastøl - en fjellgard med lange tradisjoner.","elevation":213,"beds":10,"bedsWinter":10,"source":"UT.no/DNT"}},{"type":"Feature","id":"dnthut-101030","geometry":{"type":"Point","coordinates":[6.737778,59.270515]},"properties":{"name":"Eidavatn","type":"Selvbetjent","description":"Langt innpå fjellet, i villreinens rike, ligger Eidavatn.","elevation":1081,"beds":42,"source":"UT.no/DNT"}},{"type":"Feature","id":"dnthut-101038","geometry":{"type":"Point","coordinates":[6.520576,59.240979]},"properties":{"name":"Melands Grønahei","type":"Selvbetjent","description":"Melands Grønahei er et enestående naturområde verdt et besøk!","elevation":846,"beds":20,"source":"UT.no/DNT"}},{"type":"Feature","id":"dnthut-10959","geometry":{"type":"Point","coordinates":[16.064856,68.594267]},"properties":{"name":"Haakonsbu","type":"Ubetjent","description":"Haakonsbu ligger i et fantastisk fjellområde og inngår i ruten Trekanten på Hinnøya .","elevation":501,"beds":16,"source":"UT.no/DNT"}},{"type":"Feature","id":"dnthut-101265","geometry":{"type":"Point","coordinates":[8.04158,61.02224]},"properties":{"name":"Skarvheim","type":"Selvbetjent","description":"Skarvheim ligger lett tilgjengelig og er et flott utgangspunkt for å utforske terrenget i området.","elevation":1029,"beds":9,"source":"UT.no/DNT"}},{"type":"Feature","id":"dnthut-10458","geometry":{"type":"Point","coordinates":[11.7757,60.166515]},"properties":{"name":"Bergersætra","type":"Ubetjent","description":"Bergersætra er en koselig tømmerhytte med enkel standard.","elevation":351,"beds":3,"source":"UT.no/DNT"}},{"type":"Feature","id":"dnthut-101219","geometry":{"type":"Point","coordinates":[8.57466,59.301523]},"properties":{"name":"Venelibu","type":"Nødbu","description":"Ulåst kvilebu/nødbu 20 m fra Venelitjørni (700 moh).","elevation":805,"source":"UT.no/DNT"}},{"type":"Feature","id":"dnthut-101151322","geometry":{"type":"Point","coordinates":[11.191426,60.941679]},"properties":{"name":"Stenfjellhytta ubetjent","type":"Ubetjent","description":"BELIGGENHET: Stenfjellhytta ligger langs lysløypa fra Gåsbu, sørøst for Måsætra og St.","elevation":746,"beds":4,"source":"UT.no/DNT"}},{"type":"Feature","id":"dnthut-101114463","geometry":{"type":"Point","coordinates":[10.733448,59.791584]},"properties":{"name":"Bekkensten","type":"Ubetjent","description":"Bekkensten er et av de eldste husene i Oppegård, bygget på slutten av 1600-tallet.","elevation":5,"beds":14,"source":"UT.no/DNT"}},{"type":"Feature","id":"dnthut-10218","geometry":{"type":"Point","coordinates":[15.012923,66.760798]},"properties":{"name":"Midtistua","type":"Ubetjent","description":"Man kan forhåndsbestille 14 av 16 sengeplasser.","elevation":708,"beds":16,"source":"UT.no/DNT"}},{"type":"Feature","id":"dnthut-101195","geometry":{"type":"Point","coordinates":[11.238911,60.98362]},"properties":{"name":"Målia serveringshytte","type":"Servering","description":"Målia er nå stengt for sesongen.","elevation":735,"source":"UT.no/DNT"}},{"type":"Feature","id":"dnthut-101317701","geometry":{"type":"Point","coordinates":[5.403548,59.276568]},"properties":{"name":"Høvringøy kysthytte","type":"Ubetjent","description":"Høvringøy kysthytte ligger i Karmøy kommune i havnebassenget mellom Karmøy, Tysvær og Bokn.","elevation":12,"beds":8,"source":"UT.no/DNT"}},{"type":"Feature","id":"dnthut-10442","geometry":{"type":"Point","coordinates":[7.767222,59.203409]},"properties":{"name":"Torsdalsbu","type":"Ubetjent","description":"Introduksjon: Denne flotte tømmerhytta som du kommer til innerst i Torsdalen og som ligger 680 moh.","elevation":677,"beds":9,"source":"UT.no/DNT"}},{"type":"Feature","id":"dnthut-101237","geometry":{"type":"Point","coordinates":[10.097314,60.258022]},"properties":{"name":"Ellingseterkoia","type":"Ubetjent","description":"Ellingseterkoia ligger idyllisk til ved Ellingsetertjern 6,2 km fra Veme kirke eller 18,5 på Vassfarstien fra Søndre Torg i Hønefoss sentrum.","elevation":293,"beds":4,"source":"UT.no/DNT"}},{"type":"Feature","id":"dnthut-10726","geometry":{"type":"Point","coordinates":[12.014979,62.221469]},"properties":{"name":"Svukuriset","type":"Betjent","description":"Svukuriset er en vakker, ombygget fjellgård som ligger blant Femundsmarkas mange multemyrer.","elevation":826,"beds":45,"bedsWinter":29,"source":"UT.no/DNT"}},{"type":"Feature","id":"dnthut-10652","geometry":{"type":"Point","coordinates":[24.18321,69.79752]},"properties":{"name":"Bojobeaskihytta","type":"Ubetjent","description":"NB!","elevation":380,"beds":14,"source":"UT.no/DNT"}},{"type":"Feature","id":"dnthut-101317729","geometry":{"type":"Point","coordinates":[13.884834,66.054648]},"properties":{"name":"Perbua","type":"Dagsturhytte","description":"Perbua er ei lita steinbu oppe på Klubben, like ved Skredlitjønna.","elevation":783,"source":"UT.no/DNT"}},{"type":"Feature","id":"dnthut-101043","geometry":{"type":"Point","coordinates":[6.430127,59.042009]},"properties":{"name":"Songedalen fjellgard","type":"Ubetjent","description":"Songedalen fjellgard er ei hytte med særpreg og atmosfære!","elevation":384,"beds":19,"source":"UT.no/DNT"}},{"type":"Feature","id":"dnthut-101301633","geometry":{"type":"Point","coordinates":[10.401552,60.166726]},"properties":{"name":"Ringkolltoppen","type":"Ubetjent","description":"Ringkolltoppen ble gitt i gave til DNT Ringerike av SpareBank 1-stiftelsen Ringerike våren 2024.","elevation":701,"beds":11,"bedsWinter":11,"source":"UT.no/DNT"}},{"type":"Feature","id":"dnthut-101317744","geometry":{"type":"Point","coordinates":[11.237371,59.917872]},"properties":{"name":"Evjenhytta","type":"Ubetjent","description":"Evjenhytta ligger idyllisk til ved Hvalstjern i gamle Fetsund kommune, nå Lillestrøm.","elevation":198,"beds":5,"source":"UT.no/DNT"}},{"type":"Feature","id":"dnthut-10761","geometry":{"type":"Point","coordinates":[6.263042,60.913654]},"properties":{"name":"Selhamar turisthytte","type":"Selvbetjent","description":"Selhamar Turisthytte - Bergen og Hordaland Turlags største hytte i Stølsheimen.","elevation":877,"beds":45,"source":"UT.no/DNT"}},{"type":"Feature","id":"dnthut-10233","geometry":{"type":"Point","coordinates":[9.345289,61.417604]},"properties":{"name":"Storhøliseter","type":"Selvbetjent","description":"Storhøliseter er et stort seteranlegg nord i Langsua som har lange tradisjoner på å ta i mot fjellvandrere.","elevation":966,"beds":18,"source":"UT.no/DNT"}},{"type":"Feature","id":"dnthut-10965","geometry":{"type":"Point","coordinates":[16.255926,67.206843]},"properties":{"name":"Sorjushyttene","type":"Ubetjent","description":"Sorjushytta ligger nydelig til ved Bajep Sårjåsjávrre nord i Sulitjelmafjellene på Nordkalottruta og E1.","elevation":826,"beds":16,"source":"UT.no/DNT"}},{"type":"Feature","id":"dnthut-101033","geometry":{"type":"Point","coordinates":[7.02208,59.147813]},"properties":{"name":"Heibergtunet Storevatn","type":"Selvbetjent","description":"Heibergtunet - ikke bare en turisthytte, men et levende museum langt til fjells!","elevation":971,"beds":31,"source":"UT.no/DNT"}},{"type":"Feature","id":"dnthut-101189","geometry":{"type":"Point","coordinates":[12.8224,65.441084]},"properties":{"name":"Strompdal skogstue","type":"Ubetjent","description":"Kort om Strompdal skogstue DNT Sør Helgeland sin hytte ligger i Strompdalen i Lomsdal-Visten nasjonalpark Den ble åpnet som turistforeningshytte 30.","elevation":133,"beds":6,"source":"UT.no/DNT"}},{"type":"Feature","id":"dnthut-101119","geometry":{"type":"Point","coordinates":[7.305418,58.916003]},"properties":{"name":"Gaukhei","type":"Selvbetjent","description":"Gaukhei er den eldste turisthytta i Setesdal Vesthei, og er en perle av en plass!","elevation":839,"beds":46,"source":"UT.no/DNT"}},{"type":"Feature","id":"dnthut-10241","geometry":{"type":"Point","coordinates":[12.215778,60.446631]},"properties":{"name":"Brutjernskoia","type":"Nødbu","description":"Hytta er åpen som nødbu/dagsturhytte og har ingen booking for overnatting.","elevation":356,"source":"UT.no/DNT"}},{"type":"Feature","id":"dnthut-10793","geometry":{"type":"Point","coordinates":[9.181813,62.431218]},"properties":{"name":"Loennechenbua","type":"Ubetjent","description":"Booking og betaling for overnatting og proviant: Det er nå mulig å booke/reservere seng på våre hytter.","elevation":1358,"beds":4,"source":"UT.no/DNT"}},{"type":"Feature","id":"dnthut-10947","geometry":{"type":"Point","coordinates":[13.002673,67.927507]},"properties":{"name":"Munkebu","type":"Ubetjent","description":"På Moskesnesøya ytterst i Lofoten finner du Lofoten Turlags hytte Munkebu, omgitt av bratte fjell og storslått lofotnatur.","elevation":400,"beds":6,"source":"UT.no/DNT"}},{"type":"Feature","id":"dnthut-10343","geometry":{"type":"Point","coordinates":[16.519604,68.7615]},"properties":{"name":"Maistua","type":"Ubetjent","description":"Høsten 2018 var Maistua med i TV3-programmet Eventyrlig Oppussing .","elevation":318,"beds":6,"source":"UT.no/DNT"}},{"type":"Feature","id":"dnthut-10679","geometry":{"type":"Point","coordinates":[12.101838,62.978696]},"properties":{"name":"Nedalshytta","type":"Betjent","description":"Nedalshytta ligger lunt og idyllisk til i bjørkeskogen innunder det mektige Sylmassivet.","elevation":783,"beds":88,"source":"UT.no/DNT"}},{"type":"Feature","id":"dnthut-10546","geometry":{"type":"Point","coordinates":[7.798587,62.212726]},"properties":{"name":"Pyttbua","type":"Selvbetjent","description":"NB!","elevation":1158,"beds":51,"source":"UT.no/DNT"}},{"type":"Feature","id":"dnthut-10550","geometry":{"type":"Point","coordinates":[6.670493,62.268008]},"properties":{"name":"Velleseter","type":"Ubetjent","description":"Den vakre Vellesætredalen er like velegnet for turer med barna som fjelltoppene rundt er det for toppturentusiasten.","elevation":411,"beds":11,"source":"UT.no/DNT"}},{"type":"Feature","id":"dnthut-101329","geometry":{"type":"Point","coordinates":[4.985728,62.034686]},"properties":{"name":"Kråkenes fyr","type":"Ubetjent","description":"Når vinterstormene melder sin ankomst hører man ofte om Kråkenes fyr på værmeldingene.","elevation":36,"beds":15,"source":"UT.no/DNT"}},{"type":"Feature","id":"dnthut-10739","geometry":{"type":"Point","coordinates":[7.578317,62.187169]},"properties":{"name":"Reindalseter","type":"Betjent","description":"Reindalseter er DNT Sunnmøres storstue i Tafjordfjella.","elevation":703,"beds":134,"source":"UT.no/DNT"}},{"type":"Feature","id":"dnthut-101317739","geometry":{"type":"Point","coordinates":[11.56714,58.988505]},"properties":{"name":"Stanghytta","type":"Ubetjent","description":"Stanghytta ligger på en åsrygg i nærheten av Prestebakke, langt syd-øst i Norge.","elevation":225,"beds":5,"source":"UT.no/DNT"}},{"type":"Feature","id":"dnthut-101375","geometry":{"type":"Point","coordinates":[12.049293,62.350583]},"properties":{"name":"Røvollen","type":"Selvbetjent","description":"Røvollen ligger som mange av selvbetjeningshyttene på en gammel setervoll, en gang tilhørende Langen gård.","elevation":719,"beds":21,"source":"UT.no/DNT"}},{"type":"Feature","id":"dnthut-101380","geometry":{"type":"Point","coordinates":[10.561933,59.948101]},"properties":{"name":"Sæteren Gård - Hovedhus+Sovehus","type":"Betjent","description":"Sæteren Gård er barnas eget tursted i Bærumsmarka, og det perfekte overnattingsstedet for både familier og større grupper.","elevation":166,"beds":48,"source":"UT.no/DNT"}},{"type":"Feature","id":"dnthut-10971","geometry":{"type":"Point","coordinates":[17.437581,69.344713]},"properties":{"name":"Senjabu","type":"Ubetjent","description":"NB!","elevation":157,"beds":8,"source":"UT.no/DNT"}},{"type":"Feature","id":"dnthut-1079","geometry":{"type":"Point","coordinates":[14.261541,66.065423]},"properties":{"name":"Kjensvasshytta","type":"Ubetjent","description":"Helgelands eldste turisthytte!","elevation":529,"beds":28,"source":"UT.no/DNT"}},{"type":"Feature","id":"dnthut-10437","geometry":{"type":"Point","coordinates":[9.882823,60.176031]},"properties":{"name":"Grønknutkoia","type":"Ubetjent","description":"Det er byttet ovner på Grønknutkoia.","elevation":528,"beds":8,"source":"UT.no/DNT"}},{"type":"Feature","id":"dnthut-10974","geometry":{"type":"Point","coordinates":[18.99973,69.627227]},"properties":{"name":"Steinbøhytta","type":"Nødbu","description":"Steinbøhytta ligger høyt oppe på Fløya mellom toppstasjonen for Fjellheisen og toppen av Fløya med fantastisk utsikt over Trømsø og Kvaløya.","elevation":544,"source":"UT.no/DNT"}},{"type":"Feature","id":"dnthut-10672","geometry":{"type":"Point","coordinates":[14.13957,66.00612]},"properties":{"name":"Rabothytta","type":"Ubetjent","description":"Rabothytta ligger med nydelig utsikt over Okstindbreen, og hytta i seg selv er verdt et besøk!","elevation":1181,"beds":30,"source":"UT.no/DNT"}},{"type":"Feature","id":"dnthut-101024831","geometry":{"type":"Point","coordinates":[10.717185,59.883646]},"properties":{"name":"Styrbord - Gressholmen","type":"Ubetjent","description":"Fra 1.","beds":28,"source":"UT.no/DNT"}},{"type":"Feature","id":"dnthut-10386","geometry":{"type":"Point","coordinates":[5.244134,59.131387]},"properties":{"name":"Geitungen fyr","type":"Ubetjent","description":"Unik overnatting på øya utenfor Skudeneshavn på Karmøy, som huser Geitungen fyr, som eneste bolig.","elevation":17,"beds":24,"source":"UT.no/DNT"}},{"type":"Feature","id":"dnthut-10547","geometry":{"type":"Point","coordinates":[22.922778,69.939444]},"properties":{"name":"Nordlysobservatoriet Halde, Alta","type":"Ubetjent","description":"NB!","elevation":901,"beds":6,"source":"UT.no/DNT"}},{"type":"Feature","id":"dnthut-10785","geometry":{"type":"Point","coordinates":[10.84027,60.02448]},"properties":{"name":"Røverhula","type":"Ubetjent","description":"Røverhula er en koselig, liten og hundevennlig tømmerkoie i Lillomarka.","elevation":405,"beds":2,"source":"UT.no/DNT"}},{"type":"Feature","id":"dnthut-101125","geometry":{"type":"Point","coordinates":[7.250077,59.131557]},"properties":{"name":"Svartenut","type":"Selvbetjent","description":"En fredfull plett like ved \"Den svarte tjørni\", midt i hjerte av Setesdal Vesthei.","elevation":972,"beds":20,"source":"UT.no/DNT"}},{"type":"Feature","id":"dnthut-101321","geometry":{"type":"Point","coordinates":[6.841789,60.156142]},"properties":{"name":"Tyssevassbu","type":"Selvbetjent","description":"Tyssevassbu ligger vest Hardangervidda ved Hardingslepa mellom Øvre Tyssevatn og Holmevatn.","elevation":1324,"beds":12,"source":"UT.no/DNT"}},{"type":"Feature","id":"dnthut-10777","geometry":{"type":"Point","coordinates":[10.76124,60.051303]},"properties":{"name":"Store Tømtehytta","type":"Ubetjent","description":"Bestilling Store Tømtehytta er ubetjent og åpnes med DNTs standardnøkkel .","elevation":470,"beds":8,"source":"UT.no/DNT"}},{"type":"Feature","id":"dnthut-10734","geometry":{"type":"Point","coordinates":[8.01428,61.463156]},"properties":{"name":"Skogadalsbøen","type":"Betjent","description":"Skogadalsbøen er stedet for deg som vil oppleve det gode, gamle fjellmiljøet midt i Jotunheimen.","elevation":833,"beds":111,"source":"UT.no/DNT"}},{"type":"Feature","id":"dnthut-101261","geometry":{"type":"Point","coordinates":[11.00042,59.400821]},"properties":{"name":"Ravnsjøholmen med lavvo, gapahuker og dagsturhytte","type":"Ubetjent","description":"Ravnsjøholmen er et idyllisk turmål som i utgangspunktet er beregnet som en campplass for barn og unge.","elevation":91,"source":"UT.no/DNT"}},{"type":"Feature","id":"dnthut-10552","geometry":{"type":"Point","coordinates":[7.720627,62.159378]},"properties":{"name":"Veltdalshytta","type":"Selvbetjent","description":"I hjertet av Tafjordfjella, i vill og vakker natur finner du Veltdalshytta.","elevation":1184,"beds":51,"source":"UT.no/DNT"}},{"type":"Feature","id":"dnthut-101077830","geometry":{"type":"Point","coordinates":[4.806899,60.812978]},"properties":{"name":"Rongevær kysthytte","type":"Ubetjent","description":"Rongevær kysthytte - Velkommen til kystparadiset i Austrheim!","elevation":6,"beds":38,"source":"UT.no/DNT"}},{"type":"Feature","id":"dnthut-101136","geometry":{"type":"Point","coordinates":[6.422279,59.005842]},"properties":{"name":"Flørlistølen","type":"Ubetjent","description":"Sjarmerende Flørlistølen - et Lysefjorden-paradis i furuskogen.","elevation":389,"beds":6,"source":"UT.no/DNT"}},{"type":"Feature","id":"dnthut-101058","geometry":{"type":"Point","coordinates":[9.425346,59.385297]},"properties":{"name":"Flekkerhytta","type":"Ubetjent","description":"Flekkerhytta ligger idyllisk til ved vannet Flekkeren på Svanstul i Sauheradfjellene.","elevation":549,"beds":5,"source":"UT.no/DNT"}},{"type":"Feature","id":"dnthut-10103","geometry":{"type":"Point","coordinates":[8.764868,63.09987]},"properties":{"name":"Hardbakkhytta","type":"Selvbetjent","description":"Booking og betaling for overnatting og proviant: Det er nå mulig å booke/reservere seng på våre hytter.","elevation":785,"beds":23,"source":"UT.no/DNT"}},{"type":"Feature","id":"dnthut-101298","geometry":{"type":"Point","coordinates":[10.014035,59.272046]},"properties":{"name":"Slirabu","type":"Ubetjent","description":"Velkommen til Slirabu Hytta ligger på samme tun som den kjente turhytta Heisetra.","elevation":100,"beds":9,"bedsWinter":9,"source":"UT.no/DNT"}},{"type":"Feature","id":"dnthut-10500","geometry":{"type":"Point","coordinates":[15.237744,66.492424]},"properties":{"name":"Bolnastua","type":"Ubetjent","description":"Bolnastua langs Nordlandsruta .","elevation":532,"beds":15,"source":"UT.no/DNT"}},{"type":"Feature","id":"dnthut-10153515","geometry":{"type":"Point","coordinates":[7.828335,62.536643]},"properties":{"name":"Venjesdalsbu","type":"Ubetjent","description":"Hytta er låst med DNT-nøkkel og har 8 sengeplasser pluss 4 madrasser med sengetøy på hems, hvorav alle 12 kan bestilles på forhånd.","elevation":381,"beds":12,"source":"UT.no/DNT"}},{"type":"Feature","id":"dnthut-10253","geometry":{"type":"Point","coordinates":[5.123236,62.032232]},"properties":{"name":"Skongenes fyr","type":"Ubetjent","description":"Ytre Nordfjord Turlag har siden 2003 hatt en leieavtale med Kystverket om drift av Skongenes fyr.","elevation":17,"beds":18,"source":"UT.no/DNT"}},{"type":"Feature","id":"dnthut-10430","geometry":{"type":"Point","coordinates":[15.575487,68.564061]},"properties":{"name":"Snytindhytta","type":"Ubetjent","description":"I 2014 ble Snytindhytta med god grunn kåret til Norges råeste toppturhytte av UT.","elevation":386,"beds":24,"source":"UT.no/DNT"}},{"type":"Feature","id":"dnthut-10391","geometry":{"type":"Point","coordinates":[18.632169,68.5137]},"properties":{"name":"Lappjordhytta","type":"Ubetjent","description":"NB!","elevation":542,"beds":14,"source":"UT.no/DNT"}},{"type":"Feature","id":"dnthut-10367","geometry":{"type":"Point","coordinates":[18.187371,68.553138]},"properties":{"name":"Stordalsstua","type":"Ubetjent","description":"NB!","elevation":473,"beds":8,"source":"UT.no/DNT"}},{"type":"Feature","id":"dnthut-10235","geometry":{"type":"Point","coordinates":[12.011082,61.016551]},"properties":{"name":"Juskjølkoia","type":"Ubetjent","description":"Lenger til skogs enn til Juskjølkoia kommer du ikke.","elevation":513,"beds":4,"source":"UT.no/DNT"}},{"type":"Feature","id":"dnthut-101292","geometry":{"type":"Point","coordinates":[7.848298,60.256816]},"properties":{"name":"Rauhelleren selvbetjent","type":"Selvbetjent","description":"Rauhelleren selvbetjent NB!","elevation":1228,"beds":30,"bedsWinter":30,"source":"UT.no/DNT"}},{"type":"Feature","id":"dnthut-101051","geometry":{"type":"Point","coordinates":[6.899604,59.466901]},"properties":{"name":"Krossvatn","type":"Selvbetjent","description":"Krossvatn - omkranset av fiskerike vann, mektige fjelltopper og i hjertet av Dyraheio landskapsverneområde.","elevation":1101,"beds":30,"source":"UT.no/DNT"}},{"type":"Feature","id":"dnthut-101113","geometry":{"type":"Point","coordinates":[20.503757,69.073915]},"properties":{"name":"Goldahytta","type":"Ubetjent","description":"NB!","elevation":521,"beds":22,"source":"UT.no/DNT"}},{"type":"Feature","id":"dnthut-10553","geometry":{"type":"Point","coordinates":[19.128921,69.896365]},"properties":{"name":"Ringvassbu","type":"Ubetjent","description":"OBS: Det er montert ny vedovn på hovedhytta.","elevation":394,"beds":12,"source":"UT.no/DNT"}},{"type":"Feature","id":"dnthut-10745","geometry":{"type":"Point","coordinates":[7.85008,60.256266]},"properties":{"name":"Rauhelleren","type":"Betjent","description":"Velkommen til Rauhelleren turisthytte!","elevation":1222,"beds":62,"source":"UT.no/DNT"}},{"type":"Feature","id":"dnthut-101131","geometry":{"type":"Point","coordinates":[6.249324,58.396878]},"properties":{"name":"Gaudland","type":"Ubetjent","description":"Gaudland - farmen light!","elevation":144,"beds":18,"source":"UT.no/DNT"}},{"type":"Feature","id":"dnthut-1098","geometry":{"type":"Point","coordinates":[8.020495,63.159423]},"properties":{"name":"Trollstua","type":"Selvbetjent","description":"Booking og betaling for overnatting og proviant: Det er nå mulig å booke/reservere seng på våre hytter.","elevation":75,"beds":11,"source":"UT.no/DNT"}},{"type":"Feature","id":"dnthut-10739637","geometry":{"type":"Point","coordinates":[5.246994,61.855897]},"properties":{"name":"Olavsbu - Hornelen","type":"Nødbu","description":"Olavsbu - Hornelen er ei enkel steinbu på toppen av Hornelen Europas høgaste sjøklippe 860 m.","elevation":854,"source":"UT.no/DNT"}},{"type":"Feature","id":"dnthut-101012","geometry":{"type":"Point","coordinates":[7.577039,62.18839]},"properties":{"name":"Jakobselet","type":"Ubetjent","description":"Beliggenhet Jakobselet ligger på stølen i Reindalen, kun et par hundre meter fra Reindalseter.","elevation":705,"beds":7,"source":"UT.no/DNT"}},{"type":"Feature","id":"dnthut-10608","geometry":{"type":"Point","coordinates":[10.817012,61.243063]},"properties":{"name":"Skolla storhytte","type":"Ubetjent","description":"Skolla storhytte er ei gruppeutleiehytte, hvor man booker og betaler for hele hytta.","elevation":679,"beds":23,"source":"UT.no/DNT"}},{"type":"Feature","id":"dnthut-101317698","geometry":{"type":"Point","coordinates":[9.917083,58.976379]},"properties":{"name":"Guslandstua","type":"Stengt","description":"Guslandstua er Larvik og Omegns Turistforening (LOT) sin nye ubetjente kysthytte med 10 sengeplasser fordelt på tre soverom.","elevation":24,"beds":10,"source":"UT.no/DNT"}},{"type":"Feature","id":"dnthut-101384","geometry":{"type":"Point","coordinates":[5.583077,59.08573]},"properties":{"name":"Fjøløy turisthytte","type":"Ubetjent","description":"Velkommen til lett tilgjengelige Fjøløy!","elevation":79,"beds":8,"source":"UT.no/DNT"}},{"type":"Feature","id":"dnthut-10465","geometry":{"type":"Point","coordinates":[7.508955,59.443184]},"properties":{"name":"Berdalsbu","type":"Selvbetjent","description":"Introduksjon: Berdalsbu ligger vakkert plassert øverst i Berdalen med god utsikt og en rennende elv like ved.","elevation":980,"beds":18,"source":"UT.no/DNT"}},{"type":"Feature","id":"dnthut-101291038","geometry":{"type":"Point","coordinates":[5.577044,59.086236]},"properties":{"name":"Fjøløy fort","type":"Ubetjent","description":"Velkommen til ei storstue med militærhistorie i veggene!","elevation":18,"beds":26,"source":"UT.no/DNT"}},{"type":"Feature","id":"dnthut-101067","geometry":{"type":"Point","coordinates":[10.12007,59.79654]},"properties":{"name":"Goliaten","type":"Ubetjent","description":"Goliaten ligger idyllisk til ved vannet Goliaten, midt i sti og løypenettet i Drammensmarka.","elevation":471,"beds":8,"source":"UT.no/DNT"}},{"type":"Feature","id":"dnthut-10230","geometry":{"type":"Point","coordinates":[11.40435,60.51965]},"properties":{"name":"Gammelsaga","type":"Ubetjent","description":"BELIGGENHET: Gammelsaga ligger i Stange allmenning langs Rondanestien og like ved bilveg for de som er ute til fots eller sykkel i allmenningen.","elevation":300,"beds":5,"source":"UT.no/DNT"}},{"type":"Feature","id":"dnthut-101118","geometry":{"type":"Point","coordinates":[20.108421,68.819584]},"properties":{"name":"Dærtahytta","type":"Ubetjent","description":"Viktig info: Hvis du skal videre mot Rostadalen: Bruene over Iselva og over Trollelva er skadet.","elevation":740,"beds":21,"source":"UT.no/DNT"}},{"type":"Feature","id":"dnthut-10545","geometry":{"type":"Point","coordinates":[6.72013,62.211526]},"properties":{"name":"Patchellhytta","type":"Selvbetjent","description":"Beliggenhet Patchellhytta ligger nydelig til ved foten av Slogen (1564 moh.","elevation":818,"beds":72,"bedsWinter":50,"source":"UT.no/DNT"}},{"type":"Feature","id":"dnthut-101145","geometry":{"type":"Point","coordinates":[10.88996,59.84042]},"properties":{"name":"Dølerud","type":"Ubetjent","description":"Den gamle husmannsplassen Dølerud har kort innmarsj fra Grønmo, noe som gjør hytta ypperlig til ettermiddagsturer eller for barnefamilier.","elevation":186,"beds":8,"source":"UT.no/DNT"}},{"type":"Feature","id":"dnthut-101320","geometry":{"type":"Point","coordinates":[6.3443,60.5414]},"properties":{"name":"Nansenbu","type":"Ubetjent","description":"Om Nansenbu Nansenbu er ei koseleg hytte som ligg ved ei gamal steinhytte satt opp av Jon Lid i 1917 i Torfinnsdalen.","elevation":1190,"beds":10,"source":"UT.no/DNT"}},{"type":"Feature","id":"dnthut-10586","geometry":{"type":"Point","coordinates":[7.735753,59.167058]},"properties":{"name":"Nystøyl","type":"Selvbetjent","description":"Introduksjon: Nystøyl er en av Austheienes minst besøkte hytter så her finner du ofte ro.","elevation":885,"beds":20,"source":"UT.no/DNT"}},{"type":"Feature","id":"dnthut-101323","geometry":{"type":"Point","coordinates":[12.056574,59.911732]},"properties":{"name":"Slettmoen","type":"Ubetjent","description":"Slettmoen ligger idyllisk til på Vestmarka i Eidskog kommune.","elevation":186,"beds":9,"bedsWinter":9,"source":"UT.no/DNT"}},{"type":"Feature","id":"dnthut-101293","geometry":{"type":"Point","coordinates":[9.016204,58.568181]},"properties":{"name":"Seilerhytta i Tvedestrand","type":"Ubetjent","description":"Introduksjon: På Seilerhytta bor du på din helt egen øy med brygge og en skjermet sandstrand perfekt for barn.","elevation":3,"beds":12,"source":"UT.no/DNT"}},{"type":"Feature","id":"dnthut-101123","geometry":{"type":"Point","coordinates":[7.258653,59.646572]},"properties":{"name":"Sloaros","type":"Selvbetjent","description":"Beliggende i et nydelig høyfjellsområde, med både eldre og nyere kulturminner i dagsturavstand, er det verdt å finne roen på Sloaros.","elevation":1047,"beds":22,"source":"UT.no/DNT"}},{"type":"Feature","id":"dnthut-101186","geometry":{"type":"Point","coordinates":[6.342333,58.986754]},"properties":{"name":"Skåpet","type":"Selvbetjent","description":"Skåpet er en selvbetjent turisthytte ulik alle andre!","elevation":617,"beds":42,"source":"UT.no/DNT"}},{"type":"Feature","id":"dnthut-10255","geometry":{"type":"Point","coordinates":[6.332417,60.823677]},"properties":{"name":"Torvedalshytta","type":"Selvbetjent","description":"Tovedalshytta er ei sjølvbetjent hytte som er ope heile året.","elevation":811,"beds":24,"source":"UT.no/DNT"}},{"type":"Feature","id":"dnthut-101022","geometry":{"type":"Point","coordinates":[14.410847,67.184224]},"properties":{"name":"Gjælentunet","type":"Ubetjent","description":"Man kan forhåndsbestille hele Egnarbua , 12 av 12 sengeplasser i Kårstua og 3 av 3 sengeplasser i Hundehuset (som bruker Kårstuas stue og kjøkken).","elevation":39,"beds":35,"source":"UT.no/DNT"}},{"type":"Feature","id":"dnthut-101014868","geometry":{"type":"Point","coordinates":[23.597114,70.067889]},"properties":{"name":"Sarveshytta","type":"Ubetjent","description":"NB!","elevation":326,"beds":5,"source":"UT.no/DNT"}},{"type":"Feature","id":"dnthut-10198","geometry":{"type":"Point","coordinates":[5.336894,61.401543]},"properties":{"name":"Nipebu","type":"Selvbetjent","description":"Beliggenhet Nipebu ligg idyllisk til ved Langevatnet, omgjeven av avrunda fjell og ope høgfjellsterreng, om lag 500 moh.","elevation":490,"beds":10,"source":"UT.no/DNT"}},{"type":"Feature","id":"dnthut-101110","geometry":{"type":"Point","coordinates":[10.012503,61.884066]},"properties":{"name":"Bjørnhollia","type":"Betjent","description":"Sør i Rondane, med sine lune dalføre og flotte natur ligger Bjørnhollia og venter på fjellturistene.","elevation":906,"beds":104,"source":"UT.no/DNT"}},{"type":"Feature","id":"dnthut-101027588","geometry":{"type":"Point","coordinates":[11.829527,62.4983]},"properties":{"name":"Fjølburøsta","type":"Selvbetjent","description":"Fjølburøsta er en hytte som ligger på en gammel seter med samme navn - kun tilgjengelig for overnatting på sommerstid.","elevation":691,"beds":12,"source":"UT.no/DNT"}},{"type":"Feature","id":"dnthut-10719","geometry":{"type":"Point","coordinates":[7.340914,61.432759]},"properties":{"name":"Navarsete","type":"Selvbetjent","description":"Navarsete er opprinnelig en gammel seter som ble restaurert og tatt i bruk som selvbetjeningshytte i 1975.","elevation":628,"beds":9,"source":"UT.no/DNT"}},{"type":"Feature","id":"dnthut-10758","geometry":{"type":"Point","coordinates":[7.270229,60.53419]},"properties":{"name":"Rembesdalseter","type":"Selvbetjent","description":"Rembesdalseter ligger på en gammel setervoll på vestsida av Rembesdalsvatnet og stod ferdig i 1964.","elevation":961,"beds":16,"source":"UT.no/DNT"}},{"type":"Feature","id":"dnthut-101187","geometry":{"type":"Point","coordinates":[19.80553,70.16872]},"properties":{"name":"Gammelhuset i Skipsfjorden","type":"Ubetjent","description":"Vannet inn til hytta er avstengt for vinteren!","elevation":5,"beds":8,"source":"UT.no/DNT"}},{"type":"Feature","id":"dnthut-10560","geometry":{"type":"Point","coordinates":[15.14868,66.22789]},"properties":{"name":"Kvepsendalskoia","type":"Nødbu","description":"BELIGGENHET Rastekoie i Kvepsendalen som ligger på E1 og Nordlandsruta, mellom Kvitsteindalstunet og Virvasshytta.","elevation":762,"source":"UT.no/DNT"}},{"type":"Feature","id":"dnthut-10461","geometry":{"type":"Point","coordinates":[9.775433,60.406851]},"properties":{"name":"Buvasskoia","type":"Ubetjent","description":"Buvasskoia ligger i skogen nord for Strømsoddbygda, på en odde på østsida av Buvatnet med utsikt mot Bukollen og Nautskardfjellet.","elevation":379,"beds":11,"source":"UT.no/DNT"}},{"type":"Feature","id":"dnthut-101317753","geometry":{"type":"Point","coordinates":[19.547085,69.318334]},"properties":{"name":"Karibu","type":"Ubetjent","description":"STENGT!","elevation":92,"beds":22,"source":"UT.no/DNT"}},{"type":"Feature","id":"dnthut-10275","geometry":{"type":"Point","coordinates":[11.507357,60.595691]},"properties":{"name":"Fløtdamkoia","type":"Ubetjent","description":"BELIGGENHET: Koia ligger idyllisk til ved Fallåa i Romedal allmenning ca.","elevation":386,"beds":6,"source":"UT.no/DNT"}},{"type":"Feature","id":"dnthut-10245","geometry":{"type":"Point","coordinates":[8.367683,62.550113]},"properties":{"name":"Reinsvassbu","type":"Ubetjent","description":"NB!","elevation":900,"beds":6,"source":"UT.no/DNT"}},{"type":"Feature","id":"dnthut-10682","geometry":{"type":"Point","coordinates":[11.506549,63.211917]},"properties":{"name":"Schulzhytta","type":"Betjent","description":"Den lille hytta med det store hjertet .","elevation":569,"beds":63,"source":"UT.no/DNT"}},{"type":"Feature","id":"dnthut-10429","geometry":{"type":"Point","coordinates":[9.507205,61.14303]},"properties":{"name":"Svarthamar","type":"Selvbetjent","description":"Svarthamar har hatt sammenhengene seterdrift i flere hundre år, og det er seterdrift på Svarthamar fortsatt.","elevation":878,"beds":9,"source":"UT.no/DNT"}},{"type":"Feature","id":"dnthut-10134","geometry":{"type":"Point","coordinates":[12.313113,63.995625]},"properties":{"name":"Setertjønnhytta","type":"Selvbetjent","description":"Overnattingsmulighet ved norges geografiske midtpunkt.","elevation":451,"beds":12,"source":"UT.no/DNT"}},{"type":"Feature","id":"dnthut-101282092","geometry":{"type":"Point","coordinates":[10.562267,59.951477]},"properties":{"name":"Uglebu - Sæteren Gård","type":"Ubetjent","description":"Se oversikt over alle overnattingsmulighetene på Sæteren Gård her.","elevation":188,"beds":4,"source":"UT.no/DNT"}},{"type":"Feature","id":"dnthut-10469","geometry":{"type":"Point","coordinates":[11.47225,63.069996]},"properties":{"name":"Græslihytta","type":"Selvbetjent","description":"Græslihytta er ei lita selvbetjent hytte i Tydalen, som egner seg veldig godt for helgeturer med fine dagsturer fra hytta.","elevation":594,"beds":12,"source":"UT.no/DNT"}},{"type":"Feature","id":"dnthut-101317724","geometry":{"type":"Point","coordinates":[5.754724,59.85775]},"properties":{"name":"DNT-hytta på hjul","type":"Ubetjent","description":"DNT ønsker alle skal få oppleve gleden ved å besøke en DNT-hytte i naturen.","elevation":10,"beds":6,"source":"UT.no/DNT"}},{"type":"Feature","id":"dnthut-10193","geometry":{"type":"Point","coordinates":[15.4008,66.81519]},"properties":{"name":"Nystadnesstua (Storjordstua)","type":"Ubetjent","description":"Nystadnesstua/Storjordstua bookes hos Nordland nasjonalparksenter, tlf 400 67 251, epost resepsjon@nordlandsnaturen.","elevation":116,"beds":8,"source":"UT.no/DNT"}},{"type":"Feature","id":"dnthut-101170962","geometry":{"type":"Point","coordinates":[10.559902,59.949117]},"properties":{"name":"Eventyrhytta - Sæteren Gård","type":"Ubetjent","description":"Se oversikt over alle overnattingsmulighetene på Sæteren Gård her.","elevation":175,"beds":4,"source":"UT.no/DNT"}},{"type":"Feature","id":"dnthut-10903618","geometry":{"type":"Point","coordinates":[9.796196,61.879486]},"properties":{"name":"Rondvassbu Selvbetjent","type":"Selvbetjent","description":"Selvbetjeningskvarteret stenger i 2026 For å bedre leveforholdene for villreinen i Rondane har Klima- og miljødepartementet vedtatt en tiltaksplan.","elevation":1177,"beds":36,"source":"UT.no/DNT"}},{"type":"Feature","id":"dnthut-10549","geometry":{"type":"Point","coordinates":[7.831691,62.268632]},"properties":{"name":"Vakkerstøylen","type":"Selvbetjent","description":"Beliggenhet Vakkerstøylen ligger lunt og trivelig til i bjørkeskogen ved Ulvådalsvatnet, i Reinheimen nasjonalpark .","elevation":871,"beds":24,"source":"UT.no/DNT"}},{"type":"Feature","id":"dnthut-101255","geometry":{"type":"Point","coordinates":[10.39055,59.8709]},"properties":{"name":"Halvorsenhytta","type":"Ubetjent","description":"Halvorsenhytta ligger fint til med utsikt ut over Skaugumåsen og Oslofjorden.","elevation":347,"beds":9,"source":"UT.no/DNT"}},{"type":"Feature","id":"dnthut-10903615","geometry":{"type":"Point","coordinates":[10.012503,61.884066]},"properties":{"name":"Bjørnhollia Selvbetjent","type":"Selvbetjent","description":"Selvbetjeningskvarteret stenger i 2026 For å bedre leveforholdene for villreinen i Rondane har Klima- og miljødepartementet vedtatt en tiltaksplan.","elevation":906,"beds":14,"source":"UT.no/DNT"}},{"type":"Feature","id":"dnthut-10820","geometry":{"type":"Point","coordinates":[12.477915,60.278707]},"properties":{"name":"Vålet","type":"Ubetjent","description":"Vålet er en ubetjent DNT-hytte som ligger langs Finnskogleden på Brandval Finnskog.","elevation":309,"beds":6,"source":"UT.no/DNT"}},{"type":"Feature","id":"dnthut-101036","geometry":{"type":"Point","coordinates":[6.990091,59.696184]},"properties":{"name":"Kvanndalen","type":"Ubetjent","description":"Kvanndalen - en liten hytte full av sjarm på en vakker stølsvoll i Suldal.","elevation":660,"beds":10,"source":"UT.no/DNT"}},{"type":"Feature","id":"dnthut-10718","geometry":{"type":"Point","coordinates":[7.488411,61.740259]},"properties":{"name":"Sprongdalshytta","type":"Selvbetjent","description":"Sprongdalshytta ble bygd i 1986 og ligger i hjertet av Breheimen, med Jostedalsbreen innen rekkevidde.","elevation":1268,"beds":12,"source":"UT.no/DNT"}},{"type":"Feature","id":"dnthut-101170964","geometry":{"type":"Point","coordinates":[10.561821,59.94931]},"properties":{"name":"Spettehytta - Sæteren Gård","type":"Ubetjent","description":"Se oversikt over alle overnattingsmulighetene på Sæteren Gård her.","elevation":179,"beds":4,"source":"UT.no/DNT"}},{"type":"Feature","id":"dnthut-10512","geometry":{"type":"Point","coordinates":[15.96681,66.994729]},"properties":{"name":"Tjoarvihytta","type":"Ubetjent","description":"Kupert snaufjell, gode fiskevann og bilvei helt fram til hytta sommerstid er stikkord for Tjoarvi.","elevation":601,"beds":9,"source":"UT.no/DNT"}},{"type":"Feature","id":"dnthut-101114464","geometry":{"type":"Point","coordinates":[10.973074,60.299705]},"properties":{"name":"Vikkelistallen","type":"Ubetjent","description":"Vikkelistallen ligger på tunet til Vikkelihytta, ved Maura i Nannestad kommune.","elevation":476,"beds":4,"source":"UT.no/DNT"}},{"type":"Feature","id":"dnthut-10650","geometry":{"type":"Point","coordinates":[10.583064,61.372524]},"properties":{"name":"Djupslia","type":"Selvbetjent","description":"Djupslia ligger på Øyerfjellet øst for Tretten i Gudbrandsdalen.","elevation":947,"beds":18,"source":"UT.no/DNT"}},{"type":"Feature","id":"dnthut-101372","geometry":{"type":"Point","coordinates":[7.361825,61.518764]},"properties":{"name":"Vigdalstøl","type":"Selvbetjent","description":"Vigdalstøl ble tatt i bruk som selvbetjeningshytte i 1961, og senere ble Li-Hans fjøsen innredet til sikringshytte.","elevation":765,"beds":10,"source":"UT.no/DNT"}},{"type":"Feature","id":"dnthut-101379","geometry":{"type":"Point","coordinates":[7.936172,61.401288]},"properties":{"name":"Stølsmaradalen","type":"Ubetjent","description":"Det er ikke så mange som har funnet denne lille perlen, så ofte har du hytta og landskapet i Stølsmaradalen helt for deg selv.","elevation":846,"beds":7,"source":"UT.no/DNT"}},{"type":"Feature","id":"dnthut-10375","geometry":{"type":"Point","coordinates":[6.73771,60.97939]},"properties":{"name":"Jashaugbu","type":"Ubetjent","description":"INNTIL VIDERE VIL VI IKKJE TA I MOT BESTILLINGER PÅ JASHAUGBU.","elevation":985,"beds":4,"source":"UT.no/DNT"}},{"type":"Feature","id":"dnthut-10506","geometry":{"type":"Point","coordinates":[9.93812,59.054553]},"properties":{"name":"Eikedalen","type":"Servering","description":"Eikedalen er et populært dagsturmål bare fem kilometer vest for Larvik.","elevation":52,"source":"UT.no/DNT"}},{"type":"Feature","id":"dnthut-10826","geometry":{"type":"Point","coordinates":[10.78547,60.262225]},"properties":{"name":"Snellingen","type":"Ubetjent","description":"Snellingen ligger flott til nord i Romeriksåsene og er et ypperlig utgangspunkt for å gå Romeriksåsene på langs videre mot Råbjørnhytta eller mot Jotunheimstien.","elevation":529,"beds":8,"source":"UT.no/DNT"}},{"type":"Feature","id":"dnthut-10543","geometry":{"type":"Point","coordinates":[7.667746,62.320983]},"properties":{"name":"Tjønnebu","type":"Ubetjent","description":"Beliggenhet Tjønnebu ligger ved Tjønnene øst for Valldal, i Reinheimen nasjonalpark .","elevation":982,"beds":8,"source":"UT.no/DNT"}},{"type":"Feature","id":"dnthut-10495","geometry":{"type":"Point","coordinates":[7.481911,60.183946]},"properties":{"name":"Sandhaug","type":"Betjent","description":"Oppdatering vår/vinter 2026: I år er det flere av vinterrutene på Hardangervidda som ikke blir kvistet.","elevation":1252,"beds":112,"source":"UT.no/DNT"}},{"type":"Feature","id":"dnthut-10199","geometry":{"type":"Point","coordinates":[9.32239,60.33871]},"properties":{"name":"Toveseter","type":"Ubetjent","description":"Toveseter er en nostalgisk gammel seter, og særpreget er beholdt innvendig i form av delvis originalt interiør.","elevation":973,"beds":13,"source":"UT.no/DNT"}},{"type":"Feature","id":"dnthut-10489","geometry":{"type":"Point","coordinates":[9.72559,59.514651]},"properties":{"name":"Ivarsbu","type":"Ubetjent","description":"En liten gåtur fra parkeringsplassen ved Vesle Stølevann, på blåmerket sti, ligger Ivarsbu ved Store Stølevann på Skrim i Kongsberg kommune.","elevation":612,"beds":32,"source":"UT.no/DNT"}},{"type":"Feature","id":"dnthut-10789","geometry":{"type":"Point","coordinates":[10.032726,59.883441]},"properties":{"name":"Svarvestolen","type":"Ubetjent","description":"Svarvestolen er en flott tømmerhytte som ligger i hjertet av Finnemarka.","elevation":438,"beds":8,"source":"UT.no/DNT"}},{"type":"Feature","id":"dnthut-10975","geometry":{"type":"Point","coordinates":[9.509225,62.862465]},"properties":{"name":"Jøldalshytta","type":"Betjent","description":"Jøldalshytta er en av de tre betjente turisthyttene i den populære turklassikeren \"Trekanten i Trollheimen\".","elevation":740,"beds":127,"source":"UT.no/DNT"}},{"type":"Feature","id":"dnthut-10356","geometry":{"type":"Point","coordinates":[6.364529,60.736824]},"properties":{"name":"Tvinnestølen","type":"Ubetjent","description":"Om Tvinnestølen I Vossafjella, rundt sju kilometer nord for Lønahorgi, finn du Tvinnestølen.","elevation":1052,"beds":17,"source":"UT.no/DNT"}},{"type":"Feature","id":"dnthut-101297","geometry":{"type":"Point","coordinates":[11.009495,59.850311]},"properties":{"name":"Stallen","type":"Ubetjent","description":"Stallen ligger like nord for Østmarka naturreservat, og har en helt fantastisk beliggenhet helt nede ved vannkanten til Røyrivann.","elevation":177,"beds":4,"source":"UT.no/DNT"}},{"type":"Feature","id":"dnthut-10778","geometry":{"type":"Point","coordinates":[10.591332,60.147595]},"properties":{"name":"Katnosdammen","type":"Ubetjent","description":"Katnosdammen er en tidligere damvokterbolig med fantastisk beliggenhet ved innsjøen Katnosa.","elevation":465,"beds":14,"source":"UT.no/DNT"}},{"type":"Feature","id":"dnthut-10686","geometry":{"type":"Point","coordinates":[8.175346,61.14035]},"properties":{"name":"Sulebu","type":"Selvbetjent","description":"Sulebu ble åpna i 1970, og er for mange et naturlig første overnattingssted på turen gjennom Skarvheimen.","elevation":1328,"beds":22,"source":"UT.no/DNT"}},{"type":"Feature","id":"dnthut-10945","geometry":{"type":"Point","coordinates":[6.247089,61.626767]},"properties":{"name":"Longevasshytta","type":"Selvbetjent","description":"Beliggenhet Hytta ligg inst ved Naustavassdraget, mellom Inste Longevatnet og Vassvendevatnet.","elevation":804,"beds":11,"source":"UT.no/DNT"}},{"type":"Feature","id":"dnthut-101114680","geometry":{"type":"Point","coordinates":[13.042307,64.583114]},"properties":{"name":"Finnkruhøtta","type":"Selvbetjent","description":"I perioden 9.","elevation":619,"beds":4,"source":"UT.no/DNT"}},{"type":"Feature","id":"dnthut-101295","geometry":{"type":"Point","coordinates":[10.93272,61.21899]},"properties":{"name":"Øyungshytta","type":"Selvbetjent","description":"Hytta holdes stengt i villreinens kalvingsperiode fra 2.","elevation":901,"beds":6,"source":"UT.no/DNT"}},{"type":"Feature","id":"dnthut-1087","geometry":{"type":"Point","coordinates":[7.415143,62.825448]},"properties":{"name":"Langdalsbu","type":"Servering","description":"Langdalsbu er DNT Romsdals lokale dagsturhytte, kun seks kilometer fra Skaret, Moldes populære skiutfartssted.","elevation":316,"source":"UT.no/DNT"}},{"type":"Feature","id":"dnthut-10877","geometry":{"type":"Point","coordinates":[8.160357,60.292732]},"properties":{"name":"Ulvelilægeret","type":"Nødbu","description":"Dette er en ubetjent hytte med svært enkel standard, og betraktes som nødbu.","elevation":1153,"beds":8,"source":"UT.no/DNT"}},{"type":"Feature","id":"dnthut-10623","geometry":{"type":"Point","coordinates":[10.030942,59.35771]},"properties":{"name":"Trollsvannstua","type":"Ubetjent","description":"Trollsvannstua, hovedhytta, leies kun ut til skoler/barnehager/organisasjoner/firmaer ol (ikke privatpersoner) mandag-fredag.","elevation":170,"beds":23,"source":"UT.no/DNT"}},{"type":"Feature","id":"dnthut-10775","geometry":{"type":"Point","coordinates":[10.840105,60.024659]},"properties":{"name":"Fjellvang","type":"Ubetjent","description":"Fjellvang er en lett tilgjengelig og hjemmekoselig hytte som ligger i nær tilknytning til Sinober Sportsstue og DNT hyttene Nydalshytta , Nydalsbua og Røverhula i Lillomarka.","elevation":405,"beds":14,"source":"UT.no/DNT"}},{"type":"Feature","id":"dnthut-101281","geometry":{"type":"Point","coordinates":[7.984052,58.086097]},"properties":{"name":"Gammeløya","type":"Ubetjent","description":"Sørlandsk kyststemning På Gammeløya kan du nyte skjærgårdslivet på en \"egen\" øy.","elevation":8,"beds":8,"bedsWinter":8,"source":"UT.no/DNT"}},{"type":"Feature","id":"dnthut-1016833","geometry":{"type":"Point","coordinates":[23.671118,70.690551]},"properties":{"name":"Storfjellhytta","type":"Dagsturhytte","description":"Dagturhytten på Storfjellet satt opp 2018 av Hammerfest og Omegn Turlag.","elevation":321,"source":"UT.no/DNT"}},{"type":"Feature","id":"dnthut-10668","geometry":{"type":"Point","coordinates":[10.4392,59.4189]},"properties":{"name":"Knudsrød","type":"Servering","description":"Knudsrød turisthytte er DNT Hortens hytte og ligger idyllisk til i Hortensmarka like øst for Borrevannet.","elevation":43,"beds":20,"source":"UT.no/DNT"}},{"type":"Feature","id":"dnthut-10262","geometry":{"type":"Point","coordinates":[9.976473,60.33861]},"properties":{"name":"Tjuenborgkoia","type":"Ubetjent","description":"Tjuenborgkoia ligger sør for Høgfjell, på fjellryggen Hestebrenna.","elevation":741,"beds":12,"source":"UT.no/DNT"}},{"type":"Feature","id":"dnthut-10514","geometry":{"type":"Point","coordinates":[10.714795,60.375876]},"properties":{"name":"Kjørestua på Sagvollen","type":"Ubetjent","description":"Prisen er 700 kroner per døgn, og minst en av dem som bruker hytta må være DNT-medlem.","elevation":550,"beds":8,"source":"UT.no/DNT"}},{"type":"Feature","id":"dnthut-101369","geometry":{"type":"Point","coordinates":[9.595055,61.242572]},"properties":{"name":"Liomseter","type":"Betjent","description":"Vakkert beliggende på setervollen er denne flotte hytta midtpunktet i Langsua.","elevation":916,"beds":51,"source":"UT.no/DNT"}},{"type":"Feature","id":"dnthut-10963","geometry":{"type":"Point","coordinates":[13.829807,66.694143]},"properties":{"name":"Tåkeheimen","type":"Ubetjent","description":"«Institutt for uhensiktsmessig vær» Tåkeheimen ligger ved foten av Helgelandsbukken på vestsida av Svartisen innenfor Saltfjellet-Svartisen nasjonalpark.","elevation":1070,"beds":17,"source":"UT.no/DNT"}},{"type":"Feature","id":"dnthut-101364","geometry":{"type":"Point","coordinates":[16.43766,68.772033]},"properties":{"name":"Grønnkollen","type":"Ubetjent","description":"Grønnkollen er første hytta i løypenettet Hinnøya på tvers når du starter fra Harstad.","elevation":225,"beds":6,"source":"UT.no/DNT"}},{"type":"Feature","id":"dnthut-101210144","geometry":{"type":"Point","coordinates":[10.225461,59.534971]},"properties":{"name":"Tyristua","type":"Ubetjent","description":"Tyristua er Holmestrand og Omegn Turistforenings nyeste hytte og ligger vakkert til i Botnemarka.","elevation":285,"beds":12,"source":"UT.no/DNT"}},{"type":"Feature","id":"dnthut-10551","geometry":{"type":"Point","coordinates":[8.276459,63.210978]},"properties":{"name":"Imarbu","type":"Selvbetjent","description":"Booking og betaling for overnatting og proviant: Det er nå mulig å booke/reservere seng på våre hytter.","elevation":5,"beds":35,"source":"UT.no/DNT"}},{"type":"Feature","id":"dnthut-101224","geometry":{"type":"Point","coordinates":[10.014496,59.071207]},"properties":{"name":"Padlehytta","type":"Servering","description":"Padlehytta er en dagsturhytte som drives av Larvik og Omegns Turistforening.","elevation":25,"source":"UT.no/DNT"}},{"type":"Feature","id":"dnthut-10129","geometry":{"type":"Point","coordinates":[13.235209,65.503071]},"properties":{"name":"Stavassætra","type":"Ubetjent","description":"Dette er en liten tømmerhytte som Brurskanken Turlag leier av Statskog.","elevation":366,"beds":2,"source":"UT.no/DNT"}},{"type":"Feature","id":"dnthut-10914","geometry":{"type":"Point","coordinates":[5.54023,61.732642]},"properties":{"name":"Blåbrebu","type":"Ubetjent","description":"Velkommen til Blåbrebu!","elevation":803,"beds":14,"source":"UT.no/DNT"}},{"type":"Feature","id":"dnthut-10923","geometry":{"type":"Point","coordinates":[7.849603,61.358744]},"properties":{"name":"Gravdalen","type":"Ubetjent","description":"Beliggenhet På den idylliske stølen Gravdalen i Årdal finn du dei tre sela til Årdal Turlag.","elevation":837,"beds":12,"source":"UT.no/DNT"}},{"type":"Feature","id":"dnthut-101097","geometry":{"type":"Point","coordinates":[10.32393,60.02018]},"properties":{"name":"Jørgenhytta","type":"Ubetjent","description":"Jørgenhytta er en fin tømmerkoie som ligger midt på Krokskogen, ikke langt fra Sørsetra.","elevation":430,"beds":8,"source":"UT.no/DNT"}},{"type":"Feature","id":"dnthut-10890","geometry":{"type":"Point","coordinates":[8.79314,58.41072]},"properties":{"name":"Lille Torungen fyr","type":"Dagsturhytte","description":"Introduksjon: Tenk å sitte i toppen av et fyrtårn og se utover havet.","elevation":5,"source":"UT.no/DNT"}},{"type":"Feature","id":"dnthut-101005","geometry":{"type":"Point","coordinates":[10.039934,59.388865]},"properties":{"name":"Hoggerstua","type":"Ubetjent","description":"Hoggerstua på Lindsverkseter ligger flott til på et stort åpent tun i hjertet av Vestfoldmarka.","elevation":331,"beds":11,"source":"UT.no/DNT"}},{"type":"Feature","id":"dnthut-10966664","geometry":{"type":"Point","coordinates":[10.496613,60.522298]},"properties":{"name":"Gulsjøhytta","type":"Ubetjent","description":"Prisen er 700 kroner per døgn, og minst en av dem som bruker hytta må være DNT-medlem.","elevation":414,"beds":8,"source":"UT.no/DNT"}},{"type":"Feature","id":"dnthut-10828","geometry":{"type":"Point","coordinates":[9.642504,59.520611]},"properties":{"name":"Styggemannshytta","type":"Ubetjent","description":"Styggemannshytta er vår unike hytte på toppen av Skrim - en liten perle som det virkelig er verdt å ta en overnatting på.","elevation":843,"beds":2,"source":"UT.no/DNT"}},{"type":"Feature","id":"dnthut-10707","geometry":{"type":"Point","coordinates":[19.49003,69.73701]},"properties":{"name":"Trollvassbu","type":"Ubetjent","description":"NB!","elevation":272,"beds":16,"source":"UT.no/DNT"}},{"type":"Feature","id":"dnthut-101135046","geometry":{"type":"Point","coordinates":[11.505224,59.110472]},"properties":{"name":"Ertekroken","type":"Ubetjent","description":"Ertekroken ligger sentralt plassert i det populære turområdet Ertemarka, øst for Halden sentrum.","elevation":189,"beds":5,"source":"UT.no/DNT"}},{"type":"Feature","id":"dnthut-101356","geometry":{"type":"Point","coordinates":[7.859859,61.455662]},"properties":{"name":"Skagastølsbu - Hytta på Bandet","type":"Nødbu","description":"Skagastølsbu er ei nødbu for alle som er på tur i området.","elevation":1757,"source":"UT.no/DNT"}},{"type":"Feature","id":"dnthut-101117","geometry":{"type":"Point","coordinates":[7.294515,59.183276]},"properties":{"name":"Bossbu","type":"Selvbetjent","description":"Fra Bossbu tilbys den flotteste solnedgangen fra ei hytte i Setesdalsheiene.","elevation":1026,"beds":26,"source":"UT.no/DNT"}},{"type":"Feature","id":"dnthut-101355","geometry":{"type":"Point","coordinates":[25.587562,71.029185]},"properties":{"name":"Vannfjordhytta","type":"Nødbu","description":"Plassert på 71.","elevation":215,"source":"UT.no/DNT"}},{"type":"Feature","id":"dnthut-10258","geometry":{"type":"Point","coordinates":[9.460556,60.293166]},"properties":{"name":"Høgevarde gamle","type":"Ubetjent","description":"Hytta ligger fantastisk til på Norefjellryggen med formidabel utsikt.","elevation":1397,"beds":23,"source":"UT.no/DNT"}},{"type":"Feature","id":"dnthut-101171182","geometry":{"type":"Point","coordinates":[10.562285,59.950286]},"properties":{"name":"Gapahuk - Sæteren Gård","type":"Ubetjent","description":"Se oversikt over alle overnattingsmulighetene på Sæteren Gård her.","elevation":181,"beds":20,"source":"UT.no/DNT"}},{"type":"Feature","id":"dnthut-10607","geometry":{"type":"Point","coordinates":[10.916774,61.155164]},"properties":{"name":"Åkersætra leirsted","type":"Ubetjent","description":"Åkersætra leirsted er ei gruppeutleiehytte, og man bestiller og betaler for hele leirstedet her.","elevation":665,"beds":40,"source":"UT.no/DNT"}},{"type":"Feature","id":"dnthut-101023","geometry":{"type":"Point","coordinates":[15.046288,66.84944]},"properties":{"name":"Bjellåvasstua","type":"Ubetjent","description":"Bjellåvasstua er, ved siden av Lønsstua, DNT Bodø og Omegn mest populære fjellhytte.","elevation":715,"beds":25,"source":"UT.no/DNT"}},{"type":"Feature","id":"dnthut-101175709","geometry":{"type":"Point","coordinates":[12.050296,63.595345]},"properties":{"name":"Sulsjøhytta","type":"Selvbetjent","description":"NB!","elevation":611,"beds":8,"bedsWinter":8,"source":"UT.no/DNT"}},{"type":"Feature","id":"dnthut-10128","geometry":{"type":"Point","coordinates":[13.543743,65.7607]},"properties":{"name":"Klubbfjelltjørnhytta","type":"Ubetjent","description":"Dette er en enkel tømmerhytte som Brurskanken Turlag leier av Statskog.","elevation":440,"beds":4,"source":"UT.no/DNT"}},{"type":"Feature","id":"dnthut-101317708","geometry":{"type":"Point","coordinates":[10.451105,59.445641]},"properties":{"name":"Løvøyhytta","type":"Ubetjent","description":"Løvøyhytta ble DNT Hortens nyeste hyttetilskudd i 2024, og er en kysthytte beliggende idyllisk til på Løvøya på Indre havn i Horten.","elevation":7,"beds":14,"source":"UT.no/DNT"}},{"type":"Feature","id":"dnthut-101388","geometry":{"type":"Point","coordinates":[17.593025,68.058775]},"properties":{"name":"Skoaddejávre","type":"Ubetjent","description":"Skoaddejávre ligger midt i Narvikfjellene langs Nordkalottruta, E1 og Grensesømmen.","elevation":1005,"beds":12,"source":"UT.no/DNT"}},{"type":"Feature","id":"dnthut-10214","geometry":{"type":"Point","coordinates":[6.347794,60.076673]},"properties":{"name":"Fonnabu turisthytte","type":"Selvbetjent","description":"Fonnabu turisthytte - storstua ved Folgefonna.","elevation":1443,"beds":44,"source":"UT.no/DNT"}},{"type":"Feature","id":"dnthut-10352","geometry":{"type":"Point","coordinates":[11.737266,59.052211]},"properties":{"name":"Budalsvika","type":"Ubetjent","description":"Kun ti meter fra Svenskegrensa finner du DNT Halden og omegns ubetjente hytte Budalsvika.","elevation":169,"beds":15,"source":"UT.no/DNT"}},{"type":"Feature","id":"dnthut-101322","geometry":{"type":"Point","coordinates":[6.631173,59.041323]},"properties":{"name":"Kjerag nødbu","type":"Nødbu","description":"Kjerag nødbu ligger på stien mellom parkeringsplassen ved Øygardsstøl og turistattraksjonen Kjeragbolten.","elevation":867,"source":"UT.no/DNT"}},{"type":"Feature","id":"dnthut-101044","geometry":{"type":"Point","coordinates":[6.565155,59.1809]},"properties":{"name":"Stakken","type":"Selvbetjent","description":"Turisthytta Stakken i Hjelmelandsheiene er et eldorado for fiskeentusiaster og bærplukkere!","elevation":761,"beds":21,"source":"UT.no/DNT"}},{"type":"Feature","id":"dnthut-10455","geometry":{"type":"Point","coordinates":[9.792951,59.433734]},"properties":{"name":"Presteseter","type":"Ubetjent","description":"På Presteseter er det både muligheter for leie av hovedhytta og ubetjent overnatting i Kvarteret (låst med standard DNT-lås).","elevation":450,"beds":26,"source":"UT.no/DNT"}},{"type":"Feature","id":"dnthut-10222","geometry":{"type":"Point","coordinates":[10.626108,60.804246]},"properties":{"name":"Fogdehytta","type":"Ubetjent","description":"Overnatting forhåndsbestilles.","elevation":378,"beds":4,"source":"UT.no/DNT"}},{"type":"Feature","id":"dnthut-10510","geometry":{"type":"Point","coordinates":[9.468571,60.495785]},"properties":{"name":"Vassfarkoia","type":"Ubetjent","description":"Nye Vassfarkoia ble åpnet våren 2022 etter at den gamle brant i 2018.","elevation":809,"beds":20,"source":"UT.no/DNT"}},{"type":"Feature","id":"dnthut-10760","geometry":{"type":"Point","coordinates":[6.442937,60.096062]},"properties":{"name":"Holmaskjer turisthytte","type":"Selvbetjent","description":"Holmaskjer - hytta som stiger opp fra Folgefonna, på et skjær i breen.","elevation":1561,"beds":14,"source":"UT.no/DNT"}},{"type":"Feature","id":"dnthut-10737","geometry":{"type":"Point","coordinates":[5.924717,60.534866]},"properties":{"name":"Høgabu","type":"Selvbetjent","description":"Høgabu - tradisjonsrik DNT-hytte fra 1937.","elevation":905,"beds":25,"source":"UT.no/DNT"}},{"type":"Feature","id":"dnthut-10389","geometry":{"type":"Point","coordinates":[19.487142,68.672318]},"properties":{"name":"Vuomahytta","type":"Ubetjent","description":"NB!","elevation":725,"beds":27,"source":"UT.no/DNT"}},{"type":"Feature","id":"dnthut-10454","geometry":{"type":"Point","coordinates":[5.995638,61.014772]},"properties":{"name":"Norddalshytten","type":"Selvbetjent","description":"Norddalshytten - selvbetjent hytte beliggende i barskt høyfjellsterreng vest i Stølsheimen.","elevation":1004,"beds":20,"source":"UT.no/DNT"}},{"type":"Feature","id":"dnthut-10517","geometry":{"type":"Point","coordinates":[9.523547,59.540553]},"properties":{"name":"Sveinsbu","type":"Ubetjent","description":"Velkommen til Sveinsbu!","elevation":690,"beds":12,"source":"UT.no/DNT"}},{"type":"Feature","id":"dnthut-10254","geometry":{"type":"Point","coordinates":[6.325512,61.022984]},"properties":{"name":"Vatnane turisthytte","type":"Ubetjent","description":"Vatnane turisthytte - omkranset av Sognefjorden og Stølsheimen er et nydelig stykke Vestland.","elevation":897,"beds":6,"source":"UT.no/DNT"}},{"type":"Feature","id":"dnthut-101365","geometry":{"type":"Point","coordinates":[7.801763,60.131519]},"properties":{"name":"Lågaros","type":"Selvbetjent","description":"Lågaros ligger i krysningspunktet for flere merkede ruter på Hardangervidda, og er et fint mål for en første etappe om du tar turen fra Møsvatn og innover på vidda.","elevation":1288,"beds":38,"source":"UT.no/DNT"}},{"type":"Feature","id":"dnthut-101065","geometry":{"type":"Point","coordinates":[8.655687,59.850415]},"properties":{"name":"Gaustatoppen Turisthytte","type":"Betjent","description":"Turisthytta oppunder himmelbrynet er stedet der fjellfolk møtes!","elevation":1834,"beds":11,"source":"UT.no/DNT"}},{"type":"Feature","id":"dnthut-1099","geometry":{"type":"Point","coordinates":[8.433688,63.218515]},"properties":{"name":"Nersetra","type":"Selvbetjent","description":"Booking og betaling for overnatting og proviant: Det er nå mulig å booke/reservere seng på våre hytter.","elevation":182,"beds":16,"source":"UT.no/DNT"}},{"type":"Feature","id":"dnthut-10266","geometry":{"type":"Point","coordinates":[17.131517,68.050801]},"properties":{"name":"Baugebua","type":"Nødbu","description":"Ny bu ble oppført i 2016 ved østsiden av Baugeelva.","elevation":780,"beds":2,"source":"UT.no/DNT"}},{"type":"Feature","id":"dnthut-10956","geometry":{"type":"Point","coordinates":[17.997667,68.293694]},"properties":{"name":"Oallavagge","type":"Ubetjent","description":"Oallavagge er ei rastebu med overnattingsmuligheter.","elevation":858,"beds":4,"source":"UT.no/DNT"}},{"type":"Feature","id":"dnthut-101291037","geometry":{"type":"Point","coordinates":[9.218232,58.70866]},"properties":{"name":"Randvik Kystledhytte","type":"Ubetjent","description":"Introduksjon: Randvik Kystledhytte er sørlandsidyll på sitt beste.","elevation":8,"beds":24,"source":"UT.no/DNT"}},{"type":"Feature","id":"dnthut-10796","geometry":{"type":"Point","coordinates":[8.901518,62.443958]},"properties":{"name":"Grøvudalshytta","type":"Selvbetjent","description":"Booking og betaling for overnatting og proviant: Det er nå mulig å booke/reservere seng på våre hytter.","elevation":843,"beds":41,"bedsWinter":9,"source":"UT.no/DNT"}},{"type":"Feature","id":"dnthut-101170965","geometry":{"type":"Point","coordinates":[10.559165,59.951473]},"properties":{"name":"Knoll - Sæteren Gård","type":"Ubetjent","description":"Se oversikt over alle overnattingsmulighetene på Sæteren Gård her.","elevation":180,"beds":4,"source":"UT.no/DNT"}},{"type":"Feature","id":"dnthut-10966","geometry":{"type":"Point","coordinates":[9.420351,62.698538]},"properties":{"name":"Gjevilvasshytta","type":"Betjent","description":"Gjevilvasshytta - Norges fineste hytte Gjevilvasshytta ligger i en av landets vakreste seterdaler ved en av inngangene til Trollheimen, og ble i 2020 kåret av folket til DNTs fineste betjente hytte i Norge .","elevation":717,"beds":74,"source":"UT.no/DNT"}},{"type":"Feature","id":"dnthut-10821","geometry":{"type":"Point","coordinates":[7.47121,58.961122]},"properties":{"name":"Tjønndalen","type":"Ubetjent","description":"Dette er hytte på gamlemåten!","elevation":700,"beds":6,"source":"UT.no/DNT"}},{"type":"Feature","id":"dnthut-101366","geometry":{"type":"Point","coordinates":[17.233198,68.56353]},"properties":{"name":"Skoddeberghytta","type":"Ubetjent","description":"Skoddeberghytta ligger vakkert til like sør for Skoddebergvannet ikke langt fra Veggfjellet.","elevation":103,"beds":10,"source":"UT.no/DNT"}},{"type":"Feature","id":"dnthut-10746","geometry":{"type":"Point","coordinates":[7.890285,60.023077]},"properties":{"name":"Mogen Turisthytte","type":"Betjent","description":"Velkommen til Mogen Turisthytte - ved foten av Hardangervidda!","elevation":937,"beds":48,"source":"UT.no/DNT"}},{"type":"Feature","id":"dnthut-101133","geometry":{"type":"Point","coordinates":[5.79912,58.884263]},"properties":{"name":"Gramstadtunet","type":"Ubetjent","description":"På Gramstad starter mang en søndagstur for folk på Nord-Jæren.","elevation":167,"beds":12,"source":"UT.no/DNT"}},{"type":"Feature","id":"dnthut-101291","geometry":{"type":"Point","coordinates":[12.38458,63.78391]},"properties":{"name":"Veresstua","type":"Selvbetjent","description":"Ei perle i nærheten av innfallsporten til Blåfjella-Skjækerfjella nasjonalprak.","elevation":387,"beds":10,"source":"UT.no/DNT"}},{"type":"Feature","id":"dnthut-10880","geometry":{"type":"Point","coordinates":[9.700215,59.099834]},"properties":{"name":"Mule Varde Turisthytte","type":"Ubetjent","description":"Mule Varde er en kystledhytte ved vakre Eidangerfjorden, som drives av DNT Telemark på vegne av Porsgrunn kommune.","elevation":10,"beds":6,"source":"UT.no/DNT"}},{"type":"Feature","id":"dnthut-101196","geometry":{"type":"Point","coordinates":[11.238109,60.983721]},"properties":{"name":"Målia Stouslandhytta","type":"Ubetjent","description":"Målia Stouslandhytta er ei gruppeutleiehytte, hvor man booker og betaler for hele hytta.","elevation":730,"beds":20,"source":"UT.no/DNT"}},{"type":"Feature","id":"dnthut-1015390","geometry":{"type":"Point","coordinates":[11.061329,59.889153]},"properties":{"name":"Huldreheim","type":"Ubetjent","description":"Flott familievennlig hytte i Østmarka.","elevation":270,"beds":8,"source":"UT.no/DNT"}},{"type":"Feature","id":"dnthut-10544","geometry":{"type":"Point","coordinates":[7.528339,62.105177]},"properties":{"name":"Danskehytta","type":"Selvbetjent","description":"Beliggenhet Sør i Tafjordfjella ligger Danskehytta som består av hovedhytte, sikringsbu, utedo og hus for hund og hundeeier.","elevation":1450,"beds":26,"source":"UT.no/DNT"}},{"type":"Feature","id":"dnthut-10715","geometry":{"type":"Point","coordinates":[8.516921,61.309367]},"properties":{"name":"Yksendalsbu","type":"Selvbetjent","description":"Yksendalsbu ligger i den grønne og frodige Yksendalen, sørøst for Fondsbu og Eidsbugarden.","elevation":1051,"beds":18,"source":"UT.no/DNT"}},{"type":"Feature","id":"dnthut-10570","geometry":{"type":"Point","coordinates":[14.100103,66.007572]},"properties":{"name":"Steinbua","type":"Stengt","description":"OBS!","elevation":907,"source":"UT.no/DNT"}},{"type":"Feature","id":"dnthut-10782","geometry":{"type":"Point","coordinates":[10.42601,60.05545]},"properties":{"name":"Presthytta","type":"Ubetjent","description":"Presthytta er en koselig, solrik og liten tømmerkoia på Krokskogen.","elevation":418,"beds":4,"source":"UT.no/DNT"}},{"type":"Feature","id":"dnthut-10667","geometry":{"type":"Point","coordinates":[17.530134,68.443596]},"properties":{"name":"Funnhytta","type":"Dagsturhytte","description":"Funnhytta er ei dagsturhytte som ligger i det populære turområdet Tøttadalen i Narvik.","elevation":330,"source":"UT.no/DNT"}},{"type":"Feature","id":"dnthut-101027","geometry":{"type":"Point","coordinates":[6.983981,59.626063]},"properties":{"name":"Bleskestadmoen","type":"Selvbetjent","description":"Bleskestadmoen - en hytte med sjel på en vakker stølsvoll omkranset av fjellbjørkeskog og snaufjell.","elevation":708,"beds":28,"source":"UT.no/DNT"}},{"type":"Feature","id":"dnthut-10709","geometry":{"type":"Point","coordinates":[10.33304,59.52309]},"properties":{"name":"Veslekillingen","type":"Ubetjent","description":"Veslekillingen er et riktig sommerparadis i Sandebukta med overnatting for 12 personer fordelt på to leiligheter, stor uteplass og muligheter for bading, padling, roturer til naboøyer og fiske.","elevation":17,"beds":12,"source":"UT.no/DNT"}},{"type":"Feature","id":"dnthut-10627","geometry":{"type":"Point","coordinates":[8.369636,60.068651]},"properties":{"name":"Kalhovd turisthytte","type":"Betjent","description":"Velkommen til Kalhovd turisthytte; samlingsstedet sørøst på Hardangervidda!","elevation":1098,"beds":95,"source":"UT.no/DNT"}},{"type":"Feature","id":"dnthut-101193","geometry":{"type":"Point","coordinates":[9.23295,61.276836]},"properties":{"name":"Storeskag","type":"Selvbetjent","description":"Storeskag er et bra utgangspunkt for alle som vil inn i Langsua fra de vestlige områdene.","elevation":1125,"beds":19,"source":"UT.no/DNT"}},{"type":"Feature","id":"dnthut-10580","geometry":{"type":"Point","coordinates":[8.29731,61.37521]},"properties":{"name":"Fondsbu","type":"Betjent","description":"Fondsbu ligger midt i den sørlige delen av Jotunheimen på den vakre Eidsbugarden ved Bygdin.","elevation":1061,"beds":100,"source":"UT.no/DNT"}},{"type":"Feature","id":"dnthut-101317702","geometry":{"type":"Point","coordinates":[6.492726,59.768196]},"properties":{"name":"Austmannabu - åpner i 2026","type":"Selvbetjent","description":"Haugesund Turistforening åpner denne hytta i 2026.","elevation":584,"beds":6,"source":"UT.no/DNT"}},{"type":"Feature","id":"dnthut-101367","geometry":{"type":"Point","coordinates":[12.261358,63.682812]},"properties":{"name":"Bellingstua","type":"Selvbetjent","description":"Fin og tilrettelagt hytte i Verdalsfjellet BELIGGENHET Bellingstua ligger i Sandvika i Verdal langs den merks løypa mot Vera og kun 300 meter fra bilveg.","elevation":502,"beds":8,"source":"UT.no/DNT"}},{"type":"Feature","id":"dnthut-101097025","geometry":{"type":"Point","coordinates":[10.082859,59.800665]},"properties":{"name":"Damslett","type":"Ubetjent","description":"Helt sør i Finnemarka ved vannet Nerdammen ligger denne perlen av en DNT- hytte.","elevation":436,"beds":6,"source":"UT.no/DNT"}},{"type":"Feature","id":"dnthut-10136374","geometry":{"type":"Point","coordinates":[10.729024,59.7374]},"properties":{"name":"Breivoll Gård","type":"Betjent","description":"Idylliske Breivoll Gård ligger ved Bunnefjorden i Ås kommune, 30 minutter fra Oslo.","elevation":13,"beds":28,"source":"UT.no/DNT"}},{"type":"Feature","id":"dnthut-10954","geometry":{"type":"Point","coordinates":[15.972248,68.565045]},"properties":{"name":"Toralfsbu","type":"Ubetjent","description":"Toralfsbu med totalt 23 sengeplasser, ligger i et fantastisk fjellområde i hjertet av Hinnøya og inngår i vårt anbefalte turforslag, Trekanten på Hinnøya .","elevation":405,"beds":23,"source":"UT.no/DNT"}},{"type":"Feature","id":"dnthut-10108","geometry":{"type":"Point","coordinates":[13.304249,66.327624]},"properties":{"name":"Tortenkøta","type":"Nødbu","description":"BELIGGENHET Tortenkøta er et populært og lett tilgjengelig dagsturmål ved Flostrand, ikke langt fra Kystriksveien (RV17) langs fjorden Sjona i Rana kommune.","elevation":137,"source":"UT.no/DNT"}},{"type":"Feature","id":"dnthut-10843","geometry":{"type":"Point","coordinates":[9.760686,59.049716]},"properties":{"name":"Sildevika","type":"Ubetjent","description":"Sildevika er ei idyllisk kystledhytte med flott beliggenhet på fastlandet ved Ormerfjorden, cirka 1 mil sør-sørøst for Porsgrunn.","elevation":6,"beds":10,"source":"UT.no/DNT"}},{"type":"Feature","id":"dnthut-10566","geometry":{"type":"Point","coordinates":[8.389801,63.038967]},"properties":{"name":"Jutulbu","type":"Selvbetjent","description":"Booking og betaling for overnatting og proviant: Det er nå mulig å booke/reservere seng på våre hytter.","elevation":401,"beds":19,"source":"UT.no/DNT"}},{"type":"Feature","id":"dnthut-101045","geometry":{"type":"Point","coordinates":[6.909608,59.280206]},"properties":{"name":"Storsteinen","type":"Selvbetjent","description":"Hytta på Storsteinen ligger i et av de aller viktigste områdene for villreinen.","elevation":940,"beds":34,"source":"UT.no/DNT"}},{"type":"Feature","id":"dnthut-101052","geometry":{"type":"Point","coordinates":[6.450871,59.159072]},"properties":{"name":"Viglesdalen","type":"Ubetjent","description":"I Viglesdalen kan du overnatte i to av de flotte hyttene mellom mektige og ville fjellsider!","elevation":418,"beds":62,"source":"UT.no/DNT"}},{"type":"Feature","id":"dnthut-101032","geometry":{"type":"Point","coordinates":[6.622517,59.231215]},"properties":{"name":"Grasdalen","type":"Ubetjent","description":"Grasdalen turisthytte - sentralt i Hjelmelandsheiene og en fin mellomstasjon mellom Stakken og Melands Grønahei.","elevation":633,"beds":10,"source":"UT.no/DNT"}},{"type":"Feature","id":"dnthut-101103575","geometry":{"type":"Point","coordinates":[5.251508,59.413336]},"properties":{"name":"Villa Vibrandsøy","type":"Ubetjent","description":"Villa Vibrandsøy er opprinnelig et hus fra 1875.","elevation":5,"beds":28,"source":"UT.no/DNT"}},{"type":"Feature","id":"dnthut-10462","geometry":{"type":"Point","coordinates":[9.341318,62.540104]},"properties":{"name":"Dindalshytta","type":"Selvbetjent","description":"Denne hytta er for mange en ukjent perle.","elevation":853,"beds":13,"source":"UT.no/DNT"}},{"type":"Feature","id":"dnthut-101147","geometry":{"type":"Point","coordinates":[9.197452,62.359245]},"properties":{"name":"Åmotdalshytta","type":"Selvbetjent","description":"Lokal løypemelding/tavle for Åmotdalshytta: Viktig melding 1: Hytta har fått store skader som følge av ekstremværet \"Amy\".","elevation":1302,"beds":34,"source":"UT.no/DNT"}},{"type":"Feature","id":"dnthut-10866658","geometry":{"type":"Point","coordinates":[7.4292,62.172794]},"properties":{"name":"Kaldhusseter utleiehytte","type":"Ubetjent","description":"Kaldhusseter ligger i Tafjord ved nordenden av det regulerte Kaldhussætervatnet.","elevation":602,"beds":33,"source":"UT.no/DNT"}},{"type":"Feature","id":"dnthut-10636","geometry":{"type":"Point","coordinates":[7.215073,59.982895]},"properties":{"name":"Hellevassbu","type":"Selvbetjent","description":"En av vestviddas mest brukte innfallsporter er den T-merka ruta Haukeliseter - Hellevassbu - Litlos.","elevation":1165,"beds":24,"source":"UT.no/DNT"}},{"type":"Feature","id":"dnthut-10881073","geometry":{"type":"Point","coordinates":[5.226836,59.525931]},"properties":{"name":"Flokehyttene","type":"Ubetjent","description":"Opplev havet og naturen fra Flokehyttene.","elevation":13,"beds":30,"source":"UT.no/DNT"}},{"type":"Feature","id":"dnthut-101382","geometry":{"type":"Point","coordinates":[6.4186,60.5914]},"properties":{"name":"Rosethytta","type":"Ubetjent","description":"Om Rosethytta Hytta er kun ope i sommarhalvåret, dvs frå 15.","elevation":672,"beds":10,"source":"UT.no/DNT"}},{"type":"Feature","id":"dnthut-101035","geometry":{"type":"Point","coordinates":[7.039727,59.238807]},"properties":{"name":"Kringlevatn","type":"Selvbetjent","description":"Kringlevatn - frodig, grønt og et godt sted å være, langs en av de viktigste ferdselsveiene mellom Setesdal og Lysebotn.","elevation":949,"beds":28,"source":"UT.no/DNT"}},{"type":"Feature","id":"dnthut-10944","geometry":{"type":"Point","coordinates":[7.984247,62.630573]},"properties":{"name":"Vasstindbu","type":"Ubetjent","description":"OBS!","elevation":1189,"beds":10,"source":"UT.no/DNT"}},{"type":"Feature","id":"dnthut-10428","geometry":{"type":"Point","coordinates":[6.242317,60.562146]},"properties":{"name":"Torfinnsheim","type":"Ubetjent","description":"Om Torfinnsheim Torfinnsheim er ei ubetjent hytte som er ope heile året.","elevation":892,"beds":28,"source":"UT.no/DNT"}},{"type":"Feature","id":"dnthut-10776","geometry":{"type":"Point","coordinates":[10.35767,59.845924]},"properties":{"name":"Hovdehytta","type":"Ubetjent","description":"DNT Oslo og Omegns påstand: Fra Hovdehytta har man Vestmarkas beste utsikt.","elevation":450,"beds":8,"source":"UT.no/DNT"}},{"type":"Feature","id":"dnthut-10221","geometry":{"type":"Point","coordinates":[10.847988,60.570729]},"properties":{"name":"Vesterås","type":"Ubetjent","description":"Overnatting må forhåndsbestilles.","elevation":499,"beds":4,"source":"UT.no/DNT"}},{"type":"Feature","id":"dnthut-101220","geometry":{"type":"Point","coordinates":[7.143098,62.747935]},"properties":{"name":"Nye Storlihytta","type":"Servering","description":"Besøk www.","elevation":270,"beds":22,"bedsWinter":22,"source":"UT.no/DNT"}},{"type":"Feature","id":"dnthut-101201819","geometry":{"type":"Point","coordinates":[12.460192,60.184153]},"properties":{"name":"Abborhøgda","type":"Ubetjent","description":"Er du interessert i både natur og kultur kan et besøk på Abborhøgda være noe for deg.","elevation":321,"beds":8,"source":"UT.no/DNT"}},{"type":"Feature","id":"dnthut-10345","geometry":{"type":"Point","coordinates":[4.830009,61.113982]},"properties":{"name":"Råkeneset","type":"Ubetjent","description":"Beliggenhet Råkeneset er ei av DNTs vestligaste hytter og er ein gammal husmansplass som ligg på Råke nord om Hardbakke i Solund kommune.","elevation":8,"beds":8,"source":"UT.no/DNT"}},{"type":"Feature","id":"dnthut-101385","geometry":{"type":"Point","coordinates":[8.171031,60.186489]},"properties":{"name":"Mårbu selvbetjent","type":"Selvbetjent","description":"NB!","elevation":1125,"beds":29,"bedsWinter":29,"source":"UT.no/DNT"}},{"type":"Feature","id":"dnthut-101285","geometry":{"type":"Point","coordinates":[5.249579,61.752315]},"properties":{"name":"Moldahytta","type":"Ubetjent","description":"Beliggenhet Moldahytta ligg på 382 moh.","elevation":377,"beds":10,"source":"UT.no/DNT"}},{"type":"Feature","id":"dnthut-10973113","geometry":{"type":"Point","coordinates":[9.231,58.94535]},"properties":{"name":"Skarpenæring","type":"Ubetjent","description":"Opplev roen ved vannkanten på Skarpenæring Drømmer du om en stille stund ved et skogsvann, langt fra hverdagens støy?","elevation":229,"beds":2,"source":"UT.no/DNT"}},{"type":"Feature","id":"dnthut-10756","geometry":{"type":"Point","coordinates":[10.880003,59.530281]},"properties":{"name":"Askerødhytta","type":"Dagsturhytte","description":".","elevation":80,"source":"UT.no/DNT"}},{"type":"Feature","id":"dnthut-101114","geometry":{"type":"Point","coordinates":[20.254735,69.053178]},"properties":{"name":"Gappohytta","type":"Ubetjent","description":"OBS!","elevation":701,"beds":24,"source":"UT.no/DNT"}},{"type":"Feature","id":"dnthut-1084","geometry":{"type":"Point","coordinates":[9.866229,62.767731]},"properties":{"name":"Hevertjønna","type":"Nødbu","description":"Hytta er et laftet sælehus etter forbilde fra middelalderen.","elevation":928,"source":"UT.no/DNT"}},{"type":"Feature","id":"dnthut-101361","geometry":{"type":"Point","coordinates":[6.678106,59.798414]},"properties":{"name":"Øvre Sandvatnhytta","type":"Selvbetjent","description":"Øvre Sandvatnhytta er en selvbetjent hytte som ligger over 1000 moh i området mellom Sauda og Røldal.","elevation":1019,"beds":10,"source":"UT.no/DNT"}},{"type":"Feature","id":"dnthut-1093","geometry":{"type":"Point","coordinates":[14.750823,66.186832]},"properties":{"name":"Sauvasshytta","type":"Ubetjent","description":"BELIGGENHET Sauvasshytta ligger langt øst i Rana kommune, ikke så langt fra grensen til Sverige.","elevation":965,"beds":9,"source":"UT.no/DNT"}},{"type":"Feature","id":"dnthut-10893","geometry":{"type":"Point","coordinates":[5.586491,62.413768]},"properties":{"name":"Runde fyr","type":"Selvbetjent","description":"På Runde fyr er det spennende å være, uansett om det er solskinn eller vind og regn.","elevation":13,"beds":24,"source":"UT.no/DNT"}},{"type":"Feature","id":"dnthut-10503","geometry":{"type":"Point","coordinates":[9.370429,61.260523]},"properties":{"name":"Haldorbu","type":"Selvbetjent","description":"Haldorbu er opprinnelig ei gammel gjeterbu som har blitt restaurert og ominnredet til selvbetjeningshytte.","elevation":1026,"beds":15,"source":"UT.no/DNT"}},{"type":"Feature","id":"dnthut-10908402","geometry":{"type":"Point","coordinates":[8.01428,61.463156]},"properties":{"name":"Skogadalsbøen Selvbetjent","type":"Selvbetjent","description":"Dette er Skogadalsbøen sitt selvbetjente kvarter.","elevation":833,"beds":25,"source":"UT.no/DNT"}},{"type":"Feature","id":"dnthut-10788","geometry":{"type":"Point","coordinates":[10.495902,60.169134]},"properties":{"name":"Sinnerdammen","type":"Ubetjent","description":"Sinnerdammen er en flott, gammel jaktkoie i Nordmarka, med aner tilbake til 1898.","elevation":485,"beds":4,"source":"UT.no/DNT"}},{"type":"Feature","id":"dnthut-10186276","geometry":{"type":"Point","coordinates":[10.785617,60.501465]},"properties":{"name":"Vollumssætra","type":"Ubetjent","description":"På den idylliske setervollen ligger Vollumssætra.","elevation":682,"beds":4,"source":"UT.no/DNT"}},{"type":"Feature","id":"dnthut-10296538","geometry":{"type":"Point","coordinates":[6.971937,61.543958]},"properties":{"name":"Tungestølen Turisthytte DNT","type":"Betjent","description":"Klar for å oppleve vill og vakker vestlandsnatur, med breer og stupbratte fjell?","elevation":293,"beds":40,"source":"UT.no/DNT"}},{"type":"Feature","id":"dnthut-10440","geometry":{"type":"Point","coordinates":[14.400737,66.545465]},"properties":{"name":"Blakkådalshytta","type":"Ubetjent","description":"Velkommen til majestetiske Blakkådalen.","elevation":480,"beds":10,"source":"UT.no/DNT"}},{"type":"Feature","id":"dnthut-10567","geometry":{"type":"Point","coordinates":[8.823734,63.27466]},"properties":{"name":"Storfiskhytta","type":"Selvbetjent","description":"Booking og betaling for overnatting og proviant: Det er nå mulig å booke/reservere seng på våre hytter.","elevation":485,"beds":12,"source":"UT.no/DNT"}},{"type":"Feature","id":"dnthut-10783","geometry":{"type":"Point","coordinates":[10.550021,60.051671]},"properties":{"name":"Smedmyrkoia","type":"Ubetjent","description":"Smedmyrkoia er en enkel, lett tilgjengelig koie i Nordmarka, med kort ankomst fra Skansebakken og flott beliggenhet ved Lysedammene.","elevation":320,"beds":8,"source":"UT.no/DNT"}},{"type":"Feature","id":"dnthut-10127","geometry":{"type":"Point","coordinates":[14.472701,66.787055]},"properties":{"name":"Gråtådalstua","type":"Ubetjent","description":"Man kan forhåndsbestille 9 av 9 sengeplasser.","elevation":608,"beds":9,"source":"UT.no/DNT"}},{"type":"Feature","id":"dnthut-101102","geometry":{"type":"Point","coordinates":[7.635209,62.596816]},"properties":{"name":"Skorgedalsbu","type":"Selvbetjent","description":"Skorgedalsbu er en selvbetjent hytte hvor alle 21 senger kan forhåndsbestilles.","elevation":385,"beds":21,"source":"UT.no/DNT"}},{"type":"Feature","id":"dnthut-101122","geometry":{"type":"Point","coordinates":[7.24568,58.79083]},"properties":{"name":"Lakkenstova","type":"Selvbetjent","description":"Ei populær og barnevennlig hytte, som også egner seg utmerket som et mål for jomfrutur til ei selvbetjent DNT-hytte!","elevation":850,"beds":32,"source":"UT.no/DNT"}},{"type":"Feature","id":"dnthut-10315242","geometry":{"type":"Point","coordinates":[11.47435,59.49459]},"properties":{"name":"Arnbjørnrud","type":"Ubetjent","description":"Hytta ligger idyllisk til med en stor og god terrasse mot kveldssola og med utsikt over Søndre Bustein, perfekt for å nyte skogens ro.","elevation":262,"beds":12,"source":"UT.no/DNT"}},{"type":"Feature","id":"dnthut-10804","geometry":{"type":"Point","coordinates":[9.124355,62.579658]},"properties":{"name":"Vollasetra","type":"Selvbetjent","description":"Booking og betaling for overnatting og proviant: Det er nå mulig å booke/reservere seng på våre hytter.","elevation":766,"beds":22,"source":"UT.no/DNT"}},{"type":"Feature","id":"dnthut-10516","geometry":{"type":"Point","coordinates":[9.15573,59.794646]},"properties":{"name":"Sigridsbu","type":"Ubetjent","description":"Velkommen til Sigridsbu!","elevation":1175,"beds":30,"source":"UT.no/DNT"}},{"type":"Feature","id":"dnthut-10348566","geometry":{"type":"Point","coordinates":[10.038983,59.370171]},"properties":{"name":"Barlindhuka","type":"Nødbu","description":"Barlindhuka er en gapahuk som ligger ved Barlindtjerrn et par kilometer nord for Trollsvannstua.","elevation":243,"beds":6,"source":"UT.no/DNT"}},{"type":"Feature","id":"dnthut-10585","geometry":{"type":"Point","coordinates":[7.770653,59.255167]},"properties":{"name":"Hovstøyl","type":"Selvbetjent","description":"Introduksjon: Vil du utforske Austheienes vakreste tur over Himmelkvævristene bør du ta turen til Hovstøyl, som ligger ved foten av fjellet.","elevation":834,"beds":20,"source":"UT.no/DNT"}},{"type":"Feature","id":"dnthut-10669","geometry":{"type":"Point","coordinates":[12.33,60.199215]},"properties":{"name":"Grasbråtan","type":"Ubetjent","description":"Dette er huset i skogen.","elevation":205,"beds":6,"source":"UT.no/DNT"}},{"type":"Feature","id":"dnthut-10446","geometry":{"type":"Point","coordinates":[7.409114,62.822597]},"properties":{"name":"Feskarbu","type":"Ubetjent","description":"Feskarbu og Ottarbu må bestilles på forhånd.","elevation":269,"beds":4,"source":"UT.no/DNT"}},{"type":"Feature","id":"dnthut-10781","geometry":{"type":"Point","coordinates":[10.412546,60.032606]},"properties":{"name":"Myrsetra","type":"Ubetjent","description":"Ser du etter en koslig skogshytte i historiske Krokskogen er Mysetra riktig sted å velge.","elevation":291,"beds":9,"source":"UT.no/DNT"}},{"type":"Feature","id":"dnthut-101137","geometry":{"type":"Point","coordinates":[6.875576,59.11663]},"properties":{"name":"Heiberghytta Grautheller","type":"Ubetjent","description":"Heiberghytta Grautheller - en sjarmbombe av en hytte med jakthistorie i veggene!","elevation":758,"beds":4,"source":"UT.no/DNT"}},{"type":"Feature","id":"dnthut-101292254","geometry":{"type":"Point","coordinates":[9.683843,63.62635]},"properties":{"name":"Klatrehytta i Trøndelag","type":"Ubetjent","description":"Klatrehytta er en sjarmerende, ubetjent hytte med en nydelig beliggenhet ved Kaldklovafjellet på Agdenes i Orkland kommune.","elevation":96,"beds":7,"source":"UT.no/DNT"}},{"type":"Feature","id":"dnthut-10100","geometry":{"type":"Point","coordinates":[8.872004,63.207893]},"properties":{"name":"Sollia","type":"Selvbetjent","description":"Booking og betaling for overnatting og proviant: Det er nå mulig å booke/reservere seng på våre hytter.","elevation":312,"beds":17,"source":"UT.no/DNT"}},{"type":"Feature","id":"dnthut-10934","geometry":{"type":"Point","coordinates":[7.186409,61.845401]},"properties":{"name":"Vetledalseter","type":"Selvbetjent","description":"Beliggenhet Vetledalseter ligger øverst i Erdalen Stryn og blei opna som DNT-hytte sommaren 2011.","elevation":522,"beds":6,"source":"UT.no/DNT"}},{"type":"Feature","id":"dnthut-101225968","geometry":{"type":"Point","coordinates":[5.875972,62.250761]},"properties":{"name":"Toralfbuda","type":"Ubetjent","description":"Beliggenhet Toralfbuda ligger ved Eiksund i Ulstein kommune, midt i smørøyet for korte og lengre padleturer i Søre Sunnmøres idylliske skjærgård.","elevation":1,"beds":8,"source":"UT.no/DNT"}},{"type":"Feature","id":"dnthut-101098","geometry":{"type":"Point","coordinates":[7.555619,61.640647]},"properties":{"name":"Arentzbu","type":"Selvbetjent","description":"Arentzbu ligger i Rausdalen og var den første hytta som ble bygget av midler fra lege Fredrik Arentz legat.","elevation":883,"beds":22,"source":"UT.no/DNT"}},{"type":"Feature","id":"dnthut-10806932","geometry":{"type":"Point","coordinates":[8.770894,60.994592]},"properties":{"name":"Flikja - Huken","type":"Ubetjent","description":"Flikja - Huken ligger langs Stølsruta i Valdres .","elevation":866,"beds":6,"source":"UT.no/DNT"}},{"type":"Feature","id":"dnthut-10886","geometry":{"type":"Point","coordinates":[10.959326,60.56806]},"properties":{"name":"Gamle Torsætra","type":"Ubetjent","description":"Gamle Torsætra ligger sentralt på Totenåsen, med flotte turmuligheter sommer som vinter.","elevation":518,"beds":8,"source":"UT.no/DNT"}},{"type":"Feature","id":"dnthut-10316","geometry":{"type":"Point","coordinates":[10.33419,59.52077]},"properties":{"name":"Camp Killingen","type":"Ubetjent","description":"På Killingholmen i Sandebukta har det siden krigen vært drevet feriekoloni i regi av Drammen kommune.","elevation":5,"beds":42,"source":"UT.no/DNT"}},{"type":"Feature","id":"dnthut-10903617","geometry":{"type":"Point","coordinates":[9.641578,62.091167]},"properties":{"name":"Grimsdalshytta Selvbetjent","type":"Selvbetjent","description":"Selvbetjeningskvarteret stenger i 2026 For å bedre leveforholdene for villreinen i Rondane har Klima- og miljødepartementet vedtatt en tiltaksplan.","elevation":998,"beds":19,"source":"UT.no/DNT"}},{"type":"Feature","id":"dnthut-10611040","geometry":{"type":"Point","coordinates":[9.230457,60.685128]},"properties":{"name":"Røggjen","type":"Ubetjent","description":"Røggjen ble DNT Drammen og Omegn sin hytte i 2020.","elevation":988,"beds":6,"source":"UT.no/DNT"}},{"type":"Feature","id":"dnthut-10248","geometry":{"type":"Point","coordinates":[6.547967,58.2506]},"properties":{"name":"Våningshuset på Li","type":"Ubetjent","description":"DNT-hytta Li ligger vakkert til på fastlandet med utsikt over øya Hidra.","elevation":116,"beds":16,"source":"UT.no/DNT"}},{"type":"Feature","id":"dnthut-10666","geometry":{"type":"Point","coordinates":[9.470301,59.453766]},"properties":{"name":"Sommerseter","type":"Ubetjent","description":"Sommerseter er en setervoll som består av to hytter; Foreningshytta (plass til 5) og Stallen (plass til 7).","elevation":592,"beds":12,"source":"UT.no/DNT"}},{"type":"Feature","id":"dnthut-101298781","geometry":{"type":"Point","coordinates":[6.548461,58.250206]},"properties":{"name":"Stegeløa på Li","type":"Ubetjent","description":"DNT-hytta Li ligger vakkert til på fastlandet med utsikt over øya Hidra.","elevation":119,"beds":15,"source":"UT.no/DNT"}},{"type":"Feature","id":"dnthut-10259","geometry":{"type":"Point","coordinates":[5.444986,61.404679]},"properties":{"name":"Massbu","type":"Ubetjent","description":"Beliggenhet Hytta ligg i Laukelandsmarka i Sunnfjord kommune, 370 moh.","elevation":386,"beds":4,"source":"UT.no/DNT"}},{"type":"Feature","id":"dnthut-101286902","geometry":{"type":"Point","coordinates":[9.778081,59.048364]},"properties":{"name":"Eikenes Øst & Vest","type":"Ubetjent","description":"På et stille nes i Langangsfjorden, bare en kort kjøretur fra Porsgrunn, ligger Eikenes Øst og Vest – to sjarmerende og enkle kystledhytter med kort vei til sjøen og fredelige omgivelser.","elevation":21,"beds":10,"source":"UT.no/DNT"}},{"type":"Feature","id":"dnthut-101050","geometry":{"type":"Point","coordinates":[6.972983,59.397363]},"properties":{"name":"Vassdalstjørn","type":"Selvbetjent","description":"Vassdalstjørn ligger i villreinenes rike langt fra sivilisasjonen .","elevation":1106,"beds":30,"source":"UT.no/DNT"}},{"type":"Feature","id":"dnthut-101180171","geometry":{"type":"Point","coordinates":[10.054149,59.928461]},"properties":{"name":"Hovlandshytta","type":"Ubetjent","description":"VELKOMMEN TIL HOVLANDSHYTTA Ønsker du å utforske friluftslivet i den nordlige delen av Finnemarka?","elevation":637,"beds":5,"source":"UT.no/DNT"}},{"type":"Feature","id":"dnthut-10564","geometry":{"type":"Point","coordinates":[15.131709,66.559078]},"properties":{"name":"Raudfjelldalskoia","type":"Nødbu","description":"BELIGGENHET Raudfjelldalskoia ligger sør på Saltfjellet på den T-merkete ruta mellom Krukkistua og Bolnastua, nærmere bestemt i Raudfjellelvdalen litt nord for Johan Larson-jåhkå.","elevation":679,"source":"UT.no/DNT"}},{"type":"Feature","id":"dnthut-10441","geometry":{"type":"Point","coordinates":[14.775661,68.662264]},"properties":{"name":"Guvåghytta","type":"Ubetjent","description":"I 2014 ble Guvåghytta kåret til landets vakreste kysthytte, det er ikke uten grunn.","elevation":4,"beds":19,"source":"UT.no/DNT"}},{"type":"Feature","id":"dnthut-10887501","geometry":{"type":"Point","coordinates":[10.419694,59.809397]},"properties":{"name":"Wentzelhytta","type":"Ubetjent","description":"Wentzelhytta ligger fint til på toppen av alpinbakken i Vardåsen med nydelig utsikt over Asker.","elevation":315,"beds":4,"source":"UT.no/DNT"}},{"type":"Feature","id":"dnthut-10721","geometry":{"type":"Point","coordinates":[11.639413,62.543444]},"properties":{"name":"Marenvollen","type":"Selvbetjent","description":"Marenvollen er et flott start eller endepunkt for turer med utgangspunkt Røros.","elevation":793,"beds":13,"source":"UT.no/DNT"}},{"type":"Feature","id":"dnthut-10953691","geometry":{"type":"Point","coordinates":[14.397428,66.28668]},"properties":{"name":"Reinfjellhytta","type":"Ubetjent","description":"DNT Rana og omegn er stolt av å endelig presentere vår første markahytte.","elevation":369,"beds":5,"source":"UT.no/DNT"}},{"type":"Feature","id":"dnthut-101145969","geometry":{"type":"Point","coordinates":[5.292919,61.657571]},"properties":{"name":"Børabu","type":"Ubetjent","description":"Velkommen til Flora Turlag sitt nyaste tilskudd i hyttefamilien.","elevation":515,"beds":6,"source":"UT.no/DNT"}},{"type":"Feature","id":"dnthut-101039692","geometry":{"type":"Point","coordinates":[10.500138,59.802141]},"properties":{"name":"Sjåførboligen på Elnestangen","type":"Ubetjent","description":"Sentralt plassert på idylliske Elnestangen ligger Sjåførboligen, ytterst på tangen har du flott utsikt til Oslo i nord og Håøya i sør.","elevation":6,"beds":11,"source":"UT.no/DNT"}},{"type":"Feature","id":"dnthut-10908405","geometry":{"type":"Point","coordinates":[7.137087,60.09364]},"properties":{"name":"Litlos Selvbetjent","type":"Selvbetjent","description":"Dette er Litlos sitt selvbetjente kvarter.","elevation":1195,"beds":8,"source":"UT.no/DNT"}},{"type":"Feature","id":"dnthut-1086","geometry":{"type":"Point","coordinates":[9.805124,62.817375]},"properties":{"name":"Ramssjøen","type":"Nødbu","description":"Ramssjøen er et laftet sælehus etter forbilde fra middelalderen.","elevation":785,"source":"UT.no/DNT"}},{"type":"Feature","id":"dnthut-10153516","geometry":{"type":"Point","coordinates":[7.425797,62.667214]},"properties":{"name":"Veøystua","type":"Ubetjent","description":"Enkel hytte på historiske Veøya i Romsdalsfjorden.","elevation":3,"beds":4,"source":"UT.no/DNT"}},{"type":"Feature","id":"dnthut-10559","geometry":{"type":"Point","coordinates":[14.430989,66.116821]},"properties":{"name":"Grasfjellkoia","type":"Nødbu","description":"BELIGGENHET Rastekoie sør for Storsakersvatnet på E1 og Nordlandsruta, mellom Kjennsvasshytta og Umbukta fjellstue.","elevation":608,"source":"UT.no/DNT"}},{"type":"Feature","id":"dnthut-10818","geometry":{"type":"Point","coordinates":[9.009293,62.921589]},"properties":{"name":"Vindølbu","type":"Selvbetjent","description":"Booking og betaling for overnatting og proviant: Det er nå mulig å booke/reservere seng på våre hytter.","elevation":479,"beds":15,"source":"UT.no/DNT"}},{"type":"Feature","id":"dnthut-101359","geometry":{"type":"Point","coordinates":[23.86013,69.865239]},"properties":{"name":"Reinbukkelvhytta","type":"Nødbu","description":"Beliggenhet Reinbukkelvhytta ligger langt nord på Finmarksvidda i Alta kommune langs den gamle postruta mellom Alta og Karasjok.","elevation":466,"beds":2,"source":"UT.no/DNT"}},{"type":"Feature","id":"dnthut-1092","geometry":{"type":"Point","coordinates":[12.221939,63.91085]},"properties":{"name":"Skjækerdalshytta","type":"Selvbetjent","description":"Ei idyllisk perle i Blåfjella- Skjækerfjella nasjonalpark.","elevation":390,"beds":12,"source":"UT.no/DNT"}},{"type":"Feature","id":"dnthut-10468","geometry":{"type":"Point","coordinates":[11.941796,63.542253]},"properties":{"name":"Ferslia","type":"Selvbetjent","description":"Ferslia er en tilrettelagt hytte, som ligger fint for seg selv samtidig som den ligger i et populært utfartsterreng i Meråker.","elevation":467,"beds":14,"source":"UT.no/DNT"}},{"type":"Feature","id":"dnthut-1033","geometry":{"type":"Point","coordinates":[14.425802,66.048069]},"properties":{"name":"Gressvasshytta","type":"Ubetjent","description":"Velkommen til \" NYE GRESSVASSHYTTA \".","elevation":605,"beds":27,"source":"UT.no/DNT"}},{"type":"Feature","id":"dnthut-1083","geometry":{"type":"Point","coordinates":[9.8913,62.8026]},"properties":{"name":"Damtjønna","type":"Nødbu","description":"Damtjønna er et laftet sælehus etter forbilde fra middelalderen.","elevation":678,"source":"UT.no/DNT"}},{"type":"Feature","id":"dnthut-1077","geometry":{"type":"Point","coordinates":[16.047413,68.634948]},"properties":{"name":"Fossestua","type":"Ubetjent","description":"Alle besøk på Fossestua må bestilles på forhånd, dette gjelder også for dagsbesøk!","elevation":18,"beds":8,"source":"UT.no/DNT"}},{"type":"Feature","id":"dnthut-101224823","geometry":{"type":"Point","coordinates":[10.463481,63.839766]},"properties":{"name":"Harravolden","type":"Ubetjent","description":"Fosen Turlags medlemshytte \"Harravolden\" ligger ved Lysvatnet på Fosen, og består av en hovedhytte og ett anneks.","elevation":299,"beds":15,"source":"UT.no/DNT"}},{"type":"Feature","id":"dnthut-10102","geometry":{"type":"Point","coordinates":[8.947491,63.109886]},"properties":{"name":"Grytbakksetra","type":"Selvbetjent","description":"Booking og betaling for overnatting og proviant: Det er nå mulig å booke/reservere seng på våre hytter.","elevation":411,"beds":23,"source":"UT.no/DNT"}},{"type":"Feature","id":"dnthut-1097","geometry":{"type":"Point","coordinates":[7.871411,61.705148]},"properties":{"name":"Medalsbu","type":"Nødbu","description":"Medalsbu ligger på den T-merkete ruta mellom Nørdstedalseter og Trulsbu.","elevation":1343,"source":"UT.no/DNT"}},{"type":"Feature","id":"dnthut-10121","geometry":{"type":"Point","coordinates":[16.372875,67.053957]},"properties":{"name":"Mourkihytta","type":"Ubetjent","description":"Helt på grensa til Sverige ligger Muorkihytta idyllisk til ved østenden av Eidevatnet/Muorkkejávrre.","elevation":720,"beds":8,"source":"UT.no/DNT"}},{"type":"Feature","id":"dnthut-101242071","geometry":{"type":"Point","coordinates":[5.44494,61.827808]},"properties":{"name":"Langhuken","type":"Dagsturhytte","description":"Langhuken er ein gapahuk som ligg idyllisk til ved Langevatnet mellom Svelgen og Ålfoten.","elevation":370,"source":"UT.no/DNT"}},{"type":"Feature","id":"dnthut-10750898","geometry":{"type":"Point","coordinates":[6.976363,61.541401]},"properties":{"name":"Tungestølen Leir","type":"Ubetjent","description":"Tungestølen leir er lageret på Tungestølen med et oppholdsrom med 2 senger.","elevation":260,"beds":2,"source":"UT.no/DNT"}},{"type":"Feature","id":"dnthut-10557","geometry":{"type":"Point","coordinates":[15.37335,66.351044]},"properties":{"name":"Corraskoia","type":"Nødbu","description":"BELIGGENHET Rastekoie på E1 og Nordlandsruta mellom Virvasshytta og Bolnastua.","elevation":961,"source":"UT.no/DNT"}},{"type":"Feature","id":"dnthut-101233402","geometry":{"type":"Point","coordinates":[10.68223,60.004078]},"properties":{"name":"Skjennungsvolden","type":"Ubetjent","description":"DNT-hytta Skjennungsvolden ligger idyllisk til i Nordmarka med nydelig utsikt over Skjennungen.","elevation":423,"beds":7,"source":"UT.no/DNT"}},{"type":"Feature","id":"dnthut-101317678","geometry":{"type":"Point","coordinates":[10.240624,61.003881]},"properties":{"name":"Sprengbekkhytta","type":"Ubetjent","description":"Sprengbekkhytta ligger flott til ved Jotunheimstien helt nord i Gjøvik og omegns område.","elevation":730,"beds":5,"source":"UT.no/DNT"}},{"type":"Feature","id":"dnthut-101287877","geometry":{"type":"Point","coordinates":[6.545909,58.248469]},"properties":{"name":"Dåtten","type":"Ubetjent","description":"Dåtten ligger helt nede ved vannet ved Hidrasundet, nedenfor Gården Li.","elevation":5,"beds":7,"source":"UT.no/DNT"}},{"type":"Feature","id":"dnthut-101287390","geometry":{"type":"Point","coordinates":[9.874783,61.179878]},"properties":{"name":"Holsbru kafé DNT","type":"Servering","description":"Holsbru er den viktigste innfallsporten til Langsua nasjonalpark og fjellkaféen har vært drevet her i mange år.","elevation":774,"source":"UT.no/DNT"}},{"type":"Feature","id":"dnthut-10718795","geometry":{"type":"Point","coordinates":[7.4817,58.0523]},"properties":{"name":"Tjortedal","type":"Ubetjent","description":"En fredfull liten plett, omgitt av skog, gammelt kulturlandskap, og merkede stier i et turområde med spennende historie.","elevation":87,"beds":5,"source":"UT.no/DNT"}},{"type":"Feature","id":"dnthut-10327784","geometry":{"type":"Point","coordinates":[23.699208,70.640016]},"properties":{"name":"Tyvenhytta","type":"Dagsturhytte","description":"Tyvenhytta sattes opp på dugnad av Hammerfest og Omegn Turlag sommeren 2019.","elevation":411,"source":"UT.no/DNT"}},{"type":"Feature","id":"dnthut-10513","geometry":{"type":"Point","coordinates":[9.150667,62.680255]},"properties":{"name":"Bårdsgarden","type":"Selvbetjent","description":"Bårdsgarden har helårsvei helt fram og ligger vakkert til med vid utsikt mot Kråkvasstind og vestover mot Storsalen og Innerdalsfjellene.","elevation":631,"beds":20,"source":"UT.no/DNT"}},{"type":"Feature","id":"dnthut-10116","geometry":{"type":"Point","coordinates":[15.026002,66.71501]},"properties":{"name":"Saltfjellstua","type":"Ubetjent","description":"BELIGGENHET Saltfjellstua ligger midt i Saltfjellet-Svartisen nasjonalpark én km sør for Søre Bjøllåvatnet.","elevation":606,"beds":20,"source":"UT.no/DNT"}},{"type":"Feature","id":"dnthut-10935","geometry":{"type":"Point","coordinates":[5.835493,61.761241]},"properties":{"name":"Gjegnabu","type":"Ubetjent","description":"Gjegnabu er ei spektakulær hytte som ligg høgt og fritt i eit spesielt landskap.","elevation":1167,"beds":6,"source":"UT.no/DNT"}},{"type":"Feature","id":"dnthut-10968","geometry":{"type":"Point","coordinates":[17.899356,68.318259]},"properties":{"name":"Hunddalshytta","type":"Ubetjent","description":"Hundalshytta ligger i krysset Hunddalen - Doaresvaggi sør for Katterat stasjon på Ofotbanen.","elevation":700,"beds":14,"source":"UT.no/DNT"}},{"type":"Feature","id":"dnthut-10395","geometry":{"type":"Point","coordinates":[18.084373,68.197764]},"properties":{"name":"Cunojávrihytta","type":"Ubetjent","description":"Hytta ligger nordøst i Narvikfjellene ikke langt fra grensa til Sverige.","elevation":706,"beds":13,"source":"UT.no/DNT"}},{"type":"Feature","id":"dnthut-10914923","geometry":{"type":"Point","coordinates":[7.593108,62.6542]},"properties":{"name":"Herjevassbu","type":"Ubetjent","description":"Herjevassbu må bestilles på forhånd og er låst med DNT-nøkkel.","elevation":397,"beds":6,"source":"UT.no/DNT"}},{"type":"Feature","id":"dnthut-10371","geometry":{"type":"Point","coordinates":[14.50383,68.2632]},"properties":{"name":"Nøkksætra","type":"Ubetjent","description":"Midt i Lofotens topptursmørøye åpnet den 16.","elevation":263,"beds":11,"source":"UT.no/DNT"}},{"type":"Feature","id":"dnthut-10400","geometry":{"type":"Point","coordinates":[16.833021,67.960599]},"properties":{"name":"Røysvatn","type":"Ubetjent","description":"Røysvatn ligger langs Nordkalottruta, E1 og Grensesømmen langt sør i DNT Narviks løypenett, i Hamarøy kommune.","elevation":804,"beds":12,"source":"UT.no/DNT"}},{"type":"Feature","id":"dnthut-10702","geometry":{"type":"Point","coordinates":[8.979918,60.401506]},"properties":{"name":"Dalabu","type":"Ubetjent","description":"Dalabu er en solid håndlaftet hytte, lunt og fint beliggende i åpent skogområde.","elevation":1004,"beds":6,"source":"UT.no/DNT"}},{"type":"Feature","id":"dnthut-10159","geometry":{"type":"Point","coordinates":[6.433333,59.960396]},"properties":{"name":"Sauabrehytta","type":"Selvbetjent","description":"Sauabrehytta ligger flott til med en fantastisk utsikt over sørenden av Folgefonna/Sauabreen, og er et ideelt utgangspunkt for bre- og toppturer.","elevation":1081,"beds":10,"source":"UT.no/DNT"}},{"type":"Feature","id":"dnthut-101381","geometry":{"type":"Point","coordinates":[11.228562,60.786718]},"properties":{"name":"Farmenkoia","type":"Dagsturhytte","description":"Farmenkoia er ei åpen dagsturhytte som man kan gå innom når du er på tur langs idylliske Ilsengstiene.","elevation":181,"source":"UT.no/DNT"}},{"type":"Feature","id":"dnthut-101209","geometry":{"type":"Point","coordinates":[10.695317,59.978233]},"properties":{"name":"Fuglemyrhytta","type":"Ubetjent","description":"NB: For å låse opp låsen til uthuset må man gi låsen ett dytt opp etter koden er satt.","elevation":401,"beds":10,"source":"UT.no/DNT"}},{"type":"Feature","id":"dnthut-10308","geometry":{"type":"Point","coordinates":[15.870959,66.924922]},"properties":{"name":"Balvasshyttene","type":"Ubetjent","description":"Balvasshytta ligger ved Balvatnets/Bállávrres sørende, nederst i Skaitidalen/Skiejdevágge.","elevation":606,"beds":12,"source":"UT.no/DNT"}},{"type":"Feature","id":"dnthut-101198135","geometry":{"type":"Point","coordinates":[9.841264,61.590758]},"properties":{"name":"Øvre Skar","type":"Ubetjent","description":"Øvre Skar er ein gamal husmanssplass som ligg knapt 600 m.","elevation":586,"beds":6,"source":"UT.no/DNT"}},{"type":"Feature","id":"dnthut-10399","geometry":{"type":"Point","coordinates":[17.031648,68.048973]},"properties":{"name":"Paurohytta","type":"Ubetjent","description":"Pauro ligger langs Nordkalottruta, E1 og Grensesømmen sør i Narvikfjellene.","elevation":695,"beds":10,"source":"UT.no/DNT"}},{"type":"Feature","id":"dnthut-10932","geometry":{"type":"Point","coordinates":[7.605658,61.903392]},"properties":{"name":"Skridulaupbu","type":"Selvbetjent","description":"Skridulaupbu ligger ved vestenden av Rauddalsvatnet og er den minste selvbetjeningshytta til DNT Oslo og Omegn.","elevation":917,"beds":4,"source":"UT.no/DNT"}},{"type":"Feature","id":"dnthut-101143","geometry":{"type":"Point","coordinates":[13.112914,64.642169]},"properties":{"name":"Skorovashøtta","type":"Selvbetjent","description":"Skorovashøtta ligger i flotte naturomgivelser og er et yndet mål og et fint utgangspunkt for friluftsliv.","elevation":457,"beds":12,"source":"UT.no/DNT"}},{"type":"Feature","id":"dnthut-10803","geometry":{"type":"Point","coordinates":[8.733547,62.803831]},"properties":{"name":"Todalshytta","type":"Betjent","description":"Bestilling av seng/reservasjon: For bestilling av overnatting, reservasjon eller leie ta direkte kontakt med Arve Evensen: 929 97 550 arve@todalshytta.","elevation":45,"beds":34,"source":"UT.no/DNT"}},{"type":"Feature","id":"dnthut-10212","geometry":{"type":"Point","coordinates":[11.540762,64.048779]},"properties":{"name":"Svarttjønnbua","type":"Ubetjent","description":"BELIGGENHET Svarttjønnbua ligger på Byafjellet ved Steinkjer og var Nord-Trøndelag Turistforenings (NTTs) første nærturanlegg.","elevation":201,"beds":6,"source":"UT.no/DNT"}},{"type":"Feature","id":"dnthut-10539","geometry":{"type":"Point","coordinates":[18.78694,69.73376]},"properties":{"name":"Varmebua på Kjølen","type":"Nødbu","description":"Varmebua på Kjølen er beregnet på de som vil ha en komfortabel rastepause på den klassiske turen til Kjølen, 790 moh.","elevation":784,"source":"UT.no/DNT"}},{"type":"Feature","id":"dnthut-10791","geometry":{"type":"Point","coordinates":[14.880849,68.361375]},"properties":{"name":"Trollfjordhytta","type":"Ubetjent","description":"Trollfjordhytta – spektakulær beliggenhet!","elevation":412,"beds":20,"source":"UT.no/DNT"}},{"type":"Feature","id":"dnthut-10704","geometry":{"type":"Point","coordinates":[19.315549,69.704829]},"properties":{"name":"Nonsbu","type":"Ubetjent","description":"VIKTIG MELDING: NONSBU ER STENGT PGA BRANN.","elevation":279,"beds":6,"source":"UT.no/DNT"}},{"type":"Feature","id":"dnthut-10483","geometry":{"type":"Point","coordinates":[12.058861,63.462446]},"properties":{"name":"Angeltjønnhytta","type":"Selvbetjent","description":"Ei hytte nesten på gransa til Sverige, med mange muligheter.","elevation":516,"beds":8,"source":"UT.no/DNT"}},{"type":"Feature","id":"dnthut-10257","geometry":{"type":"Point","coordinates":[9.955866,60.446902]},"properties":{"name":"Vikerkoia og Gamle Vikerkoia","type":"Ubetjent","description":"Vikerkoia ligger rett sør for det opprinnelige Vikerfjell, og den gamle koia er DNT Ringerikes eldste koie, fra 1932.","elevation":653,"beds":21,"source":"UT.no/DNT"}},{"type":"Feature","id":"dnthut-10447","geometry":{"type":"Point","coordinates":[8.54019,62.406614]},"properties":{"name":"Aursjøhytta","type":"Betjent","description":"Booking/reservasjon av senger selvbetjent periode: Det er nå mulig å booke/reservere seng på våre hytter i selvbetjent periode - 01.","elevation":869,"beds":66,"bedsWinter":32,"source":"UT.no/DNT"}},{"type":"Feature","id":"dnthut-10119","geometry":{"type":"Point","coordinates":[15.049913,66.678888]},"properties":{"name":"Krukkistua","type":"Ubetjent","description":"En klar høstmorgen med sol som tiner rimet på Krukkimyrene er utrolig vakker, og en opplevelse du vil huske lenge.","elevation":515,"beds":12,"source":"UT.no/DNT"}},{"type":"Feature","id":"dnthut-10209","geometry":{"type":"Point","coordinates":[30.35474,70.54742]},"properties":{"name":"Indre Syltevik","type":"Stengt","description":"Indre Syltevik er stengt i påvente av oppussing.","elevation":9,"beds":3,"source":"UT.no/DNT"}},{"type":"Feature","id":"dnthut-101205","geometry":{"type":"Point","coordinates":[29.64428,69.45799]},"properties":{"name":"Bjørnhytta","type":"Ubetjent","description":"For booking ring Dag på 951 52 945 eller Hendry på 909 25 009.","elevation":100,"beds":12,"bedsWinter":6,"source":"UT.no/DNT"}},{"type":"Feature","id":"dnthut-101109","geometry":{"type":"Point","coordinates":[9.912,61.938]},"properties":{"name":"Høgrondbue","type":"Nødbu","description":"Høgrondbue ligger oppunder Høgronden på sørsiden av toppen, litt ovenfor Søre Oksle.","elevation":1742,"source":"UT.no/DNT"}},{"type":"Feature","id":"dnthut-101309","geometry":{"type":"Point","coordinates":[8.986331,60.894568]},"properties":{"name":"Tyrishølt","type":"Ubetjent","description":"Tyrishølt er ei lita overnattingsbu, som ligger langs Stølsruta i Valdres Du finner hytta ved å gå inn på tunet ved fjøset og gjennom porten (se vedlagt situasjonskart): Vann er tilgjengelig utvendig på hytteveggen Utedoen er ved nedre hjør...","elevation":895,"beds":10,"source":"UT.no/DNT"}},{"type":"Feature","id":"dnthut-10950","geometry":{"type":"Point","coordinates":[17.963377,68.199036]},"properties":{"name":"Storsteinshytta","type":"Ubetjent","description":"Storsteinshytta i Narvikfjellene ligger høyt oppunder breen på Storsteinsfjellet og er et godt utgangspunkt for mange fine turer.","elevation":990,"beds":4,"source":"UT.no/DNT"}},{"type":"Feature","id":"dnthut-10456","geometry":{"type":"Point","coordinates":[9.87497,62.51943]},"properties":{"name":"Orkelsjøhytta","type":"Ubetjent","description":"Orkelsjøhytta er en sjarmerende, ubetjent hytte med en nydelig beliggenhet ved Orkelsjøen i Oppdal.","elevation":1072,"beds":8,"source":"UT.no/DNT"}},{"type":"Feature","id":"dnthut-10526","geometry":{"type":"Point","coordinates":[7.481937,61.823473]},"properties":{"name":"Slæom","type":"Selvbetjent","description":"Slæom ble bygd i 1987 som et bindeledd på turen fra Sprongdalshytta over til Skridulaupbu.","elevation":1113,"beds":18,"source":"UT.no/DNT"}},{"type":"Feature","id":"dnthut-101318","geometry":{"type":"Point","coordinates":[15.35133,68.69734]},"properties":{"name":"Turlagsstua","type":"Ubetjent","description":"Et flott overnattingssted og dagsturmål og veldig bra utgangspunkt for korte og lengre turer i Sortlandsmarka.","elevation":250,"beds":20,"source":"UT.no/DNT"}}]}