{"type":"FeatureCollection","generator":"CCW UT.no + OSM fireplaces v1","timestamp":"2026-05-14T16:28:00.260Z","attribution":"UT.no/DNT, OpenStreetMap contributors (ODbL)","features":[{"type":"Feature","id":"firepit-ut-146887996","geometry":{"type":"Point","coordinates":[8.106836,58.381377]},"properties":{"name":"Ogge naturskole","description":"TIlrettelagt rasteplass Tre gapahuker - med plass til opptil 30 personer og utedo Stor bålplass i rustfritt stål med rist Ni kanoer og to robåter - med tilhørende padlevester og årer Parkeringsplass til ti biler og en buss - det går sti her...","elevation":192,"source":"UT.no/DNT"}},{"type":"Feature","id":"firepit-ut-146888281","geometry":{"type":"Point","coordinates":[9.691984,59.073383]},"properties":{"name":"Bålplass Frankeskogen","description":"Frankeskogen (Phils plass) er Porsgrunn Handicapidrettslags universelt utformede gapahuk på Heistad, fullt utstyrt med grill, søppelkasser og handicaptoalett.","elevation":12,"source":"UT.no/DNT"}},{"type":"Feature","id":"firepit-ut-146888256","geometry":{"type":"Point","coordinates":[10.052131,59.045803]},"properties":{"name":"Furumoa, Larvik","description":"Furumoa eller bare \"Moa\" på Torstrand i Larvik er et trekantet parkområde som ligger mellom Tjøllingveien, Fv303; og Undersbo gravplass.","elevation":5,"source":"UT.no/DNT"}},{"type":"Feature","id":"firepit-ut-146888674","geometry":{"type":"Point","coordinates":[5.574878,58.918545]},"properties":{"name":"Hestholmen bålhytte","description":"Bålhytta på Hestholmen ved Risavika havn er oppført som et tradisjonelt grindabygg, slik de ble konstruert i gamle dager.","elevation":4,"source":"UT.no/DNT"}},{"type":"Feature","id":"firepit-ut-142372","geometry":{"type":"Point","coordinates":[5.356854,60.288514]},"properties":{"name":"Bålplass Bjørnevatnet","description":"På vestsiden av Bjørnevatnet ved Smøråsfjellet finner du en gresslette med bålplass, gapahuk, rutsjebane og taubane.","elevation":215,"source":"UT.no/DNT"}},{"type":"Feature","id":"firepit-ut-146888255","geometry":{"type":"Point","coordinates":[10.099099,59.007434]},"properties":{"name":"Flaskebukta på Malmøya, Viksfjord","description":"Bålplassen ligger ved Flaskebukta helt sør på Malmøya, og det er en sirkelformet steinformasjon med løse steiner.","elevation":2,"source":"UT.no/DNT"}},{"type":"Feature","id":"firepit-ut-146887917","geometry":{"type":"Point","coordinates":[8.572961,58.353725]},"properties":{"name":"Bålplass Dømmesmoen","description":"Nær lysløypa, på vei opp mot utsiktstårnet på Dømmesmoen ligger Blåfjell med gapahuk og etablert bålplass.","elevation":69,"source":"UT.no/DNT"}},{"type":"Feature","id":"firepit-ut-146888085","geometry":{"type":"Point","coordinates":[7.74555,63.12372]},"properties":{"name":"Bålplass Folkeparken","description":"Rasteplassen, med både grill- og bålplass, ligger like ved en gapahuk i et svært populært friluftsområde.","elevation":25,"source":"UT.no/DNT"}},{"type":"Feature","id":"firepit-ut-146888093","geometry":{"type":"Point","coordinates":[7.7915,63.02573]},"properties":{"name":"Bålplass Freistranda","description":"Nede ved sjøen, på badeplassen i Freistranda, finnes en flott rasteplass med en tilrettelagt bålplass.","elevation":1,"source":"UT.no/DNT"}},{"type":"Feature","id":"firepit-ut-146889814","geometry":{"type":"Point","coordinates":[10.50506,60.333463]},"properties":{"name":"Åsenkrakken","description":"Grillhytta, som egentlig heter Arvehuken, ble satt opp av Granlund velforening på dugnad høsten 2020.","elevation":508,"source":"UT.no/DNT"}},{"type":"Feature","id":"firepit-ut-146888155","geometry":{"type":"Point","coordinates":[6.01926,58.45173]},"properties":{"name":"Bålplass Vannbassengan","description":"Bålplassen ligger i turområde Vannbassengan, plassert ved første Vannbasseng (første vann).","elevation":73,"source":"UT.no/DNT"}},{"type":"Feature","id":"firepit-ut-142369","geometry":{"type":"Point","coordinates":[5.353185,60.395487]},"properties":{"name":"Bålplass Skomakerdiket","description":"Skomakerdiket er ligger fint til i byfjellene, og har både godkjent grill- og bålplass.","elevation":320,"source":"UT.no/DNT"}},{"type":"Feature","id":"firepit-ut-146888087","geometry":{"type":"Point","coordinates":[7.78242,63.114164]},"properties":{"name":"Bålplass Vollvatnet","description":"Like ved Vollvatnet finnes en rasteplass med fint opparbeidet bålplass og flere benker.","elevation":28,"source":"UT.no/DNT"}},{"type":"Feature","id":"firepit-ut-146888257","geometry":{"type":"Point","coordinates":[11.467418,60.78962]},"properties":{"name":"Bålplass Haverbekkvika aktivitetsområde","description":"Haverbekkvika ligger ved Rokosjøen i Løten, cirka åtte kilometer øst for Løten sentrum.","elevation":217,"source":"UT.no/DNT"}},{"type":"Feature","id":"firepit-ut-146888378","geometry":{"type":"Point","coordinates":[9.040578,59.101196]},"properties":{"name":"Førsteklasseskauen","description":"Dette turmålet ligger langs turforslaget mellom Bygdetunet i Drangedal og Braknesheia.","elevation":152,"source":"UT.no/DNT"}},{"type":"Feature","id":"firepit-ut-146888966","geometry":{"type":"Point","coordinates":[14.76019,67.29659]},"properties":{"name":"Klatreberget","description":"Klatreberget - her er det klatring for småunger og blikjentplass for småbarnsfamilier.","elevation":47,"source":"UT.no/DNT"}},{"type":"Feature","id":"firepit-ut-146888872","geometry":{"type":"Point","coordinates":[9.401936,58.908856]},"properties":{"name":"Grillplass ved Bjordammyra","description":"Dette turturmålet kommer du til ved å kjøre fylkesveien 3362, mellom Helle og Fossing.","elevation":45,"source":"UT.no/DNT"}},{"type":"Feature","id":"firepit-ut-145223320","geometry":{"type":"Point","coordinates":[10.988757,59.876184]},"properties":{"name":"Mønevannet","description":"Mønevannet ligger i Østmarka, like syd for Losby i Lørenskog kommune i Viken.","elevation":170,"source":"UT.no/DNT"}},{"type":"Feature","id":"firepit-ut-146888004","geometry":{"type":"Point","coordinates":[11.029186,59.962689]},"properties":{"name":"Bondetangen","description":"Bondetangen ved Nebbursvollen i Lillestrøm er et mye brukt friluftsområde.","elevation":105,"source":"UT.no/DNT"}},{"type":"Feature","id":"firepit-ut-146888032","geometry":{"type":"Point","coordinates":[7.895164,58.07363]},"properties":{"name":"Vestre Paradisbukt, bålplass 2","description":"Murt bålplass Stedet er opparbeidet og driftes av Midt-Agder friluftsråd","elevation":12,"source":"UT.no/DNT"}},{"type":"Feature","id":"firepit-ut-145303798","geometry":{"type":"Point","coordinates":[9.232939,59.05125]},"properties":{"name":"Henseidfjellet grillplass","description":"Parkering ved Bjønnåsen hyttegrend mellom Henseid og Sannes i Drangedal.","elevation":240,"source":"UT.no/DNT"}},{"type":"Feature","id":"firepit-ut-146888240","geometry":{"type":"Point","coordinates":[10.047776,59.058505]},"properties":{"name":"Bålplass Doktorfjellet, Larvik","description":"Hyggelig bålplass på Doktorfjellet, en topp som ligger nord i Byskogen.","elevation":100,"source":"UT.no/DNT"}},{"type":"Feature","id":"firepit-ut-146890252","geometry":{"type":"Point","coordinates":[11.01858,60.811685]},"properties":{"name":"Bålplassen ved Dagsturhytta i Hamar","description":"Bålplassen ved Dagsturhytta i Hamar ligger inne i en ruin av steinmur.","elevation":130,"source":"UT.no/DNT"}},{"type":"Feature","id":"firepit-ut-146888086","geometry":{"type":"Point","coordinates":[7.704784,63.114929]},"properties":{"name":"Bålplass Kringsjå","description":"Rasteplass med tilrettelagt bålplass er etablert i Kringsjå friområde.","elevation":49,"source":"UT.no/DNT"}},{"type":"Feature","id":"firepit-ut-146888033","geometry":{"type":"Point","coordinates":[9.682548,59.271294]},"properties":{"name":"Bålplass Rubensplass","description":"På Rubensplass finnes en flott gapahuk, og bålplass med benker rundt.","elevation":215,"source":"UT.no/DNT"}},{"type":"Feature","id":"firepit-ut-146888270","geometry":{"type":"Point","coordinates":[6.28762,58.34161]},"properties":{"name":"Bålplass Hauge park","description":"Ved bruk av bålplass: Ta med egen ved og husk å rydde opp etter deg.","elevation":8,"source":"UT.no/DNT"}},{"type":"Feature","id":"firepit-ut-146888271","geometry":{"type":"Point","coordinates":[14.775274,68.662134]},"properties":{"name":"Bålplass Guvåghytta","description":"Ved bruk av bålplass: Ta med egen ved og husk å rydde opp etter deg.","elevation":6,"source":"UT.no/DNT"}},{"type":"Feature","id":"firepit-ut-146888265","geometry":{"type":"Point","coordinates":[10.986152,60.827617]},"properties":{"name":"Bålplass Jessnesstranda","description":"Ved bruk av bålplass: Ta med egen ved og husk å rydde opp etter deg.","elevation":123,"source":"UT.no/DNT"}},{"type":"Feature","id":"firepit-ut-146888268","geometry":{"type":"Point","coordinates":[6.333465,58.347894]},"properties":{"name":"Gapahuk og bålplass Linepollen","description":"Følg veien som går gjennom parkeringsplassen videre opp langs elva.","elevation":10,"source":"UT.no/DNT"}},{"type":"Feature","id":"firepit-ut-146888377","geometry":{"type":"Point","coordinates":[9.164011,58.969782]},"properties":{"name":"Grillhytte ved Neslandsvatn","description":"Dette turmålet ligger langs Banen, den gamle nedlagte Kragerøbanen.","elevation":77,"source":"UT.no/DNT"}},{"type":"Feature","id":"firepit-ut-146888076","geometry":{"type":"Point","coordinates":[9.644712,59.17153]},"properties":{"name":"Bålplass Menstad bydelshus","description":"Tilrettelagt bålplass ved gapahuk som ligger ved Menstad bydelshus.","elevation":38,"source":"UT.no/DNT"}},{"type":"Feature","id":"firepit-ut-146888022","geometry":{"type":"Point","coordinates":[7.618764,58.022293]},"properties":{"name":"Harkmarksfjorden naturskole, bålplass 1","description":"Grill i metall på sandbunn, med tilhørende benker og sitteplasser.","elevation":2,"source":"UT.no/DNT"}},{"type":"Feature","id":"firepit-ut-146888070","geometry":{"type":"Point","coordinates":[9.582374,59.167192]},"properties":{"name":"Bålplass Hvitsteintjenn, sørvestsiden av vannet","description":"Opparbeidet bålplass på sørvestsiden av Hvitsteintjenn i Skien.","elevation":183,"source":"UT.no/DNT"}},{"type":"Feature","id":"firepit-ut-146887900","geometry":{"type":"Point","coordinates":[8.723578,58.39335]},"properties":{"name":"Bålplass Hasseltangen friområde","description":"Der er tre tilrettelagte bålplasser på Hasseltangen friområde.","elevation":1,"source":"UT.no/DNT"}},{"type":"Feature","id":"firepit-ut-146888011","geometry":{"type":"Point","coordinates":[6.474895,62.21212]},"properties":{"name":"Grillhytte og bålplass Kapteinkvia","description":"Kapteinkvia er en godt tilrettelagt badeplass og friområde.","elevation":8,"source":"UT.no/DNT"}},{"type":"Feature","id":"firepit-ut-146887947","geometry":{"type":"Point","coordinates":[8.460736,58.36327]},"properties":{"name":"Bålplass Helleren Rossekniben","description":"Under Helleren på Rossefjellet er det en etablert bålplass.","elevation":228,"source":"UT.no/DNT"}},{"type":"Feature","id":"firepit-ut-146888210","geometry":{"type":"Point","coordinates":[9.531714,59.228098]},"properties":{"name":"Bålplass Åletjern nord","description":"Åletjern er et naturområde på Gulset, Skiens største bydel.","elevation":103,"source":"UT.no/DNT"}},{"type":"Feature","id":"firepit-ut-145354358","geometry":{"type":"Point","coordinates":[11.559865,59.432346]},"properties":{"name":"Bålplass Frønesjøen","description":"I sørenden av Frønesjøen er det opparbeidet to bålplasser.","elevation":185,"source":"UT.no/DNT"}},{"type":"Feature","id":"firepit-ut-146888089","geometry":{"type":"Point","coordinates":[7.87499,63.08139]},"properties":{"name":"Bålplass og rasteplass Oladalen","description":"I Ørnvika og Ånes turløype finnes det flere rasteplasser.","elevation":76,"source":"UT.no/DNT"}},{"type":"Feature","id":"firepit-ut-146888062","geometry":{"type":"Point","coordinates":[9.526874,59.28284]},"properties":{"name":"Bade og bålplass ved Bliva","description":"Rett ved Bliva badeplass ligger det en etablert bålplass.","elevation":44,"source":"UT.no/DNT"}},{"type":"Feature","id":"firepit-ut-146888088","geometry":{"type":"Point","coordinates":[7.8702,63.08195]},"properties":{"name":"Bålplass Ørnvika og Ånes turløype","description":"I Ørnvika og Ånes turløype finnes det flere rasteplasser.","elevation":71,"source":"UT.no/DNT"}},{"type":"Feature","id":"firepit-ut-146888277","geometry":{"type":"Point","coordinates":[10.849535,59.793201]},"properties":{"name":"Bålplass Kloppa","description":"Kloppa, med bålpanner fundamentert på stein ved gapahuk.","elevation":124,"source":"UT.no/DNT"}},{"type":"Feature","id":"firepit-ut-146888000","geometry":{"type":"Point","coordinates":[10.979403,59.918719]},"properties":{"name":"Sørlihavna aktivitetspark","description":"Sørlihavna aktivitetspark er et kommunalt drevet anlegg.","elevation":151,"source":"UT.no/DNT"}},{"type":"Feature","id":"firepit-ut-146889231","geometry":{"type":"Point","coordinates":[9.524042,59.587169]},"properties":{"name":"Pråmvika","description":"I 2018 åpnet vi vår nyeste hytte, Pråmvika ved Kolsjø.","elevation":412,"source":"UT.no/DNT"}},{"type":"Feature","id":"firepit-ut-146888074","geometry":{"type":"Point","coordinates":[9.471517,59.264378]},"properties":{"name":"Bålplass Langelandskollen, Kammerherrens utsikt","description":"Fin tilrettelagt bålplass på Langelandskollen i Skien.","elevation":430,"source":"UT.no/DNT"}},{"type":"Feature","id":"firepit-ut-146888069","geometry":{"type":"Point","coordinates":[9.583782,59.168275]},"properties":{"name":"Bålplass Hvitsteintjenn, ved gapahuken","description":"Godt tilrettelagt båplass ved Skien Turlags gapahuk.","elevation":183,"source":"UT.no/DNT"}},{"type":"Feature","id":"firepit-ut-146888077","geometry":{"type":"Point","coordinates":[9.660151,59.218845]},"properties":{"name":"Bålplass Rustankollen","description":"Tilrettelagt bålplass ved gapahuken på Rustankollen.","elevation":295,"source":"UT.no/DNT"}},{"type":"Feature","id":"firepit-ut-146887901","geometry":{"type":"Point","coordinates":[8.697632,58.377068]},"properties":{"name":"Bålplass Randviga","description":"Etablert bålplass på nydelig friområde i Randviga.","elevation":4,"source":"UT.no/DNT"}},{"type":"Feature","id":"firepit-ut-146888282","geometry":{"type":"Point","coordinates":[9.501965,58.859605]},"properties":{"name":"Bålplass ved Kvennbekken, Bekkestua","description":"Tilrettelagt bålplass ved Kvennbekken med gapahuk.","elevation":15,"source":"UT.no/DNT"}},{"type":"Feature","id":"firepit-ut-146888286","geometry":{"type":"Point","coordinates":[10.126582,59.819787]},"properties":{"name":"Bålplass Eiksetra","description":"På Eiksetra finner du flere etablerte bålplasser.","elevation":385,"source":"UT.no/DNT"}},{"type":"Feature","id":"firepit-ut-146888260","geometry":{"type":"Point","coordinates":[8.824756,58.435732]},"properties":{"name":"Bålplasser Hoveodden NB! 13 stk rundt hele odden, ikke bare på nålens plassering.","description":"Langs Hoveodden er det 13 etablerte bålplasser.","elevation":3,"source":"UT.no/DNT"}},{"type":"Feature","id":"firepit-ut-145327867","geometry":{"type":"Point","coordinates":[9.237819,59.043454]},"properties":{"name":"Bjønnåsen","description":"Kjør fylkesvei 356 mellom Henseid og Kilebygda.","elevation":223,"source":"UT.no/DNT"}},{"type":"Feature","id":"firepit-ut-144883003","geometry":{"type":"Point","coordinates":[9.254072,58.831987]},"properties":{"name":"Mørjeheia","description":"Kjør til Sannidal og kjøpesenter Alt i Kragerø.","elevation":205,"source":"UT.no/DNT"}},{"type":"Feature","id":"firepit-ut-146889806","geometry":{"type":"Point","coordinates":[10.553621,60.427757]},"properties":{"name":"Flågadammen","description":"Flågadammen er et naturlig grunnvanssoppkomme.","elevation":368,"source":"UT.no/DNT"}},{"type":"Feature","id":"firepit-ut-146888014","geometry":{"type":"Point","coordinates":[6.821449,62.47932]},"properties":{"name":"Bålplass Elvastien","description":"Grindløe med benker og opparbeidet bålplass.","elevation":5,"source":"UT.no/DNT"}},{"type":"Feature","id":"firepit-ut-146888228","geometry":{"type":"Point","coordinates":[11.079441,59.957801]},"properties":{"name":"Bålplass Sørumsjordet ved Leira","description":"Bålplass tilrettelagt av Lillestrøm kommune.","elevation":103,"source":"UT.no/DNT"}},{"type":"Feature","id":"firepit-ut-146888227","geometry":{"type":"Point","coordinates":[11.021288,59.968107]},"properties":{"name":"Nittebergtangen","description":"Bålplass tilrettelagt av Lillestrøm kommune.","elevation":102,"source":"UT.no/DNT"}},{"type":"Feature","id":"firepit-ut-146888229","geometry":{"type":"Point","coordinates":[11.076787,59.95951]},"properties":{"name":"Bålplass Sørum fritidsgård","description":"Bålplass tilrettelagt av Lillestrøm kommune.","elevation":111,"source":"UT.no/DNT"}},{"type":"Feature","id":"firepit-ut-146888042","geometry":{"type":"Point","coordinates":[7.906171,58.070398]},"properties":{"name":"Helleviga, bålplass 3","description":"Fastmontert stor grill på bakken, med rist.","elevation":4,"source":"UT.no/DNT"}},{"type":"Feature","id":"firepit-ut-146888041","geometry":{"type":"Point","coordinates":[7.906058,58.072151]},"properties":{"name":"Helleviga, bålplass 2","description":"Fastmontert stor grill på bakken, med rist.","elevation":11,"source":"UT.no/DNT"}},{"type":"Feature","id":"firepit-ut-146888053","geometry":{"type":"Point","coordinates":[7.908814,58.071064]},"properties":{"name":"Helleviga, bålplass 14","description":"Gapahuk med bålplass i midten, under tak.","elevation":6,"source":"UT.no/DNT"}},{"type":"Feature","id":"firepit-ut-146888035","geometry":{"type":"Point","coordinates":[7.880345,58.07555]},"properties":{"name":"Lauviga, bålplass 2","description":"Bålplass i rustfritt stål med grillrist.","elevation":2,"source":"UT.no/DNT"}},{"type":"Feature","id":"firepit-ut-146887902","geometry":{"type":"Point","coordinates":[8.61243,58.332311]},"properties":{"name":"Bålplass Paradisbukta på Marivold","description":"Etablert bålplass på Marivold turområde.","elevation":1,"source":"UT.no/DNT"}},{"type":"Feature","id":"firepit-ut-146887919","geometry":{"type":"Point","coordinates":[9.05941,59.100323]},"properties":{"name":"Bålplass Smibekkhavna","description":"Dette stedet ligger i Drangedal sentrum.","elevation":113,"source":"UT.no/DNT"}},{"type":"Feature","id":"firepit-ut-146888217","geometry":{"type":"Point","coordinates":[9.70878,59.262461]},"properties":{"name":"Bålplass Tudalskulten, ved gapahuken","description":"Bålplass ved lysløypa med stor gapahuk.","elevation":305,"source":"UT.no/DNT"}},{"type":"Feature","id":"firepit-ut-146888376","geometry":{"type":"Point","coordinates":[9.046446,59.094615]},"properties":{"name":"Grillhytte ved Bygdetunet","description":"Turmålet ligger ved Drangedal Bygdetun.","elevation":116,"source":"UT.no/DNT"}},{"type":"Feature","id":"firepit-ut-146888036","geometry":{"type":"Point","coordinates":[7.816547,58.408096]},"properties":{"name":"Gåseflå naturskole, bålplass","description":"Stor bålplass med ramme av naturstein.","elevation":169,"source":"UT.no/DNT"}},{"type":"Feature","id":"firepit-ut-146888073","geometry":{"type":"Point","coordinates":[9.624435,59.143849]},"properties":{"name":"Bålplass Kverndammen","description":"Tilrettelagt bålplass ved Kverndammen.","elevation":40,"source":"UT.no/DNT"}},{"type":"Feature","id":"firepit-ut-146888254","geometry":{"type":"Point","coordinates":[8.826387,59.269553]},"properties":{"name":"Bålplass Jomfruhuken","description":"Koselig tilrettelagt for bålbrenning.","elevation":645,"source":"UT.no/DNT"}},{"type":"Feature","id":"firepit-ut-146888474","geometry":{"type":"Point","coordinates":[10.057785,59.03185]},"properties":{"name":"Sukkersletta","description":"En fin rasteplass med to bålplasser.","elevation":5,"source":"UT.no/DNT"}},{"type":"Feature","id":"firepit-ut-146888169","geometry":{"type":"Point","coordinates":[9.72647,59.02878]},"properties":{"name":"Bålplass Asvallstranda","description":"Koselig sted med benker og bålpanne.","elevation":2,"source":"UT.no/DNT"}},{"type":"Feature","id":"firepit-ut-146888072","geometry":{"type":"Point","coordinates":[9.585967,59.146829]},"properties":{"name":"Bålplass Kjerkåsen","description":"Tilrettelagt bålplass på Kjerkeåsen.","elevation":193,"source":"UT.no/DNT"}},{"type":"Feature","id":"firepit-ut-146888287","geometry":{"type":"Point","coordinates":[10.186958,59.725032]},"properties":{"name":"Bålplass Blektjern","description":"Bålplass med bålpanne og grillrist.","elevation":231,"source":"UT.no/DNT"}},{"type":"Feature","id":"firepit-ut-146888043","geometry":{"type":"Point","coordinates":[7.904739,58.072182]},"properties":{"name":"Helleviga, bålplass 4","description":"Natursteinsmurt bålplass med rist.","elevation":1,"source":"UT.no/DNT"}},{"type":"Feature","id":"firepit-ut-146888046","geometry":{"type":"Point","coordinates":[7.910746,58.071703]},"properties":{"name":"Helleviga, bålplass 7","description":"Natursteinsmurt bålplass med rist.","elevation":2,"source":"UT.no/DNT"}},{"type":"Feature","id":"firepit-ut-146888024","geometry":{"type":"Point","coordinates":[7.618593,58.021415]},"properties":{"name":"Harkmarksfjorden naturskole, bålplass 3","description":"Bålfat med rist i rustfritt stål.","elevation":2,"source":"UT.no/DNT"}},{"type":"Feature","id":"firepit-ut-146888013","geometry":{"type":"Point","coordinates":[6.807631,62.472236]},"properties":{"name":"Bålplass Skråvika","description":"Grindløe med benkar og bålplass.","elevation":4,"source":"UT.no/DNT"}},{"type":"Feature","id":"firepit-ut-146887944","geometry":{"type":"Point","coordinates":[6.176936,62.474431]},"properties":{"name":"Bålplass og Gapahuker Aksla Dam 1","description":"Gapahuker, griller og bålplass.","elevation":136,"source":"UT.no/DNT"}},{"type":"Feature","id":"firepit-ut-146888048","geometry":{"type":"Point","coordinates":[7.909319,58.071621]},"properties":{"name":"Helleviga, bålplass 9","description":"Fastmontert bålpanne med rist.","elevation":4,"source":"UT.no/DNT"}},{"type":"Feature","id":"firepit-ut-146888050","geometry":{"type":"Point","coordinates":[7.90813,58.071505]},"properties":{"name":"Helleviga, bålplass 11","description":"Fastmontert bålpanne med rist.","elevation":4,"source":"UT.no/DNT"}},{"type":"Feature","id":"firepit-ut-146888223","geometry":{"type":"Point","coordinates":[10.882557,60.090527]},"properties":{"name":"Bålplass Rulse","description":"Tilrettelagt for bålbrenning.","elevation":130,"source":"UT.no/DNT"}},{"type":"Feature","id":"firepit-ut-146887997","geometry":{"type":"Point","coordinates":[6.094258,62.468543]},"properties":{"name":"Bålplass Tuehuken Torg","description":"Tilrettelagt for bålbrenning.","elevation":25,"source":"UT.no/DNT"}},{"type":"Feature","id":"firepit-ut-146888218","geometry":{"type":"Point","coordinates":[10.889177,59.985635]},"properties":{"name":"Bålplass Romstjern","description":"Tilrettelagt for bålbrenning.","elevation":268,"source":"UT.no/DNT"}},{"type":"Feature","id":"firepit-ut-146888219","geometry":{"type":"Point","coordinates":[10.85942,60.04568]},"properties":{"name":"Bålplass Kruttverket","description":"Tilrettelagt for bålbrenning.","elevation":184,"source":"UT.no/DNT"}},{"type":"Feature","id":"firepit-ut-146888222","geometry":{"type":"Point","coordinates":[10.86256,60.01127]},"properties":{"name":"Bålplass Kjulstjern","description":"Tilrettelagt for bålbrenning.","elevation":352,"source":"UT.no/DNT"}},{"type":"Feature","id":"firepit-ut-146887920","geometry":{"type":"Point","coordinates":[10.676725,59.897567]},"properties":{"name":"Bålplass Huk","description":"Bålpanne — godkjent ildsted.","elevation":6,"source":"UT.no/DNT"}},{"type":"Feature","id":"firepit-ut-146888037","geometry":{"type":"Point","coordinates":[7.908707,58.073025]},"properties":{"name":"Helleviga, bålplass 1","description":"Murt stor bålplass med rist.","elevation":29,"source":"UT.no/DNT"}},{"type":"Feature","id":"firepit-ut-146888097","geometry":{"type":"Point","coordinates":[10.420305,59.893849]},"properties":{"name":"Bålplass Haugsvollen","description":"Bålplass med benker rundt.","elevation":278,"source":"UT.no/DNT"}},{"type":"Feature","id":"firepit-ut-146888212","geometry":{"type":"Point","coordinates":[11.055099,60.793676]},"properties":{"name":"Bålplass mellom Koigen og Ridehusstranda","description":"Bålplass i Hamar kommune.","elevation":124,"source":"UT.no/DNT"}},{"type":"Feature","id":"firepit-ut-146888171","geometry":{"type":"Point","coordinates":[9.74596,58.99355]},"properties":{"name":"Bålplass Steinvika","description":"Bålpanne og sitteplasser.","elevation":7,"source":"UT.no/DNT"}},{"type":"Feature","id":"firepit-ut-146888211","geometry":{"type":"Point","coordinates":[11.075182,60.788307]},"properties":{"name":"Bålplass Tjuvholmen","description":"Bålplass i Hamar kommune.","elevation":124,"source":"UT.no/DNT"}},{"type":"Feature","id":"firepit-ut-146889237","geometry":{"type":"Point","coordinates":[10.806616,63.433654]},"properties":{"name":"Svartneset langs Malvikstien","description":"Turbopost sommeren 2025.","elevation":26,"source":"UT.no/DNT"}},{"type":"Feature","id":"firepit-ut-146888027","geometry":{"type":"Point","coordinates":[7.885865,58.083507]},"properties":{"name":"Donevann naturskole, bålplass 1","description":"Murt bålplass med rist.","elevation":13,"source":"UT.no/DNT"}},{"type":"Feature","id":"firepit-ut-146888034","geometry":{"type":"Point","coordinates":[7.881333,58.075096]},"properties":{"name":"Lauviga, bålplass 1","description":"Støpte flate griller.","elevation":4,"source":"UT.no/DNT"}},{"type":"Feature","id":"firepit-ut-146888173","geometry":{"type":"Point","coordinates":[9.6887,58.97012]},"properties":{"name":"Bålplass Daumannsbukta","description":"Benker og bålpanne.","elevation":1,"source":"UT.no/DNT"}},{"type":"Feature","id":"firepit-ut-146887923","geometry":{"type":"Point","coordinates":[10.631154,59.974592]},"properties":{"name":"Bålplass Jegersborgdammen","description":"Godkjent bålplass.","elevation":179,"source":"UT.no/DNT"}},{"type":"Feature","id":"firepit-ut-146888055","geometry":{"type":"Point","coordinates":[5.342745,60.396487]},"properties":{"name":"Bålplass Fløysletten","description":"Godkjent bålplass.","elevation":325,"source":"UT.no/DNT"}},{"type":"Feature","id":"firepit-ut-144952652","geometry":{"type":"Point","coordinates":[10.683187,60.004928]},"properties":{"name":"Bålplass Skjennungen","description":"Godkjent bålplass.","elevation":419,"source":"UT.no/DNT"}},{"type":"Feature","id":"firepit-ut-146888058","geometry":{"type":"Point","coordinates":[5.314933,60.425783]},"properties":{"name":"Bålplass Garpetjern","description":"Godkjent bålplass.","elevation":159,"source":"UT.no/DNT"}},{"type":"Feature","id":"firepit-ut-146887926","geometry":{"type":"Point","coordinates":[10.666559,59.99983]},"properties":{"name":"Bålplass Lille Tryvannet","description":"Godkjent bålplass.","elevation":400,"source":"UT.no/DNT"}},{"type":"Feature","id":"firepit-ut-146888059","geometry":{"type":"Point","coordinates":[5.412327,60.316459]},"properties":{"name":"Bålplass Myrdalsvannet","description":"Godkjent bålplass.","elevation":83,"source":"UT.no/DNT"}},{"type":"Feature","id":"firepit-ut-146887937","geometry":{"type":"Point","coordinates":[10.867645,59.888705]},"properties":{"name":"Bålplass Ulsrudvann","description":"Godkjent bålplass.","elevation":189,"source":"UT.no/DNT"}},{"type":"Feature","id":"firepit-ut-146887929","geometry":{"type":"Point","coordinates":[10.809441,59.961643]},"properties":{"name":"Bålplass Trollvann øst","description":"Godkjent bålplass.","elevation":312,"source":"UT.no/DNT"}},{"type":"Feature","id":"firepit-ut-146887932","geometry":{"type":"Point","coordinates":[10.861551,59.960116]},"properties":{"name":"Bålplass Vesletjern","description":"Godkjent bålplass.","elevation":231,"source":"UT.no/DNT"}},{"type":"Feature","id":"firepit-ut-146887930","geometry":{"type":"Point","coordinates":[10.806847,59.962319]},"properties":{"name":"Bålplass Trollvann","description":"Godkjent bålplass.","elevation":312,"source":"UT.no/DNT"}},{"type":"Feature","id":"firepit-ut-146887938","geometry":{"type":"Point","coordinates":[10.873909,59.872614]},"properties":{"name":"Bålplass Bråten","description":"Godkjent bålplass.","elevation":167,"source":"UT.no/DNT"}},{"type":"Feature","id":"firepit-ut-146887933","geometry":{"type":"Point","coordinates":[10.88249,59.971756]},"properties":{"name":"Bålplass Badedammen sør","description":"Godkjent bålplass.","elevation":240,"source":"UT.no/DNT"}},{"type":"Feature","id":"firepit-ut-146887934","geometry":{"type":"Point","coordinates":[10.881648,59.974295]},"properties":{"name":"Bålplass Steinbruvann","description":"Godkjent bålplass.","elevation":257,"source":"UT.no/DNT"}},{"type":"Feature","id":"firepit-ut-146887931","geometry":{"type":"Point","coordinates":[10.814818,59.969271]},"properties":{"name":"Bålplass Kapteinsputten","description":"Godkjent bålplass.","elevation":291,"source":"UT.no/DNT"}},{"type":"Feature","id":"firepit-ut-146888056","geometry":{"type":"Point","coordinates":[5.354394,60.394865]},"properties":{"name":"Bålplass Skomakerdiket Øst","description":"Godkjent bålplass.","elevation":322,"source":"UT.no/DNT"}},{"type":"Feature","id":"firepit-ut-146887922","geometry":{"type":"Point","coordinates":[10.730866,59.978443]},"properties":{"name":"Bålplass Sognsvann Nordøst","description":"Godkjent bålplass.","elevation":184,"source":"UT.no/DNT"}},{"type":"Feature","id":"firepit-ut-146887924","geometry":{"type":"Point","coordinates":[10.621982,59.976078]},"properties":{"name":"Bålplass Bogstadvannet nordøst","description":"Godkjent bålplass.","elevation":145,"source":"UT.no/DNT"}},{"type":"Feature","id":"firepit-ut-146887943","geometry":{"type":"Point","coordinates":[10.894343,59.827816]},"properties":{"name":"Bålplass Setertjern","description":"Godkjent bålplass.","elevation":140,"source":"UT.no/DNT"}},{"type":"Feature","id":"firepit-ut-146887921","geometry":{"type":"Point","coordinates":[10.732055,59.974122]},"properties":{"name":"Bålplass Sognsvann øst","description":"Godkjent bålplass.","elevation":184,"source":"UT.no/DNT"}},{"type":"Feature","id":"firepit-ut-146887928","geometry":{"type":"Point","coordinates":[10.723751,60.000739]},"properties":{"name":"Bålplass Store Åklungen","description":"Godkjent bålplass.","elevation":294,"source":"UT.no/DNT"}},{"type":"Feature","id":"firepit-ut-146888057","geometry":{"type":"Point","coordinates":[5.322299,60.424731]},"properties":{"name":"Bålplass Munkebotn","description":"Godkjent bålplass.","elevation":133,"source":"UT.no/DNT"}},{"type":"Feature","id":"firepit-ut-146887925","geometry":{"type":"Point","coordinates":[10.670599,59.982519]},"properties":{"name":"Bålplass Øvresetertjern","description":"Godkjent bålplass.","elevation":479,"source":"UT.no/DNT"}},{"type":"Feature","id":"firepit-ut-146887941","geometry":{"type":"Point","coordinates":[10.875416,59.850868]},"properties":{"name":"Bålplass Rundvann","description":"Godkjent bålplass.","elevation":242,"source":"UT.no/DNT"}},{"type":"Feature","id":"firepit-ut-146887942","geometry":{"type":"Point","coordinates":[10.900518,59.832499]},"properties":{"name":"Bålplass Askevann","description":"Godkjent bålplass.","elevation":148,"source":"UT.no/DNT"}},{"type":"Feature","id":"firepit-ut-146888164","geometry":{"type":"Point","coordinates":[9.282337,59.547867]},"properties":{"name":"Bålplass Tveiten skole","description":"Bålpanne.","elevation":75,"source":"UT.no/DNT"}},{"type":"Feature","id":"firepit-ut-146888162","geometry":{"type":"Point","coordinates":[9.27143,59.59944]},"properties":{"name":"Bålplass Lisleherad Montesorriskole","description":"Bålpanne.","elevation":120,"source":"UT.no/DNT"}},{"type":"Feature","id":"firepit-ut-146888094","geometry":{"type":"Point","coordinates":[7.72239,63.04557]},"properties":{"name":"Bålplass Møstvågen","description":"Ta med egen ved og husk å rydde opp etter deg.","source":"UT.no/DNT"}},{"type":"Feature","id":"firepit-ut-146888023","geometry":{"type":"Point","coordinates":[7.619641,58.022188]},"properties":{"name":"Harkmarksfjorden naturskole, bålplass 2","description":"Grill i metall montert på fjell.","source":"UT.no/DNT"}},{"type":"Feature","id":"firepit-osm-node-8531543043","geometry":{"type":"Point","coordinates":[18.985743,69.692077]},"properties":{"name":"Gapahuk ved Rundvannet","description":"Half open building called \"Gapahuk\" in norwegian which can be used as shelter from snow and rain, but at the same time use as a fire place. Med ly","source":"OpenStreetMap","osm_ref":"node-8531543043"}},{"type":"Feature","id":"firepit-osm-node-4510723296","geometry":{"type":"Point","coordinates":[5.190358,60.465321]},"properties":{"name":"Rasteplass","description":"Bord og benker","source":"OpenStreetMap","osm_ref":"node-4510723296"}},{"type":"Feature","id":"firepit-osm-node-11001806387","geometry":{"type":"Point","coordinates":[6.168063,62.460363]},"properties":{"name":"Slinningsbålet","description":"Very large bonfire built by young people every year for the midsummer celebration. Worlds tallest bonfire in 2016","source":"OpenStreetMap","osm_ref":"node-11001806387"}},{"type":"Feature","id":"firepit-osm-way-1191456514","geometry":{"type":"Point","coordinates":[6.769564,58.093288]},"properties":{"name":"Frelsesarmeens Speidere","source":"OpenStreetMap","osm_ref":"way-1191456514"}},{"type":"Feature","id":"firepit-osm-node-6680330567","geometry":{"type":"Point","coordinates":[10.298649,59.505724]},"properties":{"name":"Tvillingbru padlehuk","source":"OpenStreetMap","osm_ref":"node-6680330567"}},{"type":"Feature","id":"firepit-osm-node-1740458091","geometry":{"type":"Point","coordinates":[10.86252,59.876247]},"properties":{"name":"Bråten","description":"Adgang: official","source":"OpenStreetMap","osm_ref":"node-1740458091"}},{"type":"Feature","id":"firepit-osm-node-2335229720","geometry":{"type":"Point","coordinates":[10.518835,63.409369]},"properties":{"name":"Steinalderplassen","source":"OpenStreetMap","osm_ref":"node-2335229720"}},{"type":"Feature","id":"firepit-osm-node-2714124301","geometry":{"type":"Point","coordinates":[10.295516,63.568135]},"properties":{"name":"Fosenkoia","description":"Med bålplass","source":"OpenStreetMap","osm_ref":"node-2714124301"}},{"type":"Feature","id":"firepit-osm-node-1739682120","geometry":{"type":"Point","coordinates":[10.880794,59.875889]},"properties":{"name":"Bremsrud","description":"Adgang: official","source":"OpenStreetMap","osm_ref":"node-1739682120"}},{"type":"Feature","id":"firepit-osm-node-2714141787","geometry":{"type":"Point","coordinates":[9.443468,63.123743]},"properties":{"name":"Kåsen","description":"Med bålplass","source":"OpenStreetMap","osm_ref":"node-2714141787"}},{"type":"Feature","id":"firepit-osm-node-2714141795","geometry":{"type":"Point","coordinates":[9.197342,63.020181]},"properties":{"name":"Rindalsløa","description":"Med bålplass","source":"OpenStreetMap","osm_ref":"node-2714141795"}},{"type":"Feature","id":"firepit-osm-node-2714141800","geometry":{"type":"Point","coordinates":[9.115975,63.147041]},"properties":{"name":"Stakkslettbua","description":"Med bålplass","source":"OpenStreetMap","osm_ref":"node-2714141800"}},{"type":"Feature","id":"firepit-osm-node-2714156606","geometry":{"type":"Point","coordinates":[11.186559,62.412245]},"properties":{"name":"Øvensenget","description":"Med bålplass","source":"OpenStreetMap","osm_ref":"node-2714156606"}},{"type":"Feature","id":"firepit-osm-node-4485619972","geometry":{"type":"Point","coordinates":[20.942617,69.775583]},"properties":{"name":"Truisku","source":"OpenStreetMap","osm_ref":"node-4485619972"}},{"type":"Feature","id":"firepit-osm-node-6432969628","geometry":{"type":"Point","coordinates":[10.063061,62.732323]},"properties":{"name":"Sandbankan","source":"OpenStreetMap","osm_ref":"node-6432969628"}},{"type":"Feature","id":"firepit-osm-way-222000240","geometry":{"type":"Point","coordinates":[23.451246,69.965933]},"properties":{"name":"Bålplass","description":"Underlag: wood","source":"OpenStreetMap","osm_ref":"way-222000240"}},{"type":"Feature","id":"firepit-osm-way-1348254724","geometry":{"type":"Point","coordinates":[18.987532,69.688068]},"properties":{"name":"Gapahuken","description":"Med ly","source":"OpenStreetMap","osm_ref":"way-1348254724"}},{"type":"Feature","id":"firepit-osm-node-860413944","geometry":{"type":"Point","coordinates":[10.950165,59.825093]},"properties":{"name":"Skjelbreia","description":"Adgang: official","source":"OpenStreetMap","osm_ref":"node-860413944"}},{"type":"Feature","id":"firepit-osm-node-2479649909","geometry":{"type":"Point","coordinates":[10.872823,59.904275]},"properties":{"name":"Måsaplassen","source":"OpenStreetMap","osm_ref":"node-2479649909"}},{"type":"Feature","id":"firepit-osm-node-2714156594","geometry":{"type":"Point","coordinates":[11.534517,63.108808]},"properties":{"name":"Hognabu","description":"Med bålplass","source":"OpenStreetMap","osm_ref":"node-2714156594"}},{"type":"Feature","id":"firepit-osm-node-2872444733","geometry":{"type":"Point","coordinates":[9.142814,62.696045]},"properties":{"name":"Bålplassen","source":"OpenStreetMap","osm_ref":"node-2872444733"}},{"type":"Feature","id":"firepit-osm-node-4416416100","geometry":{"type":"Point","coordinates":[9.207272,58.714981]},"properties":{"name":"Trolltoppen","source":"OpenStreetMap","osm_ref":"node-4416416100"}},{"type":"Feature","id":"firepit-osm-node-1702438958","geometry":{"type":"Point","coordinates":[11.115925,59.744722]},"properties":{"name":"Hvilestan","source":"OpenStreetMap","osm_ref":"node-1702438958"}},{"type":"Feature","id":"firepit-osm-node-1737831576","geometry":{"type":"Point","coordinates":[10.864552,59.901448]},"properties":{"name":"Peiskroken","source":"OpenStreetMap","osm_ref":"node-1737831576"}},{"type":"Feature","id":"firepit-osm-node-2476642548","geometry":{"type":"Point","coordinates":[7.97158,58.070136]},"properties":{"name":"Leirplass","source":"OpenStreetMap","osm_ref":"node-2476642548"}},{"type":"Feature","id":"firepit-osm-node-2525550187","geometry":{"type":"Point","coordinates":[10.982705,60.146244]},"properties":{"name":"Rovolsvarden","source":"OpenStreetMap","osm_ref":"node-2525550187"}},{"type":"Feature","id":"firepit-osm-node-2691309455","geometry":{"type":"Point","coordinates":[5.467288,59.779167]},"properties":{"name":"Gapahuk i Landåsen","source":"OpenStreetMap","osm_ref":"node-2691309455"}},{"type":"Feature","id":"firepit-osm-node-4367876034","geometry":{"type":"Point","coordinates":[9.97885,64.063006]},"properties":{"name":"Iverhallen","source":"OpenStreetMap","osm_ref":"node-4367876034"}},{"type":"Feature","id":"firepit-osm-node-4575701535","geometry":{"type":"Point","coordinates":[10.874664,59.775769]},"properties":{"name":"Bålplass","source":"OpenStreetMap","osm_ref":"node-4575701535"}},{"type":"Feature","id":"firepit-osm-node-5964309640","geometry":{"type":"Point","coordinates":[7.113634,58.059096]},"properties":{"name":"Gapahuken","description":"Adgang: private","source":"OpenStreetMap","osm_ref":"node-5964309640"}},{"type":"Feature","id":"firepit-osm-node-7398245666","geometry":{"type":"Point","coordinates":[11.33428,60.109965]},"properties":{"name":"Tolvstein syd","source":"OpenStreetMap","osm_ref":"node-7398245666"}},{"type":"Feature","id":"firepit-osm-node-7418348287","geometry":{"type":"Point","coordinates":[11.189526,59.635638]},"properties":{"name":"Elghytta","source":"OpenStreetMap","osm_ref":"node-7418348287"}},{"type":"Feature","id":"firepit-osm-node-13011565321","geometry":{"type":"Point","coordinates":[10.351492,59.255923]},"properties":{"name":"Furutoppen","source":"OpenStreetMap","osm_ref":"node-13011565321"}},{"type":"Feature","id":"firepit-osm-node-1457750667","geometry":{"type":"Point","coordinates":[10.777357,59.669448]},"properties":{"name":"Ramlapinnen","source":"OpenStreetMap","osm_ref":"node-1457750667"}},{"type":"Feature","id":"firepit-osm-node-3501191951","geometry":{"type":"Point","coordinates":[5.714291,58.804982]},"properties":{"name":"Kvernaholen","source":"OpenStreetMap","osm_ref":"node-3501191951"}},{"type":"Feature","id":"firepit-osm-node-3718437558","geometry":{"type":"Point","coordinates":[11.48695,61.214924]},"properties":{"name":"Bjørkøyvella","source":"OpenStreetMap","osm_ref":"node-3718437558"}},{"type":"Feature","id":"firepit-osm-node-3719246787","geometry":{"type":"Point","coordinates":[10.782551,62.345464]},"properties":{"name":"Il Gå-På","source":"OpenStreetMap","osm_ref":"node-3719246787"}},{"type":"Feature","id":"firepit-osm-node-3734225782","geometry":{"type":"Point","coordinates":[11.798203,60.330911]},"properties":{"name":"Bålplass","source":"OpenStreetMap","osm_ref":"node-3734225782"}},{"type":"Feature","id":"firepit-osm-node-5720750805","geometry":{"type":"Point","coordinates":[11.028247,63.235066]},"properties":{"name":"Grillplass","source":"OpenStreetMap","osm_ref":"node-5720750805"}},{"type":"Feature","id":"firepit-osm-node-6002880418","geometry":{"type":"Point","coordinates":[18.47733,68.873999]},"properties":{"name":"Mattiplassen","source":"OpenStreetMap","osm_ref":"node-6002880418"}},{"type":"Feature","id":"firepit-osm-node-8409556444","geometry":{"type":"Point","coordinates":[10.986582,59.200227]},"properties":{"name":"Ildsted m/sitteplasser","source":"OpenStreetMap","osm_ref":"node-8409556444"}},{"type":"Feature","id":"firepit-osm-node-8875075291","geometry":{"type":"Point","coordinates":[12.015849,62.013121]},"properties":{"name":"Ildsted","source":"OpenStreetMap","osm_ref":"node-8875075291"}},{"type":"Feature","id":"firepit-osm-node-9069286534","geometry":{"type":"Point","coordinates":[11.018411,59.021938]},"properties":{"name":"Utegrill permanent","source":"OpenStreetMap","osm_ref":"node-9069286534"}},{"type":"Feature","id":"firepit-osm-node-10147917219","geometry":{"type":"Point","coordinates":[11.458371,59.129593]},"properties":{"name":"Bålsted","source":"OpenStreetMap","osm_ref":"node-10147917219"}},{"type":"Feature","id":"firepit-osm-node-10148013865","geometry":{"type":"Point","coordinates":[11.732983,59.158226]},"properties":{"name":"Bålplass","source":"OpenStreetMap","osm_ref":"node-10148013865"}},{"type":"Feature","id":"firepit-osm-node-10888164235","geometry":{"type":"Point","coordinates":[8.306269,59.404646]},"properties":{"name":"Lindeviki","source":"OpenStreetMap","osm_ref":"node-10888164235"}},{"type":"Feature","id":"firepit-osm-node-11088734583","geometry":{"type":"Point","coordinates":[19.029334,69.279675]},"properties":{"name":"Utkikkspunkt og grillplass m/ sma sittebenker","source":"OpenStreetMap","osm_ref":"node-11088734583"}},{"type":"Feature","id":"firepit-osm-node-12180848845","geometry":{"type":"Point","coordinates":[12.600637,66.364487]},"properties":{"name":"Grillplass","source":"OpenStreetMap","osm_ref":"node-12180848845"}},{"type":"Feature","id":"firepit-osm-way-225184133","geometry":{"type":"Point","coordinates":[10.530799,63.41187]},"properties":{"name":"Bålplassen","source":"OpenStreetMap","osm_ref":"way-225184133"}},{"type":"Feature","id":"firepit-osm-way-494773026","geometry":{"type":"Point","coordinates":[19.774712,69.602593]},"properties":{"name":"Trestammers-møte","source":"OpenStreetMap","osm_ref":"way-494773026"}},{"type":"Feature","id":"firepit-osm-node-5787345754","geometry":{"type":"Point","coordinates":[6.834132,61.186162]},"properties":{"name":"Bålplass","description":"Fire pit. Stone ring.","source":"OpenStreetMap","osm_ref":"node-5787345754"}},{"type":"Feature","id":"firepit-osm-node-8760717376","geometry":{"type":"Point","coordinates":[11.597171,60.864182]},"properties":{"name":"Bålplass","description":"Bygd av Åsmund Sveens veg vel","source":"OpenStreetMap","osm_ref":"node-8760717376"}},{"type":"Feature","id":"firepit-osm-node-6002610917","geometry":{"type":"Point","coordinates":[10.772074,60.075507]},"properties":{"name":"Bålplass","description":"A non-official, but nicely built fireplace. Place for 2-3 tents and ~2 hammocks nearby.","source":"OpenStreetMap","osm_ref":"node-6002610917"}},{"type":"Feature","id":"firepit-osm-node-6833896385","geometry":{"type":"Point","coordinates":[12.401664,60.274855]},"properties":{"name":"Bålplass","description":"Nice place for hikers to rest. Facilitated for bonfire.","source":"OpenStreetMap","osm_ref":"node-6833896385"}},{"type":"Feature","id":"firepit-osm-node-6848872703","geometry":{"type":"Point","coordinates":[11.108637,59.588745]},"properties":{"name":"Bålplass","description":"Small fire pit with log benches around it.","source":"OpenStreetMap","osm_ref":"node-6848872703"}},{"type":"Feature","id":"firepit-osm-node-9049310902","geometry":{"type":"Point","coordinates":[18.245646,69.618913]},"properties":{"name":"Bålplass","description":"Pizza oven","source":"OpenStreetMap","osm_ref":"node-9049310902"}},{"type":"Feature","id":"firepit-osm-node-1740745588","geometry":{"type":"Point","coordinates":[10.723957,59.970137]},"properties":{"name":"Bålplass","description":"Adgang: official","source":"OpenStreetMap","osm_ref":"node-1740745588"}},{"type":"Feature","id":"firepit-osm-node-1740745601","geometry":{"type":"Point","coordinates":[10.75446,60.04175]},"properties":{"name":"Bålplass","description":"Adgang: official","source":"OpenStreetMap","osm_ref":"node-1740745601"}},{"type":"Feature","id":"firepit-osm-node-13019761730","geometry":{"type":"Point","coordinates":[10.908491,59.194597]},"properties":{"name":"Bålplass","description":"Adgang: private","source":"OpenStreetMap","osm_ref":"node-13019761730"}},{"type":"Feature","id":"firepit-osm-node-13019761736","geometry":{"type":"Point","coordinates":[10.907963,59.19534]},"properties":{"name":"Bålplass","description":"Adgang: private","source":"OpenStreetMap","osm_ref":"node-13019761736"}},{"type":"Feature","id":"firepit-osm-node-1740483830","geometry":{"type":"Point","coordinates":[10.910079,59.896673]},"properties":{"name":"Bålplass","description":"Adgang: official","source":"OpenStreetMap","osm_ref":"node-1740483830"}},{"type":"Feature","id":"firepit-osm-node-1740483844","geometry":{"type":"Point","coordinates":[10.882789,59.979922]},"properties":{"name":"Bålplass","description":"Adgang: official","source":"OpenStreetMap","osm_ref":"node-1740483844"}},{"type":"Feature","id":"firepit-osm-node-1740745589","geometry":{"type":"Point","coordinates":[10.731994,59.972468]},"properties":{"name":"Bålplass","description":"Adgang: official","source":"OpenStreetMap","osm_ref":"node-1740745589"}},{"type":"Feature","id":"firepit-osm-node-1740745591","geometry":{"type":"Point","coordinates":[10.726712,59.975096]},"properties":{"name":"Bålplass","description":"Adgang: official","source":"OpenStreetMap","osm_ref":"node-1740745591"}},{"type":"Feature","id":"firepit-osm-node-1740745596","geometry":{"type":"Point","coordinates":[10.71637,59.989599]},"properties":{"name":"Bålplass","description":"Adgang: official","source":"OpenStreetMap","osm_ref":"node-1740745596"}},{"type":"Feature","id":"firepit-osm-node-1740745599","geometry":{"type":"Point","coordinates":[10.638523,60.03018]},"properties":{"name":"Bålplass","description":"Adgang: official","source":"OpenStreetMap","osm_ref":"node-1740745599"}},{"type":"Feature","id":"firepit-osm-node-1740745600","geometry":{"type":"Point","coordinates":[10.750846,60.040979]},"properties":{"name":"Bålplass","description":"Adgang: official","source":"OpenStreetMap","osm_ref":"node-1740745600"}},{"type":"Feature","id":"firepit-osm-node-12132743674","geometry":{"type":"Point","coordinates":[14.234232,68.203849]},"properties":{"name":"Bålplass","source":"OpenStreetMap","osm_ref":"node-12132743674"}},{"type":"Feature","id":"firepit-osm-node-12959265418","geometry":{"type":"Point","coordinates":[10.849322,59.867315]},"properties":{"name":"Bålplass","source":"OpenStreetMap","osm_ref":"node-12959265418"}},{"type":"Feature","id":"firepit-osm-node-12995784502","geometry":{"type":"Point","coordinates":[10.270279,59.623325]},"properties":{"name":"Bålplass","source":"OpenStreetMap","osm_ref":"node-12995784502"}},{"type":"Feature","id":"firepit-osm-node-13243279012","geometry":{"type":"Point","coordinates":[10.255783,59.576302]},"properties":{"name":"Bålplass","source":"OpenStreetMap","osm_ref":"node-13243279012"}},{"type":"Feature","id":"firepit-osm-node-860413659","geometry":{"type":"Point","coordinates":[10.927413,59.828469]},"properties":{"name":"Bålplass","source":"OpenStreetMap","osm_ref":"node-860413659"}},{"type":"Feature","id":"firepit-osm-node-996325998","geometry":{"type":"Point","coordinates":[10.881204,59.917651]},"properties":{"name":"Bålplass","description":"Adgang: official","source":"OpenStreetMap","osm_ref":"node-996325998"}},{"type":"Feature","id":"firepit-osm-node-1308404589","geometry":{"type":"Point","coordinates":[10.89954,59.973489]},"properties":{"name":"Bålplass","source":"OpenStreetMap","osm_ref":"node-1308404589"}},{"type":"Feature","id":"firepit-osm-node-1376324218","geometry":{"type":"Point","coordinates":[10.700667,59.97206]},"properties":{"name":"Bålplass","source":"OpenStreetMap","osm_ref":"node-1376324218"}},{"type":"Feature","id":"firepit-osm-node-1411537654","geometry":{"type":"Point","coordinates":[11.011781,59.806241]},"properties":{"name":"Bålplass","description":"Adgang: official","source":"OpenStreetMap","osm_ref":"node-1411537654"}},{"type":"Feature","id":"firepit-osm-node-1431838807","geometry":{"type":"Point","coordinates":[10.307857,63.380188]},"properties":{"name":"Bålplass","source":"OpenStreetMap","osm_ref":"node-1431838807"}},{"type":"Feature","id":"firepit-osm-node-1441721661","geometry":{"type":"Point","coordinates":[10.8809,59.975131]},"properties":{"name":"Bålplass","description":"Adgang: official","source":"OpenStreetMap","osm_ref":"node-1441721661"}},{"type":"Feature","id":"firepit-osm-node-1442755339","geometry":{"type":"Point","coordinates":[10.86901,59.989762]},"properties":{"name":"Bålplass","description":"Adgang: official","source":"OpenStreetMap","osm_ref":"node-1442755339"}},{"type":"Feature","id":"firepit-osm-node-1740745593","geometry":{"type":"Point","coordinates":[10.72629,59.97985]},"properties":{"name":"Bålplass","description":"Adgang: official","source":"OpenStreetMap","osm_ref":"node-1740745593"}},{"type":"Feature","id":"firepit-osm-node-1919257803","geometry":{"type":"Point","coordinates":[10.937009,59.964781]},"properties":{"name":"Bålplass","source":"OpenStreetMap","osm_ref":"node-1919257803"}},{"type":"Feature","id":"firepit-osm-node-1925852192","geometry":{"type":"Point","coordinates":[10.936009,59.966055]},"properties":{"name":"Bålplass","source":"OpenStreetMap","osm_ref":"node-1925852192"}},{"type":"Feature","id":"firepit-osm-node-1931260592","geometry":{"type":"Point","coordinates":[10.941045,59.969384]},"properties":{"name":"Bålplass","source":"OpenStreetMap","osm_ref":"node-1931260592"}},{"type":"Feature","id":"firepit-osm-node-2055207142","geometry":{"type":"Point","coordinates":[10.911176,59.900615]},"properties":{"name":"Bålplass","source":"OpenStreetMap","osm_ref":"node-2055207142"}},{"type":"Feature","id":"firepit-osm-node-2320647619","geometry":{"type":"Point","coordinates":[10.857065,59.959028]},"properties":{"name":"Bålplass","source":"OpenStreetMap","osm_ref":"node-2320647619"}},{"type":"Feature","id":"firepit-osm-node-2320647908","geometry":{"type":"Point","coordinates":[10.85398,59.961137]},"properties":{"name":"Bålplass","source":"OpenStreetMap","osm_ref":"node-2320647908"}},{"type":"Feature","id":"firepit-osm-node-2335229721","geometry":{"type":"Point","coordinates":[10.521129,63.411304]},"properties":{"name":"Bålplass","source":"OpenStreetMap","osm_ref":"node-2335229721"}},{"type":"Feature","id":"firepit-osm-node-2511055255","geometry":{"type":"Point","coordinates":[10.873701,59.998279]},"properties":{"name":"Bålplass","source":"OpenStreetMap","osm_ref":"node-2511055255"}},{"type":"Feature","id":"firepit-osm-node-2542512656","geometry":{"type":"Point","coordinates":[10.881337,59.978507]},"properties":{"name":"Bålplass","source":"OpenStreetMap","osm_ref":"node-2542512656"}},{"type":"Feature","id":"firepit-osm-node-2542512958","geometry":{"type":"Point","coordinates":[10.882381,59.980916]},"properties":{"name":"Bålplass","source":"OpenStreetMap","osm_ref":"node-2542512958"}},{"type":"Feature","id":"firepit-osm-node-2953336682","geometry":{"type":"Point","coordinates":[10.856206,59.968804]},"properties":{"name":"Bålplass","description":"Adgang: no","source":"OpenStreetMap","osm_ref":"node-2953336682"}},{"type":"Feature","id":"firepit-osm-node-2959767292","geometry":{"type":"Point","coordinates":[10.858642,60.007072]},"properties":{"name":"Bålplass","source":"OpenStreetMap","osm_ref":"node-2959767292"}},{"type":"Feature","id":"firepit-osm-node-3093180295","geometry":{"type":"Point","coordinates":[10.907315,59.932117]},"properties":{"name":"Bålplass","source":"OpenStreetMap","osm_ref":"node-3093180295"}},{"type":"Feature","id":"firepit-osm-node-3093180489","geometry":{"type":"Point","coordinates":[10.908496,59.932711]},"properties":{"name":"Bålplass","source":"OpenStreetMap","osm_ref":"node-3093180489"}},{"type":"Feature","id":"firepit-osm-node-7398284971","geometry":{"type":"Point","coordinates":[11.326392,60.104188]},"properties":{"name":"Bålplass","source":"OpenStreetMap","osm_ref":"node-7398284971"}},{"type":"Feature","id":"firepit-osm-node-9900087517","geometry":{"type":"Point","coordinates":[5.819271,58.89444]},"properties":{"name":"Bålplass","source":"OpenStreetMap","osm_ref":"node-9900087517"}},{"type":"Feature","id":"firepit-osm-node-10207626905","geometry":{"type":"Point","coordinates":[7.322498,62.435091]},"properties":{"name":"Bålplass","source":"OpenStreetMap","osm_ref":"node-10207626905"}},{"type":"Feature","id":"firepit-osm-node-11051474140","geometry":{"type":"Point","coordinates":[10.517296,59.294341]},"properties":{"name":"Bålplass","source":"OpenStreetMap","osm_ref":"node-11051474140"}},{"type":"Feature","id":"firepit-osm-node-13612161210","geometry":{"type":"Point","coordinates":[18.727659,69.354174]},"properties":{"name":"Bålplass","source":"OpenStreetMap","osm_ref":"node-13612161210"}},{"type":"Feature","id":"firepit-osm-way-1498857974","geometry":{"type":"Point","coordinates":[10.432351,63.410283]},"properties":{"name":"Bålplass","source":"OpenStreetMap","osm_ref":"way-1498857974"}},{"type":"Feature","id":"firepit-osm-node-493592639","geometry":{"type":"Point","coordinates":[10.411144,59.783887]},"properties":{"name":"Bålplass","source":"OpenStreetMap","osm_ref":"node-493592639"}},{"type":"Feature","id":"firepit-osm-node-759991233","geometry":{"type":"Point","coordinates":[10.316942,59.757001]},"properties":{"name":"Bålplass","source":"OpenStreetMap","osm_ref":"node-759991233"}},{"type":"Feature","id":"firepit-osm-node-849781854","geometry":{"type":"Point","coordinates":[10.390847,59.871406]},"properties":{"name":"Bålplass","source":"OpenStreetMap","osm_ref":"node-849781854"}},{"type":"Feature","id":"firepit-osm-node-860413528","geometry":{"type":"Point","coordinates":[10.991577,59.800628]},"properties":{"name":"Bålplass","source":"OpenStreetMap","osm_ref":"node-860413528"}},{"type":"Feature","id":"firepit-osm-node-963551478","geometry":{"type":"Point","coordinates":[10.69009,59.9686]},"properties":{"name":"Bålplass","source":"OpenStreetMap","osm_ref":"node-963551478"}},{"type":"Feature","id":"firepit-osm-node-996326212","geometry":{"type":"Point","coordinates":[10.894843,59.923694]},"properties":{"name":"Bålplass","source":"OpenStreetMap","osm_ref":"node-996326212"}},{"type":"Feature","id":"firepit-osm-node-1036646587","geometry":{"type":"Point","coordinates":[11.024841,59.766563]},"properties":{"name":"Bålplass","source":"OpenStreetMap","osm_ref":"node-1036646587"}},{"type":"Feature","id":"firepit-osm-node-1308404571","geometry":{"type":"Point","coordinates":[10.889032,59.971665]},"properties":{"name":"Bålplass","source":"OpenStreetMap","osm_ref":"node-1308404571"}},{"type":"Feature","id":"firepit-osm-node-1351759469","geometry":{"type":"Point","coordinates":[11.040952,59.884815]},"properties":{"name":"Bålplass","source":"OpenStreetMap","osm_ref":"node-1351759469"}},{"type":"Feature","id":"firepit-osm-node-1366683636","geometry":{"type":"Point","coordinates":[10.396091,60.041941]},"properties":{"name":"Bålplass","source":"OpenStreetMap","osm_ref":"node-1366683636"}},{"type":"Feature","id":"firepit-osm-node-1376324192","geometry":{"type":"Point","coordinates":[10.71405,59.96512]},"properties":{"name":"Bålplass","source":"OpenStreetMap","osm_ref":"node-1376324192"}},{"type":"Feature","id":"firepit-osm-node-1402753433","geometry":{"type":"Point","coordinates":[10.750308,60.043329]},"properties":{"name":"Bålplass","source":"OpenStreetMap","osm_ref":"node-1402753433"}},{"type":"Feature","id":"firepit-osm-node-1426512861","geometry":{"type":"Point","coordinates":[10.96783,59.800092]},"properties":{"name":"Bålplass","source":"OpenStreetMap","osm_ref":"node-1426512861"}},{"type":"Feature","id":"firepit-osm-node-1429811857","geometry":{"type":"Point","coordinates":[10.664414,59.990597]},"properties":{"name":"Bålplass","source":"OpenStreetMap","osm_ref":"node-1429811857"}},{"type":"Feature","id":"firepit-osm-node-1432237667","geometry":{"type":"Point","coordinates":[10.90086,59.97515]},"properties":{"name":"Bålplass","source":"OpenStreetMap","osm_ref":"node-1432237667"}},{"type":"Feature","id":"firepit-osm-node-1456308560","geometry":{"type":"Point","coordinates":[10.834388,59.801861]},"properties":{"name":"Bålplass","source":"OpenStreetMap","osm_ref":"node-1456308560"}},{"type":"Feature","id":"firepit-osm-node-1701299102","geometry":{"type":"Point","coordinates":[10.66149,59.364244]},"properties":{"name":"Bålplass","source":"OpenStreetMap","osm_ref":"node-1701299102"}},{"type":"Feature","id":"firepit-osm-node-1843371734","geometry":{"type":"Point","coordinates":[10.807579,59.982641]},"properties":{"name":"Bålplass","source":"OpenStreetMap","osm_ref":"node-1843371734"}},{"type":"Feature","id":"firepit-osm-node-1849933673","geometry":{"type":"Point","coordinates":[10.815628,60.069396]},"properties":{"name":"Bålplass","source":"OpenStreetMap","osm_ref":"node-1849933673"}},{"type":"Feature","id":"firepit-osm-node-1887547467","geometry":{"type":"Point","coordinates":[10.733276,59.990019]},"properties":{"name":"Bålplass","source":"OpenStreetMap","osm_ref":"node-1887547467"}},{"type":"Feature","id":"firepit-osm-node-1901405706","geometry":{"type":"Point","coordinates":[10.891808,59.975531]},"properties":{"name":"Bålplass","source":"OpenStreetMap","osm_ref":"node-1901405706"}},{"type":"Feature","id":"firepit-osm-node-1913412884","geometry":{"type":"Point","coordinates":[10.83237,59.994057]},"properties":{"name":"Bålplass","source":"OpenStreetMap","osm_ref":"node-1913412884"}},{"type":"Feature","id":"firepit-osm-node-1925852288","geometry":{"type":"Point","coordinates":[10.936382,59.966688]},"properties":{"name":"Bålplass","source":"OpenStreetMap","osm_ref":"node-1925852288"}},{"type":"Feature","id":"firepit-osm-node-1929824156","geometry":{"type":"Point","coordinates":[10.843946,59.961805]},"properties":{"name":"Bålplass","source":"OpenStreetMap","osm_ref":"node-1929824156"}},{"type":"Feature","id":"firepit-osm-node-1931260487","geometry":{"type":"Point","coordinates":[10.945272,59.964356]},"properties":{"name":"Bålplass","source":"OpenStreetMap","osm_ref":"node-1931260487"}},{"type":"Feature","id":"firepit-osm-node-1931260666","geometry":{"type":"Point","coordinates":[10.943635,59.973416]},"properties":{"name":"Bålplass","source":"OpenStreetMap","osm_ref":"node-1931260666"}},{"type":"Feature","id":"firepit-osm-node-1931260983","geometry":{"type":"Point","coordinates":[10.947815,59.97875]},"properties":{"name":"Bålplass","source":"OpenStreetMap","osm_ref":"node-1931260983"}},{"type":"Feature","id":"firepit-osm-node-1932735893","geometry":{"type":"Point","coordinates":[10.870994,59.98673]},"properties":{"name":"Bålplass","source":"OpenStreetMap","osm_ref":"node-1932735893"}},{"type":"Feature","id":"firepit-osm-node-1973013110","geometry":{"type":"Point","coordinates":[10.855289,59.999589]},"properties":{"name":"Bålplass","source":"OpenStreetMap","osm_ref":"node-1973013110"}},{"type":"Feature","id":"firepit-osm-node-1973013176","geometry":{"type":"Point","coordinates":[10.853353,60.001156]},"properties":{"name":"Bålplass","description":"Adgang: private","source":"OpenStreetMap","osm_ref":"node-1973013176"}},{"type":"Feature","id":"firepit-osm-node-1973013247","geometry":{"type":"Point","coordinates":[10.854944,60.002796]},"properties":{"name":"Bålplass","source":"OpenStreetMap","osm_ref":"node-1973013247"}},{"type":"Feature","id":"firepit-osm-node-1973013252","geometry":{"type":"Point","coordinates":[10.84748,60.002818]},"properties":{"name":"Bålplass","source":"OpenStreetMap","osm_ref":"node-1973013252"}},{"type":"Feature","id":"firepit-osm-node-1973013608","geometry":{"type":"Point","coordinates":[10.849713,60.008175]},"properties":{"name":"Bålplass","description":"Adgang: private","source":"OpenStreetMap","osm_ref":"node-1973013608"}},{"type":"Feature","id":"firepit-osm-node-1973013818","geometry":{"type":"Point","coordinates":[10.86099,60.009884]},"properties":{"name":"Bålplass","source":"OpenStreetMap","osm_ref":"node-1973013818"}},{"type":"Feature","id":"firepit-osm-node-1974912162","geometry":{"type":"Point","coordinates":[10.840206,60.017583]},"properties":{"name":"Bålplass","description":"Adgang: private","source":"OpenStreetMap","osm_ref":"node-1974912162"}},{"type":"Feature","id":"firepit-osm-node-1974912287","geometry":{"type":"Point","coordinates":[10.84566,60.019019]},"properties":{"name":"Bålplass","description":"Adgang: private","source":"OpenStreetMap","osm_ref":"node-1974912287"}},{"type":"Feature","id":"firepit-osm-node-1974912333","geometry":{"type":"Point","coordinates":[10.845986,60.020368]},"properties":{"name":"Bålplass","source":"OpenStreetMap","osm_ref":"node-1974912333"}},{"type":"Feature","id":"firepit-osm-node-1978511960","geometry":{"type":"Point","coordinates":[10.83166,60.016857]},"properties":{"name":"Bålplass","source":"OpenStreetMap","osm_ref":"node-1978511960"}},{"type":"Feature","id":"firepit-osm-node-1978512094","geometry":{"type":"Point","coordinates":[10.831164,60.017696]},"properties":{"name":"Bålplass","source":"OpenStreetMap","osm_ref":"node-1978512094"}},{"type":"Feature","id":"firepit-osm-node-1987681489","geometry":{"type":"Point","coordinates":[10.978171,59.221566]},"properties":{"name":"Bålplass","source":"OpenStreetMap","osm_ref":"node-1987681489"}},{"type":"Feature","id":"firepit-osm-node-2247395858","geometry":{"type":"Point","coordinates":[10.830962,60.170302]},"properties":{"name":"Bålplass","source":"OpenStreetMap","osm_ref":"node-2247395858"}},{"type":"Feature","id":"firepit-osm-node-2252799685","geometry":{"type":"Point","coordinates":[10.94565,60.028029]},"properties":{"name":"Bålplass","source":"OpenStreetMap","osm_ref":"node-2252799685"}},{"type":"Feature","id":"firepit-osm-node-2260490022","geometry":{"type":"Point","coordinates":[10.680631,60.087277]},"properties":{"name":"Bålplass","source":"OpenStreetMap","osm_ref":"node-2260490022"}},{"type":"Feature","id":"firepit-osm-node-2313049615","geometry":{"type":"Point","coordinates":[10.936587,60.031448]},"properties":{"name":"Bålplass","source":"OpenStreetMap","osm_ref":"node-2313049615"}},{"type":"Feature","id":"firepit-osm-node-2313049727","geometry":{"type":"Point","coordinates":[10.9345,60.042482]},"properties":{"name":"Bålplass","source":"OpenStreetMap","osm_ref":"node-2313049727"}},{"type":"Feature","id":"firepit-osm-node-2320647736","geometry":{"type":"Point","coordinates":[10.856101,59.959675]},"properties":{"name":"Bålplass","source":"OpenStreetMap","osm_ref":"node-2320647736"}},{"type":"Feature","id":"firepit-osm-node-2320647754","geometry":{"type":"Point","coordinates":[10.854229,59.959786]},"properties":{"name":"Bålplass","source":"OpenStreetMap","osm_ref":"node-2320647754"}},{"type":"Feature","id":"firepit-osm-node-2320647909","geometry":{"type":"Point","coordinates":[10.856192,59.961143]},"properties":{"name":"Bålplass","source":"OpenStreetMap","osm_ref":"node-2320647909"}},{"type":"Feature","id":"firepit-osm-node-2387346339","geometry":{"type":"Point","coordinates":[10.859134,59.962493]},"properties":{"name":"Bålplass","source":"OpenStreetMap","osm_ref":"node-2387346339"}},{"type":"Feature","id":"firepit-osm-node-2456244421","geometry":{"type":"Point","coordinates":[10.858608,60.009998]},"properties":{"name":"Bålplass","description":"Adgang: private","source":"OpenStreetMap","osm_ref":"node-2456244421"}},{"type":"Feature","id":"firepit-osm-node-2459972099","geometry":{"type":"Point","coordinates":[10.825507,59.971382]},"properties":{"name":"Bålplass","source":"OpenStreetMap","osm_ref":"node-2459972099"}},{"type":"Feature","id":"firepit-osm-node-2511054659","geometry":{"type":"Point","coordinates":[10.865863,59.991955]},"properties":{"name":"Bålplass","source":"OpenStreetMap","osm_ref":"node-2511054659"}},{"type":"Feature","id":"firepit-osm-node-2511054810","geometry":{"type":"Point","coordinates":[10.870257,59.99392]},"properties":{"name":"Bålplass","source":"OpenStreetMap","osm_ref":"node-2511054810"}},{"type":"Feature","id":"firepit-osm-node-2511055024","geometry":{"type":"Point","coordinates":[10.871756,59.995011]},"properties":{"name":"Bålplass","source":"OpenStreetMap","osm_ref":"node-2511055024"}},{"type":"Feature","id":"firepit-osm-node-2511055155","geometry":{"type":"Point","coordinates":[10.871154,59.996931]},"properties":{"name":"Bålplass","source":"OpenStreetMap","osm_ref":"node-2511055155"}},{"type":"Feature","id":"firepit-osm-node-2867502383","geometry":{"type":"Point","coordinates":[11.047339,59.219916]},"properties":{"name":"Bålplass","source":"OpenStreetMap","osm_ref":"node-2867502383"}},{"type":"Feature","id":"firepit-osm-node-2873689379","geometry":{"type":"Point","coordinates":[10.839011,59.953038]},"properties":{"name":"Bålplass","source":"OpenStreetMap","osm_ref":"node-2873689379"}},{"type":"Feature","id":"firepit-osm-node-2952542507","geometry":{"type":"Point","coordinates":[9.093561,62.70095]},"properties":{"name":"Bålplass","source":"OpenStreetMap","osm_ref":"node-2952542507"}},{"type":"Feature","id":"firepit-osm-node-2953337465","geometry":{"type":"Point","coordinates":[10.862531,59.977904]},"properties":{"name":"Bålplass","description":"Adgang: no","source":"OpenStreetMap","osm_ref":"node-2953337465"}},{"type":"Feature","id":"firepit-osm-node-2961140347","geometry":{"type":"Point","coordinates":[10.848679,60.003199]},"properties":{"name":"Bålplass","source":"OpenStreetMap","osm_ref":"node-2961140347"}},{"type":"Feature","id":"firepit-osm-node-2990849913","geometry":{"type":"Point","coordinates":[8.984635,61.342133]},"properties":{"name":"Bålplass","source":"OpenStreetMap","osm_ref":"node-2990849913"}},{"type":"Feature","id":"firepit-osm-node-3076592180","geometry":{"type":"Point","coordinates":[10.838525,59.952352]},"properties":{"name":"Bålplass","source":"OpenStreetMap","osm_ref":"node-3076592180"}},{"type":"Feature","id":"firepit-osm-node-3105430546","geometry":{"type":"Point","coordinates":[10.899763,59.931885]},"properties":{"name":"Bålplass","source":"OpenStreetMap","osm_ref":"node-3105430546"}},{"type":"Feature","id":"firepit-osm-node-3105430561","geometry":{"type":"Point","coordinates":[10.898468,59.932299]},"properties":{"name":"Bålplass","source":"OpenStreetMap","osm_ref":"node-3105430561"}},{"type":"Feature","id":"firepit-osm-node-3126280641","geometry":{"type":"Point","coordinates":[10.893773,59.958753]},"properties":{"name":"Bålplass","source":"OpenStreetMap","osm_ref":"node-3126280641"}},{"type":"Feature","id":"firepit-osm-node-3234104103","geometry":{"type":"Point","coordinates":[10.816253,59.711999]},"properties":{"name":"Bålplass","source":"OpenStreetMap","osm_ref":"node-3234104103"}},{"type":"Feature","id":"firepit-osm-node-3247040104","geometry":{"type":"Point","coordinates":[10.842642,60.011902]},"properties":{"name":"Bålplass","source":"OpenStreetMap","osm_ref":"node-3247040104"}},{"type":"Feature","id":"firepit-osm-node-3247040940","geometry":{"type":"Point","coordinates":[10.839242,60.018175]},"properties":{"name":"Bålplass","description":"Adgang: private","source":"OpenStreetMap","osm_ref":"node-3247040940"}},{"type":"Feature","id":"firepit-osm-node-3279439679","geometry":{"type":"Point","coordinates":[10.810959,59.797583]},"properties":{"name":"Bålplass","source":"OpenStreetMap","osm_ref":"node-3279439679"}},{"type":"Feature","id":"firepit-osm-node-3450992493","geometry":{"type":"Point","coordinates":[10.688554,59.968761]},"properties":{"name":"Bålplass","source":"OpenStreetMap","osm_ref":"node-3450992493"}},{"type":"Feature","id":"firepit-osm-node-3597243493","geometry":{"type":"Point","coordinates":[10.638814,59.674976]},"properties":{"name":"Bålplass","source":"OpenStreetMap","osm_ref":"node-3597243493"}},{"type":"Feature","id":"firepit-osm-node-4341903600","geometry":{"type":"Point","coordinates":[10.439545,59.418265]},"properties":{"name":"Bålplass","source":"OpenStreetMap","osm_ref":"node-4341903600"}},{"type":"Feature","id":"firepit-osm-node-4436813208","geometry":{"type":"Point","coordinates":[9.215868,58.716231]},"properties":{"name":"Bålplass","source":"OpenStreetMap","osm_ref":"node-4436813208"}},{"type":"Feature","id":"firepit-osm-node-4436814857","geometry":{"type":"Point","coordinates":[9.218467,58.735287]},"properties":{"name":"Bålplass","source":"OpenStreetMap","osm_ref":"node-4436814857"}},{"type":"Feature","id":"firepit-osm-node-4436818145","geometry":{"type":"Point","coordinates":[9.212889,58.707521]},"properties":{"name":"Bålplass","source":"OpenStreetMap","osm_ref":"node-4436818145"}},{"type":"Feature","id":"firepit-osm-node-4487710439","geometry":{"type":"Point","coordinates":[10.810592,59.797132]},"properties":{"name":"Bålplass","source":"OpenStreetMap","osm_ref":"node-4487710439"}},{"type":"Feature","id":"firepit-osm-node-4704474826","geometry":{"type":"Point","coordinates":[11.047207,59.938361]},"properties":{"name":"Bålplass","source":"OpenStreetMap","osm_ref":"node-4704474826"}},{"type":"Feature","id":"firepit-osm-node-5241023014","geometry":{"type":"Point","coordinates":[10.383926,59.764437]},"properties":{"name":"Bålplass","source":"OpenStreetMap","osm_ref":"node-5241023014"}},{"type":"Feature","id":"firepit-osm-node-5566631864","geometry":{"type":"Point","coordinates":[23.465066,69.373606]},"properties":{"name":"Bålplass","description":"Med bålplass","source":"OpenStreetMap","osm_ref":"node-5566631864"}},{"type":"Feature","id":"firepit-osm-node-5979744784","geometry":{"type":"Point","coordinates":[11.359732,60.211367]},"properties":{"name":"Bålplass","source":"OpenStreetMap","osm_ref":"node-5979744784"}},{"type":"Feature","id":"firepit-osm-node-6015051545","geometry":{"type":"Point","coordinates":[10.941733,59.967743]},"properties":{"name":"Bålplass","source":"OpenStreetMap","osm_ref":"node-6015051545"}},{"type":"Feature","id":"firepit-osm-node-6029623343","geometry":{"type":"Point","coordinates":[11.415044,59.154568]},"properties":{"name":"Bålplass","source":"OpenStreetMap","osm_ref":"node-6029623343"}},{"type":"Feature","id":"firepit-osm-node-6116358559","geometry":{"type":"Point","coordinates":[11.267057,60.268252]},"properties":{"name":"Bålplass","source":"OpenStreetMap","osm_ref":"node-6116358559"}},{"type":"Feature","id":"firepit-osm-node-6451232505","geometry":{"type":"Point","coordinates":[10.359579,59.766196]},"properties":{"name":"Bålplass","source":"OpenStreetMap","osm_ref":"node-6451232505"}},{"type":"Feature","id":"firepit-osm-node-6451232506","geometry":{"type":"Point","coordinates":[10.348711,59.76736]},"properties":{"name":"Bålplass","source":"OpenStreetMap","osm_ref":"node-6451232506"}},{"type":"Feature","id":"firepit-osm-node-6550719909","geometry":{"type":"Point","coordinates":[10.386302,60.229031]},"properties":{"name":"Bålplass","source":"OpenStreetMap","osm_ref":"node-6550719909"}},{"type":"Feature","id":"firepit-osm-node-6565533109","geometry":{"type":"Point","coordinates":[10.360811,60.222897]},"properties":{"name":"Bålplass","source":"OpenStreetMap","osm_ref":"node-6565533109"}},{"type":"Feature","id":"firepit-osm-node-6577466712","geometry":{"type":"Point","coordinates":[10.308763,60.191581]},"properties":{"name":"Bålplass","source":"OpenStreetMap","osm_ref":"node-6577466712"}},{"type":"Feature","id":"firepit-osm-node-6582336127","geometry":{"type":"Point","coordinates":[10.305629,60.193022]},"properties":{"name":"Bålplass","source":"OpenStreetMap","osm_ref":"node-6582336127"}},{"type":"Feature","id":"firepit-osm-node-6587465447","geometry":{"type":"Point","coordinates":[11.183104,60.166898]},"properties":{"name":"Bålplass","source":"OpenStreetMap","osm_ref":"node-6587465447"}},{"type":"Feature","id":"firepit-osm-node-6588671875","geometry":{"type":"Point","coordinates":[11.158266,60.155889]},"properties":{"name":"Bålplass","source":"OpenStreetMap","osm_ref":"node-6588671875"}},{"type":"Feature","id":"firepit-osm-node-6594131503","geometry":{"type":"Point","coordinates":[10.731932,60.275482]},"properties":{"name":"Bålplass","source":"OpenStreetMap","osm_ref":"node-6594131503"}},{"type":"Feature","id":"firepit-osm-node-6611820569","geometry":{"type":"Point","coordinates":[11.295739,60.950559]},"properties":{"name":"Bålplass","source":"OpenStreetMap","osm_ref":"node-6611820569"}},{"type":"Feature","id":"firepit-osm-node-6625244724","geometry":{"type":"Point","coordinates":[10.72063,60.275028]},"properties":{"name":"Bålplass","source":"OpenStreetMap","osm_ref":"node-6625244724"}},{"type":"Feature","id":"firepit-osm-node-6634462785","geometry":{"type":"Point","coordinates":[10.640639,59.672939]},"properties":{"name":"Bålplass","source":"OpenStreetMap","osm_ref":"node-6634462785"}},{"type":"Feature","id":"firepit-osm-node-6665288729","geometry":{"type":"Point","coordinates":[9.181984,60.335241]},"properties":{"name":"Bålplass","source":"OpenStreetMap","osm_ref":"node-6665288729"}},{"type":"Feature","id":"firepit-osm-node-6699012361","geometry":{"type":"Point","coordinates":[6.175922,59.000968]},"properties":{"name":"Bålplass","source":"OpenStreetMap","osm_ref":"node-6699012361"}},{"type":"Feature","id":"firepit-osm-node-6744714313","geometry":{"type":"Point","coordinates":[6.664946,60.313152]},"properties":{"name":"Bålplass","source":"OpenStreetMap","osm_ref":"node-6744714313"}},{"type":"Feature","id":"firepit-osm-node-6760329121","geometry":{"type":"Point","coordinates":[5.346773,60.39207]},"properties":{"name":"Bålplass","source":"OpenStreetMap","osm_ref":"node-6760329121"}},{"type":"Feature","id":"firepit-osm-node-6787719544","geometry":{"type":"Point","coordinates":[11.217309,60.200468]},"properties":{"name":"Bålplass","source":"OpenStreetMap","osm_ref":"node-6787719544"}},{"type":"Feature","id":"firepit-osm-node-6958840350","geometry":{"type":"Point","coordinates":[10.308595,60.049086]},"properties":{"name":"Bålplass","source":"OpenStreetMap","osm_ref":"node-6958840350"}},{"type":"Feature","id":"firepit-osm-node-7003643265","geometry":{"type":"Point","coordinates":[10.798019,59.983034]},"properties":{"name":"Bålplass","source":"OpenStreetMap","osm_ref":"node-7003643265"}},{"type":"Feature","id":"firepit-osm-node-7503713274","geometry":{"type":"Point","coordinates":[5.294348,60.349735]},"properties":{"name":"Bålplass","source":"OpenStreetMap","osm_ref":"node-7503713274"}},{"type":"Feature","id":"firepit-osm-node-7629354632","geometry":{"type":"Point","coordinates":[10.367349,59.879041]},"properties":{"name":"Bålplass","source":"OpenStreetMap","osm_ref":"node-7629354632"}},{"type":"Feature","id":"firepit-osm-node-7643184531","geometry":{"type":"Point","coordinates":[6.837621,60.875606]},"properties":{"name":"Bålplass","source":"OpenStreetMap","osm_ref":"node-7643184531"}},{"type":"Feature","id":"firepit-osm-node-7681380873","geometry":{"type":"Point","coordinates":[10.762037,60.119091]},"properties":{"name":"Bålplass","source":"OpenStreetMap","osm_ref":"node-7681380873"}},{"type":"Feature","id":"firepit-osm-node-7684887271","geometry":{"type":"Point","coordinates":[9.585523,59.657721]},"properties":{"name":"Bålplass","source":"OpenStreetMap","osm_ref":"node-7684887271"}},{"type":"Feature","id":"firepit-osm-node-7684995387","geometry":{"type":"Point","coordinates":[9.585102,59.656834]},"properties":{"name":"Bålplass","source":"OpenStreetMap","osm_ref":"node-7684995387"}},{"type":"Feature","id":"firepit-osm-node-7685956093","geometry":{"type":"Point","coordinates":[9.590857,59.654761]},"properties":{"name":"Bålplass","source":"OpenStreetMap","osm_ref":"node-7685956093"}},{"type":"Feature","id":"firepit-osm-node-7685969996","geometry":{"type":"Point","coordinates":[9.593024,59.656368]},"properties":{"name":"Bålplass","source":"OpenStreetMap","osm_ref":"node-7685969996"}},{"type":"Feature","id":"firepit-osm-node-7687729652","geometry":{"type":"Point","coordinates":[9.578962,59.668051]},"properties":{"name":"Bålplass","source":"OpenStreetMap","osm_ref":"node-7687729652"}},{"type":"Feature","id":"firepit-osm-node-7799247791","geometry":{"type":"Point","coordinates":[10.123835,63.406518]},"properties":{"name":"Bålplass","source":"OpenStreetMap","osm_ref":"node-7799247791"}},{"type":"Feature","id":"firepit-osm-node-8255500670","geometry":{"type":"Point","coordinates":[5.726738,58.650536]},"properties":{"name":"Bålplass","source":"OpenStreetMap","osm_ref":"node-8255500670"}},{"type":"Feature","id":"firepit-osm-node-8274724305","geometry":{"type":"Point","coordinates":[9.217707,62.092871]},"properties":{"name":"Bålplass","source":"OpenStreetMap","osm_ref":"node-8274724305"}},{"type":"Feature","id":"firepit-osm-node-8275112319","geometry":{"type":"Point","coordinates":[10.66793,59.839106]},"properties":{"name":"Bålplass","description":"Underlag: wood","source":"OpenStreetMap","osm_ref":"node-8275112319"}},{"type":"Feature","id":"firepit-osm-node-8278616601","geometry":{"type":"Point","coordinates":[10.897719,60.144603]},"properties":{"name":"Bålplass","source":"OpenStreetMap","osm_ref":"node-8278616601"}},{"type":"Feature","id":"firepit-osm-node-8281149390","geometry":{"type":"Point","coordinates":[10.816141,60.07637]},"properties":{"name":"Bålplass","source":"OpenStreetMap","osm_ref":"node-8281149390"}},{"type":"Feature","id":"firepit-osm-node-8567679017","geometry":{"type":"Point","coordinates":[10.99588,59.665265]},"properties":{"name":"Bålplass","source":"OpenStreetMap","osm_ref":"node-8567679017"}},{"type":"Feature","id":"firepit-osm-node-9323091727","geometry":{"type":"Point","coordinates":[10.778403,59.666914]},"properties":{"name":"Bålplass","description":"Adgang: private","source":"OpenStreetMap","osm_ref":"node-9323091727"}},{"type":"Feature","id":"firepit-osm-node-9325633675","geometry":{"type":"Point","coordinates":[18.93985,69.6473]},"properties":{"name":"Bålplass","source":"OpenStreetMap","osm_ref":"node-9325633675"}},{"type":"Feature","id":"firepit-osm-node-11883808856","geometry":{"type":"Point","coordinates":[10.823075,59.873625]},"properties":{"name":"Bålplass","source":"OpenStreetMap","osm_ref":"node-11883808856"}},{"type":"Feature","id":"firepit-osm-node-11899283535","geometry":{"type":"Point","coordinates":[10.759721,63.275952]},"properties":{"name":"Bålplass","source":"OpenStreetMap","osm_ref":"node-11899283535"}},{"type":"Feature","id":"firepit-osm-node-11946319166","geometry":{"type":"Point","coordinates":[10.813741,59.873783]},"properties":{"name":"Bålplass","source":"OpenStreetMap","osm_ref":"node-11946319166"}},{"type":"Feature","id":"firepit-osm-node-11993727104","geometry":{"type":"Point","coordinates":[10.792899,59.833374]},"properties":{"name":"Bålplass","source":"OpenStreetMap","osm_ref":"node-11993727104"}},{"type":"Feature","id":"firepit-osm-node-12071374876","geometry":{"type":"Point","coordinates":[20.258817,69.385789]},"properties":{"name":"Bålplass","source":"OpenStreetMap","osm_ref":"node-12071374876"}},{"type":"Feature","id":"firepit-osm-node-12153178482","geometry":{"type":"Point","coordinates":[7.670161,62.469506]},"properties":{"name":"Bålplass","source":"OpenStreetMap","osm_ref":"node-12153178482"}},{"type":"Feature","id":"firepit-osm-node-12519230482","geometry":{"type":"Point","coordinates":[6.706476,62.506553]},"properties":{"name":"Bålplass","source":"OpenStreetMap","osm_ref":"node-12519230482"}},{"type":"Feature","id":"firepit-osm-node-12723794201","geometry":{"type":"Point","coordinates":[10.191361,59.754079]},"properties":{"name":"Bålplass","source":"OpenStreetMap","osm_ref":"node-12723794201"}},{"type":"Feature","id":"firepit-osm-node-12799890252","geometry":{"type":"Point","coordinates":[10.324594,63.250881]},"properties":{"name":"Bålplass","description":"Adgang: private","source":"OpenStreetMap","osm_ref":"node-12799890252"}},{"type":"Feature","id":"firepit-osm-node-12862838449","geometry":{"type":"Point","coordinates":[11.341902,60.112146]},"properties":{"name":"Bålplass","source":"OpenStreetMap","osm_ref":"node-12862838449"}},{"type":"Feature","id":"firepit-osm-node-13005745126","geometry":{"type":"Point","coordinates":[10.352102,59.253432]},"properties":{"name":"Bålplass","source":"OpenStreetMap","osm_ref":"node-13005745126"}},{"type":"Feature","id":"firepit-osm-node-13012063856","geometry":{"type":"Point","coordinates":[9.278047,61.958111]},"properties":{"name":"Bålplass","source":"OpenStreetMap","osm_ref":"node-13012063856"}},{"type":"Feature","id":"firepit-osm-node-13013273865","geometry":{"type":"Point","coordinates":[9.178539,62.086217]},"properties":{"name":"Bålplass","source":"OpenStreetMap","osm_ref":"node-13013273865"}},{"type":"Feature","id":"firepit-osm-node-13016755450","geometry":{"type":"Point","coordinates":[10.808342,63.802929]},"properties":{"name":"Bålplass","source":"OpenStreetMap","osm_ref":"node-13016755450"}},{"type":"Feature","id":"firepit-osm-node-13017547791","geometry":{"type":"Point","coordinates":[11.354168,64.019024]},"properties":{"name":"Bålplass","source":"OpenStreetMap","osm_ref":"node-13017547791"}},{"type":"Feature","id":"firepit-osm-node-13556426681","geometry":{"type":"Point","coordinates":[10.658286,59.923572]},"properties":{"name":"Bålplass","source":"OpenStreetMap","osm_ref":"node-13556426681"}},{"type":"Feature","id":"firepit-osm-way-298049436","geometry":{"type":"Point","coordinates":[10.135304,59.738473]},"properties":{"name":"Bålplass","description":"Adgang: unknown","source":"OpenStreetMap","osm_ref":"way-298049436"}},{"type":"Feature","id":"firepit-osm-way-358355874","geometry":{"type":"Point","coordinates":[11.001886,59.183651]},"properties":{"name":"Bålplass","source":"OpenStreetMap","osm_ref":"way-358355874"}},{"type":"Feature","id":"firepit-osm-way-629685661","geometry":{"type":"Point","coordinates":[11.33125,60.199388]},"properties":{"name":"Bålplass","source":"OpenStreetMap","osm_ref":"way-629685661"}},{"type":"Feature","id":"firepit-osm-way-633367908","geometry":{"type":"Point","coordinates":[11.331491,60.212855]},"properties":{"name":"Bålplass","source":"OpenStreetMap","osm_ref":"way-633367908"}},{"type":"Feature","id":"firepit-osm-way-633463787","geometry":{"type":"Point","coordinates":[11.356411,60.212848]},"properties":{"name":"Bålplass","source":"OpenStreetMap","osm_ref":"way-633463787"}},{"type":"Feature","id":"firepit-osm-way-815927851","geometry":{"type":"Point","coordinates":[10.218204,59.762101]},"properties":{"name":"Bålplass","source":"OpenStreetMap","osm_ref":"way-815927851"}},{"type":"Feature","id":"firepit-osm-way-1395893755","geometry":{"type":"Point","coordinates":[17.999083,69.236544]},"properties":{"name":"Bålplass","source":"OpenStreetMap","osm_ref":"way-1395893755"}},{"type":"Feature","id":"firepit-osm-node-863941952","geometry":{"type":"Point","coordinates":[10.565705,59.992597]},"properties":{"name":"Bålplass","source":"OpenStreetMap","osm_ref":"node-863941952"}},{"type":"Feature","id":"firepit-osm-node-867120743","geometry":{"type":"Point","coordinates":[10.509066,59.970219]},"properties":{"name":"Bålplass","source":"OpenStreetMap","osm_ref":"node-867120743"}},{"type":"Feature","id":"firepit-osm-node-897709586","geometry":{"type":"Point","coordinates":[10.949026,59.877226]},"properties":{"name":"Bålplass","source":"OpenStreetMap","osm_ref":"node-897709586"}},{"type":"Feature","id":"firepit-osm-node-908946786","geometry":{"type":"Point","coordinates":[10.999203,59.797625]},"properties":{"name":"Bålplass","source":"OpenStreetMap","osm_ref":"node-908946786"}},{"type":"Feature","id":"firepit-osm-node-918403615","geometry":{"type":"Point","coordinates":[10.609285,59.960452]},"properties":{"name":"Bålplass","source":"OpenStreetMap","osm_ref":"node-918403615"}},{"type":"Feature","id":"firepit-osm-node-945224371","geometry":{"type":"Point","coordinates":[10.690483,59.989878]},"properties":{"name":"Bålplass","source":"OpenStreetMap","osm_ref":"node-945224371"}},{"type":"Feature","id":"firepit-osm-node-963550531","geometry":{"type":"Point","coordinates":[10.711966,59.96594]},"properties":{"name":"Bålplass","source":"OpenStreetMap","osm_ref":"node-963550531"}},{"type":"Feature","id":"firepit-osm-node-974021472","geometry":{"type":"Point","coordinates":[10.711985,60.04532]},"properties":{"name":"Bålplass","source":"OpenStreetMap","osm_ref":"node-974021472"}},{"type":"Feature","id":"firepit-osm-node-994142054","geometry":{"type":"Point","coordinates":[10.86883,59.898096]},"properties":{"name":"Bålplass","source":"OpenStreetMap","osm_ref":"node-994142054"}},{"type":"Feature","id":"firepit-osm-node-999689122","geometry":{"type":"Point","coordinates":[10.846513,59.848243]},"properties":{"name":"Bålplass","source":"OpenStreetMap","osm_ref":"node-999689122"}},{"type":"Feature","id":"firepit-osm-node-1036036265","geometry":{"type":"Point","coordinates":[10.879761,60.002108]},"properties":{"name":"Bålplass","source":"OpenStreetMap","osm_ref":"node-1036036265"}},{"type":"Feature","id":"firepit-osm-node-1244797952","geometry":{"type":"Point","coordinates":[10.450495,59.8053]},"properties":{"name":"Bålplass","source":"OpenStreetMap","osm_ref":"node-1244797952"}},{"type":"Feature","id":"firepit-osm-node-1268296199","geometry":{"type":"Point","coordinates":[10.97045,59.748208]},"properties":{"name":"Bålplass","source":"OpenStreetMap","osm_ref":"node-1268296199"}},{"type":"Feature","id":"firepit-osm-node-1268296289","geometry":{"type":"Point","coordinates":[10.917371,59.746476]},"properties":{"name":"Bålplass","source":"OpenStreetMap","osm_ref":"node-1268296289"}},{"type":"Feature","id":"firepit-osm-node-1273493483","geometry":{"type":"Point","coordinates":[10.941764,59.709241]},"properties":{"name":"Bålplass","source":"OpenStreetMap","osm_ref":"node-1273493483"}},{"type":"Feature","id":"firepit-osm-node-1273494583","geometry":{"type":"Point","coordinates":[10.991272,59.69696]},"properties":{"name":"Bålplass","source":"OpenStreetMap","osm_ref":"node-1273494583"}},{"type":"Feature","id":"firepit-osm-node-1273494662","geometry":{"type":"Point","coordinates":[10.970382,59.704758]},"properties":{"name":"Bålplass","source":"OpenStreetMap","osm_ref":"node-1273494662"}},{"type":"Feature","id":"firepit-osm-node-1273494731","geometry":{"type":"Point","coordinates":[10.989372,59.705]},"properties":{"name":"Bålplass","source":"OpenStreetMap","osm_ref":"node-1273494731"}},{"type":"Feature","id":"firepit-osm-node-1276288718","geometry":{"type":"Point","coordinates":[10.957793,59.688531]},"properties":{"name":"Bålplass","source":"OpenStreetMap","osm_ref":"node-1276288718"}},{"type":"Feature","id":"firepit-osm-node-1278463744","geometry":{"type":"Point","coordinates":[11.026104,59.702049]},"properties":{"name":"Bålplass","source":"OpenStreetMap","osm_ref":"node-1278463744"}},{"type":"Feature","id":"firepit-osm-node-1279840569","geometry":{"type":"Point","coordinates":[10.862581,59.884578]},"properties":{"name":"Bålplass","source":"OpenStreetMap","osm_ref":"node-1279840569"}},{"type":"Feature","id":"firepit-osm-node-1283091272","geometry":{"type":"Point","coordinates":[10.874298,59.884445]},"properties":{"name":"Bålplass","source":"OpenStreetMap","osm_ref":"node-1283091272"}},{"type":"Feature","id":"firepit-osm-node-1285077604","geometry":{"type":"Point","coordinates":[10.914732,60.201129]},"properties":{"name":"Bålplass","source":"OpenStreetMap","osm_ref":"node-1285077604"}},{"type":"Feature","id":"firepit-osm-node-1292066184","geometry":{"type":"Point","coordinates":[10.981503,59.831595]},"properties":{"name":"Bålplass","source":"OpenStreetMap","osm_ref":"node-1292066184"}},{"type":"Feature","id":"firepit-osm-node-1302133649","geometry":{"type":"Point","coordinates":[10.806172,59.949307]},"properties":{"name":"Bålplass","source":"OpenStreetMap","osm_ref":"node-1302133649"}},{"type":"Feature","id":"firepit-osm-node-1313128794","geometry":{"type":"Point","coordinates":[10.809387,59.951328]},"properties":{"name":"Bålplass","source":"OpenStreetMap","osm_ref":"node-1313128794"}},{"type":"Feature","id":"firepit-osm-node-1317301969","geometry":{"type":"Point","coordinates":[10.820291,59.709965]},"properties":{"name":"Bålplass","source":"OpenStreetMap","osm_ref":"node-1317301969"}},{"type":"Feature","id":"firepit-osm-node-1349631027","geometry":{"type":"Point","coordinates":[10.966997,59.815385]},"properties":{"name":"Bålplass","source":"OpenStreetMap","osm_ref":"node-1349631027"}},{"type":"Feature","id":"firepit-osm-node-1351759392","geometry":{"type":"Point","coordinates":[11.00988,59.850193]},"properties":{"name":"Bålplass","source":"OpenStreetMap","osm_ref":"node-1351759392"}},{"type":"Feature","id":"firepit-osm-node-1363700300","geometry":{"type":"Point","coordinates":[10.614929,60.115281]},"properties":{"name":"Bålplass","source":"OpenStreetMap","osm_ref":"node-1363700300"}},{"type":"Feature","id":"firepit-osm-node-1363867395","geometry":{"type":"Point","coordinates":[10.662987,60.10828]},"properties":{"name":"Bålplass","source":"OpenStreetMap","osm_ref":"node-1363867395"}},{"type":"Feature","id":"firepit-osm-node-1364873141","geometry":{"type":"Point","coordinates":[10.756884,59.99597]},"properties":{"name":"Bålplass","source":"OpenStreetMap","osm_ref":"node-1364873141"}},{"type":"Feature","id":"firepit-osm-node-1406300025","geometry":{"type":"Point","coordinates":[10.823854,59.828538]},"properties":{"name":"Bålplass","source":"OpenStreetMap","osm_ref":"node-1406300025"}},{"type":"Feature","id":"firepit-osm-node-1413865953","geometry":{"type":"Point","coordinates":[10.379371,60.123699]},"properties":{"name":"Bålplass","source":"OpenStreetMap","osm_ref":"node-1413865953"}},{"type":"Feature","id":"firepit-osm-node-1426513117","geometry":{"type":"Point","coordinates":[10.957889,59.807592]},"properties":{"name":"Bålplass","source":"OpenStreetMap","osm_ref":"node-1426513117"}},{"type":"Feature","id":"firepit-osm-node-1454950829","geometry":{"type":"Point","coordinates":[10.759088,59.670858]},"properties":{"name":"Bålplass","source":"OpenStreetMap","osm_ref":"node-1454950829"}},{"type":"Feature","id":"firepit-osm-node-1454950952","geometry":{"type":"Point","coordinates":[10.763444,59.673071]},"properties":{"name":"Bålplass","source":"OpenStreetMap","osm_ref":"node-1454950952"}},{"type":"Feature","id":"firepit-osm-node-1454950970","geometry":{"type":"Point","coordinates":[10.75685,59.6732]},"properties":{"name":"Bålplass","source":"OpenStreetMap","osm_ref":"node-1454950970"}},{"type":"Feature","id":"firepit-osm-node-1454951008","geometry":{"type":"Point","coordinates":[10.756653,59.674255]},"properties":{"name":"Bålplass","source":"OpenStreetMap","osm_ref":"node-1454951008"}},{"type":"Feature","id":"firepit-osm-node-1540137984","geometry":{"type":"Point","coordinates":[10.847198,60.10381]},"properties":{"name":"Bålplass","source":"OpenStreetMap","osm_ref":"node-1540137984"}},{"type":"Feature","id":"firepit-osm-node-1631979316","geometry":{"type":"Point","coordinates":[10.872565,59.893795]},"properties":{"name":"Bålplass","source":"OpenStreetMap","osm_ref":"node-1631979316"}},{"type":"Feature","id":"firepit-osm-node-1692419931","geometry":{"type":"Point","coordinates":[10.750913,59.974252]},"properties":{"name":"Bålplass","source":"OpenStreetMap","osm_ref":"node-1692419931"}},{"type":"Feature","id":"firepit-osm-node-1697968208","geometry":{"type":"Point","coordinates":[10.798783,59.711476]},"properties":{"name":"Bålplass","source":"OpenStreetMap","osm_ref":"node-1697968208"}},{"type":"Feature","id":"firepit-osm-node-1702438994","geometry":{"type":"Point","coordinates":[11.083482,59.729119]},"properties":{"name":"Bålplass","source":"OpenStreetMap","osm_ref":"node-1702438994"}},{"type":"Feature","id":"firepit-osm-node-1722360205","geometry":{"type":"Point","coordinates":[10.867842,59.891774]},"properties":{"name":"Bålplass","source":"OpenStreetMap","osm_ref":"node-1722360205"}},{"type":"Feature","id":"firepit-osm-node-1725527020","geometry":{"type":"Point","coordinates":[10.842477,59.858697]},"properties":{"name":"Bålplass","source":"OpenStreetMap","osm_ref":"node-1725527020"}},{"type":"Feature","id":"firepit-osm-node-1729412399","geometry":{"type":"Point","coordinates":[10.865258,59.859864]},"properties":{"name":"Bålplass","source":"OpenStreetMap","osm_ref":"node-1729412399"}},{"type":"Feature","id":"firepit-osm-node-1730112171","geometry":{"type":"Point","coordinates":[10.851563,59.852967]},"properties":{"name":"Bålplass","source":"OpenStreetMap","osm_ref":"node-1730112171"}},{"type":"Feature","id":"firepit-osm-node-1732379891","geometry":{"type":"Point","coordinates":[10.749828,59.96766]},"properties":{"name":"Bålplass","source":"OpenStreetMap","osm_ref":"node-1732379891"}},{"type":"Feature","id":"firepit-osm-node-1732379897","geometry":{"type":"Point","coordinates":[10.750944,59.96798]},"properties":{"name":"Bålplass","source":"OpenStreetMap","osm_ref":"node-1732379897"}},{"type":"Feature","id":"firepit-osm-node-1732379913","geometry":{"type":"Point","coordinates":[10.74606,59.970357]},"properties":{"name":"Bålplass","source":"OpenStreetMap","osm_ref":"node-1732379913"}},{"type":"Feature","id":"firepit-osm-node-1737831611","geometry":{"type":"Point","coordinates":[10.861663,59.89941]},"properties":{"name":"Bålplass","source":"OpenStreetMap","osm_ref":"node-1737831611"}},{"type":"Feature","id":"firepit-osm-node-1738680667","geometry":{"type":"Point","coordinates":[10.854534,59.858932]},"properties":{"name":"Bålplass","source":"OpenStreetMap","osm_ref":"node-1738680667"}},{"type":"Feature","id":"firepit-osm-node-1738680700","geometry":{"type":"Point","coordinates":[10.858046,59.861105]},"properties":{"name":"Bålplass","source":"OpenStreetMap","osm_ref":"node-1738680700"}},{"type":"Feature","id":"firepit-osm-node-1743509356","geometry":{"type":"Point","coordinates":[10.852887,59.874422]},"properties":{"name":"Bålplass","source":"OpenStreetMap","osm_ref":"node-1743509356"}},{"type":"Feature","id":"firepit-osm-node-1750624066","geometry":{"type":"Point","coordinates":[10.97977,59.798689]},"properties":{"name":"Bålplass","source":"OpenStreetMap","osm_ref":"node-1750624066"}},{"type":"Feature","id":"firepit-osm-node-1754335152","geometry":{"type":"Point","coordinates":[10.921579,59.814291]},"properties":{"name":"Bålplass","source":"OpenStreetMap","osm_ref":"node-1754335152"}},{"type":"Feature","id":"firepit-osm-node-1756504901","geometry":{"type":"Point","coordinates":[10.918082,59.810291]},"properties":{"name":"Bålplass","source":"OpenStreetMap","osm_ref":"node-1756504901"}},{"type":"Feature","id":"firepit-osm-node-1756504986","geometry":{"type":"Point","coordinates":[10.947989,59.822845]},"properties":{"name":"Bålplass","source":"OpenStreetMap","osm_ref":"node-1756504986"}},{"type":"Feature","id":"firepit-osm-node-1760431857","geometry":{"type":"Point","coordinates":[10.881068,59.850612]},"properties":{"name":"Bålplass","source":"OpenStreetMap","osm_ref":"node-1760431857"}},{"type":"Feature","id":"firepit-osm-node-1766859498","geometry":{"type":"Point","coordinates":[10.869032,59.822583]},"properties":{"name":"Bålplass","source":"OpenStreetMap","osm_ref":"node-1766859498"}},{"type":"Feature","id":"firepit-osm-node-1773758873","geometry":{"type":"Point","coordinates":[10.820792,59.970791]},"properties":{"name":"Bålplass","source":"OpenStreetMap","osm_ref":"node-1773758873"}},{"type":"Feature","id":"firepit-osm-node-1784728512","geometry":{"type":"Point","coordinates":[10.916084,59.750196]},"properties":{"name":"Bålplass","source":"OpenStreetMap","osm_ref":"node-1784728512"}},{"type":"Feature","id":"firepit-osm-node-1793413263","geometry":{"type":"Point","coordinates":[11.058137,59.933857]},"properties":{"name":"Bålplass","source":"OpenStreetMap","osm_ref":"node-1793413263"}},{"type":"Feature","id":"firepit-osm-node-1805466218","geometry":{"type":"Point","coordinates":[10.840642,59.949269]},"properties":{"name":"Bålplass","source":"OpenStreetMap","osm_ref":"node-1805466218"}},{"type":"Feature","id":"firepit-osm-node-1825652670","geometry":{"type":"Point","coordinates":[10.891896,59.870206]},"properties":{"name":"Bålplass","source":"OpenStreetMap","osm_ref":"node-1825652670"}},{"type":"Feature","id":"firepit-osm-node-1827653022","geometry":{"type":"Point","coordinates":[17.456131,68.449715]},"properties":{"name":"Bålplass","source":"OpenStreetMap","osm_ref":"node-1827653022"}},{"type":"Feature","id":"firepit-osm-node-1843343355","geometry":{"type":"Point","coordinates":[10.813052,60.074836]},"properties":{"name":"Bålplass","source":"OpenStreetMap","osm_ref":"node-1843343355"}},{"type":"Feature","id":"firepit-osm-node-1843343417","geometry":{"type":"Point","coordinates":[10.853498,60.097203]},"properties":{"name":"Bålplass","source":"OpenStreetMap","osm_ref":"node-1843343417"}},{"type":"Feature","id":"firepit-osm-node-1843343539","geometry":{"type":"Point","coordinates":[10.833442,60.111359]},"properties":{"name":"Bålplass","source":"OpenStreetMap","osm_ref":"node-1843343539"}},{"type":"Feature","id":"firepit-osm-node-1862209123","geometry":{"type":"Point","coordinates":[10.883549,60.011194]},"properties":{"name":"Bålplass","source":"OpenStreetMap","osm_ref":"node-1862209123"}},{"type":"Feature","id":"firepit-osm-node-1862209354","geometry":{"type":"Point","coordinates":[10.854691,60.036634]},"properties":{"name":"Bålplass","source":"OpenStreetMap","osm_ref":"node-1862209354"}},{"type":"Feature","id":"firepit-osm-node-1862209364","geometry":{"type":"Point","coordinates":[10.859627,60.038736]},"properties":{"name":"Bålplass","source":"OpenStreetMap","osm_ref":"node-1862209364"}},{"type":"Feature","id":"firepit-osm-node-1878306309","geometry":{"type":"Point","coordinates":[10.710685,59.974469]},"properties":{"name":"Bålplass","source":"OpenStreetMap","osm_ref":"node-1878306309"}},{"type":"Feature","id":"firepit-osm-node-1882674830","geometry":{"type":"Point","coordinates":[10.816966,59.986826]},"properties":{"name":"Bålplass","source":"OpenStreetMap","osm_ref":"node-1882674830"}},{"type":"Feature","id":"firepit-osm-node-1882674887","geometry":{"type":"Point","coordinates":[10.845532,60.02838]},"properties":{"name":"Bålplass","source":"OpenStreetMap","osm_ref":"node-1882674887"}},{"type":"Feature","id":"firepit-osm-node-1905710581","geometry":{"type":"Point","coordinates":[10.858792,59.857302]},"properties":{"name":"Bålplass","source":"OpenStreetMap","osm_ref":"node-1905710581"}},{"type":"Feature","id":"firepit-osm-node-1912938806","geometry":{"type":"Point","coordinates":[10.843205,59.948366]},"properties":{"name":"Bålplass","source":"OpenStreetMap","osm_ref":"node-1912938806"}},{"type":"Feature","id":"firepit-osm-node-1914485724","geometry":{"type":"Point","coordinates":[10.861434,59.858288]},"properties":{"name":"Bålplass","source":"OpenStreetMap","osm_ref":"node-1914485724"}},{"type":"Feature","id":"firepit-osm-node-1985666007","geometry":{"type":"Point","coordinates":[10.535278,59.967864]},"properties":{"name":"Bålplass","source":"OpenStreetMap","osm_ref":"node-1985666007"}},{"type":"Feature","id":"firepit-osm-node-2018157058","geometry":{"type":"Point","coordinates":[10.872286,59.890577]},"properties":{"name":"Bålplass","source":"OpenStreetMap","osm_ref":"node-2018157058"}},{"type":"Feature","id":"firepit-osm-node-2030483509","geometry":{"type":"Point","coordinates":[10.847153,59.850577]},"properties":{"name":"Bålplass","source":"OpenStreetMap","osm_ref":"node-2030483509"}},{"type":"Feature","id":"firepit-osm-node-2147721997","geometry":{"type":"Point","coordinates":[10.983161,59.858817]},"properties":{"name":"Bålplass","source":"OpenStreetMap","osm_ref":"node-2147721997"}},{"type":"Feature","id":"firepit-osm-node-2212117606","geometry":{"type":"Point","coordinates":[11.07695,59.861823]},"properties":{"name":"Bålplass","source":"OpenStreetMap","osm_ref":"node-2212117606"}},{"type":"Feature","id":"firepit-osm-node-2222980759","geometry":{"type":"Point","coordinates":[11.003828,59.868718]},"properties":{"name":"Bålplass","source":"OpenStreetMap","osm_ref":"node-2222980759"}},{"type":"Feature","id":"firepit-osm-node-2256254441","geometry":{"type":"Point","coordinates":[11.169773,60.155712]},"properties":{"name":"Bålplass","source":"OpenStreetMap","osm_ref":"node-2256254441"}},{"type":"Feature","id":"firepit-osm-node-2269839755","geometry":{"type":"Point","coordinates":[10.887493,59.931129]},"properties":{"name":"Bålplass","source":"OpenStreetMap","osm_ref":"node-2269839755"}},{"type":"Feature","id":"firepit-osm-node-2297714186","geometry":{"type":"Point","coordinates":[10.840529,59.970901]},"properties":{"name":"Bålplass","source":"OpenStreetMap","osm_ref":"node-2297714186"}},{"type":"Feature","id":"firepit-osm-node-2306036682","geometry":{"type":"Point","coordinates":[10.561214,59.949228]},"properties":{"name":"Bålplass","source":"OpenStreetMap","osm_ref":"node-2306036682"}},{"type":"Feature","id":"firepit-osm-node-2357231027","geometry":{"type":"Point","coordinates":[11.064525,60.036674]},"properties":{"name":"Bålplass","source":"OpenStreetMap","osm_ref":"node-2357231027"}},{"type":"Feature","id":"firepit-osm-node-2360982129","geometry":{"type":"Point","coordinates":[10.860395,59.893002]},"properties":{"name":"Bålplass","source":"OpenStreetMap","osm_ref":"node-2360982129"}},{"type":"Feature","id":"firepit-osm-node-2371040758","geometry":{"type":"Point","coordinates":[10.405383,59.88078]},"properties":{"name":"Bålplass","description":"Adgang: official","source":"OpenStreetMap","osm_ref":"node-2371040758"}},{"type":"Feature","id":"firepit-osm-node-2377328946","geometry":{"type":"Point","coordinates":[10.877791,60.238742]},"properties":{"name":"Bålplass","description":"Adgang: official","source":"OpenStreetMap","osm_ref":"node-2377328946"}},{"type":"Feature","id":"firepit-osm-node-2399927654","geometry":{"type":"Point","coordinates":[9.360056,58.868968]},"properties":{"name":"Bålplass","source":"OpenStreetMap","osm_ref":"node-2399927654"}},{"type":"Feature","id":"firepit-osm-node-2412751940","geometry":{"type":"Point","coordinates":[9.32297,58.851705]},"properties":{"name":"Bålplass","source":"OpenStreetMap","osm_ref":"node-2412751940"}},{"type":"Feature","id":"firepit-osm-node-2430586767","geometry":{"type":"Point","coordinates":[10.666123,60.254189]},"properties":{"name":"Bålplass","source":"OpenStreetMap","osm_ref":"node-2430586767"}},{"type":"Feature","id":"firepit-osm-node-2449866747","geometry":{"type":"Point","coordinates":[10.890383,59.992154]},"properties":{"name":"Bålplass","source":"OpenStreetMap","osm_ref":"node-2449866747"}},{"type":"Feature","id":"firepit-osm-node-2449867414","geometry":{"type":"Point","coordinates":[10.888837,59.996209]},"properties":{"name":"Bålplass","source":"OpenStreetMap","osm_ref":"node-2449867414"}},{"type":"Feature","id":"firepit-osm-node-2449867418","geometry":{"type":"Point","coordinates":[10.88305,59.996221]},"properties":{"name":"Bålplass","source":"OpenStreetMap","osm_ref":"node-2449867418"}},{"type":"Feature","id":"firepit-osm-node-2464035748","geometry":{"type":"Point","coordinates":[10.71865,60.047842]},"properties":{"name":"Bålplass","source":"OpenStreetMap","osm_ref":"node-2464035748"}},{"type":"Feature","id":"firepit-osm-node-2479638854","geometry":{"type":"Point","coordinates":[10.803615,60.005075]},"properties":{"name":"Bålplass","source":"OpenStreetMap","osm_ref":"node-2479638854"}},{"type":"Feature","id":"firepit-osm-node-2493632704","geometry":{"type":"Point","coordinates":[10.88682,59.989122]},"properties":{"name":"Bålplass","source":"OpenStreetMap","osm_ref":"node-2493632704"}},{"type":"Feature","id":"firepit-osm-node-2493632786","geometry":{"type":"Point","coordinates":[10.888069,59.991812]},"properties":{"name":"Bålplass","source":"OpenStreetMap","osm_ref":"node-2493632786"}},{"type":"Feature","id":"firepit-osm-node-2493632841","geometry":{"type":"Point","coordinates":[10.891182,59.993952]},"properties":{"name":"Bålplass","source":"OpenStreetMap","osm_ref":"node-2493632841"}},{"type":"Feature","id":"firepit-osm-node-2509217662","geometry":{"type":"Point","coordinates":[10.867659,59.990726]},"properties":{"name":"Bålplass","source":"OpenStreetMap","osm_ref":"node-2509217662"}},{"type":"Feature","id":"firepit-osm-node-2589649420","geometry":{"type":"Point","coordinates":[10.826133,59.811781]},"properties":{"name":"Bålplass","source":"OpenStreetMap","osm_ref":"node-2589649420"}},{"type":"Feature","id":"firepit-osm-node-2691309444","geometry":{"type":"Point","coordinates":[5.456135,59.777959]},"properties":{"name":"Bålplass","source":"OpenStreetMap","osm_ref":"node-2691309444"}},{"type":"Feature","id":"firepit-osm-node-2714130617","geometry":{"type":"Point","coordinates":[10.371361,63.827425]},"properties":{"name":"Bålplass","description":"Med bålplass","source":"OpenStreetMap","osm_ref":"node-2714130617"}},{"type":"Feature","id":"firepit-osm-node-2714156598","geometry":{"type":"Point","coordinates":[11.418565,63.390244]},"properties":{"name":"Bålplass","description":"Med bålplass","source":"OpenStreetMap","osm_ref":"node-2714156598"}},{"type":"Feature","id":"firepit-osm-node-2719358589","geometry":{"type":"Point","coordinates":[10.854616,59.968201]},"properties":{"name":"Bålplass","description":"Adgang: no","source":"OpenStreetMap","osm_ref":"node-2719358589"}},{"type":"Feature","id":"firepit-osm-node-2719358638","geometry":{"type":"Point","coordinates":[10.853412,59.968546]},"properties":{"name":"Bålplass","description":"Adgang: no","source":"OpenStreetMap","osm_ref":"node-2719358638"}},{"type":"Feature","id":"firepit-osm-node-2719358947","geometry":{"type":"Point","coordinates":[10.855031,59.970808]},"properties":{"name":"Bålplass","source":"OpenStreetMap","osm_ref":"node-2719358947"}},{"type":"Feature","id":"firepit-osm-node-2719727093","geometry":{"type":"Point","coordinates":[10.862631,60.009678]},"properties":{"name":"Bålplass","source":"OpenStreetMap","osm_ref":"node-2719727093"}},{"type":"Feature","id":"firepit-osm-node-2859091049","geometry":{"type":"Point","coordinates":[11.026621,59.225398]},"properties":{"name":"Bålplass","source":"OpenStreetMap","osm_ref":"node-2859091049"}},{"type":"Feature","id":"firepit-osm-node-2867474979","geometry":{"type":"Point","coordinates":[11.119491,59.591653]},"properties":{"name":"Bålplass","source":"OpenStreetMap","osm_ref":"node-2867474979"}},{"type":"Feature","id":"firepit-osm-node-2919515196","geometry":{"type":"Point","coordinates":[9.205968,58.80752]},"properties":{"name":"Bålplass","source":"OpenStreetMap","osm_ref":"node-2919515196"}},{"type":"Feature","id":"firepit-osm-node-2937530461","geometry":{"type":"Point","coordinates":[10.382534,59.854315]},"properties":{"name":"Bålplass","source":"OpenStreetMap","osm_ref":"node-2937530461"}},{"type":"Feature","id":"firepit-osm-node-2953337247","geometry":{"type":"Point","coordinates":[10.864492,59.97555]},"properties":{"name":"Bålplass","source":"OpenStreetMap","osm_ref":"node-2953337247"}},{"type":"Feature","id":"firepit-osm-node-2961139100","geometry":{"type":"Point","coordinates":[10.845372,60.002927]},"properties":{"name":"Bålplass","source":"OpenStreetMap","osm_ref":"node-2961139100"}},{"type":"Feature","id":"firepit-osm-node-2961140477","geometry":{"type":"Point","coordinates":[10.846161,60.004797]},"properties":{"name":"Bålplass","description":"Adgang: private","source":"OpenStreetMap","osm_ref":"node-2961140477"}},{"type":"Feature","id":"firepit-osm-node-2975068095","geometry":{"type":"Point","coordinates":[10.196342,59.545968]},"properties":{"name":"Bålplass","source":"OpenStreetMap","osm_ref":"node-2975068095"}},{"type":"Feature","id":"firepit-osm-node-3020604386","geometry":{"type":"Point","coordinates":[10.271798,63.400368]},"properties":{"name":"Bålplass","source":"OpenStreetMap","osm_ref":"node-3020604386"}},{"type":"Feature","id":"firepit-osm-node-3076596562","geometry":{"type":"Point","coordinates":[10.839669,59.956206]},"properties":{"name":"Bålplass","source":"OpenStreetMap","osm_ref":"node-3076596562"}},{"type":"Feature","id":"firepit-osm-node-3137314264","geometry":{"type":"Point","coordinates":[10.284441,63.384496]},"properties":{"name":"Bålplass","source":"OpenStreetMap","osm_ref":"node-3137314264"}},{"type":"Feature","id":"firepit-osm-node-3139135546","geometry":{"type":"Point","coordinates":[10.868898,59.992024]},"properties":{"name":"Bålplass","source":"OpenStreetMap","osm_ref":"node-3139135546"}},{"type":"Feature","id":"firepit-osm-node-3147975836","geometry":{"type":"Point","coordinates":[10.870454,59.990845]},"properties":{"name":"Bålplass","source":"OpenStreetMap","osm_ref":"node-3147975836"}},{"type":"Feature","id":"firepit-osm-node-3150451803","geometry":{"type":"Point","coordinates":[10.899991,59.995303]},"properties":{"name":"Bålplass","source":"OpenStreetMap","osm_ref":"node-3150451803"}},{"type":"Feature","id":"firepit-osm-node-3155436490","geometry":{"type":"Point","coordinates":[10.843894,59.970007]},"properties":{"name":"Bålplass","source":"OpenStreetMap","osm_ref":"node-3155436490"}},{"type":"Feature","id":"firepit-osm-node-3164058344","geometry":{"type":"Point","coordinates":[10.872324,59.848083]},"properties":{"name":"Bålplass","source":"OpenStreetMap","osm_ref":"node-3164058344"}},{"type":"Feature","id":"firepit-osm-node-3234104102","geometry":{"type":"Point","coordinates":[10.822368,59.705579]},"properties":{"name":"Bålplass","source":"OpenStreetMap","osm_ref":"node-3234104102"}},{"type":"Feature","id":"firepit-osm-node-3269263362","geometry":{"type":"Point","coordinates":[10.587054,59.768195]},"properties":{"name":"Bålplass","source":"OpenStreetMap","osm_ref":"node-3269263362"}},{"type":"Feature","id":"firepit-osm-node-3398066395","geometry":{"type":"Point","coordinates":[10.79548,59.711366]},"properties":{"name":"Bålplass","source":"OpenStreetMap","osm_ref":"node-3398066395"}},{"type":"Feature","id":"firepit-osm-node-3468222882","geometry":{"type":"Point","coordinates":[10.593918,59.941058]},"properties":{"name":"Bålplass","source":"OpenStreetMap","osm_ref":"node-3468222882"}},{"type":"Feature","id":"firepit-osm-node-3563791626","geometry":{"type":"Point","coordinates":[10.353091,63.321854]},"properties":{"name":"Bålplass","source":"OpenStreetMap","osm_ref":"node-3563791626"}},{"type":"Feature","id":"firepit-osm-node-3604947259","geometry":{"type":"Point","coordinates":[10.353603,63.430154]},"properties":{"name":"Bålplass","source":"OpenStreetMap","osm_ref":"node-3604947259"}},{"type":"Feature","id":"firepit-osm-node-3748391417","geometry":{"type":"Point","coordinates":[9.835553,59.842044]},"properties":{"name":"Bålplass","source":"OpenStreetMap","osm_ref":"node-3748391417"}},{"type":"Feature","id":"firepit-osm-node-3748789498","geometry":{"type":"Point","coordinates":[9.999544,59.772797]},"properties":{"name":"Bålplass","source":"OpenStreetMap","osm_ref":"node-3748789498"}},{"type":"Feature","id":"firepit-osm-node-3750887132","geometry":{"type":"Point","coordinates":[10.015323,59.779457]},"properties":{"name":"Bålplass","source":"OpenStreetMap","osm_ref":"node-3750887132"}},{"type":"Feature","id":"firepit-osm-node-3750887133","geometry":{"type":"Point","coordinates":[10.011184,59.772016]},"properties":{"name":"Bålplass","source":"OpenStreetMap","osm_ref":"node-3750887133"}},{"type":"Feature","id":"firepit-osm-node-3750912059","geometry":{"type":"Point","coordinates":[9.992105,59.798281]},"properties":{"name":"Bålplass","source":"OpenStreetMap","osm_ref":"node-3750912059"}},{"type":"Feature","id":"firepit-osm-node-3771045283","geometry":{"type":"Point","coordinates":[9.984402,59.777465]},"properties":{"name":"Bålplass","source":"OpenStreetMap","osm_ref":"node-3771045283"}},{"type":"Feature","id":"firepit-osm-node-3976698184","geometry":{"type":"Point","coordinates":[5.292228,60.43184]},"properties":{"name":"Bålplass","source":"OpenStreetMap","osm_ref":"node-3976698184"}},{"type":"Feature","id":"firepit-osm-node-4341081006","geometry":{"type":"Point","coordinates":[10.809657,59.707543]},"properties":{"name":"Bålplass","source":"OpenStreetMap","osm_ref":"node-4341081006"}},{"type":"Feature","id":"firepit-osm-node-4341081007","geometry":{"type":"Point","coordinates":[10.81267,59.707565]},"properties":{"name":"Bålplass","source":"OpenStreetMap","osm_ref":"node-4341081007"}},{"type":"Feature","id":"firepit-osm-node-4343004601","geometry":{"type":"Point","coordinates":[10.257555,63.440702]},"properties":{"name":"Bålplass","source":"OpenStreetMap","osm_ref":"node-4343004601"}},{"type":"Feature","id":"firepit-osm-node-4343004602","geometry":{"type":"Point","coordinates":[10.253683,63.440745]},"properties":{"name":"Bålplass","source":"OpenStreetMap","osm_ref":"node-4343004602"}},{"type":"Feature","id":"firepit-osm-node-4345248227","geometry":{"type":"Point","coordinates":[10.447252,59.415612]},"properties":{"name":"Bålplass","source":"OpenStreetMap","osm_ref":"node-4345248227"}},{"type":"Feature","id":"firepit-osm-node-4397377489","geometry":{"type":"Point","coordinates":[10.627979,59.483187]},"properties":{"name":"Bålplass","source":"OpenStreetMap","osm_ref":"node-4397377489"}},{"type":"Feature","id":"firepit-osm-node-4437777105","geometry":{"type":"Point","coordinates":[5.351238,60.301472]},"properties":{"name":"Bålplass","source":"OpenStreetMap","osm_ref":"node-4437777105"}},{"type":"Feature","id":"firepit-osm-node-4729103907","geometry":{"type":"Point","coordinates":[11.343219,59.558973]},"properties":{"name":"Bålplass","source":"OpenStreetMap","osm_ref":"node-4729103907"}},{"type":"Feature","id":"firepit-osm-node-4729103973","geometry":{"type":"Point","coordinates":[11.341051,59.559857]},"properties":{"name":"Bålplass","source":"OpenStreetMap","osm_ref":"node-4729103973"}},{"type":"Feature","id":"firepit-osm-node-4746828780","geometry":{"type":"Point","coordinates":[10.418714,59.861096]},"properties":{"name":"Bålplass","source":"OpenStreetMap","osm_ref":"node-4746828780"}},{"type":"Feature","id":"firepit-osm-node-4759769425","geometry":{"type":"Point","coordinates":[5.389632,60.294056]},"properties":{"name":"Bålplass","source":"OpenStreetMap","osm_ref":"node-4759769425"}},{"type":"Feature","id":"firepit-osm-node-4764688820","geometry":{"type":"Point","coordinates":[11.164356,60.234839]},"properties":{"name":"Bålplass","source":"OpenStreetMap","osm_ref":"node-4764688820"}},{"type":"Feature","id":"firepit-osm-node-4800550140","geometry":{"type":"Point","coordinates":[5.043545,61.585427]},"properties":{"name":"Bålplass","source":"OpenStreetMap","osm_ref":"node-4800550140"}},{"type":"Feature","id":"firepit-osm-node-4904939968","geometry":{"type":"Point","coordinates":[11.136463,60.146489]},"properties":{"name":"Bålplass","source":"OpenStreetMap","osm_ref":"node-4904939968"}},{"type":"Feature","id":"firepit-osm-node-5261335189","geometry":{"type":"Point","coordinates":[5.718328,58.932381]},"properties":{"name":"Bålplass","source":"OpenStreetMap","osm_ref":"node-5261335189"}},{"type":"Feature","id":"firepit-osm-node-5305437695","geometry":{"type":"Point","coordinates":[9.76302,59.340238]},"properties":{"name":"Bålplass","source":"OpenStreetMap","osm_ref":"node-5305437695"}},{"type":"Feature","id":"firepit-osm-node-5600516943","geometry":{"type":"Point","coordinates":[10.903438,59.766495]},"properties":{"name":"Bålplass","source":"OpenStreetMap","osm_ref":"node-5600516943"}},{"type":"Feature","id":"firepit-osm-node-5609977224","geometry":{"type":"Point","coordinates":[10.886244,59.773615]},"properties":{"name":"Bålplass","source":"OpenStreetMap","osm_ref":"node-5609977224"}},{"type":"Feature","id":"firepit-osm-node-5795601577","geometry":{"type":"Point","coordinates":[9.562832,59.533485]},"properties":{"name":"Bålplass","source":"OpenStreetMap","osm_ref":"node-5795601577"}},{"type":"Feature","id":"firepit-osm-node-5863911537","geometry":{"type":"Point","coordinates":[23.498284,69.603076]},"properties":{"name":"Bålplass","description":"Adgang: private","source":"OpenStreetMap","osm_ref":"node-5863911537"}},{"type":"Feature","id":"firepit-osm-node-5912350113","geometry":{"type":"Point","coordinates":[6.529888,58.228761]},"properties":{"name":"Bålplass","source":"OpenStreetMap","osm_ref":"node-5912350113"}},{"type":"Feature","id":"firepit-osm-node-5979205055","geometry":{"type":"Point","coordinates":[17.439932,68.434935]},"properties":{"name":"Bålplass","source":"OpenStreetMap","osm_ref":"node-5979205055"}},{"type":"Feature","id":"firepit-osm-node-6054256887","geometry":{"type":"Point","coordinates":[11.399954,59.15189]},"properties":{"name":"Bålplass","source":"OpenStreetMap","osm_ref":"node-6054256887"}},{"type":"Feature","id":"firepit-osm-node-6322540891","geometry":{"type":"Point","coordinates":[10.825711,59.893763]},"properties":{"name":"Bålplass","source":"OpenStreetMap","osm_ref":"node-6322540891"}},{"type":"Feature","id":"firepit-osm-node-6516166481","geometry":{"type":"Point","coordinates":[10.732314,61.136358]},"properties":{"name":"Bålplass","source":"OpenStreetMap","osm_ref":"node-6516166481"}},{"type":"Feature","id":"firepit-osm-node-6565088217","geometry":{"type":"Point","coordinates":[7.433371,58.022072]},"properties":{"name":"Bålplass","source":"OpenStreetMap","osm_ref":"node-6565088217"}},{"type":"Feature","id":"firepit-osm-node-6575449763","geometry":{"type":"Point","coordinates":[10.247555,60.02229]},"properties":{"name":"Bålplass","description":"Adgang: private","source":"OpenStreetMap","osm_ref":"node-6575449763"}},{"type":"Feature","id":"firepit-osm-node-6665441294","geometry":{"type":"Point","coordinates":[9.181782,60.333977]},"properties":{"name":"Bålplass","source":"OpenStreetMap","osm_ref":"node-6665441294"}},{"type":"Feature","id":"firepit-osm-node-6688223171","geometry":{"type":"Point","coordinates":[10.517934,61.125017]},"properties":{"name":"Bålplass","source":"OpenStreetMap","osm_ref":"node-6688223171"}},{"type":"Feature","id":"firepit-osm-node-6758035198","geometry":{"type":"Point","coordinates":[11.194238,59.588145]},"properties":{"name":"Bålplass","source":"OpenStreetMap","osm_ref":"node-6758035198"}},{"type":"Feature","id":"firepit-osm-node-6762594471","geometry":{"type":"Point","coordinates":[29.82802,70.081977]},"properties":{"name":"Bålplass","source":"OpenStreetMap","osm_ref":"node-6762594471"}},{"type":"Feature","id":"firepit-osm-node-6831784052","geometry":{"type":"Point","coordinates":[11.12908,59.609278]},"properties":{"name":"Bålplass","source":"OpenStreetMap","osm_ref":"node-6831784052"}},{"type":"Feature","id":"firepit-osm-node-6836062188","geometry":{"type":"Point","coordinates":[11.159758,59.587101]},"properties":{"name":"Bålplass","source":"OpenStreetMap","osm_ref":"node-6836062188"}},{"type":"Feature","id":"firepit-osm-node-6839387001","geometry":{"type":"Point","coordinates":[11.238239,59.590891]},"properties":{"name":"Bålplass","source":"OpenStreetMap","osm_ref":"node-6839387001"}},{"type":"Feature","id":"firepit-osm-node-6841912739","geometry":{"type":"Point","coordinates":[11.143603,59.601069]},"properties":{"name":"Bålplass","source":"OpenStreetMap","osm_ref":"node-6841912739"}},{"type":"Feature","id":"firepit-osm-node-6843921723","geometry":{"type":"Point","coordinates":[10.834622,59.78792]},"properties":{"name":"Bålplass","source":"OpenStreetMap","osm_ref":"node-6843921723"}},{"type":"Feature","id":"firepit-osm-node-6843929693","geometry":{"type":"Point","coordinates":[10.834322,59.78749]},"properties":{"name":"Bålplass","source":"OpenStreetMap","osm_ref":"node-6843929693"}},{"type":"Feature","id":"firepit-osm-node-6860641662","geometry":{"type":"Point","coordinates":[7.720351,63.114921]},"properties":{"name":"Bålplass","source":"OpenStreetMap","osm_ref":"node-6860641662"}},{"type":"Feature","id":"firepit-osm-node-6877057990","geometry":{"type":"Point","coordinates":[11.377195,59.109452]},"properties":{"name":"Bålplass","source":"OpenStreetMap","osm_ref":"node-6877057990"}},{"type":"Feature","id":"firepit-osm-node-6964876726","geometry":{"type":"Point","coordinates":[11.550415,60.16975]},"properties":{"name":"Bålplass","source":"OpenStreetMap","osm_ref":"node-6964876726"}},{"type":"Feature","id":"firepit-osm-node-7040219128","geometry":{"type":"Point","coordinates":[9.540324,59.206306]},"properties":{"name":"Bålplass","source":"OpenStreetMap","osm_ref":"node-7040219128"}},{"type":"Feature","id":"firepit-osm-node-7044669821","geometry":{"type":"Point","coordinates":[9.546432,59.292235]},"properties":{"name":"Bålplass","source":"OpenStreetMap","osm_ref":"node-7044669821"}},{"type":"Feature","id":"firepit-osm-node-7067320709","geometry":{"type":"Point","coordinates":[11.154372,59.575277]},"properties":{"name":"Bålplass","source":"OpenStreetMap","osm_ref":"node-7067320709"}},{"type":"Feature","id":"firepit-osm-node-7072623516","geometry":{"type":"Point","coordinates":[10.719122,61.120168]},"properties":{"name":"Bålplass","description":"Adgang: private","source":"OpenStreetMap","osm_ref":"node-7072623516"}},{"type":"Feature","id":"firepit-osm-node-7093860695","geometry":{"type":"Point","coordinates":[10.376151,63.431069]},"properties":{"name":"Bålplass","source":"OpenStreetMap","osm_ref":"node-7093860695"}},{"type":"Feature","id":"firepit-osm-node-7131016276","geometry":{"type":"Point","coordinates":[11.520111,59.128179]},"properties":{"name":"Bålplass","source":"OpenStreetMap","osm_ref":"node-7131016276"}},{"type":"Feature","id":"firepit-osm-node-7131044492","geometry":{"type":"Point","coordinates":[11.519068,59.12678]},"properties":{"name":"Bålplass","source":"OpenStreetMap","osm_ref":"node-7131044492"}},{"type":"Feature","id":"firepit-osm-node-7131044493","geometry":{"type":"Point","coordinates":[11.52037,59.125616]},"properties":{"name":"Bålplass","source":"OpenStreetMap","osm_ref":"node-7131044493"}},{"type":"Feature","id":"firepit-osm-node-7131049224","geometry":{"type":"Point","coordinates":[11.516575,59.1269]},"properties":{"name":"Bålplass","source":"OpenStreetMap","osm_ref":"node-7131049224"}},{"type":"Feature","id":"firepit-osm-node-7154103715","geometry":{"type":"Point","coordinates":[11.150341,59.62962]},"properties":{"name":"Bålplass","source":"OpenStreetMap","osm_ref":"node-7154103715"}},{"type":"Feature","id":"firepit-osm-node-7261093693","geometry":{"type":"Point","coordinates":[23.346977,69.975869]},"properties":{"name":"Bålplass","source":"OpenStreetMap","osm_ref":"node-7261093693"}},{"type":"Feature","id":"firepit-osm-node-7280572624","geometry":{"type":"Point","coordinates":[11.189061,59.59353]},"properties":{"name":"Bålplass","source":"OpenStreetMap","osm_ref":"node-7280572624"}},{"type":"Feature","id":"firepit-osm-node-7280572625","geometry":{"type":"Point","coordinates":[11.189434,59.592099]},"properties":{"name":"Bålplass","source":"OpenStreetMap","osm_ref":"node-7280572625"}},{"type":"Feature","id":"firepit-osm-node-7522870989","geometry":{"type":"Point","coordinates":[28.696116,70.788066]},"properties":{"name":"Bålplass","description":"Adgang: private","source":"OpenStreetMap","osm_ref":"node-7522870989"}},{"type":"Feature","id":"firepit-osm-node-7588418200","geometry":{"type":"Point","coordinates":[10.519058,61.136122]},"properties":{"name":"Bålplass","source":"OpenStreetMap","osm_ref":"node-7588418200"}},{"type":"Feature","id":"firepit-osm-node-7667817285","geometry":{"type":"Point","coordinates":[10.774887,60.127759]},"properties":{"name":"Bålplass","source":"OpenStreetMap","osm_ref":"node-7667817285"}},{"type":"Feature","id":"firepit-osm-node-7670912237","geometry":{"type":"Point","coordinates":[8.266197,61.87832]},"properties":{"name":"Bålplass","source":"OpenStreetMap","osm_ref":"node-7670912237"}},{"type":"Feature","id":"firepit-osm-node-7689056048","geometry":{"type":"Point","coordinates":[11.019366,62.415498]},"properties":{"name":"Bålplass","source":"OpenStreetMap","osm_ref":"node-7689056048"}},{"type":"Feature","id":"firepit-osm-node-7707266053","geometry":{"type":"Point","coordinates":[7.829026,58.672625]},"properties":{"name":"Bålplass","source":"OpenStreetMap","osm_ref":"node-7707266053"}},{"type":"Feature","id":"firepit-osm-node-7727992934","geometry":{"type":"Point","coordinates":[11.221143,63.472768]},"properties":{"name":"Bålplass","source":"OpenStreetMap","osm_ref":"node-7727992934"}},{"type":"Feature","id":"firepit-osm-node-7773555887","geometry":{"type":"Point","coordinates":[9.981288,59.399914]},"properties":{"name":"Bålplass","source":"OpenStreetMap","osm_ref":"node-7773555887"}},{"type":"Feature","id":"firepit-osm-node-7775947933","geometry":{"type":"Point","coordinates":[15.823807,66.759598]},"properties":{"name":"Bålplass","source":"OpenStreetMap","osm_ref":"node-7775947933"}},{"type":"Feature","id":"firepit-osm-node-7780782319","geometry":{"type":"Point","coordinates":[10.926387,60.448114]},"properties":{"name":"Bålplass","source":"OpenStreetMap","osm_ref":"node-7780782319"}},{"type":"Feature","id":"firepit-osm-node-8280499624","geometry":{"type":"Point","coordinates":[10.851824,60.071376]},"properties":{"name":"Bålplass","source":"OpenStreetMap","osm_ref":"node-8280499624"}},{"type":"Feature","id":"firepit-osm-node-8406605939","geometry":{"type":"Point","coordinates":[11.338742,59.62941]},"properties":{"name":"Bålplass","source":"OpenStreetMap","osm_ref":"node-8406605939"}},{"type":"Feature","id":"firepit-osm-node-8440043865","geometry":{"type":"Point","coordinates":[6.117535,62.150869]},"properties":{"name":"Bålplass","source":"OpenStreetMap","osm_ref":"node-8440043865"}},{"type":"Feature","id":"firepit-osm-node-8440059809","geometry":{"type":"Point","coordinates":[6.118416,62.151074]},"properties":{"name":"Bålplass","source":"OpenStreetMap","osm_ref":"node-8440059809"}},{"type":"Feature","id":"firepit-osm-node-8440826948","geometry":{"type":"Point","coordinates":[11.373094,59.422445]},"properties":{"name":"Bålplass","source":"OpenStreetMap","osm_ref":"node-8440826948"}},{"type":"Feature","id":"firepit-osm-node-8509346117","geometry":{"type":"Point","coordinates":[9.71802,63.723318]},"properties":{"name":"Bålplass","source":"OpenStreetMap","osm_ref":"node-8509346117"}},{"type":"Feature","id":"firepit-osm-node-8521509520","geometry":{"type":"Point","coordinates":[9.729789,63.721401]},"properties":{"name":"Bålplass","source":"OpenStreetMap","osm_ref":"node-8521509520"}},{"type":"Feature","id":"firepit-osm-node-8521509522","geometry":{"type":"Point","coordinates":[9.724302,63.72189]},"properties":{"name":"Bålplass","source":"OpenStreetMap","osm_ref":"node-8521509522"}},{"type":"Feature","id":"firepit-osm-node-8521509523","geometry":{"type":"Point","coordinates":[9.72094,63.722377]},"properties":{"name":"Bålplass","source":"OpenStreetMap","osm_ref":"node-8521509523"}},{"type":"Feature","id":"firepit-osm-node-8521528721","geometry":{"type":"Point","coordinates":[9.736369,63.716148]},"properties":{"name":"Bålplass","source":"OpenStreetMap","osm_ref":"node-8521528721"}},{"type":"Feature","id":"firepit-osm-node-8521528919","geometry":{"type":"Point","coordinates":[9.71724,63.722811]},"properties":{"name":"Bålplass","source":"OpenStreetMap","osm_ref":"node-8521528919"}},{"type":"Feature","id":"firepit-osm-node-8595973350","geometry":{"type":"Point","coordinates":[11.583109,59.365596]},"properties":{"name":"Bålplass","source":"OpenStreetMap","osm_ref":"node-8595973350"}},{"type":"Feature","id":"firepit-osm-node-8600263340","geometry":{"type":"Point","coordinates":[11.213116,59.600546]},"properties":{"name":"Bålplass","source":"OpenStreetMap","osm_ref":"node-8600263340"}},{"type":"Feature","id":"firepit-osm-node-8677804473","geometry":{"type":"Point","coordinates":[11.12931,60.18443]},"properties":{"name":"Bålplass","source":"OpenStreetMap","osm_ref":"node-8677804473"}},{"type":"Feature","id":"firepit-osm-node-8692173542","geometry":{"type":"Point","coordinates":[11.054545,59.379523]},"properties":{"name":"Bålplass","source":"OpenStreetMap","osm_ref":"node-8692173542"}},{"type":"Feature","id":"firepit-osm-node-8697739457","geometry":{"type":"Point","coordinates":[11.099047,59.616039]},"properties":{"name":"Bålplass","source":"OpenStreetMap","osm_ref":"node-8697739457"}},{"type":"Feature","id":"firepit-osm-node-8754244302","geometry":{"type":"Point","coordinates":[11.080103,59.599153]},"properties":{"name":"Bålplass","source":"OpenStreetMap","osm_ref":"node-8754244302"}},{"type":"Feature","id":"firepit-osm-node-8816854099","geometry":{"type":"Point","coordinates":[5.714305,61.506898]},"properties":{"name":"Bålplass","source":"OpenStreetMap","osm_ref":"node-8816854099"}},{"type":"Feature","id":"firepit-osm-node-8892230537","geometry":{"type":"Point","coordinates":[11.066818,59.625161]},"properties":{"name":"Bålplass","source":"OpenStreetMap","osm_ref":"node-8892230537"}},{"type":"Feature","id":"firepit-osm-node-8959797433","geometry":{"type":"Point","coordinates":[11.25963,59.990541]},"properties":{"name":"Bålplass","source":"OpenStreetMap","osm_ref":"node-8959797433"}},{"type":"Feature","id":"firepit-osm-node-8959797462","geometry":{"type":"Point","coordinates":[11.248662,59.992018]},"properties":{"name":"Bålplass","source":"OpenStreetMap","osm_ref":"node-8959797462"}},{"type":"Feature","id":"firepit-osm-node-8961047890","geometry":{"type":"Point","coordinates":[11.245078,59.954789]},"properties":{"name":"Bålplass","source":"OpenStreetMap","osm_ref":"node-8961047890"}},{"type":"Feature","id":"firepit-osm-node-8969070520","geometry":{"type":"Point","coordinates":[11.159621,60.224592]},"properties":{"name":"Bålplass","source":"OpenStreetMap","osm_ref":"node-8969070520"}},{"type":"Feature","id":"firepit-osm-node-8969142406","geometry":{"type":"Point","coordinates":[11.152078,60.214494]},"properties":{"name":"Bålplass","source":"OpenStreetMap","osm_ref":"node-8969142406"}},{"type":"Feature","id":"firepit-osm-node-9094243351","geometry":{"type":"Point","coordinates":[10.4947,60.198233]},"properties":{"name":"Bålplass","source":"OpenStreetMap","osm_ref":"node-9094243351"}},{"type":"Feature","id":"firepit-osm-node-9094629693","geometry":{"type":"Point","coordinates":[10.580091,60.158707]},"properties":{"name":"Bålplass","source":"OpenStreetMap","osm_ref":"node-9094629693"}},{"type":"Feature","id":"firepit-osm-node-9096793767","geometry":{"type":"Point","coordinates":[10.52903,60.205386]},"properties":{"name":"Bålplass","source":"OpenStreetMap","osm_ref":"node-9096793767"}},{"type":"Feature","id":"firepit-osm-node-9096843223","geometry":{"type":"Point","coordinates":[10.501191,60.163422]},"properties":{"name":"Bålplass","source":"OpenStreetMap","osm_ref":"node-9096843223"}},{"type":"Feature","id":"firepit-osm-node-9097014407","geometry":{"type":"Point","coordinates":[10.510681,60.209723]},"properties":{"name":"Bålplass","source":"OpenStreetMap","osm_ref":"node-9097014407"}},{"type":"Feature","id":"firepit-osm-node-9097381310","geometry":{"type":"Point","coordinates":[10.608525,60.190035]},"properties":{"name":"Bålplass","source":"OpenStreetMap","osm_ref":"node-9097381310"}},{"type":"Feature","id":"firepit-osm-node-9097448986","geometry":{"type":"Point","coordinates":[10.47831,60.11851]},"properties":{"name":"Bålplass","source":"OpenStreetMap","osm_ref":"node-9097448986"}},{"type":"Feature","id":"firepit-osm-node-9097468815","geometry":{"type":"Point","coordinates":[10.449456,60.131219]},"properties":{"name":"Bålplass","source":"OpenStreetMap","osm_ref":"node-9097468815"}},{"type":"Feature","id":"firepit-osm-node-9097468816","geometry":{"type":"Point","coordinates":[10.450366,60.13107]},"properties":{"name":"Bålplass","source":"OpenStreetMap","osm_ref":"node-9097468816"}},{"type":"Feature","id":"firepit-osm-node-9097753108","geometry":{"type":"Point","coordinates":[10.474191,60.196119]},"properties":{"name":"Bålplass","source":"OpenStreetMap","osm_ref":"node-9097753108"}},{"type":"Feature","id":"firepit-osm-node-9097786461","geometry":{"type":"Point","coordinates":[10.517826,60.189996]},"properties":{"name":"Bålplass","source":"OpenStreetMap","osm_ref":"node-9097786461"}},{"type":"Feature","id":"firepit-osm-node-9098833179","geometry":{"type":"Point","coordinates":[10.519742,60.21788]},"properties":{"name":"Bålplass","source":"OpenStreetMap","osm_ref":"node-9098833179"}},{"type":"Feature","id":"firepit-osm-node-9166956106","geometry":{"type":"Point","coordinates":[8.555808,60.86157]},"properties":{"name":"Bålplass","source":"OpenStreetMap","osm_ref":"node-9166956106"}},{"type":"Feature","id":"firepit-osm-node-9173407598","geometry":{"type":"Point","coordinates":[11.111918,59.898568]},"properties":{"name":"Bålplass","source":"OpenStreetMap","osm_ref":"node-9173407598"}},{"type":"Feature","id":"firepit-osm-node-9232343363","geometry":{"type":"Point","coordinates":[10.511331,63.288445]},"properties":{"name":"Bålplass","source":"OpenStreetMap","osm_ref":"node-9232343363"}},{"type":"Feature","id":"firepit-osm-node-9462176203","geometry":{"type":"Point","coordinates":[10.921385,60.878974]},"properties":{"name":"Bålplass","source":"OpenStreetMap","osm_ref":"node-9462176203"}},{"type":"Feature","id":"firepit-osm-node-9661720075","geometry":{"type":"Point","coordinates":[7.024269,58.08759]},"properties":{"name":"Bålplass","source":"OpenStreetMap","osm_ref":"node-9661720075"}},{"type":"Feature","id":"firepit-osm-node-9697218390","geometry":{"type":"Point","coordinates":[11.096571,60.799173]},"properties":{"name":"Bålplass","source":"OpenStreetMap","osm_ref":"node-9697218390"}},{"type":"Feature","id":"firepit-osm-node-9740781883","geometry":{"type":"Point","coordinates":[11.118307,59.609643]},"properties":{"name":"Bålplass","source":"OpenStreetMap","osm_ref":"node-9740781883"}},{"type":"Feature","id":"firepit-osm-node-9740781915","geometry":{"type":"Point","coordinates":[11.117292,59.607404]},"properties":{"name":"Bålplass","source":"OpenStreetMap","osm_ref":"node-9740781915"}},{"type":"Feature","id":"firepit-osm-node-9743703259","geometry":{"type":"Point","coordinates":[11.263989,59.583939]},"properties":{"name":"Bålplass","source":"OpenStreetMap","osm_ref":"node-9743703259"}},{"type":"Feature","id":"firepit-osm-node-9743864786","geometry":{"type":"Point","coordinates":[11.123525,59.609537]},"properties":{"name":"Bålplass","source":"OpenStreetMap","osm_ref":"node-9743864786"}},{"type":"Feature","id":"firepit-osm-node-9747517274","geometry":{"type":"Point","coordinates":[11.08064,59.598701]},"properties":{"name":"Bålplass","source":"OpenStreetMap","osm_ref":"node-9747517274"}},{"type":"Feature","id":"firepit-osm-node-9758362707","geometry":{"type":"Point","coordinates":[10.864862,60.176596]},"properties":{"name":"Bålplass","source":"OpenStreetMap","osm_ref":"node-9758362707"}},{"type":"Feature","id":"firepit-osm-node-9766498175","geometry":{"type":"Point","coordinates":[10.995966,59.954699]},"properties":{"name":"Bålplass","source":"OpenStreetMap","osm_ref":"node-9766498175"}},{"type":"Feature","id":"firepit-osm-node-9766684044","geometry":{"type":"Point","coordinates":[10.586461,59.767574]},"properties":{"name":"Bålplass","source":"OpenStreetMap","osm_ref":"node-9766684044"}},{"type":"Feature","id":"firepit-osm-node-9766913608","geometry":{"type":"Point","coordinates":[10.586127,59.767154]},"properties":{"name":"Bålplass","source":"OpenStreetMap","osm_ref":"node-9766913608"}},{"type":"Feature","id":"firepit-osm-node-9796586337","geometry":{"type":"Point","coordinates":[10.327109,59.871225]},"properties":{"name":"Bålplass","source":"OpenStreetMap","osm_ref":"node-9796586337"}},{"type":"Feature","id":"firepit-osm-node-9826454406","geometry":{"type":"Point","coordinates":[10.917534,60.082819]},"properties":{"name":"Bålplass","source":"OpenStreetMap","osm_ref":"node-9826454406"}},{"type":"Feature","id":"firepit-osm-node-9854071867","geometry":{"type":"Point","coordinates":[11.339994,59.633981]},"properties":{"name":"Bålplass","source":"OpenStreetMap","osm_ref":"node-9854071867"}},{"type":"Feature","id":"firepit-osm-node-9863749896","geometry":{"type":"Point","coordinates":[11.1405,60.558713]},"properties":{"name":"Bålplass","source":"OpenStreetMap","osm_ref":"node-9863749896"}},{"type":"Feature","id":"firepit-osm-node-9863960155","geometry":{"type":"Point","coordinates":[11.146197,59.586467]},"properties":{"name":"Bålplass","source":"OpenStreetMap","osm_ref":"node-9863960155"}},{"type":"Feature","id":"firepit-osm-node-9937796847","geometry":{"type":"Point","coordinates":[10.434618,60.479197]},"properties":{"name":"Bålplass","source":"OpenStreetMap","osm_ref":"node-9937796847"}},{"type":"Feature","id":"firepit-osm-node-10005524539","geometry":{"type":"Point","coordinates":[11.33555,59.631186]},"properties":{"name":"Bålplass","source":"OpenStreetMap","osm_ref":"node-10005524539"}},{"type":"Feature","id":"firepit-osm-node-10082052298","geometry":{"type":"Point","coordinates":[9.634849,63.718762]},"properties":{"name":"Bålplass","source":"OpenStreetMap","osm_ref":"node-10082052298"}},{"type":"Feature","id":"firepit-osm-node-10142866001","geometry":{"type":"Point","coordinates":[10.723825,59.426757]},"properties":{"name":"Bålplass","source":"OpenStreetMap","osm_ref":"node-10142866001"}},{"type":"Feature","id":"firepit-osm-node-10914459911","geometry":{"type":"Point","coordinates":[10.431228,59.820869]},"properties":{"name":"Bålplass","source":"OpenStreetMap","osm_ref":"node-10914459911"}},{"type":"Feature","id":"firepit-osm-node-10949058695","geometry":{"type":"Point","coordinates":[11.083595,59.265994]},"properties":{"name":"Bålplass","source":"OpenStreetMap","osm_ref":"node-10949058695"}},{"type":"Feature","id":"firepit-osm-node-10949186135","geometry":{"type":"Point","coordinates":[10.974269,59.218328]},"properties":{"name":"Bålplass","source":"OpenStreetMap","osm_ref":"node-10949186135"}},{"type":"Feature","id":"firepit-osm-node-10997335519","geometry":{"type":"Point","coordinates":[10.894776,59.978618]},"properties":{"name":"Bålplass","source":"OpenStreetMap","osm_ref":"node-10997335519"}},{"type":"Feature","id":"firepit-osm-node-11072902461","geometry":{"type":"Point","coordinates":[9.864831,59.975106]},"properties":{"name":"Bålplass","source":"OpenStreetMap","osm_ref":"node-11072902461"}},{"type":"Feature","id":"firepit-osm-node-11127533149","geometry":{"type":"Point","coordinates":[8.285474,63.479295]},"properties":{"name":"Bålplass","description":"Adgang: private","source":"OpenStreetMap","osm_ref":"node-11127533149"}},{"type":"Feature","id":"firepit-osm-node-11156224391","geometry":{"type":"Point","coordinates":[6.139546,58.989529]},"properties":{"name":"Bålplass","description":"Adgang: customers","source":"OpenStreetMap","osm_ref":"node-11156224391"}},{"type":"Feature","id":"firepit-osm-node-11216294467","geometry":{"type":"Point","coordinates":[10.667855,59.989045]},"properties":{"name":"Bålplass","source":"OpenStreetMap","osm_ref":"node-11216294467"}},{"type":"Feature","id":"firepit-osm-node-11280035948","geometry":{"type":"Point","coordinates":[6.722665,61.906518]},"properties":{"name":"Bålplass","source":"OpenStreetMap","osm_ref":"node-11280035948"}},{"type":"Feature","id":"firepit-osm-node-11352621822","geometry":{"type":"Point","coordinates":[10.919673,60.878079]},"properties":{"name":"Bålplass","source":"OpenStreetMap","osm_ref":"node-11352621822"}},{"type":"Feature","id":"firepit-osm-node-11580305019","geometry":{"type":"Point","coordinates":[10.897586,59.967749]},"properties":{"name":"Bålplass","source":"OpenStreetMap","osm_ref":"node-11580305019"}},{"type":"Feature","id":"firepit-osm-node-11642145198","geometry":{"type":"Point","coordinates":[11.259286,59.584391]},"properties":{"name":"Bålplass","source":"OpenStreetMap","osm_ref":"node-11642145198"}},{"type":"Feature","id":"firepit-osm-node-11718388399","geometry":{"type":"Point","coordinates":[6.889637,62.311791]},"properties":{"name":"Bålplass","source":"OpenStreetMap","osm_ref":"node-11718388399"}},{"type":"Feature","id":"firepit-osm-node-11774885362","geometry":{"type":"Point","coordinates":[11.653001,59.470073]},"properties":{"name":"Bålplass","source":"OpenStreetMap","osm_ref":"node-11774885362"}},{"type":"Feature","id":"firepit-osm-node-11774949606","geometry":{"type":"Point","coordinates":[11.651251,59.48002]},"properties":{"name":"Bålplass","source":"OpenStreetMap","osm_ref":"node-11774949606"}},{"type":"Feature","id":"firepit-osm-node-11832456898","geometry":{"type":"Point","coordinates":[11.21616,60.173761]},"properties":{"name":"Bålplass","source":"OpenStreetMap","osm_ref":"node-11832456898"}},{"type":"Feature","id":"firepit-osm-node-11836640739","geometry":{"type":"Point","coordinates":[11.091909,59.605067]},"properties":{"name":"Bålplass","source":"OpenStreetMap","osm_ref":"node-11836640739"}},{"type":"Feature","id":"firepit-osm-node-11846154142","geometry":{"type":"Point","coordinates":[11.168488,59.534832]},"properties":{"name":"Bålplass","source":"OpenStreetMap","osm_ref":"node-11846154142"}},{"type":"Feature","id":"firepit-osm-node-11940654255","geometry":{"type":"Point","coordinates":[8.815103,63.638023]},"properties":{"name":"Bålplass","source":"OpenStreetMap","osm_ref":"node-11940654255"}},{"type":"Feature","id":"firepit-osm-node-11959093974","geometry":{"type":"Point","coordinates":[10.680622,59.947619]},"properties":{"name":"Bålplass","source":"OpenStreetMap","osm_ref":"node-11959093974"}},{"type":"Feature","id":"firepit-osm-node-11992057821","geometry":{"type":"Point","coordinates":[9.235061,58.722683]},"properties":{"name":"Bålplass","source":"OpenStreetMap","osm_ref":"node-11992057821"}},{"type":"Feature","id":"firepit-osm-node-12057272767","geometry":{"type":"Point","coordinates":[11.985722,60.172354]},"properties":{"name":"Bålplass","source":"OpenStreetMap","osm_ref":"node-12057272767"}},{"type":"Feature","id":"firepit-osm-node-12084739573","geometry":{"type":"Point","coordinates":[9.796777,61.181574]},"properties":{"name":"Bålplass","source":"OpenStreetMap","osm_ref":"node-12084739573"}},{"type":"Feature","id":"firepit-osm-node-12120479424","geometry":{"type":"Point","coordinates":[8.858804,58.445278]},"properties":{"name":"Bålplass","source":"OpenStreetMap","osm_ref":"node-12120479424"}},{"type":"Feature","id":"firepit-osm-node-12180848846","geometry":{"type":"Point","coordinates":[12.588882,66.363687]},"properties":{"name":"Bålplass","source":"OpenStreetMap","osm_ref":"node-12180848846"}},{"type":"Feature","id":"firepit-osm-node-12205403157","geometry":{"type":"Point","coordinates":[10.981114,60.169563]},"properties":{"name":"Bålplass","source":"OpenStreetMap","osm_ref":"node-12205403157"}},{"type":"Feature","id":"firepit-osm-node-12251009065","geometry":{"type":"Point","coordinates":[10.76858,59.804851]},"properties":{"name":"Bålplass","source":"OpenStreetMap","osm_ref":"node-12251009065"}},{"type":"Feature","id":"firepit-osm-node-12728839289","geometry":{"type":"Point","coordinates":[11.617372,60.864145]},"properties":{"name":"Bålplass","source":"OpenStreetMap","osm_ref":"node-12728839289"}},{"type":"Feature","id":"firepit-osm-node-12728839290","geometry":{"type":"Point","coordinates":[11.529366,61.015709]},"properties":{"name":"Bålplass","source":"OpenStreetMap","osm_ref":"node-12728839290"}},{"type":"Feature","id":"firepit-osm-node-12728875033","geometry":{"type":"Point","coordinates":[11.595035,60.86975]},"properties":{"name":"Bålplass","source":"OpenStreetMap","osm_ref":"node-12728875033"}},{"type":"Feature","id":"firepit-osm-node-12731625686","geometry":{"type":"Point","coordinates":[10.760398,59.892716]},"properties":{"name":"Bålplass","source":"OpenStreetMap","osm_ref":"node-12731625686"}},{"type":"Feature","id":"firepit-osm-node-12878709510","geometry":{"type":"Point","coordinates":[9.835305,62.270009]},"properties":{"name":"Bålplass","source":"OpenStreetMap","osm_ref":"node-12878709510"}},{"type":"Feature","id":"firepit-osm-node-12879718713","geometry":{"type":"Point","coordinates":[10.693221,60.26159]},"properties":{"name":"Bålplass","source":"OpenStreetMap","osm_ref":"node-12879718713"}},{"type":"Feature","id":"firepit-osm-node-12978847472","geometry":{"type":"Point","coordinates":[10.67086,59.928121]},"properties":{"name":"Bålplass","source":"OpenStreetMap","osm_ref":"node-12978847472"}},{"type":"Feature","id":"firepit-osm-node-12995734273","geometry":{"type":"Point","coordinates":[10.270551,59.624302]},"properties":{"name":"Bålplass","source":"OpenStreetMap","osm_ref":"node-12995734273"}},{"type":"Feature","id":"firepit-osm-node-12997855785","geometry":{"type":"Point","coordinates":[10.895023,59.811934]},"properties":{"name":"Bålplass","source":"OpenStreetMap","osm_ref":"node-12997855785"}},{"type":"Feature","id":"firepit-osm-node-13005933150","geometry":{"type":"Point","coordinates":[9.545892,62.682781]},"properties":{"name":"Bålplass","source":"OpenStreetMap","osm_ref":"node-13005933150"}},{"type":"Feature","id":"firepit-osm-node-13025457454","geometry":{"type":"Point","coordinates":[13.040035,66.205576]},"properties":{"name":"Bålplass","source":"OpenStreetMap","osm_ref":"node-13025457454"}},{"type":"Feature","id":"firepit-osm-node-13030591205","geometry":{"type":"Point","coordinates":[10.717613,60.941387]},"properties":{"name":"Bålplass","source":"OpenStreetMap","osm_ref":"node-13030591205"}},{"type":"Feature","id":"firepit-osm-node-13045653005","geometry":{"type":"Point","coordinates":[10.273013,60.474915]},"properties":{"name":"Bålplass","source":"OpenStreetMap","osm_ref":"node-13045653005"}},{"type":"Feature","id":"firepit-osm-node-13063975331","geometry":{"type":"Point","coordinates":[11.146506,59.917812]},"properties":{"name":"Bålplass","source":"OpenStreetMap","osm_ref":"node-13063975331"}},{"type":"Feature","id":"firepit-osm-node-13074482050","geometry":{"type":"Point","coordinates":[7.211477,62.09563]},"properties":{"name":"Bålplass","source":"OpenStreetMap","osm_ref":"node-13074482050"}},{"type":"Feature","id":"firepit-osm-node-13081899557","geometry":{"type":"Point","coordinates":[9.912041,62.70423]},"properties":{"name":"Bålplass","description":"Adgang: private","source":"OpenStreetMap","osm_ref":"node-13081899557"}},{"type":"Feature","id":"firepit-osm-node-13188327965","geometry":{"type":"Point","coordinates":[10.645167,59.445764]},"properties":{"name":"Bålplass","source":"OpenStreetMap","osm_ref":"node-13188327965"}},{"type":"Feature","id":"firepit-osm-node-13203720460","geometry":{"type":"Point","coordinates":[29.693767,70.090611]},"properties":{"name":"Bålplass","source":"OpenStreetMap","osm_ref":"node-13203720460"}},{"type":"Feature","id":"firepit-osm-node-13257365377","geometry":{"type":"Point","coordinates":[10.634505,59.899121]},"properties":{"name":"Bålplass","source":"OpenStreetMap","osm_ref":"node-13257365377"}},{"type":"Feature","id":"firepit-osm-node-13264681632","geometry":{"type":"Point","coordinates":[10.935048,60.449182]},"properties":{"name":"Bålplass","source":"OpenStreetMap","osm_ref":"node-13264681632"}},{"type":"Feature","id":"firepit-osm-node-13264682091","geometry":{"type":"Point","coordinates":[10.936392,60.444837]},"properties":{"name":"Bålplass","source":"OpenStreetMap","osm_ref":"node-13264682091"}},{"type":"Feature","id":"firepit-osm-node-13264682101","geometry":{"type":"Point","coordinates":[10.930026,60.444847]},"properties":{"name":"Bålplass","source":"OpenStreetMap","osm_ref":"node-13264682101"}},{"type":"Feature","id":"firepit-osm-node-13264682116","geometry":{"type":"Point","coordinates":[10.929099,60.444527]},"properties":{"name":"Bålplass","source":"OpenStreetMap","osm_ref":"node-13264682116"}},{"type":"Feature","id":"firepit-osm-node-13275745835","geometry":{"type":"Point","coordinates":[10.911932,59.891836]},"properties":{"name":"Bålplass","source":"OpenStreetMap","osm_ref":"node-13275745835"}},{"type":"Feature","id":"firepit-osm-node-13275745836","geometry":{"type":"Point","coordinates":[10.913047,59.897316]},"properties":{"name":"Bålplass","source":"OpenStreetMap","osm_ref":"node-13275745836"}},{"type":"Feature","id":"firepit-osm-node-13276119127","geometry":{"type":"Point","coordinates":[10.912759,59.899274]},"properties":{"name":"Bålplass","source":"OpenStreetMap","osm_ref":"node-13276119127"}},{"type":"Feature","id":"firepit-osm-node-13276119136","geometry":{"type":"Point","coordinates":[10.91328,59.90227]},"properties":{"name":"Bålplass","source":"OpenStreetMap","osm_ref":"node-13276119136"}},{"type":"Feature","id":"firepit-osm-node-13278461144","geometry":{"type":"Point","coordinates":[8.519479,59.013782]},"properties":{"name":"Bålplass","source":"OpenStreetMap","osm_ref":"node-13278461144"}},{"type":"Feature","id":"firepit-osm-node-13282565404","geometry":{"type":"Point","coordinates":[10.986682,60.164565]},"properties":{"name":"Bålplass","source":"OpenStreetMap","osm_ref":"node-13282565404"}},{"type":"Feature","id":"firepit-osm-node-13305266531","geometry":{"type":"Point","coordinates":[10.991191,60.158575]},"properties":{"name":"Bålplass","source":"OpenStreetMap","osm_ref":"node-13305266531"}},{"type":"Feature","id":"firepit-osm-node-13312179159","geometry":{"type":"Point","coordinates":[5.309061,60.294939]},"properties":{"name":"Bålplass","source":"OpenStreetMap","osm_ref":"node-13312179159"}},{"type":"Feature","id":"firepit-osm-node-13314433060","geometry":{"type":"Point","coordinates":[10.993242,60.156123]},"properties":{"name":"Bålplass","source":"OpenStreetMap","osm_ref":"node-13314433060"}},{"type":"Feature","id":"firepit-osm-node-13408466589","geometry":{"type":"Point","coordinates":[10.79042,59.790154]},"properties":{"name":"Bålplass","source":"OpenStreetMap","osm_ref":"node-13408466589"}},{"type":"Feature","id":"firepit-osm-node-13618346960","geometry":{"type":"Point","coordinates":[9.190637,61.147478]},"properties":{"name":"Bålplass","source":"OpenStreetMap","osm_ref":"node-13618346960"}},{"type":"Feature","id":"firepit-osm-node-13647136184","geometry":{"type":"Point","coordinates":[9.659755,60.433254]},"properties":{"name":"Bålplass","description":"Adgang: private","source":"OpenStreetMap","osm_ref":"node-13647136184"}},{"type":"Feature","id":"firepit-osm-node-13672795561","geometry":{"type":"Point","coordinates":[8.717536,63.625915]},"properties":{"name":"Bålplass","description":"Adgang: private","source":"OpenStreetMap","osm_ref":"node-13672795561"}},{"type":"Feature","id":"firepit-osm-node-13703296456","geometry":{"type":"Point","coordinates":[10.786981,59.463855]},"properties":{"name":"Bålplass","source":"OpenStreetMap","osm_ref":"node-13703296456"}},{"type":"Feature","id":"firepit-osm-node-13741972846","geometry":{"type":"Point","coordinates":[5.239886,60.395795]},"properties":{"name":"Bålplass","source":"OpenStreetMap","osm_ref":"node-13741972846"}},{"type":"Feature","id":"firepit-osm-way-627580288","geometry":{"type":"Point","coordinates":[5.314249,59.929176]},"properties":{"name":"Bålplass","source":"OpenStreetMap","osm_ref":"way-627580288"}},{"type":"Feature","id":"firepit-osm-way-636050645","geometry":{"type":"Point","coordinates":[17.433374,69.512127]},"properties":{"name":"Bålplass","source":"OpenStreetMap","osm_ref":"way-636050645"}},{"type":"Feature","id":"firepit-osm-way-636050649","geometry":{"type":"Point","coordinates":[17.424598,69.510072]},"properties":{"name":"Bålplass","source":"OpenStreetMap","osm_ref":"way-636050649"}},{"type":"Feature","id":"firepit-osm-way-700653611","geometry":{"type":"Point","coordinates":[18.834352,69.689186]},"properties":{"name":"Bålplass","source":"OpenStreetMap","osm_ref":"way-700653611"}},{"type":"Feature","id":"firepit-osm-way-920872336","geometry":{"type":"Point","coordinates":[7.926756,58.211997]},"properties":{"name":"Bålplass","source":"OpenStreetMap","osm_ref":"way-920872336"}},{"type":"Feature","id":"firepit-osm-way-1071575571","geometry":{"type":"Point","coordinates":[10.998773,59.953398]},"properties":{"name":"Bålplass","source":"OpenStreetMap","osm_ref":"way-1071575571"}},{"type":"Feature","id":"firepit-osm-way-1137665833","geometry":{"type":"Point","coordinates":[5.224331,60.505692]},"properties":{"name":"Bålplass","source":"OpenStreetMap","osm_ref":"way-1137665833"}},{"type":"Feature","id":"firepit-osm-way-1264860771","geometry":{"type":"Point","coordinates":[17.840644,68.863677]},"properties":{"name":"Bålplass","source":"OpenStreetMap","osm_ref":"way-1264860771"}},{"type":"Feature","id":"firepit-osm-way-1311822298","geometry":{"type":"Point","coordinates":[10.815616,59.833409]},"properties":{"name":"Bålplass","source":"OpenStreetMap","osm_ref":"way-1311822298"}},{"type":"Feature","id":"firepit-osm-way-1511128822","geometry":{"type":"Point","coordinates":[10.846972,60.058757]},"properties":{"name":"Bålplass","source":"OpenStreetMap","osm_ref":"way-1511128822"}},{"type":"Feature","id":"firepit-osm-node-853410943","geometry":{"type":"Point","coordinates":[10.420805,59.919259]},"properties":{"name":"Bålplass","source":"OpenStreetMap","osm_ref":"node-853410943"}},{"type":"Feature","id":"firepit-osm-node-901717070","geometry":{"type":"Point","coordinates":[10.891339,60.163362]},"properties":{"name":"Bålplass","source":"OpenStreetMap","osm_ref":"node-901717070"}},{"type":"Feature","id":"firepit-osm-node-930408389","geometry":{"type":"Point","coordinates":[10.516554,59.866102]},"properties":{"name":"Bålplass","source":"OpenStreetMap","osm_ref":"node-930408389"}},{"type":"Feature","id":"firepit-osm-node-950715092","geometry":{"type":"Point","coordinates":[10.981824,59.951872]},"properties":{"name":"Bålplass","source":"OpenStreetMap","osm_ref":"node-950715092"}},{"type":"Feature","id":"firepit-osm-node-961872015","geometry":{"type":"Point","coordinates":[10.484711,59.866169]},"properties":{"name":"Bålplass","source":"OpenStreetMap","osm_ref":"node-961872015"}},{"type":"Feature","id":"firepit-osm-node-1244529554","geometry":{"type":"Point","coordinates":[10.959944,59.24814]},"properties":{"name":"Bålplass","source":"OpenStreetMap","osm_ref":"node-1244529554"}},{"type":"Feature","id":"firepit-osm-node-1255574867","geometry":{"type":"Point","coordinates":[11.114071,59.168892]},"properties":{"name":"Bålplass","source":"OpenStreetMap","osm_ref":"node-1255574867"}},{"type":"Feature","id":"firepit-osm-node-1270612780","geometry":{"type":"Point","coordinates":[10.822313,59.730026]},"properties":{"name":"Bålplass","source":"OpenStreetMap","osm_ref":"node-1270612780"}},{"type":"Feature","id":"firepit-osm-node-1278523591","geometry":{"type":"Point","coordinates":[10.850346,59.746363]},"properties":{"name":"Bålplass","source":"OpenStreetMap","osm_ref":"node-1278523591"}},{"type":"Feature","id":"firepit-osm-node-1285049353","geometry":{"type":"Point","coordinates":[10.880562,60.201157]},"properties":{"name":"Bålplass","source":"OpenStreetMap","osm_ref":"node-1285049353"}},{"type":"Feature","id":"firepit-osm-node-1285049763","geometry":{"type":"Point","coordinates":[10.90295,60.177381]},"properties":{"name":"Bålplass","source":"OpenStreetMap","osm_ref":"node-1285049763"}},{"type":"Feature","id":"firepit-osm-node-1324389132","geometry":{"type":"Point","coordinates":[10.898493,60.159173]},"properties":{"name":"Bålplass","source":"OpenStreetMap","osm_ref":"node-1324389132"}},{"type":"Feature","id":"firepit-osm-node-1326930250","geometry":{"type":"Point","coordinates":[10.92722,59.925418]},"properties":{"name":"Bålplass","source":"OpenStreetMap","osm_ref":"node-1326930250"}},{"type":"Feature","id":"firepit-osm-node-1345290250","geometry":{"type":"Point","coordinates":[10.95114,60.092758]},"properties":{"name":"Bålplass","source":"OpenStreetMap","osm_ref":"node-1345290250"}},{"type":"Feature","id":"firepit-osm-node-1346046472","geometry":{"type":"Point","coordinates":[11.004446,60.014919]},"properties":{"name":"Bålplass","source":"OpenStreetMap","osm_ref":"node-1346046472"}},{"type":"Feature","id":"firepit-osm-node-1370952844","geometry":{"type":"Point","coordinates":[23.606758,70.020821]},"properties":{"name":"Bålplass","source":"OpenStreetMap","osm_ref":"node-1370952844"}},{"type":"Feature","id":"firepit-osm-node-1418156246","geometry":{"type":"Point","coordinates":[24.992328,69.998026]},"properties":{"name":"Bålplass","source":"OpenStreetMap","osm_ref":"node-1418156246"}},{"type":"Feature","id":"firepit-osm-node-1454951047","geometry":{"type":"Point","coordinates":[10.757336,59.67701]},"properties":{"name":"Bålplass","source":"OpenStreetMap","osm_ref":"node-1454951047"}},{"type":"Feature","id":"firepit-osm-node-1472110090","geometry":{"type":"Point","coordinates":[10.750681,59.679988]},"properties":{"name":"Bålplass","source":"OpenStreetMap","osm_ref":"node-1472110090"}},{"type":"Feature","id":"firepit-osm-node-1485041479","geometry":{"type":"Point","coordinates":[10.923229,60.162237]},"properties":{"name":"Bålplass","source":"OpenStreetMap","osm_ref":"node-1485041479"}},{"type":"Feature","id":"firepit-osm-node-1493725355","geometry":{"type":"Point","coordinates":[10.3542,59.768545]},"properties":{"name":"Bålplass","source":"OpenStreetMap","osm_ref":"node-1493725355"}},{"type":"Feature","id":"firepit-osm-node-1656451084","geometry":{"type":"Point","coordinates":[10.582713,60.255421]},"properties":{"name":"Bålplass","source":"OpenStreetMap","osm_ref":"node-1656451084"}},{"type":"Feature","id":"firepit-osm-node-1686403099","geometry":{"type":"Point","coordinates":[10.755585,59.957022]},"properties":{"name":"Bålplass","source":"OpenStreetMap","osm_ref":"node-1686403099"}},{"type":"Feature","id":"firepit-osm-node-1699216847","geometry":{"type":"Point","coordinates":[10.306799,59.759733]},"properties":{"name":"Bålplass","source":"OpenStreetMap","osm_ref":"node-1699216847"}},{"type":"Feature","id":"firepit-osm-node-1703073772","geometry":{"type":"Point","coordinates":[10.802289,59.749857]},"properties":{"name":"Bålplass","source":"OpenStreetMap","osm_ref":"node-1703073772"}},{"type":"Feature","id":"firepit-osm-node-1705143972","geometry":{"type":"Point","coordinates":[10.321876,59.89533]},"properties":{"name":"Bålplass","source":"OpenStreetMap","osm_ref":"node-1705143972"}},{"type":"Feature","id":"firepit-osm-node-1744601993","geometry":{"type":"Point","coordinates":[10.342566,59.78161]},"properties":{"name":"Bålplass","source":"OpenStreetMap","osm_ref":"node-1744601993"}},{"type":"Feature","id":"firepit-osm-node-1750717689","geometry":{"type":"Point","coordinates":[10.997987,59.874723]},"properties":{"name":"Bålplass","source":"OpenStreetMap","osm_ref":"node-1750717689"}},{"type":"Feature","id":"firepit-osm-node-1771324295","geometry":{"type":"Point","coordinates":[10.7437,59.744532]},"properties":{"name":"Bålplass","source":"OpenStreetMap","osm_ref":"node-1771324295"}},{"type":"Feature","id":"firepit-osm-node-1885658579","geometry":{"type":"Point","coordinates":[10.876006,60.110579]},"properties":{"name":"Bålplass","source":"OpenStreetMap","osm_ref":"node-1885658579"}},{"type":"Feature","id":"firepit-osm-node-1895245189","geometry":{"type":"Point","coordinates":[10.852249,60.050581]},"properties":{"name":"Bålplass","source":"OpenStreetMap","osm_ref":"node-1895245189"}},{"type":"Feature","id":"firepit-osm-node-1895273933","geometry":{"type":"Point","coordinates":[10.868707,60.046198]},"properties":{"name":"Bålplass","source":"OpenStreetMap","osm_ref":"node-1895273933"}},{"type":"Feature","id":"firepit-osm-node-1917428608","geometry":{"type":"Point","coordinates":[10.739005,59.980954]},"properties":{"name":"Bålplass","source":"OpenStreetMap","osm_ref":"node-1917428608"}},{"type":"Feature","id":"firepit-osm-node-2140327566","geometry":{"type":"Point","coordinates":[10.736579,60.103397]},"properties":{"name":"Bålplass","source":"OpenStreetMap","osm_ref":"node-2140327566"}},{"type":"Feature","id":"firepit-osm-node-2207121459","geometry":{"type":"Point","coordinates":[10.831377,60.204948]},"properties":{"name":"Bålplass","source":"OpenStreetMap","osm_ref":"node-2207121459"}},{"type":"Feature","id":"firepit-osm-node-2285617469","geometry":{"type":"Point","coordinates":[10.53478,60.114525]},"properties":{"name":"Bålplass","source":"OpenStreetMap","osm_ref":"node-2285617469"}},{"type":"Feature","id":"firepit-osm-node-2285617498","geometry":{"type":"Point","coordinates":[10.538792,60.114712]},"properties":{"name":"Bålplass","source":"OpenStreetMap","osm_ref":"node-2285617498"}},{"type":"Feature","id":"firepit-osm-node-2285617557","geometry":{"type":"Point","coordinates":[10.507673,60.115305]},"properties":{"name":"Bålplass","source":"OpenStreetMap","osm_ref":"node-2285617557"}},{"type":"Feature","id":"firepit-osm-node-2290735989","geometry":{"type":"Point","coordinates":[11.032078,59.922264]},"properties":{"name":"Bålplass","source":"OpenStreetMap","osm_ref":"node-2290735989"}},{"type":"Feature","id":"firepit-osm-node-2291068891","geometry":{"type":"Point","coordinates":[10.595878,59.965116]},"properties":{"name":"Bålplass","source":"OpenStreetMap","osm_ref":"node-2291068891"}},{"type":"Feature","id":"firepit-osm-node-2293610681","geometry":{"type":"Point","coordinates":[10.941708,59.984751]},"properties":{"name":"Bålplass","source":"OpenStreetMap","osm_ref":"node-2293610681"}},{"type":"Feature","id":"firepit-osm-node-2294796789","geometry":{"type":"Point","coordinates":[10.808336,60.11545]},"properties":{"name":"Bålplass","source":"OpenStreetMap","osm_ref":"node-2294796789"}},{"type":"Feature","id":"firepit-osm-node-2301691717","geometry":{"type":"Point","coordinates":[10.396619,59.903466]},"properties":{"name":"Bålplass","source":"OpenStreetMap","osm_ref":"node-2301691717"}},{"type":"Feature","id":"firepit-osm-node-2306036614","geometry":{"type":"Point","coordinates":[10.561785,59.948531]},"properties":{"name":"Bålplass","source":"OpenStreetMap","osm_ref":"node-2306036614"}},{"type":"Feature","id":"firepit-osm-node-2306036950","geometry":{"type":"Point","coordinates":[10.559114,59.951567]},"properties":{"name":"Bålplass","source":"OpenStreetMap","osm_ref":"node-2306036950"}},{"type":"Feature","id":"firepit-osm-node-2306929553","geometry":{"type":"Point","coordinates":[10.974273,60.172648]},"properties":{"name":"Bålplass","source":"OpenStreetMap","osm_ref":"node-2306929553"}},{"type":"Feature","id":"firepit-osm-node-2340837894","geometry":{"type":"Point","coordinates":[10.650547,60.165542]},"properties":{"name":"Bålplass","source":"OpenStreetMap","osm_ref":"node-2340837894"}},{"type":"Feature","id":"firepit-osm-node-2367879543","geometry":{"type":"Point","coordinates":[10.7737,60.076086]},"properties":{"name":"Bålplass","source":"OpenStreetMap","osm_ref":"node-2367879543"}},{"type":"Feature","id":"firepit-osm-node-2367879715","geometry":{"type":"Point","coordinates":[10.810035,60.087355]},"properties":{"name":"Bålplass","source":"OpenStreetMap","osm_ref":"node-2367879715"}},{"type":"Feature","id":"firepit-osm-node-2380686366","geometry":{"type":"Point","coordinates":[10.765017,60.112342]},"properties":{"name":"Bålplass","source":"OpenStreetMap","osm_ref":"node-2380686366"}},{"type":"Feature","id":"firepit-osm-node-2383063173","geometry":{"type":"Point","coordinates":[11.051802,59.828496]},"properties":{"name":"Bålplass","source":"OpenStreetMap","osm_ref":"node-2383063173"}},{"type":"Feature","id":"firepit-osm-node-2393043187","geometry":{"type":"Point","coordinates":[10.515587,61.093207]},"properties":{"name":"Bålplass","source":"OpenStreetMap","osm_ref":"node-2393043187"}},{"type":"Feature","id":"firepit-osm-node-2412857692","geometry":{"type":"Point","coordinates":[10.684319,60.019165]},"properties":{"name":"Bålplass","source":"OpenStreetMap","osm_ref":"node-2412857692"}},{"type":"Feature","id":"firepit-osm-node-2422260789","geometry":{"type":"Point","coordinates":[10.521434,60.112635]},"properties":{"name":"Bålplass","source":"OpenStreetMap","osm_ref":"node-2422260789"}},{"type":"Feature","id":"firepit-osm-node-2422260846","geometry":{"type":"Point","coordinates":[10.418817,60.123507]},"properties":{"name":"Bålplass","source":"OpenStreetMap","osm_ref":"node-2422260846"}},{"type":"Feature","id":"firepit-osm-node-2427910754","geometry":{"type":"Point","coordinates":[12.083082,62.280935]},"properties":{"name":"Bålplass","source":"OpenStreetMap","osm_ref":"node-2427910754"}},{"type":"Feature","id":"firepit-osm-node-2427911087","geometry":{"type":"Point","coordinates":[12.107372,62.298952]},"properties":{"name":"Bålplass","source":"OpenStreetMap","osm_ref":"node-2427911087"}},{"type":"Feature","id":"firepit-osm-node-2431823062","geometry":{"type":"Point","coordinates":[10.696502,60.168097]},"properties":{"name":"Bålplass","source":"OpenStreetMap","osm_ref":"node-2431823062"}},{"type":"Feature","id":"firepit-osm-node-2435042932","geometry":{"type":"Point","coordinates":[11.436984,59.472971]},"properties":{"name":"Bålplass","source":"OpenStreetMap","osm_ref":"node-2435042932"}},{"type":"Feature","id":"firepit-osm-node-2441967271","geometry":{"type":"Point","coordinates":[10.591878,60.14836]},"properties":{"name":"Bålplass","source":"OpenStreetMap","osm_ref":"node-2441967271"}},{"type":"Feature","id":"firepit-osm-node-2449617273","geometry":{"type":"Point","coordinates":[10.799973,59.965491]},"properties":{"name":"Bålplass","source":"OpenStreetMap","osm_ref":"node-2449617273"}},{"type":"Feature","id":"firepit-osm-node-2484187347","geometry":{"type":"Point","coordinates":[10.59848,59.667055]},"properties":{"name":"Bålplass","source":"OpenStreetMap","osm_ref":"node-2484187347"}},{"type":"Feature","id":"firepit-osm-node-2485289226","geometry":{"type":"Point","coordinates":[10.30179,59.788056]},"properties":{"name":"Bålplass","source":"OpenStreetMap","osm_ref":"node-2485289226"}},{"type":"Feature","id":"firepit-osm-node-2501928366","geometry":{"type":"Point","coordinates":[10.965993,59.946676]},"properties":{"name":"Bålplass","source":"OpenStreetMap","osm_ref":"node-2501928366"}},{"type":"Feature","id":"firepit-osm-node-2503060782","geometry":{"type":"Point","coordinates":[10.980648,59.955328]},"properties":{"name":"Bålplass","source":"OpenStreetMap","osm_ref":"node-2503060782"}},{"type":"Feature","id":"firepit-osm-node-2513132269","geometry":{"type":"Point","coordinates":[10.785114,59.640551]},"properties":{"name":"Bålplass","source":"OpenStreetMap","osm_ref":"node-2513132269"}},{"type":"Feature","id":"firepit-osm-node-2513136103","geometry":{"type":"Point","coordinates":[10.802795,59.678517]},"properties":{"name":"Bålplass","source":"OpenStreetMap","osm_ref":"node-2513136103"}},{"type":"Feature","id":"firepit-osm-node-2535387189","geometry":{"type":"Point","coordinates":[10.962718,60.093441]},"properties":{"name":"Bålplass","source":"OpenStreetMap","osm_ref":"node-2535387189"}},{"type":"Feature","id":"firepit-osm-node-2537104444","geometry":{"type":"Point","coordinates":[10.998202,60.0907]},"properties":{"name":"Bålplass","source":"OpenStreetMap","osm_ref":"node-2537104444"}},{"type":"Feature","id":"firepit-osm-node-2537104469","geometry":{"type":"Point","coordinates":[10.997534,60.091612]},"properties":{"name":"Bålplass","source":"OpenStreetMap","osm_ref":"node-2537104469"}},{"type":"Feature","id":"firepit-osm-node-2547518271","geometry":{"type":"Point","coordinates":[11.022814,60.026825]},"properties":{"name":"Bålplass","source":"OpenStreetMap","osm_ref":"node-2547518271"}},{"type":"Feature","id":"firepit-osm-node-2549262548","geometry":{"type":"Point","coordinates":[11.015064,60.051268]},"properties":{"name":"Bålplass","source":"OpenStreetMap","osm_ref":"node-2549262548"}},{"type":"Feature","id":"firepit-osm-node-2554549621","geometry":{"type":"Point","coordinates":[10.715968,60.120289]},"properties":{"name":"Bålplass","source":"OpenStreetMap","osm_ref":"node-2554549621"}},{"type":"Feature","id":"firepit-osm-node-2560668076","geometry":{"type":"Point","coordinates":[10.936093,60.113386]},"properties":{"name":"Bålplass","source":"OpenStreetMap","osm_ref":"node-2560668076"}},{"type":"Feature","id":"firepit-osm-node-2565429725","geometry":{"type":"Point","coordinates":[10.922134,60.125701]},"properties":{"name":"Bålplass","source":"OpenStreetMap","osm_ref":"node-2565429725"}},{"type":"Feature","id":"firepit-osm-node-2603642370","geometry":{"type":"Point","coordinates":[10.827721,59.816435]},"properties":{"name":"Bålplass","source":"OpenStreetMap","osm_ref":"node-2603642370"}},{"type":"Feature","id":"firepit-osm-node-2603642469","geometry":{"type":"Point","coordinates":[10.821617,59.821783]},"properties":{"name":"Bålplass","source":"OpenStreetMap","osm_ref":"node-2603642469"}},{"type":"Feature","id":"firepit-osm-node-2707754489","geometry":{"type":"Point","coordinates":[10.769039,59.888417]},"properties":{"name":"Bålplass","source":"OpenStreetMap","osm_ref":"node-2707754489"}},{"type":"Feature","id":"firepit-osm-node-2722360937","geometry":{"type":"Point","coordinates":[10.877963,59.79656]},"properties":{"name":"Bålplass","source":"OpenStreetMap","osm_ref":"node-2722360937"}},{"type":"Feature","id":"firepit-osm-node-2722360992","geometry":{"type":"Point","coordinates":[10.86797,59.804385]},"properties":{"name":"Bålplass","source":"OpenStreetMap","osm_ref":"node-2722360992"}},{"type":"Feature","id":"firepit-osm-node-2768045730","geometry":{"type":"Point","coordinates":[11.040539,59.781947]},"properties":{"name":"Bålplass","source":"OpenStreetMap","osm_ref":"node-2768045730"}},{"type":"Feature","id":"firepit-osm-node-2768045754","geometry":{"type":"Point","coordinates":[11.042624,59.782859]},"properties":{"name":"Bålplass","source":"OpenStreetMap","osm_ref":"node-2768045754"}},{"type":"Feature","id":"firepit-osm-node-2819375929","geometry":{"type":"Point","coordinates":[10.948803,59.780948]},"properties":{"name":"Bålplass","source":"OpenStreetMap","osm_ref":"node-2819375929"}},{"type":"Feature","id":"firepit-osm-node-2819375931","geometry":{"type":"Point","coordinates":[10.95003,59.782449]},"properties":{"name":"Bålplass","source":"OpenStreetMap","osm_ref":"node-2819375931"}},{"type":"Feature","id":"firepit-osm-node-2820204437","geometry":{"type":"Point","coordinates":[10.986034,59.754612]},"properties":{"name":"Bålplass","source":"OpenStreetMap","osm_ref":"node-2820204437"}},{"type":"Feature","id":"firepit-osm-node-2821734823","geometry":{"type":"Point","coordinates":[11.004049,59.817807]},"properties":{"name":"Bålplass","source":"OpenStreetMap","osm_ref":"node-2821734823"}},{"type":"Feature","id":"firepit-osm-node-2831918243","geometry":{"type":"Point","coordinates":[11.107774,60.751126]},"properties":{"name":"Bålplass","source":"OpenStreetMap","osm_ref":"node-2831918243"}},{"type":"Feature","id":"firepit-osm-node-2835500265","geometry":{"type":"Point","coordinates":[11.045898,59.908966]},"properties":{"name":"Bålplass","source":"OpenStreetMap","osm_ref":"node-2835500265"}},{"type":"Feature","id":"firepit-osm-node-2848905444","geometry":{"type":"Point","coordinates":[11.085484,59.906423]},"properties":{"name":"Bålplass","source":"OpenStreetMap","osm_ref":"node-2848905444"}},{"type":"Feature","id":"firepit-osm-node-2905761833","geometry":{"type":"Point","coordinates":[11.0471,59.928792]},"properties":{"name":"Bålplass","source":"OpenStreetMap","osm_ref":"node-2905761833"}},{"type":"Feature","id":"firepit-osm-node-2905761836","geometry":{"type":"Point","coordinates":[11.050912,59.92951]},"properties":{"name":"Bålplass","source":"OpenStreetMap","osm_ref":"node-2905761836"}},{"type":"Feature","id":"firepit-osm-node-2906579845","geometry":{"type":"Point","coordinates":[8.23299,63.1051]},"properties":{"name":"Bålplass","source":"OpenStreetMap","osm_ref":"node-2906579845"}},{"type":"Feature","id":"firepit-osm-node-2912294159","geometry":{"type":"Point","coordinates":[11.064408,59.888152]},"properties":{"name":"Bålplass","source":"OpenStreetMap","osm_ref":"node-2912294159"}},{"type":"Feature","id":"firepit-osm-node-2933508585","geometry":{"type":"Point","coordinates":[11.04286,59.783888]},"properties":{"name":"Bålplass","source":"OpenStreetMap","osm_ref":"node-2933508585"}},{"type":"Feature","id":"firepit-osm-node-2933509501","geometry":{"type":"Point","coordinates":[11.035707,59.801818]},"properties":{"name":"Bålplass","source":"OpenStreetMap","osm_ref":"node-2933509501"}},{"type":"Feature","id":"firepit-osm-node-2955139563","geometry":{"type":"Point","coordinates":[10.931055,59.897949]},"properties":{"name":"Bålplass","source":"OpenStreetMap","osm_ref":"node-2955139563"}},{"type":"Feature","id":"firepit-osm-node-2961618519","geometry":{"type":"Point","coordinates":[10.975625,59.875816]},"properties":{"name":"Bålplass","source":"OpenStreetMap","osm_ref":"node-2961618519"}},{"type":"Feature","id":"firepit-osm-node-2962436137","geometry":{"type":"Point","coordinates":[9.768093,59.134833]},"properties":{"name":"Bålplass","source":"OpenStreetMap","osm_ref":"node-2962436137"}},{"type":"Feature","id":"firepit-osm-node-2962436175","geometry":{"type":"Point","coordinates":[9.767672,59.135621]},"properties":{"name":"Bålplass","source":"OpenStreetMap","osm_ref":"node-2962436175"}},{"type":"Feature","id":"firepit-osm-node-2966794607","geometry":{"type":"Point","coordinates":[10.903271,60.195898]},"properties":{"name":"Bålplass","source":"OpenStreetMap","osm_ref":"node-2966794607"}},{"type":"Feature","id":"firepit-osm-node-2970655234","geometry":{"type":"Point","coordinates":[12.047886,62.34783]},"properties":{"name":"Bålplass","source":"OpenStreetMap","osm_ref":"node-2970655234"}},{"type":"Feature","id":"firepit-osm-node-2970655265","geometry":{"type":"Point","coordinates":[12.049276,62.348775]},"properties":{"name":"Bålplass","source":"OpenStreetMap","osm_ref":"node-2970655265"}},{"type":"Feature","id":"firepit-osm-node-2970655320","geometry":{"type":"Point","coordinates":[11.982013,62.357751]},"properties":{"name":"Bålplass","source":"OpenStreetMap","osm_ref":"node-2970655320"}},{"type":"Feature","id":"firepit-osm-node-2985206761","geometry":{"type":"Point","coordinates":[19.208436,69.680978]},"properties":{"name":"Bålplass","source":"OpenStreetMap","osm_ref":"node-2985206761"}},{"type":"Feature","id":"firepit-osm-node-2986311245","geometry":{"type":"Point","coordinates":[10.900981,59.999966]},"properties":{"name":"Bålplass","source":"OpenStreetMap","osm_ref":"node-2986311245"}},{"type":"Feature","id":"firepit-osm-node-3006689703","geometry":{"type":"Point","coordinates":[8.977607,60.971821]},"properties":{"name":"Bålplass","source":"OpenStreetMap","osm_ref":"node-3006689703"}},{"type":"Feature","id":"firepit-osm-node-3023016748","geometry":{"type":"Point","coordinates":[10.841361,60.023906]},"properties":{"name":"Bålplass","source":"OpenStreetMap","osm_ref":"node-3023016748"}},{"type":"Feature","id":"firepit-osm-node-3072296689","geometry":{"type":"Point","coordinates":[8.966874,60.972447]},"properties":{"name":"Bålplass","source":"OpenStreetMap","osm_ref":"node-3072296689"}},{"type":"Feature","id":"firepit-osm-node-3087921845","geometry":{"type":"Point","coordinates":[10.388999,59.971595]},"properties":{"name":"Bålplass","source":"OpenStreetMap","osm_ref":"node-3087921845"}},{"type":"Feature","id":"firepit-osm-node-3088773859","geometry":{"type":"Point","coordinates":[10.815614,59.705826]},"properties":{"name":"Bålplass","source":"OpenStreetMap","osm_ref":"node-3088773859"}},{"type":"Feature","id":"firepit-osm-node-3113627730","geometry":{"type":"Point","coordinates":[18.714484,69.759453]},"properties":{"name":"Bålplass","source":"OpenStreetMap","osm_ref":"node-3113627730"}},{"type":"Feature","id":"firepit-osm-node-3113627787","geometry":{"type":"Point","coordinates":[18.732306,69.806635]},"properties":{"name":"Bålplass","source":"OpenStreetMap","osm_ref":"node-3113627787"}},{"type":"Feature","id":"firepit-osm-node-3113630705","geometry":{"type":"Point","coordinates":[18.733174,69.807461]},"properties":{"name":"Bålplass","source":"OpenStreetMap","osm_ref":"node-3113630705"}},{"type":"Feature","id":"firepit-osm-node-3121051423","geometry":{"type":"Point","coordinates":[8.982266,60.97949]},"properties":{"name":"Bålplass","source":"OpenStreetMap","osm_ref":"node-3121051423"}},{"type":"Feature","id":"firepit-osm-node-3147092505","geometry":{"type":"Point","coordinates":[10.636417,59.674221]},"properties":{"name":"Bålplass","source":"OpenStreetMap","osm_ref":"node-3147092505"}},{"type":"Feature","id":"firepit-osm-node-3177441896","geometry":{"type":"Point","coordinates":[10.592919,60.003428]},"properties":{"name":"Bålplass","source":"OpenStreetMap","osm_ref":"node-3177441896"}},{"type":"Feature","id":"firepit-osm-node-3188731951","geometry":{"type":"Point","coordinates":[10.38014,60.208837]},"properties":{"name":"Bålplass","source":"OpenStreetMap","osm_ref":"node-3188731951"}},{"type":"Feature","id":"firepit-osm-node-3201823532","geometry":{"type":"Point","coordinates":[10.872391,59.902426]},"properties":{"name":"Bålplass","source":"OpenStreetMap","osm_ref":"node-3201823532"}},{"type":"Feature","id":"firepit-osm-node-3211480319","geometry":{"type":"Point","coordinates":[10.43281,60.236524]},"properties":{"name":"Bålplass","source":"OpenStreetMap","osm_ref":"node-3211480319"}},{"type":"Feature","id":"firepit-osm-node-3222267987","geometry":{"type":"Point","coordinates":[10.373048,60.139773]},"properties":{"name":"Bålplass","source":"OpenStreetMap","osm_ref":"node-3222267987"}},{"type":"Feature","id":"firepit-osm-node-3267735843","geometry":{"type":"Point","coordinates":[10.859121,59.798026]},"properties":{"name":"Bålplass","source":"OpenStreetMap","osm_ref":"node-3267735843"}},{"type":"Feature","id":"firepit-osm-node-3267735859","geometry":{"type":"Point","coordinates":[10.854904,59.804994]},"properties":{"name":"Bålplass","source":"OpenStreetMap","osm_ref":"node-3267735859"}},{"type":"Feature","id":"firepit-osm-node-3269359796","geometry":{"type":"Point","coordinates":[10.82372,59.775491]},"properties":{"name":"Bålplass","source":"OpenStreetMap","osm_ref":"node-3269359796"}},{"type":"Feature","id":"firepit-osm-node-3376919377","geometry":{"type":"Point","coordinates":[10.924991,59.169398]},"properties":{"name":"Bålplass","source":"OpenStreetMap","osm_ref":"node-3376919377"}},{"type":"Feature","id":"firepit-osm-node-3439339217","geometry":{"type":"Point","coordinates":[11.11415,59.168025]},"properties":{"name":"Bålplass","source":"OpenStreetMap","osm_ref":"node-3439339217"}},{"type":"Feature","id":"firepit-osm-node-3452122827","geometry":{"type":"Point","coordinates":[10.851805,59.843317]},"properties":{"name":"Bålplass","source":"OpenStreetMap","osm_ref":"node-3452122827"}},{"type":"Feature","id":"firepit-osm-node-3452140311","geometry":{"type":"Point","coordinates":[10.852984,59.83557]},"properties":{"name":"Bålplass","source":"OpenStreetMap","osm_ref":"node-3452140311"}},{"type":"Feature","id":"firepit-osm-node-3465536935","geometry":{"type":"Point","coordinates":[10.979275,59.336588]},"properties":{"name":"Bålplass","source":"OpenStreetMap","osm_ref":"node-3465536935"}},{"type":"Feature","id":"firepit-osm-node-3487606360","geometry":{"type":"Point","coordinates":[11.060673,60.305954]},"properties":{"name":"Bålplass","source":"OpenStreetMap","osm_ref":"node-3487606360"}},{"type":"Feature","id":"firepit-osm-node-3487608598","geometry":{"type":"Point","coordinates":[11.059645,60.307451]},"properties":{"name":"Bålplass","source":"OpenStreetMap","osm_ref":"node-3487608598"}},{"type":"Feature","id":"firepit-osm-node-3547710370","geometry":{"type":"Point","coordinates":[10.255081,60.4459]},"properties":{"name":"Bålplass","source":"OpenStreetMap","osm_ref":"node-3547710370"}},{"type":"Feature","id":"firepit-osm-node-3565248226","geometry":{"type":"Point","coordinates":[10.645168,59.687175]},"properties":{"name":"Bålplass","source":"OpenStreetMap","osm_ref":"node-3565248226"}},{"type":"Feature","id":"firepit-osm-node-3597243546","geometry":{"type":"Point","coordinates":[10.057193,59.786327]},"properties":{"name":"Bålplass","source":"OpenStreetMap","osm_ref":"node-3597243546"}},{"type":"Feature","id":"firepit-osm-node-3607454572","geometry":{"type":"Point","coordinates":[10.355624,60.131435]},"properties":{"name":"Bålplass","source":"OpenStreetMap","osm_ref":"node-3607454572"}},{"type":"Feature","id":"firepit-osm-node-3607454589","geometry":{"type":"Point","coordinates":[10.352392,60.134617]},"properties":{"name":"Bålplass","source":"OpenStreetMap","osm_ref":"node-3607454589"}},{"type":"Feature","id":"firepit-osm-node-3608364827","geometry":{"type":"Point","coordinates":[10.447492,60.128011]},"properties":{"name":"Bålplass","source":"OpenStreetMap","osm_ref":"node-3608364827"}},{"type":"Feature","id":"firepit-osm-node-3613063754","geometry":{"type":"Point","coordinates":[5.31087,60.37787]},"properties":{"name":"Bålplass","source":"OpenStreetMap","osm_ref":"node-3613063754"}},{"type":"Feature","id":"firepit-osm-node-3616131926","geometry":{"type":"Point","coordinates":[10.663825,59.681842]},"properties":{"name":"Bålplass","source":"OpenStreetMap","osm_ref":"node-3616131926"}},{"type":"Feature","id":"firepit-osm-node-3616142659","geometry":{"type":"Point","coordinates":[10.645172,59.685958]},"properties":{"name":"Bålplass","source":"OpenStreetMap","osm_ref":"node-3616142659"}},{"type":"Feature","id":"firepit-osm-node-3616142660","geometry":{"type":"Point","coordinates":[10.645429,59.687768]},"properties":{"name":"Bålplass","source":"OpenStreetMap","osm_ref":"node-3616142660"}},{"type":"Feature","id":"firepit-osm-node-3645865175","geometry":{"type":"Point","coordinates":[23.378867,69.972982]},"properties":{"name":"Bålplass","source":"OpenStreetMap","osm_ref":"node-3645865175"}},{"type":"Feature","id":"firepit-osm-node-3646350943","geometry":{"type":"Point","coordinates":[23.452991,69.981982]},"properties":{"name":"Bålplass","source":"OpenStreetMap","osm_ref":"node-3646350943"}},{"type":"Feature","id":"firepit-osm-node-3647113710","geometry":{"type":"Point","coordinates":[11.141576,59.167675]},"properties":{"name":"Bålplass","source":"OpenStreetMap","osm_ref":"node-3647113710"}},{"type":"Feature","id":"firepit-osm-node-3657948281","geometry":{"type":"Point","coordinates":[10.463197,60.092661]},"properties":{"name":"Bålplass","source":"OpenStreetMap","osm_ref":"node-3657948281"}},{"type":"Feature","id":"firepit-osm-node-3672246065","geometry":{"type":"Point","coordinates":[10.562982,59.702556]},"properties":{"name":"Bålplass","source":"OpenStreetMap","osm_ref":"node-3672246065"}},{"type":"Feature","id":"firepit-osm-node-3672247359","geometry":{"type":"Point","coordinates":[10.555649,59.701373]},"properties":{"name":"Bålplass","source":"OpenStreetMap","osm_ref":"node-3672247359"}},{"type":"Feature","id":"firepit-osm-node-3703784393","geometry":{"type":"Point","coordinates":[10.79195,59.888084]},"properties":{"name":"Bålplass","source":"OpenStreetMap","osm_ref":"node-3703784393"}},{"type":"Feature","id":"firepit-osm-node-3719190762","geometry":{"type":"Point","coordinates":[11.041329,62.465683]},"properties":{"name":"Bålplass","source":"OpenStreetMap","osm_ref":"node-3719190762"}},{"type":"Feature","id":"firepit-osm-node-3719246785","geometry":{"type":"Point","coordinates":[11.145938,61.527207]},"properties":{"name":"Bålplass","source":"OpenStreetMap","osm_ref":"node-3719246785"}},{"type":"Feature","id":"firepit-osm-node-3721973038","geometry":{"type":"Point","coordinates":[12.180959,62.309086]},"properties":{"name":"Bålplass","source":"OpenStreetMap","osm_ref":"node-3721973038"}},{"type":"Feature","id":"firepit-osm-node-3721973039","geometry":{"type":"Point","coordinates":[12.194098,62.31097]},"properties":{"name":"Bålplass","source":"OpenStreetMap","osm_ref":"node-3721973039"}},{"type":"Feature","id":"firepit-osm-node-3745144327","geometry":{"type":"Point","coordinates":[10.668436,59.655458]},"properties":{"name":"Bålplass","source":"OpenStreetMap","osm_ref":"node-3745144327"}},{"type":"Feature","id":"firepit-osm-node-3760598926","geometry":{"type":"Point","coordinates":[10.021028,59.768506]},"properties":{"name":"Bålplass","source":"OpenStreetMap","osm_ref":"node-3760598926"}},{"type":"Feature","id":"firepit-osm-node-3766177685","geometry":{"type":"Point","coordinates":[9.596714,59.637731]},"properties":{"name":"Bålplass","source":"OpenStreetMap","osm_ref":"node-3766177685"}},{"type":"Feature","id":"firepit-osm-node-3771039253","geometry":{"type":"Point","coordinates":[9.987013,59.775678]},"properties":{"name":"Bålplass","source":"OpenStreetMap","osm_ref":"node-3771039253"}},{"type":"Feature","id":"firepit-osm-node-3771045257","geometry":{"type":"Point","coordinates":[9.986129,59.776078]},"properties":{"name":"Bålplass","source":"OpenStreetMap","osm_ref":"node-3771045257"}},{"type":"Feature","id":"firepit-osm-node-3771045336","geometry":{"type":"Point","coordinates":[9.983492,59.779597]},"properties":{"name":"Bålplass","source":"OpenStreetMap","osm_ref":"node-3771045336"}},{"type":"Feature","id":"firepit-osm-node-3782473284","geometry":{"type":"Point","coordinates":[10.234732,60.470064]},"properties":{"name":"Bålplass","source":"OpenStreetMap","osm_ref":"node-3782473284"}},{"type":"Feature","id":"firepit-osm-node-3784980391","geometry":{"type":"Point","coordinates":[6.856431,58.218075]},"properties":{"name":"Bålplass","source":"OpenStreetMap","osm_ref":"node-3784980391"}},{"type":"Feature","id":"firepit-osm-node-3785007322","geometry":{"type":"Point","coordinates":[10.026682,59.765937]},"properties":{"name":"Bålplass","source":"OpenStreetMap","osm_ref":"node-3785007322"}},{"type":"Feature","id":"firepit-osm-node-3787805489","geometry":{"type":"Point","coordinates":[9.260177,58.759988]},"properties":{"name":"Bålplass","source":"OpenStreetMap","osm_ref":"node-3787805489"}},{"type":"Feature","id":"firepit-osm-node-3790681446","geometry":{"type":"Point","coordinates":[9.776814,59.893813]},"properties":{"name":"Bålplass","source":"OpenStreetMap","osm_ref":"node-3790681446"}},{"type":"Feature","id":"firepit-osm-node-3798582189","geometry":{"type":"Point","coordinates":[10.013537,59.763052]},"properties":{"name":"Bålplass","source":"OpenStreetMap","osm_ref":"node-3798582189"}},{"type":"Feature","id":"firepit-osm-node-3799764542","geometry":{"type":"Point","coordinates":[8.086448,59.179758]},"properties":{"name":"Bålplass","source":"OpenStreetMap","osm_ref":"node-3799764542"}},{"type":"Feature","id":"firepit-osm-node-3800948402","geometry":{"type":"Point","coordinates":[10.509965,59.934994]},"properties":{"name":"Bålplass","source":"OpenStreetMap","osm_ref":"node-3800948402"}},{"type":"Feature","id":"firepit-osm-node-3811409132","geometry":{"type":"Point","coordinates":[9.997269,59.774366]},"properties":{"name":"Bålplass","source":"OpenStreetMap","osm_ref":"node-3811409132"}},{"type":"Feature","id":"firepit-osm-node-3812803989","geometry":{"type":"Point","coordinates":[10.159603,59.736554]},"properties":{"name":"Bålplass","source":"OpenStreetMap","osm_ref":"node-3812803989"}},{"type":"Feature","id":"firepit-osm-node-3812806682","geometry":{"type":"Point","coordinates":[10.167224,59.737758]},"properties":{"name":"Bålplass","source":"OpenStreetMap","osm_ref":"node-3812806682"}},{"type":"Feature","id":"firepit-osm-node-3824601465","geometry":{"type":"Point","coordinates":[11.396138,60.831086]},"properties":{"name":"Bålplass","source":"OpenStreetMap","osm_ref":"node-3824601465"}},{"type":"Feature","id":"firepit-osm-node-3824601477","geometry":{"type":"Point","coordinates":[11.397637,60.831868]},"properties":{"name":"Bålplass","source":"OpenStreetMap","osm_ref":"node-3824601477"}},{"type":"Feature","id":"firepit-osm-node-3826795754","geometry":{"type":"Point","coordinates":[10.094954,59.739225]},"properties":{"name":"Bålplass","source":"OpenStreetMap","osm_ref":"node-3826795754"}},{"type":"Feature","id":"firepit-osm-node-3849019849","geometry":{"type":"Point","coordinates":[10.827135,59.828476]},"properties":{"name":"Bålplass","source":"OpenStreetMap","osm_ref":"node-3849019849"}},{"type":"Feature","id":"firepit-osm-node-3861289511","geometry":{"type":"Point","coordinates":[10.975389,59.262488]},"properties":{"name":"Bålplass","source":"OpenStreetMap","osm_ref":"node-3861289511"}},{"type":"Feature","id":"firepit-osm-node-3861289514","geometry":{"type":"Point","coordinates":[10.977631,59.263474]},"properties":{"name":"Bålplass","source":"OpenStreetMap","osm_ref":"node-3861289514"}},{"type":"Feature","id":"firepit-osm-node-3861289517","geometry":{"type":"Point","coordinates":[10.97495,59.265758]},"properties":{"name":"Bålplass","source":"OpenStreetMap","osm_ref":"node-3861289517"}},{"type":"Feature","id":"firepit-osm-node-4031506056","geometry":{"type":"Point","coordinates":[9.944081,59.789572]},"properties":{"name":"Bålplass","source":"OpenStreetMap","osm_ref":"node-4031506056"}},{"type":"Feature","id":"firepit-osm-node-4031509433","geometry":{"type":"Point","coordinates":[9.93024,59.80128]},"properties":{"name":"Bålplass","source":"OpenStreetMap","osm_ref":"node-4031509433"}},{"type":"Feature","id":"firepit-osm-node-4081573876","geometry":{"type":"Point","coordinates":[11.156378,63.853374]},"properties":{"name":"Bålplass","source":"OpenStreetMap","osm_ref":"node-4081573876"}},{"type":"Feature","id":"firepit-osm-node-4102205243","geometry":{"type":"Point","coordinates":[8.685826,61.567812]},"properties":{"name":"Bålplass","source":"OpenStreetMap","osm_ref":"node-4102205243"}},{"type":"Feature","id":"firepit-osm-node-4109708930","geometry":{"type":"Point","coordinates":[11.577164,60.130082]},"properties":{"name":"Bålplass","source":"OpenStreetMap","osm_ref":"node-4109708930"}},{"type":"Feature","id":"firepit-osm-node-4111433591","geometry":{"type":"Point","coordinates":[5.405519,60.313483]},"properties":{"name":"Bålplass","source":"OpenStreetMap","osm_ref":"node-4111433591"}},{"type":"Feature","id":"firepit-osm-node-4121569895","geometry":{"type":"Point","coordinates":[10.74181,59.751895]},"properties":{"name":"Bålplass","source":"OpenStreetMap","osm_ref":"node-4121569895"}},{"type":"Feature","id":"firepit-osm-node-4172131004","geometry":{"type":"Point","coordinates":[11.327781,60.116147]},"properties":{"name":"Bålplass","source":"OpenStreetMap","osm_ref":"node-4172131004"}},{"type":"Feature","id":"firepit-osm-node-4180424026","geometry":{"type":"Point","coordinates":[11.151664,60.004839]},"properties":{"name":"Bålplass","source":"OpenStreetMap","osm_ref":"node-4180424026"}},{"type":"Feature","id":"firepit-osm-node-4185876710","geometry":{"type":"Point","coordinates":[9.989379,59.764858]},"properties":{"name":"Bålplass","source":"OpenStreetMap","osm_ref":"node-4185876710"}},{"type":"Feature","id":"firepit-osm-node-4185876712","geometry":{"type":"Point","coordinates":[9.990951,59.765043]},"properties":{"name":"Bålplass","source":"OpenStreetMap","osm_ref":"node-4185876712"}},{"type":"Feature","id":"firepit-osm-node-4185914960","geometry":{"type":"Point","coordinates":[10.063389,59.755511]},"properties":{"name":"Bålplass","source":"OpenStreetMap","osm_ref":"node-4185914960"}},{"type":"Feature","id":"firepit-osm-node-4219868671","geometry":{"type":"Point","coordinates":[10.00263,59.782672]},"properties":{"name":"Bålplass","source":"OpenStreetMap","osm_ref":"node-4219868671"}},{"type":"Feature","id":"firepit-osm-node-4223817496","geometry":{"type":"Point","coordinates":[8.986387,63.204996]},"properties":{"name":"Bålplass","source":"OpenStreetMap","osm_ref":"node-4223817496"}},{"type":"Feature","id":"firepit-osm-node-4224217494","geometry":{"type":"Point","coordinates":[11.378942,64.379505]},"properties":{"name":"Bålplass","source":"OpenStreetMap","osm_ref":"node-4224217494"}},{"type":"Feature","id":"firepit-osm-node-4224217495","geometry":{"type":"Point","coordinates":[11.381481,64.379098]},"properties":{"name":"Bålplass","source":"OpenStreetMap","osm_ref":"node-4224217495"}},{"type":"Feature","id":"firepit-osm-node-4224267289","geometry":{"type":"Point","coordinates":[11.543876,64.462587]},"properties":{"name":"Bålplass","source":"OpenStreetMap","osm_ref":"node-4224267289"}},{"type":"Feature","id":"firepit-osm-node-4225745199","geometry":{"type":"Point","coordinates":[11.749109,64.012707]},"properties":{"name":"Bålplass","source":"OpenStreetMap","osm_ref":"node-4225745199"}},{"type":"Feature","id":"firepit-osm-node-4225755092","geometry":{"type":"Point","coordinates":[12.311767,63.995099]},"properties":{"name":"Bålplass","source":"OpenStreetMap","osm_ref":"node-4225755092"}},{"type":"Feature","id":"firepit-osm-node-4225755096","geometry":{"type":"Point","coordinates":[12.268493,64.009733]},"properties":{"name":"Bålplass","source":"OpenStreetMap","osm_ref":"node-4225755096"}},{"type":"Feature","id":"firepit-osm-node-4230583192","geometry":{"type":"Point","coordinates":[11.88016,65.088703]},"properties":{"name":"Bålplass","source":"OpenStreetMap","osm_ref":"node-4230583192"}},{"type":"Feature","id":"firepit-osm-node-4239196359","geometry":{"type":"Point","coordinates":[11.212369,59.929366]},"properties":{"name":"Bålplass","source":"OpenStreetMap","osm_ref":"node-4239196359"}},{"type":"Feature","id":"firepit-osm-node-4239522928","geometry":{"type":"Point","coordinates":[11.241522,59.91664]},"properties":{"name":"Bålplass","source":"OpenStreetMap","osm_ref":"node-4239522928"}},{"type":"Feature","id":"firepit-osm-node-4239522966","geometry":{"type":"Point","coordinates":[11.237933,59.91457]},"properties":{"name":"Bålplass","source":"OpenStreetMap","osm_ref":"node-4239522966"}},{"type":"Feature","id":"firepit-osm-node-4263291294","geometry":{"type":"Point","coordinates":[15.494914,68.652353]},"properties":{"name":"Bålplass","source":"OpenStreetMap","osm_ref":"node-4263291294"}},{"type":"Feature","id":"firepit-osm-node-4264040594","geometry":{"type":"Point","coordinates":[14.800154,68.508949]},"properties":{"name":"Bålplass","source":"OpenStreetMap","osm_ref":"node-4264040594"}},{"type":"Feature","id":"firepit-osm-node-4268713793","geometry":{"type":"Point","coordinates":[10.523192,60.016001]},"properties":{"name":"Bålplass","source":"OpenStreetMap","osm_ref":"node-4268713793"}},{"type":"Feature","id":"firepit-osm-node-4278282347","geometry":{"type":"Point","coordinates":[4.947603,60.465133]},"properties":{"name":"Bålplass","source":"OpenStreetMap","osm_ref":"node-4278282347"}},{"type":"Feature","id":"firepit-osm-node-4281635789","geometry":{"type":"Point","coordinates":[18.599356,69.140809]},"properties":{"name":"Bålplass","source":"OpenStreetMap","osm_ref":"node-4281635789"}},{"type":"Feature","id":"firepit-osm-node-4292934607","geometry":{"type":"Point","coordinates":[10.429614,60.16833]},"properties":{"name":"Bålplass","source":"OpenStreetMap","osm_ref":"node-4292934607"}},{"type":"Feature","id":"firepit-osm-node-4308385397","geometry":{"type":"Point","coordinates":[17.902507,68.41744]},"properties":{"name":"Bålplass","source":"OpenStreetMap","osm_ref":"node-4308385397"}},{"type":"Feature","id":"firepit-osm-node-4308385493","geometry":{"type":"Point","coordinates":[17.908259,68.416816]},"properties":{"name":"Bålplass","source":"OpenStreetMap","osm_ref":"node-4308385493"}},{"type":"Feature","id":"firepit-osm-node-4308385690","geometry":{"type":"Point","coordinates":[17.901603,68.418118]},"properties":{"name":"Bålplass","source":"OpenStreetMap","osm_ref":"node-4308385690"}},{"type":"Feature","id":"firepit-osm-node-4308386292","geometry":{"type":"Point","coordinates":[17.904757,68.416838]},"properties":{"name":"Bålplass","source":"OpenStreetMap","osm_ref":"node-4308386292"}},{"type":"Feature","id":"firepit-osm-node-4308407373","geometry":{"type":"Point","coordinates":[17.953789,68.405778]},"properties":{"name":"Bålplass","source":"OpenStreetMap","osm_ref":"node-4308407373"}},{"type":"Feature","id":"firepit-osm-node-4308469441","geometry":{"type":"Point","coordinates":[17.977321,68.402701]},"properties":{"name":"Bålplass","source":"OpenStreetMap","osm_ref":"node-4308469441"}},{"type":"Feature","id":"firepit-osm-node-4308470512","geometry":{"type":"Point","coordinates":[17.986415,68.404453]},"properties":{"name":"Bålplass","source":"OpenStreetMap","osm_ref":"node-4308470512"}},{"type":"Feature","id":"firepit-osm-node-4308471247","geometry":{"type":"Point","coordinates":[17.978294,68.402233]},"properties":{"name":"Bålplass","source":"OpenStreetMap","osm_ref":"node-4308471247"}},{"type":"Feature","id":"firepit-osm-node-4308548592","geometry":{"type":"Point","coordinates":[17.994533,68.414347]},"properties":{"name":"Bålplass","source":"OpenStreetMap","osm_ref":"node-4308548592"}},{"type":"Feature","id":"firepit-osm-node-4308633800","geometry":{"type":"Point","coordinates":[18.00858,68.431091]},"properties":{"name":"Bålplass","source":"OpenStreetMap","osm_ref":"node-4308633800"}},{"type":"Feature","id":"firepit-osm-node-4316046030","geometry":{"type":"Point","coordinates":[6.48352,59.494]},"properties":{"name":"Bålplass","source":"OpenStreetMap","osm_ref":"node-4316046030"}},{"type":"Feature","id":"firepit-osm-node-4318467599","geometry":{"type":"Point","coordinates":[10.646813,60.200608]},"properties":{"name":"Bålplass","source":"OpenStreetMap","osm_ref":"node-4318467599"}},{"type":"Feature","id":"firepit-osm-node-4331101236","geometry":{"type":"Point","coordinates":[10.494882,60.162324]},"properties":{"name":"Bålplass","source":"OpenStreetMap","osm_ref":"node-4331101236"}},{"type":"Feature","id":"firepit-osm-node-4345248228","geometry":{"type":"Point","coordinates":[10.44438,59.415639]},"properties":{"name":"Bålplass","source":"OpenStreetMap","osm_ref":"node-4345248228"}},{"type":"Feature","id":"firepit-osm-node-4347903818","geometry":{"type":"Point","coordinates":[12.118008,60.233605]},"properties":{"name":"Bålplass","source":"OpenStreetMap","osm_ref":"node-4347903818"}},{"type":"Feature","id":"firepit-osm-node-4355773370","geometry":{"type":"Point","coordinates":[7.001656,58.021188]},"properties":{"name":"Bålplass","source":"OpenStreetMap","osm_ref":"node-4355773370"}},{"type":"Feature","id":"firepit-osm-node-4355773372","geometry":{"type":"Point","coordinates":[7.006465,58.026125]},"properties":{"name":"Bålplass","source":"OpenStreetMap","osm_ref":"node-4355773372"}},{"type":"Feature","id":"firepit-osm-node-4416481433","geometry":{"type":"Point","coordinates":[10.03185,59.772563]},"properties":{"name":"Bålplass","source":"OpenStreetMap","osm_ref":"node-4416481433"}},{"type":"Feature","id":"firepit-osm-node-4450786616","geometry":{"type":"Point","coordinates":[6.713958,60.689916]},"properties":{"name":"Bålplass","source":"OpenStreetMap","osm_ref":"node-4450786616"}},{"type":"Feature","id":"firepit-osm-node-4458846192","geometry":{"type":"Point","coordinates":[10.521174,59.948347]},"properties":{"name":"Bålplass","source":"OpenStreetMap","osm_ref":"node-4458846192"}},{"type":"Feature","id":"firepit-osm-node-4504272169","geometry":{"type":"Point","coordinates":[10.317393,63.399873]},"properties":{"name":"Bålplass","source":"OpenStreetMap","osm_ref":"node-4504272169"}},{"type":"Feature","id":"firepit-osm-node-4538586792","geometry":{"type":"Point","coordinates":[11.004141,60.013132]},"properties":{"name":"Bålplass","source":"OpenStreetMap","osm_ref":"node-4538586792"}},{"type":"Feature","id":"firepit-osm-node-4538586793","geometry":{"type":"Point","coordinates":[11.004856,60.012725]},"properties":{"name":"Bålplass","source":"OpenStreetMap","osm_ref":"node-4538586793"}},{"type":"Feature","id":"firepit-osm-node-4538586922","geometry":{"type":"Point","coordinates":[11.006902,60.006788]},"properties":{"name":"Bålplass","source":"OpenStreetMap","osm_ref":"node-4538586922"}},{"type":"Feature","id":"firepit-osm-node-4538586956","geometry":{"type":"Point","coordinates":[11.00809,60.012301]},"properties":{"name":"Bålplass","source":"OpenStreetMap","osm_ref":"node-4538586956"}},{"type":"Feature","id":"firepit-osm-node-4549221847","geometry":{"type":"Point","coordinates":[10.834039,59.954061]},"properties":{"name":"Bålplass","source":"OpenStreetMap","osm_ref":"node-4549221847"}},{"type":"Feature","id":"firepit-osm-node-4584309326","geometry":{"type":"Point","coordinates":[10.376363,59.78615]},"properties":{"name":"Bålplass","source":"OpenStreetMap","osm_ref":"node-4584309326"}},{"type":"Feature","id":"firepit-osm-node-4678736527","geometry":{"type":"Point","coordinates":[10.893933,59.20577]},"properties":{"name":"Bålplass","source":"OpenStreetMap","osm_ref":"node-4678736527"}},{"type":"Feature","id":"firepit-osm-node-4693952347","geometry":{"type":"Point","coordinates":[11.046958,60.269508]},"properties":{"name":"Bålplass","source":"OpenStreetMap","osm_ref":"node-4693952347"}},{"type":"Feature","id":"firepit-osm-node-4704474656","geometry":{"type":"Point","coordinates":[11.051116,59.936983]},"properties":{"name":"Bålplass","source":"OpenStreetMap","osm_ref":"node-4704474656"}},{"type":"Feature","id":"firepit-osm-node-4704474786","geometry":{"type":"Point","coordinates":[11.050308,59.935728]},"properties":{"name":"Bålplass","source":"OpenStreetMap","osm_ref":"node-4704474786"}},{"type":"Feature","id":"firepit-osm-node-4704502389","geometry":{"type":"Point","coordinates":[11.040469,59.940227]},"properties":{"name":"Bålplass","source":"OpenStreetMap","osm_ref":"node-4704502389"}},{"type":"Feature","id":"firepit-osm-node-4729103956","geometry":{"type":"Point","coordinates":[11.343446,59.55807]},"properties":{"name":"Bålplass","source":"OpenStreetMap","osm_ref":"node-4729103956"}},{"type":"Feature","id":"firepit-osm-node-4733712069","geometry":{"type":"Point","coordinates":[10.861116,59.900145]},"properties":{"name":"Bålplass","source":"OpenStreetMap","osm_ref":"node-4733712069"}},{"type":"Feature","id":"firepit-osm-node-4743952762","geometry":{"type":"Point","coordinates":[10.46369,59.875259]},"properties":{"name":"Bålplass","source":"OpenStreetMap","osm_ref":"node-4743952762"}},{"type":"Feature","id":"firepit-osm-node-4746829230","geometry":{"type":"Point","coordinates":[10.439991,59.85768]},"properties":{"name":"Bålplass","source":"OpenStreetMap","osm_ref":"node-4746829230"}},{"type":"Feature","id":"firepit-osm-node-4759372939","geometry":{"type":"Point","coordinates":[5.391277,60.294367]},"properties":{"name":"Bålplass","source":"OpenStreetMap","osm_ref":"node-4759372939"}},{"type":"Feature","id":"firepit-osm-node-4781737646","geometry":{"type":"Point","coordinates":[9.642745,59.601655]},"properties":{"name":"Bålplass","source":"OpenStreetMap","osm_ref":"node-4781737646"}},{"type":"Feature","id":"firepit-osm-node-4799043850","geometry":{"type":"Point","coordinates":[5.587016,60.87743]},"properties":{"name":"Bålplass","source":"OpenStreetMap","osm_ref":"node-4799043850"}},{"type":"Feature","id":"firepit-osm-node-4810427578","geometry":{"type":"Point","coordinates":[9.981258,59.782915]},"properties":{"name":"Bålplass","source":"OpenStreetMap","osm_ref":"node-4810427578"}},{"type":"Feature","id":"firepit-osm-node-4816074649","geometry":{"type":"Point","coordinates":[10.802198,59.214641]},"properties":{"name":"Bålplass","source":"OpenStreetMap","osm_ref":"node-4816074649"}},{"type":"Feature","id":"firepit-osm-node-4827583954","geometry":{"type":"Point","coordinates":[6.22625,60.412345]},"properties":{"name":"Bålplass","source":"OpenStreetMap","osm_ref":"node-4827583954"}},{"type":"Feature","id":"firepit-osm-node-4857677783","geometry":{"type":"Point","coordinates":[5.083018,60.324058]},"properties":{"name":"Bålplass","source":"OpenStreetMap","osm_ref":"node-4857677783"}},{"type":"Feature","id":"firepit-osm-node-4857696748","geometry":{"type":"Point","coordinates":[5.077641,60.323947]},"properties":{"name":"Bålplass","source":"OpenStreetMap","osm_ref":"node-4857696748"}},{"type":"Feature","id":"firepit-osm-node-4896377047","geometry":{"type":"Point","coordinates":[10.853183,59.871328]},"properties":{"name":"Bålplass","source":"OpenStreetMap","osm_ref":"node-4896377047"}},{"type":"Feature","id":"firepit-osm-node-4921841998","geometry":{"type":"Point","coordinates":[11.264208,60.314686]},"properties":{"name":"Bålplass","source":"OpenStreetMap","osm_ref":"node-4921841998"}},{"type":"Feature","id":"firepit-osm-node-4978887972","geometry":{"type":"Point","coordinates":[11.13677,60.016616]},"properties":{"name":"Bålplass","source":"OpenStreetMap","osm_ref":"node-4978887972"}},{"type":"Feature","id":"firepit-osm-node-4986977778","geometry":{"type":"Point","coordinates":[10.556286,60.375855]},"properties":{"name":"Bålplass","source":"OpenStreetMap","osm_ref":"node-4986977778"}},{"type":"Feature","id":"firepit-osm-node-5003435732","geometry":{"type":"Point","coordinates":[10.898365,59.990529]},"properties":{"name":"Bålplass","source":"OpenStreetMap","osm_ref":"node-5003435732"}},{"type":"Feature","id":"firepit-osm-node-5005088803","geometry":{"type":"Point","coordinates":[10.752958,59.966642]},"properties":{"name":"Bålplass","source":"OpenStreetMap","osm_ref":"node-5005088803"}},{"type":"Feature","id":"firepit-osm-node-5005262551","geometry":{"type":"Point","coordinates":[10.894209,60.158799]},"properties":{"name":"Bålplass","source":"OpenStreetMap","osm_ref":"node-5005262551"}},{"type":"Feature","id":"firepit-osm-node-5005273338","geometry":{"type":"Point","coordinates":[10.895343,60.157851]},"properties":{"name":"Bålplass","source":"OpenStreetMap","osm_ref":"node-5005273338"}},{"type":"Feature","id":"firepit-osm-node-5005273354","geometry":{"type":"Point","coordinates":[10.941554,60.162823]},"properties":{"name":"Bålplass","source":"OpenStreetMap","osm_ref":"node-5005273354"}},{"type":"Feature","id":"firepit-osm-node-5005276584","geometry":{"type":"Point","coordinates":[10.93878,60.161884]},"properties":{"name":"Bålplass","source":"OpenStreetMap","osm_ref":"node-5005276584"}},{"type":"Feature","id":"firepit-osm-node-5005279033","geometry":{"type":"Point","coordinates":[10.921715,60.118725]},"properties":{"name":"Bålplass","source":"OpenStreetMap","osm_ref":"node-5005279033"}},{"type":"Feature","id":"firepit-osm-node-5005279034","geometry":{"type":"Point","coordinates":[10.92444,60.121479]},"properties":{"name":"Bålplass","source":"OpenStreetMap","osm_ref":"node-5005279034"}},{"type":"Feature","id":"firepit-osm-node-5005397719","geometry":{"type":"Point","coordinates":[10.4943,60.177851]},"properties":{"name":"Bålplass","source":"OpenStreetMap","osm_ref":"node-5005397719"}},{"type":"Feature","id":"firepit-osm-node-5014611782","geometry":{"type":"Point","coordinates":[8.538678,62.18966]},"properties":{"name":"Bålplass","source":"OpenStreetMap","osm_ref":"node-5014611782"}},{"type":"Feature","id":"firepit-osm-node-5020319593","geometry":{"type":"Point","coordinates":[11.317022,60.762906]},"properties":{"name":"Bålplass","source":"OpenStreetMap","osm_ref":"node-5020319593"}},{"type":"Feature","id":"firepit-osm-node-5032990782","geometry":{"type":"Point","coordinates":[10.835985,59.166772]},"properties":{"name":"Bålplass","source":"OpenStreetMap","osm_ref":"node-5032990782"}},{"type":"Feature","id":"firepit-osm-node-5041828350","geometry":{"type":"Point","coordinates":[11.518296,59.469005]},"properties":{"name":"Bålplass","source":"OpenStreetMap","osm_ref":"node-5041828350"}},{"type":"Feature","id":"firepit-osm-node-5046766000","geometry":{"type":"Point","coordinates":[11.398835,59.521168]},"properties":{"name":"Bålplass","source":"OpenStreetMap","osm_ref":"node-5046766000"}},{"type":"Feature","id":"firepit-osm-node-5046785341","geometry":{"type":"Point","coordinates":[5.385671,61.173881]},"properties":{"name":"Bålplass","source":"OpenStreetMap","osm_ref":"node-5046785341"}},{"type":"Feature","id":"firepit-osm-node-5048185403","geometry":{"type":"Point","coordinates":[10.010961,59.937731]},"properties":{"name":"Bålplass","source":"OpenStreetMap","osm_ref":"node-5048185403"}},{"type":"Feature","id":"firepit-osm-node-5051783303","geometry":{"type":"Point","coordinates":[7.066195,58.06204]},"properties":{"name":"Bålplass","source":"OpenStreetMap","osm_ref":"node-5051783303"}},{"type":"Feature","id":"firepit-osm-node-5051783305","geometry":{"type":"Point","coordinates":[7.065255,58.062091]},"properties":{"name":"Bålplass","source":"OpenStreetMap","osm_ref":"node-5051783305"}},{"type":"Feature","id":"firepit-osm-node-5073626311","geometry":{"type":"Point","coordinates":[12.441777,65.684194]},"properties":{"name":"Bålplass","source":"OpenStreetMap","osm_ref":"node-5073626311"}},{"type":"Feature","id":"firepit-osm-node-5091199463","geometry":{"type":"Point","coordinates":[13.666179,66.75682]},"properties":{"name":"Bålplass","source":"OpenStreetMap","osm_ref":"node-5091199463"}},{"type":"Feature","id":"firepit-osm-node-5091595972","geometry":{"type":"Point","coordinates":[15.799105,67.680134]},"properties":{"name":"Bålplass","source":"OpenStreetMap","osm_ref":"node-5091595972"}},{"type":"Feature","id":"firepit-osm-node-5094714632","geometry":{"type":"Point","coordinates":[11.031594,59.929559]},"properties":{"name":"Bålplass","source":"OpenStreetMap","osm_ref":"node-5094714632"}},{"type":"Feature","id":"firepit-osm-node-5108098392","geometry":{"type":"Point","coordinates":[16.995651,68.66064]},"properties":{"name":"Bålplass","source":"OpenStreetMap","osm_ref":"node-5108098392"}},{"type":"Feature","id":"firepit-osm-node-5111034849","geometry":{"type":"Point","coordinates":[10.670099,59.904474]},"properties":{"name":"Bålplass","source":"OpenStreetMap","osm_ref":"node-5111034849"}},{"type":"Feature","id":"firepit-osm-node-5117995391","geometry":{"type":"Point","coordinates":[11.227458,59.119463]},"properties":{"name":"Bålplass","source":"OpenStreetMap","osm_ref":"node-5117995391"}},{"type":"Feature","id":"firepit-osm-node-5126924883","geometry":{"type":"Point","coordinates":[11.389409,59.097695]},"properties":{"name":"Bålplass","source":"OpenStreetMap","osm_ref":"node-5126924883"}},{"type":"Feature","id":"firepit-osm-node-5137694660","geometry":{"type":"Point","coordinates":[11.20584,59.263532]},"properties":{"name":"Bålplass","source":"OpenStreetMap","osm_ref":"node-5137694660"}},{"type":"Feature","id":"firepit-osm-node-5137694704","geometry":{"type":"Point","coordinates":[11.186291,59.256115]},"properties":{"name":"Bålplass","source":"OpenStreetMap","osm_ref":"node-5137694704"}},{"type":"Feature","id":"firepit-osm-node-5139675871","geometry":{"type":"Point","coordinates":[9.749248,59.772239]},"properties":{"name":"Bålplass","source":"OpenStreetMap","osm_ref":"node-5139675871"}},{"type":"Feature","id":"firepit-osm-node-5156141484","geometry":{"type":"Point","coordinates":[11.201641,59.996668]},"properties":{"name":"Bålplass","source":"OpenStreetMap","osm_ref":"node-5156141484"}},{"type":"Feature","id":"firepit-osm-node-5158055012","geometry":{"type":"Point","coordinates":[11.711063,60.04784]},"properties":{"name":"Bålplass","source":"OpenStreetMap","osm_ref":"node-5158055012"}},{"type":"Feature","id":"firepit-osm-node-5158883014","geometry":{"type":"Point","coordinates":[11.714696,60.040033]},"properties":{"name":"Bålplass","source":"OpenStreetMap","osm_ref":"node-5158883014"}},{"type":"Feature","id":"firepit-osm-node-5167748238","geometry":{"type":"Point","coordinates":[9.973742,62.689121]},"properties":{"name":"Bålplass","source":"OpenStreetMap","osm_ref":"node-5167748238"}},{"type":"Feature","id":"firepit-osm-node-5171859289","geometry":{"type":"Point","coordinates":[10.877282,59.925896]},"properties":{"name":"Bålplass","source":"OpenStreetMap","osm_ref":"node-5171859289"}},{"type":"Feature","id":"firepit-osm-node-5171860167","geometry":{"type":"Point","coordinates":[10.879931,59.923997]},"properties":{"name":"Bålplass","source":"OpenStreetMap","osm_ref":"node-5171860167"}},{"type":"Feature","id":"firepit-osm-node-5174794744","geometry":{"type":"Point","coordinates":[11.393574,59.530902]},"properties":{"name":"Bålplass","source":"OpenStreetMap","osm_ref":"node-5174794744"}},{"type":"Feature","id":"firepit-osm-node-5177012982","geometry":{"type":"Point","coordinates":[11.261945,60.207229]},"properties":{"name":"Bålplass","source":"OpenStreetMap","osm_ref":"node-5177012982"}},{"type":"Feature","id":"firepit-osm-node-5194457630","geometry":{"type":"Point","coordinates":[11.154209,59.173361]},"properties":{"name":"Bålplass","source":"OpenStreetMap","osm_ref":"node-5194457630"}},{"type":"Feature","id":"firepit-osm-node-5198302630","geometry":{"type":"Point","coordinates":[11.494697,59.088795]},"properties":{"name":"Bålplass","source":"OpenStreetMap","osm_ref":"node-5198302630"}},{"type":"Feature","id":"firepit-osm-node-5210717591","geometry":{"type":"Point","coordinates":[11.126762,59.181883]},"properties":{"name":"Bålplass","source":"OpenStreetMap","osm_ref":"node-5210717591"}},{"type":"Feature","id":"firepit-osm-node-5266815794","geometry":{"type":"Point","coordinates":[28.154754,70.263134]},"properties":{"name":"Bålplass","source":"OpenStreetMap","osm_ref":"node-5266815794"}},{"type":"Feature","id":"firepit-osm-node-5351799370","geometry":{"type":"Point","coordinates":[6.976887,58.029352]},"properties":{"name":"Bålplass","source":"OpenStreetMap","osm_ref":"node-5351799370"}},{"type":"Feature","id":"firepit-osm-node-5512291313","geometry":{"type":"Point","coordinates":[10.497204,59.418157]},"properties":{"name":"Bålplass","source":"OpenStreetMap","osm_ref":"node-5512291313"}},{"type":"Feature","id":"firepit-osm-node-5512291314","geometry":{"type":"Point","coordinates":[10.496717,59.417704]},"properties":{"name":"Bålplass","source":"OpenStreetMap","osm_ref":"node-5512291314"}},{"type":"Feature","id":"firepit-osm-node-5522692677","geometry":{"type":"Point","coordinates":[11.075135,59.152005]},"properties":{"name":"Bålplass","source":"OpenStreetMap","osm_ref":"node-5522692677"}},{"type":"Feature","id":"firepit-osm-node-5546490164","geometry":{"type":"Point","coordinates":[9.91168,59.341192]},"properties":{"name":"Bålplass","source":"OpenStreetMap","osm_ref":"node-5546490164"}},{"type":"Feature","id":"firepit-osm-node-5584053921","geometry":{"type":"Point","coordinates":[10.581004,59.910539]},"properties":{"name":"Bålplass","source":"OpenStreetMap","osm_ref":"node-5584053921"}},{"type":"Feature","id":"firepit-osm-node-5584067525","geometry":{"type":"Point","coordinates":[9.852422,63.314691]},"properties":{"name":"Bålplass","source":"OpenStreetMap","osm_ref":"node-5584067525"}},{"type":"Feature","id":"firepit-osm-node-5584075898","geometry":{"type":"Point","coordinates":[9.847091,63.313152]},"properties":{"name":"Bålplass","source":"OpenStreetMap","osm_ref":"node-5584075898"}},{"type":"Feature","id":"firepit-osm-node-5600462384","geometry":{"type":"Point","coordinates":[9.969412,59.779584]},"properties":{"name":"Bålplass","source":"OpenStreetMap","osm_ref":"node-5600462384"}},{"type":"Feature","id":"firepit-osm-node-5600462387","geometry":{"type":"Point","coordinates":[9.966658,59.780412]},"properties":{"name":"Bålplass","source":"OpenStreetMap","osm_ref":"node-5600462387"}},{"type":"Feature","id":"firepit-osm-node-5600516982","geometry":{"type":"Point","coordinates":[10.872272,59.784419]},"properties":{"name":"Bålplass","source":"OpenStreetMap","osm_ref":"node-5600516982"}},{"type":"Feature","id":"firepit-osm-node-5609977926","geometry":{"type":"Point","coordinates":[10.886511,59.788018]},"properties":{"name":"Bålplass","source":"OpenStreetMap","osm_ref":"node-5609977926"}},{"type":"Feature","id":"firepit-osm-node-5645547725","geometry":{"type":"Point","coordinates":[10.069335,59.772399]},"properties":{"name":"Bålplass","source":"OpenStreetMap","osm_ref":"node-5645547725"}},{"type":"Feature","id":"firepit-osm-node-5652399121","geometry":{"type":"Point","coordinates":[7.895046,58.211786]},"properties":{"name":"Bålplass","source":"OpenStreetMap","osm_ref":"node-5652399121"}},{"type":"Feature","id":"firepit-osm-node-5657382373","geometry":{"type":"Point","coordinates":[11.288918,60.222792]},"properties":{"name":"Bålplass","source":"OpenStreetMap","osm_ref":"node-5657382373"}},{"type":"Feature","id":"firepit-osm-node-5657382429","geometry":{"type":"Point","coordinates":[11.26572,60.215378]},"properties":{"name":"Bålplass","source":"OpenStreetMap","osm_ref":"node-5657382429"}},{"type":"Feature","id":"firepit-osm-node-5664722585","geometry":{"type":"Point","coordinates":[11.068161,59.889922]},"properties":{"name":"Bålplass","source":"OpenStreetMap","osm_ref":"node-5664722585"}},{"type":"Feature","id":"firepit-osm-node-5673519335","geometry":{"type":"Point","coordinates":[11.098818,59.906532]},"properties":{"name":"Bålplass","source":"OpenStreetMap","osm_ref":"node-5673519335"}},{"type":"Feature","id":"firepit-osm-node-5688349729","geometry":{"type":"Point","coordinates":[9.969869,59.404692]},"properties":{"name":"Bålplass","source":"OpenStreetMap","osm_ref":"node-5688349729"}},{"type":"Feature","id":"firepit-osm-node-5690688824","geometry":{"type":"Point","coordinates":[10.171973,63.354603]},"properties":{"name":"Bålplass","source":"OpenStreetMap","osm_ref":"node-5690688824"}},{"type":"Feature","id":"firepit-osm-node-5693891265","geometry":{"type":"Point","coordinates":[10.995051,60.30737]},"properties":{"name":"Bålplass","source":"OpenStreetMap","osm_ref":"node-5693891265"}},{"type":"Feature","id":"firepit-osm-node-5693891448","geometry":{"type":"Point","coordinates":[10.990055,60.308962]},"properties":{"name":"Bålplass","source":"OpenStreetMap","osm_ref":"node-5693891448"}},{"type":"Feature","id":"firepit-osm-node-5714554863","geometry":{"type":"Point","coordinates":[18.924895,69.654992]},"properties":{"name":"Bålplass","source":"OpenStreetMap","osm_ref":"node-5714554863"}},{"type":"Feature","id":"firepit-osm-node-5731957968","geometry":{"type":"Point","coordinates":[10.222903,63.429289]},"properties":{"name":"Bålplass","source":"OpenStreetMap","osm_ref":"node-5731957968"}},{"type":"Feature","id":"firepit-osm-node-5746063183","geometry":{"type":"Point","coordinates":[9.867628,59.168593]},"properties":{"name":"Bålplass","source":"OpenStreetMap","osm_ref":"node-5746063183"}},{"type":"Feature","id":"firepit-osm-node-5764330158","geometry":{"type":"Point","coordinates":[7.908056,58.221019]},"properties":{"name":"Bålplass","source":"OpenStreetMap","osm_ref":"node-5764330158"}},{"type":"Feature","id":"firepit-osm-node-5764330159","geometry":{"type":"Point","coordinates":[7.894416,58.221505]},"properties":{"name":"Bålplass","source":"OpenStreetMap","osm_ref":"node-5764330159"}},{"type":"Feature","id":"firepit-osm-node-5776481480","geometry":{"type":"Point","coordinates":[7.802142,61.504976]},"properties":{"name":"Bålplass","source":"OpenStreetMap","osm_ref":"node-5776481480"}},{"type":"Feature","id":"firepit-osm-node-5776905862","geometry":{"type":"Point","coordinates":[11.976393,62.396944]},"properties":{"name":"Bålplass","source":"OpenStreetMap","osm_ref":"node-5776905862"}},{"type":"Feature","id":"firepit-osm-node-5777943100","geometry":{"type":"Point","coordinates":[11.695824,59.885253]},"properties":{"name":"Bålplass","source":"OpenStreetMap","osm_ref":"node-5777943100"}},{"type":"Feature","id":"firepit-osm-node-5777943114","geometry":{"type":"Point","coordinates":[11.656115,59.872745]},"properties":{"name":"Bålplass","source":"OpenStreetMap","osm_ref":"node-5777943114"}},{"type":"Feature","id":"firepit-osm-node-5777943115","geometry":{"type":"Point","coordinates":[11.656786,59.873513]},"properties":{"name":"Bålplass","source":"OpenStreetMap","osm_ref":"node-5777943115"}},{"type":"Feature","id":"firepit-osm-node-5779427998","geometry":{"type":"Point","coordinates":[11.957708,62.410653]},"properties":{"name":"Bålplass","source":"OpenStreetMap","osm_ref":"node-5779427998"}},{"type":"Feature","id":"firepit-osm-node-5784762451","geometry":{"type":"Point","coordinates":[15.349376,67.392517]},"properties":{"name":"Bålplass","source":"OpenStreetMap","osm_ref":"node-5784762451"}},{"type":"Feature","id":"firepit-osm-node-5784762805","geometry":{"type":"Point","coordinates":[15.372566,67.395827]},"properties":{"name":"Bålplass","source":"OpenStreetMap","osm_ref":"node-5784762805"}},{"type":"Feature","id":"firepit-osm-node-5787887921","geometry":{"type":"Point","coordinates":[9.818234,61.480695]},"properties":{"name":"Bålplass","source":"OpenStreetMap","osm_ref":"node-5787887921"}},{"type":"Feature","id":"firepit-osm-node-5792379937","geometry":{"type":"Point","coordinates":[8.565736,58.33455]},"properties":{"name":"Bålplass","source":"OpenStreetMap","osm_ref":"node-5792379937"}},{"type":"Feature","id":"firepit-osm-node-5816632597","geometry":{"type":"Point","coordinates":[10.381784,59.627045]},"properties":{"name":"Bålplass","source":"OpenStreetMap","osm_ref":"node-5816632597"}},{"type":"Feature","id":"firepit-osm-node-5844238491","geometry":{"type":"Point","coordinates":[7.842691,63.084143]},"properties":{"name":"Bålplass","source":"OpenStreetMap","osm_ref":"node-5844238491"}},{"type":"Feature","id":"firepit-osm-node-5844238492","geometry":{"type":"Point","coordinates":[7.841682,63.083768]},"properties":{"name":"Bålplass","source":"OpenStreetMap","osm_ref":"node-5844238492"}},{"type":"Feature","id":"firepit-osm-node-5844244429","geometry":{"type":"Point","coordinates":[7.792847,63.124907]},"properties":{"name":"Bålplass","source":"OpenStreetMap","osm_ref":"node-5844244429"}},{"type":"Feature","id":"firepit-osm-node-5869295485","geometry":{"type":"Point","coordinates":[11.270693,63.622516]},"properties":{"name":"Bålplass","source":"OpenStreetMap","osm_ref":"node-5869295485"}},{"type":"Feature","id":"firepit-osm-node-5873320148","geometry":{"type":"Point","coordinates":[25.526733,69.487173]},"properties":{"name":"Bålplass","source":"OpenStreetMap","osm_ref":"node-5873320148"}},{"type":"Feature","id":"firepit-osm-node-5873348625","geometry":{"type":"Point","coordinates":[25.534552,69.494966]},"properties":{"name":"Bålplass","source":"OpenStreetMap","osm_ref":"node-5873348625"}},{"type":"Feature","id":"firepit-osm-node-5873364890","geometry":{"type":"Point","coordinates":[25.540424,69.488209]},"properties":{"name":"Bålplass","source":"OpenStreetMap","osm_ref":"node-5873364890"}},{"type":"Feature","id":"firepit-osm-node-5873803124","geometry":{"type":"Point","coordinates":[9.604649,59.677682]},"properties":{"name":"Bålplass","source":"OpenStreetMap","osm_ref":"node-5873803124"}},{"type":"Feature","id":"firepit-osm-node-5895080573","geometry":{"type":"Point","coordinates":[8.115663,58.089356]},"properties":{"name":"Bålplass","source":"OpenStreetMap","osm_ref":"node-5895080573"}},{"type":"Feature","id":"firepit-osm-node-5902615202","geometry":{"type":"Point","coordinates":[10.000062,59.393825]},"properties":{"name":"Bålplass","source":"OpenStreetMap","osm_ref":"node-5902615202"}},{"type":"Feature","id":"firepit-osm-node-5916960799","geometry":{"type":"Point","coordinates":[9.813377,59.407045]},"properties":{"name":"Bålplass","source":"OpenStreetMap","osm_ref":"node-5916960799"}},{"type":"Feature","id":"firepit-osm-node-5923816743","geometry":{"type":"Point","coordinates":[10.24966,59.508615]},"properties":{"name":"Bålplass","source":"OpenStreetMap","osm_ref":"node-5923816743"}},{"type":"Feature","id":"firepit-osm-node-5924365132","geometry":{"type":"Point","coordinates":[10.251186,59.506088]},"properties":{"name":"Bålplass","source":"OpenStreetMap","osm_ref":"node-5924365132"}},{"type":"Feature","id":"firepit-osm-node-5924712169","geometry":{"type":"Point","coordinates":[10.886318,59.904916]},"properties":{"name":"Bålplass","source":"OpenStreetMap","osm_ref":"node-5924712169"}},{"type":"Feature","id":"firepit-osm-node-5924712170","geometry":{"type":"Point","coordinates":[10.885595,59.905563]},"properties":{"name":"Bålplass","source":"OpenStreetMap","osm_ref":"node-5924712170"}},{"type":"Feature","id":"firepit-osm-node-5924712171","geometry":{"type":"Point","coordinates":[10.884206,59.906085]},"properties":{"name":"Bålplass","source":"OpenStreetMap","osm_ref":"node-5924712171"}},{"type":"Feature","id":"firepit-osm-node-5939226878","geometry":{"type":"Point","coordinates":[10.249741,59.510338]},"properties":{"name":"Bålplass","source":"OpenStreetMap","osm_ref":"node-5939226878"}},{"type":"Feature","id":"firepit-osm-node-5979186727","geometry":{"type":"Point","coordinates":[17.482799,68.445973]},"properties":{"name":"Bålplass","source":"OpenStreetMap","osm_ref":"node-5979186727"}},{"type":"Feature","id":"firepit-osm-node-5981210275","geometry":{"type":"Point","coordinates":[10.25094,59.524091]},"properties":{"name":"Bålplass","source":"OpenStreetMap","osm_ref":"node-5981210275"}},{"type":"Feature","id":"firepit-osm-node-6054927772","geometry":{"type":"Point","coordinates":[5.363383,60.40086]},"properties":{"name":"Bålplass","source":"OpenStreetMap","osm_ref":"node-6054927772"}},{"type":"Feature","id":"firepit-osm-node-6062119896","geometry":{"type":"Point","coordinates":[8.82367,58.434111]},"properties":{"name":"Bålplass","source":"OpenStreetMap","osm_ref":"node-6062119896"}},{"type":"Feature","id":"firepit-osm-node-6064937247","geometry":{"type":"Point","coordinates":[5.337428,60.414135]},"properties":{"name":"Bålplass","source":"OpenStreetMap","osm_ref":"node-6064937247"}},{"type":"Feature","id":"firepit-osm-node-6081739468","geometry":{"type":"Point","coordinates":[11.404008,59.120977]},"properties":{"name":"Bålplass","source":"OpenStreetMap","osm_ref":"node-6081739468"}},{"type":"Feature","id":"firepit-osm-node-6087859927","geometry":{"type":"Point","coordinates":[9.585329,59.60085]},"properties":{"name":"Bålplass","source":"OpenStreetMap","osm_ref":"node-6087859927"}},{"type":"Feature","id":"firepit-osm-node-6144061958","geometry":{"type":"Point","coordinates":[5.138242,61.984631]},"properties":{"name":"Bålplass","source":"OpenStreetMap","osm_ref":"node-6144061958"}},{"type":"Feature","id":"firepit-osm-node-6161307456","geometry":{"type":"Point","coordinates":[10.016069,63.310864]},"properties":{"name":"Bålplass","source":"OpenStreetMap","osm_ref":"node-6161307456"}},{"type":"Feature","id":"firepit-osm-node-6161311699","geometry":{"type":"Point","coordinates":[10.084096,63.323372]},"properties":{"name":"Bålplass","source":"OpenStreetMap","osm_ref":"node-6161311699"}},{"type":"Feature","id":"firepit-osm-node-6243823159","geometry":{"type":"Point","coordinates":[25.237391,69.718451]},"properties":{"name":"Bålplass","source":"OpenStreetMap","osm_ref":"node-6243823159"}},{"type":"Feature","id":"firepit-osm-node-6322540889","geometry":{"type":"Point","coordinates":[10.826348,59.894162]},"properties":{"name":"Bålplass","source":"OpenStreetMap","osm_ref":"node-6322540889"}},{"type":"Feature","id":"firepit-osm-node-6347355176","geometry":{"type":"Point","coordinates":[11.018226,59.211169]},"properties":{"name":"Bålplass","source":"OpenStreetMap","osm_ref":"node-6347355176"}},{"type":"Feature","id":"firepit-osm-node-6420390653","geometry":{"type":"Point","coordinates":[10.000323,59.765482]},"properties":{"name":"Bålplass","source":"OpenStreetMap","osm_ref":"node-6420390653"}},{"type":"Feature","id":"firepit-osm-node-6421786719","geometry":{"type":"Point","coordinates":[10.447216,59.451882]},"properties":{"name":"Bålplass","source":"OpenStreetMap","osm_ref":"node-6421786719"}},{"type":"Feature","id":"firepit-osm-node-6439775785","geometry":{"type":"Point","coordinates":[10.859153,60.716067]},"properties":{"name":"Bålplass","source":"OpenStreetMap","osm_ref":"node-6439775785"}},{"type":"Feature","id":"firepit-osm-node-6439775786","geometry":{"type":"Point","coordinates":[10.875353,60.71629]},"properties":{"name":"Bålplass","source":"OpenStreetMap","osm_ref":"node-6439775786"}},{"type":"Feature","id":"firepit-osm-node-6455277069","geometry":{"type":"Point","coordinates":[5.663162,58.910551]},"properties":{"name":"Bålplass","source":"OpenStreetMap","osm_ref":"node-6455277069"}},{"type":"Feature","id":"firepit-osm-node-6475646914","geometry":{"type":"Point","coordinates":[10.914379,60.029382]},"properties":{"name":"Bålplass","source":"OpenStreetMap","osm_ref":"node-6475646914"}},{"type":"Feature","id":"firepit-osm-node-6536640151","geometry":{"type":"Point","coordinates":[10.438786,61.234102]},"properties":{"name":"Bålplass","source":"OpenStreetMap","osm_ref":"node-6536640151"}},{"type":"Feature","id":"firepit-osm-node-6538277153","geometry":{"type":"Point","coordinates":[10.878542,60.714994]},"properties":{"name":"Bålplass","source":"OpenStreetMap","osm_ref":"node-6538277153"}},{"type":"Feature","id":"firepit-osm-node-6557100056","geometry":{"type":"Point","coordinates":[10.522518,61.117682]},"properties":{"name":"Bålplass","source":"OpenStreetMap","osm_ref":"node-6557100056"}},{"type":"Feature","id":"firepit-osm-node-6565088215","geometry":{"type":"Point","coordinates":[7.430076,58.018421]},"properties":{"name":"Bålplass","source":"OpenStreetMap","osm_ref":"node-6565088215"}},{"type":"Feature","id":"firepit-osm-node-6567529174","geometry":{"type":"Point","coordinates":[14.573432,68.227385]},"properties":{"name":"Bålplass","source":"OpenStreetMap","osm_ref":"node-6567529174"}},{"type":"Feature","id":"firepit-osm-node-6568569041","geometry":{"type":"Point","coordinates":[6.662356,58.292991]},"properties":{"name":"Bålplass","source":"OpenStreetMap","osm_ref":"node-6568569041"}},{"type":"Feature","id":"firepit-osm-node-6580370588","geometry":{"type":"Point","coordinates":[8.563714,59.439889]},"properties":{"name":"Bålplass","source":"OpenStreetMap","osm_ref":"node-6580370588"}},{"type":"Feature","id":"firepit-osm-node-6580376599","geometry":{"type":"Point","coordinates":[8.564525,59.446401]},"properties":{"name":"Bålplass","source":"OpenStreetMap","osm_ref":"node-6580376599"}},{"type":"Feature","id":"firepit-osm-node-6595839778","geometry":{"type":"Point","coordinates":[8.031736,63.075335]},"properties":{"name":"Bålplass","source":"OpenStreetMap","osm_ref":"node-6595839778"}},{"type":"Feature","id":"firepit-osm-node-6605729827","geometry":{"type":"Point","coordinates":[10.099867,61.092574]},"properties":{"name":"Bålplass","source":"OpenStreetMap","osm_ref":"node-6605729827"}},{"type":"Feature","id":"firepit-osm-node-6605729881","geometry":{"type":"Point","coordinates":[10.10645,61.109494]},"properties":{"name":"Bålplass","source":"OpenStreetMap","osm_ref":"node-6605729881"}},{"type":"Feature","id":"firepit-osm-node-6610948268","geometry":{"type":"Point","coordinates":[8.034862,58.1467]},"properties":{"name":"Bålplass","source":"OpenStreetMap","osm_ref":"node-6610948268"}},{"type":"Feature","id":"firepit-osm-node-6611645603","geometry":{"type":"Point","coordinates":[8.992165,60.023878]},"properties":{"name":"Bålplass","source":"OpenStreetMap","osm_ref":"node-6611645603"}},{"type":"Feature","id":"firepit-osm-node-6625070773","geometry":{"type":"Point","coordinates":[5.257743,59.42776]},"properties":{"name":"Bålplass","source":"OpenStreetMap","osm_ref":"node-6625070773"}},{"type":"Feature","id":"firepit-osm-node-6632052466","geometry":{"type":"Point","coordinates":[7.632413,62.567186]},"properties":{"name":"Bålplass","source":"OpenStreetMap","osm_ref":"node-6632052466"}},{"type":"Feature","id":"firepit-osm-node-6662586654","geometry":{"type":"Point","coordinates":[11.4331,64.0145]},"properties":{"name":"Bålplass","source":"OpenStreetMap","osm_ref":"node-6662586654"}},{"type":"Feature","id":"firepit-osm-node-6677273080","geometry":{"type":"Point","coordinates":[7.458765,58.838972]},"properties":{"name":"Bålplass","source":"OpenStreetMap","osm_ref":"node-6677273080"}},{"type":"Feature","id":"firepit-osm-node-6679587946","geometry":{"type":"Point","coordinates":[9.599249,61.656613]},"properties":{"name":"Bålplass","source":"OpenStreetMap","osm_ref":"node-6679587946"}},{"type":"Feature","id":"firepit-osm-node-6688223165","geometry":{"type":"Point","coordinates":[10.515515,61.123017]},"properties":{"name":"Bålplass","source":"OpenStreetMap","osm_ref":"node-6688223165"}},{"type":"Feature","id":"firepit-osm-node-6698043666","geometry":{"type":"Point","coordinates":[8.537267,60.62139]},"properties":{"name":"Bålplass","source":"OpenStreetMap","osm_ref":"node-6698043666"}},{"type":"Feature","id":"firepit-osm-node-6698843039","geometry":{"type":"Point","coordinates":[10.405692,61.154692]},"properties":{"name":"Bålplass","source":"OpenStreetMap","osm_ref":"node-6698843039"}},{"type":"Feature","id":"firepit-osm-node-6718846666","geometry":{"type":"Point","coordinates":[10.66051,61.219614]},"properties":{"name":"Bålplass","source":"OpenStreetMap","osm_ref":"node-6718846666"}},{"type":"Feature","id":"firepit-osm-node-6741916887","geometry":{"type":"Point","coordinates":[6.612929,58.09045]},"properties":{"name":"Bålplass","source":"OpenStreetMap","osm_ref":"node-6741916887"}},{"type":"Feature","id":"firepit-osm-node-6741916899","geometry":{"type":"Point","coordinates":[6.611396,58.090556]},"properties":{"name":"Bålplass","source":"OpenStreetMap","osm_ref":"node-6741916899"}},{"type":"Feature","id":"firepit-osm-node-6746817239","geometry":{"type":"Point","coordinates":[7.83127,63.064498]},"properties":{"name":"Bålplass","source":"OpenStreetMap","osm_ref":"node-6746817239"}},{"type":"Feature","id":"firepit-osm-node-6767728176","geometry":{"type":"Point","coordinates":[23.195998,69.930595]},"properties":{"name":"Bålplass","source":"OpenStreetMap","osm_ref":"node-6767728176"}},{"type":"Feature","id":"firepit-osm-node-6773314513","geometry":{"type":"Point","coordinates":[25.289251,69.302137]},"properties":{"name":"Bålplass","source":"OpenStreetMap","osm_ref":"node-6773314513"}},{"type":"Feature","id":"firepit-osm-node-6773426495","geometry":{"type":"Point","coordinates":[11.126614,59.599746]},"properties":{"name":"Bålplass","source":"OpenStreetMap","osm_ref":"node-6773426495"}},{"type":"Feature","id":"firepit-osm-node-6802624396","geometry":{"type":"Point","coordinates":[10.217859,59.055654]},"properties":{"name":"Bålplass","source":"OpenStreetMap","osm_ref":"node-6802624396"}},{"type":"Feature","id":"firepit-osm-node-6815621347","geometry":{"type":"Point","coordinates":[10.253811,63.397444]},"properties":{"name":"Bålplass","source":"OpenStreetMap","osm_ref":"node-6815621347"}},{"type":"Feature","id":"firepit-osm-node-6815668722","geometry":{"type":"Point","coordinates":[10.243771,63.400931]},"properties":{"name":"Bålplass","source":"OpenStreetMap","osm_ref":"node-6815668722"}},{"type":"Feature","id":"firepit-osm-node-6815671509","geometry":{"type":"Point","coordinates":[10.248613,63.399108]},"properties":{"name":"Bålplass","source":"OpenStreetMap","osm_ref":"node-6815671509"}},{"type":"Feature","id":"firepit-osm-node-6841688183","geometry":{"type":"Point","coordinates":[13.226513,68.061699]},"properties":{"name":"Bålplass","source":"OpenStreetMap","osm_ref":"node-6841688183"}},{"type":"Feature","id":"firepit-osm-node-6841759442","geometry":{"type":"Point","coordinates":[17.000348,68.546578]},"properties":{"name":"Bålplass","source":"OpenStreetMap","osm_ref":"node-6841759442"}},{"type":"Feature","id":"firepit-osm-node-6843913939","geometry":{"type":"Point","coordinates":[10.835931,59.789003]},"properties":{"name":"Bålplass","source":"OpenStreetMap","osm_ref":"node-6843913939"}},{"type":"Feature","id":"firepit-osm-node-6856559561","geometry":{"type":"Point","coordinates":[11.125927,59.590074]},"properties":{"name":"Bålplass","source":"OpenStreetMap","osm_ref":"node-6856559561"}},{"type":"Feature","id":"firepit-osm-node-6856559578","geometry":{"type":"Point","coordinates":[11.126943,59.588798]},"properties":{"name":"Bålplass","source":"OpenStreetMap","osm_ref":"node-6856559578"}},{"type":"Feature","id":"firepit-osm-node-6877560970","geometry":{"type":"Point","coordinates":[10.278228,63.446044]},"properties":{"name":"Bålplass","source":"OpenStreetMap","osm_ref":"node-6877560970"}},{"type":"Feature","id":"firepit-osm-node-6893401633","geometry":{"type":"Point","coordinates":[11.069499,59.236508]},"properties":{"name":"Bålplass","source":"OpenStreetMap","osm_ref":"node-6893401633"}},{"type":"Feature","id":"firepit-osm-node-6920452356","geometry":{"type":"Point","coordinates":[10.614714,60.036474]},"properties":{"name":"Bålplass","source":"OpenStreetMap","osm_ref":"node-6920452356"}},{"type":"Feature","id":"firepit-osm-node-6964034511","geometry":{"type":"Point","coordinates":[7.811235,63.132132]},"properties":{"name":"Bålplass","source":"OpenStreetMap","osm_ref":"node-6964034511"}},{"type":"Feature","id":"firepit-osm-node-6973569845","geometry":{"type":"Point","coordinates":[11.023448,59.233071]},"properties":{"name":"Bålplass","source":"OpenStreetMap","osm_ref":"node-6973569845"}},{"type":"Feature","id":"firepit-osm-node-6982567895","geometry":{"type":"Point","coordinates":[13.208947,66.461265]},"properties":{"name":"Bålplass","source":"OpenStreetMap","osm_ref":"node-6982567895"}},{"type":"Feature","id":"firepit-osm-node-7018703498","geometry":{"type":"Point","coordinates":[11.066991,59.602174]},"properties":{"name":"Bålplass","source":"OpenStreetMap","osm_ref":"node-7018703498"}},{"type":"Feature","id":"firepit-osm-node-7040862089","geometry":{"type":"Point","coordinates":[10.341566,61.213727]},"properties":{"name":"Bålplass","source":"OpenStreetMap","osm_ref":"node-7040862089"}},{"type":"Feature","id":"firepit-osm-node-7090993777","geometry":{"type":"Point","coordinates":[18.948552,69.664283]},"properties":{"name":"Bålplass","source":"OpenStreetMap","osm_ref":"node-7090993777"}},{"type":"Feature","id":"firepit-osm-node-7092856045","geometry":{"type":"Point","coordinates":[12.05206,62.448216]},"properties":{"name":"Bålplass","source":"OpenStreetMap","osm_ref":"node-7092856045"}},{"type":"Feature","id":"firepit-osm-node-7105482860","geometry":{"type":"Point","coordinates":[10.506862,61.106293]},"properties":{"name":"Bålplass","source":"OpenStreetMap","osm_ref":"node-7105482860"}},{"type":"Feature","id":"firepit-osm-node-7110275954","geometry":{"type":"Point","coordinates":[11.343395,59.548118]},"properties":{"name":"Bålplass","source":"OpenStreetMap","osm_ref":"node-7110275954"}},{"type":"Feature","id":"firepit-osm-node-7144181786","geometry":{"type":"Point","coordinates":[11.148375,59.543403]},"properties":{"name":"Bålplass","source":"OpenStreetMap","osm_ref":"node-7144181786"}},{"type":"Feature","id":"firepit-osm-node-7152344585","geometry":{"type":"Point","coordinates":[5.301011,60.386336]},"properties":{"name":"Bålplass","source":"OpenStreetMap","osm_ref":"node-7152344585"}},{"type":"Feature","id":"firepit-osm-node-7157491202","geometry":{"type":"Point","coordinates":[16.673441,68.960707]},"properties":{"name":"Bålplass","source":"OpenStreetMap","osm_ref":"node-7157491202"}},{"type":"Feature","id":"firepit-osm-node-7216811397","geometry":{"type":"Point","coordinates":[10.51578,61.121629]},"properties":{"name":"Bålplass","source":"OpenStreetMap","osm_ref":"node-7216811397"}},{"type":"Feature","id":"firepit-osm-node-7239409163","geometry":{"type":"Point","coordinates":[11.492433,59.277445]},"properties":{"name":"Bålplass","source":"OpenStreetMap","osm_ref":"node-7239409163"}},{"type":"Feature","id":"firepit-osm-node-7244332960","geometry":{"type":"Point","coordinates":[11.346864,59.633613]},"properties":{"name":"Bålplass","source":"OpenStreetMap","osm_ref":"node-7244332960"}},{"type":"Feature","id":"firepit-osm-node-7260862817","geometry":{"type":"Point","coordinates":[22.995838,69.892387]},"properties":{"name":"Bålplass","source":"OpenStreetMap","osm_ref":"node-7260862817"}},{"type":"Feature","id":"firepit-osm-node-7286967369","geometry":{"type":"Point","coordinates":[10.54908,59.543276]},"properties":{"name":"Bålplass","source":"OpenStreetMap","osm_ref":"node-7286967369"}},{"type":"Feature","id":"firepit-osm-node-7297182304","geometry":{"type":"Point","coordinates":[17.042881,69.123084]},"properties":{"name":"Bålplass","source":"OpenStreetMap","osm_ref":"node-7297182304"}},{"type":"Feature","id":"firepit-osm-node-7313701004","geometry":{"type":"Point","coordinates":[7.820267,63.128652]},"properties":{"name":"Bålplass","source":"OpenStreetMap","osm_ref":"node-7313701004"}},{"type":"Feature","id":"firepit-osm-node-7322195558","geometry":{"type":"Point","coordinates":[9.264455,61.347339]},"properties":{"name":"Bålplass","source":"OpenStreetMap","osm_ref":"node-7322195558"}},{"type":"Feature","id":"firepit-osm-node-7339974846","geometry":{"type":"Point","coordinates":[9.874472,62.147404]},"properties":{"name":"Bålplass","source":"OpenStreetMap","osm_ref":"node-7339974846"}},{"type":"Feature","id":"firepit-osm-node-7340001410","geometry":{"type":"Point","coordinates":[9.952426,62.134125]},"properties":{"name":"Bålplass","source":"OpenStreetMap","osm_ref":"node-7340001410"}},{"type":"Feature","id":"firepit-osm-node-7344196615","geometry":{"type":"Point","coordinates":[10.502452,61.097639]},"properties":{"name":"Bålplass","source":"OpenStreetMap","osm_ref":"node-7344196615"}},{"type":"Feature","id":"firepit-osm-node-7388615631","geometry":{"type":"Point","coordinates":[10.472009,61.144228]},"properties":{"name":"Bålplass","source":"OpenStreetMap","osm_ref":"node-7388615631"}},{"type":"Feature","id":"firepit-osm-node-7391109537","geometry":{"type":"Point","coordinates":[11.365682,59.510321]},"properties":{"name":"Bålplass","source":"OpenStreetMap","osm_ref":"node-7391109537"}},{"type":"Feature","id":"firepit-osm-node-7394501569","geometry":{"type":"Point","coordinates":[8.090866,58.173057]},"properties":{"name":"Bålplass","source":"OpenStreetMap","osm_ref":"node-7394501569"}},{"type":"Feature","id":"firepit-osm-node-7394501570","geometry":{"type":"Point","coordinates":[8.092607,58.177035]},"properties":{"name":"Bålplass","source":"OpenStreetMap","osm_ref":"node-7394501570"}},{"type":"Feature","id":"firepit-osm-node-7412398163","geometry":{"type":"Point","coordinates":[10.596387,59.783304]},"properties":{"name":"Bålplass","source":"OpenStreetMap","osm_ref":"node-7412398163"}},{"type":"Feature","id":"firepit-osm-node-7419745727","geometry":{"type":"Point","coordinates":[7.822031,63.106415]},"properties":{"name":"Bålplass","source":"OpenStreetMap","osm_ref":"node-7419745727"}},{"type":"Feature","id":"firepit-osm-node-7421698473","geometry":{"type":"Point","coordinates":[10.619867,60.018095]},"properties":{"name":"Bålplass","source":"OpenStreetMap","osm_ref":"node-7421698473"}},{"type":"Feature","id":"firepit-osm-node-7435563592","geometry":{"type":"Point","coordinates":[10.822571,59.831105]},"properties":{"name":"Bålplass","source":"OpenStreetMap","osm_ref":"node-7435563592"}},{"type":"Feature","id":"firepit-osm-node-7438882668","geometry":{"type":"Point","coordinates":[7.8509,63.129401]},"properties":{"name":"Bålplass","source":"OpenStreetMap","osm_ref":"node-7438882668"}},{"type":"Feature","id":"firepit-osm-node-7445142052","geometry":{"type":"Point","coordinates":[10.454818,61.161336]},"properties":{"name":"Bålplass","source":"OpenStreetMap","osm_ref":"node-7445142052"}},{"type":"Feature","id":"firepit-osm-node-7448096567","geometry":{"type":"Point","coordinates":[10.442919,61.156445]},"properties":{"name":"Bålplass","source":"OpenStreetMap","osm_ref":"node-7448096567"}},{"type":"Feature","id":"firepit-osm-node-7467484337","geometry":{"type":"Point","coordinates":[10.825362,59.826389]},"properties":{"name":"Bålplass","source":"OpenStreetMap","osm_ref":"node-7467484337"}},{"type":"Feature","id":"firepit-osm-node-7467484338","geometry":{"type":"Point","coordinates":[10.826436,59.825228]},"properties":{"name":"Bålplass","source":"OpenStreetMap","osm_ref":"node-7467484338"}},{"type":"Feature","id":"firepit-osm-node-7490649695","geometry":{"type":"Point","coordinates":[10.895942,59.944832]},"properties":{"name":"Bålplass","source":"OpenStreetMap","osm_ref":"node-7490649695"}},{"type":"Feature","id":"firepit-osm-node-7519456696","geometry":{"type":"Point","coordinates":[11.05599,60.024515]},"properties":{"name":"Bålplass","source":"OpenStreetMap","osm_ref":"node-7519456696"}},{"type":"Feature","id":"firepit-osm-node-7533585551","geometry":{"type":"Point","coordinates":[10.555265,61.119155]},"properties":{"name":"Bålplass","source":"OpenStreetMap","osm_ref":"node-7533585551"}},{"type":"Feature","id":"firepit-osm-node-7542103138","geometry":{"type":"Point","coordinates":[10.547827,61.120086]},"properties":{"name":"Bålplass","source":"OpenStreetMap","osm_ref":"node-7542103138"}},{"type":"Feature","id":"firepit-osm-node-7554164544","geometry":{"type":"Point","coordinates":[8.23058,62.941236]},"properties":{"name":"Bålplass","source":"OpenStreetMap","osm_ref":"node-7554164544"}},{"type":"Feature","id":"firepit-osm-node-7573258827","geometry":{"type":"Point","coordinates":[10.516411,61.156831]},"properties":{"name":"Bålplass","source":"OpenStreetMap","osm_ref":"node-7573258827"}},{"type":"Feature","id":"firepit-osm-node-7574690684","geometry":{"type":"Point","coordinates":[10.51938,61.16459]},"properties":{"name":"Bålplass","source":"OpenStreetMap","osm_ref":"node-7574690684"}},{"type":"Feature","id":"firepit-osm-node-7578457319","geometry":{"type":"Point","coordinates":[8.322395,63.066487]},"properties":{"name":"Bålplass","source":"OpenStreetMap","osm_ref":"node-7578457319"}},{"type":"Feature","id":"firepit-osm-node-7595996469","geometry":{"type":"Point","coordinates":[10.625515,61.194328]},"properties":{"name":"Bålplass","source":"OpenStreetMap","osm_ref":"node-7595996469"}},{"type":"Feature","id":"firepit-osm-node-7597752126","geometry":{"type":"Point","coordinates":[10.665053,60.036863]},"properties":{"name":"Bålplass","source":"OpenStreetMap","osm_ref":"node-7597752126"}},{"type":"Feature","id":"firepit-osm-node-7616517833","geometry":{"type":"Point","coordinates":[10.470577,63.389948]},"properties":{"name":"Bålplass","source":"OpenStreetMap","osm_ref":"node-7616517833"}},{"type":"Feature","id":"firepit-osm-node-7617821000","geometry":{"type":"Point","coordinates":[23.428248,69.952836]},"properties":{"name":"Bålplass","source":"OpenStreetMap","osm_ref":"node-7617821000"}},{"type":"Feature","id":"firepit-osm-node-7618226714","geometry":{"type":"Point","coordinates":[10.467393,61.199537]},"properties":{"name":"Bålplass","source":"OpenStreetMap","osm_ref":"node-7618226714"}},{"type":"Feature","id":"firepit-osm-node-7624180472","geometry":{"type":"Point","coordinates":[10.419164,61.233981]},"properties":{"name":"Bålplass","source":"OpenStreetMap","osm_ref":"node-7624180472"}},{"type":"Feature","id":"firepit-osm-node-7624184337","geometry":{"type":"Point","coordinates":[10.410517,61.226564]},"properties":{"name":"Bålplass","source":"OpenStreetMap","osm_ref":"node-7624184337"}},{"type":"Feature","id":"firepit-osm-node-7638906700","geometry":{"type":"Point","coordinates":[23.430055,69.962559]},"properties":{"name":"Bålplass","source":"OpenStreetMap","osm_ref":"node-7638906700"}},{"type":"Feature","id":"firepit-osm-node-7644853107","geometry":{"type":"Point","coordinates":[7.868158,58.17109]},"properties":{"name":"Bålplass","source":"OpenStreetMap","osm_ref":"node-7644853107"}},{"type":"Feature","id":"firepit-osm-node-7644853121","geometry":{"type":"Point","coordinates":[7.866983,58.171022]},"properties":{"name":"Bålplass","source":"OpenStreetMap","osm_ref":"node-7644853121"}},{"type":"Feature","id":"firepit-osm-node-7648597373","geometry":{"type":"Point","coordinates":[6.441827,62.430734]},"properties":{"name":"Bålplass","source":"OpenStreetMap","osm_ref":"node-7648597373"}},{"type":"Feature","id":"firepit-osm-node-7656872721","geometry":{"type":"Point","coordinates":[15.60494,67.376543]},"properties":{"name":"Bålplass","source":"OpenStreetMap","osm_ref":"node-7656872721"}},{"type":"Feature","id":"firepit-osm-node-7679448748","geometry":{"type":"Point","coordinates":[6.766272,58.228666]},"properties":{"name":"Bålplass","source":"OpenStreetMap","osm_ref":"node-7679448748"}},{"type":"Feature","id":"firepit-osm-node-7680880666","geometry":{"type":"Point","coordinates":[9.466229,61.300251]},"properties":{"name":"Bålplass","source":"OpenStreetMap","osm_ref":"node-7680880666"}},{"type":"Feature","id":"firepit-osm-node-7683150647","geometry":{"type":"Point","coordinates":[9.926756,59.806077]},"properties":{"name":"Bålplass","source":"OpenStreetMap","osm_ref":"node-7683150647"}},{"type":"Feature","id":"firepit-osm-node-7711316603","geometry":{"type":"Point","coordinates":[7.782979,58.657923]},"properties":{"name":"Bålplass","source":"OpenStreetMap","osm_ref":"node-7711316603"}},{"type":"Feature","id":"firepit-osm-node-7738302872","geometry":{"type":"Point","coordinates":[20.679351,69.217851]},"properties":{"name":"Bålplass","source":"OpenStreetMap","osm_ref":"node-7738302872"}},{"type":"Feature","id":"firepit-osm-node-7741880011","geometry":{"type":"Point","coordinates":[10.042062,63.620933]},"properties":{"name":"Bålplass","source":"OpenStreetMap","osm_ref":"node-7741880011"}},{"type":"Feature","id":"firepit-osm-node-7757100723","geometry":{"type":"Point","coordinates":[10.722957,60.410783]},"properties":{"name":"Bålplass","source":"OpenStreetMap","osm_ref":"node-7757100723"}},{"type":"Feature","id":"firepit-osm-node-7761541252","geometry":{"type":"Point","coordinates":[10.469925,60.78086]},"properties":{"name":"Bålplass","source":"OpenStreetMap","osm_ref":"node-7761541252"}},{"type":"Feature","id":"firepit-osm-node-7761541260","geometry":{"type":"Point","coordinates":[10.464766,60.765517]},"properties":{"name":"Bålplass","source":"OpenStreetMap","osm_ref":"node-7761541260"}},{"type":"Feature","id":"firepit-osm-node-7761541277","geometry":{"type":"Point","coordinates":[10.472159,60.753907]},"properties":{"name":"Bålplass","source":"OpenStreetMap","osm_ref":"node-7761541277"}},{"type":"Feature","id":"firepit-osm-node-7761541283","geometry":{"type":"Point","coordinates":[10.492128,60.732674]},"properties":{"name":"Bålplass","source":"OpenStreetMap","osm_ref":"node-7761541283"}},{"type":"Feature","id":"firepit-osm-node-7773096733","geometry":{"type":"Point","coordinates":[10.098514,61.114914]},"properties":{"name":"Bålplass","source":"OpenStreetMap","osm_ref":"node-7773096733"}},{"type":"Feature","id":"firepit-osm-node-7780929375","geometry":{"type":"Point","coordinates":[28.078293,70.427098]},"properties":{"name":"Bålplass","source":"OpenStreetMap","osm_ref":"node-7780929375"}},{"type":"Feature","id":"firepit-osm-node-7780966488","geometry":{"type":"Point","coordinates":[27.480632,70.698016]},"properties":{"name":"Bålplass","source":"OpenStreetMap","osm_ref":"node-7780966488"}},{"type":"Feature","id":"firepit-osm-node-7792484325","geometry":{"type":"Point","coordinates":[30.794192,69.790397]},"properties":{"name":"Bålplass","source":"OpenStreetMap","osm_ref":"node-7792484325"}},{"type":"Feature","id":"firepit-osm-node-7792522023","geometry":{"type":"Point","coordinates":[28.822467,70.04778]},"properties":{"name":"Bålplass","source":"OpenStreetMap","osm_ref":"node-7792522023"}},{"type":"Feature","id":"firepit-osm-node-7799926635","geometry":{"type":"Point","coordinates":[11.025949,59.627736]},"properties":{"name":"Bålplass","source":"OpenStreetMap","osm_ref":"node-7799926635"}},{"type":"Feature","id":"firepit-osm-node-7806907058","geometry":{"type":"Point","coordinates":[10.895335,59.943368]},"properties":{"name":"Bålplass","source":"OpenStreetMap","osm_ref":"node-7806907058"}},{"type":"Feature","id":"firepit-osm-node-7822252581","geometry":{"type":"Point","coordinates":[6.436896,62.430827]},"properties":{"name":"Bålplass","source":"OpenStreetMap","osm_ref":"node-7822252581"}},{"type":"Feature","id":"firepit-osm-node-7822270855","geometry":{"type":"Point","coordinates":[10.287531,59.830645]},"properties":{"name":"Bålplass","source":"OpenStreetMap","osm_ref":"node-7822270855"}},{"type":"Feature","id":"firepit-osm-node-7823271706","geometry":{"type":"Point","coordinates":[9.070544,59.401836]},"properties":{"name":"Bålplass","source":"OpenStreetMap","osm_ref":"node-7823271706"}},{"type":"Feature","id":"firepit-osm-node-7827945431","geometry":{"type":"Point","coordinates":[19.728873,68.477468]},"properties":{"name":"Bålplass","source":"OpenStreetMap","osm_ref":"node-7827945431"}},{"type":"Feature","id":"firepit-osm-node-7827945432","geometry":{"type":"Point","coordinates":[19.731017,68.481289]},"properties":{"name":"Bålplass","source":"OpenStreetMap","osm_ref":"node-7827945432"}},{"type":"Feature","id":"firepit-osm-node-7837013258","geometry":{"type":"Point","coordinates":[23.374972,69.951023]},"properties":{"name":"Bålplass","source":"OpenStreetMap","osm_ref":"node-7837013258"}},{"type":"Feature","id":"firepit-osm-node-7855081378","geometry":{"type":"Point","coordinates":[10.500169,61.109332]},"properties":{"name":"Bålplass","source":"OpenStreetMap","osm_ref":"node-7855081378"}},{"type":"Feature","id":"firepit-osm-node-7868644709","geometry":{"type":"Point","coordinates":[12.130473,65.345214]},"properties":{"name":"Bålplass","source":"OpenStreetMap","osm_ref":"node-7868644709"}},{"type":"Feature","id":"firepit-osm-node-7868644710","geometry":{"type":"Point","coordinates":[12.127126,65.346423]},"properties":{"name":"Bålplass","source":"OpenStreetMap","osm_ref":"node-7868644710"}},{"type":"Feature","id":"firepit-osm-node-7875978952","geometry":{"type":"Point","coordinates":[9.732999,59.744758]},"properties":{"name":"Bålplass","source":"OpenStreetMap","osm_ref":"node-7875978952"}},{"type":"Feature","id":"firepit-osm-node-7878416712","geometry":{"type":"Point","coordinates":[10.716946,59.863869]},"properties":{"name":"Bålplass","source":"OpenStreetMap","osm_ref":"node-7878416712"}},{"type":"Feature","id":"firepit-osm-node-7881712314","geometry":{"type":"Point","coordinates":[9.505185,59.762599]},"properties":{"name":"Bålplass","source":"OpenStreetMap","osm_ref":"node-7881712314"}},{"type":"Feature","id":"firepit-osm-node-7881712697","geometry":{"type":"Point","coordinates":[9.535768,59.760867]},"properties":{"name":"Bålplass","source":"OpenStreetMap","osm_ref":"node-7881712697"}},{"type":"Feature","id":"firepit-osm-node-7883013797","geometry":{"type":"Point","coordinates":[10.559795,59.993398]},"properties":{"name":"Bålplass","source":"OpenStreetMap","osm_ref":"node-7883013797"}},{"type":"Feature","id":"firepit-osm-node-7891383208","geometry":{"type":"Point","coordinates":[10.648734,59.982719]},"properties":{"name":"Bålplass","source":"OpenStreetMap","osm_ref":"node-7891383208"}},{"type":"Feature","id":"firepit-osm-node-7891457663","geometry":{"type":"Point","coordinates":[10.661591,59.976985]},"properties":{"name":"Bålplass","source":"OpenStreetMap","osm_ref":"node-7891457663"}},{"type":"Feature","id":"firepit-osm-node-7900456788","geometry":{"type":"Point","coordinates":[9.374438,59.831282]},"properties":{"name":"Bålplass","source":"OpenStreetMap","osm_ref":"node-7900456788"}},{"type":"Feature","id":"firepit-osm-node-7900456789","geometry":{"type":"Point","coordinates":[9.379085,59.829426]},"properties":{"name":"Bålplass","source":"OpenStreetMap","osm_ref":"node-7900456789"}},{"type":"Feature","id":"firepit-osm-node-7903078204","geometry":{"type":"Point","coordinates":[7.715911,63.116431]},"properties":{"name":"Bålplass","source":"OpenStreetMap","osm_ref":"node-7903078204"}},{"type":"Feature","id":"firepit-osm-node-7934175224","geometry":{"type":"Point","coordinates":[6.201323,62.475133]},"properties":{"name":"Bålplass","source":"OpenStreetMap","osm_ref":"node-7934175224"}},{"type":"Feature","id":"firepit-osm-node-7942490779","geometry":{"type":"Point","coordinates":[9.408105,59.768522]},"properties":{"name":"Bålplass","source":"OpenStreetMap","osm_ref":"node-7942490779"}},{"type":"Feature","id":"firepit-osm-node-7942490868","geometry":{"type":"Point","coordinates":[9.409868,59.766649]},"properties":{"name":"Bålplass","source":"OpenStreetMap","osm_ref":"node-7942490868"}},{"type":"Feature","id":"firepit-osm-node-7942725286","geometry":{"type":"Point","coordinates":[9.349787,59.816672]},"properties":{"name":"Bålplass","source":"OpenStreetMap","osm_ref":"node-7942725286"}},{"type":"Feature","id":"firepit-osm-node-7948542029","geometry":{"type":"Point","coordinates":[11.213257,59.540868]},"properties":{"name":"Bålplass","source":"OpenStreetMap","osm_ref":"node-7948542029"}},{"type":"Feature","id":"firepit-osm-node-7952698839","geometry":{"type":"Point","coordinates":[5.316914,60.427903]},"properties":{"name":"Bålplass","source":"OpenStreetMap","osm_ref":"node-7952698839"}},{"type":"Feature","id":"firepit-osm-node-7960132263","geometry":{"type":"Point","coordinates":[10.376282,59.441651]},"properties":{"name":"Bålplass","source":"OpenStreetMap","osm_ref":"node-7960132263"}},{"type":"Feature","id":"firepit-osm-node-7968561816","geometry":{"type":"Point","coordinates":[10.358445,62.421022]},"properties":{"name":"Bålplass","source":"OpenStreetMap","osm_ref":"node-7968561816"}},{"type":"Feature","id":"firepit-osm-node-7993761317","geometry":{"type":"Point","coordinates":[10.840095,60.025094]},"properties":{"name":"Bålplass","source":"OpenStreetMap","osm_ref":"node-7993761317"}},{"type":"Feature","id":"firepit-osm-node-7993761336","geometry":{"type":"Point","coordinates":[10.86098,60.015829]},"properties":{"name":"Bålplass","source":"OpenStreetMap","osm_ref":"node-7993761336"}},{"type":"Feature","id":"firepit-osm-node-7997381954","geometry":{"type":"Point","coordinates":[9.005863,59.482161]},"properties":{"name":"Bålplass","source":"OpenStreetMap","osm_ref":"node-7997381954"}},{"type":"Feature","id":"firepit-osm-node-8001036233","geometry":{"type":"Point","coordinates":[6.347988,62.246947]},"properties":{"name":"Bålplass","source":"OpenStreetMap","osm_ref":"node-8001036233"}},{"type":"Feature","id":"firepit-osm-node-8002181331","geometry":{"type":"Point","coordinates":[8.066026,59.692027]},"properties":{"name":"Bålplass","source":"OpenStreetMap","osm_ref":"node-8002181331"}},{"type":"Feature","id":"firepit-osm-node-8007475467","geometry":{"type":"Point","coordinates":[9.025972,59.398788]},"properties":{"name":"Bålplass","source":"OpenStreetMap","osm_ref":"node-8007475467"}},{"type":"Feature","id":"firepit-osm-node-8019234777","geometry":{"type":"Point","coordinates":[10.855749,59.975475]},"properties":{"name":"Bålplass","source":"OpenStreetMap","osm_ref":"node-8019234777"}},{"type":"Feature","id":"firepit-osm-node-8071214817","geometry":{"type":"Point","coordinates":[10.283496,63.423985]},"properties":{"name":"Bålplass","source":"OpenStreetMap","osm_ref":"node-8071214817"}},{"type":"Feature","id":"firepit-osm-node-8071930288","geometry":{"type":"Point","coordinates":[7.98626,63.183755]},"properties":{"name":"Bålplass","source":"OpenStreetMap","osm_ref":"node-8071930288"}},{"type":"Feature","id":"firepit-osm-node-8092464791","geometry":{"type":"Point","coordinates":[10.877347,59.957867]},"properties":{"name":"Bålplass","source":"OpenStreetMap","osm_ref":"node-8092464791"}},{"type":"Feature","id":"firepit-osm-node-8094079039","geometry":{"type":"Point","coordinates":[10.020358,60.34639]},"properties":{"name":"Bålplass","source":"OpenStreetMap","osm_ref":"node-8094079039"}},{"type":"Feature","id":"firepit-osm-node-8094778364","geometry":{"type":"Point","coordinates":[10.564882,59.992868]},"properties":{"name":"Bålplass","source":"OpenStreetMap","osm_ref":"node-8094778364"}},{"type":"Feature","id":"firepit-osm-node-8097251295","geometry":{"type":"Point","coordinates":[5.374588,60.370678]},"properties":{"name":"Bålplass","source":"OpenStreetMap","osm_ref":"node-8097251295"}},{"type":"Feature","id":"firepit-osm-node-8097251307","geometry":{"type":"Point","coordinates":[5.372211,60.372865]},"properties":{"name":"Bålplass","source":"OpenStreetMap","osm_ref":"node-8097251307"}},{"type":"Feature","id":"firepit-osm-node-8097251309","geometry":{"type":"Point","coordinates":[5.372497,60.372169]},"properties":{"name":"Bålplass","source":"OpenStreetMap","osm_ref":"node-8097251309"}},{"type":"Feature","id":"firepit-osm-node-8097394303","geometry":{"type":"Point","coordinates":[8.717243,58.414994]},"properties":{"name":"Bålplass","source":"OpenStreetMap","osm_ref":"node-8097394303"}},{"type":"Feature","id":"firepit-osm-node-8164618188","geometry":{"type":"Point","coordinates":[10.842135,59.2777]},"properties":{"name":"Bålplass","source":"OpenStreetMap","osm_ref":"node-8164618188"}},{"type":"Feature","id":"firepit-osm-node-8185608526","geometry":{"type":"Point","coordinates":[10.648342,59.839617]},"properties":{"name":"Bålplass","source":"OpenStreetMap","osm_ref":"node-8185608526"}},{"type":"Feature","id":"firepit-osm-node-8223220806","geometry":{"type":"Point","coordinates":[10.651871,59.837374]},"properties":{"name":"Bålplass","source":"OpenStreetMap","osm_ref":"node-8223220806"}},{"type":"Feature","id":"firepit-osm-node-8235596613","geometry":{"type":"Point","coordinates":[5.463917,60.180322]},"properties":{"name":"Bålplass","source":"OpenStreetMap","osm_ref":"node-8235596613"}},{"type":"Feature","id":"firepit-osm-node-8242874162","geometry":{"type":"Point","coordinates":[5.333556,60.150857]},"properties":{"name":"Bålplass","source":"OpenStreetMap","osm_ref":"node-8242874162"}},{"type":"Feature","id":"firepit-osm-node-8247403314","geometry":{"type":"Point","coordinates":[12.061327,59.964403]},"properties":{"name":"Bålplass","source":"OpenStreetMap","osm_ref":"node-8247403314"}},{"type":"Feature","id":"firepit-osm-node-8251987223","geometry":{"type":"Point","coordinates":[10.667171,59.850429]},"properties":{"name":"Bålplass","source":"OpenStreetMap","osm_ref":"node-8251987223"}},{"type":"Feature","id":"firepit-osm-node-8271913031","geometry":{"type":"Point","coordinates":[10.151657,61.603893]},"properties":{"name":"Bålplass","source":"OpenStreetMap","osm_ref":"node-8271913031"}},{"type":"Feature","id":"firepit-osm-node-8275042615","geometry":{"type":"Point","coordinates":[10.669034,59.845491]},"properties":{"name":"Bålplass","source":"OpenStreetMap","osm_ref":"node-8275042615"}},{"type":"Feature","id":"firepit-osm-node-8275112321","geometry":{"type":"Point","coordinates":[10.670849,59.833267]},"properties":{"name":"Bålplass","source":"OpenStreetMap","osm_ref":"node-8275112321"}},{"type":"Feature","id":"firepit-osm-node-8347009215","geometry":{"type":"Point","coordinates":[10.847518,59.864951]},"properties":{"name":"Bålplass","source":"OpenStreetMap","osm_ref":"node-8347009215"}},{"type":"Feature","id":"firepit-osm-node-8385194383","geometry":{"type":"Point","coordinates":[9.525589,61.682765]},"properties":{"name":"Bålplass","source":"OpenStreetMap","osm_ref":"node-8385194383"}},{"type":"Feature","id":"firepit-osm-node-8412384491","geometry":{"type":"Point","coordinates":[9.733823,63.821924]},"properties":{"name":"Bålplass","source":"OpenStreetMap","osm_ref":"node-8412384491"}},{"type":"Feature","id":"firepit-osm-node-8421416031","geometry":{"type":"Point","coordinates":[5.644969,58.92148]},"properties":{"name":"Bålplass","source":"OpenStreetMap","osm_ref":"node-8421416031"}},{"type":"Feature","id":"firepit-osm-node-8558359213","geometry":{"type":"Point","coordinates":[19.053779,69.626203]},"properties":{"name":"Bålplass","source":"OpenStreetMap","osm_ref":"node-8558359213"}},{"type":"Feature","id":"firepit-osm-node-8561836342","geometry":{"type":"Point","coordinates":[11.214334,59.731213]},"properties":{"name":"Bålplass","source":"OpenStreetMap","osm_ref":"node-8561836342"}},{"type":"Feature","id":"firepit-osm-node-8571279296","geometry":{"type":"Point","coordinates":[14.520639,67.286781]},"properties":{"name":"Bålplass","source":"OpenStreetMap","osm_ref":"node-8571279296"}},{"type":"Feature","id":"firepit-osm-node-8584725705","geometry":{"type":"Point","coordinates":[11.418813,59.517836]},"properties":{"name":"Bålplass","source":"OpenStreetMap","osm_ref":"node-8584725705"}},{"type":"Feature","id":"firepit-osm-node-8586581299","geometry":{"type":"Point","coordinates":[7.057457,58.070836]},"properties":{"name":"Bålplass","source":"OpenStreetMap","osm_ref":"node-8586581299"}},{"type":"Feature","id":"firepit-osm-node-8618997090","geometry":{"type":"Point","coordinates":[10.115324,59.823043]},"properties":{"name":"Bålplass","source":"OpenStreetMap","osm_ref":"node-8618997090"}},{"type":"Feature","id":"firepit-osm-node-8654685815","geometry":{"type":"Point","coordinates":[9.629339,63.732218]},"properties":{"name":"Bålplass","source":"OpenStreetMap","osm_ref":"node-8654685815"}},{"type":"Feature","id":"firepit-osm-node-8656260968","geometry":{"type":"Point","coordinates":[10.705266,59.804196]},"properties":{"name":"Bålplass","source":"OpenStreetMap","osm_ref":"node-8656260968"}},{"type":"Feature","id":"firepit-osm-node-8685298973","geometry":{"type":"Point","coordinates":[11.195696,60.151742]},"properties":{"name":"Bålplass","source":"OpenStreetMap","osm_ref":"node-8685298973"}},{"type":"Feature","id":"firepit-osm-node-8691653803","geometry":{"type":"Point","coordinates":[9.093829,59.451051]},"properties":{"name":"Bålplass","source":"OpenStreetMap","osm_ref":"node-8691653803"}},{"type":"Feature","id":"firepit-osm-node-8691764727","geometry":{"type":"Point","coordinates":[9.063718,59.410133]},"properties":{"name":"Bålplass","source":"OpenStreetMap","osm_ref":"node-8691764727"}},{"type":"Feature","id":"firepit-osm-node-8692720801","geometry":{"type":"Point","coordinates":[9.057726,59.409519]},"properties":{"name":"Bålplass","source":"OpenStreetMap","osm_ref":"node-8692720801"}},{"type":"Feature","id":"firepit-osm-node-8694034807","geometry":{"type":"Point","coordinates":[10.101459,60.819135]},"properties":{"name":"Bålplass","source":"OpenStreetMap","osm_ref":"node-8694034807"}},{"type":"Feature","id":"firepit-osm-node-8700080798","geometry":{"type":"Point","coordinates":[11.00337,59.550812]},"properties":{"name":"Bålplass","source":"OpenStreetMap","osm_ref":"node-8700080798"}},{"type":"Feature","id":"firepit-osm-node-8711048069","geometry":{"type":"Point","coordinates":[10.541988,63.413422]},"properties":{"name":"Bålplass","source":"OpenStreetMap","osm_ref":"node-8711048069"}},{"type":"Feature","id":"firepit-osm-node-8711058253","geometry":{"type":"Point","coordinates":[10.539236,63.408897]},"properties":{"name":"Bålplass","source":"OpenStreetMap","osm_ref":"node-8711058253"}},{"type":"Feature","id":"firepit-osm-node-8724698611","geometry":{"type":"Point","coordinates":[5.017694,60.562573]},"properties":{"name":"Bålplass","source":"OpenStreetMap","osm_ref":"node-8724698611"}},{"type":"Feature","id":"firepit-osm-node-8737262713","geometry":{"type":"Point","coordinates":[11.304254,59.554494]},"properties":{"name":"Bålplass","source":"OpenStreetMap","osm_ref":"node-8737262713"}},{"type":"Feature","id":"firepit-osm-node-8749305399","geometry":{"type":"Point","coordinates":[10.448884,59.8471]},"properties":{"name":"Bålplass","source":"OpenStreetMap","osm_ref":"node-8749305399"}},{"type":"Feature","id":"firepit-osm-node-8759333499","geometry":{"type":"Point","coordinates":[10.652128,59.656675]},"properties":{"name":"Bålplass","source":"OpenStreetMap","osm_ref":"node-8759333499"}},{"type":"Feature","id":"firepit-osm-node-8770208056","geometry":{"type":"Point","coordinates":[10.600301,59.963537]},"properties":{"name":"Bålplass","source":"OpenStreetMap","osm_ref":"node-8770208056"}},{"type":"Feature","id":"firepit-osm-node-8773858962","geometry":{"type":"Point","coordinates":[10.803653,59.79049]},"properties":{"name":"Bålplass","source":"OpenStreetMap","osm_ref":"node-8773858962"}},{"type":"Feature","id":"firepit-osm-node-8779587980","geometry":{"type":"Point","coordinates":[5.370436,60.371877]},"properties":{"name":"Bålplass","source":"OpenStreetMap","osm_ref":"node-8779587980"}},{"type":"Feature","id":"firepit-osm-node-8810027978","geometry":{"type":"Point","coordinates":[9.410471,60.56285]},"properties":{"name":"Bålplass","source":"OpenStreetMap","osm_ref":"node-8810027978"}},{"type":"Feature","id":"firepit-osm-node-8810027979","geometry":{"type":"Point","coordinates":[9.413002,60.562003]},"properties":{"name":"Bålplass","source":"OpenStreetMap","osm_ref":"node-8810027979"}},{"type":"Feature","id":"firepit-osm-node-8828141048","geometry":{"type":"Point","coordinates":[8.774606,61.497573]},"properties":{"name":"Bålplass","source":"OpenStreetMap","osm_ref":"node-8828141048"}},{"type":"Feature","id":"firepit-osm-node-8840213292","geometry":{"type":"Point","coordinates":[10.649911,59.957618]},"properties":{"name":"Bålplass","source":"OpenStreetMap","osm_ref":"node-8840213292"}},{"type":"Feature","id":"firepit-osm-node-8851236935","geometry":{"type":"Point","coordinates":[29.701707,70.085684]},"properties":{"name":"Bålplass","source":"OpenStreetMap","osm_ref":"node-8851236935"}},{"type":"Feature","id":"firepit-osm-node-8853039719","geometry":{"type":"Point","coordinates":[11.550539,59.147759]},"properties":{"name":"Bålplass","source":"OpenStreetMap","osm_ref":"node-8853039719"}},{"type":"Feature","id":"firepit-osm-node-8853157957","geometry":{"type":"Point","coordinates":[10.492074,59.843929]},"properties":{"name":"Bålplass","source":"OpenStreetMap","osm_ref":"node-8853157957"}},{"type":"Feature","id":"firepit-osm-node-8871851590","geometry":{"type":"Point","coordinates":[11.028497,59.920772]},"properties":{"name":"Bålplass","source":"OpenStreetMap","osm_ref":"node-8871851590"}},{"type":"Feature","id":"firepit-osm-node-8871851597","geometry":{"type":"Point","coordinates":[11.028344,59.920247]},"properties":{"name":"Bålplass","source":"OpenStreetMap","osm_ref":"node-8871851597"}},{"type":"Feature","id":"firepit-osm-node-8871851612","geometry":{"type":"Point","coordinates":[11.029948,59.909734]},"properties":{"name":"Bålplass","source":"OpenStreetMap","osm_ref":"node-8871851612"}},{"type":"Feature","id":"firepit-osm-node-8871851613","geometry":{"type":"Point","coordinates":[11.028425,59.91018]},"properties":{"name":"Bålplass","source":"OpenStreetMap","osm_ref":"node-8871851613"}},{"type":"Feature","id":"firepit-osm-node-8871854650","geometry":{"type":"Point","coordinates":[11.034289,59.909787]},"properties":{"name":"Bålplass","source":"OpenStreetMap","osm_ref":"node-8871854650"}},{"type":"Feature","id":"firepit-osm-node-8878430485","geometry":{"type":"Point","coordinates":[9.166915,59.403931]},"properties":{"name":"Bålplass","source":"OpenStreetMap","osm_ref":"node-8878430485"}},{"type":"Feature","id":"firepit-osm-node-8909941887","geometry":{"type":"Point","coordinates":[11.033762,59.942681]},"properties":{"name":"Bålplass","source":"OpenStreetMap","osm_ref":"node-8909941887"}},{"type":"Feature","id":"firepit-osm-node-8909941888","geometry":{"type":"Point","coordinates":[11.037272,59.941393]},"properties":{"name":"Bålplass","source":"OpenStreetMap","osm_ref":"node-8909941888"}},{"type":"Feature","id":"firepit-osm-node-8919513861","geometry":{"type":"Point","coordinates":[4.792911,60.661767]},"properties":{"name":"Bålplass","source":"OpenStreetMap","osm_ref":"node-8919513861"}},{"type":"Feature","id":"firepit-osm-node-8931261933","geometry":{"type":"Point","coordinates":[9.377337,59.783436]},"properties":{"name":"Bålplass","source":"OpenStreetMap","osm_ref":"node-8931261933"}},{"type":"Feature","id":"firepit-osm-node-8931261935","geometry":{"type":"Point","coordinates":[9.375948,59.783209]},"properties":{"name":"Bålplass","source":"OpenStreetMap","osm_ref":"node-8931261935"}},{"type":"Feature","id":"firepit-osm-node-8931262769","geometry":{"type":"Point","coordinates":[9.428621,59.759379]},"properties":{"name":"Bålplass","source":"OpenStreetMap","osm_ref":"node-8931262769"}},{"type":"Feature","id":"firepit-osm-node-8936385342","geometry":{"type":"Point","coordinates":[5.007799,60.32067]},"properties":{"name":"Bålplass","source":"OpenStreetMap","osm_ref":"node-8936385342"}},{"type":"Feature","id":"firepit-osm-node-8936641715","geometry":{"type":"Point","coordinates":[5.010469,60.320488]},"properties":{"name":"Bålplass","source":"OpenStreetMap","osm_ref":"node-8936641715"}},{"type":"Feature","id":"firepit-osm-node-8942827229","geometry":{"type":"Point","coordinates":[10.78632,59.83839]},"properties":{"name":"Bålplass","source":"OpenStreetMap","osm_ref":"node-8942827229"}},{"type":"Feature","id":"firepit-osm-node-8956767108","geometry":{"type":"Point","coordinates":[19.643966,69.366662]},"properties":{"name":"Bålplass","source":"OpenStreetMap","osm_ref":"node-8956767108"}},{"type":"Feature","id":"firepit-osm-node-8968432862","geometry":{"type":"Point","coordinates":[10.051143,59.72214]},"properties":{"name":"Bålplass","source":"OpenStreetMap","osm_ref":"node-8968432862"}},{"type":"Feature","id":"firepit-osm-node-8971537849","geometry":{"type":"Point","coordinates":[10.515351,61.089463]},"properties":{"name":"Bålplass","source":"OpenStreetMap","osm_ref":"node-8971537849"}},{"type":"Feature","id":"firepit-osm-node-9008635751","geometry":{"type":"Point","coordinates":[12.240775,62.349316]},"properties":{"name":"Bålplass","source":"OpenStreetMap","osm_ref":"node-9008635751"}},{"type":"Feature","id":"firepit-osm-node-9035704529","geometry":{"type":"Point","coordinates":[8.197781,58.340447]},"properties":{"name":"Bålplass","source":"OpenStreetMap","osm_ref":"node-9035704529"}},{"type":"Feature","id":"firepit-osm-node-9037602094","geometry":{"type":"Point","coordinates":[8.190528,58.341228]},"properties":{"name":"Bålplass","source":"OpenStreetMap","osm_ref":"node-9037602094"}},{"type":"Feature","id":"firepit-osm-node-9038406174","geometry":{"type":"Point","coordinates":[7.798111,62.56613]},"properties":{"name":"Bålplass","source":"OpenStreetMap","osm_ref":"node-9038406174"}},{"type":"Feature","id":"firepit-osm-node-9042426435","geometry":{"type":"Point","coordinates":[18.953664,69.656372]},"properties":{"name":"Bålplass","source":"OpenStreetMap","osm_ref":"node-9042426435"}},{"type":"Feature","id":"firepit-osm-node-9047972026","geometry":{"type":"Point","coordinates":[10.709964,61.193876]},"properties":{"name":"Bålplass","source":"OpenStreetMap","osm_ref":"node-9047972026"}},{"type":"Feature","id":"firepit-osm-node-9083877397","geometry":{"type":"Point","coordinates":[18.930189,69.64884]},"properties":{"name":"Bålplass","source":"OpenStreetMap","osm_ref":"node-9083877397"}},{"type":"Feature","id":"firepit-osm-node-9088930548","geometry":{"type":"Point","coordinates":[9.467242,60.326329]},"properties":{"name":"Bålplass","source":"OpenStreetMap","osm_ref":"node-9088930548"}},{"type":"Feature","id":"firepit-osm-node-9133396853","geometry":{"type":"Point","coordinates":[10.891319,59.81327]},"properties":{"name":"Bålplass","source":"OpenStreetMap","osm_ref":"node-9133396853"}},{"type":"Feature","id":"firepit-osm-node-9161278423","geometry":{"type":"Point","coordinates":[18.934547,69.666581]},"properties":{"name":"Bålplass","source":"OpenStreetMap","osm_ref":"node-9161278423"}},{"type":"Feature","id":"firepit-osm-node-9165302413","geometry":{"type":"Point","coordinates":[7.46252,60.835746]},"properties":{"name":"Bålplass","source":"OpenStreetMap","osm_ref":"node-9165302413"}},{"type":"Feature","id":"firepit-osm-node-9168391992","geometry":{"type":"Point","coordinates":[9.662571,59.651531]},"properties":{"name":"Bålplass","source":"OpenStreetMap","osm_ref":"node-9168391992"}},{"type":"Feature","id":"firepit-osm-node-9178510165","geometry":{"type":"Point","coordinates":[7.803323,63.119861]},"properties":{"name":"Bålplass","source":"OpenStreetMap","osm_ref":"node-9178510165"}},{"type":"Feature","id":"firepit-osm-node-9190974950","geometry":{"type":"Point","coordinates":[13.533811,68.086948]},"properties":{"name":"Bålplass","source":"OpenStreetMap","osm_ref":"node-9190974950"}},{"type":"Feature","id":"firepit-osm-node-9213080897","geometry":{"type":"Point","coordinates":[10.877335,59.954401]},"properties":{"name":"Bålplass","source":"OpenStreetMap","osm_ref":"node-9213080897"}},{"type":"Feature","id":"firepit-osm-node-9216838136","geometry":{"type":"Point","coordinates":[6.123224,59.049899]},"properties":{"name":"Bålplass","source":"OpenStreetMap","osm_ref":"node-9216838136"}},{"type":"Feature","id":"firepit-osm-node-9216838141","geometry":{"type":"Point","coordinates":[6.121226,59.049921]},"properties":{"name":"Bålplass","source":"OpenStreetMap","osm_ref":"node-9216838141"}},{"type":"Feature","id":"firepit-osm-node-9216838170","geometry":{"type":"Point","coordinates":[6.122342,59.049459]},"properties":{"name":"Bålplass","source":"OpenStreetMap","osm_ref":"node-9216838170"}},{"type":"Feature","id":"firepit-osm-node-9232343362","geometry":{"type":"Point","coordinates":[10.494982,63.293201]},"properties":{"name":"Bålplass","source":"OpenStreetMap","osm_ref":"node-9232343362"}},{"type":"Feature","id":"firepit-osm-node-9235160823","geometry":{"type":"Point","coordinates":[7.771809,63.065535]},"properties":{"name":"Bålplass","source":"OpenStreetMap","osm_ref":"node-9235160823"}},{"type":"Feature","id":"firepit-osm-node-9255826584","geometry":{"type":"Point","coordinates":[11.124225,59.594299]},"properties":{"name":"Bålplass","source":"OpenStreetMap","osm_ref":"node-9255826584"}},{"type":"Feature","id":"firepit-osm-node-9343428678","geometry":{"type":"Point","coordinates":[10.427525,59.822815]},"properties":{"name":"Bålplass","source":"OpenStreetMap","osm_ref":"node-9343428678"}},{"type":"Feature","id":"firepit-osm-node-9384335937","geometry":{"type":"Point","coordinates":[11.167378,59.610307]},"properties":{"name":"Bålplass","source":"OpenStreetMap","osm_ref":"node-9384335937"}},{"type":"Feature","id":"firepit-osm-node-9405489458","geometry":{"type":"Point","coordinates":[6.991805,58.014475]},"properties":{"name":"Bålplass","source":"OpenStreetMap","osm_ref":"node-9405489458"}},{"type":"Feature","id":"firepit-osm-node-9422831593","geometry":{"type":"Point","coordinates":[10.777897,59.818819]},"properties":{"name":"Bålplass","source":"OpenStreetMap","osm_ref":"node-9422831593"}},{"type":"Feature","id":"firepit-osm-node-9422831594","geometry":{"type":"Point","coordinates":[10.775914,59.81938]},"properties":{"name":"Bålplass","source":"OpenStreetMap","osm_ref":"node-9422831594"}},{"type":"Feature","id":"firepit-osm-node-9422831595","geometry":{"type":"Point","coordinates":[10.77615,59.820534]},"properties":{"name":"Bålplass","source":"OpenStreetMap","osm_ref":"node-9422831595"}},{"type":"Feature","id":"firepit-osm-node-9422907671","geometry":{"type":"Point","coordinates":[10.780538,59.821824]},"properties":{"name":"Bålplass","source":"OpenStreetMap","osm_ref":"node-9422907671"}},{"type":"Feature","id":"firepit-osm-node-9482909115","geometry":{"type":"Point","coordinates":[11.19605,60.599921]},"properties":{"name":"Bålplass","source":"OpenStreetMap","osm_ref":"node-9482909115"}},{"type":"Feature","id":"firepit-osm-node-9489119091","geometry":{"type":"Point","coordinates":[7.065221,58.663115]},"properties":{"name":"Bålplass","source":"OpenStreetMap","osm_ref":"node-9489119091"}},{"type":"Feature","id":"firepit-osm-node-9514029327","geometry":{"type":"Point","coordinates":[10.667662,59.845443]},"properties":{"name":"Bålplass","source":"OpenStreetMap","osm_ref":"node-9514029327"}},{"type":"Feature","id":"firepit-osm-node-9522996300","geometry":{"type":"Point","coordinates":[23.132394,69.928478]},"properties":{"name":"Bålplass","source":"OpenStreetMap","osm_ref":"node-9522996300"}},{"type":"Feature","id":"firepit-osm-node-9546686679","geometry":{"type":"Point","coordinates":[11.24713,59.977988]},"properties":{"name":"Bålplass","source":"OpenStreetMap","osm_ref":"node-9546686679"}},{"type":"Feature","id":"firepit-osm-node-9550328900","geometry":{"type":"Point","coordinates":[10.687573,60.922827]},"properties":{"name":"Bålplass","source":"OpenStreetMap","osm_ref":"node-9550328900"}},{"type":"Feature","id":"firepit-osm-node-9550328901","geometry":{"type":"Point","coordinates":[10.688012,60.922421]},"properties":{"name":"Bålplass","source":"OpenStreetMap","osm_ref":"node-9550328901"}},{"type":"Feature","id":"firepit-osm-node-9555840466","geometry":{"type":"Point","coordinates":[11.130889,59.596915]},"properties":{"name":"Bålplass","source":"OpenStreetMap","osm_ref":"node-9555840466"}},{"type":"Feature","id":"firepit-osm-node-9599568799","geometry":{"type":"Point","coordinates":[11.118399,59.559135]},"properties":{"name":"Bålplass","source":"OpenStreetMap","osm_ref":"node-9599568799"}},{"type":"Feature","id":"firepit-osm-node-9605143949","geometry":{"type":"Point","coordinates":[10.979438,59.738706]},"properties":{"name":"Bålplass","source":"OpenStreetMap","osm_ref":"node-9605143949"}},{"type":"Feature","id":"firepit-osm-node-9611362246","geometry":{"type":"Point","coordinates":[7.712798,63.113937]},"properties":{"name":"Bålplass","source":"OpenStreetMap","osm_ref":"node-9611362246"}},{"type":"Feature","id":"firepit-osm-node-9633540560","geometry":{"type":"Point","coordinates":[10.724656,59.977813]},"properties":{"name":"Bålplass","source":"OpenStreetMap","osm_ref":"node-9633540560"}},{"type":"Feature","id":"firepit-osm-node-9633540562","geometry":{"type":"Point","coordinates":[10.725384,59.978488]},"properties":{"name":"Bålplass","source":"OpenStreetMap","osm_ref":"node-9633540562"}},{"type":"Feature","id":"firepit-osm-node-9633540564","geometry":{"type":"Point","coordinates":[10.719901,59.98548]},"properties":{"name":"Bålplass","source":"OpenStreetMap","osm_ref":"node-9633540564"}},{"type":"Feature","id":"firepit-osm-node-9633540565","geometry":{"type":"Point","coordinates":[10.718958,59.993372]},"properties":{"name":"Bålplass","source":"OpenStreetMap","osm_ref":"node-9633540565"}},{"type":"Feature","id":"firepit-osm-node-9655378729","geometry":{"type":"Point","coordinates":[9.874336,59.850429]},"properties":{"name":"Bålplass","source":"OpenStreetMap","osm_ref":"node-9655378729"}},{"type":"Feature","id":"firepit-osm-node-9661276988","geometry":{"type":"Point","coordinates":[10.537137,59.546486]},"properties":{"name":"Bålplass","source":"OpenStreetMap","osm_ref":"node-9661276988"}},{"type":"Feature","id":"firepit-osm-node-9662587093","geometry":{"type":"Point","coordinates":[7.023043,58.087942]},"properties":{"name":"Bålplass","source":"OpenStreetMap","osm_ref":"node-9662587093"}},{"type":"Feature","id":"firepit-osm-node-9665784797","geometry":{"type":"Point","coordinates":[11.127752,59.58624]},"properties":{"name":"Bålplass","source":"OpenStreetMap","osm_ref":"node-9665784797"}},{"type":"Feature","id":"firepit-osm-node-9668895833","geometry":{"type":"Point","coordinates":[5.937102,58.903451]},"properties":{"name":"Bålplass","source":"OpenStreetMap","osm_ref":"node-9668895833"}},{"type":"Feature","id":"firepit-osm-node-9675083701","geometry":{"type":"Point","coordinates":[11.015014,59.621858]},"properties":{"name":"Bålplass","source":"OpenStreetMap","osm_ref":"node-9675083701"}},{"type":"Feature","id":"firepit-osm-node-9695846742","geometry":{"type":"Point","coordinates":[5.731926,58.894059]},"properties":{"name":"Bålplass","source":"OpenStreetMap","osm_ref":"node-9695846742"}},{"type":"Feature","id":"firepit-osm-node-9701862295","geometry":{"type":"Point","coordinates":[10.936248,59.621956]},"properties":{"name":"Bålplass","source":"OpenStreetMap","osm_ref":"node-9701862295"}},{"type":"Feature","id":"firepit-osm-node-9705853149","geometry":{"type":"Point","coordinates":[11.060918,60.305402]},"properties":{"name":"Bålplass","source":"OpenStreetMap","osm_ref":"node-9705853149"}},{"type":"Feature","id":"firepit-osm-node-9717484906","geometry":{"type":"Point","coordinates":[10.755583,59.595732]},"properties":{"name":"Bålplass","source":"OpenStreetMap","osm_ref":"node-9717484906"}},{"type":"Feature","id":"firepit-osm-node-9726112535","geometry":{"type":"Point","coordinates":[6.634603,61.035419]},"properties":{"name":"Bålplass","source":"OpenStreetMap","osm_ref":"node-9726112535"}},{"type":"Feature","id":"firepit-osm-node-9733449970","geometry":{"type":"Point","coordinates":[11.062941,59.614006]},"properties":{"name":"Bålplass","source":"OpenStreetMap","osm_ref":"node-9733449970"}},{"type":"Feature","id":"firepit-osm-node-9738285101","geometry":{"type":"Point","coordinates":[11.166035,59.568335]},"properties":{"name":"Bålplass","source":"OpenStreetMap","osm_ref":"node-9738285101"}},{"type":"Feature","id":"firepit-osm-node-9743887307","geometry":{"type":"Point","coordinates":[11.326966,59.638721]},"properties":{"name":"Bålplass","source":"OpenStreetMap","osm_ref":"node-9743887307"}},{"type":"Feature","id":"firepit-osm-node-9758365215","geometry":{"type":"Point","coordinates":[11.028519,59.627208]},"properties":{"name":"Bålplass","source":"OpenStreetMap","osm_ref":"node-9758365215"}},{"type":"Feature","id":"firepit-osm-node-9758382751","geometry":{"type":"Point","coordinates":[11.029774,59.622705]},"properties":{"name":"Bålplass","source":"OpenStreetMap","osm_ref":"node-9758382751"}},{"type":"Feature","id":"firepit-osm-node-9761774718","geometry":{"type":"Point","coordinates":[5.373614,60.289571]},"properties":{"name":"Bålplass","source":"OpenStreetMap","osm_ref":"node-9761774718"}},{"type":"Feature","id":"firepit-osm-node-9762553154","geometry":{"type":"Point","coordinates":[11.04689,59.292201]},"properties":{"name":"Bålplass","source":"OpenStreetMap","osm_ref":"node-9762553154"}},{"type":"Feature","id":"firepit-osm-node-9778854298","geometry":{"type":"Point","coordinates":[10.822648,60.258974]},"properties":{"name":"Bålplass","source":"OpenStreetMap","osm_ref":"node-9778854298"}},{"type":"Feature","id":"firepit-osm-node-9779101147","geometry":{"type":"Point","coordinates":[10.774046,60.28771]},"properties":{"name":"Bålplass","source":"OpenStreetMap","osm_ref":"node-9779101147"}},{"type":"Feature","id":"firepit-osm-node-9779101148","geometry":{"type":"Point","coordinates":[10.775879,60.287658]},"properties":{"name":"Bålplass","source":"OpenStreetMap","osm_ref":"node-9779101148"}},{"type":"Feature","id":"firepit-osm-node-9779101151","geometry":{"type":"Point","coordinates":[10.774674,60.28656]},"properties":{"name":"Bålplass","source":"OpenStreetMap","osm_ref":"node-9779101151"}},{"type":"Feature","id":"firepit-osm-node-9779101156","geometry":{"type":"Point","coordinates":[10.776743,60.28408]},"properties":{"name":"Bålplass","source":"OpenStreetMap","osm_ref":"node-9779101156"}},{"type":"Feature","id":"firepit-osm-node-9807292260","geometry":{"type":"Point","coordinates":[8.543628,61.839302]},"properties":{"name":"Bålplass","source":"OpenStreetMap","osm_ref":"node-9807292260"}},{"type":"Feature","id":"firepit-osm-node-9846963937","geometry":{"type":"Point","coordinates":[11.34272,59.561353]},"properties":{"name":"Bålplass","source":"OpenStreetMap","osm_ref":"node-9846963937"}},{"type":"Feature","id":"firepit-osm-node-9862342864","geometry":{"type":"Point","coordinates":[12.262888,63.673877]},"properties":{"name":"Bålplass","source":"OpenStreetMap","osm_ref":"node-9862342864"}},{"type":"Feature","id":"firepit-osm-node-9886349662","geometry":{"type":"Point","coordinates":[9.312352,62.528566]},"properties":{"name":"Bålplass","source":"OpenStreetMap","osm_ref":"node-9886349662"}},{"type":"Feature","id":"firepit-osm-node-9886351823","geometry":{"type":"Point","coordinates":[9.223655,62.504902]},"properties":{"name":"Bålplass","source":"OpenStreetMap","osm_ref":"node-9886351823"}},{"type":"Feature","id":"firepit-osm-node-9906319878","geometry":{"type":"Point","coordinates":[8.699486,58.471591]},"properties":{"name":"Bålplass","source":"OpenStreetMap","osm_ref":"node-9906319878"}},{"type":"Feature","id":"firepit-osm-node-9906391079","geometry":{"type":"Point","coordinates":[10.714328,59.871733]},"properties":{"name":"Bålplass","source":"OpenStreetMap","osm_ref":"node-9906391079"}},{"type":"Feature","id":"firepit-osm-node-9907134822","geometry":{"type":"Point","coordinates":[10.650957,59.990189]},"properties":{"name":"Bålplass","source":"OpenStreetMap","osm_ref":"node-9907134822"}},{"type":"Feature","id":"firepit-osm-node-9907235274","geometry":{"type":"Point","coordinates":[13.503908,68.21017]},"properties":{"name":"Bålplass","source":"OpenStreetMap","osm_ref":"node-9907235274"}},{"type":"Feature","id":"firepit-osm-node-9907409622","geometry":{"type":"Point","coordinates":[13.53022,68.198524]},"properties":{"name":"Bålplass","source":"OpenStreetMap","osm_ref":"node-9907409622"}},{"type":"Feature","id":"firepit-osm-node-9914491543","geometry":{"type":"Point","coordinates":[10.836925,59.482449]},"properties":{"name":"Bålplass","source":"OpenStreetMap","osm_ref":"node-9914491543"}},{"type":"Feature","id":"firepit-osm-node-9916051064","geometry":{"type":"Point","coordinates":[13.529296,68.095487]},"properties":{"name":"Bålplass","source":"OpenStreetMap","osm_ref":"node-9916051064"}},{"type":"Feature","id":"firepit-osm-node-9917572587","geometry":{"type":"Point","coordinates":[9.921601,59.769176]},"properties":{"name":"Bålplass","source":"OpenStreetMap","osm_ref":"node-9917572587"}},{"type":"Feature","id":"firepit-osm-node-9921508063","geometry":{"type":"Point","coordinates":[9.252666,61.138256]},"properties":{"name":"Bålplass","source":"OpenStreetMap","osm_ref":"node-9921508063"}},{"type":"Feature","id":"firepit-osm-node-9921508070","geometry":{"type":"Point","coordinates":[9.202053,61.163304]},"properties":{"name":"Bålplass","source":"OpenStreetMap","osm_ref":"node-9921508070"}},{"type":"Feature","id":"firepit-osm-node-9934785927","geometry":{"type":"Point","coordinates":[10.63086,60.954915]},"properties":{"name":"Bålplass","source":"OpenStreetMap","osm_ref":"node-9934785927"}},{"type":"Feature","id":"firepit-osm-node-9934925219","geometry":{"type":"Point","coordinates":[12.047692,60.82143]},"properties":{"name":"Bålplass","source":"OpenStreetMap","osm_ref":"node-9934925219"}},{"type":"Feature","id":"firepit-osm-node-9949929867","geometry":{"type":"Point","coordinates":[10.713957,59.986538]},"properties":{"name":"Bålplass","source":"OpenStreetMap","osm_ref":"node-9949929867"}},{"type":"Feature","id":"firepit-osm-node-9965305553","geometry":{"type":"Point","coordinates":[21.029163,69.791257]},"properties":{"name":"Bålplass","source":"OpenStreetMap","osm_ref":"node-9965305553"}},{"type":"Feature","id":"firepit-osm-node-9965317564","geometry":{"type":"Point","coordinates":[21.026183,69.791272]},"properties":{"name":"Bålplass","source":"OpenStreetMap","osm_ref":"node-9965317564"}},{"type":"Feature","id":"firepit-osm-node-9965330221","geometry":{"type":"Point","coordinates":[21.026506,69.792712]},"properties":{"name":"Bålplass","source":"OpenStreetMap","osm_ref":"node-9965330221"}},{"type":"Feature","id":"firepit-osm-node-9965336737","geometry":{"type":"Point","coordinates":[21.016908,69.793805]},"properties":{"name":"Bålplass","source":"OpenStreetMap","osm_ref":"node-9965336737"}},{"type":"Feature","id":"firepit-osm-node-9969904877","geometry":{"type":"Point","coordinates":[10.880116,59.361531]},"properties":{"name":"Bålplass","source":"OpenStreetMap","osm_ref":"node-9969904877"}},{"type":"Feature","id":"firepit-osm-node-9980449855","geometry":{"type":"Point","coordinates":[10.689646,60.920802]},"properties":{"name":"Bålplass","source":"OpenStreetMap","osm_ref":"node-9980449855"}},{"type":"Feature","id":"firepit-osm-node-9992743927","geometry":{"type":"Point","coordinates":[9.969789,63.511156]},"properties":{"name":"Bålplass","source":"OpenStreetMap","osm_ref":"node-9992743927"}},{"type":"Feature","id":"firepit-osm-node-9993573092","geometry":{"type":"Point","coordinates":[10.781296,59.875217]},"properties":{"name":"Bålplass","source":"OpenStreetMap","osm_ref":"node-9993573092"}},{"type":"Feature","id":"firepit-osm-node-9996190268","geometry":{"type":"Point","coordinates":[10.208944,59.147928]},"properties":{"name":"Bålplass","source":"OpenStreetMap","osm_ref":"node-9996190268"}},{"type":"Feature","id":"firepit-osm-node-10002680071","geometry":{"type":"Point","coordinates":[9.497751,60.458583]},"properties":{"name":"Bålplass","source":"OpenStreetMap","osm_ref":"node-10002680071"}},{"type":"Feature","id":"firepit-osm-node-10009933138","geometry":{"type":"Point","coordinates":[17.388849,69.202531]},"properties":{"name":"Bålplass","source":"OpenStreetMap","osm_ref":"node-10009933138"}},{"type":"Feature","id":"firepit-osm-node-10017000372","geometry":{"type":"Point","coordinates":[7.212517,58.993905]},"properties":{"name":"Bålplass","source":"OpenStreetMap","osm_ref":"node-10017000372"}},{"type":"Feature","id":"firepit-osm-node-10017000373","geometry":{"type":"Point","coordinates":[7.233299,59.004912]},"properties":{"name":"Bålplass","source":"OpenStreetMap","osm_ref":"node-10017000373"}},{"type":"Feature","id":"firepit-osm-node-10044532981","geometry":{"type":"Point","coordinates":[6.372909,60.617625]},"properties":{"name":"Bålplass","source":"OpenStreetMap","osm_ref":"node-10044532981"}},{"type":"Feature","id":"firepit-osm-node-10050176998","geometry":{"type":"Point","coordinates":[9.270185,59.599716]},"properties":{"name":"Bålplass","source":"OpenStreetMap","osm_ref":"node-10050176998"}},{"type":"Feature","id":"firepit-osm-node-10052843216","geometry":{"type":"Point","coordinates":[11.180141,59.593039]},"properties":{"name":"Bålplass","source":"OpenStreetMap","osm_ref":"node-10052843216"}},{"type":"Feature","id":"firepit-osm-node-10086847250","geometry":{"type":"Point","coordinates":[11.123784,59.651887]},"properties":{"name":"Bålplass","source":"OpenStreetMap","osm_ref":"node-10086847250"}},{"type":"Feature","id":"firepit-osm-node-10114838651","geometry":{"type":"Point","coordinates":[10.927042,59.921536]},"properties":{"name":"Bålplass","source":"OpenStreetMap","osm_ref":"node-10114838651"}},{"type":"Feature","id":"firepit-osm-node-10119500570","geometry":{"type":"Point","coordinates":[10.925978,59.917946]},"properties":{"name":"Bålplass","source":"OpenStreetMap","osm_ref":"node-10119500570"}},{"type":"Feature","id":"firepit-osm-node-10124641912","geometry":{"type":"Point","coordinates":[10.637407,60.018162]},"properties":{"name":"Bålplass","source":"OpenStreetMap","osm_ref":"node-10124641912"}},{"type":"Feature","id":"firepit-osm-node-10125155978","geometry":{"type":"Point","coordinates":[9.604386,59.670609]},"properties":{"name":"Bålplass","source":"OpenStreetMap","osm_ref":"node-10125155978"}},{"type":"Feature","id":"firepit-osm-node-10127013346","geometry":{"type":"Point","coordinates":[9.71489,59.104533]},"properties":{"name":"Bålplass","source":"OpenStreetMap","osm_ref":"node-10127013346"}},{"type":"Feature","id":"firepit-osm-node-10138569848","geometry":{"type":"Point","coordinates":[9.609597,59.667339]},"properties":{"name":"Bålplass","source":"OpenStreetMap","osm_ref":"node-10138569848"}},{"type":"Feature","id":"firepit-osm-node-10180652780","geometry":{"type":"Point","coordinates":[11.018217,59.025642]},"properties":{"name":"Bålplass","source":"OpenStreetMap","osm_ref":"node-10180652780"}},{"type":"Feature","id":"firepit-osm-node-10183085829","geometry":{"type":"Point","coordinates":[10.880523,59.530729]},"properties":{"name":"Bålplass","source":"OpenStreetMap","osm_ref":"node-10183085829"}},{"type":"Feature","id":"firepit-osm-node-10183085954","geometry":{"type":"Point","coordinates":[10.831885,59.484578]},"properties":{"name":"Bålplass","source":"OpenStreetMap","osm_ref":"node-10183085954"}},{"type":"Feature","id":"firepit-osm-node-10199475098","geometry":{"type":"Point","coordinates":[10.973026,59.237134]},"properties":{"name":"Bålplass","source":"OpenStreetMap","osm_ref":"node-10199475098"}},{"type":"Feature","id":"firepit-osm-node-10228286369","geometry":{"type":"Point","coordinates":[19.728234,69.523055]},"properties":{"name":"Bålplass","source":"OpenStreetMap","osm_ref":"node-10228286369"}},{"type":"Feature","id":"firepit-osm-node-10229683428","geometry":{"type":"Point","coordinates":[11.138907,59.55308]},"properties":{"name":"Bålplass","source":"OpenStreetMap","osm_ref":"node-10229683428"}},{"type":"Feature","id":"firepit-osm-node-10285944201","geometry":{"type":"Point","coordinates":[10.662147,59.942431]},"properties":{"name":"Bålplass","source":"OpenStreetMap","osm_ref":"node-10285944201"}},{"type":"Feature","id":"firepit-osm-node-10300503697","geometry":{"type":"Point","coordinates":[7.786901,63.125185]},"properties":{"name":"Bålplass","source":"OpenStreetMap","osm_ref":"node-10300503697"}},{"type":"Feature","id":"firepit-osm-node-10300503698","geometry":{"type":"Point","coordinates":[7.787384,63.124245]},"properties":{"name":"Bålplass","source":"OpenStreetMap","osm_ref":"node-10300503698"}},{"type":"Feature","id":"firepit-osm-node-10678168727","geometry":{"type":"Point","coordinates":[10.439477,59.815066]},"properties":{"name":"Bålplass","source":"OpenStreetMap","osm_ref":"node-10678168727"}},{"type":"Feature","id":"firepit-osm-node-10685911809","geometry":{"type":"Point","coordinates":[10.919402,59.812165]},"properties":{"name":"Bålplass","source":"OpenStreetMap","osm_ref":"node-10685911809"}},{"type":"Feature","id":"firepit-osm-node-10686081927","geometry":{"type":"Point","coordinates":[9.180822,60.335616]},"properties":{"name":"Bålplass","source":"OpenStreetMap","osm_ref":"node-10686081927"}},{"type":"Feature","id":"firepit-osm-node-10686081932","geometry":{"type":"Point","coordinates":[9.186593,60.338542]},"properties":{"name":"Bålplass","source":"OpenStreetMap","osm_ref":"node-10686081932"}},{"type":"Feature","id":"firepit-osm-node-10687046757","geometry":{"type":"Point","coordinates":[11.012854,60.955544]},"properties":{"name":"Bålplass","source":"OpenStreetMap","osm_ref":"node-10687046757"}},{"type":"Feature","id":"firepit-osm-node-10687076558","geometry":{"type":"Point","coordinates":[11.01028,60.952816]},"properties":{"name":"Bålplass","source":"OpenStreetMap","osm_ref":"node-10687076558"}},{"type":"Feature","id":"firepit-osm-node-10753528826","geometry":{"type":"Point","coordinates":[5.734733,58.915586]},"properties":{"name":"Bålplass","source":"OpenStreetMap","osm_ref":"node-10753528826"}},{"type":"Feature","id":"firepit-osm-node-10876204382","geometry":{"type":"Point","coordinates":[18.539116,69.777598]},"properties":{"name":"Bålplass","source":"OpenStreetMap","osm_ref":"node-10876204382"}},{"type":"Feature","id":"firepit-osm-node-10879354464","geometry":{"type":"Point","coordinates":[7.797437,63.116785]},"properties":{"name":"Bålplass","source":"OpenStreetMap","osm_ref":"node-10879354464"}},{"type":"Feature","id":"firepit-osm-node-10879354465","geometry":{"type":"Point","coordinates":[7.802025,63.115065]},"properties":{"name":"Bålplass","source":"OpenStreetMap","osm_ref":"node-10879354465"}},{"type":"Feature","id":"firepit-osm-node-10894984551","geometry":{"type":"Point","coordinates":[10.949965,60.093104]},"properties":{"name":"Bålplass","source":"OpenStreetMap","osm_ref":"node-10894984551"}},{"type":"Feature","id":"firepit-osm-node-10916186039","geometry":{"type":"Point","coordinates":[10.798877,60.009209]},"properties":{"name":"Bålplass","source":"OpenStreetMap","osm_ref":"node-10916186039"}},{"type":"Feature","id":"firepit-osm-node-10921869760","geometry":{"type":"Point","coordinates":[8.031312,63.161968]},"properties":{"name":"Bålplass","source":"OpenStreetMap","osm_ref":"node-10921869760"}},{"type":"Feature","id":"firepit-osm-node-10921869761","geometry":{"type":"Point","coordinates":[8.023977,63.159908]},"properties":{"name":"Bålplass","source":"OpenStreetMap","osm_ref":"node-10921869761"}},{"type":"Feature","id":"firepit-osm-node-10926334427","geometry":{"type":"Point","coordinates":[30.054347,69.458891]},"properties":{"name":"Bålplass","source":"OpenStreetMap","osm_ref":"node-10926334427"}},{"type":"Feature","id":"firepit-osm-node-10947439292","geometry":{"type":"Point","coordinates":[9.767733,61.591287]},"properties":{"name":"Bålplass","source":"OpenStreetMap","osm_ref":"node-10947439292"}},{"type":"Feature","id":"firepit-osm-node-10958176845","geometry":{"type":"Point","coordinates":[9.543696,63.230524]},"properties":{"name":"Bålplass","source":"OpenStreetMap","osm_ref":"node-10958176845"}},{"type":"Feature","id":"firepit-osm-node-10958176846","geometry":{"type":"Point","coordinates":[9.547979,63.230259]},"properties":{"name":"Bålplass","source":"OpenStreetMap","osm_ref":"node-10958176846"}},{"type":"Feature","id":"firepit-osm-node-10962874378","geometry":{"type":"Point","coordinates":[18.907161,69.632067]},"properties":{"name":"Bålplass","source":"OpenStreetMap","osm_ref":"node-10962874378"}},{"type":"Feature","id":"firepit-osm-node-10969499690","geometry":{"type":"Point","coordinates":[7.7247,62.962101]},"properties":{"name":"Bålplass","source":"OpenStreetMap","osm_ref":"node-10969499690"}},{"type":"Feature","id":"firepit-osm-node-10970352466","geometry":{"type":"Point","coordinates":[10.876696,59.780991]},"properties":{"name":"Bålplass","source":"OpenStreetMap","osm_ref":"node-10970352466"}},{"type":"Feature","id":"firepit-osm-node-10991785044","geometry":{"type":"Point","coordinates":[9.848527,59.013974]},"properties":{"name":"Bålplass","source":"OpenStreetMap","osm_ref":"node-10991785044"}},{"type":"Feature","id":"firepit-osm-node-11005530032","geometry":{"type":"Point","coordinates":[6.132304,58.791758]},"properties":{"name":"Bålplass","source":"OpenStreetMap","osm_ref":"node-11005530032"}},{"type":"Feature","id":"firepit-osm-node-11037039331","geometry":{"type":"Point","coordinates":[10.858713,59.967307]},"properties":{"name":"Bålplass","source":"OpenStreetMap","osm_ref":"node-11037039331"}},{"type":"Feature","id":"firepit-osm-node-11042577168","geometry":{"type":"Point","coordinates":[8.056367,63.327399]},"properties":{"name":"Bålplass","source":"OpenStreetMap","osm_ref":"node-11042577168"}},{"type":"Feature","id":"firepit-osm-node-11051161962","geometry":{"type":"Point","coordinates":[10.51505,59.294087]},"properties":{"name":"Bålplass","source":"OpenStreetMap","osm_ref":"node-11051161962"}},{"type":"Feature","id":"firepit-osm-node-11070557912","geometry":{"type":"Point","coordinates":[10.487471,61.112533]},"properties":{"name":"Bålplass","source":"OpenStreetMap","osm_ref":"node-11070557912"}},{"type":"Feature","id":"firepit-osm-node-11078846925","geometry":{"type":"Point","coordinates":[8.919008,62.467974]},"properties":{"name":"Bålplass","source":"OpenStreetMap","osm_ref":"node-11078846925"}},{"type":"Feature","id":"firepit-osm-node-11083696836","geometry":{"type":"Point","coordinates":[8.212135,60.532393]},"properties":{"name":"Bålplass","source":"OpenStreetMap","osm_ref":"node-11083696836"}},{"type":"Feature","id":"firepit-osm-node-11091842522","geometry":{"type":"Point","coordinates":[11.487557,59.130333]},"properties":{"name":"Bålplass","source":"OpenStreetMap","osm_ref":"node-11091842522"}},{"type":"Feature","id":"firepit-osm-node-11097800554","geometry":{"type":"Point","coordinates":[7.943098,58.234547]},"properties":{"name":"Bålplass","source":"OpenStreetMap","osm_ref":"node-11097800554"}},{"type":"Feature","id":"firepit-osm-node-11108467492","geometry":{"type":"Point","coordinates":[12.179053,62.195001]},"properties":{"name":"Bålplass","source":"OpenStreetMap","osm_ref":"node-11108467492"}},{"type":"Feature","id":"firepit-osm-node-11109643325","geometry":{"type":"Point","coordinates":[11.582107,60.856595]},"properties":{"name":"Bålplass","source":"OpenStreetMap","osm_ref":"node-11109643325"}},{"type":"Feature","id":"firepit-osm-node-11114421082","geometry":{"type":"Point","coordinates":[5.335119,60.150949]},"properties":{"name":"Bålplass","source":"OpenStreetMap","osm_ref":"node-11114421082"}},{"type":"Feature","id":"firepit-osm-node-11114526846","geometry":{"type":"Point","coordinates":[8.406643,59.257352]},"properties":{"name":"Bålplass","source":"OpenStreetMap","osm_ref":"node-11114526846"}},{"type":"Feature","id":"firepit-osm-node-11116923077","geometry":{"type":"Point","coordinates":[11.665565,62.502577]},"properties":{"name":"Bålplass","source":"OpenStreetMap","osm_ref":"node-11116923077"}},{"type":"Feature","id":"firepit-osm-node-11120875589","geometry":{"type":"Point","coordinates":[15.197422,68.639545]},"properties":{"name":"Bålplass","source":"OpenStreetMap","osm_ref":"node-11120875589"}},{"type":"Feature","id":"firepit-osm-node-11120925801","geometry":{"type":"Point","coordinates":[14.920949,68.56854]},"properties":{"name":"Bålplass","source":"OpenStreetMap","osm_ref":"node-11120925801"}},{"type":"Feature","id":"firepit-osm-node-11120942330","geometry":{"type":"Point","coordinates":[14.52541,67.29458]},"properties":{"name":"Bålplass","source":"OpenStreetMap","osm_ref":"node-11120942330"}},{"type":"Feature","id":"firepit-osm-node-11126387774","geometry":{"type":"Point","coordinates":[18.90568,69.632832]},"properties":{"name":"Bålplass","source":"OpenStreetMap","osm_ref":"node-11126387774"}},{"type":"Feature","id":"firepit-osm-node-11126791507","geometry":{"type":"Point","coordinates":[10.847238,59.285243]},"properties":{"name":"Bålplass","source":"OpenStreetMap","osm_ref":"node-11126791507"}},{"type":"Feature","id":"firepit-osm-node-11132570408","geometry":{"type":"Point","coordinates":[13.564027,68.113219]},"properties":{"name":"Bålplass","source":"OpenStreetMap","osm_ref":"node-11132570408"}},{"type":"Feature","id":"firepit-osm-node-11135215071","geometry":{"type":"Point","coordinates":[11.154914,59.585338]},"properties":{"name":"Bålplass","source":"OpenStreetMap","osm_ref":"node-11135215071"}},{"type":"Feature","id":"firepit-osm-node-11149494441","geometry":{"type":"Point","coordinates":[5.257959,60.619193]},"properties":{"name":"Bålplass","source":"OpenStreetMap","osm_ref":"node-11149494441"}},{"type":"Feature","id":"firepit-osm-node-11149494442","geometry":{"type":"Point","coordinates":[5.260115,60.618575]},"properties":{"name":"Bålplass","source":"OpenStreetMap","osm_ref":"node-11149494442"}},{"type":"Feature","id":"firepit-osm-node-11174999586","geometry":{"type":"Point","coordinates":[12.132468,62.01903]},"properties":{"name":"Bålplass","source":"OpenStreetMap","osm_ref":"node-11174999586"}},{"type":"Feature","id":"firepit-osm-node-11174999590","geometry":{"type":"Point","coordinates":[12.132662,62.017993]},"properties":{"name":"Bålplass","source":"OpenStreetMap","osm_ref":"node-11174999590"}},{"type":"Feature","id":"firepit-osm-node-11182029711","geometry":{"type":"Point","coordinates":[8.078928,63.458693]},"properties":{"name":"Bålplass","source":"OpenStreetMap","osm_ref":"node-11182029711"}},{"type":"Feature","id":"firepit-osm-node-11183683580","geometry":{"type":"Point","coordinates":[10.606915,59.993635]},"properties":{"name":"Bålplass","source":"OpenStreetMap","osm_ref":"node-11183683580"}},{"type":"Feature","id":"firepit-osm-node-11210554769","geometry":{"type":"Point","coordinates":[8.819091,60.854717]},"properties":{"name":"Bålplass","source":"OpenStreetMap","osm_ref":"node-11210554769"}},{"type":"Feature","id":"firepit-osm-node-11210629353","geometry":{"type":"Point","coordinates":[9.679985,59.563293]},"properties":{"name":"Bålplass","source":"OpenStreetMap","osm_ref":"node-11210629353"}},{"type":"Feature","id":"firepit-osm-node-11211809897","geometry":{"type":"Point","coordinates":[11.016942,59.025937]},"properties":{"name":"Bålplass","source":"OpenStreetMap","osm_ref":"node-11211809897"}},{"type":"Feature","id":"firepit-osm-node-11216220336","geometry":{"type":"Point","coordinates":[10.64671,59.965982]},"properties":{"name":"Bålplass","source":"OpenStreetMap","osm_ref":"node-11216220336"}},{"type":"Feature","id":"firepit-osm-node-11234770084","geometry":{"type":"Point","coordinates":[10.387119,63.415386]},"properties":{"name":"Bålplass","source":"OpenStreetMap","osm_ref":"node-11234770084"}},{"type":"Feature","id":"firepit-osm-node-11248499041","geometry":{"type":"Point","coordinates":[10.505682,59.928122]},"properties":{"name":"Bålplass","source":"OpenStreetMap","osm_ref":"node-11248499041"}},{"type":"Feature","id":"firepit-osm-node-11262164417","geometry":{"type":"Point","coordinates":[10.805246,59.961116]},"properties":{"name":"Bålplass","source":"OpenStreetMap","osm_ref":"node-11262164417"}},{"type":"Feature","id":"firepit-osm-node-11264740954","geometry":{"type":"Point","coordinates":[8.056625,63.457882]},"properties":{"name":"Bålplass","source":"OpenStreetMap","osm_ref":"node-11264740954"}},{"type":"Feature","id":"firepit-osm-node-11265705096","geometry":{"type":"Point","coordinates":[5.679986,59.037508]},"properties":{"name":"Bålplass","source":"OpenStreetMap","osm_ref":"node-11265705096"}},{"type":"Feature","id":"firepit-osm-node-11290585217","geometry":{"type":"Point","coordinates":[10.79133,59.971298]},"properties":{"name":"Bålplass","source":"OpenStreetMap","osm_ref":"node-11290585217"}},{"type":"Feature","id":"firepit-osm-node-11295676086","geometry":{"type":"Point","coordinates":[5.953427,58.919361]},"properties":{"name":"Bålplass","source":"OpenStreetMap","osm_ref":"node-11295676086"}},{"type":"Feature","id":"firepit-osm-node-11296098294","geometry":{"type":"Point","coordinates":[11.784824,60.023184]},"properties":{"name":"Bålplass","source":"OpenStreetMap","osm_ref":"node-11296098294"}},{"type":"Feature","id":"firepit-osm-node-11298176778","geometry":{"type":"Point","coordinates":[10.79732,59.981718]},"properties":{"name":"Bålplass","source":"OpenStreetMap","osm_ref":"node-11298176778"}},{"type":"Feature","id":"firepit-osm-node-11298807607","geometry":{"type":"Point","coordinates":[10.80855,59.981559]},"properties":{"name":"Bålplass","source":"OpenStreetMap","osm_ref":"node-11298807607"}},{"type":"Feature","id":"firepit-osm-node-11300426355","geometry":{"type":"Point","coordinates":[10.7962,59.974775]},"properties":{"name":"Bålplass","source":"OpenStreetMap","osm_ref":"node-11300426355"}},{"type":"Feature","id":"firepit-osm-node-11300452759","geometry":{"type":"Point","coordinates":[17.848316,69.227785]},"properties":{"name":"Bålplass","source":"OpenStreetMap","osm_ref":"node-11300452759"}},{"type":"Feature","id":"firepit-osm-node-11307156946","geometry":{"type":"Point","coordinates":[10.785749,59.968694]},"properties":{"name":"Bålplass","source":"OpenStreetMap","osm_ref":"node-11307156946"}},{"type":"Feature","id":"firepit-osm-node-11331371406","geometry":{"type":"Point","coordinates":[10.802161,59.977754]},"properties":{"name":"Bålplass","source":"OpenStreetMap","osm_ref":"node-11331371406"}},{"type":"Feature","id":"firepit-osm-node-11343162186","geometry":{"type":"Point","coordinates":[18.931715,69.633936]},"properties":{"name":"Bålplass","source":"OpenStreetMap","osm_ref":"node-11343162186"}},{"type":"Feature","id":"firepit-osm-node-11347341245","geometry":{"type":"Point","coordinates":[11.590799,62.451364]},"properties":{"name":"Bålplass","source":"OpenStreetMap","osm_ref":"node-11347341245"}},{"type":"Feature","id":"firepit-osm-node-11377061540","geometry":{"type":"Point","coordinates":[14.446776,67.274056]},"properties":{"name":"Bålplass","source":"OpenStreetMap","osm_ref":"node-11377061540"}},{"type":"Feature","id":"firepit-osm-node-11411865193","geometry":{"type":"Point","coordinates":[8.079243,63.330296]},"properties":{"name":"Bålplass","source":"OpenStreetMap","osm_ref":"node-11411865193"}},{"type":"Feature","id":"firepit-osm-node-11427610432","geometry":{"type":"Point","coordinates":[10.406629,59.864912]},"properties":{"name":"Bålplass","source":"OpenStreetMap","osm_ref":"node-11427610432"}},{"type":"Feature","id":"firepit-osm-node-11492714142","geometry":{"type":"Point","coordinates":[8.1071,58.411015]},"properties":{"name":"Bålplass","source":"OpenStreetMap","osm_ref":"node-11492714142"}},{"type":"Feature","id":"firepit-osm-node-11520393096","geometry":{"type":"Point","coordinates":[6.131776,60.366178]},"properties":{"name":"Bålplass","source":"OpenStreetMap","osm_ref":"node-11520393096"}},{"type":"Feature","id":"firepit-osm-node-11520393285","geometry":{"type":"Point","coordinates":[6.137661,60.369759]},"properties":{"name":"Bålplass","source":"OpenStreetMap","osm_ref":"node-11520393285"}},{"type":"Feature","id":"firepit-osm-node-11523359013","geometry":{"type":"Point","coordinates":[10.742846,62.039055]},"properties":{"name":"Bålplass","source":"OpenStreetMap","osm_ref":"node-11523359013"}},{"type":"Feature","id":"firepit-osm-node-11526115017","geometry":{"type":"Point","coordinates":[10.879625,59.892309]},"properties":{"name":"Bålplass","source":"OpenStreetMap","osm_ref":"node-11526115017"}},{"type":"Feature","id":"firepit-osm-node-11571445310","geometry":{"type":"Point","coordinates":[10.046397,63.494234]},"properties":{"name":"Bålplass","source":"OpenStreetMap","osm_ref":"node-11571445310"}},{"type":"Feature","id":"firepit-osm-node-11571459133","geometry":{"type":"Point","coordinates":[10.061816,63.494286]},"properties":{"name":"Bålplass","source":"OpenStreetMap","osm_ref":"node-11571459133"}},{"type":"Feature","id":"firepit-osm-node-11584643985","geometry":{"type":"Point","coordinates":[18.93607,69.65318]},"properties":{"name":"Bålplass","source":"OpenStreetMap","osm_ref":"node-11584643985"}},{"type":"Feature","id":"firepit-osm-node-11599157280","geometry":{"type":"Point","coordinates":[5.323101,60.422638]},"properties":{"name":"Bålplass","source":"OpenStreetMap","osm_ref":"node-11599157280"}},{"type":"Feature","id":"firepit-osm-node-11602284558","geometry":{"type":"Point","coordinates":[11.062126,60.408922]},"properties":{"name":"Bålplass","source":"OpenStreetMap","osm_ref":"node-11602284558"}},{"type":"Feature","id":"firepit-osm-node-11635205314","geometry":{"type":"Point","coordinates":[10.85712,59.895873]},"properties":{"name":"Bålplass","source":"OpenStreetMap","osm_ref":"node-11635205314"}},{"type":"Feature","id":"firepit-osm-node-11638392532","geometry":{"type":"Point","coordinates":[9.673858,60.155673]},"properties":{"name":"Bålplass","source":"OpenStreetMap","osm_ref":"node-11638392532"}},{"type":"Feature","id":"firepit-osm-node-11639104296","geometry":{"type":"Point","coordinates":[10.482181,59.869685]},"properties":{"name":"Bålplass","source":"OpenStreetMap","osm_ref":"node-11639104296"}},{"type":"Feature","id":"firepit-osm-node-11639163296","geometry":{"type":"Point","coordinates":[18.938024,69.659053]},"properties":{"name":"Bålplass","source":"OpenStreetMap","osm_ref":"node-11639163296"}},{"type":"Feature","id":"firepit-osm-node-11639199978","geometry":{"type":"Point","coordinates":[18.940066,69.659911]},"properties":{"name":"Bålplass","source":"OpenStreetMap","osm_ref":"node-11639199978"}},{"type":"Feature","id":"firepit-osm-node-11645081085","geometry":{"type":"Point","coordinates":[14.426325,67.274502]},"properties":{"name":"Bålplass","source":"OpenStreetMap","osm_ref":"node-11645081085"}},{"type":"Feature","id":"firepit-osm-node-11649242126","geometry":{"type":"Point","coordinates":[11.505633,59.110417]},"properties":{"name":"Bålplass","source":"OpenStreetMap","osm_ref":"node-11649242126"}},{"type":"Feature","id":"firepit-osm-node-11658043357","geometry":{"type":"Point","coordinates":[10.872121,59.868923]},"properties":{"name":"Bålplass","source":"OpenStreetMap","osm_ref":"node-11658043357"}},{"type":"Feature","id":"firepit-osm-node-11660984940","geometry":{"type":"Point","coordinates":[11.022789,59.625811]},"properties":{"name":"Bålplass","source":"OpenStreetMap","osm_ref":"node-11660984940"}},{"type":"Feature","id":"firepit-osm-node-11661230909","geometry":{"type":"Point","coordinates":[21.827108,69.357625]},"properties":{"name":"Bålplass","source":"OpenStreetMap","osm_ref":"node-11661230909"}},{"type":"Feature","id":"firepit-osm-node-11661242342","geometry":{"type":"Point","coordinates":[21.796675,69.366035]},"properties":{"name":"Bålplass","source":"OpenStreetMap","osm_ref":"node-11661242342"}},{"type":"Feature","id":"firepit-osm-node-11666021702","geometry":{"type":"Point","coordinates":[10.951508,59.644228]},"properties":{"name":"Bålplass","source":"OpenStreetMap","osm_ref":"node-11666021702"}},{"type":"Feature","id":"firepit-osm-node-11687980168","geometry":{"type":"Point","coordinates":[5.513218,59.771977]},"properties":{"name":"Bålplass","source":"OpenStreetMap","osm_ref":"node-11687980168"}},{"type":"Feature","id":"firepit-osm-node-11702239345","geometry":{"type":"Point","coordinates":[10.658697,59.984765]},"properties":{"name":"Bålplass","source":"OpenStreetMap","osm_ref":"node-11702239345"}},{"type":"Feature","id":"firepit-osm-node-11707849171","geometry":{"type":"Point","coordinates":[10.999583,59.656841]},"properties":{"name":"Bålplass","source":"OpenStreetMap","osm_ref":"node-11707849171"}},{"type":"Feature","id":"firepit-osm-node-11725823707","geometry":{"type":"Point","coordinates":[11.826289,61.652414]},"properties":{"name":"Bålplass","source":"OpenStreetMap","osm_ref":"node-11725823707"}},{"type":"Feature","id":"firepit-osm-node-11735203530","geometry":{"type":"Point","coordinates":[11.460526,61.170756]},"properties":{"name":"Bålplass","source":"OpenStreetMap","osm_ref":"node-11735203530"}},{"type":"Feature","id":"firepit-osm-node-11735438824","geometry":{"type":"Point","coordinates":[10.480827,59.289853]},"properties":{"name":"Bålplass","source":"OpenStreetMap","osm_ref":"node-11735438824"}},{"type":"Feature","id":"firepit-osm-node-11736840714","geometry":{"type":"Point","coordinates":[11.002389,59.868832]},"properties":{"name":"Bålplass","source":"OpenStreetMap","osm_ref":"node-11736840714"}},{"type":"Feature","id":"firepit-osm-node-11741155939","geometry":{"type":"Point","coordinates":[5.161993,60.569451]},"properties":{"name":"Bålplass","source":"OpenStreetMap","osm_ref":"node-11741155939"}},{"type":"Feature","id":"firepit-osm-node-11758821006","geometry":{"type":"Point","coordinates":[10.134609,59.749925]},"properties":{"name":"Bålplass","source":"OpenStreetMap","osm_ref":"node-11758821006"}},{"type":"Feature","id":"firepit-osm-node-11771729101","geometry":{"type":"Point","coordinates":[5.450337,60.15906]},"properties":{"name":"Bålplass","source":"OpenStreetMap","osm_ref":"node-11771729101"}},{"type":"Feature","id":"firepit-osm-node-11775239184","geometry":{"type":"Point","coordinates":[10.226773,63.198113]},"properties":{"name":"Bålplass","source":"OpenStreetMap","osm_ref":"node-11775239184"}},{"type":"Feature","id":"firepit-osm-node-11784028091","geometry":{"type":"Point","coordinates":[8.735983,60.934462]},"properties":{"name":"Bålplass","source":"OpenStreetMap","osm_ref":"node-11784028091"}},{"type":"Feature","id":"firepit-osm-node-11805263172","geometry":{"type":"Point","coordinates":[10.72155,60.004306]},"properties":{"name":"Bålplass","source":"OpenStreetMap","osm_ref":"node-11805263172"}},{"type":"Feature","id":"firepit-osm-node-11818530242","geometry":{"type":"Point","coordinates":[5.828034,58.764847]},"properties":{"name":"Bålplass","source":"OpenStreetMap","osm_ref":"node-11818530242"}},{"type":"Feature","id":"firepit-osm-node-11821500521","geometry":{"type":"Point","coordinates":[7.953009,63.518723]},"properties":{"name":"Bålplass","source":"OpenStreetMap","osm_ref":"node-11821500521"}},{"type":"Feature","id":"firepit-osm-node-11831685504","geometry":{"type":"Point","coordinates":[5.260047,60.297559]},"properties":{"name":"Bålplass","source":"OpenStreetMap","osm_ref":"node-11831685504"}},{"type":"Feature","id":"firepit-osm-node-11835024793","geometry":{"type":"Point","coordinates":[11.213901,63.500594]},"properties":{"name":"Bålplass","source":"OpenStreetMap","osm_ref":"node-11835024793"}},{"type":"Feature","id":"firepit-osm-node-11836943595","geometry":{"type":"Point","coordinates":[8.465756,60.875881]},"properties":{"name":"Bålplass","source":"OpenStreetMap","osm_ref":"node-11836943595"}},{"type":"Feature","id":"firepit-osm-node-11837683235","geometry":{"type":"Point","coordinates":[10.758129,59.968821]},"properties":{"name":"Bålplass","source":"OpenStreetMap","osm_ref":"node-11837683235"}},{"type":"Feature","id":"firepit-osm-node-11837683238","geometry":{"type":"Point","coordinates":[10.756745,59.969987]},"properties":{"name":"Bålplass","source":"OpenStreetMap","osm_ref":"node-11837683238"}},{"type":"Feature","id":"firepit-osm-node-11860641967","geometry":{"type":"Point","coordinates":[10.969587,59.801524]},"properties":{"name":"Bålplass","source":"OpenStreetMap","osm_ref":"node-11860641967"}},{"type":"Feature","id":"firepit-osm-node-11874970554","geometry":{"type":"Point","coordinates":[9.661085,63.273176]},"properties":{"name":"Bålplass","source":"OpenStreetMap","osm_ref":"node-11874970554"}},{"type":"Feature","id":"firepit-osm-node-11875924227","geometry":{"type":"Point","coordinates":[9.662334,63.273192]},"properties":{"name":"Bålplass","source":"OpenStreetMap","osm_ref":"node-11875924227"}},{"type":"Feature","id":"firepit-osm-node-11876127084","geometry":{"type":"Point","coordinates":[11.093092,61.577977]},"properties":{"name":"Bålplass","source":"OpenStreetMap","osm_ref":"node-11876127084"}},{"type":"Feature","id":"firepit-osm-node-11876510805","geometry":{"type":"Point","coordinates":[11.066957,61.564215]},"properties":{"name":"Bålplass","source":"OpenStreetMap","osm_ref":"node-11876510805"}},{"type":"Feature","id":"firepit-osm-node-11876510817","geometry":{"type":"Point","coordinates":[11.062279,61.56422]},"properties":{"name":"Bålplass","source":"OpenStreetMap","osm_ref":"node-11876510817"}},{"type":"Feature","id":"firepit-osm-node-11881530474","geometry":{"type":"Point","coordinates":[10.757193,59.968514]},"properties":{"name":"Bålplass","source":"OpenStreetMap","osm_ref":"node-11881530474"}},{"type":"Feature","id":"firepit-osm-node-11881754328","geometry":{"type":"Point","coordinates":[10.989995,60.081004]},"properties":{"name":"Bålplass","source":"OpenStreetMap","osm_ref":"node-11881754328"}},{"type":"Feature","id":"firepit-osm-node-11881754329","geometry":{"type":"Point","coordinates":[10.987921,60.080942]},"properties":{"name":"Bålplass","source":"OpenStreetMap","osm_ref":"node-11881754329"}},{"type":"Feature","id":"firepit-osm-node-11883711651","geometry":{"type":"Point","coordinates":[10.897234,59.856438]},"properties":{"name":"Bålplass","source":"OpenStreetMap","osm_ref":"node-11883711651"}},{"type":"Feature","id":"firepit-osm-node-11886470722","geometry":{"type":"Point","coordinates":[10.764467,59.967457]},"properties":{"name":"Bålplass","source":"OpenStreetMap","osm_ref":"node-11886470722"}},{"type":"Feature","id":"firepit-osm-node-11886625403","geometry":{"type":"Point","coordinates":[10.76089,59.967013]},"properties":{"name":"Bålplass","source":"OpenStreetMap","osm_ref":"node-11886625403"}},{"type":"Feature","id":"firepit-osm-node-11886744273","geometry":{"type":"Point","coordinates":[10.763315,59.967388]},"properties":{"name":"Bålplass","source":"OpenStreetMap","osm_ref":"node-11886744273"}},{"type":"Feature","id":"firepit-osm-node-11888665268","geometry":{"type":"Point","coordinates":[10.763875,59.967987]},"properties":{"name":"Bålplass","source":"OpenStreetMap","osm_ref":"node-11888665268"}},{"type":"Feature","id":"firepit-osm-node-11889545193","geometry":{"type":"Point","coordinates":[10.769802,59.960181]},"properties":{"name":"Bålplass","source":"OpenStreetMap","osm_ref":"node-11889545193"}},{"type":"Feature","id":"firepit-osm-node-11889600091","geometry":{"type":"Point","coordinates":[10.762104,59.968747]},"properties":{"name":"Bålplass","source":"OpenStreetMap","osm_ref":"node-11889600091"}},{"type":"Feature","id":"firepit-osm-node-11889797951","geometry":{"type":"Point","coordinates":[10.75371,59.967189]},"properties":{"name":"Bålplass","source":"OpenStreetMap","osm_ref":"node-11889797951"}},{"type":"Feature","id":"firepit-osm-node-11897482071","geometry":{"type":"Point","coordinates":[10.856043,59.870644]},"properties":{"name":"Bålplass","source":"OpenStreetMap","osm_ref":"node-11897482071"}},{"type":"Feature","id":"firepit-osm-node-11898853458","geometry":{"type":"Point","coordinates":[7.917263,63.446008]},"properties":{"name":"Bålplass","source":"OpenStreetMap","osm_ref":"node-11898853458"}},{"type":"Feature","id":"firepit-osm-node-11898951218","geometry":{"type":"Point","coordinates":[7.744954,62.970295]},"properties":{"name":"Bålplass","source":"OpenStreetMap","osm_ref":"node-11898951218"}},{"type":"Feature","id":"firepit-osm-node-11908136123","geometry":{"type":"Point","coordinates":[14.793261,67.308411]},"properties":{"name":"Bålplass","source":"OpenStreetMap","osm_ref":"node-11908136123"}},{"type":"Feature","id":"firepit-osm-node-11925576151","geometry":{"type":"Point","coordinates":[5.775672,58.88773]},"properties":{"name":"Bålplass","source":"OpenStreetMap","osm_ref":"node-11925576151"}},{"type":"Feature","id":"firepit-osm-node-11925701536","geometry":{"type":"Point","coordinates":[10.760304,59.968771]},"properties":{"name":"Bålplass","source":"OpenStreetMap","osm_ref":"node-11925701536"}},{"type":"Feature","id":"firepit-osm-node-11925839752","geometry":{"type":"Point","coordinates":[10.764569,59.969153]},"properties":{"name":"Bålplass","source":"OpenStreetMap","osm_ref":"node-11925839752"}},{"type":"Feature","id":"firepit-osm-node-11929801210","geometry":{"type":"Point","coordinates":[10.823538,59.87065]},"properties":{"name":"Bålplass","source":"OpenStreetMap","osm_ref":"node-11929801210"}},{"type":"Feature","id":"firepit-osm-node-11930498611","geometry":{"type":"Point","coordinates":[10.746872,59.974332]},"properties":{"name":"Bålplass","source":"OpenStreetMap","osm_ref":"node-11930498611"}},{"type":"Feature","id":"firepit-osm-node-11939411515","geometry":{"type":"Point","coordinates":[10.750574,59.966937]},"properties":{"name":"Bålplass","source":"OpenStreetMap","osm_ref":"node-11939411515"}},{"type":"Feature","id":"firepit-osm-node-11939557350","geometry":{"type":"Point","coordinates":[10.750083,59.968932]},"properties":{"name":"Bålplass","source":"OpenStreetMap","osm_ref":"node-11939557350"}},{"type":"Feature","id":"firepit-osm-node-11939624327","geometry":{"type":"Point","coordinates":[10.750315,59.969913]},"properties":{"name":"Bålplass","source":"OpenStreetMap","osm_ref":"node-11939624327"}},{"type":"Feature","id":"firepit-osm-node-11939731482","geometry":{"type":"Point","coordinates":[10.749192,59.969919]},"properties":{"name":"Bålplass","source":"OpenStreetMap","osm_ref":"node-11939731482"}},{"type":"Feature","id":"firepit-osm-node-11939744176","geometry":{"type":"Point","coordinates":[10.751735,59.968554]},"properties":{"name":"Bålplass","source":"OpenStreetMap","osm_ref":"node-11939744176"}},{"type":"Feature","id":"firepit-osm-node-11940662946","geometry":{"type":"Point","coordinates":[10.750145,59.970586]},"properties":{"name":"Bålplass","source":"OpenStreetMap","osm_ref":"node-11940662946"}},{"type":"Feature","id":"firepit-osm-node-11942028929","geometry":{"type":"Point","coordinates":[10.749251,59.975185]},"properties":{"name":"Bålplass","source":"OpenStreetMap","osm_ref":"node-11942028929"}},{"type":"Feature","id":"firepit-osm-node-11958540373","geometry":{"type":"Point","coordinates":[11.74142,64.496008]},"properties":{"name":"Bålplass","source":"OpenStreetMap","osm_ref":"node-11958540373"}},{"type":"Feature","id":"firepit-osm-node-11960023669","geometry":{"type":"Point","coordinates":[11.727401,64.491725]},"properties":{"name":"Bålplass","source":"OpenStreetMap","osm_ref":"node-11960023669"}},{"type":"Feature","id":"firepit-osm-node-11964910174","geometry":{"type":"Point","coordinates":[8.306094,63.515579]},"properties":{"name":"Bålplass","source":"OpenStreetMap","osm_ref":"node-11964910174"}},{"type":"Feature","id":"firepit-osm-node-11967470844","geometry":{"type":"Point","coordinates":[13.291395,65.487182]},"properties":{"name":"Bålplass","source":"OpenStreetMap","osm_ref":"node-11967470844"}},{"type":"Feature","id":"firepit-osm-node-11969136591","geometry":{"type":"Point","coordinates":[10.753412,59.968936]},"properties":{"name":"Bålplass","source":"OpenStreetMap","osm_ref":"node-11969136591"}},{"type":"Feature","id":"firepit-osm-node-11972186792","geometry":{"type":"Point","coordinates":[10.746786,59.973368]},"properties":{"name":"Bålplass","source":"OpenStreetMap","osm_ref":"node-11972186792"}},{"type":"Feature","id":"firepit-osm-node-11972248528","geometry":{"type":"Point","coordinates":[10.753126,59.970456]},"properties":{"name":"Bålplass","source":"OpenStreetMap","osm_ref":"node-11972248528"}},{"type":"Feature","id":"firepit-osm-node-11973903153","geometry":{"type":"Point","coordinates":[13.37766,65.325772]},"properties":{"name":"Bålplass","source":"OpenStreetMap","osm_ref":"node-11973903153"}},{"type":"Feature","id":"firepit-osm-node-11973903163","geometry":{"type":"Point","coordinates":[13.376841,65.325039]},"properties":{"name":"Bålplass","source":"OpenStreetMap","osm_ref":"node-11973903163"}},{"type":"Feature","id":"firepit-osm-node-11991999429","geometry":{"type":"Point","coordinates":[10.753741,59.971103]},"properties":{"name":"Bålplass","source":"OpenStreetMap","osm_ref":"node-11991999429"}},{"type":"Feature","id":"firepit-osm-node-11992118788","geometry":{"type":"Point","coordinates":[10.753366,59.969556]},"properties":{"name":"Bålplass","source":"OpenStreetMap","osm_ref":"node-11992118788"}},{"type":"Feature","id":"firepit-osm-node-12009390463","geometry":{"type":"Point","coordinates":[10.749113,59.969051]},"properties":{"name":"Bålplass","source":"OpenStreetMap","osm_ref":"node-12009390463"}},{"type":"Feature","id":"firepit-osm-node-12009647157","geometry":{"type":"Point","coordinates":[20.431837,69.303333]},"properties":{"name":"Bålplass","source":"OpenStreetMap","osm_ref":"node-12009647157"}},{"type":"Feature","id":"firepit-osm-node-12012137738","geometry":{"type":"Point","coordinates":[9.120624,61.209747]},"properties":{"name":"Bålplass","source":"OpenStreetMap","osm_ref":"node-12012137738"}},{"type":"Feature","id":"firepit-osm-node-12020171839","geometry":{"type":"Point","coordinates":[23.50608,69.793371]},"properties":{"name":"Bålplass","source":"OpenStreetMap","osm_ref":"node-12020171839"}},{"type":"Feature","id":"firepit-osm-node-12023349845","geometry":{"type":"Point","coordinates":[6.833504,60.47177]},"properties":{"name":"Bålplass","source":"OpenStreetMap","osm_ref":"node-12023349845"}},{"type":"Feature","id":"firepit-osm-node-12026435294","geometry":{"type":"Point","coordinates":[12.452676,65.895646]},"properties":{"name":"Bålplass","source":"OpenStreetMap","osm_ref":"node-12026435294"}},{"type":"Feature","id":"firepit-osm-node-12031057813","geometry":{"type":"Point","coordinates":[10.749617,59.971631]},"properties":{"name":"Bålplass","source":"OpenStreetMap","osm_ref":"node-12031057813"}},{"type":"Feature","id":"firepit-osm-node-12038315007","geometry":{"type":"Point","coordinates":[9.691595,59.648145]},"properties":{"name":"Bålplass","source":"OpenStreetMap","osm_ref":"node-12038315007"}},{"type":"Feature","id":"firepit-osm-node-12039294796","geometry":{"type":"Point","coordinates":[7.876708,60.49713]},"properties":{"name":"Bålplass","source":"OpenStreetMap","osm_ref":"node-12039294796"}},{"type":"Feature","id":"firepit-osm-node-12042379450","geometry":{"type":"Point","coordinates":[9.605569,59.67109]},"properties":{"name":"Bålplass","source":"OpenStreetMap","osm_ref":"node-12042379450"}},{"type":"Feature","id":"firepit-osm-node-12046599473","geometry":{"type":"Point","coordinates":[12.004598,60.181904]},"properties":{"name":"Bålplass","source":"OpenStreetMap","osm_ref":"node-12046599473"}},{"type":"Feature","id":"firepit-osm-node-12046626417","geometry":{"type":"Point","coordinates":[12.623906,65.989987]},"properties":{"name":"Bålplass","source":"OpenStreetMap","osm_ref":"node-12046626417"}},{"type":"Feature","id":"firepit-osm-node-12046626431","geometry":{"type":"Point","coordinates":[12.62647,65.989121]},"properties":{"name":"Bålplass","source":"OpenStreetMap","osm_ref":"node-12046626431"}},{"type":"Feature","id":"firepit-osm-node-12049889465","geometry":{"type":"Point","coordinates":[10.783331,59.862246]},"properties":{"name":"Bålplass","source":"OpenStreetMap","osm_ref":"node-12049889465"}},{"type":"Feature","id":"firepit-osm-node-12051616622","geometry":{"type":"Point","coordinates":[7.486046,62.329037]},"properties":{"name":"Bålplass","source":"OpenStreetMap","osm_ref":"node-12051616622"}},{"type":"Feature","id":"firepit-osm-node-12052952506","geometry":{"type":"Point","coordinates":[11.882374,62.415459]},"properties":{"name":"Bålplass","source":"OpenStreetMap","osm_ref":"node-12052952506"}},{"type":"Feature","id":"firepit-osm-node-12053005873","geometry":{"type":"Point","coordinates":[11.784529,62.475797]},"properties":{"name":"Bålplass","source":"OpenStreetMap","osm_ref":"node-12053005873"}},{"type":"Feature","id":"firepit-osm-node-12053005878","geometry":{"type":"Point","coordinates":[11.896619,62.47425]},"properties":{"name":"Bålplass","source":"OpenStreetMap","osm_ref":"node-12053005878"}},{"type":"Feature","id":"firepit-osm-node-12053005882","geometry":{"type":"Point","coordinates":[11.91769,62.434381]},"properties":{"name":"Bålplass","source":"OpenStreetMap","osm_ref":"node-12053005882"}},{"type":"Feature","id":"firepit-osm-node-12055102327","geometry":{"type":"Point","coordinates":[17.395538,68.728755]},"properties":{"name":"Bålplass","source":"OpenStreetMap","osm_ref":"node-12055102327"}},{"type":"Feature","id":"firepit-osm-node-12057457912","geometry":{"type":"Point","coordinates":[10.652218,59.830419]},"properties":{"name":"Bålplass","source":"OpenStreetMap","osm_ref":"node-12057457912"}},{"type":"Feature","id":"firepit-osm-node-12057928347","geometry":{"type":"Point","coordinates":[7.939423,58.59888]},"properties":{"name":"Bålplass","source":"OpenStreetMap","osm_ref":"node-12057928347"}},{"type":"Feature","id":"firepit-osm-node-12064570971","geometry":{"type":"Point","coordinates":[15.476221,66.764424]},"properties":{"name":"Bålplass","source":"OpenStreetMap","osm_ref":"node-12064570971"}},{"type":"Feature","id":"firepit-osm-node-12064572809","geometry":{"type":"Point","coordinates":[15.445178,67.132487]},"properties":{"name":"Bålplass","source":"OpenStreetMap","osm_ref":"node-12064572809"}},{"type":"Feature","id":"firepit-osm-node-12064606801","geometry":{"type":"Point","coordinates":[15.44463,67.133047]},"properties":{"name":"Bålplass","source":"OpenStreetMap","osm_ref":"node-12064606801"}},{"type":"Feature","id":"firepit-osm-node-12066378901","geometry":{"type":"Point","coordinates":[5.539375,59.699042]},"properties":{"name":"Bålplass","source":"OpenStreetMap","osm_ref":"node-12066378901"}},{"type":"Feature","id":"firepit-osm-node-12067622031","geometry":{"type":"Point","coordinates":[7.206452,62.903848]},"properties":{"name":"Bålplass","source":"OpenStreetMap","osm_ref":"node-12067622031"}},{"type":"Feature","id":"firepit-osm-node-12069334125","geometry":{"type":"Point","coordinates":[8.022008,63.308865]},"properties":{"name":"Bålplass","source":"OpenStreetMap","osm_ref":"node-12069334125"}},{"type":"Feature","id":"firepit-osm-node-12071953503","geometry":{"type":"Point","coordinates":[17.413231,68.447474]},"properties":{"name":"Bålplass","source":"OpenStreetMap","osm_ref":"node-12071953503"}},{"type":"Feature","id":"firepit-osm-node-12071965517","geometry":{"type":"Point","coordinates":[17.41875,68.447558]},"properties":{"name":"Bålplass","source":"OpenStreetMap","osm_ref":"node-12071965517"}},{"type":"Feature","id":"firepit-osm-node-12075137539","geometry":{"type":"Point","coordinates":[17.773855,68.418469]},"properties":{"name":"Bålplass","source":"OpenStreetMap","osm_ref":"node-12075137539"}},{"type":"Feature","id":"firepit-osm-node-12075163094","geometry":{"type":"Point","coordinates":[17.792064,68.410474]},"properties":{"name":"Bålplass","source":"OpenStreetMap","osm_ref":"node-12075163094"}},{"type":"Feature","id":"firepit-osm-node-12075392586","geometry":{"type":"Point","coordinates":[17.556077,68.194203]},"properties":{"name":"Bålplass","source":"OpenStreetMap","osm_ref":"node-12075392586"}},{"type":"Feature","id":"firepit-osm-node-12076647327","geometry":{"type":"Point","coordinates":[8.187829,61.904081]},"properties":{"name":"Bålplass","source":"OpenStreetMap","osm_ref":"node-12076647327"}},{"type":"Feature","id":"firepit-osm-node-12078486754","geometry":{"type":"Point","coordinates":[13.313781,68.142263]},"properties":{"name":"Bålplass","source":"OpenStreetMap","osm_ref":"node-12078486754"}},{"type":"Feature","id":"firepit-osm-node-12079691970","geometry":{"type":"Point","coordinates":[8.608887,62.444323]},"properties":{"name":"Bålplass","source":"OpenStreetMap","osm_ref":"node-12079691970"}},{"type":"Feature","id":"firepit-osm-node-12083693333","geometry":{"type":"Point","coordinates":[8.814483,60.531885]},"properties":{"name":"Bålplass","source":"OpenStreetMap","osm_ref":"node-12083693333"}},{"type":"Feature","id":"firepit-osm-node-12090393904","geometry":{"type":"Point","coordinates":[14.645353,68.243583]},"properties":{"name":"Bålplass","source":"OpenStreetMap","osm_ref":"node-12090393904"}},{"type":"Feature","id":"firepit-osm-node-12091728136","geometry":{"type":"Point","coordinates":[13.507068,68.091968]},"properties":{"name":"Bålplass","source":"OpenStreetMap","osm_ref":"node-12091728136"}},{"type":"Feature","id":"firepit-osm-node-12091863193","geometry":{"type":"Point","coordinates":[13.521935,68.09006]},"properties":{"name":"Bålplass","source":"OpenStreetMap","osm_ref":"node-12091863193"}},{"type":"Feature","id":"firepit-osm-node-12095082013","geometry":{"type":"Point","coordinates":[13.507209,68.211553]},"properties":{"name":"Bålplass","source":"OpenStreetMap","osm_ref":"node-12095082013"}},{"type":"Feature","id":"firepit-osm-node-12095209601","geometry":{"type":"Point","coordinates":[15.594998,68.880167]},"properties":{"name":"Bålplass","source":"OpenStreetMap","osm_ref":"node-12095209601"}},{"type":"Feature","id":"firepit-osm-node-12095228117","geometry":{"type":"Point","coordinates":[13.483163,68.200933]},"properties":{"name":"Bålplass","source":"OpenStreetMap","osm_ref":"node-12095228117"}},{"type":"Feature","id":"firepit-osm-node-12095229465","geometry":{"type":"Point","coordinates":[13.505397,68.209646]},"properties":{"name":"Bålplass","source":"OpenStreetMap","osm_ref":"node-12095229465"}},{"type":"Feature","id":"firepit-osm-node-12095232331","geometry":{"type":"Point","coordinates":[13.50243,68.209886]},"properties":{"name":"Bålplass","source":"OpenStreetMap","osm_ref":"node-12095232331"}},{"type":"Feature","id":"firepit-osm-node-12095439486","geometry":{"type":"Point","coordinates":[13.530842,68.197941]},"properties":{"name":"Bålplass","source":"OpenStreetMap","osm_ref":"node-12095439486"}},{"type":"Feature","id":"firepit-osm-node-12096779400","geometry":{"type":"Point","coordinates":[18.777596,69.696529]},"properties":{"name":"Bålplass","source":"OpenStreetMap","osm_ref":"node-12096779400"}},{"type":"Feature","id":"firepit-osm-node-12099503421","geometry":{"type":"Point","coordinates":[4.919619,60.494279]},"properties":{"name":"Bålplass","source":"OpenStreetMap","osm_ref":"node-12099503421"}},{"type":"Feature","id":"firepit-osm-node-12101379465","geometry":{"type":"Point","coordinates":[13.576257,68.276055]},"properties":{"name":"Bålplass","source":"OpenStreetMap","osm_ref":"node-12101379465"}},{"type":"Feature","id":"firepit-osm-node-12102796524","geometry":{"type":"Point","coordinates":[5.938602,58.89433]},"properties":{"name":"Bålplass","source":"OpenStreetMap","osm_ref":"node-12102796524"}},{"type":"Feature","id":"firepit-osm-node-12103993686","geometry":{"type":"Point","coordinates":[17.306684,69.449008]},"properties":{"name":"Bålplass","source":"OpenStreetMap","osm_ref":"node-12103993686"}},{"type":"Feature","id":"firepit-osm-node-12104624361","geometry":{"type":"Point","coordinates":[17.296905,69.44495]},"properties":{"name":"Bålplass","source":"OpenStreetMap","osm_ref":"node-12104624361"}},{"type":"Feature","id":"firepit-osm-node-12108649646","geometry":{"type":"Point","coordinates":[10.765476,59.956954]},"properties":{"name":"Bålplass","source":"OpenStreetMap","osm_ref":"node-12108649646"}},{"type":"Feature","id":"firepit-osm-node-12112670092","geometry":{"type":"Point","coordinates":[10.820973,59.901313]},"properties":{"name":"Bålplass","source":"OpenStreetMap","osm_ref":"node-12112670092"}},{"type":"Feature","id":"firepit-osm-node-12113379110","geometry":{"type":"Point","coordinates":[7.335822,59.760697]},"properties":{"name":"Bålplass","source":"OpenStreetMap","osm_ref":"node-12113379110"}},{"type":"Feature","id":"firepit-osm-node-12115361263","geometry":{"type":"Point","coordinates":[9.157287,60.574025]},"properties":{"name":"Bålplass","source":"OpenStreetMap","osm_ref":"node-12115361263"}},{"type":"Feature","id":"firepit-osm-node-12115361264","geometry":{"type":"Point","coordinates":[9.157157,60.580097]},"properties":{"name":"Bålplass","source":"OpenStreetMap","osm_ref":"node-12115361264"}},{"type":"Feature","id":"firepit-osm-node-12117147534","geometry":{"type":"Point","coordinates":[10.638399,59.79884]},"properties":{"name":"Bålplass","source":"OpenStreetMap","osm_ref":"node-12117147534"}},{"type":"Feature","id":"firepit-osm-node-12118139486","geometry":{"type":"Point","coordinates":[7.945202,58.183997]},"properties":{"name":"Bålplass","source":"OpenStreetMap","osm_ref":"node-12118139486"}},{"type":"Feature","id":"firepit-osm-node-12124886068","geometry":{"type":"Point","coordinates":[23.523362,69.983668]},"properties":{"name":"Bålplass","source":"OpenStreetMap","osm_ref":"node-12124886068"}},{"type":"Feature","id":"firepit-osm-node-12128351871","geometry":{"type":"Point","coordinates":[15.37088,68.035588]},"properties":{"name":"Bålplass","source":"OpenStreetMap","osm_ref":"node-12128351871"}},{"type":"Feature","id":"firepit-osm-node-12132127614","geometry":{"type":"Point","coordinates":[8.062483,63.461282]},"properties":{"name":"Bålplass","source":"OpenStreetMap","osm_ref":"node-12132127614"}},{"type":"Feature","id":"firepit-osm-node-12133094567","geometry":{"type":"Point","coordinates":[9.549344,63.224245]},"properties":{"name":"Bålplass","source":"OpenStreetMap","osm_ref":"node-12133094567"}},{"type":"Feature","id":"firepit-osm-node-12133094576","geometry":{"type":"Point","coordinates":[9.545571,63.231471]},"properties":{"name":"Bålplass","source":"OpenStreetMap","osm_ref":"node-12133094576"}},{"type":"Feature","id":"firepit-osm-node-12133909220","geometry":{"type":"Point","coordinates":[12.511883,60.152354]},"properties":{"name":"Bålplass","source":"OpenStreetMap","osm_ref":"node-12133909220"}},{"type":"Feature","id":"firepit-osm-node-12146642550","geometry":{"type":"Point","coordinates":[8.737999,59.788846]},"properties":{"name":"Bålplass","source":"OpenStreetMap","osm_ref":"node-12146642550"}},{"type":"Feature","id":"firepit-osm-node-12165257671","geometry":{"type":"Point","coordinates":[7.222322,62.758354]},"properties":{"name":"Bålplass","source":"OpenStreetMap","osm_ref":"node-12165257671"}},{"type":"Feature","id":"firepit-osm-node-12170037694","geometry":{"type":"Point","coordinates":[8.664391,62.654735]},"properties":{"name":"Bålplass","source":"OpenStreetMap","osm_ref":"node-12170037694"}},{"type":"Feature","id":"firepit-osm-node-12176110901","geometry":{"type":"Point","coordinates":[11.012859,59.300124]},"properties":{"name":"Bålplass","source":"OpenStreetMap","osm_ref":"node-12176110901"}},{"type":"Feature","id":"firepit-osm-node-12176122547","geometry":{"type":"Point","coordinates":[10.074567,61.67436]},"properties":{"name":"Bålplass","source":"OpenStreetMap","osm_ref":"node-12176122547"}},{"type":"Feature","id":"firepit-osm-node-12179174737","geometry":{"type":"Point","coordinates":[11.193132,64.275215]},"properties":{"name":"Bålplass","source":"OpenStreetMap","osm_ref":"node-12179174737"}},{"type":"Feature","id":"firepit-osm-node-12181471841","geometry":{"type":"Point","coordinates":[10.820532,59.778518]},"properties":{"name":"Bålplass","source":"OpenStreetMap","osm_ref":"node-12181471841"}},{"type":"Feature","id":"firepit-osm-node-12190143821","geometry":{"type":"Point","coordinates":[9.497169,60.457592]},"properties":{"name":"Bålplass","source":"OpenStreetMap","osm_ref":"node-12190143821"}},{"type":"Feature","id":"firepit-osm-node-12194386060","geometry":{"type":"Point","coordinates":[29.371561,69.692358]},"properties":{"name":"Bålplass","source":"OpenStreetMap","osm_ref":"node-12194386060"}},{"type":"Feature","id":"firepit-osm-node-12212570714","geometry":{"type":"Point","coordinates":[18.936162,69.660502]},"properties":{"name":"Bålplass","source":"OpenStreetMap","osm_ref":"node-12212570714"}},{"type":"Feature","id":"firepit-osm-node-12228278904","geometry":{"type":"Point","coordinates":[10.938707,59.874332]},"properties":{"name":"Bålplass","source":"OpenStreetMap","osm_ref":"node-12228278904"}},{"type":"Feature","id":"firepit-osm-node-12248495595","geometry":{"type":"Point","coordinates":[5.758072,58.86182]},"properties":{"name":"Bålplass","source":"OpenStreetMap","osm_ref":"node-12248495595"}},{"type":"Feature","id":"firepit-osm-node-12273443521","geometry":{"type":"Point","coordinates":[11.501645,58.93268]},"properties":{"name":"Bålplass","source":"OpenStreetMap","osm_ref":"node-12273443521"}},{"type":"Feature","id":"firepit-osm-node-12279150600","geometry":{"type":"Point","coordinates":[10.271625,60.154454]},"properties":{"name":"Bålplass","source":"OpenStreetMap","osm_ref":"node-12279150600"}},{"type":"Feature","id":"firepit-osm-node-12325648921","geometry":{"type":"Point","coordinates":[10.836147,63.380292]},"properties":{"name":"Bålplass","source":"OpenStreetMap","osm_ref":"node-12325648921"}},{"type":"Feature","id":"firepit-osm-node-12325674553","geometry":{"type":"Point","coordinates":[10.841181,63.379418]},"properties":{"name":"Bålplass","source":"OpenStreetMap","osm_ref":"node-12325674553"}},{"type":"Feature","id":"firepit-osm-node-12325674554","geometry":{"type":"Point","coordinates":[10.847597,63.379092]},"properties":{"name":"Bålplass","source":"OpenStreetMap","osm_ref":"node-12325674554"}},{"type":"Feature","id":"firepit-osm-node-12350628519","geometry":{"type":"Point","coordinates":[10.401458,59.252516]},"properties":{"name":"Bålplass","source":"OpenStreetMap","osm_ref":"node-12350628519"}},{"type":"Feature","id":"firepit-osm-node-12358345851","geometry":{"type":"Point","coordinates":[7.773352,63.397381]},"properties":{"name":"Bålplass","source":"OpenStreetMap","osm_ref":"node-12358345851"}},{"type":"Feature","id":"firepit-osm-node-12404764898","geometry":{"type":"Point","coordinates":[5.793334,58.8794]},"properties":{"name":"Bålplass","source":"OpenStreetMap","osm_ref":"node-12404764898"}},{"type":"Feature","id":"firepit-osm-node-12404764899","geometry":{"type":"Point","coordinates":[5.793202,58.880333]},"properties":{"name":"Bålplass","source":"OpenStreetMap","osm_ref":"node-12404764899"}},{"type":"Feature","id":"firepit-osm-node-12453149919","geometry":{"type":"Point","coordinates":[4.961868,60.419136]},"properties":{"name":"Bålplass","source":"OpenStreetMap","osm_ref":"node-12453149919"}},{"type":"Feature","id":"firepit-osm-node-12511028521","geometry":{"type":"Point","coordinates":[10.866972,60.048897]},"properties":{"name":"Bålplass","source":"OpenStreetMap","osm_ref":"node-12511028521"}},{"type":"Feature","id":"firepit-osm-node-12516814731","geometry":{"type":"Point","coordinates":[6.17599,62.496956]},"properties":{"name":"Bålplass","source":"OpenStreetMap","osm_ref":"node-12516814731"}},{"type":"Feature","id":"firepit-osm-node-12516814743","geometry":{"type":"Point","coordinates":[6.172467,62.494338]},"properties":{"name":"Bålplass","source":"OpenStreetMap","osm_ref":"node-12516814743"}},{"type":"Feature","id":"firepit-osm-node-12552554571","geometry":{"type":"Point","coordinates":[17.771772,68.869553]},"properties":{"name":"Bålplass","source":"OpenStreetMap","osm_ref":"node-12552554571"}},{"type":"Feature","id":"firepit-osm-node-12592618594","geometry":{"type":"Point","coordinates":[5.355156,60.290141]},"properties":{"name":"Bålplass","source":"OpenStreetMap","osm_ref":"node-12592618594"}},{"type":"Feature","id":"firepit-osm-node-12593532536","geometry":{"type":"Point","coordinates":[5.793778,58.877583]},"properties":{"name":"Bålplass","source":"OpenStreetMap","osm_ref":"node-12593532536"}},{"type":"Feature","id":"firepit-osm-node-12600297041","geometry":{"type":"Point","coordinates":[8.708823,60.830521]},"properties":{"name":"Bålplass","source":"OpenStreetMap","osm_ref":"node-12600297041"}},{"type":"Feature","id":"firepit-osm-node-12613296958","geometry":{"type":"Point","coordinates":[6.450502,62.451616]},"properties":{"name":"Bålplass","source":"OpenStreetMap","osm_ref":"node-12613296958"}},{"type":"Feature","id":"firepit-osm-node-12621410904","geometry":{"type":"Point","coordinates":[18.968134,69.010849]},"properties":{"name":"Bålplass","source":"OpenStreetMap","osm_ref":"node-12621410904"}},{"type":"Feature","id":"firepit-osm-node-12627988872","geometry":{"type":"Point","coordinates":[9.508925,60.192426]},"properties":{"name":"Bålplass","source":"OpenStreetMap","osm_ref":"node-12627988872"}},{"type":"Feature","id":"firepit-osm-node-12638338530","geometry":{"type":"Point","coordinates":[10.424573,59.234156]},"properties":{"name":"Bålplass","source":"OpenStreetMap","osm_ref":"node-12638338530"}},{"type":"Feature","id":"firepit-osm-node-12652061347","geometry":{"type":"Point","coordinates":[10.938161,59.972196]},"properties":{"name":"Bålplass","source":"OpenStreetMap","osm_ref":"node-12652061347"}},{"type":"Feature","id":"firepit-osm-node-12670868587","geometry":{"type":"Point","coordinates":[5.762414,58.863642]},"properties":{"name":"Bålplass","source":"OpenStreetMap","osm_ref":"node-12670868587"}},{"type":"Feature","id":"firepit-osm-node-12718674213","geometry":{"type":"Point","coordinates":[10.776944,59.92278]},"properties":{"name":"Bålplass","source":"OpenStreetMap","osm_ref":"node-12718674213"}},{"type":"Feature","id":"firepit-osm-node-12725011339","geometry":{"type":"Point","coordinates":[9.936727,63.118109]},"properties":{"name":"Bålplass","source":"OpenStreetMap","osm_ref":"node-12725011339"}},{"type":"Feature","id":"firepit-osm-node-12732677060","geometry":{"type":"Point","coordinates":[15.468724,66.784077]},"properties":{"name":"Bålplass","source":"OpenStreetMap","osm_ref":"node-12732677060"}},{"type":"Feature","id":"firepit-osm-node-12736305718","geometry":{"type":"Point","coordinates":[12.060149,60.067884]},"properties":{"name":"Bålplass","source":"OpenStreetMap","osm_ref":"node-12736305718"}},{"type":"Feature","id":"firepit-osm-node-12753125825","geometry":{"type":"Point","coordinates":[10.687414,59.844993]},"properties":{"name":"Bålplass","source":"OpenStreetMap","osm_ref":"node-12753125825"}},{"type":"Feature","id":"firepit-osm-node-12776822913","geometry":{"type":"Point","coordinates":[10.677227,59.792832]},"properties":{"name":"Bålplass","source":"OpenStreetMap","osm_ref":"node-12776822913"}},{"type":"Feature","id":"firepit-osm-node-12803094197","geometry":{"type":"Point","coordinates":[10.615475,59.747888]},"properties":{"name":"Bålplass","source":"OpenStreetMap","osm_ref":"node-12803094197"}},{"type":"Feature","id":"firepit-osm-node-12809613907","geometry":{"type":"Point","coordinates":[10.937728,59.963455]},"properties":{"name":"Bålplass","source":"OpenStreetMap","osm_ref":"node-12809613907"}},{"type":"Feature","id":"firepit-osm-node-12836680421","geometry":{"type":"Point","coordinates":[5.597706,60.616009]},"properties":{"name":"Bålplass","source":"OpenStreetMap","osm_ref":"node-12836680421"}},{"type":"Feature","id":"firepit-osm-node-12844459292","geometry":{"type":"Point","coordinates":[10.949945,59.956627]},"properties":{"name":"Bålplass","source":"OpenStreetMap","osm_ref":"node-12844459292"}},{"type":"Feature","id":"firepit-osm-node-12844543730","geometry":{"type":"Point","coordinates":[10.951615,59.960569]},"properties":{"name":"Bålplass","source":"OpenStreetMap","osm_ref":"node-12844543730"}},{"type":"Feature","id":"firepit-osm-node-12850109189","geometry":{"type":"Point","coordinates":[7.204494,62.760726]},"properties":{"name":"Bålplass","source":"OpenStreetMap","osm_ref":"node-12850109189"}},{"type":"Feature","id":"firepit-osm-node-12850493525","geometry":{"type":"Point","coordinates":[12.126224,59.984499]},"properties":{"name":"Bålplass","source":"OpenStreetMap","osm_ref":"node-12850493525"}},{"type":"Feature","id":"firepit-osm-node-12906295500","geometry":{"type":"Point","coordinates":[10.888483,59.992719]},"properties":{"name":"Bålplass","source":"OpenStreetMap","osm_ref":"node-12906295500"}},{"type":"Feature","id":"firepit-osm-node-12918234494","geometry":{"type":"Point","coordinates":[5.757016,58.863754]},"properties":{"name":"Bålplass","source":"OpenStreetMap","osm_ref":"node-12918234494"}},{"type":"Feature","id":"firepit-osm-node-12922093223","geometry":{"type":"Point","coordinates":[11.685866,60.25215]},"properties":{"name":"Bålplass","source":"OpenStreetMap","osm_ref":"node-12922093223"}},{"type":"Feature","id":"firepit-osm-node-12925739316","geometry":{"type":"Point","coordinates":[5.882261,58.954854]},"properties":{"name":"Bålplass","source":"OpenStreetMap","osm_ref":"node-12925739316"}},{"type":"Feature","id":"firepit-osm-node-12945300283","geometry":{"type":"Point","coordinates":[7.303818,58.782162]},"properties":{"name":"Bålplass","source":"OpenStreetMap","osm_ref":"node-12945300283"}},{"type":"Feature","id":"firepit-osm-node-12945397863","geometry":{"type":"Point","coordinates":[10.257298,60.447792]},"properties":{"name":"Bålplass","source":"OpenStreetMap","osm_ref":"node-12945397863"}},{"type":"Feature","id":"firepit-osm-node-12954396425","geometry":{"type":"Point","coordinates":[11.799371,65.669148]},"properties":{"name":"Bålplass","source":"OpenStreetMap","osm_ref":"node-12954396425"}},{"type":"Feature","id":"firepit-osm-node-12971669019","geometry":{"type":"Point","coordinates":[11.257162,59.957593]},"properties":{"name":"Bålplass","source":"OpenStreetMap","osm_ref":"node-12971669019"}},{"type":"Feature","id":"firepit-osm-node-12993222467","geometry":{"type":"Point","coordinates":[12.245345,63.661498]},"properties":{"name":"Bålplass","source":"OpenStreetMap","osm_ref":"node-12993222467"}},{"type":"Feature","id":"firepit-osm-node-12993222494","geometry":{"type":"Point","coordinates":[12.244855,63.658724]},"properties":{"name":"Bålplass","source":"OpenStreetMap","osm_ref":"node-12993222494"}},{"type":"Feature","id":"firepit-osm-node-12993222501","geometry":{"type":"Point","coordinates":[12.245117,63.655767]},"properties":{"name":"Bålplass","source":"OpenStreetMap","osm_ref":"node-12993222501"}},{"type":"Feature","id":"firepit-osm-node-12995815456","geometry":{"type":"Point","coordinates":[10.291947,59.60965]},"properties":{"name":"Bålplass","source":"OpenStreetMap","osm_ref":"node-12995815456"}},{"type":"Feature","id":"firepit-osm-node-12996132167","geometry":{"type":"Point","coordinates":[9.995251,59.773805]},"properties":{"name":"Bålplass","source":"OpenStreetMap","osm_ref":"node-12996132167"}},{"type":"Feature","id":"firepit-osm-node-13006213561","geometry":{"type":"Point","coordinates":[10.757539,59.935867]},"properties":{"name":"Bålplass","source":"OpenStreetMap","osm_ref":"node-13006213561"}},{"type":"Feature","id":"firepit-osm-node-13006350899","geometry":{"type":"Point","coordinates":[9.741823,62.989292]},"properties":{"name":"Bålplass","source":"OpenStreetMap","osm_ref":"node-13006350899"}},{"type":"Feature","id":"firepit-osm-node-13007279781","geometry":{"type":"Point","coordinates":[10.883184,59.981436]},"properties":{"name":"Bålplass","source":"OpenStreetMap","osm_ref":"node-13007279781"}},{"type":"Feature","id":"firepit-osm-node-13009436322","geometry":{"type":"Point","coordinates":[5.628028,60.206551]},"properties":{"name":"Bålplass","source":"OpenStreetMap","osm_ref":"node-13009436322"}},{"type":"Feature","id":"firepit-osm-node-13012307271","geometry":{"type":"Point","coordinates":[10.280328,59.614123]},"properties":{"name":"Bålplass","source":"OpenStreetMap","osm_ref":"node-13012307271"}},{"type":"Feature","id":"firepit-osm-node-13012339610","geometry":{"type":"Point","coordinates":[10.285561,59.612557]},"properties":{"name":"Bålplass","source":"OpenStreetMap","osm_ref":"node-13012339610"}},{"type":"Feature","id":"firepit-osm-node-13013676391","geometry":{"type":"Point","coordinates":[12.222502,62.332996]},"properties":{"name":"Bålplass","source":"OpenStreetMap","osm_ref":"node-13013676391"}},{"type":"Feature","id":"firepit-osm-node-13013701908","geometry":{"type":"Point","coordinates":[12.153514,62.310838]},"properties":{"name":"Bålplass","source":"OpenStreetMap","osm_ref":"node-13013701908"}},{"type":"Feature","id":"firepit-osm-node-13014479509","geometry":{"type":"Point","coordinates":[10.359794,59.260415]},"properties":{"name":"Bålplass","source":"OpenStreetMap","osm_ref":"node-13014479509"}},{"type":"Feature","id":"firepit-osm-node-13014479526","geometry":{"type":"Point","coordinates":[10.348962,59.260075]},"properties":{"name":"Bålplass","source":"OpenStreetMap","osm_ref":"node-13014479526"}},{"type":"Feature","id":"firepit-osm-node-13014479528","geometry":{"type":"Point","coordinates":[10.347745,59.260347]},"properties":{"name":"Bålplass","source":"OpenStreetMap","osm_ref":"node-13014479528"}},{"type":"Feature","id":"firepit-osm-node-13014479658","geometry":{"type":"Point","coordinates":[10.357092,59.268161]},"properties":{"name":"Bålplass","source":"OpenStreetMap","osm_ref":"node-13014479658"}},{"type":"Feature","id":"firepit-osm-node-13014985552","geometry":{"type":"Point","coordinates":[12.11904,62.312922]},"properties":{"name":"Bålplass","source":"OpenStreetMap","osm_ref":"node-13014985552"}},{"type":"Feature","id":"firepit-osm-node-13014985553","geometry":{"type":"Point","coordinates":[12.101799,62.317018]},"properties":{"name":"Bålplass","source":"OpenStreetMap","osm_ref":"node-13014985553"}},{"type":"Feature","id":"firepit-osm-node-13014985555","geometry":{"type":"Point","coordinates":[12.096555,62.32225]},"properties":{"name":"Bålplass","source":"OpenStreetMap","osm_ref":"node-13014985555"}},{"type":"Feature","id":"firepit-osm-node-13014985556","geometry":{"type":"Point","coordinates":[12.079176,62.328629]},"properties":{"name":"Bålplass","source":"OpenStreetMap","osm_ref":"node-13014985556"}},{"type":"Feature","id":"firepit-osm-node-13014985558","geometry":{"type":"Point","coordinates":[12.120202,62.313672]},"properties":{"name":"Bålplass","source":"OpenStreetMap","osm_ref":"node-13014985558"}},{"type":"Feature","id":"firepit-osm-node-13014985561","geometry":{"type":"Point","coordinates":[12.095169,62.321745]},"properties":{"name":"Bålplass","source":"OpenStreetMap","osm_ref":"node-13014985561"}},{"type":"Feature","id":"firepit-osm-node-13014985564","geometry":{"type":"Point","coordinates":[12.116656,62.313569]},"properties":{"name":"Bålplass","source":"OpenStreetMap","osm_ref":"node-13014985564"}},{"type":"Feature","id":"firepit-osm-node-13015006056","geometry":{"type":"Point","coordinates":[12.142086,62.31082]},"properties":{"name":"Bålplass","source":"OpenStreetMap","osm_ref":"node-13015006056"}},{"type":"Feature","id":"firepit-osm-node-13015026522","geometry":{"type":"Point","coordinates":[12.146943,62.311506]},"properties":{"name":"Bålplass","source":"OpenStreetMap","osm_ref":"node-13015026522"}},{"type":"Feature","id":"firepit-osm-node-13015026531","geometry":{"type":"Point","coordinates":[12.123318,62.310129]},"properties":{"name":"Bålplass","source":"OpenStreetMap","osm_ref":"node-13015026531"}},{"type":"Feature","id":"firepit-osm-node-13015026552","geometry":{"type":"Point","coordinates":[12.124347,62.309675]},"properties":{"name":"Bålplass","source":"OpenStreetMap","osm_ref":"node-13015026552"}},{"type":"Feature","id":"firepit-osm-node-13015138620","geometry":{"type":"Point","coordinates":[12.060073,62.33988]},"properties":{"name":"Bålplass","source":"OpenStreetMap","osm_ref":"node-13015138620"}},{"type":"Feature","id":"firepit-osm-node-13015796257","geometry":{"type":"Point","coordinates":[12.095725,62.420504]},"properties":{"name":"Bålplass","source":"OpenStreetMap","osm_ref":"node-13015796257"}},{"type":"Feature","id":"firepit-osm-node-13015796349","geometry":{"type":"Point","coordinates":[12.105718,62.424147]},"properties":{"name":"Bålplass","source":"OpenStreetMap","osm_ref":"node-13015796349"}},{"type":"Feature","id":"firepit-osm-node-13015832485","geometry":{"type":"Point","coordinates":[11.936518,62.428718]},"properties":{"name":"Bålplass","source":"OpenStreetMap","osm_ref":"node-13015832485"}},{"type":"Feature","id":"firepit-osm-node-13015832487","geometry":{"type":"Point","coordinates":[11.917207,62.435955]},"properties":{"name":"Bålplass","source":"OpenStreetMap","osm_ref":"node-13015832487"}},{"type":"Feature","id":"firepit-osm-node-13015832497","geometry":{"type":"Point","coordinates":[11.937067,62.426757]},"properties":{"name":"Bålplass","source":"OpenStreetMap","osm_ref":"node-13015832497"}},{"type":"Feature","id":"firepit-osm-node-13016065298","geometry":{"type":"Point","coordinates":[10.364943,59.250222]},"properties":{"name":"Bålplass","source":"OpenStreetMap","osm_ref":"node-13016065298"}},{"type":"Feature","id":"firepit-osm-node-13028193561","geometry":{"type":"Point","coordinates":[10.26055,63.378293]},"properties":{"name":"Bålplass","source":"OpenStreetMap","osm_ref":"node-13028193561"}},{"type":"Feature","id":"firepit-osm-node-13033642804","geometry":{"type":"Point","coordinates":[24.353257,70.351702]},"properties":{"name":"Bålplass","source":"OpenStreetMap","osm_ref":"node-13033642804"}},{"type":"Feature","id":"firepit-osm-node-13041867675","geometry":{"type":"Point","coordinates":[15.521849,68.78045]},"properties":{"name":"Bålplass","source":"OpenStreetMap","osm_ref":"node-13041867675"}},{"type":"Feature","id":"firepit-osm-node-13042528509","geometry":{"type":"Point","coordinates":[10.715415,63.616202]},"properties":{"name":"Bålplass","source":"OpenStreetMap","osm_ref":"node-13042528509"}},{"type":"Feature","id":"firepit-osm-node-13046518661","geometry":{"type":"Point","coordinates":[17.234409,69.414008]},"properties":{"name":"Bålplass","source":"OpenStreetMap","osm_ref":"node-13046518661"}},{"type":"Feature","id":"firepit-osm-node-13048026199","geometry":{"type":"Point","coordinates":[5.366642,60.312042]},"properties":{"name":"Bålplass","source":"OpenStreetMap","osm_ref":"node-13048026199"}},{"type":"Feature","id":"firepit-osm-node-13056571589","geometry":{"type":"Point","coordinates":[6.064765,60.025563]},"properties":{"name":"Bålplass","source":"OpenStreetMap","osm_ref":"node-13056571589"}},{"type":"Feature","id":"firepit-osm-node-13056822767","geometry":{"type":"Point","coordinates":[10.90643,59.973566]},"properties":{"name":"Bålplass","source":"OpenStreetMap","osm_ref":"node-13056822767"}},{"type":"Feature","id":"firepit-osm-node-13063318160","geometry":{"type":"Point","coordinates":[11.921359,62.432636]},"properties":{"name":"Bålplass","source":"OpenStreetMap","osm_ref":"node-13063318160"}},{"type":"Feature","id":"firepit-osm-node-13063353289","geometry":{"type":"Point","coordinates":[12.134588,62.309482]},"properties":{"name":"Bålplass","source":"OpenStreetMap","osm_ref":"node-13063353289"}},{"type":"Feature","id":"firepit-osm-node-13063367954","geometry":{"type":"Point","coordinates":[11.925405,62.422735]},"properties":{"name":"Bålplass","source":"OpenStreetMap","osm_ref":"node-13063367954"}},{"type":"Feature","id":"firepit-osm-node-13063369135","geometry":{"type":"Point","coordinates":[12.107362,62.31536]},"properties":{"name":"Bålplass","source":"OpenStreetMap","osm_ref":"node-13063369135"}},{"type":"Feature","id":"firepit-osm-node-13063371688","geometry":{"type":"Point","coordinates":[12.008752,62.416669]},"properties":{"name":"Bålplass","source":"OpenStreetMap","osm_ref":"node-13063371688"}},{"type":"Feature","id":"firepit-osm-node-13063374862","geometry":{"type":"Point","coordinates":[12.159926,62.312768]},"properties":{"name":"Bålplass","source":"OpenStreetMap","osm_ref":"node-13063374862"}},{"type":"Feature","id":"firepit-osm-node-13063378276","geometry":{"type":"Point","coordinates":[11.945329,62.421971]},"properties":{"name":"Bålplass","source":"OpenStreetMap","osm_ref":"node-13063378276"}},{"type":"Feature","id":"firepit-osm-node-13077671233","geometry":{"type":"Point","coordinates":[7.83808,63.077252]},"properties":{"name":"Bålplass","source":"OpenStreetMap","osm_ref":"node-13077671233"}},{"type":"Feature","id":"firepit-osm-node-13077671234","geometry":{"type":"Point","coordinates":[7.840635,63.080973]},"properties":{"name":"Bålplass","source":"OpenStreetMap","osm_ref":"node-13077671234"}},{"type":"Feature","id":"firepit-osm-node-13082002873","geometry":{"type":"Point","coordinates":[25.982693,70.986374]},"properties":{"name":"Bålplass","source":"OpenStreetMap","osm_ref":"node-13082002873"}},{"type":"Feature","id":"firepit-osm-node-13082418287","geometry":{"type":"Point","coordinates":[8.533851,60.973604]},"properties":{"name":"Bålplass","source":"OpenStreetMap","osm_ref":"node-13082418287"}},{"type":"Feature","id":"firepit-osm-node-13092049613","geometry":{"type":"Point","coordinates":[10.92088,59.949122]},"properties":{"name":"Bålplass","source":"OpenStreetMap","osm_ref":"node-13092049613"}},{"type":"Feature","id":"firepit-osm-node-13093000078","geometry":{"type":"Point","coordinates":[10.242686,60.431631]},"properties":{"name":"Bålplass","source":"OpenStreetMap","osm_ref":"node-13093000078"}},{"type":"Feature","id":"firepit-osm-node-13093009082","geometry":{"type":"Point","coordinates":[10.231689,60.436504]},"properties":{"name":"Bålplass","source":"OpenStreetMap","osm_ref":"node-13093009082"}},{"type":"Feature","id":"firepit-osm-node-13093009767","geometry":{"type":"Point","coordinates":[10.238139,60.432787]},"properties":{"name":"Bålplass","source":"OpenStreetMap","osm_ref":"node-13093009767"}},{"type":"Feature","id":"firepit-osm-node-13093022283","geometry":{"type":"Point","coordinates":[10.237348,60.433121]},"properties":{"name":"Bålplass","source":"OpenStreetMap","osm_ref":"node-13093022283"}},{"type":"Feature","id":"firepit-osm-node-13093037679","geometry":{"type":"Point","coordinates":[10.246892,60.451833]},"properties":{"name":"Bålplass","source":"OpenStreetMap","osm_ref":"node-13093037679"}},{"type":"Feature","id":"firepit-osm-node-13093042534","geometry":{"type":"Point","coordinates":[10.236481,60.434554]},"properties":{"name":"Bålplass","source":"OpenStreetMap","osm_ref":"node-13093042534"}},{"type":"Feature","id":"firepit-osm-node-13093045322","geometry":{"type":"Point","coordinates":[10.24355,60.438995]},"properties":{"name":"Bålplass","source":"OpenStreetMap","osm_ref":"node-13093045322"}},{"type":"Feature","id":"firepit-osm-node-13093049866","geometry":{"type":"Point","coordinates":[10.230748,60.436822]},"properties":{"name":"Bålplass","source":"OpenStreetMap","osm_ref":"node-13093049866"}},{"type":"Feature","id":"firepit-osm-node-13093051560","geometry":{"type":"Point","coordinates":[10.242716,60.432197]},"properties":{"name":"Bålplass","source":"OpenStreetMap","osm_ref":"node-13093051560"}},{"type":"Feature","id":"firepit-osm-node-13093163857","geometry":{"type":"Point","coordinates":[13.241216,68.102698]},"properties":{"name":"Bålplass","source":"OpenStreetMap","osm_ref":"node-13093163857"}},{"type":"Feature","id":"firepit-osm-node-13093173141","geometry":{"type":"Point","coordinates":[12.288843,59.955317]},"properties":{"name":"Bålplass","source":"OpenStreetMap","osm_ref":"node-13093173141"}},{"type":"Feature","id":"firepit-osm-node-13094336413","geometry":{"type":"Point","coordinates":[10.879784,59.773331]},"properties":{"name":"Bålplass","source":"OpenStreetMap","osm_ref":"node-13094336413"}},{"type":"Feature","id":"firepit-osm-node-13094406326","geometry":{"type":"Point","coordinates":[11.594796,59.585708]},"properties":{"name":"Bålplass","source":"OpenStreetMap","osm_ref":"node-13094406326"}},{"type":"Feature","id":"firepit-osm-node-13094467915","geometry":{"type":"Point","coordinates":[10.23028,60.438981]},"properties":{"name":"Bålplass","source":"OpenStreetMap","osm_ref":"node-13094467915"}},{"type":"Feature","id":"firepit-osm-node-13094536276","geometry":{"type":"Point","coordinates":[10.248877,60.455243]},"properties":{"name":"Bålplass","source":"OpenStreetMap","osm_ref":"node-13094536276"}},{"type":"Feature","id":"firepit-osm-node-13096885469","geometry":{"type":"Point","coordinates":[13.638107,68.154082]},"properties":{"name":"Bålplass","source":"OpenStreetMap","osm_ref":"node-13096885469"}},{"type":"Feature","id":"firepit-osm-node-13100496998","geometry":{"type":"Point","coordinates":[10.505599,61.114476]},"properties":{"name":"Bålplass","source":"OpenStreetMap","osm_ref":"node-13100496998"}},{"type":"Feature","id":"firepit-osm-node-13110074767","geometry":{"type":"Point","coordinates":[18.998795,69.638479]},"properties":{"name":"Bålplass","source":"OpenStreetMap","osm_ref":"node-13110074767"}},{"type":"Feature","id":"firepit-osm-node-13110150354","geometry":{"type":"Point","coordinates":[10.466798,63.376925]},"properties":{"name":"Bålplass","source":"OpenStreetMap","osm_ref":"node-13110150354"}},{"type":"Feature","id":"firepit-osm-node-13111091514","geometry":{"type":"Point","coordinates":[10.262571,59.611577]},"properties":{"name":"Bålplass","source":"OpenStreetMap","osm_ref":"node-13111091514"}},{"type":"Feature","id":"firepit-osm-node-13111091810","geometry":{"type":"Point","coordinates":[10.280402,59.619333]},"properties":{"name":"Bålplass","source":"OpenStreetMap","osm_ref":"node-13111091810"}},{"type":"Feature","id":"firepit-osm-node-13115961636","geometry":{"type":"Point","coordinates":[10.621697,59.811903]},"properties":{"name":"Bålplass","source":"OpenStreetMap","osm_ref":"node-13115961636"}},{"type":"Feature","id":"firepit-osm-node-13116657092","geometry":{"type":"Point","coordinates":[13.58035,68.16643]},"properties":{"name":"Bålplass","source":"OpenStreetMap","osm_ref":"node-13116657092"}},{"type":"Feature","id":"firepit-osm-node-13130659073","geometry":{"type":"Point","coordinates":[10.845319,63.356539]},"properties":{"name":"Bålplass","source":"OpenStreetMap","osm_ref":"node-13130659073"}},{"type":"Feature","id":"firepit-osm-node-13130694923","geometry":{"type":"Point","coordinates":[10.837774,63.35698]},"properties":{"name":"Bålplass","source":"OpenStreetMap","osm_ref":"node-13130694923"}},{"type":"Feature","id":"firepit-osm-node-13130700292","geometry":{"type":"Point","coordinates":[10.841046,63.356932]},"properties":{"name":"Bålplass","source":"OpenStreetMap","osm_ref":"node-13130700292"}},{"type":"Feature","id":"firepit-osm-node-13136132915","geometry":{"type":"Point","coordinates":[9.849833,63.271261]},"properties":{"name":"Bålplass","source":"OpenStreetMap","osm_ref":"node-13136132915"}},{"type":"Feature","id":"firepit-osm-node-13161554546","geometry":{"type":"Point","coordinates":[10.467275,63.28244]},"properties":{"name":"Bålplass","source":"OpenStreetMap","osm_ref":"node-13161554546"}},{"type":"Feature","id":"firepit-osm-node-13184360028","geometry":{"type":"Point","coordinates":[10.791671,59.915615]},"properties":{"name":"Bålplass","source":"OpenStreetMap","osm_ref":"node-13184360028"}},{"type":"Feature","id":"firepit-osm-node-13190513320","geometry":{"type":"Point","coordinates":[9.178666,60.331066]},"properties":{"name":"Bålplass","source":"OpenStreetMap","osm_ref":"node-13190513320"}},{"type":"Feature","id":"firepit-osm-node-13202449833","geometry":{"type":"Point","coordinates":[10.742552,63.599524]},"properties":{"name":"Bålplass","source":"OpenStreetMap","osm_ref":"node-13202449833"}},{"type":"Feature","id":"firepit-osm-node-13203794389","geometry":{"type":"Point","coordinates":[29.866443,70.128484]},"properties":{"name":"Bålplass","source":"OpenStreetMap","osm_ref":"node-13203794389"}},{"type":"Feature","id":"firepit-osm-node-13208558248","geometry":{"type":"Point","coordinates":[9.288414,59.82692]},"properties":{"name":"Bålplass","source":"OpenStreetMap","osm_ref":"node-13208558248"}},{"type":"Feature","id":"firepit-osm-node-13226801019","geometry":{"type":"Point","coordinates":[10.75494,63.606426]},"properties":{"name":"Bålplass","source":"OpenStreetMap","osm_ref":"node-13226801019"}},{"type":"Feature","id":"firepit-osm-node-13232498933","geometry":{"type":"Point","coordinates":[7.47933,58.813919]},"properties":{"name":"Bålplass","source":"OpenStreetMap","osm_ref":"node-13232498933"}},{"type":"Feature","id":"firepit-osm-node-13243306631","geometry":{"type":"Point","coordinates":[10.253642,59.584342]},"properties":{"name":"Bålplass","source":"OpenStreetMap","osm_ref":"node-13243306631"}},{"type":"Feature","id":"firepit-osm-node-13249568576","geometry":{"type":"Point","coordinates":[13.82333,68.213894]},"properties":{"name":"Bålplass","source":"OpenStreetMap","osm_ref":"node-13249568576"}},{"type":"Feature","id":"firepit-osm-node-13249633216","geometry":{"type":"Point","coordinates":[13.75641,68.18681]},"properties":{"name":"Bålplass","source":"OpenStreetMap","osm_ref":"node-13249633216"}},{"type":"Feature","id":"firepit-osm-node-13250634052","geometry":{"type":"Point","coordinates":[10.257704,59.566203]},"properties":{"name":"Bålplass","source":"OpenStreetMap","osm_ref":"node-13250634052"}},{"type":"Feature","id":"firepit-osm-node-13257427582","geometry":{"type":"Point","coordinates":[10.863164,59.800087]},"properties":{"name":"Bålplass","source":"OpenStreetMap","osm_ref":"node-13257427582"}},{"type":"Feature","id":"firepit-osm-node-13257961251","geometry":{"type":"Point","coordinates":[10.861683,59.803097]},"properties":{"name":"Bålplass","source":"OpenStreetMap","osm_ref":"node-13257961251"}},{"type":"Feature","id":"firepit-osm-node-13275263067","geometry":{"type":"Point","coordinates":[10.60901,59.986824]},"properties":{"name":"Bålplass","source":"OpenStreetMap","osm_ref":"node-13275263067"}},{"type":"Feature","id":"firepit-osm-node-13286933198","geometry":{"type":"Point","coordinates":[9.792802,59.433747]},"properties":{"name":"Bålplass","source":"OpenStreetMap","osm_ref":"node-13286933198"}},{"type":"Feature","id":"firepit-osm-node-13289187112","geometry":{"type":"Point","coordinates":[9.747787,59.490594]},"properties":{"name":"Bålplass","source":"OpenStreetMap","osm_ref":"node-13289187112"}},{"type":"Feature","id":"firepit-osm-node-13290242458","geometry":{"type":"Point","coordinates":[9.767811,59.487636]},"properties":{"name":"Bålplass","source":"OpenStreetMap","osm_ref":"node-13290242458"}},{"type":"Feature","id":"firepit-osm-node-13304475797","geometry":{"type":"Point","coordinates":[10.127297,59.610511]},"properties":{"name":"Bålplass","source":"OpenStreetMap","osm_ref":"node-13304475797"}},{"type":"Feature","id":"firepit-osm-node-13307926824","geometry":{"type":"Point","coordinates":[10.261247,59.578899]},"properties":{"name":"Bålplass","source":"OpenStreetMap","osm_ref":"node-13307926824"}},{"type":"Feature","id":"firepit-osm-node-13327703797","geometry":{"type":"Point","coordinates":[10.255052,59.565267]},"properties":{"name":"Bålplass","source":"OpenStreetMap","osm_ref":"node-13327703797"}},{"type":"Feature","id":"firepit-osm-node-13332633692","geometry":{"type":"Point","coordinates":[9.786737,59.697437]},"properties":{"name":"Bålplass","source":"OpenStreetMap","osm_ref":"node-13332633692"}},{"type":"Feature","id":"firepit-osm-node-13372075826","geometry":{"type":"Point","coordinates":[11.040079,63.696302]},"properties":{"name":"Bålplass","source":"OpenStreetMap","osm_ref":"node-13372075826"}},{"type":"Feature","id":"firepit-osm-node-13372075835","geometry":{"type":"Point","coordinates":[11.090675,63.690729]},"properties":{"name":"Bålplass","source":"OpenStreetMap","osm_ref":"node-13372075835"}},{"type":"Feature","id":"firepit-osm-node-13372075836","geometry":{"type":"Point","coordinates":[10.930496,63.650393]},"properties":{"name":"Bålplass","source":"OpenStreetMap","osm_ref":"node-13372075836"}},{"type":"Feature","id":"firepit-osm-node-13386793555","geometry":{"type":"Point","coordinates":[9.178023,58.701815]},"properties":{"name":"Bålplass","source":"OpenStreetMap","osm_ref":"node-13386793555"}},{"type":"Feature","id":"firepit-osm-node-13396547006","geometry":{"type":"Point","coordinates":[11.147868,63.858688]},"properties":{"name":"Bålplass","source":"OpenStreetMap","osm_ref":"node-13396547006"}},{"type":"Feature","id":"firepit-osm-node-13410527707","geometry":{"type":"Point","coordinates":[10.330784,59.555576]},"properties":{"name":"Bålplass","source":"OpenStreetMap","osm_ref":"node-13410527707"}},{"type":"Feature","id":"firepit-osm-node-13415466721","geometry":{"type":"Point","coordinates":[10.19924,59.111833]},"properties":{"name":"Bålplass","source":"OpenStreetMap","osm_ref":"node-13415466721"}},{"type":"Feature","id":"firepit-osm-node-13448672201","geometry":{"type":"Point","coordinates":[9.738534,59.727289]},"properties":{"name":"Bålplass","source":"OpenStreetMap","osm_ref":"node-13448672201"}},{"type":"Feature","id":"firepit-osm-node-13448676601","geometry":{"type":"Point","coordinates":[9.772646,59.719973]},"properties":{"name":"Bålplass","source":"OpenStreetMap","osm_ref":"node-13448676601"}},{"type":"Feature","id":"firepit-osm-node-13461486401","geometry":{"type":"Point","coordinates":[9.482986,59.605094]},"properties":{"name":"Bålplass","source":"OpenStreetMap","osm_ref":"node-13461486401"}},{"type":"Feature","id":"firepit-osm-node-13566689451","geometry":{"type":"Point","coordinates":[29.690083,70.627158]},"properties":{"name":"Bålplass","source":"OpenStreetMap","osm_ref":"node-13566689451"}},{"type":"Feature","id":"firepit-osm-node-13666670941","geometry":{"type":"Point","coordinates":[8.698171,63.60679]},"properties":{"name":"Bålplass","source":"OpenStreetMap","osm_ref":"node-13666670941"}},{"type":"Feature","id":"firepit-osm-node-13673947116","geometry":{"type":"Point","coordinates":[10.342893,59.219504]},"properties":{"name":"Bålplass","source":"OpenStreetMap","osm_ref":"node-13673947116"}},{"type":"Feature","id":"firepit-osm-node-13695007798","geometry":{"type":"Point","coordinates":[8.771788,62.111867]},"properties":{"name":"Bålplass","source":"OpenStreetMap","osm_ref":"node-13695007798"}},{"type":"Feature","id":"firepit-osm-node-13696046770","geometry":{"type":"Point","coordinates":[5.255788,60.388453]},"properties":{"name":"Bålplass","source":"OpenStreetMap","osm_ref":"node-13696046770"}},{"type":"Feature","id":"firepit-osm-node-13713599601","geometry":{"type":"Point","coordinates":[17.473263,68.444809]},"properties":{"name":"Bålplass","source":"OpenStreetMap","osm_ref":"node-13713599601"}},{"type":"Feature","id":"firepit-osm-node-13713606302","geometry":{"type":"Point","coordinates":[17.474866,68.445266]},"properties":{"name":"Bålplass","source":"OpenStreetMap","osm_ref":"node-13713606302"}},{"type":"Feature","id":"firepit-osm-node-13747548783","geometry":{"type":"Point","coordinates":[5.782611,58.724418]},"properties":{"name":"Bålplass","source":"OpenStreetMap","osm_ref":"node-13747548783"}},{"type":"Feature","id":"firepit-osm-node-13765543774","geometry":{"type":"Point","coordinates":[8.006391,58.086505]},"properties":{"name":"Bålplass","source":"OpenStreetMap","osm_ref":"node-13765543774"}},{"type":"Feature","id":"firepit-osm-node-13765599825","geometry":{"type":"Point","coordinates":[8.006985,58.087837]},"properties":{"name":"Bålplass","source":"OpenStreetMap","osm_ref":"node-13765599825"}},{"type":"Feature","id":"firepit-osm-node-13810426747","geometry":{"type":"Point","coordinates":[10.38686,59.850357]},"properties":{"name":"Bålplass","source":"OpenStreetMap","osm_ref":"node-13810426747"}},{"type":"Feature","id":"firepit-osm-node-13813885795","geometry":{"type":"Point","coordinates":[10.936908,63.477996]},"properties":{"name":"Bålplass","source":"OpenStreetMap","osm_ref":"node-13813885795"}},{"type":"Feature","id":"firepit-osm-way-511773755","geometry":{"type":"Point","coordinates":[10.939407,60.159745]},"properties":{"name":"Bålplass","source":"OpenStreetMap","osm_ref":"way-511773755"}},{"type":"Feature","id":"firepit-osm-way-610635194","geometry":{"type":"Point","coordinates":[5.747827,58.740806]},"properties":{"name":"Bålplass","source":"OpenStreetMap","osm_ref":"way-610635194"}},{"type":"Feature","id":"firepit-osm-way-625155231","geometry":{"type":"Point","coordinates":[10.013724,59.390252]},"properties":{"name":"Bålplass","source":"OpenStreetMap","osm_ref":"way-625155231"}},{"type":"Feature","id":"firepit-osm-way-657942017","geometry":{"type":"Point","coordinates":[13.523882,68.088647]},"properties":{"name":"Bålplass","source":"OpenStreetMap","osm_ref":"way-657942017"}},{"type":"Feature","id":"firepit-osm-way-659348472","geometry":{"type":"Point","coordinates":[13.667087,68.16731]},"properties":{"name":"Bålplass","source":"OpenStreetMap","osm_ref":"way-659348472"}},{"type":"Feature","id":"firepit-osm-way-700754399","geometry":{"type":"Point","coordinates":[10.724539,59.953134]},"properties":{"name":"Bålplass","source":"OpenStreetMap","osm_ref":"way-700754399"}},{"type":"Feature","id":"firepit-osm-way-810419109","geometry":{"type":"Point","coordinates":[10.928582,60.158057]},"properties":{"name":"Bålplass","source":"OpenStreetMap","osm_ref":"way-810419109"}},{"type":"Feature","id":"firepit-osm-way-944665214","geometry":{"type":"Point","coordinates":[9.88368,58.961586]},"properties":{"name":"Bålplass","source":"OpenStreetMap","osm_ref":"way-944665214"}},{"type":"Feature","id":"firepit-osm-way-1032397333","geometry":{"type":"Point","coordinates":[10.797648,59.785054]},"properties":{"name":"Bålplass","source":"OpenStreetMap","osm_ref":"way-1032397333"}},{"type":"Feature","id":"firepit-osm-way-1109757564","geometry":{"type":"Point","coordinates":[10.416814,59.192195]},"properties":{"name":"Bålplass","source":"OpenStreetMap","osm_ref":"way-1109757564"}},{"type":"Feature","id":"firepit-osm-way-1154503947","geometry":{"type":"Point","coordinates":[18.865713,69.967988]},"properties":{"name":"Bålplass","source":"OpenStreetMap","osm_ref":"way-1154503947"}},{"type":"Feature","id":"firepit-osm-way-1264860770","geometry":{"type":"Point","coordinates":[17.732026,68.900561]},"properties":{"name":"Bålplass","source":"OpenStreetMap","osm_ref":"way-1264860770"}},{"type":"Feature","id":"firepit-osm-way-1414929062","geometry":{"type":"Point","coordinates":[10.360755,59.250332]},"properties":{"name":"Bålplass","source":"OpenStreetMap","osm_ref":"way-1414929062"}},{"type":"Feature","id":"firepit-osm-way-1419715377","geometry":{"type":"Point","coordinates":[10.902999,63.662577]},"properties":{"name":"Bålplass","source":"OpenStreetMap","osm_ref":"way-1419715377"}},{"type":"Feature","id":"firepit-osm-way-1493583968","geometry":{"type":"Point","coordinates":[10.602352,59.418186]},"properties":{"name":"Bålplass","source":"OpenStreetMap","osm_ref":"way-1493583968"}}]}