{"attribution":"UT.no\/DNT","features":[{"geometry":{"coordinates":[9.0348799999999994,59.735737999999998],"type":"Point"},"id":"heritage-ut-141566","properties":{"description":"Breidal er ein intakt husmannsplass med godt bevarte bygningar frå byrjinga av 1800-talet. Plassen høyrer til garden Nisi-vestre, og ligg på austsida av Tinnsjøen ca. 1,7 km frå ferje- og stasjonsområdet på Tinnoset. Det budde folk i Breida...","elevation":257,"name":"Breidal","source":"UT.no\/DNT"},"type":"Feature"},{"geometry":{"coordinates":[9.2599099999999996,59.555210000000002],"type":"Point"},"id":"heritage-ut-141567","properties":{"description":"Hydroparken ble etablert i 1905 av Norsk Hydro og består av ca. 40 000 kvm bygningsmasse. Her er det mye historie som er verdt å få med seg, så ta gjerne en gå- eller sykkeltur rundt i parken. Her er det også benker hvor du kan sette deg ne...","elevation":19,"name":"Hydroparkeringen","source":"UT.no\/DNT"},"type":"Feature"},{"geometry":{"coordinates":[9.2628979999999999,59.565756],"type":"Point"},"id":"heritage-ut-141568","properties":{"description":"På Tinfos ble det funnet en metode for å smelte jernmalm med elektrisk kraft, men til et slikt smelteverk trengte de mye kraft. Derfor ble kraftstasjonen Tinfos 2 bygd. Kraftverket er bygget slik at det ser ut som en borg og mange kaller de...","elevation":24,"name":"Tinfos 2","source":"UT.no\/DNT"},"type":"Feature"},{"geometry":{"coordinates":[9.2614750000000008,59.641401000000002],"type":"Point"},"id":"heritage-ut-141576","properties":{"description":"Fra midten av 1800 tallet til ca. 1890 ble stedet benyttet til å skyte bjørn som utgjorde en trussel for bøndene. Hestekadavre ble brukt til å lokke bjørnene til plassen. Det ligger enda dyreskjelletter i området. For å komme hit kjører du ...","elevation":384,"name":"Bjønnestilla","source":"UT.no\/DNT"},"type":"Feature"},{"geometry":{"coordinates":[8.8985199999999995,59.532392000000002],"type":"Point"},"id":"heritage-ut-141582","properties":{"description":"Tjønnstul er en fjellstule med lun og fin beliggenhet ved Tjønnstultjønna nordøst i Lifjell. Helt fram til midt på 1960 tallet var det folk fra Heddal der med buskap. Det vanlige var å reise opp til fjellstulene rundt St. Hans, og ned igjen...","elevation":767,"name":"Tjønnstul","source":"UT.no\/DNT"},"type":"Feature"},{"geometry":{"coordinates":[9.2672000000000008,59.557099999999998],"type":"Point"},"id":"heritage-ut-141630","properties":{"description":"Lar dere blikket følge kanten av Heddalsvannet, for så å flytte det opp overfor båthavna i retning Norsjø, kan dere se dagens Brattrein hotell. Hotellet fra 1924 var barnehjem fram til 1956. Da kjøpte Norsk Hydro det og brukte det som opplæ...","elevation":17,"name":"Rjukanbrygga","source":"UT.no\/DNT"},"type":"Feature"},{"geometry":{"coordinates":[9.2626609999999996,59.558446000000004],"type":"Point"},"id":"heritage-ut-141631","properties":{"description":"På haugen som ligger på andre siden av E134 ovenfor fabrikkområdet, ser du en praktfull, hvit villa. Dette er Admini. Dette var grunnleggeren av Hydro, Sam Eydes bolig, kontor og representasjonsbolig. Huset sto ferdig i 1906, året etter at ...","elevation":50,"name":"Admini","source":"UT.no\/DNT"},"type":"Feature"},{"geometry":{"coordinates":[9.2620970000000007,59.555667999999997],"type":"Point"},"id":"heritage-ut-141632","properties":{"description":"På dette stoppet vil du til venstre for deg se du noen røde hus som ligner på sjøboder. Disse husene kalles for Pakkhus A. Her lagret man kunstgjødsel, eller Norgessalpeter, og skipet det ut i verden herfra. Opprinnelig var husene i tre og ...","elevation":19,"name":"Pakkhus A","source":"UT.no\/DNT"},"type":"Feature"},{"geometry":{"coordinates":[9.2593929999999993,59.555809000000004],"type":"Point"},"id":"heritage-ut-141633","properties":{"description":"Veien langs bygg 90 og parkeringsplassen, fører deg til en port ved siden av bygg 55. Herfra ser du øverste del av Minareten, eller bygg 135. Sokkelen fra 1920 ble brukt som kontorer, og i 1927 bygde man på det øverste tårnet, som strekker ...","elevation":19,"name":"Bygg 55\/Bygg 135 Minareten","source":"UT.no\/DNT"},"type":"Feature"},{"geometry":{"coordinates":[9.2585999999999995,59.554600000000001],"type":"Point"},"id":"heritage-ut-141634","properties":{"description":"Kommunebrygga finner du bakenfor den blå slippen. Brygga har også blitt kalt dampskipskaia og kanalbrygga. Et stort takoverbygg i gulmalt treverk dekker det meste av lengda på brygga. Den ble oppført i 1876 for rutegående passasjerbåter på ...","elevation":16,"name":"Kommunebrygga","source":"UT.no\/DNT"},"type":"Feature"},{"geometry":{"coordinates":[9.2574000000000005,59.555799999999998],"type":"Point"},"id":"heritage-ut-141635","properties":{"description":"Dette gulmalte bygget har Tinfos i store bokstaver over inngangspartiet, og er i dag Notodden videregående skole. Bygget fra 1928 var opprinnelig tresliperi for Tinfos papirfabrikk. Når sliperiet ble lagt ned, innredet man deler av lokalet ...","elevation":20,"name":"Ovnshus C\/Heddalsveien","source":"UT.no\/DNT"},"type":"Feature"},{"geometry":{"coordinates":[9.2514000000000003,59.5563],"type":"Point"},"id":"heritage-ut-141637","properties":{"description":"Når du følger vannkanten videre fra Bok- og Blueshuset mot Kleivane og Tuvenområdet, kan du ikke unngå å se de store kranene som reiser seg mot himmelen. Du er nå i hjertet av det området som en gang var nord Europas største jernverk. Krane...","elevation":17,"name":"Kranbanen","source":"UT.no\/DNT"},"type":"Feature"},{"geometry":{"coordinates":[9.2484000000000002,59.556699999999999],"type":"Point"},"id":"heritage-ut-141638","properties":{"description":"Når du har fulgt veien litt videre oppover Tinnelva kommer du til fire store jerntønner. Du er nå på Snika, og det du ser er tappeøser, som man brukte når man tappet smelteovnene for ferrolegeringer eller jernprodukter. Etter tapping ble fe...","elevation":16,"name":"Snika","source":"UT.no\/DNT"},"type":"Feature"},{"geometry":{"coordinates":[9.2546999999999997,59.558599999999998],"type":"Point"},"id":"heritage-ut-141639","properties":{"description":"«Linna» kommer av «linja» eller hestejernbanelinja som gikk fra Øvre Tinfos til Kommunebrygga. Denne ble bygd i 1882 av Tinfos papirfabrikk, og frakta tømmer opp og tremasse ned til kaia igjen. I 1914 ble hestekreftene avløst av en trikk so...","elevation":22,"name":"Linna","source":"UT.no\/DNT"},"type":"Feature"},{"geometry":{"coordinates":[9.2600370000000005,59.554791000000002],"type":"Point"},"id":"heritage-ut-141640","properties":{"description":"Når du står i det ytre hjørne av i Hydroparken, helt mot vannkanten vil du ha en nydelig utsikt. Vendt mot industriparken, vil du se det gule bygg 90, oppført i 1914 – 16, rett foran deg. Her fremstilte man ammoniakkvann som ble brukt til b...","elevation":16,"name":"Heddalsvannet\/Odden på parkeringsplass","source":"UT.no\/DNT"},"type":"Feature"},{"geometry":{"coordinates":[11.492084999999999,64.023517999999996],"type":"Point"},"id":"heritage-ut-141719","properties":{"description":"Dette er rester av et mektig gravfelt fra tiden 600 - 1030 e.Kr. Steinene står i en avlang form og symboliserer en båt.","elevation":15,"name":"Skipssteinsettinger på Tingvold","source":"UT.no\/DNT"},"type":"Feature"},{"geometry":{"coordinates":[5.3897170000000001,60.399974999999998],"type":"Point"},"id":"heritage-ut-14179024","properties":{"description":"Kulturminneløypa i Våkendalen er et nydelig sted og tur for å bli bedre kjent med Bergens nære historie. Våkendalen strekker seg fra Svartediket til Tarlebøvatnet. Dalen var tidligere bebodd med fire gårdsbruk; Tarlebø, Kobbeltveit, Hardbak...","elevation":300,"name":"Kulturminneløypa i Våkendalen","source":"UT.no\/DNT"},"type":"Feature"},{"geometry":{"coordinates":[5.4042009999999996,60.370258999999997],"type":"Point"},"id":"heritage-ut-141802","properties":{"description":"Ruin av et gammelt hus \"#8\" på byfjellene.","elevation":610,"name":"Ruin av Byfjellshytte #8","source":"UT.no\/DNT"},"type":"Feature"},{"geometry":{"coordinates":[9.1825749999999999,59.579839999999997],"type":"Point"},"id":"heritage-ut-14206437","properties":{"description":"Bygdetunet er nabo til Heddal stavkyrkje. Det består av 15 bygninger fra mellomalder til mellomkrigstid og fra husmanns- til storbonde- miljø, samt en bygning frå den nære samferdsel- historien, Vegvaktarhytta. Tunet illustrerer samla et ga...","elevation":46,"name":"Heddal bygdetun","source":"UT.no\/DNT"},"type":"Feature"},{"geometry":{"coordinates":[9.2641139999999993,59.574733000000002],"type":"Point"},"id":"heritage-ut-14206442","properties":{"description":"I Kanalveien passerer du de gamle ingeniørboligene og den tidligere direktørboligen til Tinfos. Husene i Hyttebyen var arbeiderboliger, og ble oppført av Tinfos mellom 1910 og 1920. Husene i Hyttebyen ble pusset opp i 2003, da Notodden boli...","elevation":55,"name":"Hyttebyen","source":"UT.no\/DNT"},"type":"Feature"},{"geometry":{"coordinates":[9.2734269999999999,59.595551],"type":"Point"},"id":"heritage-ut-14206464","properties":{"description":"Du finner turmålet ved å ta inn Bjarne Hansens vei fra brua ved Svelgfoss. I krysset rett etter skolen, hold til venstre på Bjarne Hansens vei. Følg denne til du får Svelgfossjuvet på venstre side. Her kan du se et stort skilt der det står ...","elevation":126,"name":"Svelgfoss 1","source":"UT.no\/DNT"},"type":"Feature"},{"geometry":{"coordinates":[12.470942000000001,60.161284000000002],"type":"Point"},"id":"heritage-ut-142357","properties":{"description":"Den gamle skogfinske gården Kvåho har hatt bosetting siden tidlig 1800-tall, og var i full drift til midt på 1970-tallet. Kvåho er et klassisk eksempel på et finnegård med mange bygg spredt rundt på et tun, i alt 11 bygninger. Det er overna...","elevation":356,"name":"Kvåho\/Sørli","source":"UT.no\/DNT"},"type":"Feature"},{"geometry":{"coordinates":[4.846228,61.673430000000003],"type":"Point"},"id":"heritage-ut-142428147","properties":{"description":"Posten ligg 15 moh ved turbokkassa og før du kjem til husa i Domba. Du passerar Turposten i Domba på veg til Kvannhovden fyr frå Bareksta. I Domba var det mykje aktivitet under krigen som illegal våpentrafikk, MTB båtar og flyktningetrafikk...","elevation":15,"name":"Hovden Domba","source":"UT.no\/DNT"},"type":"Feature"},{"geometry":{"coordinates":[11.533555,60.754181000000003],"type":"Point"},"id":"heritage-ut-14243333","properties":{"description":"Dette er ei tømmerrenne som i sin tid fraktet tømmer mellom Stendammen i Skogbygda og Norderåa som renner ut i Glomma. Turforslaget finner du her.","elevation":255,"name":"Stensåsrenna i Skogbygda","source":"UT.no\/DNT"},"type":"Feature"},{"geometry":{"coordinates":[6.527183,60.024799999999999],"type":"Point"},"id":"heritage-ut-142475","properties":{"description":"Like ved Buerdalen ved foten av Folgefonna ligger idylliske Fossasete. Et godt bevart arkeologisk minne fra middelalderen! Selv om det ikke lenger er fast seterdrift ved stølen holdes steren fremdeles ved like og både byggninger og kulturto...","elevation":515,"name":"Fossasete","source":"UT.no\/DNT"},"type":"Feature"},{"geometry":{"coordinates":[10.476129,59.241922000000002],"type":"Point"},"id":"heritage-ut-142512595","properties":{"description":"En gammel militærbunkers, spor av tidligere militær aktivitet. Dette turmålet er merket med støtte fra vår Turpartner Norsk Tipping - tusen takk!","elevation":4,"name":"Jarlsø - militærbunkers","source":"UT.no\/DNT"},"type":"Feature"},{"geometry":{"coordinates":[9.6783040000000007,59.057060999999997],"type":"Point"},"id":"heritage-ut-142596","properties":{"description":"Dammane er et landskapsvernområde, med flott kalkfuruskog. Området har fem dammer som har tidligere var drikkevannskilde i Brevik. Det er blåmerkede stier i området. Fra parkeringsplassen følger du asfaltveien oppover til vanntårnet, derett...","elevation":78,"name":"Dammane i Brevik","source":"UT.no\/DNT"},"type":"Feature"},{"geometry":{"coordinates":[6.9802390000000001,60.575633000000003],"type":"Point"},"id":"heritage-ut-142609683","properties":{"description":"Obs! Det er ikkje råd og ta seg opp til Øydvekleppet på grunn av store rotvelter og trefall etter stormen i haust. Stølen ligg høgt og fritt i skoggrensa ovanfor og nordaust for garden Øydve på 700 moh. Dette er ein gamal vårstøl, namnet Kl...","elevation":654,"name":"Kleppe (Øydvekleppe) - turbokkasse","source":"UT.no\/DNT"},"type":"Feature"},{"geometry":{"coordinates":[8.8111890000000006,61.493124000000002],"type":"Point"},"id":"heritage-ut-142811","properties":{"description":"Jo Gjende ble født i 1794 og elsket fjellet. Han for rundt i fjellet alene på jakt og bygde denne bua på motsatt side av elva for Gjendesheim. Han levde dere til og med - i mange, mange år. På fjellfestivalen får du mulighet til å høre mer ...","elevation":987,"name":"Jo Gjendes bu","source":"UT.no\/DNT"},"type":"Feature"},{"geometry":{"coordinates":[5.3755119999999996,61.662027999999999],"type":"Point"},"id":"heritage-ut-142883834","properties":{"description":"Posten Hestedalstølen ligg på omlag 290 moh. Turen startar frå gravplassen i Norddalsfjord. På veg frå Litlevatnet mot Hestedalselva møter du retningsskiltet: Heia. Skiltet peikar mot ei råk opp bergja mot Hestedalsheia og stølen. Hestedals...","elevation":290,"name":"Hestedalstølen","source":"UT.no\/DNT"},"type":"Feature"},{"geometry":{"coordinates":[5.3833770000000003,61.661239000000002],"type":"Point"},"id":"heritage-ut-142883835","properties":{"description":"Posten Stølsråkja til Hestedalstølen ligg på omlag 140 moh. Turen startar frå gravplassen i Norddalsfjord. På veg frå Litlevatnet mot Hestedalselva møter du retningsskiltet: Heia. Skiltet peikar mot ei råk opp bergja mot Hestedalsheia og st...","elevation":179,"name":"Stølsråkja til Hestedalstølen","source":"UT.no\/DNT"},"type":"Feature"},{"geometry":{"coordinates":[7.847505,61.310893999999998],"type":"Point"},"id":"heritage-ut-142886","properties":{"description":"Restar etter gammal dam i elva Tya i Moadalen. Avstikkar frå stien frå Moa til Kvile.","elevation":157,"name":"Trendladammen","source":"UT.no\/DNT"},"type":"Feature"},{"geometry":{"coordinates":[6.8655970000000002,60.559561000000002],"type":"Point"},"id":"heritage-ut-143085535","properties":{"description":"Dette er Tellstgiplasset, som var sjølvstendig gardsbruk gjennom nokre tiår fram til 1860. Huslyden som budde her var velvyrde folk, og mannen var ordførar i Ulvik i fleire år. Bruket låg ikkje fullt så avsides som det kan verka i dag, for ...","elevation":351,"name":"Tellstigplasset","source":"UT.no\/DNT"},"type":"Feature"},{"geometry":{"coordinates":[10.404246000000001,59.272010000000002],"type":"Point"},"id":"heritage-ut-143292","properties":{"description":"Tønsbergs ikoniske monument. Utkikkspunkt over byen og fjorden i alle retninger. Hit kan man fint rusle fra sentrum på relativt kort tid.","elevation":63,"name":"Slottsfjellet","source":"UT.no\/DNT"},"type":"Feature"},{"geometry":{"coordinates":[6.271077,60.109838000000003],"type":"Point"},"id":"heritage-ut-143300","properties":{"description":"Her starter den Historiske vandreruten \"Turistvegen over Folgefonna\" som går fra Sunndal i Kvinnherad og over breen til Holmaskjær og videre ned til Tokheim ved sørfjorden. Ruta følger i fotsporene til de rike europeiske turistene som kom t...","elevation":55,"name":"Turistvegen over Folgefonna","source":"UT.no\/DNT"},"type":"Feature"},{"geometry":{"coordinates":[15.022334000000001,66.829248000000007],"type":"Point"},"id":"heritage-ut-143307","properties":{"description":"Steinbua ligger langs det som har fått navnet \"Telegrafruta\" - en Historisk vandrerute som går fra Bjellånes i Rana til Russånes i Saltdal. ¨ Steinbua ved Bjøllåvann ble oppført i forbindelse med strekking av telegraflinje fra Trondheim til...","elevation":722,"name":"Telegrafruta: Steinbua ved Bjøllåvann","source":"UT.no\/DNT"},"type":"Feature"},{"geometry":{"coordinates":[7.2840499999999997,61.888191999999997],"type":"Point"},"id":"heritage-ut-143308","properties":{"description":"Ferdselsvegen mellom Sunndalssetra i Oppstryn og Bråtågrenda i Skjåk er en av de eldste ferdselsvegene mellom øst og vest i Norge. Den har blitt brukt til fedrift og handel og av gjetere og fangstmenn i hundrevis av år. De oppmurte trappene...","elevation":465,"name":"Ferdselsvegen over Kamperhamrane","source":"UT.no\/DNT"},"type":"Feature"},{"geometry":{"coordinates":[11.871252999999999,59.891660000000002],"type":"Point"},"id":"heritage-ut-143314","properties":{"description":"På Skjølåbråtan i Eidskog ligger Grenselosmuseet. Skjølåbråtan spilte en viktig rolle under andre verdenskrig, da grenselosene som holdt til her hjalp kurerer og flyktninger over grensa til Sverige. Skjålabråtan ligger langs den 100 km lang...","elevation":184,"name":"Skjølåbråtan Flyktningeruta","source":"UT.no\/DNT"},"type":"Feature"},{"geometry":{"coordinates":[12.460162,60.184057000000003],"type":"Point"},"id":"heritage-ut-143400","properties":{"description":"Her er utedo, og du kan fylle godt vann fra brønnen. Plassen ble ryddet ca 1770, og har i dag et meget alderdommelig kulturlandskap av åkrer og slåttemarker. Abborhøgda er ett av de mest artsrike kulturlandskap på Finnskogen når det gjelder...","elevation":321,"name":"Abborhøgda","source":"UT.no\/DNT"},"type":"Feature"},{"geometry":{"coordinates":[12.458494,60.149738999999997],"type":"Point"},"id":"heritage-ut-143401","properties":{"description":"Her på Varaldskogberget har flatehogst åpnet en vid utsikt vestover mot Varaldsjøen. Nede på snauflata kommer du til tuftene av torpet Varaldskogberget, som ble ryddet i 1860-årene og fraflyttet 1964. Jordkjelleren med imponerende buet stei...","elevation":330,"name":"Varaldskogberget","source":"UT.no\/DNT"},"type":"Feature"},{"geometry":{"coordinates":[9.6655010000000008,60.882323],"type":"Point"},"id":"heritage-ut-143411783","properties":{"description":"Møllebygningen på Etna Mølle ble satt opp i 1917, men her har det vært møllevirksomhet i alle fall fra midten av 1700-tallet. Mølla var i drift fram til 1987, og ble solgt til Etnedal kommune i 2011. Kulturmiljøet er i kommunens kulturminne...","elevation":287,"name":"Etna mølle","source":"UT.no\/DNT"},"type":"Feature"},{"geometry":{"coordinates":[9.2302780000000002,59.529167000000001],"type":"Point"},"id":"heritage-ut-143422","properties":{"description":"Vihussetra er en idyllisk husmannsplass på vestsida i Notodden med flott utsikt retning Tåråfjell. For å komme hit er det enklest å kjøre fra Notodden. Kjør over flyplassen og ta til venstre ved Yli. Fortsett sørover og ta til høyre, inn Tå...","elevation":338,"name":"Vihussetra","source":"UT.no\/DNT"},"type":"Feature"},{"geometry":{"coordinates":[9.8345230000000008,58.971141000000003],"type":"Point"},"id":"heritage-ut-143552118","properties":{"description":"Mølen Mølen er Norges største rullesteinstrand, og et av Skandinavias flotteste gravfelt fra jernalderen. Her går raet videre ut i sjøen for å komme igjen ved Jomfruland. Havet har voldsom kraft på tur inn mot steinene og har skapt mange ru...","elevation":17,"name":"Mølen","source":"UT.no\/DNT"},"type":"Feature"},{"geometry":{"coordinates":[10.792522,60.322783000000001],"type":"Point"},"id":"heritage-ut-143554","properties":{"description":"Svartåsen (580 moh) var ei sætergrend på Øståsen øst for Skjerva i Gran almenning. De fleste husene er revet. Milorg hadde en forlegning her våren 1945. Den blåmerkede gjennomgangsruta går over Svartåsen, så adkomsten er lett. Det går også ...","elevation":576,"name":"Svartåsen","source":"UT.no\/DNT"},"type":"Feature"},{"geometry":{"coordinates":[9.4325799999999997,59.575040000000001],"type":"Point"},"id":"heritage-ut-143619","properties":{"description":"Romestul er en koselig stulsvoll langt inne i skogen sør-øst for Høymyrvann. Stulen er nærmest et knutepunkt for mange stier, så hit kan du komme fra flere retninger. Blåmerket sti går fra Elgsjø, forbi idylliske Høymyrvann hvor Notodden og...","elevation":575,"name":"Romestul","source":"UT.no\/DNT"},"type":"Feature"},{"geometry":{"coordinates":[7.8593729999999997,61.312427999999997],"type":"Point"},"id":"heritage-ut-143656","properties":{"description":"Restane etter gammal ei gammal løe i Moadalen, avstikkar frå stien mellom Moa og Holsbru.","elevation":302,"name":"Daveløa","source":"UT.no\/DNT"},"type":"Feature"},{"geometry":{"coordinates":[11.066096999999999,59.821750000000002],"type":"Point"},"id":"heritage-ut-143713","properties":{"description":"Slipp-plass fra andre verdenskrig \"Akeleie\" slipp-plass for flyslipp for motstandsbevegelsen under andre verdenskrig. Opprinnelig funksjon: Forsvar Historiske opplysninger: Natt til 24. april 1945 var det to flyslipp her med tilsammen 27 co...","elevation":309,"name":"Kåterudmåsan","source":"UT.no\/DNT"},"type":"Feature"},{"geometry":{"coordinates":[7.3336170000000003,61.884186],"type":"Point"},"id":"heritage-ut-143714","properties":{"description":"Det bratte fjellskaret Kamperhamrane har vært ferdselsveg mellom øst- og vestnorge i hundrevis av år. Trappene har sannsynligvis kommet til over en periode på flere tiår eller hundreår, selv om en populær historie går ut på at trappene ble ...","elevation":950,"name":"Kamperhamrane","source":"UT.no\/DNT"},"type":"Feature"},{"geometry":{"coordinates":[11.313976,59.777723000000002],"type":"Point"},"id":"heritage-ut-143733","properties":{"description":"Beskrivelse: Jakthytte. Skjulested for flyktninger under krigen Enkel toromms tømmerhytte som ble brukt til overnatting for flyktninger under andre verdenskrig. Hytta har sannsynligvis blitt flyttet en gang i første halvdel av 1900-tallet, ...","elevation":266,"name":"Huldreheimen","source":"UT.no\/DNT"},"type":"Feature"},{"geometry":{"coordinates":[11.32831,59.783565000000003],"type":"Point"},"id":"heritage-ut-143734","properties":{"description":"Husmannsplass og Milorg-base Sollia er en husmannsplass som spilte en viktig rolle i motstandskampen under andre verdenskrig. Opprinnelig funksjon: Bolig, bosetning Historiske opplysninger: Sollia lå langs flyktningeruta fra Oslo til Sverig...","elevation":220,"name":"Sollia \/ Bjørnebråte","source":"UT.no\/DNT"},"type":"Feature"},{"geometry":{"coordinates":[11.592464,59.764633000000003],"type":"Point"},"id":"heritage-ut-143735","properties":{"description":"Hytten brukt som fangeleiretter andre verdenskrig. Amundsætra ble brukt til oppbevaring av landssviksfanger etter krigen. Det var 4-5 fanger samt voktere på sætra fram til ca 1955. Under krigen var setra overnattingssted for flyktinger og k...","elevation":280,"name":"Amundsætra","source":"UT.no\/DNT"},"type":"Feature"},{"geometry":{"coordinates":[11.848125,59.827286000000001],"type":"Point"},"id":"heritage-ut-143736","properties":{"description":"Husmannsplass med viktig krigshistorie Våningshus fra midten av 1800-tallet og stabbur fra 1700-tallet. Bruket spilte en viktig rolle i flyktningetransporten under andre verdens krig. Opprinnelig funksjon: Bolig, bosetning Historiske opplys...","elevation":295,"name":"Malnes","source":"UT.no\/DNT"},"type":"Feature"},{"geometry":{"coordinates":[5.3492050000000004,60.497408],"type":"Point"},"id":"heritage-ut-143765","properties":{"description":"Almås - en vegløs gård i Åsane. Dette er et gammelt bosettingsområde, med gårdsdrift på 1800-1900-tallet.","elevation":155,"name":"Almås","source":"UT.no\/DNT"},"type":"Feature"},{"geometry":{"coordinates":[9.3573529999999998,59.554909000000002],"type":"Point"},"id":"heritage-ut-143801","properties":{"description":"Turmålet ligger i et veikryss på selve setervollen. Det er mulig å nå turmålet både fra Hjuksebø og ifra Elgsjø. Eventuelt som en rundtur fra Hjuksebø til Elgsjø eller omvendt. Det er lettest å ta turen inn Breisetveien. Etter om lag 3 km t...","elevation":237,"name":"Lauvås","source":"UT.no\/DNT"},"type":"Feature"},{"geometry":{"coordinates":[9.2209199999999996,59.673231999999999],"type":"Point"},"id":"heritage-ut-143884","properties":{"description":"For å nå dette turmålet kan du enten sykle eller gå du inn skogsbilveien i sørenden av Follsjå. De som ikke ønsker å sykle fra byen kan parkere ved bommen i starten av skogsbilveien. Dette er en fin tur for yngre syklister. Når du er ankomm...","elevation":238,"name":"Follsjø","source":"UT.no\/DNT"},"type":"Feature"},{"geometry":{"coordinates":[8.3011579999999991,61.377369000000002],"type":"Point"},"id":"heritage-ut-144025","properties":{"description":"I 1868 bygde den norske journalisten og forfatteren Aasmund Olavsson Vinje (1818-1870) en bu på felægret Eidsbu. I et pantebrev døper han stedet for Eidsbugarden. Vinje var den første turisten på Eidsbugarden, og gjennom sitt forfatterskap ...","elevation":1060,"name":"Vinjebue","source":"UT.no\/DNT"},"type":"Feature"},{"geometry":{"coordinates":[9.5826849999999997,59.201152],"type":"Point"},"id":"heritage-ut-14408502","properties":{"description":". For å komme til turmålet, er det lettest å parkere ved Myren og følge veien mot Gulset. Før du kommer til et hus på venstre side, ta opp til venstre og følg stien. Du kan se deler av den gamle bygdeborgen, ellers er det ikke mye utsikt fr...","elevation":45,"name":"Kjempa","source":"UT.no\/DNT"},"type":"Feature"},{"geometry":{"coordinates":[8.4873809999999992,61.451625999999997],"type":"Point"},"id":"heritage-ut-144159","properties":{"description":"Gjendine Slålien var en norsk bondekvinne og folkesanger. Gjendine ble født i steinbua Gjendebu i Jotunheimen. Ti dager gammel ble hun døpt i steinbua av sogneprest Honoratus Halling i Lom, som tilfeldigvis kom innom Gjendebu sammen med noe...","elevation":991,"name":"Gjendines bu","source":"UT.no\/DNT"},"type":"Feature"},{"geometry":{"coordinates":[8.6850489999999994,61.139366000000003],"type":"Point"},"id":"heritage-ut-144160","properties":{"description":"Veta på Hugakollen er en gammel brannvarslingsvarde som ligger langs den Historiske vandreruta Stølsruta. Veten var bygd opp med tørre stokkar rundt ein stokk på ca. 10 m. Rundt stokkane vart det lagt opptenningsmateriale, og ytst var det e...","elevation":1124,"name":"Stølsruta: Veta på Hugakollen","source":"UT.no\/DNT"},"type":"Feature"},{"geometry":{"coordinates":[8.9276359999999997,59.544043000000002],"type":"Point"},"id":"heritage-ut-144172","properties":{"description":"Turen til Gavlesjåstulen er en flott barnevennlig tur. På stulen er det geiter, kuer og hester og Gavlesjåvannet er fint til bading og fisking.","elevation":671,"name":"Gavlesjåstulen","source":"UT.no\/DNT"},"type":"Feature"},{"geometry":{"coordinates":[7.4338170000000003,60.829467000000001],"type":"Point"},"id":"heritage-ut-144273","properties":{"description":"På denne staden, som har namnet Heimrebø, er det fleire spor etter gamal busetnad. Tre tufter etter bygningar ligg på nedsida av stien og to til tre mindre på oppsida. Her er dessutan solide steingardar, ein steinsett bekk og ein stor høyhe...","elevation":747,"name":"Heimrebø","source":"UT.no\/DNT"},"type":"Feature"},{"geometry":{"coordinates":[7.4804279999999999,60.832000000000001],"type":"Point"},"id":"heritage-ut-144274","properties":{"description":"Vegen mellom Nesbø og Østerbø var ikkje lett å passere i bratte fjellveggen. Ein måtte ta seg fram på nokre trebruer og opp Nesbøstigen i jettegryta. Vegen var berre for ferdafolk. Skulle ein framover dalen med fe og kløvhestar måtte ein op...","elevation":884,"name":"Nesbøgalden","source":"UT.no\/DNT"},"type":"Feature"},{"geometry":{"coordinates":[7.5048329999999996,60.82855],"type":"Point"},"id":"heritage-ut-144275","properties":{"description":"På Østerbø i Aurdalen har det vore busetnad før Svartedauden (1349) og teke opp at frå1600 talet. Område Aurdalen er bedre kjent som Østerbø i dag. Ein tid var det 4 bruk der, men i 1803 var det 2 bruk. Utanom gardsbruk var også veiding ein...","elevation":820,"name":"Aurlandsdalen - Østerbø","source":"UT.no\/DNT"},"type":"Feature"},{"geometry":{"coordinates":[9.0674440000000001,59.398530000000001],"type":"Point"},"id":"heritage-ut-144303","properties":{"description":"Håsårudhåtten er et lite skogområde som ligger nær inntil innmarka til Staurheim gard. Området er rikt på kulturminner fra hele vår tidsregning. Her er flere gravhauger fra førkristen tid, kullgroper, kullmiler, holveier og sist men ikke mi...","elevation":125,"name":"Håsårudhåtten kulturminneområde","source":"UT.no\/DNT"},"type":"Feature"},{"geometry":{"coordinates":[9.0027810000000006,59.404232],"type":"Point"},"id":"heritage-ut-144304","properties":{"description":"Dette er en lett og grei tur for de fleste. Fra parkeringen ved Skogheim fram til bygdeborgen er det ca 1 km å gå på godt merket skogsti, høydeforskjellen er moderat. Trelsborg er en bygdeborg fra folkevandringstida som varte fra 400 til 60...","elevation":219,"name":"Bygdeborgen Trelsborg","source":"UT.no\/DNT"},"type":"Feature"},{"geometry":{"coordinates":[9.0057849999999995,59.397131999999999],"type":"Point"},"id":"heritage-ut-144307","properties":{"description":"Fra parkeringsplassen ved Travbanen\/Skyttarbanen velger vi stien på sørsida av Høyslassfjellet. Ved første stikryss, etter ca 3 km, tar vi avstikkeren opp til Bronsealderrøysa på Høyslassnuten. Gravrøysa her oppe er imponerende stor og ette...","elevation":372,"name":"Høyslass","source":"UT.no\/DNT"},"type":"Feature"},{"geometry":{"coordinates":[8.0330659999999998,59.471724999999999],"type":"Point"},"id":"heritage-ut-144342","properties":{"description":"Middels krevjande tur i kupert terreng som fyljer i store delar gamal ferdselsveg. Punktet er ved brotet. Frå brotet kan du gå fylkesvegen attende til museet.","elevation":678,"name":"Brynesteinsbrotet","source":"UT.no\/DNT"},"type":"Feature"},{"geometry":{"coordinates":[5.1530319999999996,61.660918000000002],"type":"Point"},"id":"heritage-ut-144419","properties":{"description":"Turposten Aksla er på toppen 703 moh ved varde og Turskilt som viser veg vidare sørover til Terdalskeipen. Denne Turposten er flytta opp frå Rundevatnet til Aksla, januar 2023. På toppen av Aksla og ved den første store varden ligg utkikspo...","elevation":703,"name":"Aksla","source":"UT.no\/DNT"},"type":"Feature"},{"geometry":{"coordinates":[11.501334,59.594085999999997],"type":"Point"},"id":"heritage-ut-144750938","properties":{"description":"Tavlene er betegnelsen på et gammelt kommunikasjonssentrum mellom Skau i Marker og Delefurua\/Rokovanna. I eldre tider ble det kjørt med hest og kjerre her fra Rødenes over til Hedemarken mølle i Eidsberg. De gamle skiltene av tre på Tavlene...","elevation":198,"name":"Tavlene","source":"UT.no\/DNT"},"type":"Feature"},{"geometry":{"coordinates":[11.574418,59.430185999999999],"type":"Point"},"id":"heritage-ut-144957344","properties":{"description":"På husmannsplassen Høytomt har det bodd folk siden midten av 1700-tallet, kanskje enda tidligere. Frem til 1964 bodde det folk der som drev det lille gårdsbruket. Høytomt eies i dag av Rakkestad kommune som vil at bygdefolket skal oppleve d...","elevation":187,"name":"Høytomt","source":"UT.no\/DNT"},"type":"Feature"},{"geometry":{"coordinates":[11.629352000000001,60.268579000000003],"type":"Point"},"id":"heritage-ut-144964432","properties":{"description":"På toppen av Varden ligger restene etter et gammelt festningsverk fra Jernalderen. Bygdeborgen skulle gi vern for folk i urolige tider. Murrestene finnes som rekker med rundkamp og er tydeligst på nordsiden. Selve borgområdet anslås å dekke...","elevation":435,"name":"Varden - gammelt festningsverk","source":"UT.no\/DNT"},"type":"Feature"},{"geometry":{"coordinates":[10.29025,63.247521999999996],"type":"Point"},"id":"heritage-ut-144969180","properties":{"elevation":162,"name":"Helleristninger på Gravråksmoen","source":"UT.no\/DNT"},"type":"Feature"},{"geometry":{"coordinates":[6.5397400000000001,61.565922999999998],"type":"Point"},"id":"heritage-ut-144978828","properties":{"description":"Godt tilrettelagt sti inn idyllisk dalføre til Indre Fossheimsstøylen.","elevation":752,"name":"Indre Fossheimsstølen","source":"UT.no\/DNT"},"type":"Feature"},{"geometry":{"coordinates":[6.276656,61.531705000000002],"type":"Point"},"id":"heritage-ut-144978830","properties":{"description":"Bjørsetstøylen er ein av dei vakraste støylane i Jølster, og har utsikt til Grovabreen i aust og Storehesten i vest. Støylen har to sel og tre fjøsar, og står i dag fram som eit heilskapleg kulturmiljø der bygningane i lita grad har vore mo...","elevation":776,"name":"Bjørsetstøylen","source":"UT.no\/DNT"},"type":"Feature"},{"geometry":{"coordinates":[9.6457200000000007,61.362814],"type":"Point"},"id":"heritage-ut-145005849","properties":{"description":"Veslegruva er et resultat av to perioder med gruvedrift i Espedalen. I årene 1665 - 66 ble det utvunnet kobber her med fyrsettingsmetode.. Fra 1874 - 78 var det nikkelforekomstene en var ute etter. Dette er den eneste gruva i Espedalen so e...","elevation":863,"name":"Veslegruva","source":"UT.no\/DNT"},"type":"Feature"},{"geometry":{"coordinates":[11.464869,59.279789000000001],"type":"Point"},"id":"heritage-ut-145018164","properties":{"description":"Sandbekk Mølle er en fantastisk plass for små og store, og mye spennende å utforske for barna. Her er det sittegrupper, grillplasser og grue. Mølla ble bygget i 1904 og har vært gjennom en omfattende restaurering. Sandbekk Mølle har fått fl...","elevation":128,"name":"Sandbekk Mølle","source":"UT.no\/DNT"},"type":"Feature"},{"geometry":{"coordinates":[11.647213000000001,59.478999000000002],"type":"Point"},"id":"heritage-ut-145018165","properties":{"description":"Ørjekollen (Nordre fort) inngår i Ørjefortene, som besto av Nordre og Søndre Fort, samt at det lå befestninger på Ørjekollen og Hesthaug i vest. Midt i mellom lå kaserneområdet, det nåværende Ørjetun. Fortene ble anlagt i 1902–03 for å dekk...","elevation":185,"name":"Ørjekollen (Nordre fort)","source":"UT.no\/DNT"},"type":"Feature"},{"geometry":{"coordinates":[11.169276,59.543142000000003],"type":"Point"},"id":"heritage-ut-145020636","properties":{"description":"Vamma kraftverk er et vannkraftverk i elven Glomma i Indre Østfold kommune og Skiptvet kommune. Kraftverket er et elvekraftverk og utnytter et fall på 28,5 meter mellom Kykkelsrud og Vamma. Kraftverket ble påbegynt i 1907 av Vamma Fossekomp...","elevation":55,"name":"Vamma kraftverk","source":"UT.no\/DNT"},"type":"Feature"},{"geometry":{"coordinates":[9.1332740000000001,59.184068000000003],"type":"Point"},"id":"heritage-ut-145160358","properties":{"description":"Kjør fylkesveien mellom Drangedal og Lunde. Ca 15 km fra Drangedal er det skilt til Nakksjø stasjon. Sving til høyre her og følg veien forbi stasjonen og ca 2,1 km til et skilt om Eventyrstien. Her er det parkering. Turen starter her ved å ...","elevation":286,"name":"Flyvraket i Høidalen","source":"UT.no\/DNT"},"type":"Feature"},{"geometry":{"coordinates":[10.989661,59.704962000000002],"type":"Point"},"id":"heritage-ut-145220783","properties":{"description":"Gaupestein er et populært mål for turgåere, både sommer og vinter. Gaupestein er ei svær steinblokk som er 20 m lang, 10 m bred og 7,5 m høy. Den markerer dele mellom tre kommuner; Nordre Follo, Enebakk og Indre Østfold. Straks bakenfor, i ...","elevation":230,"name":"Gaupesteinen","source":"UT.no\/DNT"},"type":"Feature"},{"geometry":{"coordinates":[11.649958,59.469917000000002],"type":"Point"},"id":"heritage-ut-145251150","properties":{"description":"Lihammern (Søndre fort) inngår i Ørjefortene, som besto av Nordre og Søndre Fort, samt at det lå befestninger på Ørjekollen og Hesthaug i vest. Midt i mellom lå kaserneområdet, det nåværende Ørjetun. Fortene ble anlagt i 1902–03 for å dekke...","elevation":182,"name":"Lihammern (Søndre fort)","source":"UT.no\/DNT"},"type":"Feature"},{"geometry":{"coordinates":[8.9105399999999992,59.617429999999999],"type":"Point"},"id":"heritage-ut-145251245","properties":{"description":"Dette er rundtur som starter ved bommen inn til Staurhaugen, ved Frølandsfeltet. Herfra følger du grusvegen forbi Staurhaugen (gammelt gårdsbruk) og følger vegen til den svinger skarpt til venstre og opp en bratt bakke. Like etter bakketopp...","elevation":106,"name":"Staurhaugen","source":"UT.no\/DNT"},"type":"Feature"},{"geometry":{"coordinates":[8.9260640000000002,59.644638999999998],"type":"Point"},"id":"heritage-ut-145251752","properties":{"elevation":297,"name":"Gamle Tuddalsveg","source":"UT.no\/DNT"},"type":"Feature"},{"geometry":{"coordinates":[8.9836170000000006,59.611758000000002],"type":"Point"},"id":"heritage-ut-145251753","properties":{"description":"Her ble det i september 2023 satt opp en rød DNT-turkasse av Notodden og Hjartdal Turlag. Hvordan man enklest kommer seg hit blir også lagt ut som et turforslag om kort tid. Oppdatering september 2024: Denne SjekkUT-turposten (turmålet) har...","elevation":75,"name":"Elvestien i Sauland","source":"UT.no\/DNT"},"type":"Feature"},{"geometry":{"coordinates":[11.060556,59.630833000000003],"type":"Point"},"id":"heritage-ut-145252290","properties":{"description":"Hylligrava er en hellekiste fra sen steinalder, ca. 2 000 f.Kr. og er et fredet kulturminne. Grava hører til den siste fasen av steinalderen som kalles den neolittiske tid (ca. 2400–1800 f. Kr.) Selve gravkisten er bygget av svære flate ste...","elevation":161,"name":"Hylligrava","source":"UT.no\/DNT"},"type":"Feature"},{"geometry":{"coordinates":[11.33671,59.453937000000003],"type":"Point"},"id":"heritage-ut-145260020","properties":{"description":"Kaaen Sag og Mølle er en populær møteplass for store og små. Mølleparken omkranser den imponerende saga fra midten av 1800-tallet. Området ligger idyllisk inntil elva Dørja, hvor det også er mulig å bade for de minste. I Mølleparken er det ...","elevation":109,"name":"Kaaen Sag og Mølle","source":"UT.no\/DNT"},"type":"Feature"},{"geometry":{"coordinates":[11.118169999999999,59.610169999999997],"type":"Point"},"id":"heritage-ut-145275480","properties":{"description":"En tur ut til batteriet kan være veldig fint for ro og ettertanke. Her finner du benkebord til hvile og kunne spise niste samtidig som du nyter utsikten over Glomma. Her sitter du på virkelige historiske tufter. Du kan tydelig se de gamle f...","elevation":108,"name":"Kulturminne Langnes batteri (Turpost)","source":"UT.no\/DNT"},"type":"Feature"},{"geometry":{"coordinates":[11.330361999999999,59.521171000000002],"type":"Point"},"id":"heritage-ut-145287855","properties":{"description":"I Sameia ligger et myrlendt område, kalt Grønnemyr, hvor det ble drevet torvuttak fram til begynnelsen av 1900-tallet. Plassen Grønnemyr, som fikk samme navn, ble ryddet her i 1835. Plassen var bosatt fram til 1880-åra, som husmannsplass un...","elevation":203,"name":"Grønnemyr","source":"UT.no\/DNT"},"type":"Feature"},{"geometry":{"coordinates":[7.4761829999999998,60.832673],"type":"Point"},"id":"heritage-ut-145293331","properties":{"description":"Gamal fjellgard frå 1600-tallet. Første gong registert i 1664. I følge gardsoga frå Aurland, var Nesbø ein av dei største fjellgardane, med eit areal på ca 1600 mål. I tillegg kom eit sameige i Kringledalen. Nesbø har ikkje hatt fast busetn...","elevation":810,"name":"Nesbø","source":"UT.no\/DNT"},"type":"Feature"},{"geometry":{"coordinates":[12.44694,60.153362999999999],"type":"Point"},"id":"heritage-ut-145293332","properties":{"description":"Skolen ble bygd og sto ferdig i 1897\/98.Kostnadene ble kr 2000 for bygging av skolen.Skolen var i drift fra 1897 til 1946, skolekretsen ble da nedlagt og elevene overført til Holmby skole.Bygningen ble etter skolenedleggelsen benyttet av ma...","elevation":229,"name":"Varaldskog skole","source":"UT.no\/DNT"},"type":"Feature"},{"geometry":{"coordinates":[6.9584820000000001,58.752589],"type":"Point"},"id":"heritage-ut-145293333","properties":{"description":"Grend bestående av flere mindre bruk med bygninger fra ulike tidsepoker. Den eldste stående bygningen er løa over bekken som er fra 1600-tallet.Opprinnelig funksjon: Bolig, bosetningHistoriske opplysninger: Det er ikke kjent når det først v...","elevation":547,"name":"Salmeli","source":"UT.no\/DNT"},"type":"Feature"},{"geometry":{"coordinates":[6.5265760000000004,60.084071000000002],"type":"Point"},"id":"heritage-ut-145293334","properties":{"description":"Klyngetun med bygninger fra ulike tidsepoker. Historiske opplysninger: I Odda-området har det vært gårdsaktivitet siden yngre steinalder. Tokheim er én av de eldste gårdene i området, og er nevnt i skriftlige kilder så tidlig som 1398. Gård...","elevation":80,"name":"Tokheim gård","source":"UT.no\/DNT"},"type":"Feature"},{"geometry":{"coordinates":[12.290533999999999,60.155000000000001],"type":"Point"},"id":"heritage-ut-145293335","properties":{"description":"Flere tufter etter husmannsplass. I bruk fra begynnelsen av 1800-tallet til ca 1900.Husmannsplass under Nordre Holmen (Austmarka). Plassen ligger langs den historiske vandreruten Finnskogrunden. Les mer på Kulturminnesøk.","elevation":256,"name":"Våler husmannsplass","source":"UT.no\/DNT"},"type":"Feature"},{"geometry":{"coordinates":[12.364447999999999,60.196179000000001],"type":"Point"},"id":"heritage-ut-145293336","properties":{"description":"Finneplass med flere bygniner fra ulike tidsepoker. Dragonmoen heter Rakonenkangas på finsk og er ett av mange finnetorp i området. Plassen ble ryddet ca. 1700 av en Erik (ukjent etternavn). Låven lengst vest i tunet er den eldste stående b...","elevation":185,"name":"Dragonmoen","source":"UT.no\/DNT"},"type":"Feature"},{"geometry":{"coordinates":[7.4221089999999998,60.848646000000002],"type":"Point"},"id":"heritage-ut-145293337","properties":{"description":"Skorsgarden var eige bruk frå tidleg på 1600 talet og er nemt i oppgåve over Kongens jordegods. I 1638 står det : ”...Leiet Peder Jensson en ødeplass, ligger høgt til fjells og kalles Skaar.”I 1723 var garden der framleis, men vart seinare ...","elevation":642,"name":"Skorsgarden","source":"UT.no\/DNT"},"type":"Feature"},{"geometry":{"coordinates":[5.1478260000000002,59.595269000000002],"type":"Point"},"id":"heritage-ut-145297192","properties":{"description":"UFO-ringen blei til ei natt i 1975, då det blei observert lys over Espevær. Hundar vart hysteriske og sikringsskap eksploderte. Nokre dagar etter vart det oppdaga ein ring som var 63 meter lang, og med ein diameter på 13 meter. Sporet som d...","elevation":4,"name":"UFO-ringen","source":"UT.no\/DNT"},"type":"Feature"},{"geometry":{"coordinates":[11.137482,59.466062000000001],"type":"Point"},"id":"heritage-ut-145298509","properties":{"description":"Steinhytta var en plass under Karterud gård, og ingen vet når den ble satt opp. Men etter byggemetoden kan den være flere hundre år gammel. Berthe Hansdtr kom dit i 1876 og bodde der i ca. 30 år. Det ble bygget på et tilbygg i tre på vestsi...","elevation":149,"name":"Steinhytta","source":"UT.no\/DNT"},"type":"Feature"},{"geometry":{"coordinates":[11.581011999999999,59.450192000000001],"type":"Point"},"id":"heritage-ut-145298513","properties":{"description":"Frøneseter, også kalt Svartekus, lå opprinnelig ved nordenden av Frønesjøen. Våningshuset, som var tømret, ble flyttet til dagens beliggenhet, trolig i 1906, fordi vannstanden i Frønesjøen ble hevet med en høyere dam. Frøneseter var ei lita...","elevation":186,"name":"Frøneseter","source":"UT.no\/DNT"},"type":"Feature"},{"geometry":{"coordinates":[5.508845,60.550359999999998],"type":"Point"},"id":"heritage-ut-145299164","properties":{"description":"Veien slynger seg oppover 17 skarpe hårnålssvinger og har en stigning på 27%. Etter det ble gjort en restaurering av veien i 1978 har veien fått status som kulturminne. Kossdalsveien var tidligere hovedveien mellom Hosanger og bygdene østen...","elevation":141,"name":"Kossdalen\/Kossdalsvingene","source":"UT.no\/DNT"},"type":"Feature"},{"geometry":{"coordinates":[12.315961,60.104047999999999],"type":"Point"},"id":"heritage-ut-145302449","properties":{"description":"Ruiner av Dampsag, deler av dampkjelen inntakt, som var i bruk fram til midten av 1900-tallet. Bygningene brant på slutten av 1900-tallet. Restene av saga står på tomten til Austmarka Bygdetun.","elevation":179,"name":"Skullerud Dampsag","source":"UT.no\/DNT"},"type":"Feature"},{"geometry":{"coordinates":[11.082503000000001,59.815423000000003],"type":"Point"},"id":"heritage-ut-145302450","properties":{"description":"Tidligere seter, og seinere husmannsplass (fra ca 1815) under Børter i EnebakkHoltoppsetra var i drift fra begynnelsen av 1800-tallet til ca 1890. I dag rester etter en steinbu på vollen.Under krigen gikk flyktningeruta Timian gjennom tunet...","elevation":311,"name":"Holtoppsetra","source":"UT.no\/DNT"},"type":"Feature"},{"geometry":{"coordinates":[10.945048999999999,59.833449999999999],"type":"Point"},"id":"heritage-ut-145302452","properties":{"description":"I bratthenget ved Simmingsmyr lå milorghytta Ørneredet. Milorggruppe 13134 fra Nordstrand hadde base her under krigen. Det er knapt synlige spor etter hytta i dag.Thorolf Røberg var jeger i Milorg-gruppe Nordstrand 13134. Her forteller han ...","elevation":242,"name":"Ørneredet","source":"UT.no\/DNT"},"type":"Feature"},{"geometry":{"coordinates":[7.2518570000000002,60.667872000000003],"type":"Point"},"id":"heritage-ut-145302453","properties":{"description":"Hallingskeid er et tidlegare stølsområde og i dag ein stasjon på Bergensbanen. Hallingskeid ligg ved enden av Hallingskeidvegen, som følger slepet frå førreformatorisk tid fra Osa til markedsplassen på Hallingskeid. I det opne terrenget ned...","elevation":1103,"name":"Hallingskeid","source":"UT.no\/DNT"},"type":"Feature"},{"geometry":{"coordinates":[6.3083289999999996,60.067940999999998],"type":"Point"},"id":"heritage-ut-145302454","properties":{"description":"Vinduet\" er navn på utspylingsluka for brevannstunnelen som går under Folgefonna til Austrepollen, og også navnet på boligkvarteret som ble bygget der under anleggsarbeidet med utspylingstunnelen.Opprinnelig funksjon: EnergiforsyningHistori...","elevation":890,"name":"Vinduet","source":"UT.no\/DNT"},"type":"Feature"},{"geometry":{"coordinates":[10.975458,59.693201000000002],"type":"Point"},"id":"heritage-ut-145302458","properties":{"description":"Breimåsan ligger på nordsida av den urgamle veien som kom fra Sander i Ski og gikk forbi Tørje og videre mot Svikebøl. Måsan ligger omtrent 500 meter øst for Viedalen, og vel en km vest for Tørje. Det gamle eiendoms-delet mellom Vien og Unå...","elevation":220,"name":"Torvuttaket på Breimåsan","source":"UT.no\/DNT"},"type":"Feature"},{"geometry":{"coordinates":[11.315300000000001,59.514699999999998],"type":"Point"},"id":"heritage-ut-145302462","properties":{"elevation":170,"name":"Gammel skyteblokk","source":"UT.no\/DNT"},"type":"Feature"},{"geometry":{"coordinates":[8.0062090000000001,63.466005000000003],"type":"Point"},"id":"heritage-ut-145305139","properties":{"description":"Ved Hopen Brygge finner du monumentet over Oscar Tybring, grunnleggeren av Redningsselskapet. Ifølge historien skal et skipsforlis på Smøla ha vært noe av bakgrunnen for at legen Oscar Tybring reiste land og strand rundt og agiterte for dan...","name":"Monumentet over Oscar Tybring","source":"UT.no\/DNT"},"type":"Feature"},{"geometry":{"coordinates":[15.461736999999999,66.738681],"type":"Point"},"id":"heritage-ut-145305141","properties":{"description":"FANGELEIREN VED LØNSDAL: Fangeleiren ved Lønsdal lå på sletten hvor Lønsdal Polarsirkel hotell ligger idag. Fangene, som var sovjetiske krigsfanger, arbeidet mest med jernbaneanlegget Nordlandsbanen. De måtte i tillegg bygge kraftstasjonen ...","elevation":509,"name":"Lønsdal krigsminne","source":"UT.no\/DNT"},"type":"Feature"},{"geometry":{"coordinates":[14.963761,66.597151999999994],"type":"Point"},"id":"heritage-ut-145305812","properties":{"description":"En ruin etter ei av telegrafhyttene Fjellstue som var sikring og tilsynshytte i forbindelse med arbeidet langs telegraflinja. Les mer om Gila på Kulturminnesøk","elevation":606,"name":"Gila - Telegrafstue nr 5","source":"UT.no\/DNT"},"type":"Feature"},{"geometry":{"coordinates":[11.321717,60.096758999999999],"type":"Point"},"id":"heritage-ut-145306524","properties":{"description":"Hvamsetra var tidligere husmannsplass under Store Hvam, det vi i dag kjenner som Gamle Hvam. Midt på 1800-tallet bodde 35-40 personer på boplasser i området, alle så nær hverandre at de kunne høre hana`n gale hos naboen. De siste som bodde ...","elevation":186,"name":"Hvamsetra","source":"UT.no\/DNT"},"type":"Feature"},{"geometry":{"coordinates":[10.559767000000001,59.706561000000001],"type":"Point"},"id":"heritage-ut-145307243","properties":{"description":"Beskrivelse: Historisk viktig sund der båtene ble dratt over for å slippe å ro helt om Nordøya av HåøyaHåøya var tidligere adskilt i tre øyer, Sørøya, Mellomøya og Nordøya. Opp mot vår tid har landhevningen medført at øyene ikke lenger skil...","elevation":4,"name":"Dragsund","source":"UT.no\/DNT"},"type":"Feature"},{"geometry":{"coordinates":[10.629477,59.659627999999998],"type":"Point"},"id":"heritage-ut-145307244","properties":{"description":"eskrivelse: Huset der fergekvinnen Jacobine bodde med sine åtte barnHuset Jacobine Wilhelmsen bodde i ligger i Hamborgveien like opp for sjøen. Her bodde hun etterhvert som enke med sine åtte bran. Sjekta si hadde hun like nedenfor på stran...","elevation":3,"name":"Jacobinestua (privat bolig)","source":"UT.no\/DNT"},"type":"Feature"},{"geometry":{"coordinates":[7.5028560000000004,60.828479999999999],"type":"Point"},"id":"heritage-ut-145307245","properties":{"description":"Gravsted opprettet 1859 fordi det var ugjørlig å få bragt de døde til kirkegården på Aurlandsvangen. Flere av navnene peker østover mot Hol og Ål. Her ligger 27 mennesker begravet. Minneplaten på gravstedet viser at mange døde under spanske...","elevation":819,"name":"Fjellkirkegård","source":"UT.no\/DNT"},"type":"Feature"},{"geometry":{"coordinates":[6.4778000000000002,60.083798000000002],"type":"Point"},"id":"heritage-ut-145307965","properties":{"description":"Ridestien er stedvis en bred sti, stedvis en kjerrevei som slynger seg i fine svinger oppover Tokheimsskaret. Over tregrensa, etter at stien krysser Tokheimselva, er vegen tilrettelagt med oppmuringer flere steder. Murene er kraftige og god...","elevation":1135,"name":"Ridestien","source":"UT.no\/DNT"},"type":"Feature"},{"geometry":{"coordinates":[6.5187710000000001,60.082779000000002],"type":"Point"},"id":"heritage-ut-145307967","properties":{"description":"Ridestien er stedvis en bred sti, stedvis en kjerrevei som slynger seg i fine svinger oppover Tokheimsskaret. Over tregrensa, etter at stien krysser Tokheimselva, er vegen tilrettelagt med oppmuringer flere steder. Murene er kraftige og god...","elevation":198,"name":"Ridestien fra Tokheim","source":"UT.no\/DNT"},"type":"Feature"},{"geometry":{"coordinates":[6.3048109999999999,60.087232],"type":"Point"},"id":"heritage-ut-145307968","properties":{"description":"Ridestien til Breidablikk begynner i Sunndal og går delvis langs den gamle Gardshammarvegen oppover mot Folgefonna. I det bratteste partiet opp Hillerslia svinger stien seg oppover i 18 krappe svinger. Den første svingen kalles Øykjabenken....","elevation":674,"name":"Ridestien til Breidablikk","source":"UT.no\/DNT"},"type":"Feature"},{"geometry":{"coordinates":[6.2844259999999998,60.095939999999999],"type":"Point"},"id":"heritage-ut-145307969","properties":{"description":"Kjerreveien fra Sundal opp til Bondhusvatn ble anlagt i 1862\/1863 for å frakte is fra Bondhusbreen til ventende skip i havna. Isen ble fraktet med robåter over Bondhusvann og videre ned til fjorden med hest, hvor den ble lastet på skip som ...","elevation":161,"name":"Smio","source":"UT.no\/DNT"},"type":"Feature"},{"geometry":{"coordinates":[6.3487169999999997,60.075487000000003],"type":"Point"},"id":"heritage-ut-145307970","properties":{"description":"Ved de små tjernene ved Fonnabu er det noen streker i fjellet. Det har vært debattert om strekene er menneskeskapte, eller et resultat av breens bevegelser. Les mer på Kulturminnesøk","elevation":1444,"name":"Streker i fjellet","source":"UT.no\/DNT"},"type":"Feature"},{"geometry":{"coordinates":[6.3068479999999996,60.086069999999999],"type":"Point"},"id":"heritage-ut-145307971","properties":{"description":"Seter tilhørende Sundal gård. To hus oppført med med tømra vegger med vindfang, samt uthus. Historiske opplysninger: Første skriftlige dokumentasjon av Gardshammarstølen (også kalt Garshamar) er fra 1580, men trolig har det vært utmarksbruk...","elevation":745,"name":"Gardshammarstølen","source":"UT.no\/DNT"},"type":"Feature"},{"geometry":{"coordinates":[11.392688,62.576954000000001],"type":"Point"},"id":"heritage-ut-145311579","properties":{"description":"Bergstaden Røros som i 1980 ble innskrevet på UNESCOS liste over verdensarvsteder.","elevation":652,"name":"Bergstaden Røros","source":"UT.no\/DNT"},"type":"Feature"},{"geometry":{"coordinates":[11.830427999999999,62.498711],"type":"Point"},"id":"heritage-ut-145311583","properties":{"description":"Fjølburøsta er ei seter under Mikkelsgården i Feragen.Navnet Fjølburøsta kommer kanskje av at i middelalderen ble det satt opp enkle fjølbuer for å huse pilegrimer på veg til Nidaros.Det eldste huset som står i dag, ble bygget i 1845, men t...","elevation":692,"name":"Fjølburøsta seter","source":"UT.no\/DNT"},"type":"Feature"},{"geometry":{"coordinates":[11.899562,62.471274999999999],"type":"Point"},"id":"heritage-ut-145311596","properties":{"description":"Her gikk malmveien fra gruvene i Storwartzfeltet til Femundshytta smeltehytte. Malmen ble kjørt med hest eller okse langs vann og vassdrag til Nordvika på vinterføre. Her hvor transporten gikk over land ser vi forurensing av tungmetaller et...","elevation":660,"name":"Malmveien i Femunden","source":"UT.no\/DNT"},"type":"Feature"},{"geometry":{"coordinates":[8.6606480000000001,61.152160000000002],"type":"Point"},"id":"heritage-ut-145311601","properties":{"description":"Kvamskleiva er ein strekning av Den Bergenske Kongevegen Kristiania - Bergen. Vegen vart bygd etter kongeleg forordning og åpna i 1793. Vegane vart bygd etter dåtida sin ideologi for vegbygging – «det franske prinsipp» – med mest mogleg ret...","elevation":516,"name":"Kongevegen Kvamskleiva","source":"UT.no\/DNT"},"type":"Feature"},{"geometry":{"coordinates":[14.432766000000001,67.272283999999999],"type":"Point"},"id":"heritage-ut-145313068","properties":{"description":"Under andre verdenskrig opprettet tyskerne to fangeleirer i Skeiddalen, med tilsammen 144 fanger. Steinblokkene fra steinbruddet der ble brukt til festningsanlegg, og fortsatt ligger det begravd lik fra krigstida, uten at noen har lyktes i ...","elevation":10,"name":"Krigsfangeleiren","source":"UT.no\/DNT"},"type":"Feature"},{"geometry":{"coordinates":[11.320125000000001,59.519914999999997],"type":"Point"},"id":"heritage-ut-145319684","properties":{"description":"Husmannsplassen midt i Sameia har fått sitt navn etter en av de små dammene som finnes i området. Dette var en plass under Sør-Bjørnstad, men ble skilt ut som selvstendig småbruk i 1848. Jorda var lettbrukt, ca. 10 dekar innmark på den tida...","elevation":194,"name":"Dammen","source":"UT.no\/DNT"},"type":"Feature"},{"geometry":{"coordinates":[5.3360399999999997,61.601163],"type":"Point"},"id":"heritage-ut-145324115","properties":{"description":"Posten Ospedal - ferdselsvegen ligg på 97 moh aust for huset i Ospedalen . Ved huset kan du gå sørover til Jagedalen og Jagedalsvatnet. Dette er ein tur for deg som liker utfordringen med å finne fram etter gamle tråkk. Den kan gåast som ei...","elevation":97,"name":"Ospedal - ferdselsvegen","source":"UT.no\/DNT"},"type":"Feature"},{"geometry":{"coordinates":[11.255452,59.672910000000002],"type":"Point"},"id":"heritage-ut-145326359","properties":{"description":"I skogen ned mot Øyeren på søndre Håkås ligger det et kapell som er bygget over graven til Peter Christian Bech, som døde i 1818. Inne i kapellet er det ei minnetavle over han, og det er han selv som har forfattet teksten. Peter Christian B...","elevation":142,"name":"Bechs kapell","source":"UT.no\/DNT"},"type":"Feature"},{"geometry":{"coordinates":[11.417603,59.619295999999999],"type":"Point"},"id":"heritage-ut-145326360","properties":{"description":"Trolldansen består av totalt 7 store steiner plassert i en ring med en stein i midten. Ringen han en diameter på 4,4 meter og steinene stikker 25–75 cm over bakken. Hovedregelen for slike steinringer er at antall steiner i ringen er oddetal...","elevation":155,"name":"Trolldansen","source":"UT.no\/DNT"},"type":"Feature"},{"geometry":{"coordinates":[11.463229999999999,59.615977999999998],"type":"Point"},"id":"heritage-ut-145327118","properties":{"description":"Langs stien sør for Oppskott, etter å ha passert Damtjerna, dukker noen kjempemessige steinblokker i spiss formasjon opp på venstre side oppe i dalsiden. Dette er Trollkjerka – eller «Trøllkjørka» som de sier i Østre Trøgstad. Ca. 15 kjempe...","elevation":242,"name":"Trollkjerka","source":"UT.no\/DNT"},"type":"Feature"},{"geometry":{"coordinates":[11.164246,59.585436999999999],"type":"Point"},"id":"heritage-ut-145330129","properties":{"description":"Solbergfossbanen var en 7,9 km lang privatbane fra Askim til Solbergfoss ved Glomma. Banen hadde sportilknytning til Østfoldbanens Østre linje. Den ble bygget av Kristiania (Oslo) kommune og stod ferdig i 1917. Banen ble anlagt for å frakte...","elevation":131,"name":"Solbergfossbanen","source":"UT.no\/DNT"},"type":"Feature"},{"geometry":{"coordinates":[11.076458000000001,59.590997000000002],"type":"Point"},"id":"heritage-ut-145330130","properties":{"description":"Prestegården spilte en viktig rolle i 1814. Det var her kong Christian Frederik holdt statsråd 8. august, dette ble senere kjent som Spydebergstatsrådet, og ble utgangspunkt for unionstraktaten med Sverige. Dette ble fullført som Konvensjon...","elevation":114,"name":"Spydeberg Prestegård","source":"UT.no\/DNT"},"type":"Feature"},{"geometry":{"coordinates":[5.1360409999999996,61.496710999999998],"type":"Point"},"id":"heritage-ut-145331649","properties":{"description":"Posten Svanøy Gruver er på sørsida 23 moh av det gamle vasketårnet. Lett stigning og deretter flatt fram til gamle gruveruinar . Dette er vasketårnet der dei skilte ut kopar frå svovelkis. Uttak av svovel i gruvene på Svanøy pågjekk i perio...","elevation":23,"name":"Svanøy Gruver","source":"UT.no\/DNT"},"type":"Feature"},{"geometry":{"coordinates":[11.538375,59.567357000000001],"type":"Point"},"id":"heritage-ut-145331657","properties":{"description":"Plassen oppsto opprinnelig som seterplass, og gikk over til bebodd husmannsplass under nordre Vikeby i Rødenes midt på 1700-tallet. Plassen ligger isolert ved sørenden av Hungervannet – midt mellom Rødenes og Hærland. Stier går ut fra plass...","elevation":179,"name":"Myrseter","source":"UT.no\/DNT"},"type":"Feature"},{"geometry":{"coordinates":[11.483993999999999,59.595925000000001],"type":"Point"},"id":"heritage-ut-145331661","properties":{"description":"Dette er opprinnelig en seterplass under Dal gård i Indre Østfold kommune. Her har det sannsynligvis vært seterdrift fra 1600-tallet. Ei flytebru av tømmerstokker ved sundet i Nøklevann var lagt for å frakte buskapen fram og tilbake til set...","elevation":184,"name":"Dalsetra","source":"UT.no\/DNT"},"type":"Feature"},{"geometry":{"coordinates":[11.269507000000001,59.566220000000001],"type":"Point"},"id":"heritage-ut-145331665","properties":{"description":"Sletner er trolig et av de områdene som først og fremst ble tatt i bruk på denne kanten av Eidsbergbygda, etter alt å dømme i de første århundrene av vår tidsregning. Et funn på Sletner av en rekke gullgjenstander tyder på at område var sen...","elevation":130,"name":"Sletner","source":"UT.no\/DNT"},"type":"Feature"},{"geometry":{"coordinates":[11.534884999999999,59.617111999999999],"type":"Point"},"id":"heritage-ut-145333983","properties":{"description":"Basmo festning var en liten grensefestning i Marker kommune. Beliggende mellom Rødenesjøen og Hemnessjøen. Festning ble bygd for å stoppe svenskene etter at Norge mistet Bohuslen i 1658. Festningen ble bygget som en tårnfestning og ble påbe...","elevation":199,"name":"Basmo festning","source":"UT.no\/DNT"},"type":"Feature"},{"geometry":{"coordinates":[11.009357,59.673802999999999],"type":"Point"},"id":"heritage-ut-145334000","properties":{"description":"Markensjordet ligger langs veien nordover fra låven på Vegger. Når det var slutt på Momarkedet, fortsatte man med marked på Vegger. Dette skjedde ved Mikkelsmesse-tider (29. sept). Blandt folk het dette Martensplass eller Martnaen. Eldre fo...","elevation":125,"name":"Markedsplass","source":"UT.no\/DNT"},"type":"Feature"},{"geometry":{"coordinates":[11.012034999999999,59.671084],"type":"Point"},"id":"heritage-ut-145334001","properties":{"description":"Det ligger en stor og prektig gravhaug på Sollis eie, 250 m øst for hovedbygningen på Vegger. Det står ei svær eik der. Haugen er merkelig nok ikke registrert. Det har gått en gammel vei forbi på østsida, like nedunder bergkula som haugen l...","elevation":130,"name":"Gravminne","source":"UT.no\/DNT"},"type":"Feature"},{"geometry":{"coordinates":[4.8636379999999999,61.706102000000001],"type":"Point"},"id":"heritage-ut-145334002","properties":{"description":"Punktet er i Hovdevåg 7 moh ved den 2,5 meter høge minnesteinen etter Johan Schumann - sauehaldar på Hovden. På ein bergknause i Hovdevåg står det ei kring 2,5 meter høg steinstøtte til minne om Johan Schumann. Minnesteinen vart reist samst...","elevation":7,"name":"Hovdevåg -Johan Schumann - sauehaldar på Hovden","source":"UT.no\/DNT"},"type":"Feature"},{"geometry":{"coordinates":[11.015419,59.671407000000002],"type":"Point"},"id":"heritage-ut-145334775","properties":{"description":"Solli er avmerket på kartet 1799. Det har vært husmannsplass og ble frasolgt i 1949. I folketellingen 1900 er Anton Andersen fra Eidsberg oppgitt å bo der. Han var husmann med jord. Kona, Getta Thoresdatter fra Fet steller hus og fjøs. De h...","elevation":127,"name":"Vegger\/Solli Gårdsbruk","source":"UT.no\/DNT"},"type":"Feature"},{"geometry":{"coordinates":[11.007514,59.669556999999998],"type":"Point"},"id":"heritage-ut-145334776","properties":{"description":"Grunnmurene er fremdeles synlige i skogsnaret mellom Knatrebakk-jordet og Ulrikken (jordet nedenfor lunden), vel 50 meter øst for den gamle hovedveien til Hobøl. Skolen var antagelig halvfast samtidig med skolen ved Tomter Kirke. Delet mell...","elevation":125,"name":"Vegger skole","source":"UT.no\/DNT"},"type":"Feature"},{"geometry":{"coordinates":[11.005089,59.671613999999998],"type":"Point"},"id":"heritage-ut-145334777","properties":{"description":"Den gamle kongeveien gikk omtrent rett fra Vegger og Føsker. Den kom ned fra Vegger der hvor gårdsveien går nå, og fortsatte rett opp bakken på Føskersida av bekken. Denne bakken het Verksbakken. Den gamle kongeveien ble omlagt først i dett...","elevation":115,"name":"Veianlegg – Den gamle kongeveien","source":"UT.no\/DNT"},"type":"Feature"},{"geometry":{"coordinates":[11.009536000000001,59.690697999999998],"type":"Point"},"id":"heritage-ut-145334778","properties":{"description":"Stedet er ikke avmerket i 1799, men her har det har vært husmannsplass under Unås. Den lå snaut 100 meter syd for Høgbråtatoppen. Det er sannsynlig at den gamle urveien mellom Svikebøl og Ski har gått mellom toppen og hytta. Det er -avsetni...","elevation":268,"name":"Husmannsplassen Høybråtahytta","source":"UT.no\/DNT"},"type":"Feature"},{"geometry":{"coordinates":[11.02178,59.685220000000001],"type":"Point"},"id":"heritage-ut-145334780","properties":{"description":"Feltet består av 8 intakte dyregraver og flere mindre tufter. Ingvar Hoff skriver om hele området her: I vestkanten av Kloppmyra går terrenget over i en halvrund sandflate. Langs nordknten av myra og denne sandflata løper en lang, sammenhen...","elevation":206,"name":"Fangstanlegget ved «Septons pass»","source":"UT.no\/DNT"},"type":"Feature"},{"geometry":{"coordinates":[11.018649,59.686199000000002],"type":"Point"},"id":"heritage-ut-145334781","properties":{"description":"Husmannsplassen lå på Svigebøls eie, men hele området – også det som går inn i Unaasskauen kalles for Holtet. På kartet fra 1799 er det avmerket en husmannsplass der, men jeg har vanskelig for å tyde navnet. Det ser ut for å være et annet n...","elevation":196,"name":"Husmannsplassen Holtet","source":"UT.no\/DNT"},"type":"Feature"},{"geometry":{"coordinates":[11.023521000000001,59.684752000000003],"type":"Point"},"id":"heritage-ut-145334782","properties":{"description":"Dette er ei blaut myr mellom Rakelhytta og Holtet. Urveien måtte gå over denne myra. Det er trolig at det har vært kavlebru over et stykke av myra innimot åsen. Navnet tyder på det. Feltet med dyregraver begynner straks vestafor myra.","elevation":203,"name":"Kloppmyra","source":"UT.no\/DNT"},"type":"Feature"},{"geometry":{"coordinates":[11.028860999999999,59.685599000000003],"type":"Point"},"id":"heritage-ut-145334783","properties":{"description":"Rakelhytta også kalt Grauthølet, er avmerket på kartet år 1799, men det ser ikke ut til at den er med i folketellingen i 1900. Det betyr vel at stedet var ubebodd da. Sagnet sier at det har bodd en særling het som het Jakop der. Han skal ha...","elevation":202,"name":"Husmannsplassen Rakelhytta","source":"UT.no\/DNT"},"type":"Feature"},{"geometry":{"coordinates":[10.999280000000001,59.685813000000003],"type":"Point"},"id":"heritage-ut-145334784","properties":{"description":"Tyrihjellen er gammelt, det er avmerket på kartet i 1799 som hytte. Jordveien blir ikke lengre brukt, uthusa er revet, framhuset er restaurert flere ganger og brukes nå som fritidshus. Den siste som brukte jorda var Ella og Svend Svendsen. ...","elevation":209,"name":"Husmannsplassen Tyrihjellen","source":"UT.no\/DNT"},"type":"Feature"},{"geometry":{"coordinates":[11.000969,59.688302],"type":"Point"},"id":"heritage-ut-145334785","properties":{"description":"Nedlagt husmannsplass under Unås. Avmerket med trekant på kartet i 1799 (Hauane). På det økonomiske kart fra 1963 betegnet som Vardåsen. Hustomtene er godt synlige. Stua lå på østkanten og uthusa på vestkanten av selve ryggen. Det har vært ...","elevation":255,"name":"Tårnet og husmannsplassen Hauane","source":"UT.no\/DNT"},"type":"Feature"},{"geometry":{"coordinates":[9.1770329999999998,62.696136000000003],"type":"Point"},"id":"heritage-ut-145339521","properties":{"description":"På vei mellom Vassendsetra og Bårdsgården kan du se etter de mange fangstgropene mellom Halsen og Gråhaugtjønna. Rekken med groper starter like vest for stikrysset på Halsen, krysser stien til Vassendsetra etter ca 110 meter nord for skilts...","elevation":820,"name":"Gamle fangstgroper ved Vassendsetra","source":"UT.no\/DNT"},"type":"Feature"},{"geometry":{"coordinates":[11.436246000000001,59.605831999999999],"type":"Point"},"id":"heritage-ut-145341120","properties":{"description":"Bygdeborgene våre stammer fra folkevandringstiden, rundt 300–600 år. e.Kr. Dette var en urolig tid, noe som krevde at de fastboende måtte bygge tilfluktsteder. Bygdeborgene ble plassert på åsrygger, med en eller flere naturlig bratte sider,...","elevation":212,"name":"Festningsåsen (Tvillingborgene)","source":"UT.no\/DNT"},"type":"Feature"},{"geometry":{"coordinates":[11.433807,59.607709],"type":"Point"},"id":"heritage-ut-145341121","properties":{"description":"Bygdeborgene våre stammer fra folkevandringstiden, rundt 300–600 år. e.Kr. Dette var en urolig tid, noe som krevde at de fastboende måtte bygge tilfluktsteder. Bygdeborgene ble plassert på åsrygger, med en eller flere naturlig bratte sider,...","elevation":194,"name":"Bæljeråsen (Tvillingborgene)","source":"UT.no\/DNT"},"type":"Feature"},{"geometry":{"coordinates":[11.369164,59.410944000000001],"type":"Point"},"id":"heritage-ut-145341905","properties":{"description":"Rakkestad kirke ble bygget allerede på 1200-tallet, midt i den mørke middelalderen. I middelalderen var det katolsk lære i kirkene – gudstjenestene ble holdt på latin og helgendyrkelse stod sterkt. Kirken var opprinnelig en steinkirke i rom...","elevation":109,"name":"Rakkestad middelalderkirke","source":"UT.no\/DNT"},"type":"Feature"},{"geometry":{"coordinates":[11.365187000000001,59.40842],"type":"Point"},"id":"heritage-ut-145341906","properties":{"description":"«Fangdammen er et konstruert våtmarksområde der naturens selvrensingsprosesser er forsøkt optimalisert, slik at bekken blir renset før den renner videre ut i Rakkestadelva. Fangdammen består av to komponender: sedimensasjonskammer og våtmar...","elevation":94,"name":"Fangdam","source":"UT.no\/DNT"},"type":"Feature"},{"geometry":{"coordinates":[15.013115000000001,66.760555999999994],"type":"Point"},"id":"heritage-ut-145345913","properties":{"description":"I forbindelse med trekking av telefonlinje over Saltfjellet i 1911 ble det bygd et stolpelager ved Midtistua. Restene etter stolpelageret ligger i rett linje ca. 50 meter SSØ for telegrafstua. Tufta er orientert nord-sør og har ytre mål 8,5...","elevation":707,"name":"Ruin etter stolpelager","source":"UT.no\/DNT"},"type":"Feature"},{"geometry":{"coordinates":[14.981350000000001,66.727232999999998],"type":"Point"},"id":"heritage-ut-145345914","properties":{"description":"På ei flat slette vest for Stalloroggi, et fjellpass som som skjærer seg øst - vestlig retning gjennom Sørenden av Midtistufjellet mellom Bjellådalen og Riebivagge, ligger ei flat slette som har vært brukt som kalvings- og merkeplass for sa...","elevation":675,"name":"Stallaroggi","source":"UT.no\/DNT"},"type":"Feature"},{"geometry":{"coordinates":[11.004020000000001,59.679209],"type":"Point"},"id":"heritage-ut-145349260","properties":{"description":"Ei kjone er et tørkehus for korn, malt og lin. De ble ofte laftet i to etasjer, i underetasjen var det ildsted og i andre var det tørkerom. Etasjeskillet hadde åpninger for å slippe varmen opp til tørkerommet.","elevation":158,"name":"Kjone","source":"UT.no\/DNT"},"type":"Feature"},{"geometry":{"coordinates":[10.960773,59.932046],"type":"Point"},"id":"heritage-ut-145350946","properties":{"description":"Kjenn gård ble trolig ryddet i vikingtida. Det er antatt at navnet opprinnelig var tjorn eller tjarn, som betyr tjern. Gården lå øde i senmiddelalderen. Det er ikke kjent noen ny bruker før i 1612. Kjenn gård ble i 1897 delt i ti deler (der...","elevation":172,"name":"Kjenn Gård (Lørenskog Rådhus)","source":"UT.no\/DNT"},"type":"Feature"},{"geometry":{"coordinates":[10.958043999999999,59.920231999999999],"type":"Point"},"id":"heritage-ut-145350947","properties":{"description":"Skårer gård ble trolig ryddet i sen vikingtid. Gården lå øde i senmiddelalderen, og først i 1593 er det kjent en bruker igjen. Fra 1950 skjedde en økning i utbyggingen i Lørenskog. Store deler av gårdens jord ble solgt eller ekspropriert ti...","elevation":182,"name":"Skårer gård","source":"UT.no\/DNT"},"type":"Feature"},{"geometry":{"coordinates":[10.948515,59.923200999999999],"type":"Point"},"id":"heritage-ut-145350948","properties":{"description":"Rolvsrud ble ryddet i kristen tid. På 1300-tallet ble Nonneseter kloster eier av Rolvsrud gård. Gården lå øde i senmiddelalderen, og det er ikke kjent noen bruker før 1617. I 1759 ble gården delt i Søndre og Nordre Rolvsrud. Nordre Rolvsrud...","elevation":177,"name":"Rolvsrud gård","source":"UT.no\/DNT"},"type":"Feature"},{"geometry":{"coordinates":[10.950972,59.917774000000001],"type":"Point"},"id":"heritage-ut-145350949","properties":{"description":"Benterud nevnes som husmannsplass under Løken gård fra 1730-tallet. I 1862 ble Benterud skilt ut som eget bruk. Det har blitt sagt at tømmerlass som skulle til Oslo fra Enebakk ikke kom frem på grunn av dårlig føre. Furutømmeret ble liggend...","elevation":176,"name":"Benterud gård","source":"UT.no\/DNT"},"type":"Feature"},{"geometry":{"coordinates":[10.962332,59.917420999999997],"type":"Point"},"id":"heritage-ut-145350950","properties":{"description":"Gårdsnavnet Løken er svært gammelt og stammer fra før vikingtid. Selve gården kan være ryddet før eller i vikingtid. I gammelnorsk tid var gården delt i en nordre og en søndre gård, hvor den søndre ble lagt ned i senmiddelalderen mens den n...","elevation":183,"name":"Løken gård","source":"UT.no\/DNT"},"type":"Feature"},{"geometry":{"coordinates":[10.955173,59.929037999999998],"type":"Point"},"id":"heritage-ut-145350951","properties":{"description":"Solheim gård ble revet i forbindelse med at fylkesvei 158 gjennom Lørenskog ble utvidet til fire felts motorvei til Knatten i 1982 og fikk da nytt navn, riksvei 159. Motorveien og Rælingstunnelen mellom Lørenskog og Lillestrøm ble fullført ...","elevation":167,"name":"Solheim gård","source":"UT.no\/DNT"},"type":"Feature"},{"geometry":{"coordinates":[14.999674000000001,66.622991999999996],"type":"Point"},"id":"heritage-ut-145351793","properties":{"description":"Reindriftssamenes flyttveier mellom øst og vest krysset Bjellådalen flere steder. En hovedrute gikk vestover nord for Bolna til Bjellådalen, videre over Lappflytterskaret, gjennom Vestergila og Hedningefjellene, ned til Stormdalens øvre del...","elevation":788,"name":"Lappflyttskaret","source":"UT.no\/DNT"},"type":"Feature"},{"geometry":{"coordinates":[14.950188000000001,66.563338999999999],"type":"Point"},"id":"heritage-ut-145351794","properties":{"description":"I forbindelse med strekkinga av telegraflinja over Saltfjellet i 1866 – 67 ble det anlagt en anleggsveg, kjørbar for hest, innover fjellet på den 62 km lange strekningen mellom Bjellånes i Rana og Rusånes i Saltdal. Den gamle veien er synli...","elevation":450,"name":"Gammelt veganlegg","source":"UT.no\/DNT"},"type":"Feature"},{"geometry":{"coordinates":[11.347950000000001,59.430250999999998],"type":"Point"},"id":"heritage-ut-145353494","properties":{"description":"Bygdetunet er et friluftsområde, ca. 500 m nord for Rakkestad sentrum. Det er Rakkestad kommune som eier og drifter bygdetunet. Rakkestad bygdetun består i hovedsak av en park og et tun bestående av 11 bygninger. Les om historien til byggen...","elevation":123,"name":"Rakkestad bygdetun","source":"UT.no\/DNT"},"type":"Feature"},{"geometry":{"coordinates":[10.978751000000001,59.651285999999999],"type":"Point"},"id":"heritage-ut-145354362","properties":{"description":"Plundropp var husmannsplass under Tolfshus. Stedet ligger på vestsida av Solbergbekken. Utveien gikk over Solbergbekken til Tolfshus. Den veien er bratt og det er virkelig plundrete å komme dit opp. Det fortelles at bonden hengte opp et kle...","elevation":114,"name":"Plundropp (Nordre Tolfshus)","source":"UT.no\/DNT"},"type":"Feature"},{"geometry":{"coordinates":[10.992267,59.667333999999997],"type":"Point"},"id":"heritage-ut-145354363","properties":{"description":"Det har vært ei bekkekvenn eller mølle i bekken mellom Føsker og Stokstad, litt høyere opp enn der hvor bekken fra Vegger kommer inn. Mølla har tilhørt Føsker, som er eier på begge sider av bekken. Nedenfor dammen har også Øyen et jorde på ...","elevation":97,"name":"Mølledam","source":"UT.no\/DNT"},"type":"Feature"},{"geometry":{"coordinates":[10.993802000000001,59.671590000000002],"type":"Point"},"id":"heritage-ut-145354364","properties":{"description":"På vestsida av Føskerbekken lå det et vannhull - en brønn, som nå er gjennfylt. Vest for brua bøyde Kongeveien sydover, og rundet Dragonhullet langs overkanten. Det var tidligere en leirehole på oversida der. Den er å slettet. Veien svingte...","elevation":114,"name":"Dragonhølet","source":"UT.no\/DNT"},"type":"Feature"},{"geometry":{"coordinates":[10.988118999999999,59.661960000000001],"type":"Point"},"id":"heritage-ut-145354365","properties":{"description":"Det er rester av en oppmurt steindam i Solbergbekken, ca 50 m nord for jernbanebrua. En kan også se at det stikker opp stumper av de bakhun-bordene som var lagt foran dammen for å gjøre den tett. Grunneiere her er Øyen og Solberg på hver si...","elevation":78,"name":"Dam","source":"UT.no\/DNT"},"type":"Feature"},{"geometry":{"coordinates":[9.9408670000000008,63.553037000000003],"type":"Point"},"id":"heritage-ut-145355217","properties":{"description":"I 1978 ble Rissa rammet av det stlrste kvikkleireskredet i Norge på 1900-tallet. En persom omkom og store deler av grenda Rissa raste ut i innsjøen Botnen.","elevation":15,"name":"Minnesmerke etter Rissaraset","source":"UT.no\/DNT"},"type":"Feature"},{"geometry":{"coordinates":[9.9219200000000001,63.564794999999997],"type":"Point"},"id":"heritage-ut-145355218","properties":{"description":"Her var det kongsgård i vikingtia og det sies at Harald Hårfagre tok gården Rein til odel og eie da han la under seg Trøndelag på 870-tallet. Før den tid tyder det på at gården Rein hadde vært sete for bygdas høvdinger og at gården kan være...","elevation":45,"name":"Reins Kloster","source":"UT.no\/DNT"},"type":"Feature"},{"geometry":{"coordinates":[14.354378000000001,67.174070999999998],"type":"Point"},"id":"heritage-ut-145356115","properties":{"description":"Skånland er en storgård i Bodø kommune, Nordland , på østsiden av Beiarfjordens munning, cirka 25 kilometer sør for Bodø sentrum. Den er enkel å nå via Gjælentunet. Og ei ekstra overnatting på Gjælentunet setter storgården og småbruket i pe...","elevation":15,"name":"Skånland gård","source":"UT.no\/DNT"},"type":"Feature"},{"geometry":{"coordinates":[5.1752729999999998,59.230353000000001],"type":"Point"},"id":"heritage-ut-145356119","properties":{"description":"Minnesmerket ble reist til minne om Karmøyfiskere som har omkommet i ulykker på havet, i Amerikanske farvann.","elevation":6,"name":"Fishermen’s Memorial Ferkingstad","source":"UT.no\/DNT"},"type":"Feature"},{"geometry":{"coordinates":[9.0369899999999994,59.764156],"type":"Point"},"id":"heritage-ut-145356161","properties":{"description":"Før elva kaster seg nedover Rauajuva og videre ned gjennom den trange dalen, er det mye fløtningshistorie noe bl.a Rauatunellen er et synlig bevis på. Siste fløtning i Rauavassdraget var i 1968. Elva danner kommunegrensa mellom Notodden og ...","elevation":198,"name":"Rauas utløp","source":"UT.no\/DNT"},"type":"Feature"},{"geometry":{"coordinates":[8.5846999999999998,59.608040000000003],"type":"Point"},"id":"heritage-ut-145356163","properties":{"elevation":732,"name":"Stådalsosen","source":"UT.no\/DNT"},"type":"Feature"},{"geometry":{"coordinates":[8.6289099999999994,59.613019999999999],"type":"Point"},"id":"heritage-ut-145356165","properties":{"elevation":465,"name":"Grøppåstadgutua","source":"UT.no\/DNT"},"type":"Feature"},{"geometry":{"coordinates":[11.315996,60.077727000000003],"type":"Point"},"id":"heritage-ut-145359599","properties":{"description":"Røverskansen er en bygdeborg på delet mellom Ullensaker og Nes kommune. Navnet kommer av et sagn om røvere som skal ha holdt til på stedet. De fleste bygdeborger stammer fra Folkevandringstid, ca. 400-600 e. Kr. Bygdeborgene var forsvarsver...","elevation":271,"name":"Røverskansen","source":"UT.no\/DNT"},"type":"Feature"},{"geometry":{"coordinates":[11.003933999999999,59.684814000000003],"type":"Point"},"id":"heritage-ut-145363022","properties":{"description":"Maurestad er det slette området «bak» Unåssaga, og inn mot åsfoten. Det er tålig slett der, og jordsmonet er sand og morenejord. Det går en grusrygg utover fra åsen. Den kan godt være fortsettelsen av den eskeren som er så tydelig markert o...","elevation":195,"name":"Maurestad","source":"UT.no\/DNT"},"type":"Feature"},{"geometry":{"coordinates":[11.690756,59.758059000000003],"type":"Point"},"id":"heritage-ut-145375064","properties":{"description":"Felt bestående av i hvert fall 7 dyregraver på en tilnærmet rett rekke, orientert NØ-SV. Alle dyregravene er runde og har trestubber i bunn eller vegg. Diameter på gravene er ca. 4m og dybde er 0,7-1,5m. Ved den ene graven er det satt opp e...","elevation":209,"name":"Søndre Fagersandmoen, Fangstlokalitet","source":"UT.no\/DNT"},"type":"Feature"},{"geometry":{"coordinates":[11.441309,59.756605999999998],"type":"Point"},"id":"heritage-ut-145375065","properties":{"description":"På en flate i en sørøstvendt slak skråning ligger en grop og en hulvei. Hulveien er sannsynligvis førreformatorisk, gropa kan muligens være fra middelalder. Flaten avgrenses av mer kupert terreng i vest og øst og mer myrlendte områder i sør...","elevation":189,"name":"Hulvei og grop, Kullfremstillingsanlegg","source":"UT.no\/DNT"},"type":"Feature"},{"geometry":{"coordinates":[7.2437969999999998,60.662495999999997],"type":"Point"},"id":"heritage-ut-145375067","properties":{"description":"Markedsplass fra langt tilbake. Her var møttes folk fra øst og vest til handel og kappestrid.","elevation":1024,"name":"Prosjekt Nordmannsslepene - Hallingskeid, Handelsplass","source":"UT.no\/DNT"},"type":"Feature"},{"geometry":{"coordinates":[7.2154100000000003,60.657288000000001],"type":"Point"},"id":"heritage-ut-145375068","properties":{"description":"På austsida av Buadalsbrotet er terrenget grønare enn oppe i høgfjellet. Ned hit låg ikkje snøen og isen så lenge som på høgaste punktet. Ved stiskiljet mot Rembesdalsseter (DNT-hytte) er det registrert restar av busetnad i gamal tid. Plass...","elevation":1150,"name":"Buadalen, Bosetning-aktivitetsområde","source":"UT.no\/DNT"},"type":"Feature"},{"geometry":{"coordinates":[7.1956490000000004,60.656295999999998],"type":"Point"},"id":"heritage-ut-145375069","properties":{"description":"Innover fjellet her går ein etter T-merking og vardar, der dei eldste er plassert høgast i terrenget. Mange av vardane har retningsvisare, og andre er siktvardar. Vardane ligg langs Hallingskeidvegen – ei Historisk vandrerute som går fra Os...","elevation":1303,"name":"Buadalsbrotet, Merkestein","source":"UT.no\/DNT"},"type":"Feature"},{"geometry":{"coordinates":[7.1307780000000003,60.637312000000001],"type":"Point"},"id":"heritage-ut-145375074","properties":{"description":"Vegen frå Osa til Hallingskeid har vore nytta av bygdefolk og langvegsfarande gjennom tusenvis av år. I Ulvik, Eidfjord og i Ullensvang finn ein opparbeidde vegar med til dels omfattande tilrettelegging av trapper og steinsette parti. Vegen...","elevation":1282,"name":"Slepa Osa - Hallingskeid, Veganlegg","source":"UT.no\/DNT"},"type":"Feature"},{"geometry":{"coordinates":[10.540017000000001,59.680793999999999],"type":"Point"},"id":"heritage-ut-145375075","properties":{"description":"Nitroglycerincompagniets anlegg for sprengstoffproduksjon på Engene vart satt i drift i oktober 1876. Store deler av anlegget frå den tid er bevart. Det er også seinare utvidingar av bygningsmiljøet rundt sprengstoffabrikken. Sprengstoffpro...","elevation":5,"name":"Engene gamle dynamittfabrikk - Sætre, Industrianlegg","source":"UT.no\/DNT"},"type":"Feature"},{"geometry":{"coordinates":[8.3142790000000009,61.381518999999997],"type":"Point"},"id":"heritage-ut-145375076","properties":{"description":"Klart markert fangstgrop kant i kant med turiststi. Rester av ledegjerder i ØNØ- og VNV-hjørnet. Bunnen av fangstgropa er nesten fylt igjen av stein. Lengde på fangstgropa er ca 1,6m, bredden er 0,6m og dybden 0,5-1m.","elevation":1061,"name":"Fangstgrop, Sveen, Fangstlokalitet","source":"UT.no\/DNT"},"type":"Feature"},{"geometry":{"coordinates":[11.850668000000001,62.485256],"type":"Point"},"id":"heritage-ut-145375077","properties":{"description":"Steinalderboplass på flatt, steinrikt nes ved Feragelvas utløp.","elevation":656,"name":"Feragselva 8, Bosetning-aktivitetsområde","source":"UT.no\/DNT"},"type":"Feature"},{"geometry":{"coordinates":[11.879605,62.477145],"type":"Point"},"id":"heritage-ut-145375078","properties":{"description":"Steinalderlokalitet i utvasket sandstrand og mosegrodd terrasseskråning ned mot strandflata. Funn av gjenstander og skjørbrent stein i hele området, fra uti vannet og opp skråningen. Området har stor utstrekning (300-400m).","elevation":659,"name":"Feragshåen \/ L23, Bosetning-aktivitetsområde","source":"UT.no\/DNT"},"type":"Feature"},{"geometry":{"coordinates":[11.879016999999999,62.477195000000002],"type":"Point"},"id":"heritage-ut-145375079","properties":{"description":"Fangstanlegg med 10 fangstgroper ca. 30-50 m sør for vannkanten.","elevation":658,"name":"Feragshåen \/ L24, Fangstlokalitet","source":"UT.no\/DNT"},"type":"Feature"},{"geometry":{"coordinates":[21.718351999999999,69.402894000000003],"type":"Point"},"id":"heritage-ut-145375080","properties":{"description":"En stor rund tjæremile, med store kraftige voller, tre tydelige groper og en mer utydelig grop\/sjakt. En større sjakt leder ut gjennom vollen mot sørøst, hvor den svinger og følger vollen mot sør. Tjæremilas ytre mål er 14,5 meter mens de i...","elevation":112,"name":"Sieima, Tjærebrenningsanlegg","source":"UT.no\/DNT"},"type":"Feature"},{"geometry":{"coordinates":[7.0613789999999996,60.61927],"type":"Point"},"id":"heritage-ut-145375081","properties":{"description":"Stølen Ossete ligg halvannan times gange opp i Norddalen, om lag 530 moh. Ossete har vore nytta både som vår- og sommarstøl for kyr og geiter av bruka i Osa. Sauene har i beita i liene ovanfor stølen. Ossete har gode beite, og stølen er sam...","elevation":540,"name":"Ossete, Seter\/Støl","source":"UT.no\/DNT"},"type":"Feature"},{"geometry":{"coordinates":[7.4616530000000001,61.899355999999997],"type":"Point"},"id":"heritage-ut-145375086","properties":{"description":"Rester etter denne lille steinbua er ikke tidfestet, og det er heller ikke sikkert hva den ble brukt til. Men det var mye trafikk over fjellet mellom Stryn og Skjåk og denne type buer kan ha vært brukt som hvile- eller jaktbu.","elevation":1029,"name":"Lokalitet 15, Mølmen felt 2 nr.8, Bosetning-aktivitetsområde","source":"UT.no\/DNT"},"type":"Feature"},{"geometry":{"coordinates":[6.4987000000000004,59.169665999999999],"type":"Point"},"id":"heritage-ut-145375087","properties":{"description":"Steggjadalshelleren ligger ca. 100 m sør for stien, og like vest for stedsnavnet Helleren på kartet. Du må gå over elven og opp til de store steinblokkene som er markante i terrenget. Helleren er ikke synlig fra utsiden. Åpningen vender mot...","elevation":797,"name":"Steggjadalshelleren, Historisk arkeologisk lokalitet","source":"UT.no\/DNT"},"type":"Feature"},{"geometry":{"coordinates":[6.4888089999999998,59.165750000000003],"type":"Point"},"id":"heritage-ut-145375088","properties":{"description":"Brekkahelleren ligger rett før du når det høyeste punktet på vei opp fra Viglesdalen. Her har nok mange heikarer hvilt med driftene og søkt tilflukt i dårlig vær. Brekkehelleren er ikke bare én heller, men et helt anlegg med flere innhegnin...","elevation":798,"name":"Brekkahelleren, Historisk arkeologisk lokalitet","source":"UT.no\/DNT"},"type":"Feature"},{"geometry":{"coordinates":[6.673724,59.188862999999998],"type":"Point"},"id":"heritage-ut-145375089","properties":{"description":"Gråfollega lå ved en gammel fiskerbu som ble oppført av Nils fiskar fra Viglesdal i slutten av 1700-tallet. Etter denne bua har Nilsebu fått sitt navn. Navnet skal gråfollega ha stedet ha fått etter en grå hest, en fole, som ofte kom uoppfo...","elevation":732,"name":"Felægre","source":"UT.no\/DNT"},"type":"Feature"},{"geometry":{"coordinates":[6.5596560000000004,59.181814000000003],"type":"Point"},"id":"heritage-ut-145375090","properties":{"description":"Helleren ligger i ura over den gamle hytten på Stakken. Den har en flott oppmuring på begge sider av inngangen og måler innvendig 3,5 x 2 m og 1,3 m i tak. I flyttblokkene under denne helleren ligger en større saueheller.","elevation":785,"name":"Stakkahelleren, Historisk arkeologisk lokalitet","source":"UT.no\/DNT"},"type":"Feature"},{"geometry":{"coordinates":[6.6042199999999998,59.184007999999999],"type":"Point"},"id":"heritage-ut-145375091","properties":{"description":"Storhiller har i ulike perioder blitt brukt til driftelege, støl og jaktbu, helt siden de første menneskene fulgte villreinen opp fjellet. Selve helleren er stor og flaten måler 20x8 m. 30 m sør for denne ligger flere murer med rominndeling...","elevation":773,"name":"Storhiller, Bosetning-aktivitetsområde","source":"UT.no\/DNT"},"type":"Feature"},{"geometry":{"coordinates":[12.447817000000001,60.152442999999998],"type":"Point"},"id":"heritage-ut-145375096","properties":{"description":"Nordre Varaldskogen ligger ved Varaldsjøen. Bebyggelsen er blandet med både nyere og eldre bygninger. Mye av kulturlandskapet har vokst igjen. (2015)","elevation":226,"name":"Varaldskogen, Nordre, Gårdstun","source":"UT.no\/DNT"},"type":"Feature"},{"geometry":{"coordinates":[7.6907129999999997,62.164476999999998],"type":"Point"},"id":"heritage-ut-145375100","properties":{"description":"Fangstlokalitet","elevation":1178,"name":"Fangstlokalitet, Fangstlokalitet","source":"UT.no\/DNT"},"type":"Feature"},{"geometry":{"coordinates":[8.2980300000000007,61.376030999999998],"type":"Point"},"id":"heritage-ut-145375106","properties":{"description":"Helleristninger. Tips om funnet ble sendt til Universitetets Oldsaksamlingen i 1975, usikker om det ble bekreftet. Iflg brevet om funnopplysningen: \"... i en helle ved elven et stenkast nord for Eidsbugarden, Bygdin.\"","elevation":1058,"name":"Eidsbugarden, Innskrift\/ristning","source":"UT.no\/DNT"},"type":"Feature"},{"geometry":{"coordinates":[21.554027000000001,69.443490999999995],"type":"Point"},"id":"heritage-ut-145375107","properties":{"description":"Stor tjæremile med diameter på 15m og maks dybde på 1.5m.","elevation":104,"name":"Tjæremile, Tjærebrenningsanlegg","source":"UT.no\/DNT"},"type":"Feature"},{"geometry":{"coordinates":[21.573801,69.437065000000004],"type":"Point"},"id":"heritage-ut-145375108","properties":{"description":"Godt synlig tjæremile som ligger langs historisk vandrerute, tett inntil stien, på strekningen mellom Saraelv og Nedrefoss. Mila er svært overgrodd om sommeren, men er fremdeles godt synlig. Tjæremila har en diameter på 8 meter. Gamle miler...","elevation":100,"name":"Tjæremile, Tjærebrenningsanlegg","source":"UT.no\/DNT"},"type":"Feature"},{"geometry":{"coordinates":[6.8550709999999997,58.728610000000003],"type":"Point"},"id":"heritage-ut-145375109","properties":{"description":"Landmålingsvarde, bygd 1850, 1889 og 1919 (Statens kartverk). Utsyn til Grubbå i Sirdal, til Tindefjeddet i Åseral, til Gausdalsviå i Kvinesdal, til Gråhei i Flekkefjord, til Skykulo i Bjerkreim og til Fidjaknuden i Gjesdal. Kjelde: Opplysn...","elevation":916,"name":"Hovsknuden (Hovsknuten), Merkestein","source":"UT.no\/DNT"},"type":"Feature"},{"geometry":{"coordinates":[6.8816300000000004,58.742097000000001],"type":"Point"},"id":"heritage-ut-145375112","properties":{"description":"Heller med oppmurt levegg. Helleren er bygd opp av en stor flyttblokk. Fra helleren er det godt utsyn mot Hovknutsvatnan og det gamle veifaret sør for vannene. Mot sør er det en meterhøy steinmur. Heller-rommet er omtrent seks meter bredt. ...","elevation":708,"name":"Heller Hovknutsvatnan \/ Rålshola, Bosetning-aktivitetsområde","source":"UT.no\/DNT"},"type":"Feature"},{"geometry":{"coordinates":[7.4901479999999996,62.201818000000003],"type":"Point"},"id":"heritage-ut-145375115","properties":{"description":"Da dammen, en dobbeltkrummet buedam i betong, sto ferdig i 1968, var den med sine 95 meter Nord-Europas høyeste i sitt slag. Dammen ble kort tid etter bygging en attraksjon på grunn av sin form, størrelse, høyde og plassering. Mest attrakti...","elevation":391,"name":"Zakariasvatn, Dam\/demningsanlegg","source":"UT.no\/DNT"},"type":"Feature"},{"geometry":{"coordinates":[11.128456,59.787256999999997],"type":"Point"},"id":"heritage-ut-145375117","properties":{"description":"Bygdeborg beliggende på en kolle som faller bratt av mot SV, S og Ø. På de øvrige sidene er hellingen slakere og befestet med murer. Borgen er lettest tilgjengelig fra N og her finnes en naturlig åpning mellom 2 svaberg. Murene er bygd av m...","elevation":267,"name":"Festningsåsen, Forsvarsanlegg","source":"UT.no\/DNT"},"type":"Feature"},{"geometry":{"coordinates":[7.0479279999999997,60.600316999999997],"type":"Point"},"id":"heritage-ut-145375118","properties":{"description":"Like ved grindbygget på Osaflorane ligg ein steinblokk der det er restar etter to skålgropar. Skålgropene er fleire tusen år gamle. Grindbygget er sett opp i ei mura tomt som før var nytta til vårflor og høyløe. Flatane rundt vårflorane var...","elevation":79,"name":"Osaflorane - Osa Lok 1, Bergkunst","source":"UT.no\/DNT"},"type":"Feature"},{"geometry":{"coordinates":[11.897332,62.471590999999997],"type":"Point"},"id":"heritage-ut-145375123","properties":{"description":"Langtjønnbua ligger ved merket tursti ved utløpet i nordenden av Langtjønna mellom Femunden og Feragen. Ligger ved tømmerrennen fra Langtjønna til Feragen. Bygningsbeskrivelse: Enkel rektangulær tømmerbygning med bordtekket saltak (6,6 m la...","elevation":661,"name":"Langtjønnbua, Boligeiendom","source":"UT.no\/DNT"},"type":"Feature"},{"geometry":{"coordinates":[6.6039810000000001,59.183365999999999],"type":"Point"},"id":"heritage-ut-145375124","properties":{"description":"Storhiller har i ulike perioder blitt brukt til driftelege, støl og jaktbu, helt siden de første menneskene fulgte villreinen opp fjellet. Selve helleren er stor og flaten måler 20x8 m. 30 m sør for denne ligger flere murer med rominndeling...","elevation":744,"name":"Storhiller støl, Seter\/Støl","source":"UT.no\/DNT"},"type":"Feature"},{"geometry":{"coordinates":[8.5974310000000003,61.356172000000001],"type":"Point"},"id":"heritage-ut-145375125","properties":{"description":"Tuft","elevation":1065,"name":"Tuft, Torfinsdal, Fangstlokalitet","source":"UT.no\/DNT"},"type":"Feature"},{"geometry":{"coordinates":[6.4508929999999998,59.158425000000001],"type":"Point"},"id":"heritage-ut-145375127","properties":{"description":"Steingard med seks røyser vest for denne. Steingarden er tredelt med den tydeligste i midten. Den har synlig steinrekke i 0,5-1 m bredde. Den sørlige åpningen i steingarden ligger der stien langs elven går og den nordligste åpningen kan mul...","elevation":420,"name":"Gravfelt, Røysfelt","source":"UT.no\/DNT"},"type":"Feature"},{"geometry":{"coordinates":[7.7379340000000001,62.153167000000003],"type":"Point"},"id":"heritage-ut-145375130","properties":{"description":"Steinbu.","elevation":1195,"name":"Steinbu, Bosetning-aktivitetsområde","source":"UT.no\/DNT"},"type":"Feature"},{"geometry":{"coordinates":[6.4478580000000001,59.159753000000002],"type":"Point"},"id":"heritage-ut-145375131","properties":{"description":"Driftavegen Frå slutten av 1700-talet byrja heikarane å gå med drifter over fjellet for å selje dei i Oslo og Stavanger. På 1800-talet var det meir enn 11.000 sauer som beita på heia. Stiane opp til beitet var dårlege og ofte farlege. Fylke...","elevation":414,"name":"Driftavegen gjennom Viglesdalen, Vandrerute","source":"UT.no\/DNT"},"type":"Feature"},{"geometry":{"coordinates":[6.4476610000000001,59.159117000000002],"type":"Point"},"id":"heritage-ut-145375133","properties":{"description":"Ein mann som heitte Víkleikr leita seg ein gong fram langs dei same fjellstiane som no er merka med raud T. Víkleikr skal ha gjeve namn til dalføret og garden i Viglesdalen, Vigleiks dal. Vi veit ikkje om han var på jakt etter villrein, på ...","elevation":414,"name":"Viglesdalen, Gårdsanlegg","source":"UT.no\/DNT"},"type":"Feature"},{"geometry":{"coordinates":[11.411486,62.576647000000001],"type":"Point"},"id":"heritage-ut-145375136","properties":{"description":"Gårdsanlegg med flere bygninger, deriblant våningshus, fjøs og uthus.","elevation":696,"name":"Stikkildalsveien 36, Gårdstun","source":"UT.no\/DNT"},"type":"Feature"},{"geometry":{"coordinates":[6.4421790000000003,59.157107000000003],"type":"Point"},"id":"heritage-ut-145375137","properties":{"description":"Børen var ofte tung både til og fra gården. Salt, sukker og smør, kanskje en ny kvigkalv. Alt som skulle byttes, kjøpes eller selges skulle bæres på egen rygg eller hesteryggen. Med kløv, slepe og slede fant også jernet fra Telemark veien o...","elevation":415,"name":"Viglesdalen, Båtstø-anlegg","source":"UT.no\/DNT"},"type":"Feature"},{"geometry":{"coordinates":[6.4555239999999996,59.160134999999997],"type":"Point"},"id":"heritage-ut-145375138","properties":{"description":"Innhegningen oppe i ura var god til å holde sauene i over natten, slik at beitet nede på vollen fikk stå i fred. Innhegningen kunne brukes når ulla skulle klippes, for å holde lammene fra søyene og kanskje også om vinteren når en ville ha d...","elevation":426,"name":"Viglesdalen, Gjerde\/innhegning","source":"UT.no\/DNT"},"type":"Feature"},{"geometry":{"coordinates":[7.0640749999999999,60.620181000000002],"type":"Point"},"id":"heritage-ut-145375139","properties":{"description":"Stor heller med arkeologiske spor fra førreformatorisk tid.","elevation":538,"name":"Ossete - Austmannahedleren, Annen arkeologisk lokalitet","source":"UT.no\/DNT"},"type":"Feature"},{"geometry":{"coordinates":[6.4030459999999998,59.154389000000002],"type":"Point"},"id":"heritage-ut-145375140","properties":{"description":"I bakken, ca. 100 m ovenfor stien, ligger en ruin etter en steinbygning. Veggene som står igjen, er drøye meteren høye. Ruinen måler nesten 8 m i lengden, og over 5 m i bredden. Så langt har vi ikke funnet informasjon om når den ble bygget ...","elevation":426,"name":"Gammel husgrunn, Bygningsruin","source":"UT.no\/DNT"},"type":"Feature"},{"geometry":{"coordinates":[7.0379199999999997,60.595019000000001],"type":"Point"},"id":"heritage-ut-145375142","properties":{"description":"Restaurert kvern med vassrenne og slipestein","elevation":29,"name":"Kvern - Norddøla - Osa, Dam\/demningsanlegg","source":"UT.no\/DNT"},"type":"Feature"},{"geometry":{"coordinates":[11.830201000000001,62.497992000000004],"type":"Point"},"id":"heritage-ut-145375151","properties":{"description":"Seteranlegg med flere bygninger.","elevation":689,"name":"Fjølburøsta, Seter\/Støl","source":"UT.no\/DNT"},"type":"Feature"},{"geometry":{"coordinates":[11.87285,59.891786000000003],"type":"Point"},"id":"heritage-ut-145375152","properties":{"description":"Steinalderboplass. Det er funnet 6 fragmenter av slipt flintøks. Fragmentene er satt sammen og viser eggdelen av en hulegget flintøks.","elevation":179,"name":"Skjølåbråten, Bosetning-aktivitetsområde","source":"UT.no\/DNT"},"type":"Feature"},{"geometry":{"coordinates":[6.2715610000000002,60.106774000000001],"type":"Point"},"id":"heritage-ut-145375154","properties":{"description":"Røysene ligg oppe på ein grasvaksen terrasse med mykje steinar\/blokker i marka og ein del store blokker liggande på overflata. Terrassen vert kalla Koltveit. Røysene ligg ute på terrassekanten mot aust på kvar si side av bytesgjerdet mellom...","elevation":111,"name":"Bondhus - Fetts fk. 1\/1-2, Koltveit, Gravfelt","source":"UT.no\/DNT"},"type":"Feature"},{"geometry":{"coordinates":[11.444561999999999,59.7654],"type":"Point"},"id":"heritage-ut-145375155","properties":{"description":"Gravrøysen ligger på en smal langsgående flate i nordenden av et nord-sørgående høydedrag. Røysa er oval, 5x4 m og 0,7 m høy, og klart markert og tydelig i terrenget. Den er lagt på en liten bergknaus som gir den en høyde på inntil to meter...","elevation":220,"name":"Vardåsen, Gravminne","source":"UT.no\/DNT"},"type":"Feature"},{"geometry":{"coordinates":[8.7239509999999996,61.090777000000003],"type":"Point"},"id":"heritage-ut-145375156","properties":{"description":"Nederst på en seterløkke og ca 3m N for gjerde ligger en hustuft. Tuften er tydelig og delvis godt markert i terrenget. Ytre mål er ca. 2,5 m N-S og ca. 2 m Ø-V. I Ø og N finnes det lave veggvoller. Tufta er bevokst med einer\/gress.","elevation":959,"name":"Kviistøladn, Bosetning-aktivitetsområde","source":"UT.no\/DNT"},"type":"Feature"},{"geometry":{"coordinates":[6.8815439999999999,58.732971999999997],"type":"Point"},"id":"heritage-ut-145375158","properties":{"description":"På plassen er det registrert 14 brudle: Brudle 1 på 32 steinar ved steinblokk, brudle 2 på 30 steinar ved steinblokk, brudle 3 på 16 steinar ved steinblokk og brudle 4 på 27 steinar ved steinblokk, alle med retningsvinkel 10 nygrader. Rundt...","elevation":781,"name":"Brudle, Annen arkeologisk lokalitet","source":"UT.no\/DNT"},"type":"Feature"},{"geometry":{"coordinates":[11.432504,59.762006],"type":"Point"},"id":"heritage-ut-145375159","properties":{"description":"Feltet ligger kant i kant og sør for dyrket mark, og består av 6 dyregraver, herav 5 runde og en oval. Sistnevnte, som er den største, ligger omtrent midt i dalen. Den er orientert Ø-V og måler 17x7x0,5-1,8m. De runde som er traktformede og...","elevation":184,"name":"Ulveflaen, Fangstlokalitet","source":"UT.no\/DNT"},"type":"Feature"},{"geometry":{"coordinates":[11.478763000000001,59.775866999999998],"type":"Point"},"id":"heritage-ut-145375160","properties":{"description":"En rundhaug som ligger kant i kant med dyrket mark Haugen er temmelig klart markert, men går i ett med terrenget i V. Bygget av leirmold. Overflaten ujevn pga stubber. S- og V-del noe avflatet pga pløyning. Haugen er bevokst med noen graner...","elevation":144,"name":"Løren, Gravminne","source":"UT.no\/DNT"},"type":"Feature"},{"geometry":{"coordinates":[10.593902999999999,59.665075999999999],"type":"Point"},"id":"heritage-ut-145375161","properties":{"description":"På en liten gresskledt grusholdig avsats i terrenget har Forsvaret bygget en skyttergrav. I massene som ble gravd ut ble det funnet flere objekter fra steinalder.","elevation":41,"name":"Hurumprosjektet - R7, Bosetning-aktivitetsområde","source":"UT.no\/DNT"},"type":"Feature"},{"geometry":{"coordinates":[10.925955999999999,59.848213000000001],"type":"Point"},"id":"heritage-ut-145375164","properties":{"description":"Husmannsplass under Losby fra omkring 1670. Plassen ble kanskje ryddet av finner noe tidligere. Ble nedlagt som husmannsplass før 1900. Fra før 1900 drev Losby Bruk sagbruk på Skytten, og fra 1928 periodevis med dampsag \/ lokomobil. Restene...","elevation":209,"name":"Søndre Skytten, Bosetning-aktivitetsområde","source":"UT.no\/DNT"},"type":"Feature"},{"geometry":{"coordinates":[10.6271,59.665247999999998],"type":"Point"},"id":"heritage-ut-145375165","properties":{"description":"Drøbak kirke er en korskirke i tømmer, innviet i 1776. Den har flere gamle portretter, samt et rikt rokokkointeriør. Kirkens form er påvirket av den eldre Vår Frelsers kirke i datidens Christiania, den nåværende Oslo domkirke.","elevation":10,"name":"Drøbak kirkested, Kirkested","source":"UT.no\/DNT"},"type":"Feature"},{"geometry":{"coordinates":[10.628318,59.665379000000001],"type":"Point"},"id":"heritage-ut-145375166","properties":{"description":"Drøbak Hospital ligger i tettbygd strøk i sentrum av Drøbak. Kirken (som i likhet med hospitalet ble oppført av Niels Carlsen og hustru Martha Zachariasdatter) ligger i umiddelbar nærhet, mellom hospitalet og fjorden. Bygningen ligger med t...","elevation":12,"name":"Hospitalet, Humanitær institusjon","source":"UT.no\/DNT"},"type":"Feature"},{"geometry":{"coordinates":[10.704259,59.799926999999997],"type":"Point"},"id":"heritage-ut-145382112","properties":{"description":"Dr Niels Quisling bygde dette sommerstedet i 1899. Det er 7 mai 1945 og familien Quisling har flytter ut på landstedet Sole. Mor drar til Oslo for å kjøpe sukkertøy, krigen er slutt. På tilbakeveien på Nesoddbåten blir hun både slått og spy...","elevation":3,"name":"Sole - historisk sted","source":"UT.no\/DNT"},"type":"Feature"},{"geometry":{"coordinates":[10.733943,59.786158],"type":"Point"},"id":"heritage-ut-145382117","properties":{"description":"I 20 år bodde Roald Amundsen i sitt hus Uranienborg på Svartskog. Da han forlot huset for siste gang 16. juni 1928 etterlot han et hus stappfullt av fortellinger om livet han levde, menneskene han møtte og hemmelighetene han forsøkte å hold...","elevation":4,"name":"Roald Amundsens Hjem","source":"UT.no\/DNT"},"type":"Feature"},{"geometry":{"coordinates":[7.7189579999999998,62.160545999999997],"type":"Point"},"id":"heritage-ut-145394394","properties":{"description":"Museet i Veltdalen er ei anleggsbrakke satt opp i forbindelse med kraftutbyggingen på 1920-tallet. Den huset i sin tid 16 mann. Ålesund-Sunnmøre Turistforening fikk tidlig disponere den som overnattingssted for fjellvandrere. Etterhvert mel...","elevation":1184,"name":"Museet i Veltdalen","source":"UT.no\/DNT"},"type":"Feature"},{"geometry":{"coordinates":[7.9161609999999998,62.124263999999997],"type":"Point"},"id":"heritage-ut-145449817","properties":{"description":"Sør for Bollvatnet ligger rester fra flyslippet i forbindelse med Operasjon Fieldfare. Dette var en operasjon under 2. Verdenskrig der norske motstandsmenn skulle sabotere tyskernes kommunikasjonslinjer i Romsdalen, Romsdalsbanen. Les mer p...","elevation":1491,"name":"Våpenkontainer fra Operasjon Fieldfare","source":"UT.no\/DNT"},"type":"Feature"},{"geometry":{"coordinates":[10.34601,59.162618000000002],"type":"Point"},"id":"heritage-ut-145491864","properties":{"description":"Bygget i 1905. Er som et lite smykke på øya. Spesielt koselig på våren når trærne blomstrer.","elevation":15,"name":"Veierland kirke","source":"UT.no\/DNT"},"type":"Feature"},{"geometry":{"coordinates":[10.446821999999999,59.307685999999997],"type":"Point"},"id":"heritage-ut-145493891","properties":{"description":"Oseberghaugen er en gravhaug fra vikingtida som ligger i Slagendalen i tidligere Sem kommune (nå Tønsberg) i Vestfold. Haugen ble gravd ut i 1904 av arkeologen Gabriel Gustafson. Utgravningene avdekket en skipsgrav fra første del av 800-tal...","elevation":18,"name":"Oseberghaugen","source":"UT.no\/DNT"},"type":"Feature"},{"geometry":{"coordinates":[10.379085999999999,59.102424999999997],"type":"Point"},"id":"heritage-ut-145494910","properties":{"description":"Følg veien ned til porten, og følg sti innover til du ser et skilt med N.Barkevik lykt. Man må klatre ned en kløft, men er stige på hver side.","elevation":4,"name":"Nedre Barkevik lykt","source":"UT.no\/DNT"},"type":"Feature"},{"geometry":{"coordinates":[10.437828,59.448416000000002],"type":"Point"},"id":"heritage-ut-145494919","properties":{"description":"Løvøy kapell er et steinkapell som er bygd en gang i tidsrommet 1223 – 1398 e.Kr. Langveggene er drøyt 10 meter og gavlveggene 7 meter. Etter tradisjonen skal den være bygget i Olav Kyrres regjeringstid (1066–1093). Kapellet var viet til St...","elevation":6,"name":"Løvøy kapell","source":"UT.no\/DNT"},"type":"Feature"},{"geometry":{"coordinates":[5.020505,61.594048999999998],"type":"Point"},"id":"heritage-ut-145533010","properties":{"description":"Flymeldposten ligg på Storåsen, 97 moh. Den vesle hytta på toppen av Storåsen er renovert og offesielt opna 4.desember 2022. Informasjon henta frå Firdaposten 7.12.2022: \"Røde Kors har ein sendar plassert her som kan fungere som backup om d...","elevation":96,"name":"Storåsen Flymeldeposten","source":"UT.no\/DNT"},"type":"Feature"},{"geometry":{"coordinates":[10.971219,59.237651999999997],"type":"Point"},"id":"heritage-ut-145620296","properties":{"description":"Gamle Glemmen kirke er Fredrikstads eldste bygning! Kirken ble reist på slutten av 1100-tallet og er en av de best bevarte middelalderkirkene i Østfold. Ved kirken står det informasjonsskilt der du kan lese mer.","elevation":42,"name":"Gamle Glemmen kirke","source":"UT.no\/DNT"},"type":"Feature"},{"geometry":{"coordinates":[11.190250000000001,59.228869000000003],"type":"Point"},"id":"heritage-ut-145620297","properties":{"description":"Skjeberg kirke ligger på en kolle med både helleristninger fra bronsealderen og gravhauger fra jernalderen. Kirken er en middelalderkirke fra 1100-tallet. I veggen på kirken finnes det både runder og annet spennende og utforske! På informas...","elevation":39,"name":"Skjeberg kirke","source":"UT.no\/DNT"},"type":"Feature"},{"geometry":{"coordinates":[11.214968000000001,59.178615999999998],"type":"Point"},"id":"heritage-ut-145629835","properties":{"description":"Ingedal kirke er en av Østfolds 16 stående kirker fra middelalderen! Kirken er bygget mellom 1250 og 1300. På informasjonstavlen på parkeringsplassen kan du lese mer. Pilegrimsleden går rett forbi kirken. På pilegrimsleden.no kan du planleg...","elevation":30,"name":"Ingedal kirke, middelalderkirke","source":"UT.no\/DNT"},"type":"Feature"},{"geometry":{"coordinates":[11.329561999999999,59.137745000000002],"type":"Point"},"id":"heritage-ut-145629836","properties":{"description":"Berg kirke ble bygget på 1100 tallet. Etter 900 år blir den fremdeles brukt til det den opprinnelig ble bygget for. Veggene i kirken er opptil 230 cm tykke. På informasjonstavlen ved kirken kan du lese mer. Pilegrimsleden går rett forbi kir...","elevation":77,"name":"Berg kirke, middelalderkirke","source":"UT.no\/DNT"},"type":"Feature"},{"geometry":{"coordinates":[11.19261,60.945830999999998],"type":"Point"},"id":"heritage-ut-145658621","properties":{"description":"Dette er et turmål i Hamar kommune. Turforslaget finner du her.","elevation":750,"name":"Krigsminnesmerket på Stenfjellet","source":"UT.no\/DNT"},"type":"Feature"},{"geometry":{"coordinates":[11.473466,60.776150999999999],"type":"Point"},"id":"heritage-ut-145658650","properties":{"description":"St. Mikaelskirken på Roko i Hamar stift nevnes i et pavebrev fra 1254. Pavebrevet forteller at kanniken Thore i Hamar domkirke fikk presteembetet på Roko som erstatning for at han ikke ble gjort til biskop i Hamar. Kirken på Rokoberget kan ...","elevation":351,"name":"Rokoberget kirkeruin","source":"UT.no\/DNT"},"type":"Feature"},{"geometry":{"coordinates":[11.108886,59.588814999999997],"type":"Point"},"id":"heritage-ut-145682344","properties":{"description":"Bygdeborgene våre stammer fra folkevandringstiden, rundt 400–600 år. e.Kr, men noen forskere i Finland og Sverige hevder at de også kan dateres til både bronsealder, keltertid og romertid. Dette var en urolig tid, noe som krevde at de fastb...","elevation":163,"name":"Bygdeborgen på Romsåsen","source":"UT.no\/DNT"},"type":"Feature"},{"geometry":{"coordinates":[11.107094,59.588642],"type":"Point"},"id":"heritage-ut-145694926","properties":{"description":"Gruvene var i drift fra 1866–1876. Gruvesystemet består av et øvre og nedre hovedplan med mange stoller og synker, som igjen har forbindelse med en 17 m dyp sjakt. I tillegg er det et midtre plan. Under disse tre gruvenivåene finnes det et ...","elevation":129,"name":"Romsåsen gruver","source":"UT.no\/DNT"},"type":"Feature"},{"geometry":{"coordinates":[11.538656,59.299348999999999],"type":"Point"},"id":"heritage-ut-145696322","properties":{"description":"Nakkimsæter er en av de seterne som har vært lengst i bruk i Degernes\/Rakkestad.","elevation":175,"name":"Nakkimsæter","source":"UT.no\/DNT"},"type":"Feature"},{"geometry":{"coordinates":[11.813791999999999,59.74727],"type":"Point"},"id":"heritage-ut-145696326","properties":{"description":"Ved Steinbyfossen har det vært kvern, møllebruk, sagbruk og elverk. I 1723 blir Kvern «til husfornødenhet» nevnt. Det er usikkert hvor lenge det ble drevet møllebruk i fossen, men det kan ha vært i begynnelsen av 1800-tallet. På slutten av ...","elevation":154,"name":"Steinbyfossen","source":"UT.no\/DNT"},"type":"Feature"},{"geometry":{"coordinates":[12.15504,59.91478],"type":"Point"},"id":"heritage-ut-145704720","properties":{"description":"Anne Lindkjølen f. 1760, g. 1782 m. Arne Amundsen Lindkjølen, enke 1820, d. 1844. Familien arranderte Østlindkjølen, som eides av brukspatron L.A. Groth på Adolfsfors. Det viste seg at Anne var en kraftfull kvinne. Da hun nærmet seg 80 år, ...","elevation":257,"name":"AL1843","source":"UT.no\/DNT"},"type":"Feature"},{"geometry":{"coordinates":[4.9276840000000002,61.537835000000001],"type":"Point"},"id":"heritage-ut-145704722","properties":{"description":"Punktet ligg 16 moh ved skilt til Keila \/ Indre Åsneskeila. Løypa ned hit er merka og her nede ved sjøen i den lune vika er det ein gamal steingard. Her kan det vere fint å ta ein rast og finne mykje spennande som har rekt i land. Det går d...","elevation":16,"name":"Askrova Åsneset","source":"UT.no\/DNT"},"type":"Feature"},{"geometry":{"coordinates":[11.563732,59.112785000000002],"type":"Point"},"id":"heritage-ut-145718736","properties":{"description":"Steinalderboplass på en sydvendt strand ved Store Erte. Det er funnet flere innslag av flint langs med vannet, noe som indikerer at dette har vært et område hvor det har bodd mennesker.","elevation":110,"name":"Store Erte, Reg. 18, Bosetning-aktivitetsområde","source":"UT.no\/DNT"},"type":"Feature"},{"geometry":{"coordinates":[11.452415,59.130456000000002],"type":"Point"},"id":"heritage-ut-145718746","properties":{"description":"Bautasteinlokaliteter ble oppdaget i 1964 da det ble gjort arbeid med å fjerne matjord fra et sandtak. Bautaene er 2 meter høye og det er indikasjoner på at disse bautaene har rast fra toppen av sandtaket.","elevation":103,"name":"Veden, Bautasteinslokalitet","source":"UT.no\/DNT"},"type":"Feature"},{"geometry":{"coordinates":[11.561154,59.115740000000002],"type":"Point"},"id":"heritage-ut-145718756","properties":{"description":"Løsfunn av en flintkjerne og 2 flintavslag. Funnet på tange (Ø-V) på vestsiden av Store Erte. Funnstedet har tidligere ligget under vann, men var i 2001 synlig p.g.a. lav vannstand. Også funn av to synlige ildsteder og rester av konstruksjo...","elevation":111,"name":"Store Erte - Nr. 42, Bosetning-aktivitetsområde","source":"UT.no\/DNT"},"type":"Feature"},{"geometry":{"coordinates":[11.411913,59.122155999999997],"type":"Point"},"id":"heritage-ut-145718763","properties":{"description":"Gammel rest av veganlegg ved Harekas. Veganlegget er en hulvei, en gang – og ridevei som har fått en karakteristisk nedsunket form. Hulveier dannes ved langvarig slitasje fra folk og buskap og området har i lang tid vært sentralt for ferdse...","elevation":86,"name":"Harekas, Veganlegg","source":"UT.no\/DNT"},"type":"Feature"},{"geometry":{"coordinates":[11.725413,59.044246000000001],"type":"Point"},"id":"heritage-ut-145718775","properties":{"description":"Matisens bord. Sørvest for Budalsvika som var gammel skogsarbeiderhytte ligger det en grotte som går 3–4 meter inn i fjellet. Det går mange fortellinger om grotten på folkemunne. Rett på utsiden av grotten er det en rund samling av steiner ...","elevation":169,"name":"Matisens bord, Bosetning-aktivitetsområde","source":"UT.no\/DNT"},"type":"Feature"},{"geometry":{"coordinates":[11.46012,59.125486000000002],"type":"Point"},"id":"heritage-ut-145718831","properties":{"description":"Gårdstunet Store Bjørnstad. Øst for Halden by med utsikt over Tistedalen og Femsjøen ligger denne herskaplige gården som tidligere var sommerbolig for velstående medlemmer av byen trelastpatrisiat. Det er usikkert hvem som bygde gården, men...","elevation":101,"name":"Store Bjørnstad, Gårdstun","source":"UT.no\/DNT"},"type":"Feature"},{"geometry":{"coordinates":[17.811294,68.408171999999993],"type":"Point"},"id":"heritage-ut-145723056","properties":{"description":"2. mandagstur 2023 går til vraket av den tyske krysseren Georg Thiele, som ble rent på land under sjøslaget ved Narvik i april 1945. Turen starter fra bommen før kraftstasjonen i Sildvik. Ved kraftstasjonen tar stien av på høyre side av vei...","name":"Georg Thiele","source":"UT.no\/DNT"},"type":"Feature"},{"geometry":{"coordinates":[10.765135000000001,59.995860999999998],"type":"Point"},"id":"heritage-ut-145729992","properties":{"description":"Ruiner etter Margaretakirken i Maridalen. Kirken var en liten steinkirke, bygget rundt 1250. Ruinene ble gravd ut og restaurert i 1934, og er et av de mest bevarte middelalderminnene i Oslo.","elevation":156,"name":"Margaretakirken","source":"UT.no\/DNT"},"type":"Feature"},{"geometry":{"coordinates":[9.0832040000000003,59.2134],"type":"Point"},"id":"heritage-ut-146108012","properties":{"description":"Dette turmålet kan du nå når du sykler Kulturrunden ved Villmarkseventyret bobilparkering på langs fylkesveien mellom Drangedal og Lunde. Kulturrunden starter her. Du følger denne runden ca 1,80 km, der er det skiltet Roholt, det er 50 mete...","elevation":141,"name":"Roholt","source":"UT.no\/DNT"},"type":"Feature"},{"geometry":{"coordinates":[9.0839870000000005,59.203690000000002],"type":"Point"},"id":"heritage-ut-146108013","properties":{"description":"Dette turmålet kan du nå når du sykler Kulturrunden ved Villmarkseventyret bobilparkering på langs fylkesveien mellom Drangedal og Lunde. Kulturrunden starter her. Du følger denne runden ca 700 m, da ligger dammen på høyre side. Det er en i...","elevation":137,"name":"Åslandsdammen","source":"UT.no\/DNT"},"type":"Feature"},{"geometry":{"coordinates":[9.0915079999999993,59.218215999999998],"type":"Point"},"id":"heritage-ut-146108014","properties":{"description":"Dette turmålet kan du nå når du sykler Kulturrunden ved Villmarkseventyret bobilparkering på langs fylkesveien mellom Drangedal og Lunde. Kulturrunden starter her. Du følger denne runden ca 2,5 km, her ligger det en gammel tømmerkoie som va...","elevation":151,"name":"Vinterholet","source":"UT.no\/DNT"},"type":"Feature"},{"geometry":{"coordinates":[9.0809940000000005,59.201399000000002],"type":"Point"},"id":"heritage-ut-146108015","properties":{"description":"Dette turmålet kan du nå når du sykler Kulturrunden ved Villmarkseventyret bobilparkering på langs fylkesveien mellom Drangedal og Lunde. Kulturrunden starter her. Du følger denne runden ca 8 km, der er det skiltet til Pukkverket, det er ca...","elevation":143,"name":"Pukkverket ved Orrkjerrkastet","source":"UT.no\/DNT"},"type":"Feature"},{"geometry":{"coordinates":[12.196870000000001,59.979460000000003],"type":"Point"},"id":"heritage-ut-146116503","properties":{"description":"Knefallet og Hvilesteinen på Furufjellet Det sies at en gutt falt på kne her og fridde til ei jente. Det er uvisst hva svaret ble. Bestefar til Ole Hugo Vinterstad hette Ole, f. 16.06.1850. Hans søster, Albertine f. 24.01.1852, g. 10.10.187...","elevation":230,"name":"Knefallet","source":"UT.no\/DNT"},"type":"Feature"},{"geometry":{"coordinates":[12.153779999999999,59.918900000000001],"type":"Point"},"id":"heritage-ut-146116504","properties":{"description":"Ruglesteinen rett nord for Røyskjølen ligger like ved stien opp til Røyskjølen 200 – 300 meter fra toppen vest for stien. Den er ca. 1 kubikkmeter og er veldig lett å rugge på. Selv smågutter klarer det.","elevation":275,"name":"Ruglesteinen, Røyskjølen","source":"UT.no\/DNT"},"type":"Feature"},{"geometry":{"coordinates":[12.14376,59.918750000000003],"type":"Point"},"id":"heritage-ut-146116505","properties":{"description":"Dette heimet lå på skogen til 'Søstun' Trandem ved Kumyrene. Huset skal være flyttet derifra og satt opp hos Ole Pedersen på Magnor, nabo til Martin Isaksen. Isaksen kjøpte seinere dette huset og tomta det sto på. G.nr 58 Trandem, Eidkog by...","elevation":240,"name":"Kumyrheimen","source":"UT.no\/DNT"},"type":"Feature"},{"geometry":{"coordinates":[12.13231,59.917619999999999],"type":"Point"},"id":"heritage-ut-146116506","properties":{"description":"Nedlagt boplass under gnr. 58 Trandem","elevation":256,"name":"Myrer","source":"UT.no\/DNT"},"type":"Feature"},{"geometry":{"coordinates":[12.12473,59.922310000000003],"type":"Point"},"id":"heritage-ut-146116507","properties":{"description":"Gnr 58 bnr 9 Forlatt boplass under gnr. 58 Trandem Ligger i nærheten av de gamle gruvene.","elevation":280,"name":"Grua (nedlagt boplass)","source":"UT.no\/DNT"},"type":"Feature"},{"geometry":{"coordinates":[12.12744,59.923949999999998],"type":"Point"},"id":"heritage-ut-146116508","properties":{"description":"Gammel grue","elevation":276,"name":"Gruve 1","source":"UT.no\/DNT"},"type":"Feature"},{"geometry":{"coordinates":[12.13158,59.925789999999999],"type":"Point"},"id":"heritage-ut-146116509","properties":{"description":"Nedlagt boplass under gnr. 58 Trandem","elevation":255,"name":"Nedre Nysætra","source":"UT.no\/DNT"},"type":"Feature"},{"geometry":{"coordinates":[11.390931999999999,59.121170999999997],"type":"Point"},"id":"heritage-ut-146118033","properties":{"description":"Immanuelkirken er fra 1833 og ble oppført med gjenbruk av teglsteinsmurene fra korskirken som brant i 1826. Arkitekt Christian Heinrich Grosch ombygde kirken til empirestilens hovedverk i norsk kirkearkitektur. Veggene ble forhøyet og vindu...","elevation":6,"name":"Immanuelskirken kirkested, Kirkested","source":"UT.no\/DNT"},"type":"Feature"},{"geometry":{"coordinates":[11.384077,59.120139000000002],"type":"Point"},"id":"heritage-ut-146118066","properties":{"description":"Østfoldbanen, eller Smaalensbanene som var den opprinnelige benevnelsen på strekningen, ble vedtatt bygget i 1873. Det ble bygget både en ytre og en indre linje, henholdsvis kalt vestre og østre linje. Vestre linje ble åpnet i 1879 mens øst...","elevation":2,"name":"Halden jernbanestasjon - Østfoldbanen \/ HALDEN STASJON jernbanestasjon, Jernbaneanlegg","source":"UT.no\/DNT"},"type":"Feature"},{"geometry":{"coordinates":[8.7825019999999991,59.085076000000001],"type":"Point"},"id":"heritage-ut-146122261","properties":{"description":"Kjør fylkesveien mellom Bostrak og Gautefall. Sving av ved Fjelltun leirskole. Her kan du parkere. Turen starter ved å følge grusveien ca 400 m og tar til venstre opp lia. Etter ca 100 m tar du til venstre og følger traktorveien frem til en...","elevation":537,"name":"Einersknatten","source":"UT.no\/DNT"},"type":"Feature"},{"geometry":{"coordinates":[6.1942000000000004,58.813899999999997],"type":"Point"},"id":"heritage-ut-146142387","properties":{"description":"Fra gammelt av ble den nedre kalt Holmastølen Link.","elevation":499,"name":"Nedre Frøylandsstøl","source":"UT.no\/DNT"},"type":"Feature"},{"geometry":{"coordinates":[6.1865110000000003,58.809851000000002],"type":"Point"},"id":"heritage-ut-146142388","properties":{"description":"Øvre Frøylandstølen ble kalt Gamlestølen","elevation":610,"name":"Øvre Frøylandstølen","source":"UT.no\/DNT"},"type":"Feature"},{"geometry":{"coordinates":[10.672943999999999,59.838411999999998],"type":"Point"},"id":"heritage-ut-146153617","properties":{"description":"Dette er ruinen av Fagerås, som var husmannsplass under Vestre Skoklefall. Plassen ble nok anlagt omkring 1850. Bildet som du ser på plakaten, viser den gamle husmannsstua. Den hadde to rom på til sammen 30 m². Plassen ble nedlagt på slutte...","elevation":95,"name":"Husmannsplassen Fagerås","source":"UT.no\/DNT"},"type":"Feature"},{"geometry":{"coordinates":[10.663694,59.842846999999999],"type":"Point"},"id":"heritage-ut-146154963","properties":{"description":"Dette er restene av grunnmuren på Kallestad, som var husmannsplass under Skoklefall fra 1868. Her har det bodd opptil 10 personer på samme tid. På bildet ser vi de gamle husene, som ble brent ned på 1960-tallet.","elevation":105,"name":"Husmannsplassen Kallestad","source":"UT.no\/DNT"},"type":"Feature"},{"geometry":{"coordinates":[10.670351999999999,59.838318000000001],"type":"Point"},"id":"heritage-ut-146154964","properties":{"description":"Rett ved lysløypa nord for Bergerbanen ligger grunnmuren på husmannsplassen Isakstubråtan. Plassen ble anlagt da Haukemyra ble ryddet på 1700-tallet. Til sammen var det hele 40 mål innmark herfra og sørover mot Sandaker. På kartet fra 1800 ...","elevation":97,"name":"Husmannsplassen Isakstubråtan","source":"UT.no\/DNT"},"type":"Feature"},{"geometry":{"coordinates":[10.663857999999999,59.808701999999997],"type":"Point"},"id":"heritage-ut-146154965","properties":{"description":"Dette er restene av grunnmuren på Smedsrud, som var en husmannsplass under Øvre Røer. Plassen ble anlagt en gang omkring år 1800. Den gangen var det smeden Johannes Løvestad som bodde her. Det er altså ham som er opphav til Smedsrud-navnet.","elevation":126,"name":"Husmannsplassen Smedsrud","source":"UT.no\/DNT"},"type":"Feature"},{"geometry":{"coordinates":[10.652155,59.814518999999997],"type":"Point"},"id":"heritage-ut-146154966","properties":{"description":"Dette er restene av grunnmuren på Østre Ravnsborg, som var en husmannsplass under Nedre Røer fra 1700-tallet. Den første husmannen vi kjenner navnet på, het Daniel Andersen. Han og kona Kari Larsdatter bodde her i 1801.","elevation":135,"name":"Husmannsplassen Ravnsborg","source":"UT.no\/DNT"},"type":"Feature"},{"geometry":{"coordinates":[10.627712000000001,59.812981999999998],"type":"Point"},"id":"heritage-ut-146154967","properties":{"description":"Ved Bleksli-Bråtetjernet ligger ruinen av Flatebybråtan, som var en husmannsplass under Østre Flateby. Den første husmannen var landsoldat Anders Hansen i 1775. Plassen ble utskilt i 1885, og det bodde folk her helt frem til 1960-tallet. Bi...","elevation":109,"name":"Husmannsplassen Flatebybråtan","source":"UT.no\/DNT"},"type":"Feature"},{"geometry":{"coordinates":[10.667596,59.794320999999997],"type":"Point"},"id":"heritage-ut-146154968","properties":{"description":"Høyt over den dype Grøndalen lå husmannsplassen med samme navn. Her bodde det folk før 1732. Den første husmannen vi kjenner, var Ole Aslaksen, som døde her i 1770. Plassen kalles også Viborgløkka, etter Viborg Svendsdatter, en fattig enke ...","elevation":140,"name":"Husmannsplassen Grøndalen","source":"UT.no\/DNT"},"type":"Feature"},{"geometry":{"coordinates":[10.677638999999999,59.786383000000001],"type":"Point"},"id":"heritage-ut-146154969","properties":{"description":"Dette er restene etter grunnmuren på Blankemyr som var husmannsplass under Krange og Grøstad tidlig på 1700-tallet. Husmannen på Blankemyr dyrket en åkerlapp på den smale myra som strekker seg herfra og sørover til dagens Krangejorde. Den f...","elevation":104,"name":"Husmannsplassen Blankemyr","source":"UT.no\/DNT"},"type":"Feature"},{"geometry":{"coordinates":[10.660449,59.781908000000001],"type":"Point"},"id":"heritage-ut-146154970","properties":{"description":"Mellom grantrærne bak skiltet ligger ruinen av Stensrud, som var en plass under Hokholt eller Sandåsen. Jorda ble nok dyrket opp omkring 1850. Huset ble bygget av Hagbart Stensrud, som var sønn på Sandåsen.","elevation":141,"name":"Stensrud","source":"UT.no\/DNT"},"type":"Feature"},{"geometry":{"coordinates":[10.602824999999999,59.738035000000004],"type":"Point"},"id":"heritage-ut-146154972","properties":{"description":"Ved gangveien nord for Bakkeløkka ungdomsskole ligger ruinen etter husmannsplassen Langebakke. Langebakke ble ryddet før 1750, og husmannsfolkene den gang var Johannes Nielsen og kona Marthe. Navnet på plassen kommer nok av den lange bakken...","elevation":54,"name":"Husmannsplassen Langebakke","source":"UT.no\/DNT"},"type":"Feature"},{"geometry":{"coordinates":[10.668468000000001,59.773175000000002],"type":"Point"},"id":"heritage-ut-146154973","properties":{"description":"Dette er restene av grunnmuren på Løkka, som var husmannsplass under Hokholt. Hele området nedover til Burmaveien var en åpen løkke den gangen - derav navnet. Vi vet at husmannen Adam Herman Hansen og hustru Karen Sophie bodde her i 1886. D...","elevation":124,"name":"Husmannsplassen Løkka","source":"UT.no\/DNT"},"type":"Feature"},{"geometry":{"coordinates":[10.669981999999999,59.772627999999997],"type":"Point"},"id":"heritage-ut-146154976","properties":{"description":"Rett ved den gamle kirkeveien ligger grunnmuren og hagen på Vestbråtan. Her bodde Nille Jensen på slutten av 1800-tallet, sammen med sin sønn Severin. Det var han som innførte telefonen på Nesodden. På bildet ser vi huset på Vestbråtan. Det...","elevation":109,"name":"Vestbråtan","source":"UT.no\/DNT"},"type":"Feature"},{"geometry":{"coordinates":[10.672461999999999,59.772151000000001],"type":"Point"},"id":"heritage-ut-146154977","properties":{"description":"Dette er restene av grunnmuren på Øvre Gulstad, som var en trebygning på to etasjer like inntil Burmaveien. Kommunen kjøpte eiendommen i 1924 for å opprette et gamlehjem. Men husnøden på Nesodden var stor, og gamlehjemmet ble snart et tilho...","elevation":91,"name":"Aldershjemmet Øvre Gulstad","source":"UT.no\/DNT"},"type":"Feature"},{"geometry":{"coordinates":[10.652041000000001,59.775193000000002],"type":"Point"},"id":"heritage-ut-146154978","properties":{"description":"Dette er grunnmuren på Dammyra, som fra 1700-tallet var husmannsplass under Fundingrud og Hokholt. Den fikk navn etter Hokholtdammyra, som ligger nede i nordøst. Her bodde det folk helt til 1960-tallet.","elevation":129,"name":"Husmannsplassen Dammyra","source":"UT.no\/DNT"},"type":"Feature"},{"geometry":{"coordinates":[10.652272,59.765200999999998],"type":"Point"},"id":"heritage-ut-146154979","properties":{"description":"På denne kollen lå en meget gammel husmannsplass med 3 mål jord. Det var Fundingrudstuen som hørte under Østre Fundingrud. Vi kjenner navnet på flere av husmennene som har bodd her. Stua brant ned til grunnen en mainatt i 1848, og en liten ...","elevation":110,"name":"Husmannsplassen Fundingrudstuen","source":"UT.no\/DNT"},"type":"Feature"},{"geometry":{"coordinates":[10.650033000000001,59.764600000000002],"type":"Point"},"id":"heritage-ut-146154980","properties":{"description":"På slutten av 1800-tallet var Roligheta Nedre en husmannsplass på 5 mål med fjøs og en stue på 30 m2. Plassen fikk navn etter husmannen som bodde her - han het Roligheten. Fortsatt finner vi en tydelig grunnmur og en overflod av hekk og hag...","elevation":119,"name":"Husmannsplassen Nedre Roligheten","source":"UT.no\/DNT"},"type":"Feature"},{"geometry":{"coordinates":[10.647311999999999,59.763340999999997],"type":"Point"},"id":"heritage-ut-146154981","properties":{"description":"Her lå på 1800-tallet en liten plass med stue og fjøs. Vi finner så vidt grunnmurene etter disse. Den flate og ryddige skogbunnen som strekker seg nedover fra stien, er restene av tre mål jord som husmannen hadde rett til å dyrke.","elevation":126,"name":"Husmannsplassen Øvre Roligheten","source":"UT.no\/DNT"},"type":"Feature"},{"geometry":{"coordinates":[10.643530999999999,59.758518000000002],"type":"Point"},"id":"heritage-ut-146154982","properties":{"description":"Her bodde i 1844 husmannsfolkene Andreas Hansen og Karen Sophie Olsdatter. Teigen var en stor plass på 35 mål, og Andreas var en ganske velstående husmann. Han hadde både hest og 3 kuer. Vi finner fortsatt rester av grunnmur og syrinbusker.","elevation":113,"name":"Husmannsplassen Fundingrudteigen","source":"UT.no\/DNT"},"type":"Feature"},{"geometry":{"coordinates":[10.648774,59.766044999999998],"type":"Point"},"id":"heritage-ut-146154983","properties":{"description":"I bakgrunnen på bildet ser vi grunnmuren på Fundingrudhaugen (Fundingrudbråtan), som var husmannsplass under Vestre Fundingrud. Husmannsstua ble satt opp på 1700-tallet. Navnet stammer fra det danske mannsnavnet Fundin. I 1850-årene var det...","elevation":130,"name":"Husmannsplassen Fundingrudhaugen","source":"UT.no\/DNT"},"type":"Feature"},{"geometry":{"coordinates":[10.612073000000001,59.759382000000002],"type":"Point"},"id":"heritage-ut-146154984","properties":{"description":"Rødhullet var husmannsplass under Langfjell. Navnet skriver seg fra vannet her, som var rødfarget på grunn av høyt jerninnhold i bakken. Den første husmannen vi kjenner til, var den fattige skredderen Johan Mathisen, som bodde her i 1858. J...","elevation":145,"name":"Husmannsplassen Rødhullet","source":"UT.no\/DNT"},"type":"Feature"},{"geometry":{"coordinates":[10.615076999999999,59.732297000000003],"type":"Point"},"id":"heritage-ut-146154985","properties":{"description":"Dette er restene etter Svartebråtan, som var husmannsplass under Agnor. Plassen lå like ved Vaveien (Vassveien), den gamle hulveien som i mange hundre år var hovedvei fra Agnor og ned til Grisebu. Den siste som bodde i Svartebråtan, var Mar...","elevation":79,"name":"Husmannsplassen Svartebråtan","source":"UT.no\/DNT"},"type":"Feature"},{"geometry":{"coordinates":[10.669651999999999,59.830666999999998],"type":"Point"},"id":"heritage-ut-146154986","properties":{"description":"Vamyra var husmannsplass under Sandaker og Berger. Navnet kommer naturlig nok av Vassmyra - våt myr. I nordenden av myra bodde husmannen Svend Vassmyra. Vi kan finne spor etter stua hans på den lille høyden der stien fra Bergerbanen møter s...","elevation":115,"name":"Husmannsplassen Vamyra","source":"UT.no\/DNT"},"type":"Feature"},{"geometry":{"coordinates":[11.174333000000001,59.467872999999997],"type":"Point"},"id":"heritage-ut-146177918","properties":{"description":"Skiptvet kirke ble reist mellom 1150 og 1200, og er viet Jomfru Maria. Kirken ble bygd i romansk stil. På en steinblokkene på nordveggen finner man en skålgrop fra bronsealder (1800-500 f. Kr). I 1762 brant middelalderkirken, og kirken mått...","elevation":120,"name":"Skiptvet kirke, middelalderkirke","source":"UT.no\/DNT"},"type":"Feature"},{"geometry":{"coordinates":[11.344315999999999,59.189022000000001],"type":"Point"},"id":"heritage-ut-146177919","properties":{"description":"Rokke kirke i Halden kommune er en langkirke bygd rundt år 1150. Kirken har gjennomgått store endringer både innvendig og utvendig. I 1886 fikk kirken sin mangekantede form i øst. Trefiguren av Olav den hellige er fra 1300-tallet.","elevation":131,"name":"Rokke kirke, middelalderkirke","source":"UT.no\/DNT"},"type":"Feature"},{"geometry":{"coordinates":[11.434791000000001,59.086281999999997],"type":"Point"},"id":"heritage-ut-146177920","properties":{"description":"Idd kirke i Halden kommune ble bygd i siste halvdel av 1100-tallet. I skogkanten vest for kirken finner vi helleristninger fra bronsealderen (1800-500 f.Kr). Nær kirken finnes også steds- og gårdsnavnet Hov. Dette navnet kobles til gudedyrk...","elevation":12,"name":"Idd Kirke, middelalderkirke","source":"UT.no\/DNT"},"type":"Feature"},{"geometry":{"coordinates":[10.893841999999999,59.346241999999997],"type":"Point"},"id":"heritage-ut-146177921","properties":{"description":"Råde kirke ble bygd ca. 1185, og er reparert og restaurert mange ganger. Den ligger flott til på Østfoldraet i et kulturmiljø med mange gravminner fra jernalder. Pilegrimsleden går forbi kirken.","elevation":62,"name":"Råde kirke, middelalderkirke","source":"UT.no\/DNT"},"type":"Feature"},{"geometry":{"coordinates":[11.257491999999999,59.519539999999999],"type":"Point"},"id":"heritage-ut-146177922","properties":{"description":"Eidsberg kirke blir også kalt \"Østfolddomen\". Den har ikke alltid vært så stor og ruvende som i dag. Trolig sto det en trekirke på samme sted fra kristningens første tid. Den første steinkirken, bygd på 1100-tallet, er det lite igjen av. I ...","elevation":66,"name":"Eidsberg kirke, middelalderkirke","source":"UT.no\/DNT"},"type":"Feature"},{"geometry":{"coordinates":[10.722543999999999,59.379688999999999],"type":"Point"},"id":"heritage-ut-146177923","properties":{"description":"På kronen av Østfold-raet, midt i jernalderbygda, ble Rygge kirke reist rundt 1150. Kirken er en av de største og best bevarte middelalderkirkene i Østfold. Det er ikke tilfeldig at vi finner mange gravfelt fra jernalderen (ca. 1. årtusen e...","elevation":27,"name":"Rygge kirke, middelalderkirke","source":"UT.no\/DNT"},"type":"Feature"},{"geometry":{"coordinates":[11.594996,59.587938000000001],"type":"Point"},"id":"heritage-ut-146177924","properties":{"description":"Rødenes kirke i Marker kommune er yngst av de stående middelalderkirkene i Østfold. Antagelig ble den innviet litt før år 1300. Kirken er blitt ombygd i flere omganger.","elevation":128,"name":"Rødenes kirke, middelalderkirke","source":"UT.no\/DNT"},"type":"Feature"},{"geometry":{"coordinates":[10.923958000000001,59.600758999999996],"type":"Point"},"id":"heritage-ut-146177925","properties":{"description":"Hobøl kirke i Indre Østfold er en av Norges best bevarte middelalderkirker i stein. Dette er blant annet på grunn av at kirkens ytre form har vært den samme så langt tilbake som kirken kan følges i de skriftlige kildene. Kirken er bygd i de...","elevation":97,"name":"Hobøl kirke, middelalderkirke","source":"UT.no\/DNT"},"type":"Feature"},{"geometry":{"coordinates":[10.868115,59.488520000000001],"type":"Point"},"id":"heritage-ut-146177926","properties":{"description":"Våler kirke ble bygd rundt 1150 da kristendommen fortsatt var ny i Norge. Kirken ligger lavt i terrenget, omkranset av mange gravfelt fra jernalderen. Dette er ganske vanlig. For å lettere introdusere den nye troen, ble de første kirkene of...","elevation":35,"name":"Våler kirke, middelalderkirke","source":"UT.no\/DNT"},"type":"Feature"},{"geometry":{"coordinates":[11.313038000000001,59.636628999999999],"type":"Point"},"id":"heritage-ut-146177927","properties":{"description":"Trøgstad kirke i Indre Østfold kommune sto ferdig rundt 1250. Mye tyder på at det tidligere har stått en mindre trekirke, antagelig en stavkirke, på samme sted. Trøgstad kirke er en steinkirke i romansk stil. Døpefonten er antagelig like ga...","elevation":181,"name":"Trøgstad kirke, middelalderkirke","source":"UT.no\/DNT"},"type":"Feature"},{"geometry":{"coordinates":[11.263308,59.560997],"type":"Point"},"id":"heritage-ut-146177929","properties":{"description":"Tenor kirke ble bygget på slutten av 1200-tallet som en annekskirke til Eidsberg kirke. Kirken ble bygget av bruddstein og tegl i gotisk stil. Undersøkelser av ruinen på 1950-tallet tyder på at kirken har vært usedvanlig rikt utstyrt. Funn ...","elevation":121,"name":"Tenor kirkeruin","source":"UT.no\/DNT"},"type":"Feature"},{"geometry":{"coordinates":[11.055296,59.030470999999999],"type":"Point"},"id":"heritage-ut-146177930","properties":{"description":"På Hvaler er det kjent minst 70 felt med til sammen 330-400 Hvalertufter. De fleste kan dateres til middelalderen før 1350. På Skårsnes ligger en samling Hvalertufter tett i tett, rett ved en flott tursti. Tuftene har vært enkle fiskerhytte...","elevation":6,"name":"Skårsnes, Hvalertufter","source":"UT.no\/DNT"},"type":"Feature"},{"geometry":{"coordinates":[11.046583999999999,59.025427999999998],"type":"Point"},"id":"heritage-ut-146177931","properties":{"description":"På Hvaler er det kjent minst 70 felt med til sammen 330-400 Hvalertufter. De fleste kan dateres til middelalderen før 1350. På Gibergodden ligger en fin samling med tufter og båtopptrekk rett ved flott tursti. Tuftene har vært enkle fiskerh...","elevation":4,"name":"Gilbergodden, Hvalertufter og båtopptrekk","source":"UT.no\/DNT"},"type":"Feature"},{"geometry":{"coordinates":[11.015658999999999,59.022008999999997],"type":"Point"},"id":"heritage-ut-146177932","properties":{"description":"På Hvaler er det kjent minst 70 felt med til sammen 330-400 Hvalertufter. De fleste kan dateres til middelalderen før 1350. På Sjursholmen ligger det minst tre grupper med Hvalertufter. Tuftene har vært enkle fiskerhytter brukt av bønder so...","elevation":4,"name":"Sjursholmen, Hvalertufter og båtopptrekk","source":"UT.no\/DNT"},"type":"Feature"},{"geometry":{"coordinates":[11.015432000000001,59.019418999999999],"type":"Point"},"id":"heritage-ut-146177933","properties":{"description":"På Hvaler er det kjent minst 70 felt med til sammen 330-400 Hvalertufter. De fleste kan dateres til middelalderen før 1350. På Sjursholmen ligger det minst tre grupper med Hvalertufter. Tuftene har vært enkle fiskerhytter brukt av bønder so...","elevation":7,"name":"Sildevika, Hvalertufter","source":"UT.no\/DNT"},"type":"Feature"},{"geometry":{"coordinates":[11.047249000000001,59.001837000000002],"type":"Point"},"id":"heritage-ut-146177934","properties":{"description":"En av de største gravrøysene i Østfold. Sannsynligvis fra bronsealderen. Et mektig skue! Informasjonsskilt på stedet.","elevation":25,"name":"Herfølsåta, gravrøys","source":"UT.no\/DNT"},"type":"Feature"},{"geometry":{"coordinates":[10.931107000000001,59.082456999999998],"type":"Point"},"id":"heritage-ut-146177935","properties":{"description":"Ved Sand marina på Spjærøy i Hvaler kommune kan du se vraket etter Christiania i fjæra. Skipet Christiania ble bygget i USA i 1858. Skipet fraktet kinesiske jernbanearbeidere til California. I 1866 ble skuta kjøpt til Horten, og ble blant a...","name":"Christiania, skipsvrak","source":"UT.no\/DNT"},"type":"Feature"},{"geometry":{"coordinates":[11.689653,59.393763999999997],"type":"Point"},"id":"heritage-ut-146177936","properties":{"description":"Volen hellekiste er en grav fra steinalderen. Den ble undersøkt av arkeologer i 2002. I kisten ble det funnet en hel flintdolk, deler av en annen flintdolk og tre hjereformede pilspisser av flint. Hellekisten har rester etter et avlangt kam...","elevation":135,"name":"Hellekiste, Volen","source":"UT.no\/DNT"},"type":"Feature"},{"geometry":{"coordinates":[11.673102,59.488359000000003],"type":"Point"},"id":"heritage-ut-146183523","properties":{"description":"Gravrøys fra bronsealder\/jernalder. Bygget av bruddstein. Lagt over en N-S-gående kløft i berget. I kløfta og i midten av røysa er et krater, d 2m, dybde 0,75m. D 12m, h 1m. Tilrettelagt med informasjonsskilt. Sti fra Tyttebærstien.","elevation":140,"name":"Spekkebuåsen, Krokstad gravrøys","source":"UT.no\/DNT"},"type":"Feature"},{"geometry":{"coordinates":[11.023605,59.627561999999998],"type":"Point"},"id":"heritage-ut-146183524","properties":{"description":"Gravfelt med 2 gravhauger fra jernalderen. Begge er steinblandet og tydelig markerte. Området blir skjøttet, og fremstår ryddig. Det er satt opp et fint informasjonsskilt mellom haugene. Den største gravhaugen ligger i nordlige del, mens de...","elevation":133,"name":"Lyshaug gravfelt","source":"UT.no\/DNT"},"type":"Feature"},{"geometry":{"coordinates":[11.127769000000001,59.609622999999999],"type":"Point"},"id":"heritage-ut-146183525","properties":{"description":"Langnes skanse i Indre Østfold skulle beskytte brua over Glomma mot svenskene under krigen sommeren 1814. Skansen besto av jordvoller og infanterigraver, og deler av anlegget ble aldri ferdigstilt før krigen brøt ut. Rundt 1500 norske og 65...","elevation":95,"name":"Langnes skanse","source":"UT.no\/DNT"},"type":"Feature"},{"geometry":{"coordinates":[11.137093999999999,60.147005999999998],"type":"Point"},"id":"heritage-ut-146183526","properties":{"description":"Nord-Eurpoas største gravhaug reiser seg monumentalt over Ljøgodttjernet. Ligger langs pilgrimsleden.","elevation":199,"name":"Raknehaugen","source":"UT.no\/DNT"},"type":"Feature"},{"geometry":{"coordinates":[11.154773,59.589430999999998],"type":"Point"},"id":"heritage-ut-146183529","properties":{"description":"Ved Urnelunden har man gravlagt sine døde gjennom nesten 2000 år. I forlengelsen av dagens kirkegård ved Askim kirke, ligger et gravfelt med fem gravhauger fra jernalderen. Gravene er ikke arkeologisk undersøkt. I dette området har det ståt...","elevation":145,"name":"Urnelunden","source":"UT.no\/DNT"},"type":"Feature"},{"geometry":{"coordinates":[11.159477000000001,59.586418999999999],"type":"Point"},"id":"heritage-ut-146183530","properties":{"description":"Feltet består av 7 rundhauger fra jernalderen. Alle klart markerte. De er alle gressbevokste. Gravhaugene er omtrent jevnstore med diameter på 9-13m, og høyde på 0,5-1,5m. Gravfeltet må sees i sammenheng med gravfeltet i Prestenga barnehage...","elevation":145,"name":"Folkeparken gravfelt","source":"UT.no\/DNT"},"type":"Feature"},{"geometry":{"coordinates":[11.160295,59.586879000000003],"type":"Point"},"id":"heritage-ut-146183531","properties":{"description":"I skogen ved Prestenga barnehage i Askim finner du et gravfelt med minimum 18 gravminner fra jernalder. Gravfeltet må sees i sammenheng med gravfeltet i Folkeparken, tvers over bilveien, dette må ha vært ett sammenhengende gravfelt. Det er ...","elevation":145,"name":"Prestenga gravfelt","source":"UT.no\/DNT"},"type":"Feature"},{"geometry":{"coordinates":[11.286875999999999,59.572611999999999],"type":"Point"},"id":"heritage-ut-146183532","properties":{"description":"Storslåtte gravhauger fra jernalder, stedsnavn og funn av verdifulle gjenstander tyder på at området Folkenborg-Mysen-Sletner har vært et maktsentrum i jernalderen. Her har stormenn hersket. De store gravhaugene ved Edwin Ruuds hospital i E...","elevation":159,"name":"Kjempehaugene ved Edwin Ruud","source":"UT.no\/DNT"},"type":"Feature"},{"geometry":{"coordinates":[11.33492,59.548247000000003],"type":"Point"},"id":"heritage-ut-146183534","properties":{"description":"Gravfeltet på Birkelunden i Mysen består av 11 gravhauger fra jernalder. Gravene er ikke undersøkt av arkeologer. I gravfeltet går det et forhistorisk veifar, en hulvei. I gravfeltet er det tre informasjonskilt. Det er også hvilebenker og t...","elevation":101,"name":"Birkelunden gravfelt","source":"UT.no\/DNT"},"type":"Feature"},{"geometry":{"coordinates":[11.355363000000001,59.507353000000002],"type":"Point"},"id":"heritage-ut-146183535","properties":{"description":"Gravfelt med 21 gravhauger fra jernalder. I gravfeltet finner du piknikbord og fire informasjonskilt. Trømborg kirke er middelalder kirkested, ved innkjøringen til kirken står det et skilt med to tavler der du kan lese om kirken og arkeolog...","elevation":177,"name":"Trømborg gravfelt og middelalder-kirkested","source":"UT.no\/DNT"},"type":"Feature"},{"geometry":{"coordinates":[11.311593999999999,59.439672000000002],"type":"Point"},"id":"heritage-ut-146183536","properties":{"description":"Vundt Os skole i Rakkestad ligger det mange gravminner fra jernalderen. Det er satt opp et skilt ved en stor gravhaug og et skilt ved en rekonstruert grav.","elevation":114,"name":"Gravfelt ved Os skole","source":"UT.no\/DNT"},"type":"Feature"},{"geometry":{"coordinates":[11.263323,59.160702000000001],"type":"Point"},"id":"heritage-ut-146183539","properties":{"description":"Jernalder gravfelt bestående av 2 steinringer, 1 steinlegning, 1 gravrøys, 1 gravhaug og 1 bautastein. Informasjonsskilt på stedet. Rett ved bilvei. Pilegrimsleden, Borgleden, passerer forbi.","elevation":47,"name":"Tingstedet - kongeveien gravfelt","source":"UT.no\/DNT"},"type":"Feature"},{"geometry":{"coordinates":[11.263540000000001,59.162514999999999],"type":"Point"},"id":"heritage-ut-146183540","properties":{"description":"Jernalder gravfelt bestående av 1 gravhaug, 1 gravrøys, 1 hulvei, 2 steinringer og 1 steinsetning. To informasjonsskilt på stedet. Bilvei rett ved kulturminnet. Pilegrimsleden, Borgleden, passerer forbi.","elevation":49,"name":"Tingstedet gravfelt","source":"UT.no\/DNT"},"type":"Feature"},{"geometry":{"coordinates":[11.251175,59.146842999999997],"type":"Point"},"id":"heritage-ut-146183541","properties":{"description":"Jellhaugen på Gjellestad i Halden er Norges andre største gravhaug, etter Raknehaugen. I området som omgir Jellhaugen er det funnet flere graver som nå er borte fra overflaten. Den mest kjent av disse er funnet av et vikingskip. Hele område...","elevation":18,"name":"Jellhaug og funnsted for Gjellestadskipet","source":"UT.no\/DNT"},"type":"Feature"},{"geometry":{"coordinates":[10.683284,59.306880999999997],"type":"Point"},"id":"heritage-ut-146183543","properties":{"description":"Inne på Larkollen camping ligger to flotte gravrøyser fra bronsealder-jernalder. I den ene står det en kjempestor bauta. Ved begge røsene er det informasjonsskilt.","elevation":4,"name":"Gravrøyser på Larkollen camping","source":"UT.no\/DNT"},"type":"Feature"},{"geometry":{"coordinates":[10.768065999999999,59.374727],"type":"Point"},"id":"heritage-ut-146183544","properties":{"description":"Det er 13 kjente gravhauger fra jernalderen i Rørskogen. Ingen er undersøkt av arkeologer. På en steinblokk i nordvestre del av gravfeltet finnes 2-3 skålgroper. Piknikbord og to informasjonsskilt i gravfeltet. Rett ved bilvei og busstopp.","elevation":40,"name":"Rørskogen gravfelt","source":"UT.no\/DNT"},"type":"Feature"},{"geometry":{"coordinates":[10.726398,59.378338999999997],"type":"Point"},"id":"heritage-ut-146183545","properties":{"description":"I Prestegårdsskogen ved Rygge kirke ligger det minst fem gravhauger fra jernalder. Ved kristendommens inntog ble kirkene ofte bygget på vikingenes hellige steder. Gravene i Prestegårdsskogen er ikke undersøkt av arkeologer. Pilegrimsleden, ...","elevation":25,"name":"Gravfeltet i Prestegårdsskogen","source":"UT.no\/DNT"},"type":"Feature"},{"geometry":{"coordinates":[10.691490999999999,59.388627999999997],"type":"Point"},"id":"heritage-ut-146183546","properties":{"description":"Gravfelt fra jernalder. Pilegrimsleden, Borgleden, går i gjennom den nordre delen av gravfeltet, her er det også hvilebenk og informasjonsskilt. På pilegrimsleden.no finner du mer informasjon om leden.","elevation":31,"name":"Løkenhaugen gravfelt","source":"UT.no\/DNT"},"type":"Feature"},{"geometry":{"coordinates":[10.689513,59.390267000000001],"type":"Point"},"id":"heritage-ut-146183547","properties":{"description":"Hulveieer er U-formete spor etter mange hundre års bruk. Hulveier har blitt brukt som gang- og rideveier gjennom lang tid. Noen helt tilbake til jernalderen. Slike veiløp kan være vanskelig å datere, men ofte finnes de i nærheten av gravfel...","elevation":30,"name":"Hulveien i Smedhusåsen","source":"UT.no\/DNT"},"type":"Feature"},{"geometry":{"coordinates":[10.688732,59.391624],"type":"Point"},"id":"heritage-ut-146183548","properties":{"description":"Gravfelt fra jernalder. Spesielt en stor gravhaug er godt synlig. Ved denne står det et informasjonsskilt. Pilegrimsleden, Borgleden, går gjennom gravfeltet. På pilegrimsleden.no finner du mer informasjon.","elevation":40,"name":"Smedhusåsen gravfelt","source":"UT.no\/DNT"},"type":"Feature"},{"geometry":{"coordinates":[10.68257,59.389065000000002],"type":"Point"},"id":"heritage-ut-146183549","properties":{"description":"Gravfelt med minimum 17 gravhauger fra jernalderen. Piknikbord og to informasjonsskilt i gravfeltet. Bilvei helt frem. Pilegrimsleden, Borgleden, går rett forbi. På pilegrimsleden.no finnes mer informasjon om leden.","elevation":31,"name":"Gullfunnet gravfelt","source":"UT.no\/DNT"},"type":"Feature"},{"geometry":{"coordinates":[10.670458999999999,59.387413000000002],"type":"Point"},"id":"heritage-ut-146183550","properties":{"description":"Gravfelt med gravhauger og en stor steinring. Sannsynligvis er gravene fra jernalderen. Informasjonsskilt og hvilebek ved steinringen. Pilegrimsleden, Borgleden, går gjennom gravfeltet. På pilegrimsleden.no finnes mer informasjon om leden.","elevation":19,"name":"Telemarkslunden, gravfelt og naturreservat","source":"UT.no\/DNT"},"type":"Feature"},{"geometry":{"coordinates":[10.892543999999999,59.151446999999997],"type":"Point"},"id":"heritage-ut-146183551","properties":{"description":"Hele holmen er et kulturmiljø som består av en bronsealderrøys og et større stenbruddsområde. Stenbruddet ble opprettet av Folden Stenindustri i første halvdel av 1930-tallet og var i drift fram til midten av 1950-årene. Det er et av de bes...","elevation":4,"name":"Store Råholmen","source":"UT.no\/DNT"},"type":"Feature"},{"geometry":{"coordinates":[10.94361,59.246313999999998],"type":"Point"},"id":"heritage-ut-146183552","properties":{"description":"To tydelige gravrøyser, sannsynligvis fra bronsealder, på Krikenåsen i Fredrikstadmarka. Rett ved tursti. Informasjonsskilt og piknikbord ved den største røysa.","elevation":89,"name":"Gravrøyser på Krikenåsen","source":"UT.no\/DNT"},"type":"Feature"},{"geometry":{"coordinates":[10.931623999999999,59.182644000000003],"type":"Point"},"id":"heritage-ut-146183553","properties":{"description":"Stor, mektig gravrøys. Sannsynligvis fra bronsealder. Merket tursti rett ved. Informasjonsskilt og benker på stedet. Vær ogs på at det finnes to mindre gravrøyser sørøst for den store røysa, samt helleristninger ved hvilkebenken mellom røys...","elevation":66,"name":"Holtevarden gravrøys","source":"UT.no\/DNT"},"type":"Feature"},{"geometry":{"coordinates":[10.933560999999999,59.149085999999997],"type":"Point"},"id":"heritage-ut-146183554","properties":{"description":"Gravrøys fra bronsealder. De fleste gravrøysene er runde, men denne er over 35 meter lang! Gravkammeret er synlig. Merket tursti forbi og informasjonsskilt ved røysa.","elevation":55,"name":"Lunderamsa gravrøys","source":"UT.no\/DNT"},"type":"Feature"},{"geometry":{"coordinates":[11.009399,59.217044999999999],"type":"Point"},"id":"heritage-ut-146183555","properties":{"description":"Helleristningfelt fra bronsealderen (1800 - 500 f. Kr) ved Begby skole i Fredrikstad. Helleristningene er spor etter datidens foretstillinger knyttet opp til livet og døden. Blant annet spilte solen en viktig rolle i bronsealderens mytologi...","elevation":25,"name":"Begby skole-feltet, helleristninger","source":"UT.no\/DNT"},"type":"Feature"},{"geometry":{"coordinates":[11.006665,59.220126999999998],"type":"Point"},"id":"heritage-ut-146183556","properties":{"description":"Flere helleristningfelt fra bronsealderen (1800 - 500 f. Kr). Motiver som ofte går igjen er skip, vogner, hester og fotspor. Fin liten sti, med en runde til flere av helleristningsfeltene og to mindre gravfelt. Flere informasjonsskilt under...","elevation":19,"name":"Gullskår, helleristninger og gravfelt","source":"UT.no\/DNT"},"type":"Feature"},{"geometry":{"coordinates":[11.066825,59.219644000000002],"type":"Point"},"id":"heritage-ut-146183557","properties":{"description":"Stort, flott gravfelt fra jernalderen. Rett ved bilvei. Egen parkering. Informasjonstavle på p-plass og flere skilt rundt om i gravfeltet. Det er sti og mulig å gå gjennom skogen mellom dette gravfeltet og Hunn steinringene. Gravfeltet er e...","elevation":21,"name":"Hunn, gravhaugfeltet","source":"UT.no\/DNT"},"type":"Feature"},{"geometry":{"coordinates":[11.075923,59.216831999999997],"type":"Point"},"id":"heritage-ut-146183558","properties":{"description":"Gravfelt fra jernalderen. Et av Norges flotteste kulturminner!100 meter fra P-plass. Flere informasjonsskilt på stedet. Gravfeltet er en av tolv kulturminne-lokaliteter langs Oldtidsruta.","elevation":31,"name":"Hunn, Steinringfeltet","source":"UT.no\/DNT"},"type":"Feature"},{"geometry":{"coordinates":[11.222488,59.232793000000001],"type":"Point"},"id":"heritage-ut-146183559","properties":{"description":"Gravminner fra jernalder, Informasjonsskilt ved stor steinsirkel. Informasjonskilt ved steinsirkelen. Rett ved bilvei.","elevation":89,"name":"Rokkeveien, steinring og gravfelt","source":"UT.no\/DNT"},"type":"Feature"},{"geometry":{"coordinates":[11.124321999999999,59.309367000000002],"type":"Point"},"id":"heritage-ut-146183560","properties":{"description":"Bygdeborg fra jernalder. Rett ved tursti. Informasjonsskilt ved kulturminnet.","elevation":100,"name":"Herresal bygdeborg","source":"UT.no\/DNT"},"type":"Feature"},{"geometry":{"coordinates":[11.127228000000001,59.308250000000001],"type":"Point"},"id":"heritage-ut-146183561","properties":{"description":"Bygdeborg fra jernalder. Rett ved tursti. Informasjonsskilt ved kulturminnet.","elevation":90,"name":"Jomfrusal, bygdeborg","source":"UT.no\/DNT"},"type":"Feature"},{"geometry":{"coordinates":[11.06071,59.29316],"type":"Point"},"id":"heritage-ut-146183562","properties":{"description":"Gravhauger fra jernalder mellom bolighusene. Informasjonsskilt ved den største haugen. Bilvei rett ved.","elevation":65,"name":"Villhageveien Gravfelt","source":"UT.no\/DNT"},"type":"Feature"},{"geometry":{"coordinates":[11.046132,59.315891000000001],"type":"Point"},"id":"heritage-ut-146183563","properties":{"description":"Helleristninger fra bronsealder. På Kalnes i Sarpsborg kommune finner du skipsfigurer, menneskefigurer, dyrefigurer og sirkelfigurer samlet på ett felt. Legg særlig merke til skipene der mannskapet ser ut til å hilse med hevete årer! En av ...","elevation":51,"name":"Kalnes helleristningsfelt","source":"UT.no\/DNT"},"type":"Feature"},{"geometry":{"coordinates":[11.110728,59.280762000000003],"type":"Point"},"id":"heritage-ut-146183564","properties":{"description":"I Kulåsparken i Sarpsborg ligger det fire langhauger fra jernalder. Gravene er ikke arkeologisk undersøkt. På slutten av 1980-tallet ble en annen gravhaug undersøkt da rådhuset skulle bygges. Funnet fra denne knvinnegraven fra romertid (0-4...","elevation":61,"name":"Kulåsparken, jernaldergraver","source":"UT.no\/DNT"},"type":"Feature"},{"geometry":{"coordinates":[11.073886999999999,59.293930000000003],"type":"Point"},"id":"heritage-ut-146183565","properties":{"description":"Stort område med mange arkeolgiske funn og graver, hovedsakelig fra jernalderen. Både grahauger og graver uten markering over bakken. To informasjonsskilt ved gravene som ligger ved pilegrimsleden, Borgleden, som går rett forbi. På pilegrim...","elevation":48,"name":"Tingvoll, gravfelt","source":"UT.no\/DNT"},"type":"Feature"},{"geometry":{"coordinates":[11.090783,59.292651999999997],"type":"Point"},"id":"heritage-ut-146183566","properties":{"description":"Jernalder-gravfelt. Over 70 gravminner registrert. Fortsatt flere gravhauger synlige. Ett informasjonsskilt ved gravfeltet og ett i bakken sør for gravfeltet. Pilegrimsleden, Borgleden, passerer ca. 80 meter sør for gravfeltet. På pilegrims...","elevation":55,"name":"Trompeten gravfelt","source":"UT.no\/DNT"},"type":"Feature"},{"geometry":{"coordinates":[11.195995,59.211087999999997],"type":"Point"},"id":"heritage-ut-146183567","properties":{"description":"På Guslundsåsen i Sarpsborg kommune finner du flere gravrøyser fra bronsealder (1800 - 500 f. Kr). Røysene lå plassert på høyden med vid utsikt. I den ene gravrøysa ble det funnet kniv av bronse. Pilegrimsleden, Borgleden, passerer forbi rø...","elevation":59,"name":"Guslundåsen, gravrøyser","source":"UT.no\/DNT"},"type":"Feature"},{"geometry":{"coordinates":[11.194575,59.207788000000001],"type":"Point"},"id":"heritage-ut-146183568","properties":{"description":"Ved Guslundsåsen finner du spor etter århundrer med ferdsel. Slike U-formete stier kalles hulveier og kan være svært gamle. Det er funnet gravrøyser ved Åsgården, Bragelia og Odins vei i dette området. Hulveiene kan derfor være spor etter m...","elevation":20,"name":"Hulveien i Guslundåsen","source":"UT.no\/DNT"},"type":"Feature"},{"geometry":{"coordinates":[11.127236999999999,59.211275999999998],"type":"Point"},"id":"heritage-ut-146183569","properties":{"description":"Stort gravfelt fra bronsealder og eldre jernalder i Sarpsborg kommune. Her finner du gravrøyser, steinringer og steinlegginger. På toppen av åsen finner du den mektige Gunnarstorprøysa som er 30 meter i diameter og tre meter høy. Flott turo...","elevation":42,"name":"Gunnarstorp gravfelt","source":"UT.no\/DNT"},"type":"Feature"},{"geometry":{"coordinates":[11.044364,59.292963],"type":"Point"},"id":"heritage-ut-146183570","properties":{"description":"Med over over hundre gravhauger, steinringer og bautasteiner er Opstadfeltetet i Sarpsborg et av de største gravfeltene i landet. Gravfeltet har vært brukt i 2500 år, fra slutten av starten av bronsealderen til slutten av vikingtid. Rundt 7...","elevation":64,"name":"Opstad gravfelt","source":"UT.no\/DNT"},"type":"Feature"},{"geometry":{"coordinates":[11.152269,59.242286999999997],"type":"Point"},"id":"heritage-ut-146183571","properties":{"description":"Nord-Europas største helleristning fra bronsealderen! Tilrettelagt for rullestolbrukere. 300 meter fra p-plass. Informasjonsskilt på stedet. Bjørnstedskipet er et av de 12 utvalgte kulturminne-destinasjonene langs Oldtidsruta. Lyssatt når d...","elevation":33,"name":"Bjørnstadskipet, helleristninger","source":"UT.no\/DNT"},"type":"Feature"},{"geometry":{"coordinates":[11.167805,59.215021],"type":"Point"},"id":"heritage-ut-146183572","properties":{"description":"To helleristningsberg med skip og vogner, mennesker og dyr. Tilrettelagt for rullestolbrukere. Kulturminner rett ved bilvei. Feltet nærmest bilveien er oppmalt, mens det innerste feltet er uten maling. Det innerste feltet er lyssatt på kvel...","elevation":20,"name":"Solberg, helleristninger","source":"UT.no\/DNT"},"type":"Feature"},{"geometry":{"coordinates":[11.088789,59.270040000000002],"type":"Point"},"id":"heritage-ut-146183573","properties":{"description":"Helleristningsfelt fra bronsealder (1800-500 f.Kr) ved Alvim i Sarpsborg. På berget kan man se skip, mennesker og en vogn dratt av hester. Helleristningene på Alvim er umalte, og ses best i mørket med lommelykt. Informasjonsskilt på stedet.","elevation":15,"name":"Alvim helleristningsfelt","source":"UT.no\/DNT"},"type":"Feature"},{"geometry":{"coordinates":[4.9691679999999998,60.729089999999999],"type":"Point"},"id":"heritage-ut-146185059","properties":{"description":"Steinalderbuplassane låg tett på begge sider av den fiskerike Fosnstraumen. Det er maten, havet sine ressursar, som har drege folk hit gjennom mange tusen år. Det høge talet på buplassar, og det at så mange av buplassane er frå same periode...","elevation":2,"name":"\"Steinalderbuplassen\" på Ramsvikneset","source":"UT.no\/DNT"},"type":"Feature"},{"geometry":{"coordinates":[9.0879580000000004,59.048834999999997],"type":"Point"},"id":"heritage-ut-146225090","properties":{"description":"Dette krigsminne ligger ved riksvei 38, mellom Drangedal og Straume. Det er ca 2,7 km fra Straumekrysset. Brua ble sprengt 14. mars 1945, etter en lang tur fra Kroken med sprengstoff. Du kan lese mer på info tavle på stedet.","elevation":74,"name":"Krigsminne ved Sønderå bru","source":"UT.no\/DNT"},"type":"Feature"},{"geometry":{"coordinates":[9.1936319999999991,59.101661],"type":"Point"},"id":"heritage-ut-146225091","properties":{"description":"Dette turmålet nås ved å følge stien til Rundkoll fra Henseid. Se vedlagte turforslag. Denne plassen ligger ca 500 m oppover lia. Her er det en gammel stor eik og en husmannsplass som ble bygget ca 1911-12. Dagens hytte er bygd i 1944 og he...","elevation":261,"name":"Per Kittilsens stue","source":"UT.no\/DNT"},"type":"Feature"},{"geometry":{"coordinates":[12.12832,59.92342],"type":"Point"},"id":"heritage-ut-146270600","properties":{"description":"Test beskrivelse, bare med lagring","elevation":274,"name":"Gruve 2","source":"UT.no\/DNT"},"type":"Feature"},{"geometry":{"coordinates":[6.8764919999999998,60.561627000000001],"type":"Point"},"id":"heritage-ut-146272105","properties":{"elevation":236,"name":"Allmenningsvegen","source":"UT.no\/DNT"},"type":"Feature"},{"geometry":{"coordinates":[12.12875,59.92342],"type":"Point"},"id":"heritage-ut-146275112","properties":{"elevation":276,"name":"Gruve 3","source":"UT.no\/DNT"},"type":"Feature"},{"geometry":{"coordinates":[12.12921,59.923020000000001],"type":"Point"},"id":"heritage-ut-146275113","properties":{"elevation":281,"name":"Gruve 4","source":"UT.no\/DNT"},"type":"Feature"},{"geometry":{"coordinates":[12.13345,59.92118],"type":"Point"},"id":"heritage-ut-146275114","properties":{"elevation":275,"name":"Gruve 5","source":"UT.no\/DNT"},"type":"Feature"},{"geometry":{"coordinates":[12.14162,59.917990000000003],"type":"Point"},"id":"heritage-ut-146275115","properties":{"elevation":241,"name":"Gruve 6","source":"UT.no\/DNT"},"type":"Feature"},{"geometry":{"coordinates":[12.141310000000001,59.917789999999997],"type":"Point"},"id":"heritage-ut-146275116","properties":{"elevation":241,"name":"Gruve 7","source":"UT.no\/DNT"},"type":"Feature"},{"geometry":{"coordinates":[12.14001,59.916310000000003],"type":"Point"},"id":"heritage-ut-146275117","properties":{"elevation":246,"name":"Gruve 8","source":"UT.no\/DNT"},"type":"Feature"},{"geometry":{"coordinates":[12.127840000000001,59.92577],"type":"Point"},"id":"heritage-ut-146275118","properties":{"elevation":262,"name":"Øvre Nysætra","source":"UT.no\/DNT"},"type":"Feature"},{"geometry":{"coordinates":[12.124029999999999,59.936399999999999],"type":"Point"},"id":"heritage-ut-146275119","properties":{"elevation":210,"name":"Kabbeteigen","source":"UT.no\/DNT"},"type":"Feature"},{"geometry":{"coordinates":[12.146929999999999,59.926769999999998],"type":"Point"},"id":"heritage-ut-146275120","properties":{"elevation":192,"name":"Rubbefallet","source":"UT.no\/DNT"},"type":"Feature"},{"geometry":{"coordinates":[12.02788,59.92754],"type":"Point"},"id":"heritage-ut-146284147","properties":{"description":"Tufter og steinhauger etter forlatt småbruk fra 1795","elevation":225,"name":"Rosenlund, Klanderud","source":"UT.no\/DNT"},"type":"Feature"},{"geometry":{"coordinates":[12.035568,59.938890000000001],"type":"Point"},"id":"heritage-ut-146284148","properties":{"description":"Gnr 15 bnr 1 Steinmur etter forlatt boplass","elevation":234,"name":"Stæringsholmen, Stangnes","source":"UT.no\/DNT"},"type":"Feature"},{"geometry":{"coordinates":[12.036099999999999,59.93873],"type":"Point"},"id":"heritage-ut-146284149","properties":{"description":"Gnr 6 bnr 9 Steinmur etter forlatt boplass u gnr 6 Klanderud","elevation":230,"name":"Olderbakken, Kublikk","source":"UT.no\/DNT"},"type":"Feature"},{"geometry":{"coordinates":[11.99466,59.902670000000001],"type":"Point"},"id":"heritage-ut-146284150","properties":{"description":"Gnr 5 bnr 17 Godt bevart jordkjeller i stein. Første beliggenhet til Tønnes","elevation":156,"name":"Ner Tønnes, Kublik","source":"UT.no\/DNT"},"type":"Feature"},{"geometry":{"coordinates":[12.00188,59.919780000000003],"type":"Point"},"id":"heritage-ut-146284151","properties":{"description":"Gnr 6 bnr 7 Steinrester etter forlatt boplass u gnr 6 Klanderud","elevation":200,"name":"Toterud, Klanderud","source":"UT.no\/DNT"},"type":"Feature"},{"geometry":{"coordinates":[12.0349,59.951410000000003],"type":"Point"},"id":"heritage-ut-146284152","properties":{"description":"Gnr 15 bnr 1 Rester etter forlatt boplass u bnr 1 Stangnes 'Bygningen'","elevation":206,"name":"Djupdalen Stangnes","source":"UT.no\/DNT"},"type":"Feature"},{"geometry":{"coordinates":[11.952450000000001,59.946350000000002],"type":"Point"},"id":"heritage-ut-146284153","properties":{"description":"Gnr 9 bnr 40 Rester etter forlatt boplass u gnr 9 Rambøl","elevation":313,"name":"Vardåsen, Rambøl","source":"UT.no\/DNT"},"type":"Feature"},{"geometry":{"coordinates":[12.06481,59.903320000000001],"type":"Point"},"id":"heritage-ut-146284154","properties":{"description":"Gnr 16 bnr 11 Gammel sæterplass under Ingelsrud. Funn fra middelalderen.","elevation":181,"name":"Ingelsrudsætra, Ingelsrud","source":"UT.no\/DNT"},"type":"Feature"},{"geometry":{"coordinates":[11.9833,59.900849999999998],"type":"Point"},"id":"heritage-ut-146284155","properties":{"description":"Gnr 7 bnr 5 Gammel sæterplass under Rud på svenske GR 56","elevation":149,"name":"Rudsenga, Rud","source":"UT.no\/DNT"},"type":"Feature"},{"geometry":{"coordinates":[11.958320000000001,59.909280000000003],"type":"Point"},"id":"heritage-ut-146287173","properties":{"description":"Gnr 7 bnr 2 Nedlagt husmannsplass. Første gang nevnt i prestemannstallet.","elevation":175,"name":"Langsrud 2","source":"UT.no\/DNT"},"type":"Feature"},{"geometry":{"coordinates":[11.960610000000001,59.909280000000003],"type":"Point"},"id":"heritage-ut-146287174","properties":{"description":"Gnr 7 bnr 8 Nedlagt bruk fra 1850 med velholdt kubbefjøs og driftsbygning.","elevation":165,"name":"Langsrud 6","source":"UT.no\/DNT"},"type":"Feature"},{"geometry":{"coordinates":[11.945650000000001,59.893569999999997],"type":"Point"},"id":"heritage-ut-146287175","properties":{"description":"Gnr 7 bnr 1 Husmannsplass fra Rud, bevart som fritidsbolig.","elevation":211,"name":"Råkaldbakka","source":"UT.no\/DNT"},"type":"Feature"},{"geometry":{"coordinates":[12.017989999999999,59.8964],"type":"Point"},"id":"heritage-ut-146287176","properties":{"description":"Gnr 5 bnr 27 Husmannsplass fra Kublikk","elevation":207,"name":"Nybakk","source":"UT.no\/DNT"},"type":"Feature"},{"geometry":{"coordinates":[12.038449999999999,59.970269999999999],"type":"Point"},"id":"heritage-ut-146287177","properties":{"description":"Gnr 20 bnr 5 Forlatt boplass\/bruk","elevation":157,"name":"Nordli, Tobøl","source":"UT.no\/DNT"},"type":"Feature"},{"geometry":{"coordinates":[12.03044,59.969639999999998],"type":"Point"},"id":"heritage-ut-146287178","properties":{"description":"Gnr 20 bnr 6 Forlatt husmannsplass\/bruk (Tobølbråtan)","elevation":165,"name":"Bråtan, Tobøl","source":"UT.no\/DNT"},"type":"Feature"},{"geometry":{"coordinates":[12.02962,59.968719999999998],"type":"Point"},"id":"heritage-ut-146287179","properties":{"description":"Gnr 20 bnr 2 Forlatt boplass\/bruk","elevation":171,"name":"Benson, Tobøl","source":"UT.no\/DNT"},"type":"Feature"},{"geometry":{"coordinates":[12.03166,59.975960000000001],"type":"Point"},"id":"heritage-ut-146287180","properties":{"description":"Gnr 20 bnr 16 Forlatt boplass\/bruk","elevation":177,"name":"Aurbakken, Tobøl","source":"UT.no\/DNT"},"type":"Feature"},{"geometry":{"coordinates":[12.020799999999999,59.967170000000003],"type":"Point"},"id":"heritage-ut-146287181","properties":{"description":"Gnr 20 bnr 2 Kølamile tomt","elevation":211,"name":"Dolpene","source":"UT.no\/DNT"},"type":"Feature"},{"geometry":{"coordinates":[12.143330000000001,59.925829999999998],"type":"Point"},"id":"heritage-ut-146287183","properties":{"description":"Gnr 58","elevation":235,"name":"Kjerkeberget","source":"UT.no\/DNT"},"type":"Feature"},{"geometry":{"coordinates":[12.15967,60.006700000000002],"type":"Point"},"id":"heritage-ut-146287184","properties":{"description":"Olavsteinen ved Lørdahlsbakken Denne steinen ligger på Hesbølskogen. Det sies at en kar fra Lørdahlsbakken hvilte her på sine handleturer til Matrand, og at han da risset inn denne figuren i den fine steinen. Litt om Oskar Lørdagbakken. I 1...","elevation":222,"name":"Olavsteinen","source":"UT.no\/DNT"},"type":"Feature"},{"geometry":{"coordinates":[6.0665100000000001,61.513544000000003],"type":"Point"},"id":"heritage-ut-146371836","properties":{"description":"Flugestøylen er ein fin og kort støylstur. Stien er svært god, og går i relativt lett kupert terreng i open furuskog. Turen passar godt som familietur for alle aldersgrupper. Støylen ligg vakkert til i ope og roleg dalføre, og har fleire fi...","elevation":406,"name":"Flugestøylen","source":"UT.no\/DNT"},"type":"Feature"},{"geometry":{"coordinates":[6.1044429999999998,62.519126],"type":"Point"},"id":"heritage-ut-146418699","properties":{"description":"Skjonghelleren er ei hule gravd ut av havet i tidligere tider. Den var bebodd i eldre jernalder og der er funnet bein etter fugler og dyr som er 30.000 år gamle.","elevation":52,"name":"Skjonghelleren","source":"UT.no\/DNT"},"type":"Feature"},{"geometry":{"coordinates":[9.5295609999999993,59.096859000000002],"type":"Point"},"id":"heritage-ut-146439917","properties":{"description":"For å nå dette turmålet, må du kjøre til Herre sentrum og følge Hellerstveitveien til endes. Her er det stor parkering og mulighet for både bading og fiske.","elevation":26,"name":"Kongens dam","source":"UT.no\/DNT"},"type":"Feature"},{"geometry":{"coordinates":[11.509022,60.601959000000001],"type":"Point"},"id":"heritage-ut-146526677","properties":{"description":"Reskoie Denne type koie er sjelden å finne. Navnet kommer av en type skjul som ble reist mot en stor sten, skjær eller bergvegg. Det var enkle overnattingssteder beregnet på kortvarige opphold på sommerstid og utover høsten. Det var ikke mu...","elevation":396,"name":"Ørddersten","source":"UT.no\/DNT"},"type":"Feature"},{"geometry":{"coordinates":[11.152074000000001,59.242077000000002],"type":"Point"},"id":"heritage-ut-146550368","properties":{"description":"Bjørnstadskipet er Norges, og trolig Nord Europas største enkelthelleristning. Den består av en stor og to mindre skipsristninger, den store ca 4x1.5 meter. Et stort vakkert skip med to tvillingguder med hevede økser i hendene står på dekk ...","elevation":35,"name":"Bjørnstadskipet helleristningsfelt","source":"UT.no\/DNT"},"type":"Feature"},{"geometry":{"coordinates":[12.013400000000001,60.053530000000002],"type":"Point"},"id":"heritage-ut-146551629","properties":{"description":"Løvskog er en plass under Nordfjeld og ligger litt nordvest for Løvskoghøgda. Plassen ble også kalt Løvåsen. Det er tydelig spor etter bosetting med mange steinrøyser, bl.a. noe som ligner på ei låvebru. Brønnen ligger litt i utkanten ved e...","elevation":282,"name":"Løvskog, Nordfjell","source":"UT.no\/DNT"},"type":"Feature"},{"geometry":{"coordinates":[9.2486320000000006,59.556418000000001],"type":"Point"},"id":"heritage-ut-14655769","properties":{"description":"Her er kranbanene som er en del av Notoddens historie, på infoskiltene kan en få god kunnskap. Ta gjerne med fiskestang og prøv fiskelykken. Turen kan kombineres med et besøk på biblioteket eller et kinobesøk.","elevation":16,"name":"Industripromenaden","source":"UT.no\/DNT"},"type":"Feature"},{"geometry":{"coordinates":[11.429976,60.378253000000001],"type":"Point"},"id":"heritage-ut-146574281","properties":{"description":"Her er det rester etter en boplass som ble ryddet på 1850-tallet. Tre generasjoner livberget seg på plassen inntil den ble fraflyttet i 1919. Så sent som på 1960-tallet var det fortsatt åpne jorder her, og den dag i dag er det synlige reste...","elevation":383,"name":"Haugom","source":"UT.no\/DNT"},"type":"Feature"},{"geometry":{"coordinates":[9.3236399999999993,59.636539999999997],"type":"Point"},"id":"heritage-ut-146576795","properties":{"description":"Vi skal tilbake til 2. verdenskrig. Det er okkupasjon og krig i landet vårt. Rundt om ble det ytt motstand og sabotasje av ulik karakter. Så også i vårt distrikt. Tysjågjengen tør være kjent. De hadde hytter og tilhold blant annet ved Tysjå...","elevation":363,"name":"Mahoni","source":"UT.no\/DNT"},"type":"Feature"},{"geometry":{"coordinates":[9.1761199999999992,59.579569999999997],"type":"Point"},"id":"heritage-ut-146591899","properties":{"description":"Heddal stavkirke (lokalt kalt Heddal stavkyrkje), tidligere også kjent som « Hitterdals stavkirke » eller « Ryen kirke i Hitterda l», er en stavkirke i Notodden kommune i Telemark fylke. Planformen er en trearmet korskirke og er den største...","elevation":23,"name":"Heddal Stavkirke","source":"UT.no\/DNT"},"type":"Feature"},{"geometry":{"coordinates":[9.0689270000000004,59.575485],"type":"Point"},"id":"heritage-ut-146595689","properties":{"description":"På Storebråta ble det under siste verdenskrig bygd ei lita hytte. Den skulle skjule motstandsfolk og rømlinger som ikke ville tjene okkupasjonsmakta, men heller yte dem motstand. Slik skulle det ikke gå. Den lille cella blei avslørt og to u...","elevation":455,"name":"Storebråta","source":"UT.no\/DNT"},"type":"Feature"},{"geometry":{"coordinates":[6.2867649999999999,59.020302999999998],"type":"Point"},"id":"heritage-ut-146596957","properties":{"description":"Gamle husmannsplassen er et fint turmål for hele familien. Blåbærlyng og utsikt til fjorden. Huset er i privat bruk og låst for allmennheten.","elevation":177,"name":"Husmannsplassen Myra","source":"UT.no\/DNT"},"type":"Feature"},{"geometry":{"coordinates":[5.0170909999999997,60.301727999999997],"type":"Point"},"id":"heritage-ut-146603326","properties":{"description":"Variert og fin tur i flott kulturlanskap.","elevation":12,"name":"Nese Kystpasset","source":"UT.no\/DNT"},"type":"Feature"},{"geometry":{"coordinates":[9.3830989999999996,58.885094000000002],"type":"Point"},"id":"heritage-ut-146621260","properties":{"description":"Dette er et flott område med både museum og turområde. For å komme til dette, må du følge riksvei 38 mot Kragerø og ta av mot Lovisenberg og følge skiltet til Berg Museum. Det er ca 1,7 km til plassen. Det er en stor parkeringsplass her. Du...","elevation":31,"name":"Berg-Kragerø Museum","source":"UT.no\/DNT"},"type":"Feature"},{"geometry":{"coordinates":[10.730252999999999,61.077692999999996],"type":"Point"},"id":"heritage-ut-146635375","properties":{"description":"Her er turforslaget til Hotell Fortuna - Mesnali","elevation":578,"name":"Hotell Fortuna","source":"UT.no\/DNT"},"type":"Feature"},{"geometry":{"coordinates":[9.2655480000000008,59.437277000000002],"type":"Point"},"id":"heritage-ut-146655952","properties":{"description":"Parker ved Sauherad kirke","elevation":398,"name":"Brattningsborg","source":"UT.no\/DNT"},"type":"Feature"},{"geometry":{"coordinates":[9.8531549999999992,59.136327999999999],"type":"Point"},"id":"heritage-ut-146675095","properties":{"description":"Fløterstien i Kjose er en fin og spennende tur for barn og voksne. Turposten ligger ved \"inngangsportalen\" ca 300 m. fra p-plassen i saga. Fløterstien er en kulturhistorisk sti langs øvre del av Omslandelva, fra Saga til Langevannstua. Stie...","elevation":108,"name":"Fløterstien, Kjose","source":"UT.no\/DNT"},"type":"Feature"},{"geometry":{"coordinates":[9.0399779999999996,59.305559000000002],"type":"Point"},"id":"heritage-ut-146675099","properties":{"description":"Turmålet ligger nord for Hogga sluse. Dette er et 1,7 km godt bevart parti av den gamle vegen mellom Ulefoss og Strengen. Vegen ble bygget i 1853. Les mer om stedet i vedlagte link: Murane","elevation":74,"name":"Murane","source":"UT.no\/DNT"},"type":"Feature"},{"geometry":{"coordinates":[5.4011480000000001,61.620899000000001],"type":"Point"},"id":"heritage-ut-146678964","properties":{"description":"Turftene etter ein støl - Margrethestølen på ei lita slette 460 moh austafor Ytre Strandastølen. Det er ikkje nokon som kan seie noko om stølen, men det ligg stølstufter rett øst for skiltet og navnet taler for at det har vore støl. Informa...","elevation":460,"name":"Margrethestølen","source":"UT.no\/DNT"},"type":"Feature"},{"geometry":{"coordinates":[5.4429930000000004,61.628863000000003],"type":"Point"},"id":"heritage-ut-146685409","properties":{"description":"Tuftene etter Solheimsstølen ligg tett ved to av sela som er i god stand. Solheimsstølen ligg i austenden av Stølsvatnet og nye stølane er bygd rett ved. Informasjon er henta frå Jostein Midtbø si bok: \"Ferdselsvegar i fjella mellom Norddal...","elevation":312,"name":"Stølstufter ved Solheimsstølen","source":"UT.no\/DNT"},"type":"Feature"},{"geometry":{"coordinates":[11.513851000000001,59.335357000000002],"type":"Point"},"id":"heritage-ut-146711278","properties":{"description":"Lia er en gammel husmannsplass under Lilletorp fra 1800-tallet. Her kan man fortsatt se rester etter bebyggelse.","elevation":157,"name":"Lia husmannsplass","source":"UT.no\/DNT"},"type":"Feature"},{"geometry":{"coordinates":[11.527051999999999,59.325280999999997],"type":"Point"},"id":"heritage-ut-146711279","properties":{"description":"I 1808 var det trefninger mellom norske og svenske tropper her i skogsområdene. Et par uker i mai og juni var gården Storetorp hovedkvarter for 500–600 norske soldater. Krigen mot svenskene har satt sine spor i skogene. Den langstrakte røys...","elevation":161,"name":"Svensken","source":"UT.no\/DNT"},"type":"Feature"},{"geometry":{"coordinates":[5.3829880000000001,61.514600999999999],"type":"Point"},"id":"heritage-ut-146711280","properties":{"description":"Demningen er i vestenden av Dyttingvatnet 642 moh Frå Vassbotnen brukte dei å gå opp å åpne opp for vatnet i vestenden av Dyttingvatnet når dei brukte kverna i kvernhuset. Kvernhuset eksisterer ikkje lenger, men steinen ligg i ein hage i Va...","elevation":641,"name":"Dyttingvatnet - demning","source":"UT.no\/DNT"},"type":"Feature"},{"geometry":{"coordinates":[4.8312140000000001,61.679915000000001],"type":"Point"},"id":"heritage-ut-146715191","properties":{"description":"Helleristningane ligg vest for Domba 4 moh og er skilta til frå stien som går til Kvannhovden Fyr. Helleristningane ligg på loddrett fjellside\/bergknaus. Dette er figur eller teikn frå forhistorisk tid innhogge i berg eller steinblokk. Turb...","elevation":4,"name":"Hovden Helleristning","source":"UT.no\/DNT"},"type":"Feature"},{"geometry":{"coordinates":[6.91568,60.570461000000002],"type":"Point"},"id":"heritage-ut-146729517","properties":{"description":"Skeiemylna har stått ved elva Tysso sidan 1890, men mylna er mykje eldre enn det og sto i si tid ved Mulelven i Sandviken i Bergen frå tidleg på1600-talet. Mylna er i privat eige, og er restaurert over fleire år. I 2019 vart inntaksdammen s...","elevation":27,"name":"Skeiemylna","source":"UT.no\/DNT"},"type":"Feature"},{"geometry":{"coordinates":[6.9277800000000003,60.573020999999997],"type":"Point"},"id":"heritage-ut-146729518","properties":{"description":"Her på nedre Hakastad sto den fyste kyrkja i Ulvik. Det var ei stavkyrkje, den blei riven i 1710 då den var gamal og falleferdig. Den blei erstatta av ei lafta kyrkje i 1711. Denne kyrkja stod her fram til 1859 då den blei erstatta med ei l...","elevation":20,"name":"Gamal kyrkjegard","source":"UT.no\/DNT"},"type":"Feature"},{"geometry":{"coordinates":[9.0975190000000001,60.032727000000001],"type":"Point"},"id":"heritage-ut-146734725","properties":{"description":"Kullgrop med tydelige voller i øst, sør og vest. Ytre mål: 5,5 x 5 meter.","elevation":663,"name":"Gløtta, kullgrop, Kullfremstillingsanlegg","source":"UT.no\/DNT"},"type":"Feature"},{"geometry":{"coordinates":[9.0722210000000008,60.036057],"type":"Point"},"id":"heritage-ut-146734726","properties":{"description":"Tilnærmet kvadrantisk kullgrop, med godt markerte, tydelige voller. Ytre mål: 5 m (Ø-V) x 4,5 m (N-S). Indre mål: 1 x 1 m. Dybde: 0,4 m. Bevokst med gress i bunnen.","elevation":703,"name":"Årset, kullgrop, Kullfremstillingsanlegg","source":"UT.no\/DNT"},"type":"Feature"},{"geometry":{"coordinates":[9.0357109999999992,60.064656999999997],"type":"Point"},"id":"heritage-ut-146734728","properties":{"description":"Lokaliteten består av ei ruin (bygningsrest) og ei tuft. Tuft: Mål: 4 m (N-S) x 6 m Ø-V. Tydelig bygd grunnmur, bestående av rundkamp, ca 20 cm høy. Kraftige einer vokser i tufta. Ikke mulig å se døråpning. Ruin: inngravd i morenerygg i N. ...","elevation":849,"name":"Søre Rustsætri, Bosetning-aktivitetsområde","source":"UT.no\/DNT"},"type":"Feature"},{"geometry":{"coordinates":[9.1012760000000004,60.033501999999999],"type":"Point"},"id":"heritage-ut-146734738","properties":{"description":"Veimerke i form av en røys.","elevation":650,"name":"Lienmyr, røys, Røysfelt","source":"UT.no\/DNT"},"type":"Feature"},{"geometry":{"coordinates":[9.0456760000000003,60.048136999999997],"type":"Point"},"id":"heritage-ut-146734748","properties":{"description":"Jernvinneanlegg bestående av flere (minst 2) slagghauger. Nordmannsslepa går gjennom området, og slagg er synlig i slepa i minst 25 m lengde. Mye slagg i dagen. Avlang jernvinne som er 7m lang og l,5m bred. Haugen er gjennomsnittlig 0,3m hø...","elevation":774,"name":"Persbuåe, Jernvinneanlegg","source":"UT.no\/DNT"},"type":"Feature"},{"geometry":{"coordinates":[9.0403850000000006,60.051730999999997],"type":"Point"},"id":"heritage-ut-146734749","properties":{"description":"Lokaliteten består av ei blestertuft og en slaggforekomst. Jernvinna måler 3x2m, med slagg og kull liggende oppe i dagen. Lett slagg og er oppdelt i mange små biter. Jernvinna er ødelagt etter utvidelse av veien.","elevation":787,"name":"Persbuåe, Jernvinneanlegg","source":"UT.no\/DNT"},"type":"Feature"},{"geometry":{"coordinates":[9.0612820000000003,60.054115000000003],"type":"Point"},"id":"heritage-ut-146734810","properties":{"description":"4 spredte kullgroper på løsmasserygger langs myrene ved et bekkefar. Gropene er relativt jevnstore med en indre diameter på omtrent 2 meter og med begrenset synlig voll.","elevation":823,"name":"Vestre Åsmobekk, Kullgrop, Kullfremstillingsanlegg","source":"UT.no\/DNT"},"type":"Feature"},{"geometry":{"coordinates":[9.0704809999999991,60.036718],"type":"Point"},"id":"heritage-ut-146734841","properties":{"description":"Et varp eller verp, også kalt et kast, er en haug med stein eller pinner som er kastet sammen for å markere eller minnes en opprivende hendelse, for eksempel et mord, en henrettelse eller liknende. Skikken med å kaste en sten eller en annen...","elevation":710,"name":"Haukjem, varp, Tradisjonslokalitet","source":"UT.no\/DNT"},"type":"Feature"},{"geometry":{"coordinates":[8.9824009999999994,60.074092],"type":"Point"},"id":"heritage-ut-146734843","properties":{"description":"I den bratte Ø-hellingen ned mot tjernet og en 30m opp i hellingen: 2 bogasteller, rundaktige av form, murt opp av stein. De ligger i omtrent samme høyde, med 15-20m's avstand. Mål: 1,5-2x1,5-2x1-1,25m.","elevation":1218,"name":"Rusttjørn, bogasteller, Fangstlokalitet","source":"UT.no\/DNT"},"type":"Feature"},{"geometry":{"coordinates":[9.1128359999999997,60.031691000000002],"type":"Point"},"id":"heritage-ut-146734848","properties":{"description":"Feltet ligger på hugstflaten på toppen av ryggen og består av 5 røyser. Den ene rektangelformet lengst NNV, de øvrige uregelmessige rundaktige i en klynge lengst SSØ. Den ene av disse ligger noe utover VSV-hellingen. Den NV-ligste og et par...","elevation":584,"name":"Bøle, Røysfelt","source":"UT.no\/DNT"},"type":"Feature"},{"geometry":{"coordinates":[9.0696510000000004,60.036811999999998],"type":"Point"},"id":"heritage-ut-146734857","properties":{"description":"Et varp eller verp, også kalt et kast, er en haug med stein eller pinner som er kastet sammen for å markere eller minnes en opprivende hendelse, for eksempel et mord, en henrettelse eller liknende. Skikken med å kaste en sten eller en annen...","elevation":713,"name":"Haukjem, varp, Tradisjonslokalitet","source":"UT.no\/DNT"},"type":"Feature"},{"geometry":{"coordinates":[9.0726209999999998,60.036268999999997],"type":"Point"},"id":"heritage-ut-146734861","properties":{"description":"Et varp eller verp, også kalt et kast, er en haug med stein eller pinner som er kastet sammen for å markere eller minnes en opprivende hendelse, for eksempel et mord, en henrettelse eller liknende. Skikken med å kaste en sten eller en annen...","elevation":705,"name":"Haukjem, Varp, Tradisjonslokalitet","source":"UT.no\/DNT"},"type":"Feature"},{"geometry":{"coordinates":[9.1067859999999996,60.031674000000002],"type":"Point"},"id":"heritage-ut-146734862","properties":{"description":"Firkantet innhegning - avgrenset med 8 murer. Disse brytes av 6 mulige åpninger. En større forsenkning - dødisgrop? - i SØ-delen av innhegningen og en mindre grop S for denne. På NV-murens utside er en utbuktning. Alle murene er tørrmurte, ...","elevation":611,"name":"Steingardhaugen, Gjerde\/innhegning","source":"UT.no\/DNT"},"type":"Feature"},{"geometry":{"coordinates":[8.5394129999999997,60.629438],"type":"Point"},"id":"heritage-ut-146737523","properties":{"description":"Ål bygdamuseum har fin samling av kulturhistorisk verdi","elevation":553,"name":"Ål Bygdamuseum","source":"UT.no\/DNT"},"type":"Feature"},{"geometry":{"coordinates":[8.5575449999999993,60.629095999999997],"type":"Point"},"id":"heritage-ut-146737525","properties":{"description":"Ål kyrkje er frå 1880, og blei restaurert i 1959. Her kan du oppleve unike kunstverk som går heilt attende rundt 1160, då Ål stavkyrkje vart bygd.","elevation":461,"name":"Ål Kyrkje","source":"UT.no\/DNT"},"type":"Feature"},{"geometry":{"coordinates":[11.5259,60.608199999999997],"type":"Point"},"id":"heritage-ut-146740178","properties":{"description":"Disse peiskoiene ble også kalt murkoier og ble vanlige mot slutten av 1800-tallet. Det var en permanent koie, hvor nesten alt som skulle til for å bygge den ble tatt fra skogen på stedet. Vinduer og spiker måtte fraktes dit. Peiskoia var en...","elevation":445,"name":"Busvolsætervadkoia","source":"UT.no\/DNT"},"type":"Feature"},{"geometry":{"coordinates":[11.509753,60.582979000000002],"type":"Point"},"id":"heritage-ut-146740204","properties":{"description":"Renndammen ble oppsatt da det ble bestemt å bygge tømmerrenne for å unngå det vanskelige partiet i Styggfossen. Steinene til dammen er tatt ut og hogd i området. Det ble brukt mye penger i mannskap, damanlegg og skådammer i elvene for best ...","elevation":310,"name":"Renndammen","source":"UT.no\/DNT"},"type":"Feature"},{"geometry":{"coordinates":[6.8146570000000004,59.032353000000001],"type":"Point"},"id":"heritage-ut-146748092","properties":{"description":"Denne berømte steinen har gitt navnet til hytta, og ligger under 1 km fra hyttetrappa. Denne steinen ble brukt i gamle dager da det ble fraktet varer og gods mellom Lysebotn og Sirdal. Den spesielle steinen er en ca. 3 meter høy monolitt. D...","elevation":927,"name":"Bautasteinen\/Granittsøyla","source":"UT.no\/DNT"},"type":"Feature"},{"geometry":{"coordinates":[9.6588539999999998,61.383025000000004],"type":"Point"},"id":"heritage-ut-146765932","properties":{"description":"Gruva er en av mange nikkelgruver i Espedalen, som var i drift på midten av 1800-tallet. Gruva er oppkalt etter Anders (Andreas) Johansen fra Lillehammer. Han var engasjert i malmletingen tidlig på 1840-tallet, sammen med lokale bønder.","elevation":998,"name":"Andreasberggruva","source":"UT.no\/DNT"},"type":"Feature"},{"geometry":{"coordinates":[9.6020020000000006,61.407029000000001],"type":"Point"},"id":"heritage-ut-146765933","properties":{"description":"Dette er den største gruva i Espedalen, og den var i drift i tre perioder: som kobbergruve på 1660-tallet (Storgruva), og som nikkelgruve i 1847 - 1855 og 1874 - 1876. Navnet Evans fikk gruva etter brødrene Evans, som kjøpte gruverettighete...","elevation":1197,"name":"Evansgruva\/Storgruva","source":"UT.no\/DNT"},"type":"Feature"},{"geometry":{"coordinates":[9.6144960000000008,61.416930000000001],"type":"Point"},"id":"heritage-ut-146765934","properties":{"description":"Jørstadgruva består av 4 mindre gruver og skjerp, Det var trolig prøvedrift her i perioden midt på 1800-tallet. Gruva er oppkalt etter brødrene Otto, Ole og Andreas Jørstad, som utgjorde halvparten av \"Bøs-kompaniet\", og sammen med Iver Bø ...","elevation":1294,"name":"Jørstadgruva","source":"UT.no\/DNT"},"type":"Feature"},{"geometry":{"coordinates":[9.5722109999999994,61.420048000000001],"type":"Point"},"id":"heritage-ut-146765935","properties":{"description":"Denne gruva er den nest største i Espedalen, og ble oppkalt etter Fredrik Stang, en drivkraft i norsk statsliv og materielle utvikling på 1800-tallet, både som statsråd og senere statsminister, med kallenavnet \"Løfte-Stangen\"","elevation":1142,"name":"Stangsgruva","source":"UT.no\/DNT"},"type":"Feature"},{"geometry":{"coordinates":[9.5769959999999994,61.410024],"type":"Point"},"id":"heritage-ut-146765936","properties":{"description":"Denne nikkelgruva ligger ulendt til i nedkant av et høyt berg ikke langt fra Gammelsetra. Den var i drift i tre år midt på 1800-tallet. Rundt 400 tonn malm ble tatt ut herfra, og en relativt stor tipp på 250 kubikkmeter er spredt i skråning...","elevation":944,"name":"Bjellkugruva","source":"UT.no\/DNT"},"type":"Feature"},{"geometry":{"coordinates":[9.5773829999999993,61.422176],"type":"Point"},"id":"heritage-ut-146765937","properties":{"description":"Hvem Nicoline var, har en ikke funnet svar på, men gruva ligger i fjellskråningen ovenfor Stangsgruva. Det arbeidet inntil 32 mann i gruva, og det ble tatt ut 833 tonn malm herfra. Utenfor gruva står det igjen rester etter ei hvilebu, en gr...","elevation":1236,"name":"Nikolinegruva","source":"UT.no\/DNT"},"type":"Feature"},{"geometry":{"coordinates":[9.1434700000000007,60.043685000000004],"type":"Point"},"id":"heritage-ut-146768563","properties":{"description":"Gården Mykstu\/Møkstu har opprinnelse fra middelalderen og våningshuset er automatisk fredet. Les mer på Kulturminnesøk.","elevation":287,"name":"Mykstu middelalderstue","source":"UT.no\/DNT"},"type":"Feature"},{"geometry":{"coordinates":[9.1442359999999994,60.042907999999997],"type":"Point"},"id":"heritage-ut-146768566","properties":{"description":"Dette stabburet tilhører gården Mykstu\/Møkstu som har opprinnelse fra middelalderen, og er automatisk fredet. Les mer på Kulturminnesøk.","elevation":286,"name":"Mykstu middelalderloft","source":"UT.no\/DNT"},"type":"Feature"},{"geometry":{"coordinates":[9.1359460000000006,60.036766],"type":"Point"},"id":"heritage-ut-146768567","properties":{"description":"Et stort gravfelt fra jernalder\/folkevandringstid som består av minst 30 gravrøyser. Gravfeltet er en del av det som dokumenterer Nordmannsslepa som viktig ferdselsåret i mer enn 1000 år. Les mer på Kulturminnesøk.","elevation":352,"name":"Kjemhus gravfelt","source":"UT.no\/DNT"},"type":"Feature"},{"geometry":{"coordinates":[9.1456759999999999,60.042659],"type":"Point"},"id":"heritage-ut-146768568","properties":{"description":"Den gamle kirkegården ved Veggli kirke stammer fra tiden det stod en stavkirke her. Stavkirken ble revet i 1861. De siste som ble gravlagt her var rundt 1880. Les mer på Kulturminnesøk.","elevation":283,"name":"Middelalderkirkegård","source":"UT.no\/DNT"},"type":"Feature"},{"geometry":{"coordinates":[12.190459000000001,61.025027000000001],"type":"Point"},"id":"heritage-ut-146778879","properties":{"description":"Rester av en lusovn som ble brukt til \"å steke lusa\" ut av skinnfeller og klær. Kilde: Tørberget Historielag","elevation":628,"name":"Lusovn ved Bråtåsetra","source":"UT.no\/DNT"},"type":"Feature"},{"geometry":{"coordinates":[9.1388020000000001,60.036155000000001],"type":"Point"},"id":"heritage-ut-146783948","properties":{"description":"Veien ble gått opp i terrenget fra det sted den møter Store Nordmannsslepa - 1921 G10 R01 - og SV-over frem til Kjørkjebrua over Nørståe. Den går idag i granskog i delvis fuktig lende, men over blankskurte svaberg på Nørsteåes N-side. Den e...","elevation":316,"name":"Ridevegen\/Tjodvegen, Veganlegg","source":"UT.no\/DNT"},"type":"Feature"},{"geometry":{"coordinates":[9.1354810000000004,60.036704999999998],"type":"Point"},"id":"heritage-ut-146783999","properties":{"description":"Gravfelt som består av minst 30 gravrøyser. Størsteparten av feltet ligger på toppen av ryggen, men strekker seg også ut i de høyeste deler av N- og S-hellingene. Minst 10 røyser ligger på V-siden av faret fra toppen og ned i S-hellingen, m...","elevation":352,"name":"Kjemhus, Gravfelt","source":"UT.no\/DNT"},"type":"Feature"},{"geometry":{"coordinates":[9.1459430000000008,60.042617],"type":"Point"},"id":"heritage-ut-146784020","properties":{"description":"Den eldste kjente kirken på Veggli, som var en stavkirke med rektangulært skip og smalere, tilnærmet kvadratisk kor, ble revet 1861. Ny kirke ble reist 1858 nordøst for det gamle tuftstedet på andre siden\/nordsiden av veien. Den gamle kirke...","elevation":282,"name":"Veggli kirkested, Kirkested","source":"UT.no\/DNT"},"type":"Feature"},{"geometry":{"coordinates":[9.1442440000000005,60.042934000000002],"type":"Point"},"id":"heritage-ut-146784024","properties":{"description":"Beskrivelse mangler","elevation":286,"name":"MYKSTU SØRE (VESLEMYKSTU) - MØKSTU \/ Veslemykstu stabbur, Gårdstun","source":"UT.no\/DNT"},"type":"Feature"},{"geometry":{"coordinates":[9.5314709999999998,59.252304000000002],"type":"Point"},"id":"heritage-ut-146800207","properties":{"description":"Turmålet når ved å parkere langs Hyniveien og følge veien til Ulvsvann. Her går det merket sti frem til gruva. Glasergruva i Skien er det første gruveanlegget til Fossum Jernverk, og den første jerngruva som kan tidfestes i Norge, ferdigbyg...","elevation":125,"name":"Glasergruva","source":"UT.no\/DNT"},"type":"Feature"},{"geometry":{"coordinates":[7.8480749999999997,62.124344000000001],"type":"Point"},"id":"heritage-ut-146805251","properties":{"description":"Friisbua ble bygd i 1872 av professor Jens Andreas Friis til bruk for reinsjakt og fiske. Friis var født i Sogndal, og var norsk språkmann og forfatter. Han ble professor i \"lappisk og kvensk\" i 1874. Han brukte hytta i en årrekke sammen me...","elevation":1344,"name":"Friisbua","source":"UT.no\/DNT"},"type":"Feature"},{"geometry":{"coordinates":[11.124941,60.477347000000002],"type":"Point"},"id":"heritage-ut-146837987","properties":{"description":"Historisk ile","elevation":490,"name":"Høgdeila","source":"UT.no\/DNT"},"type":"Feature"},{"geometry":{"coordinates":[11.124889,60.477358000000002],"type":"Point"},"id":"heritage-ut-146837988","properties":{"description":"Denne ila er fast drikkeplass for de folkene som gikk til Høgda. Et oppkomme av grunnvann kaller vi i Feiring for ile.","elevation":490,"name":"Hogdeila","source":"UT.no\/DNT"},"type":"Feature"},{"geometry":{"coordinates":[12.08841,60.055439999999997],"type":"Point"},"id":"heritage-ut-146837994","properties":{"description":"Gnr. 30, Bnr 9","elevation":183,"name":"Sætra","source":"UT.no\/DNT"},"type":"Feature"},{"geometry":{"coordinates":[12.08474,60.055010000000003],"type":"Point"},"id":"heritage-ut-146837996","properties":{"description":"Gnr. 30, Bnr. 9","elevation":233,"name":"Seterlia","source":"UT.no\/DNT"},"type":"Feature"},{"geometry":{"coordinates":[12.09432,60.038539999999998],"type":"Point"},"id":"heritage-ut-146837998","properties":{"description":"G.nr 30, Bnr 12,","elevation":187,"name":"Børresberget","source":"UT.no\/DNT"},"type":"Feature"},{"geometry":{"coordinates":[11.083691,59.277006999999998],"type":"Point"},"id":"heritage-ut-146845558","properties":{"description":"Helleristninger. Plattform og informasjonsskilt. Tilgjengelig med rullestol. Umalte helleristninger tilrettelagt for publikum. Åpent for alle. Informasjonsskilt på stedet. Helleristningene er lyssatt med gobobelysning. Besøkes når det er du...","elevation":26,"name":"Nordre Alvim helleristninger","source":"UT.no\/DNT"},"type":"Feature"},{"geometry":{"coordinates":[4.8080780000000001,61.560099999999998],"type":"Point"},"id":"heritage-ut-146849643","properties":{"description":"Bautaen ligg på Ytre Reksta på 17 moh og ein passerer den på Sunnivaleia. Denne bauta er til minne om vegbyggaren Andreas Wilhem Reksten. God tur","elevation":17,"name":"Bauta på Reksta","source":"UT.no\/DNT"},"type":"Feature"},{"geometry":{"coordinates":[9.6575179999999996,59.200949000000001],"type":"Point"},"id":"heritage-ut-146859784","properties":{"description":"Helleristningene er nærmere 3000 år gamle, med ulike motiver som skip, sirkler mm. Skilt ved Løbergvegen viser opp en avkjørsel som man følger ca. 30 meter. Det er fri tilgang, men vis hensyn til privatboligen like på sørsida.","elevation":45,"name":"Helleristningsfelt Løberghaugen","source":"UT.no\/DNT"},"type":"Feature"},{"geometry":{"coordinates":[11.166982000000001,59.583613],"type":"Point"},"id":"heritage-ut-146880041","properties":{"description":"Askim Kulturhus ble benyttet til forskjellige formål opp igjennom årene fra den ble innviet i 1938: kino, lager og nå kulturhus. Folketeateret var en gang Norges nest største kino med 700 sitteplasser. Nå har kulturhuset fylkets største og ...","elevation":130,"name":"Askim kulturhus","source":"UT.no\/DNT"},"type":"Feature"},{"geometry":{"coordinates":[11.162988,59.581682000000001],"type":"Point"},"id":"heritage-ut-146880042","properties":{"description":"Askim stasjon er et trebygg oppført i 1881–82. Stasjonen ble åpnet i 1882 da Østfoldbanens Østre linje sto ferdig (Ski – Mysen – Sarpsborg). Bygget er blitt utvidet og ombygd flere ganger. Etter NSBs strukturomlegging ble stasjonen ubetjent...","elevation":127,"name":"Askim stasjonshus","source":"UT.no\/DNT"},"type":"Feature"},{"geometry":{"coordinates":[11.155673,59.58981],"type":"Point"},"id":"heritage-ut-146880044","properties":{"description":"Planer om et nytt kapell ble fremmet allerede i 20-årene, da det gamle kapellet som ble oppført i 1910 var altfor lite. Det tok mange år før det forelå konkrete planer. Først litt etter krigen besluttet Askim Kommunestyre å nedsette en komi...","elevation":146,"name":"Askim kapell","source":"UT.no\/DNT"},"type":"Feature"},{"geometry":{"coordinates":[11.162478999999999,59.580303999999998],"type":"Point"},"id":"heritage-ut-146880045","properties":{"description":"Gilje er sentralt plassert i Askim og Indre Østfold beliggende ved rundkjøringen der Vammaveien møter gamle E18. Eiendommen Gilje har en historie på over 100 år. De første 45 årene som bolig for legene August Ulland og Per Dahl. Ulland beny...","elevation":128,"name":"Gilje","source":"UT.no\/DNT"},"type":"Feature"},{"geometry":{"coordinates":[11.162181,59.581184999999998],"type":"Point"},"id":"heritage-ut-146880046","properties":{"description":"Thorvald Rom lot bygge forretningsgården i 1928. Hit flyttet han sin herreekvipering og skotøyforretning som til da hadde vært drevet i Ringsby. Murermester Johannes Ødegaard fra Rakkestad, hadde sin Askim-debut som murer på Romgården. Gård...","elevation":128,"name":"Romgården","source":"UT.no\/DNT"},"type":"Feature"},{"geometry":{"coordinates":[11.161873999999999,59.581693000000001],"type":"Point"},"id":"heritage-ut-146880047","properties":{"description":"Garver Christen Løken fikk oppført gården på hjørnet av Jernbanegata\/Vammaveien i 1909. Bygningen ble utvidet både i 1918 og 1926. Den opprinnelige gården var i to etasjer med oppløft i tredje etasje, og mye kortere både langs Vammaveien og...","elevation":127,"name":"Ringsby\/Garvergården","source":"UT.no\/DNT"},"type":"Feature"},{"geometry":{"coordinates":[11.167636999999999,59.584148999999996],"type":"Point"},"id":"heritage-ut-146880048","properties":{"description":"Askim kommune var i 1931 første landkommune i Norge med offentlig bad. Vedtaket om å bygge et offentlig bad var kontroversielt da saken først kom opp i 1921. Socialkomiteen frarådet herredsstyret «å befatte seg med denne sak, da den bare va...","elevation":133,"name":"Askim kommunale bad","source":"UT.no\/DNT"},"type":"Feature"},{"geometry":{"coordinates":[11.161132,59.585600999999997],"type":"Point"},"id":"heritage-ut-146880049","properties":{"description":"I 1852 kjøpte Askim kommune en del av Henstad for 660 spesidaler og oppførte Kommunegården Henstad i 1853–54. Bygningen ble delvis finansiert ved lån og ved at bøndene måtte levere tømmer. Gården huset herredsstyret og forlikskommisjonen. F...","elevation":135,"name":"Klokkergården","source":"UT.no\/DNT"},"type":"Feature"},{"geometry":{"coordinates":[11.162032,59.584820000000001],"type":"Point"},"id":"heritage-ut-146880050","properties":{"description":"«Skjoldenbyen» ligger i Kirkegata. Området tilhørte Nedre Henstad, og i 1901 ble det utskilt tomter til Skjoldenbrødrene. Det er tre store trebygninger med tilhørende uthus. Det øverste huset heter Fredriksborg og ble bygd 1911. Det tilhørt...","elevation":130,"name":"Skjoldenbyen","source":"UT.no\/DNT"},"type":"Feature"},{"geometry":{"coordinates":[11.15982,59.586312999999997],"type":"Point"},"id":"heritage-ut-146880051","properties":{"description":"I 1913 tok brukseier A. B. Aarsten initiativet til anlegg av en folkepark og et idrettsanlegg. Han sponset også ideen med et større pengebeløp. En komité ble valgt til utredning av forslaget, bestående av A. B. Aarsten, dr. Ulland, snekker ...","elevation":145,"name":"Folkeparken","source":"UT.no\/DNT"},"type":"Feature"},{"geometry":{"coordinates":[14.29763,66.293899999999994],"type":"Point"},"id":"heritage-ut-146887623","properties":{"description":"Spor etter gammel gruvedrift.","elevation":380,"name":"Bertelberget","source":"UT.no\/DNT"},"type":"Feature"},{"geometry":{"coordinates":[11.121378999999999,59.631010000000003],"type":"Point"},"id":"heritage-ut-146887687","properties":{"description":"Hovin kirke, Spydeberg ligger i Spydeberg sokn i Indre Østfold kommune. Den er bygget i tre og ble oppført i 1620. Kirken har langplan og 140 sitteplasser. Kirken har vernestatus automatisk fredet (før 1650). Arkitekt: ukjent. Publisert i s...","elevation":139,"name":"Hovin kirke","source":"UT.no\/DNT"},"type":"Feature"},{"geometry":{"coordinates":[8.5591019999999993,59.007697999999998],"type":"Point"},"id":"heritage-ut-146887696","properties":{"description":"Turmålet ligger ca 2,5 km etter Treungen sentrum mot Drangedal. Dette er den eldste kirka i Nissedal kommune. Kirken er omtalt i 1395 i et hyrdebrev fra biskop Eystein, og Jens Nilssøn som kaller den «Tredungs kircke» i sin skildring av en ...","elevation":256,"name":"Treungen kirke","source":"UT.no\/DNT"},"type":"Feature"},{"geometry":{"coordinates":[8.5243570000000002,59.017662000000001],"type":"Point"},"id":"heritage-ut-146887697","properties":{"description":"Tveitsund bru er en veibro som krysser Nissers utløp til Nisserelva. Den er en del av riksvei 41 og ligger midt i tettstedet Treungen i Nissedal kommune. Brua ble bygd i 1918 og overlevert 13. september 1919, den ble fredet som kulturminne ...","elevation":247,"name":"Tveitsund bru","source":"UT.no\/DNT"},"type":"Feature"},{"geometry":{"coordinates":[8.5334190000000003,58.926732999999999],"type":"Point"},"id":"heritage-ut-146887730","properties":{"description":"Vasstårnet ved Gaukås stasjon ved den nedlagde Treungenbanen. Traseen kan følgjast gjennom skogen, men sjølve stasjonsbygningen brann ned i 2008.","elevation":166,"name":"Vasstårnet Gaukås","source":"UT.no\/DNT"},"type":"Feature"},{"geometry":{"coordinates":[8.5840540000000001,58.882649999999998],"type":"Point"},"id":"heritage-ut-146887731","properties":{"description":"En fin steinhvelvbru som er bevart etter Treungenbanen,bygget ca.1913 og er så godt som lik den gang jernbanen gikk her.","elevation":158,"name":"Karlsåa steinhvelvbru","source":"UT.no\/DNT"},"type":"Feature"},{"geometry":{"coordinates":[9.2736140000000002,59.270950999999997],"type":"Point"},"id":"heritage-ut-146887765","properties":{"description":"Holla kirke ble bygget på 1100-1200 tallet og er en middelalderkirke, bygget med kistemur i stein og romansk rundbuestil. Kirken veltet i 1718 og den er gjenoppbygget i 1735. Turmålet ligger i Ulefoss sentrum. For å komme frem, følge riksve...","elevation":113,"name":"Holla Kirkeruin","source":"UT.no\/DNT"},"type":"Feature"},{"geometry":{"coordinates":[6.2369830000000004,61.528933000000002],"type":"Point"},"id":"heritage-ut-146887858","properties":{"description":"Bauta som viser kvar baronen Audun Hugleikson si steinborg stod rett ved Jølstravatnet. Punktet er del av kulturminneløypa på Ålhus, og du finn informasjon om borgtomta på informasjonstavle på staden. Om Audun Hugleikson i Store Norske leks...","elevation":208,"name":"Her stod Auduns Borg","source":"UT.no\/DNT"},"type":"Feature"},{"geometry":{"coordinates":[6.4941760000000004,61.560940000000002],"type":"Point"},"id":"heritage-ut-146887865","properties":{"description":"Vikastøylen ligg fint til ovanfor Skei i Jølster, og har flott utsikt over Jølstravatnet. Sjå tursdildring i lenke for å finne vegen opp til utsiktspunktet.","elevation":638,"name":"Vikastøylen","source":"UT.no\/DNT"},"type":"Feature"},{"geometry":{"coordinates":[6.1118699999999997,61.522855999999997],"type":"Point"},"id":"heritage-ut-146887871","properties":{"description":"Det er mange flotte støylshus på Ytre Svidalsstøylen. Ved å gå dalføret som ein rundtur vil du også kunne besøke Indre Svidalsstøylen. Du kan velje å følgje traktorvegen til endes ved Simastøylane, og gå vidare på sti herifrå. Om du ikkje k...","elevation":545,"name":"Ytre Svidalsstøylen","source":"UT.no\/DNT"},"type":"Feature"},{"geometry":{"coordinates":[6.4992229999999998,61.528677000000002],"type":"Point"},"id":"heritage-ut-146887873","properties":{"description":"Grovastøylen er ein flott støyl med utsikt over Kjøsnesfjorden og Jølstravatnet. Har ofte vore ei postkasse med bok i der du kan skrive namnet ditt. Les om ruta opp her.","elevation":607,"name":"Grovastøylen","source":"UT.no\/DNT"},"type":"Feature"},{"geometry":{"coordinates":[6.4738790000000002,61.532530000000001],"type":"Point"},"id":"heritage-ut-146887874","properties":{"description":"Sundsstøylen ligg vakkert til i lia ovanfor gardane på sørsida av Kjøsnesfjorden. Støylen har mange fine støylshus, og flott utsikt til Kjøsnesfjordbrua og Nikolai Astrup sitt motiv av fjellet Kollen (Kleivafjellet).. Lenke til ruta opp.","elevation":518,"name":"Sundsstøylen","source":"UT.no\/DNT"},"type":"Feature"},{"geometry":{"coordinates":[6.5512360000000003,61.631906000000001],"type":"Point"},"id":"heritage-ut-146887878","properties":{"description":"Heggheimsstøylen er truleg den høgstliggande støylen i Sunnfjord. Den er i alle høve den minst tilgjengelige støylen i Jølster. Støylsturen er ein lang og krevjande tur i bratt og vakkert brelandskap i Stardalen. Før du kjem til støyls må d...","elevation":884,"name":"Heggheimsstøylen","source":"UT.no\/DNT"},"type":"Feature"},{"geometry":{"coordinates":[6.4127780000000003,61.575228000000003],"type":"Point"},"id":"heritage-ut-146887886","properties":{"description":"Flott utsikt vestover Jølstravatnet frå Husstøylen. Skogsveg heilt opp til støylen. Les om turen her.","elevation":573,"name":"Husstøylen","source":"UT.no\/DNT"},"type":"Feature"},{"geometry":{"coordinates":[6.3078000000000003,61.594484999999999],"type":"Point"},"id":"heritage-ut-146887889","properties":{"description":"Legestøylen er starten på turen til m.a. Longevasshytta, men også slutten på turen til langrennsløypene i Årdalen i Jølster. Parkeringsplass rett før støylen. Her er turskildringa til Longevasshytta.","elevation":354,"name":"Legestøylen","source":"UT.no\/DNT"},"type":"Feature"},{"geometry":{"coordinates":[6.1907129999999997,61.460121000000001],"type":"Point"},"id":"heritage-ut-146887891","properties":{"description":"Søstestøylen ligg vakkert plassert i Gjesdalsdalen. Fin sti i lett kupert terreng inn til støylen. Flott utsikt over Gjesdalsdalen frå Søstestøylen. Les om turen her.","elevation":659,"name":"Søstestøylen","source":"UT.no\/DNT"},"type":"Feature"},{"geometry":{"coordinates":[6.3123319999999996,61.492279000000003],"type":"Point"},"id":"heritage-ut-146887892","properties":{"description":"Denne turen startar ikkje så lang frå Astruptunet, og tek deg med inn i ein av dei idylliske dalføra i grenda Sanddalen. Bjørndalsstøylen er ein støyl med mange flotte støylshus som ligg utover eit ganske stort støylsområde.Skogsveg nesten ...","elevation":685,"name":"Bjørndalsstøylen","source":"UT.no\/DNT"},"type":"Feature"},{"geometry":{"coordinates":[6.0830520000000003,61.504852999999997],"type":"Point"},"id":"heritage-ut-146887893","properties":{"description":"Flott støyl som ligg i ein botn under stikrysset til Gravsfjellet og Tindefjellet. Støylsidyll med utsikt vestover mot fjelltoppane i Førde og Angedalen. Les om turen her.","elevation":725,"name":"Årsetstøylen","source":"UT.no\/DNT"},"type":"Feature"},{"geometry":{"coordinates":[6.0574519999999996,61.457155999999998],"type":"Point"},"id":"heritage-ut-146887905","properties":{"description":"Slåttestøylen ligg flott til med utsikt over bygdene i vestre del av Jølster. Godt merka sti opp. Fin tur vidare frå støylen via Slåtteskaret til Halvgjerda.","elevation":546,"name":"Slåttestøylen","source":"UT.no\/DNT"},"type":"Feature"},{"geometry":{"coordinates":[6.2119400000000002,61.498556000000001],"type":"Point"},"id":"heritage-ut-146887907","properties":{"description":"Strandsstøylen har flott utsikt til Jølstravatnet og bygdene på nordsida av vatnet. Om haustane får du fin kveldssol her. Skogsveg heilt opp, og fin sti vidare til Klauva.","elevation":607,"name":"Strandsstøylen","source":"UT.no\/DNT"},"type":"Feature"},{"geometry":{"coordinates":[6.4278130000000004,61.515886000000002],"type":"Point"},"id":"heritage-ut-146887911","properties":{"description":"Dvergsdalsstøylen ligg vakkert plassert under Grovabreen i Dvergsdalsdalen. Skogsveg heilt fram til støylen, og tilrettelagt parkering eit stykke frå støylen.","elevation":558,"name":"Dvergsdalsstøylen","source":"UT.no\/DNT"},"type":"Feature"},{"geometry":{"coordinates":[9.9138140000000003,59.774214000000001],"type":"Point"},"id":"heritage-ut-146887912","properties":{"description":"Skriverparken er en park i tilknytning til Nøstetangen Norsk glassmuseum.","elevation":7,"name":"Skriverparken Hokksund","source":"UT.no\/DNT"},"type":"Feature"},{"geometry":{"coordinates":[9.893853,59.777873],"type":"Point"},"id":"heritage-ut-146887913","properties":{"description":"Funnsted for Norges største vikingskatt. Infotavle på stedet","elevation":19,"name":"Hoenskatten","source":"UT.no\/DNT"},"type":"Feature"},{"geometry":{"coordinates":[6.4547509999999999,61.580955000000003],"type":"Point"},"id":"heritage-ut-146887974","properties":{"description":"Fyglastøylen ligg idyllisk plassert i dalføret Fygladalen. Fin sti som er godt skilta og merka opp rett ved dagsturhytta Fjellro.","elevation":575,"name":"Fyglastøylen","source":"UT.no\/DNT"},"type":"Feature"},{"geometry":{"coordinates":[6.2554540000000003,61.580981999999999],"type":"Point"},"id":"heritage-ut-146887979","properties":{"description":"Gotdalsstøylen ligg vakkert plassert i Gotdalen på Ålhus. Nydeleg støylsvoll omkransa av nydelege fjell. Enkel tur opp på skogsveg.","elevation":566,"name":"Gotdalsstøylen","source":"UT.no\/DNT"},"type":"Feature"},{"geometry":{"coordinates":[6.0347,61.505623999999997],"type":"Point"},"id":"heritage-ut-146887991","properties":{"description":"Hjellbrekkestøylen er ein støylstur som eignar seg godt som familietur. Store delar av stien går på eldre skogsveg i ganske flatt terreng. Siste del av ruta går på sti opp til støylen. Her får du fin utsikt mot Jølster Skisenter, Hjellbrekk...","elevation":488,"name":"Hjellbrekkestøylen","source":"UT.no\/DNT"},"type":"Feature"},{"geometry":{"coordinates":[6.0342919999999998,61.486542],"type":"Point"},"id":"heritage-ut-146888017","properties":{"description":"Dette er ein fin tur i furuskogen i vestlege del av Jølster. Støylsturen opp til Støvringstøylen går på skogsveg med jamn og enkel stigning heile vegen. Turen opp her høver for dei fleste. Flott utsikt mot Jølstravatnet og fint støylsmiljø.","elevation":389,"name":"Støvringsstøylen","source":"UT.no\/DNT"},"type":"Feature"},{"geometry":{"coordinates":[6.1781280000000001,61.468147000000002],"type":"Point"},"id":"heritage-ut-146888081","properties":{"description":"Gjesdalsstøylen ligg flott til i Gjesdalsdalen. Flott støyl med mange fine støylshus. Turen startar på parkeringsplassen på Trinta (skogsveg). Etter å ha gått i omlag 500 meter på sti kjem du til Gjesdalsstøylen.","elevation":570,"name":"Gjesdalsstøylen","source":"UT.no\/DNT"},"type":"Feature"},{"geometry":{"coordinates":[6.3537150000000002,61.57808],"type":"Point"},"id":"heritage-ut-146888109","properties":{"description":"Dette er ein kort og relativt enkel støylstur i Årdalen i Jølster. Turen passar for turvandrarar i dei aller fleste aldersgrupper. Store delar av turen går på skogsveg opp til støylen som byr på utsikt mot Jølstravatnet og innover dalføret ...","elevation":667,"name":"Fjellstøylen (Årdalen)","source":"UT.no\/DNT"},"type":"Feature"},{"geometry":{"coordinates":[6.2048100000000002,61.498604999999998],"type":"Point"},"id":"heritage-ut-146888114","properties":{"description":"Turen opp til Tollefstøylen går på ein eldre sti som snor eg fint oppover dei bratte bakkane i fjellsida. Stien går i open gamal bjørkeskog, der blåbærlyngen trivast godt. På kartet er støylen merka med namnet Strandsstøylen. Dette er ikkje...","elevation":543,"name":"Tollefstøylen","source":"UT.no\/DNT"},"type":"Feature"},{"geometry":{"coordinates":[6.1836789999999997,61.490040999999998],"type":"Point"},"id":"heritage-ut-146888115","properties":{"description":"Bakkestøylen og Holestøylane er to støylar som ligg så tett at det ser ut til å vere same støylstufta. Bakkestøylen vert lokalt i Jølster kalla for Hamarsbakkestøylen. Turen opp går i idyllisk skog over små bekkefar med flotte steinheller s...","elevation":667,"name":"Bakkestøylen og Holestøylane (Hamarsbakkestøylen)","source":"UT.no\/DNT"},"type":"Feature"},{"geometry":{"coordinates":[6.1539489999999999,61.487603999999997],"type":"Point"},"id":"heritage-ut-146888116","properties":{"description":"Kjelsnesstøylen byr på 400 høgdemeter \"rett opp\" på sti som er mykje brukt. Vel oppe har du utsikt over Vassenden, Jølstravatnet og Tindefjellet. Om kveldane er det fint å nyte kveldssola og solnedgangen på støylen. Kort veg opp til Vårfjel...","elevation":624,"name":"Kjelsnesstøylen","source":"UT.no\/DNT"},"type":"Feature"},{"geometry":{"coordinates":[6.1431649999999998,61.535454000000001],"type":"Point"},"id":"heritage-ut-146888118","properties":{"description":"Bergsstøylane ligg idyllisk til i Bergsdalen i Svidalen. Flott dalføre med beitedyr. Turen inn til Bergsstøylane er ein enkel og fin tur som høver for dei fleste turgåarar. Turstart ved øvste toppturparkering i Svidalen. Gå forbi Gamlestøyl...","elevation":566,"name":"Bergsstøylane","source":"UT.no\/DNT"},"type":"Feature"},{"geometry":{"coordinates":[6.3484319999999999,61.508631999999999],"type":"Point"},"id":"heritage-ut-146888119","properties":{"description":"Åsstøylen ligg vakkert plassert med fin utsikt over Jølstravatnet. Kort veg opp til støylen frå gardane på Øvre Åsen. Det er ein del beitedyr rundt støylen. Så lat att grindar etter deg.","elevation":534,"name":"Åsstøylen","source":"UT.no\/DNT"},"type":"Feature"},{"geometry":{"coordinates":[6.1643340000000002,61.535617999999999],"type":"Point"},"id":"heritage-ut-146888122","properties":{"description":"Støylen i Midttunsdalen ligg idyllisk til under Steinegga i Svidalen. Flott utsikt mot Tindefjellet i eit fint dalføre med beitedyr. Turen er ein enkel og fin tur som høver for dei fleste turgåarar. Turstart ved øvste toppturparkering i Svi...","elevation":685,"name":"Støylen i Midttunsdalen","source":"UT.no\/DNT"},"type":"Feature"},{"geometry":{"coordinates":[6.696491,61.606456000000001],"type":"Point"},"id":"heritage-ut-146888123","properties":{"description":"Øygardsstøylen ligg i Stardalen og har flott utsikt over dalføret. Turen opp til støylen er bratt og krevjande. Saman med turen til Heggheimsstøylen er dette ein av dei mest krevjande støylsturane i Jølster. Turen passar derfor berre for tu...","elevation":634,"name":"Øygardsstøylen","source":"UT.no\/DNT"},"type":"Feature"},{"geometry":{"coordinates":[6.1362160000000001,61.461033],"type":"Point"},"id":"heritage-ut-146888124","properties":{"description":"Bakkestøylen ligg rett ved Jølster løypelag si skiløype i Gjesdalsdalen. Lett tilkomst til støylen frå parkeringa i enden av skogsvegen opp. Flott utsikt utover Gjesdalsdalen. Stien til Varden startar ved Bakkestøylen.","elevation":569,"name":"Bakkestøylen","source":"UT.no\/DNT"},"type":"Feature"},{"geometry":{"coordinates":[6.6311920000000004,61.645054000000002],"type":"Point"},"id":"heritage-ut-146888132","properties":{"description":"Du startar turen på Veiteberg opp skogsveg til Bakkestøylen. Dette er ein enkelt tur som passar for dei fleste å gå. Støylen ligg idyllisk til ved bratte fjell i trengt dalføre. Det er to små vatn ved støylen. I Reinevatnet rett ved støylen...","elevation":601,"name":"Bakkestøylen (Veiteberg)","source":"UT.no\/DNT"},"type":"Feature"},{"geometry":{"coordinates":[6.3929530000000003,61.584975],"type":"Point"},"id":"heritage-ut-146888136","properties":{"description":"Helgheimsstøylen ligg vakkert til i dalføret, og er omkransa av flotte fjell. Du kan nå støylen ved å gå eller køyre opp skogsvegen frå Helgheim. Frå parkeringa i enden av skogsvegen er det kort veg til støylen.","elevation":613,"name":"Helgheimsstøylen","source":"UT.no\/DNT"},"type":"Feature"},{"geometry":{"coordinates":[6.6409339999999997,61.588531000000003],"type":"Point"},"id":"heritage-ut-146888137","properties":{"description":"Flatjordstøylen ligg vakkert til i Befringsdalen, som er eit dalføre under Jostedalsbreen. I dalføret ligg det tre støypar ganske tett på kvarandre. Støylane har mange fine støylshus, og nydeleg utsikt til fjella i Stardalen.","elevation":615,"name":"Flatjordstøylen","source":"UT.no\/DNT"},"type":"Feature"},{"geometry":{"coordinates":[6.6412180000000003,61.587083999999997],"type":"Point"},"id":"heritage-ut-146888139","properties":{"description":"Grepstadstøylen ligg vakkert til i Befringsdalen, som er eit dalføre under Jostedalsbreen. I dalføret ligg det tre støypar ganske tett på kvarandre. Støylane har mange fine støylshus, og nydeleg utsikt til fjella i Stardalen.","elevation":619,"name":"Grepstadstøylen","source":"UT.no\/DNT"},"type":"Feature"},{"geometry":{"coordinates":[6.6448850000000004,61.586148000000001],"type":"Point"},"id":"heritage-ut-146888140","properties":{"description":"Befringsstøylen ligg vakkert til i Befringsdalen, som er eit dalføre under Jostedalsbreen. I dalføret ligg det tre støypar ganske tett på kvarandre. Støylane har mange fine støylshus, og nydeleg utsikt til fjella i Stardalen.","elevation":636,"name":"Befringsstøylen","source":"UT.no\/DNT"},"type":"Feature"},{"geometry":{"coordinates":[6.7301060000000001,61.634072000000003],"type":"Point"},"id":"heritage-ut-146888141","properties":{"description":"Haugastøylen ligg vakkert til i dalføret der turane til både Oldeskaret og Haugabreen startar. Støylen ligg plassert omlag på nasjonalparkgrensa til Jostedalsbreen nasjonalpark. Støylen ligg kort veg frå parkeringa i enden av skogsvegen opp...","elevation":659,"name":"Haugastøylen","source":"UT.no\/DNT"},"type":"Feature"},{"geometry":{"coordinates":[6.272964,61.561540999999998],"type":"Point"},"id":"heritage-ut-146888142","properties":{"description":"Fjellstøylen på Ålhus ligg vakkert plassert under Hegrenesnipa med utsikt innover dalføret Gotdalen. Støylen ligg i fjellsida slik at du også har utsikt til Jølstravatnet. Det er mest vanleg å gå opp til Fjellstøylen frå Ålhus. Det er sti s...","elevation":590,"name":"Fjellstøylen (Ålhus)","source":"UT.no\/DNT"},"type":"Feature"},{"geometry":{"coordinates":[6.1702589999999997,61.491442999999997],"type":"Point"},"id":"heritage-ut-146888143","properties":{"description":"Hammarstøylen har flott utsikt austover Jølstravatnet.","elevation":560,"name":"Hammarstøylen","source":"UT.no\/DNT"},"type":"Feature"},{"geometry":{"coordinates":[6.3580800000000002,61.503888000000003],"type":"Point"},"id":"heritage-ut-146888144","properties":{"description":"Skryklingsstøylen ligg vakkert plassert i dalføret som går innover mot Skryklingen. Støylen ligg i ende av skogsveg som er fin å gå opp. Turen opp høver derfor for dei fleste turvandrarar.","elevation":608,"name":"Skryklingsstøylen","source":"UT.no\/DNT"},"type":"Feature"},{"geometry":{"coordinates":[6.2445969999999997,61.490591999999999],"type":"Point"},"id":"heritage-ut-146888145","properties":{"description":"Nonsnipestøylen ligg med stor utsikt austover Jølstravatnet. Du går på skogsveg heilt opp frå Sanddalen. Det er ingen støylshus igjen på Nonsnoipestøylen. Det står ei eldre campingvogn plassert i murane på ei av dei eldre støylstomtene.","elevation":683,"name":"Nonsnipestøylen","source":"UT.no\/DNT"},"type":"Feature"},{"geometry":{"coordinates":[6.0055959999999997,61.471518000000003],"type":"Point"},"id":"heritage-ut-146888146","properties":{"description":"Støylen har flott utsikt austover mot Jølstravatnet. Bratt skogsveg opp til støylen, som ein passerer på veg til Eikåsnipa.","elevation":503,"name":"Ytre Eikåsstøylen","source":"UT.no\/DNT"},"type":"Feature"},{"geometry":{"coordinates":[6.1924320000000002,61.529955000000001],"type":"Point"},"id":"heritage-ut-146888147","properties":{"description":"Det raude huset ovanfor gardane på Sårheim er godt synleg i den grøne lia. Flott utsiktspunkt over Jølstravatnet frå huset. Badekulp i elva rett ved støylen, som ligg unnder Høgefjellet. Du tek deg opp til utsiktspunktet frå gardane på Sårh...","elevation":630,"name":"Nesstøylen (raude huset)","source":"UT.no\/DNT"},"type":"Feature"},{"geometry":{"coordinates":[6.3313110000000004,61.568013000000001],"type":"Point"},"id":"heritage-ut-146888152","properties":{"description":"Fremstestøylen ligg vakkert plassert ved Dalevatnet i Årdalen. Dalevatnet er fisk i. Det er skogsvegar i dalføret, som om vinteren fungerer som flotte langrennsløyper.","elevation":331,"name":"Fremstestøylen","source":"UT.no\/DNT"},"type":"Feature"},{"geometry":{"coordinates":[6.2192679999999996,61.540208999999997],"type":"Point"},"id":"heritage-ut-146888209","properties":{"description":"Turen startar ved Jølstravatnet og tek deg på skogsveg opp til Ålhusstøylen. Her får du flott utsikt over heile Ålhus-grenda og Jølstravatnet.","elevation":584,"name":"Ålhusstøylen","source":"UT.no\/DNT"},"type":"Feature"},{"geometry":{"coordinates":[11.523469,59.416654999999999],"type":"Point"},"id":"heritage-ut-146888384","properties":{"description":"Natt til 20. april 1945 var det flyslipp ved Smalen i ­Rakkestad. Norge mobiliserte og det var behov for mer våpen og ­ammunisjon. Gutta satt klare ved radioen og ventet på særmelding fra BBC i London og ca. 14.30 kom meldingen: «Hvor var d...","elevation":210,"name":"Flyslippet ved Smalen","source":"UT.no\/DNT"},"type":"Feature"},{"geometry":{"coordinates":[11.958121999999999,60.145997000000001],"type":"Point"},"id":"heritage-ut-146888387","properties":{"description":"Småbruket Stømnervangen ble ryddet og reist av Ole Pedersen (født 1812) i 1845. Opprinelig var Stømnervangen en sætervang under Stømner øvre. I 1875 var det 1 hest, 4 kyr, 3 sauer og 1 gris på gården, og det ble sådd bygg, havre og litt gra...","elevation":378,"name":"Stømnervangen","source":"UT.no\/DNT"},"type":"Feature"},{"geometry":{"coordinates":[11.937953,60.147540999999997],"type":"Point"},"id":"heritage-ut-146888390","properties":{"description":"Råliåsen er en nedlagt husmannsplass i Rålia under Stømner ytre i tidligere Vinger kommune. Det er ukjent hvor navnet Halvorsrud kommer fra. Råliåsen ble antagelig ryddet på midten av 1830-tallet av Engebret Gulbrandsen (1803–1886) født på ...","elevation":386,"name":"Råliåsen \/ Halvorsrud","source":"UT.no\/DNT"},"type":"Feature"},{"geometry":{"coordinates":[6.0228219999999997,61.478918999999998],"type":"Point"},"id":"heritage-ut-146888429","properties":{"description":"Ein av dei flotte støylane i fjellsida under Eikåsnipa og Høgeheia, og ovanfor gardane på Eikås. Turstart frå gardane på Eikås.","elevation":453,"name":"Indre Eikåsstøylen (Larstunsstøylen)","source":"UT.no\/DNT"},"type":"Feature"},{"geometry":{"coordinates":[6.1165310000000002,61.524895000000001],"type":"Point"},"id":"heritage-ut-146888433","properties":{"description":"Det er mange flotte støylshus på Indre Svidalsstøylen. Ved å gå dalføret som ein rundtur vil du også kunne besøke Ytre Svidalsstøylen. Du kan velje å følgje traktorvegen til endes ved Simastøylane, og gå vidare på sti herifrå. Om du ikkje k...","elevation":547,"name":"Indre Svidalsstøylane","source":"UT.no\/DNT"},"type":"Feature"},{"geometry":{"coordinates":[6.4630900000000002,61.583553000000002],"type":"Point"},"id":"heritage-ut-146888455","properties":{"description":"Skrestøylen ligg ovanfor Fyglestøylen. Flott utsiktspunkt. God sti.","elevation":736,"name":"Skrestøylen","source":"UT.no\/DNT"},"type":"Feature"},{"geometry":{"coordinates":[9.7331780000000006,59.744059999999998],"type":"Point"},"id":"heritage-ut-146888477","properties":{"description":"Kulturminne: Gruvene var i drift under sølvverket i Kongsberg i årene 1769-1798. I perioder var det opptil 100 som arbeidet her, og flere av dem har antagelig bodd i selve gruveområdet. Gruvene ble nedlagt på grunn av store underskudd. Det ...","elevation":312,"name":"Skarragruvene","source":"UT.no\/DNT"},"type":"Feature"},{"geometry":{"coordinates":[9.7694200000000002,59.765341999999997],"type":"Point"},"id":"heritage-ut-146888482","properties":{"description":"Fredet kulturminne. Infotavle på stedet.","elevation":289,"name":"Bygdeborg Høgåsen, Øvre Eiker","source":"UT.no\/DNT"},"type":"Feature"},{"geometry":{"coordinates":[9.8660010000000007,59.728769],"type":"Point"},"id":"heritage-ut-146888485","properties":{"description":"Historisk herregård fra 1500-tallet","elevation":30,"name":"Fossesholm Herregård","source":"UT.no\/DNT"},"type":"Feature"},{"geometry":{"coordinates":[9.8865359999999995,59.844991999999998],"type":"Point"},"id":"heritage-ut-146888489","properties":{"description":"Kulturminne fra Hassel jernverk","elevation":30,"name":"Duvelgården","source":"UT.no\/DNT"},"type":"Feature"},{"geometry":{"coordinates":[6.4512720000000003,61.312080999999999],"type":"Point"},"id":"heritage-ut-146888500","properties":{"description":"Like før jul i 1706 var to menn på veg over Gaularfjellet. Dei skulle til Kristiania og klage over hardt skatte- og avgiftspress. Ved Skarvatnet kom dei ut for ein voldsam snøstorm, og den eine, Hugleik Tungøen, sette livet til. Reisefelage...","elevation":747,"name":"Minnestein over Hugleik Tungøen ved Skarvatn","source":"UT.no\/DNT"},"type":"Feature"},{"geometry":{"coordinates":[6.529954,61.578401999999997],"type":"Point"},"id":"heritage-ut-146888504","properties":{"description":"Bolsetstøylen har spor etter tidlegare støylshus, og ligg rett ved stien som går til Bolsetnipa. Flott utsikt vestover mot Jølstravatnet.","elevation":684,"name":"Bolsetstøylen","source":"UT.no\/DNT"},"type":"Feature"},{"geometry":{"coordinates":[6.5296849999999997,61.564917000000001],"type":"Point"},"id":"heritage-ut-146888508","properties":{"description":"Flott støylsplass i idylliske Fossheimsdalen. Du vel sti på vestsida av elva frå turstart ved Dammen (parkeringsplass).","elevation":715,"name":"Ytre Fossheimsstøylen","source":"UT.no\/DNT"},"type":"Feature"},{"geometry":{"coordinates":[6.0349370000000002,61.495308999999999],"type":"Point"},"id":"heritage-ut-146888520","properties":{"description":"Dalestøylen ligg under Tynningen. Fint og lettgått terreng på skogsveg inn til støylen.","elevation":330,"name":"Dalestøylen","source":"UT.no\/DNT"},"type":"Feature"},{"geometry":{"coordinates":[6.411556,61.514944999999997],"type":"Point"},"id":"heritage-ut-146888521","properties":{"description":"Myklebuststøylen ligg i enden av skogsveg som startar på Toppturparkeringa.","elevation":564,"name":"Myklebuststøylen","source":"UT.no\/DNT"},"type":"Feature"},{"geometry":{"coordinates":[11.947380000000001,60.145273000000003],"type":"Point"},"id":"heritage-ut-146888541","properties":{"description":"Råliberget er et nedlagt småbruk i Rålia, og var opprinnelig en husmannsplass under Sidselrud i tidligere Vinger kommune. Plassen ble ryddet omkring 1830 av Hans Thorsen Digerud (1806–1861).","elevation":412,"name":"Råliberget - husmannsplass","source":"UT.no\/DNT"},"type":"Feature"},{"geometry":{"coordinates":[6.0659090000000004,61.508347000000001],"type":"Point"},"id":"heritage-ut-146888608","properties":{"description":"Vårstøylen har eit einsleg sel som ligg vakkert plassert ved stien til Flugestøylen.","elevation":375,"name":"Vårstøylen","source":"UT.no\/DNT"},"type":"Feature"},{"geometry":{"coordinates":[6.0029519999999996,61.46472],"type":"Point"},"id":"heritage-ut-146888611","properties":{"description":"Ein av dei mange støylane i fjellsida under Eikåasnipa.","elevation":440,"name":"Innsteinstadsstøylen","source":"UT.no\/DNT"},"type":"Feature"},{"geometry":{"coordinates":[6.1319359999999996,61.521878000000001],"type":"Point"},"id":"heritage-ut-146888624","properties":{"description":"Støyl i Svidalen som ligg rett aust for skogsvegen opp i dalføret. Flott utsikt mot Jølstravatnet.","elevation":525,"name":"Simastøylane","source":"UT.no\/DNT"},"type":"Feature"},{"geometry":{"coordinates":[5.5534699999999999,58.827570999999999],"type":"Point"},"id":"heritage-ut-146888641","properties":{"description":"Kulturminne forma som ei stjerna av stein.","elevation":10,"name":"Steinstjerna","source":"UT.no\/DNT"},"type":"Feature"},{"geometry":{"coordinates":[5.6200859999999997,58.770226000000001],"type":"Point"},"id":"heritage-ut-146888644","properties":{"description":"Kulturminne fra 2. verdenkrig. Knickebein var eit fundament for ei tysk antennekonstruksjon frå krigstida. Ein kan sjå skinnegangen frå den mobile antenna. Områda vest for dette var minelagt under krigen.","elevation":72,"name":"Knickebein","source":"UT.no\/DNT"},"type":"Feature"},{"geometry":{"coordinates":[5.8966149999999997,58.672381000000001],"type":"Point"},"id":"heritage-ut-146888655","properties":{"description":"Gården ligger idyllisk ved Fyllemyrvatnet i et nydelig kulturlandskap og ble bygget i 1899. Her bodde folk fast fram til 1916. I dag kan du se restene av det imponerende steinarbeidet de utførte de som bodde der. Løa og mindre driftsbygning...","elevation":297,"name":"Fjellgården i Låglia","source":"UT.no\/DNT"},"type":"Feature"},{"geometry":{"coordinates":[9.4117829999999998,58.868561],"type":"Point"},"id":"heritage-ut-146888666","properties":{"description":"Theodor Kittelsen ble født i Kragerø i 1857. Turmålet som ligger i Kragerø sentrum var hans hjem de første leveårene. Museumet er åpnet om sommeren.","elevation":10,"name":"Kittelsenhuset","source":"UT.no\/DNT"},"type":"Feature"},{"geometry":{"coordinates":[5.7680439999999997,61.334414000000002],"type":"Point"},"id":"heritage-ut-146888683","properties":{"description":"Tunvald er ein husmannsplass, som tilhøyrer garden Sande. Den ligg langs gamlevegen mellom Sande og Førde. Langs vegen opp er det informasjonstavler som fortel litt om historia til staden. Tunvall ligg omlag 1 km frå parkeringsplassen og er...","elevation":194,"name":"Tunvall","source":"UT.no\/DNT"},"type":"Feature"},{"geometry":{"coordinates":[11.555223,60.614885000000001],"type":"Point"},"id":"heritage-ut-146888772","properties":{"description":"Historie: Kl. 20.21 den 2. mars 1945 tok et fly, lastet med våpen og annet utstyr av fra Tarant Rushton-basen i Sør-England. 6 timer og 5 minutter senere ble hele lasten sluppet i fargerike fallskjermer over Søndre Målervatn i Romedal allme...","elevation":489,"name":"Krigsminnesmerke ved Målåvatn","source":"UT.no\/DNT"},"type":"Feature"},{"geometry":{"coordinates":[10.992597,59.688068000000001],"type":"Point"},"id":"heritage-ut-146888828","properties":{"description":"Hytta lå omtrent 500 meter opp for Tyrihjellen, der hvor lysløypa svinger av fra «Urveien» og går mot Hauene. Hytta har vært ganske stor (ca. 7 X 10 m), og grunnmuren er meget godt bevart. Det har vært kjeller under huset, noe som var uvanl...","elevation":215,"name":"Husmannsplassen Tørje","source":"UT.no\/DNT"},"type":"Feature"},{"geometry":{"coordinates":[11.540957000000001,60.617576999999997],"type":"Point"},"id":"heritage-ut-146888834","properties":{"description":"Man antar at navnet kommer fra dyret mår. På dialekt blir mår til mål. Derfor sier vi Målåvassdammen og Målåvatna. Denne dammen regnes for å være en av de eldste dammene i Romedal Almenning. Den er bygd av Pelly & Co i 1835. Dammen ligger ø...","elevation":487,"name":"Målåvassdammen","source":"UT.no\/DNT"},"type":"Feature"},{"geometry":{"coordinates":[11.184559,60.679569999999998],"type":"Point"},"id":"heritage-ut-146888841","properties":{"description":"Her er det rester fra en gammel husmannsplass. Turforslaget finner du her.","elevation":241,"name":"Blæsarud","source":"UT.no\/DNT"},"type":"Feature"},{"geometry":{"coordinates":[9.2608739999999994,58.893462],"type":"Point"},"id":"heritage-ut-146888873","properties":{"description":"Turmålet ligger langs Gamle Sørlanske i Sannidal. Ved avkjøring til E 18, følger du denne mot Neslandsvatn og tar til venstre ved skiltene. Det er parkering langs veien. Det er opp en bakke ca 100 m. Flott plass med en del gamle hus, det er...","elevation":96,"name":"Sannidal Bygdetun","source":"UT.no\/DNT"},"type":"Feature"},{"geometry":{"coordinates":[9.2743420000000008,59.559767999999998],"type":"Point"},"id":"heritage-ut-146888965","properties":{"description":"Dette er den kjente «porten» til den store og kjente Tinne-gården på Tinnetoppen.","elevation":98,"name":"Tinne-porten","source":"UT.no\/DNT"},"type":"Feature"},{"geometry":{"coordinates":[4.9489830000000001,61.514311999999997],"type":"Point"},"id":"heritage-ut-146889010","properties":{"description":"Vardane blei brukt til å sende ut varsel på tidlegare. Vardane er eit lokalt namn, ikkje kartnamn Utsikt til øyane sør for Askrova: frå aust Tansøya, Helgøya, Raudøya, Æsøyna og Gullholmen lengst vest. Lenger sør ser du Staveneset, Atløya, ...","elevation":160,"name":"Askrova Vardane","source":"UT.no\/DNT"},"type":"Feature"},{"geometry":{"coordinates":[12.028313000000001,60.192780999999997],"type":"Point"},"id":"heritage-ut-146889095","properties":{"description":"Lokalt maktsenter Her vi nå står, ved det flere tusen år gamle fergestedet, ser ut til å ha vært et viktig lokalt senter. På østsiden av Glomma og nord for Noret på garden Hov var det gamle norrøne kultstedet og der ble også den første kirk...","elevation":149,"name":"Lokalt maktsenter og et viktig \"vegkryss\" - infotavle Nor Skanse","source":"UT.no\/DNT"},"type":"Feature"},{"geometry":{"coordinates":[11.559146999999999,60.726242999999997],"type":"Point"},"id":"heritage-ut-146889099","properties":{"description":"I 1577 var Stensåsen en ødegård som tilhørte staten. Det var likevel tale om en ganske betydelig eiendom, og den ble solgt til private og private selskaper gjennom mange ledd til den dag i dag eies av Statskog. Det har vært flere finner som...","elevation":373,"name":"Stensåsen","source":"UT.no\/DNT"},"type":"Feature"},{"geometry":{"coordinates":[12.028287000000001,60.192737999999999],"type":"Point"},"id":"heritage-ut-146889103","properties":{"description":"Norges største kjente naturkatastrofe For ca. 10.400 år siden var det en stor og meget dyp bredemt sjø øverst i Østerdalen. Den strakk seg fra Atnosen\/Åkrestrømmen i sør til Rugldalen i nord. Den blir kalt Nedre Glomsjø og hadde utløp nordo...","elevation":149,"name":"Megaflommen - infotavle Nor Skanse","source":"UT.no\/DNT"},"type":"Feature"},{"geometry":{"coordinates":[11.469531999999999,60.543188999999998],"type":"Point"},"id":"heritage-ut-146889120","properties":{"description":"Gaukåa er grensevassdrag mellom Stange Almenning og Romedal Almenning. Elva er 11 km lang, og har vært i bruk til fløting av tømmer i lang tid. Det finnes flere dammer i vassdraget. Store mengder tømmer ble fløtet både fra Romedal Almenning...","elevation":330,"name":"Bjørnstaddammen","source":"UT.no\/DNT"},"type":"Feature"},{"geometry":{"coordinates":[11.405243,60.520918999999999],"type":"Point"},"id":"heritage-ut-146889121","properties":{"description":"Gammelsaga er et godt bevart senter som var typisk i drifta av Stange Almenning. Her ble det startet opp sagbruk i 1872, og saga var i drift til 1953. Sagbrakka (fra 1872) var bosted for sagmannskapet. Hovedbygningen (også fra 1872) var bol...","elevation":303,"name":"Gammelsaga","source":"UT.no\/DNT"},"type":"Feature"},{"geometry":{"coordinates":[9.35886,60.051270000000002],"type":"Point"},"id":"heritage-ut-146889125","properties":{"description":"Tråen langseter (790 m.o.h.) var i sin tid langsetra til gården Nord-Tråen i Rollag. Seterbua brant i 1912, og etter det har det ikke vært seterdrift her. Restene etter fjøset ligger på østsiden av vollen.","elevation":795,"name":"Tråen seter","source":"UT.no\/DNT"},"type":"Feature"},{"geometry":{"coordinates":[11.506544,60.595846000000002],"type":"Point"},"id":"heritage-ut-146889156","properties":{"description":"Fløtdammen ble påbegynt og fullført i 1856. Det er en stendam med fire luker. I 1903 bygde Anton Bjølseth ny koie, dengang oppført med en arbeidslønn på kr 54,-. Det ble også satt opp redskapsbu i laftetømmer som står i dag. Der ligger utst...","elevation":382,"name":"Fløtdammen","source":"UT.no\/DNT"},"type":"Feature"},{"geometry":{"coordinates":[11.403256000000001,60.518810999999999],"type":"Point"},"id":"heritage-ut-146889157","properties":{"description":"Våpenbunker ved Gammelsaga (tekst av Even Sveen fra jubileumsbok for Stange almenning 2022) Under andre verdenskrig var det lokale grupper av Milorg og Hjemmefronten som opererte på Stange Almenning. Område 21, distrikt 25 i Milorg omfatte ...","elevation":300,"name":"Gammelsaga våpenbunker","source":"UT.no\/DNT"},"type":"Feature"},{"geometry":{"coordinates":[5.3600079999999997,61.619062],"type":"Point"},"id":"heritage-ut-146889159","properties":{"description":"Stølstuftene etter Hatlesetstølen ligg på 382 moh og er på turen opp til Hatlesetnipa frå Hatleset Parkering. Når du kjem til benken finn du nokre mosegrodde steinar som stølen stod på til høgre for stien. Stølen vart bygd i 1929. Dei to ga...","elevation":382,"name":"Hatlesetstølen gamle stølstufter","source":"UT.no\/DNT"},"type":"Feature"},{"geometry":{"coordinates":[11.500114,60.577761000000002],"type":"Point"},"id":"heritage-ut-146889176","properties":{"description":"Stedet er nevnt i 1668 og 1682. Malungen ble skyldsatt som bruk i 1756, og det var forskjellige eiere og brukere fram til 1875. I 1846 kjøpte Westye Egeberg & Co Romedal Almenning. I 1864 delte Egeberg Romedal Almenning i to deler. Den dele...","elevation":250,"name":"Malungen gjestegård","source":"UT.no\/DNT"},"type":"Feature"},{"geometry":{"coordinates":[11.502769000000001,60.576909999999998],"type":"Point"},"id":"heritage-ut-146889177","properties":{"description":"I 1997 ble det behov for et \"klubbhus\" for Røde kors Vallset og det nystartede ( 1995) Romedal Almenning Turstilag, RAT. Ole Arnt og Grethe Skaaraas på Skaaraas øvre, tilbød et hus på gården til dette formålet fra 1850-tallet. Huset ble tat...","elevation":250,"name":"Malungstunet","source":"UT.no\/DNT"},"type":"Feature"},{"geometry":{"coordinates":[11.428839,60.525181000000003],"type":"Point"},"id":"heritage-ut-146889178","properties":{"description":"Sætring og sommerbeite var fra gammel tid den viktigste bruken av skogen for de gardsbrukene som hadde etablert fast bosetting og drev med husdyrhold. Husdyrhold er eldre enn ren jordbruksdrift, og dyrket jord måtte brukes til å avle nok vi...","elevation":433,"name":"Nøttestadvangen","source":"UT.no\/DNT"},"type":"Feature"},{"geometry":{"coordinates":[11.601883000000001,60.678069999999998],"type":"Point"},"id":"heritage-ut-146889179","properties":{"description":"Inger Maren Gjerlaug har skrevet boka \"Tilbakeblikk og opplevelser i Romedal Almenning\" utgitt i 2021 av Romedal Almenning Turstilag. Dette skriver hun om Sorten sæter (Sortsætra) \"Sotsæteren, den betydeligste av alle sætrene i allmindingen...","elevation":511,"name":"Sorten sæter","source":"UT.no\/DNT"},"type":"Feature"},{"geometry":{"coordinates":[11.389692,60.515912],"type":"Point"},"id":"heritage-ut-146889180","properties":{"description":"Finneinnvandring og finneboplass på Hersjøen Stor utvandring fra Savolaks i Finland på grunn av uår, sult og krevende livsvilkår. Mange slo seg ned i Sverige, i Värmland og Dalarna. En del vandret inn i Norge til Finnskogen og så langt som ...","elevation":319,"name":"Hersjøen","source":"UT.no\/DNT"},"type":"Feature"},{"geometry":{"coordinates":[11.362485,60.502316],"type":"Point"},"id":"heritage-ut-146889181","properties":{"description":"Gammel gravplass for Trautskogen brukt fra 1862 til 1878. Gravplassen er restaurert og de fleste gravene er synlige som markerte hauger i terrenget. Det er gravlagt 52 personer her. Grunnvannet stod så høyt på gravplassen at den ble flyttet...","elevation":270,"name":"Hagajordet gravplass","source":"UT.no\/DNT"},"type":"Feature"},{"geometry":{"coordinates":[11.329851,60.486435],"type":"Point"},"id":"heritage-ut-146889182","properties":{"description":"Svesaga (Spitalen sag) Stange Almenning bygde sagbruk her i 1906. Det var bare halve volumet å frakte materialer i forhold til tømmer over lange strekninger. En stor brann ødela saga i 1932, men den ble bygd opp igjen og satt i drift i 1935...","elevation":346,"name":"Svesaga","source":"UT.no\/DNT"},"type":"Feature"},{"geometry":{"coordinates":[11.506539,60.550649],"type":"Point"},"id":"heritage-ut-146889183","properties":{"description":"Rasen, en av allmenningens første finneboplasser. Rasen er første gang nevnt i 1679, da finnen Paul Henriksen (Petti Heikkinen) bodde der. Paul bygslet plassen. Han skulle ikke betale for den, bare sørge for å skaffe fersk mat og å skyte fu...","elevation":248,"name":"Rasen","source":"UT.no\/DNT"},"type":"Feature"},{"geometry":{"coordinates":[11.381751,60.087477999999997],"type":"Point"},"id":"heritage-ut-146889184","properties":{"description":"Hvamshaugen ligger et par kilometer fra Gamle Hvam, sønnafor museet, i elvebakken ned mot Glomma. Hvamshaugen var en av de eldste husmannsplassene under gården Store-Hvam og kan nås til fots gjennom et spennende ravineområde og kulturlandsk...","elevation":144,"name":"Hvamshaugen","source":"UT.no\/DNT"},"type":"Feature"},{"geometry":{"coordinates":[12.018571,60.237890999999998],"type":"Point"},"id":"heritage-ut-146889209","properties":{"description":"På Urmakerberget ble det etablert en militær befestning som en del av Norges forsvar i tiden rundt unionsoppløsningen i 1905, kalt Urmakerberget skanse. Dette var en strategisk plassering for å kunne overvåke og forsvare viktige overgangsst...","elevation":205,"name":"Bautaen på Urmakerberget","source":"UT.no\/DNT"},"type":"Feature"},{"geometry":{"coordinates":[10.481649000000001,61.109090999999999],"type":"Point"},"id":"heritage-ut-146889229","properties":{"description":"Besøk turistforeningshytta som har kommet på museum! Gråhøgdbua ble flyttet fra Venabygdsfjellet til hyttegrenda på Maihaugen i 2021. Gråhøgdbua var én av tre selvbetjente hytter som Den Norske Turistforening bygde i 1967\/68. De to andre hy...","elevation":281,"name":"Gråhøgdbu på Maihaugen","source":"UT.no\/DNT"},"type":"Feature"},{"geometry":{"coordinates":[12.047513,60.147174999999997],"type":"Point"},"id":"heritage-ut-146889241","properties":{"description":"Her får du en oversikt over felttogene gjennom Eidskog. Dette er tilleggsinformasjon til Informasjonstavlen for Den Wingerske Kongevei som står ved Lier Skanse. Leden langs Vrangselvas løp er benyttet gjennom tidene utallige ganger for hand...","elevation":195,"name":"Felttogene gjennom Eidskog - infotavle Lier skanse","source":"UT.no\/DNT"},"type":"Feature"},{"geometry":{"coordinates":[12.063874,60.137808],"type":"Point"},"id":"heritage-ut-146889242","properties":{"description":"Vrangselva - vannvegens historie – Lier elektrisitetsverk Vrangselva renner fra Sigernessjøen i Kongsvinger, gjennom Eidskog, inn i Eda i Sverige hvor den renner ut i sjøen Hugn og videre gjennom Glafsfjorden og Vänern. Navnet på elva komme...","elevation":149,"name":"Vrangselva og Lier Elektrisitetsverk - infotavle geologi og kraft","source":"UT.no\/DNT"},"type":"Feature"},{"geometry":{"coordinates":[12.064712999999999,60.138795000000002],"type":"Point"},"id":"heritage-ut-146889243","properties":{"description":"Bifurkasjonen ved Granli (Gropa) Ved store flommer kan vann overføres fra Glommavassdraget gjennom Vingersjøen til Vrangselva og videre inn i Sverige. Dette skyldes det lave vannskillet sør for Vingersjøen. En slik foreteelse, at vann natur...","elevation":150,"name":"Bifurkasjonen ved Granli - infotavle geologi og kraft","source":"UT.no\/DNT"},"type":"Feature"},{"geometry":{"coordinates":[12.114751999999999,60.110951999999997],"type":"Point"},"id":"heritage-ut-146889244","properties":{"description":"Det var trelastinteressene som var de største pådriverne for bygging av Kongsvingerbanen og Grensebanen. I unionstiden var forbindelsen Oslo-Stockholm spesielt viktig, men utbyggingstakten viser prioriteringen. 1. juli 1857 kom stortingspro...","elevation":145,"name":"Grensebanen","source":"UT.no\/DNT"},"type":"Feature"},{"geometry":{"coordinates":[12.116004,60.111299000000002],"type":"Point"},"id":"heritage-ut-146889245","properties":{"description":"På store deler av 18-hundretallet var Norge ett av de landene i Europa med størst eksport av trelast. I Eidskog og på Austmarka var ikke de naturgitte forholdene gunstige for fløting av tømmer. De fleste elvene var små og rant i fei retning...","elevation":145,"name":"Plankekjøring med hest fra Austmarka.","source":"UT.no\/DNT"},"type":"Feature"},{"geometry":{"coordinates":[12.130734,60.047719000000001],"type":"Point"},"id":"heritage-ut-146889246","properties":{"description":"Framstilling av jern Gunstig område for myrmalm Jern er et av de mest vanlige grunnstoffene i naturen. Avhengig av mineralene i jorda kan det være mye jern i grunnvannet. I en myr som har jevnt tilsig fra overliggende terreng av jernholdig ...","elevation":141,"name":"Jernutvinning og fangstgroper","source":"UT.no\/DNT"},"type":"Feature"},{"geometry":{"coordinates":[12.139568000000001,60.050970999999997],"type":"Point"},"id":"heritage-ut-146889247","properties":{"description":"Jernutvinningen var et økonomisk fundament i samfunnsutviklingen. Rundberget har i sin doktoravhandling vist at dette anlegget på Grasmo har vært en del av en storstilt jernutvinning fra myrmalm mellom Glomma og Klarälven fra Eidskog og nor...","elevation":137,"name":"Jernvinneanleggets betydning for distriktet","source":"UT.no\/DNT"},"type":"Feature"},{"geometry":{"coordinates":[12.123813,60.030149000000002],"type":"Point"},"id":"heritage-ut-146889248","properties":{"description":"Noe av det eldste vi kan lese om Eidskog er i Snorre Sturlasson – Kongesagaer. I Ynglinge-sagaen fortelles det om at etter at Svearne hadde tatt livet av Olav Treteljare gikk de med hele hæren vest over Eidskogen, de kom fram helt uventet i...","elevation":136,"name":"Ferdsel gjennom Eidskog i sagalitteraturen","source":"UT.no\/DNT"},"type":"Feature"},{"geometry":{"coordinates":[12.123811,60.030158999999998],"type":"Point"},"id":"heritage-ut-146889249","properties":{"description":"Raviner er V-formede nedskjæringer i løsmasser og de finnes hovedsakelig i finkornede løsmasser som leire og fin silt, oftest avsatt like under den marine grense. I Eidskog er den marine grensen ganske nært 200 moh. I dalsida øst for Matran...","elevation":136,"name":"Raviner","source":"UT.no\/DNT"},"type":"Feature"},{"geometry":{"coordinates":[12.124898999999999,60.028851000000003],"type":"Point"},"id":"heritage-ut-146889250","properties":{"description":"Napoleonskrigene preget Europa på begynnelsen av 1800-tallet. Krigene handlet om maktbalansen i Europa og om kontroll med den voksende handelen – den klassiske kombinasjonen makt og penger. Gjennom en rekke felttog skaffet Napoleon seg stad...","elevation":135,"name":"Napoleonskrigen og lokalbefolkningen","source":"UT.no\/DNT"},"type":"Feature"},{"geometry":{"coordinates":[12.126664,60.010044999999998],"type":"Point"},"id":"heritage-ut-146889251","properties":{"description":"Naturgrunnlaget På grunn av geologiske hendelser som forkastninger for millioner av år siden, der deler av berggrunnen hevet seg og andre deler sank, ble det dannet sprekker og knusningssoner i berggrunnen som var utsatt for erosjon. Hovedd...","elevation":205,"name":"Ferdsel gjennom Eidskog i forhistorisk tid","source":"UT.no\/DNT"},"type":"Feature"},{"geometry":{"coordinates":[12.126669,60.009990000000002],"type":"Point"},"id":"heritage-ut-146889252","properties":{"description":"Alpyduleid gjennom Eidskogen Egil Skallagrimsson skrev i 944-45 om allfarvei (alpyduleid) gjennom Eidskogen. Nå er det mer naturlig å kalle den Oldtidsvegen. Det var mest sannsynlig ikke en bygd veg, men en veg som hadde oppstått ved at man...","elevation":206,"name":"Oldtidsvegen","source":"UT.no\/DNT"},"type":"Feature"},{"geometry":{"coordinates":[12.124577,59.985751999999998],"type":"Point"},"id":"heritage-ut-146889253","properties":{"description":"General Gahns demonstrasjon mot Kongsvinger Som del av svenskenes felttog i høsten 1814, angrep general Gahn med rundt 2000 Wärmlendinger og Westerbottninger fra Eda mot Kongsvinger. Hans ordre fra Karl Johan presiserte at han ikke skulle l...","elevation":148,"name":"Oversikt over felttoget i 1814 og slaget på Skotterud","source":"UT.no\/DNT"},"type":"Feature"},{"geometry":{"coordinates":[12.202067,59.950986],"type":"Point"},"id":"heritage-ut-146889254","properties":{"description":"Skansen på Magnor Den Vingerske kongevei var en av de få veier hvor det var mulig å fremføre artilleri som var en forutsetning for bekjempelse av festingene langs Glomma. Den måtte krysses for å kunne angripe Akershus som kontrollerte Krist...","elevation":133,"name":"Skansene på Magnor og ved Magnor bro","source":"UT.no\/DNT"},"type":"Feature"},{"geometry":{"coordinates":[10.973352999999999,59.705250999999997],"type":"Point"},"id":"heritage-ut-146889525","properties":{"description":"Orremåsan er det største myrområdet i Sørmarka. Den ligger på delet mellom Nordre Follo og Indre Østfold kommune. Navnet kommer av Orrhaneleikene som forgår på myra om våren. Det kan til dels være mye fugl der under spillet og er et yndet o...","elevation":205,"name":"Orremåsan","source":"UT.no\/DNT"},"type":"Feature"},{"geometry":{"coordinates":[10.969487000000001,59.699835999999998],"type":"Point"},"id":"heritage-ut-146889526","properties":{"description":"Gørjetjernet ligger rett syd for Orremåsan, her ble konteinerne, og annet som ikke kunne brukes, senket ned for å skjule sporene etter slippene. Det var et hardt arbeid å rydde opp etter slippene. Mange konteinere satt ganske dypt i myra og...","elevation":205,"name":"Gørjetjernet","source":"UT.no\/DNT"},"type":"Feature"},{"geometry":{"coordinates":[8.9656269999999996,59.174295000000001],"type":"Point"},"id":"heritage-ut-146889557","properties":{"description":"Turmålet ligger langs fylkesveien mot Singusdal. Følg fylkesveien fra Drangedal mot Lunde. Sving av ved skiltet merket Singusdal og følg denne ca 6 km. Det står et lite skilt på høyre side av veien. Parkering i veikanten. Det sies at steine...","elevation":151,"name":"Liksteinen i Kjosen","source":"UT.no\/DNT"},"type":"Feature"},{"geometry":{"coordinates":[22.359235000000002,69.197187],"type":"Point"},"id":"heritage-ut-146889561","properties":{"description":"I dette området ligger det to árran (ildsted) med omtrent 14 meter i mellom. Begge er ovale i utformingen og ligger orientert nord-sør, og har en diameter på 0,85 meter x 0,75 meter. Det ene består av 7 delvis synlige steiner.","elevation":444,"name":"Arran\/teltboplass, Teltboplass","source":"UT.no\/DNT"},"type":"Feature"},{"geometry":{"coordinates":[22.355494,69.197305999999998],"type":"Point"},"id":"heritage-ut-146889562","properties":{"description":"Tuft\/teltring. 6,5 m i ytre diameter. Voller: inntil 1,1 brede. På toppen av vollen ligger det store steinblokker med jevne mellomrom. Disse danner en sirkel rundt árran (ildsted) i midten. Árran som ligger midt i tuften\/teltringen består a...","elevation":443,"name":"Teltring, Bosetning-aktivitetsområde","source":"UT.no\/DNT"},"type":"Feature"},{"geometry":{"coordinates":[22.357806,69.197118000000003],"type":"Point"},"id":"heritage-ut-146889563","properties":{"description":"Fangstgrop som er 3 m i diameter og 0,3 m dyp","elevation":443,"name":"Fangstgrop, Fangstlokalitet","source":"UT.no\/DNT"},"type":"Feature"},{"geometry":{"coordinates":[11.237909999999999,60.471673000000003],"type":"Point"},"id":"heritage-ut-146889567","properties":{"description":"Rester av sagbruk har rast ut i vannet. Laftet tømmer og sammenrast steinkonstruksjon, antakelig brygge. Også rester på land.","elevation":123,"name":"Sagodden, Annen marin lokalitet","source":"UT.no\/DNT"},"type":"Feature"},{"geometry":{"coordinates":[11.399749999999999,59.118744],"type":"Point"},"id":"heritage-ut-146889568","properties":{"description":"Fredriksten er en festning i Halden (byen het Fredrikshald fra 1665 til 1928). Forsvarsverket der festningen ligger i dag ble bygget i årene 1640-45 i forbindelse med Hannibalfeiden. Selve Fredriksten festning ble påbegynt i 1661 og er oppk...","elevation":88,"name":"Fredriksten festning, Forsvarsanlegg","source":"UT.no\/DNT"},"type":"Feature"},{"geometry":{"coordinates":[21.722211999999999,69.399345999999994],"type":"Point"},"id":"heritage-ut-146889570","properties":{"description":"Tjæremilen ligger i tett bjørkeskog. Vollene rundt mila er ca. 1,6 meter brede, og høyden varierer fra 20-30 cm. Ut fra midten av mila er det registrert fem sjakter som strekker seg ca 3 meter utenfor vollene. Midt i mila er det funnet spor...","elevation":110,"name":"Tjæremile, Tjærebrenningsanlegg","source":"UT.no\/DNT"},"type":"Feature"},{"geometry":{"coordinates":[22.281459000000002,69.225229999999996],"type":"Point"},"id":"heritage-ut-146889574","properties":{"description":"Hyttetuften er rektangulær med vegger av jord og torv. I vollene er det tre åpninger. Veggene er mellom 40 og 70 cm høye. Rundt tuften er det tre groper, samt en rektangulær nedgravning i nordøst som kan minne om et tilbygg. I tillegg er de...","elevation":471,"name":"Tuft, Bosetning-aktivitetsområde","source":"UT.no\/DNT"},"type":"Feature"},{"geometry":{"coordinates":[22.318439999999999,69.210504],"type":"Point"},"id":"heritage-ut-146889575","properties":{"description":"Fangstanlegg bestående av til sammen sju fangstgroper, som strekker seg mellom et vann med kote 443 sørvest for Boazuroavvi og et umerket vann sørøst for Boazuroavvi. På lokaliteten er det også registrert et arran (ildsted). Fangstanleggene...","elevation":451,"name":"Sør for Boazuroavvi, Fangstlokalitet","source":"UT.no\/DNT"},"type":"Feature"},{"geometry":{"coordinates":[11.310739999999999,60.482577999999997],"type":"Point"},"id":"heritage-ut-146889576","properties":{"description":"Øst for Granerudsjøen er det funnet flintavslag og skjørbrent stein, samt kullholdig løsmasse. Funnene viser at det trolig har vært en steinalderboplass her.","elevation":354,"name":"Granerudsjøen, Bosetning-aktivitetsområde","source":"UT.no\/DNT"},"type":"Feature"},{"geometry":{"coordinates":[6.668355,59.190564000000002],"type":"Point"},"id":"heritage-ut-146889578","properties":{"description":"Nordre lega var en gang støl ved Nilsebu. Ved undervannsundesøkelser i 2019 og 2020 var steinmurene fra tuftene fortsatt synlige på bunnen som nå er flere meter under dagens vannoverflate. Det er kjent at stølen var i bruk på midten av 1800...","elevation":732,"name":"Historisk arkeologisk lokalitet","source":"UT.no\/DNT"},"type":"Feature"},{"geometry":{"coordinates":[8.2997940000000003,61.374268000000001],"type":"Point"},"id":"heritage-ut-146889579","properties":{"description":"Område med boplassfunn, C56728\/1-2","elevation":1057,"name":"Eidsbugarden, lok 2, Bosetning-aktivitetsområde","source":"UT.no\/DNT"},"type":"Feature"},{"geometry":{"coordinates":[11.362456999999999,60.502378999999998],"type":"Point"},"id":"heritage-ut-146889580","properties":{"description":"Hagajordet gravplass var i bruk fra 1862 til 1878 da den ble erstattet av Dalsrud gravplass. Den første kjente gravplassen på Trautskogen lå i Hagajordet på Dalsrudhagens grunn. Den ble innviet 14. mars 1862, ifølge presten Carl Fredrik Thu...","elevation":270,"name":"Hagajordet gravplass, Kirkegårdslokalitet","source":"UT.no\/DNT"},"type":"Feature"},{"geometry":{"coordinates":[11.364378,60.499876],"type":"Point"},"id":"heritage-ut-146889581","properties":{"description":"Dalsrud gravplass erstattet Hagajordet gravplass i 1878. Den var i bruk frem til 1932. Informasjonsskilt på stedet.","elevation":265,"name":"Dalsrud gravplass, Kirkegårdslokalitet","source":"UT.no\/DNT"},"type":"Feature"},{"geometry":{"coordinates":[21.555754,69.443183000000005],"type":"Point"},"id":"heritage-ut-146889583","properties":{"description":"Tjæremile med diameter på 9m. Stor furu i selve mila.","elevation":100,"name":"Tjæremile, Tjærebrenningsanlegg","source":"UT.no\/DNT"},"type":"Feature"},{"geometry":{"coordinates":[21.556450999999999,69.442948999999999],"type":"Point"},"id":"heritage-ut-146889584","properties":{"description":"Tuft etter gammetuft eller enkel laftet tømmerhytte benyttet i forbindelse med brenning av tjæremile rett ved. Muligens også benyttet i forbindelse med jakt, fangst og fiske.","elevation":96,"name":"Tuft, Tjærebrenningsanlegg","source":"UT.no\/DNT"},"type":"Feature"},{"geometry":{"coordinates":[11.363415,60.498156000000002],"type":"Point"},"id":"heritage-ut-146889585","properties":{"description":"Funn av stokkebåt","elevation":261,"name":"Tjernsjøen \/ Tjennsjøen, Skipsfunn","source":"UT.no\/DNT"},"type":"Feature"},{"geometry":{"coordinates":[21.719674000000001,69.402525999999995],"type":"Point"},"id":"heritage-ut-146889586","properties":{"description":"Bergmaleriene i Sieimma har i de siste årene blitt en svært populær attraksjon i Reisadalen og inngår i historisk vandrerute Reisadalen som går fra Saraelv til Ráisjávri. Bermaleriene ligger på en berghammer omlag 10 meter fra Reisaelva og ...","elevation":115,"name":"Sieimma, Bergkunst","source":"UT.no\/DNT"},"type":"Feature"},{"geometry":{"coordinates":[11.510298000000001,60.516849000000001],"type":"Point"},"id":"heritage-ut-146889588","properties":{"description":"Lukedam. Dammen er bygd på 1600-tallet.","elevation":247,"name":"Mattisdammen, Fløtingsanlegg","source":"UT.no\/DNT"},"type":"Feature"},{"geometry":{"coordinates":[6.6734629999999999,59.190877999999998],"type":"Point"},"id":"heritage-ut-146889589","properties":{"description":"Ved Nilsebu er det funnet flere steinalderboplasser. Disse ble undersøkt på 1960-tallet før vannet ble demmet opp. Nå er vannstanden mange meter høyere enn den opprinnelige, men ved lav vannstand bør du ha øyene med deg. Her ble det funnet ...","elevation":732,"name":"Nilsebu, Funnsted","source":"UT.no\/DNT"},"type":"Feature"},{"geometry":{"coordinates":[8.8063710000000004,61.494425999999997],"type":"Point"},"id":"heritage-ut-146889596","properties":{"description":"Beskrivelse mangler","elevation":990,"name":"Gjendeosen, Bosetning-aktivitetsområde","source":"UT.no\/DNT"},"type":"Feature"},{"geometry":{"coordinates":[11.498767000000001,60.543757999999997],"type":"Point"},"id":"heritage-ut-146889597","properties":{"description":"Kullgrop.","elevation":268,"name":"Kullfremstillingsanlegg","source":"UT.no\/DNT"},"type":"Feature"},{"geometry":{"coordinates":[11.473298,60.776325],"type":"Point"},"id":"heritage-ut-146889600","properties":{"description":"Ruin etter liten middelaldersk steinkirke, viet Mikael. Kirken omtalt i pavebrev 1254. Usikkert om sognekirke, små eiendommer, men kan ha vært knyttet til pilgrimsveien mellom Østerdalen og Hamar. Kirken forfalt etter reformasjonen og ble i...","elevation":352,"name":"Rokoberget kirke \/ Roko kirkeruin, Kirkested","source":"UT.no\/DNT"},"type":"Feature"},{"geometry":{"coordinates":[9.1434359999999995,60.043664],"type":"Point"},"id":"heritage-ut-146889601","properties":{"description":"Beskrivelse mangler","elevation":287,"name":"MYKSTU NORDRE (HELGJSMYKSTU) - MØKSTU \/ Helgjsmykstu stue, Gårdstun","source":"UT.no\/DNT"},"type":"Feature"},{"geometry":{"coordinates":[8.8080859999999994,61.494197999999997],"type":"Point"},"id":"heritage-ut-146889602","properties":{"description":"Steinalderlokalitet","elevation":987,"name":"Gjendeosen, Bosetning-aktivitetsområde","source":"UT.no\/DNT"},"type":"Feature"},{"geometry":{"coordinates":[8.7243980000000008,61.083466000000001],"type":"Point"},"id":"heritage-ut-146889603","properties":{"description":"På neset ved Pyttingen er det rester av et nedgravd bogastelle. I ytterkant av gropa (stellet) er det lagt opp en liten tørrmur. Gropa er bevokst med gress, bærlyng og dvergbjørk. En stein som ligger nede i gropa kan ha falt ned fra muren. ...","elevation":940,"name":"Åstad, Fangstlokalitet","source":"UT.no\/DNT"},"type":"Feature"},{"geometry":{"coordinates":[8.7775619999999996,60.999177000000003],"type":"Point"},"id":"heritage-ut-146889604","properties":{"description":"Mellom Nestesvannet og Grønsenn er det et fangstanlegg med tre fangstgroper plassert på tvers av eidet. Gropene er delvis nedrast, og det vokser også noe bjørk i gropene. Fangstanlegget er fra ca jernalder – middelalder. Det er også rester ...","elevation":880,"name":"Fiksus, Fangstlokalitet","source":"UT.no\/DNT"},"type":"Feature"},{"geometry":{"coordinates":[9.2485610000000005,59.556516999999999],"type":"Point"},"id":"heritage-ut-146889674","properties":{"description":"Sølvtreet – “TRE” ved Heddalsvannet Ved utløpet av Tinnåa, helt nede ved Heddalsvannet og i umiddelbar nærhet til Bok- og Blueshuset, står et spektakulært og blankt kunstverk kjent som Sølvtreet – eller mer presist: “TRE”. Dette 10,5 meter ...","elevation":17,"name":"TRE – Sølvtreet ved Heddalsvannet","source":"UT.no\/DNT"},"type":"Feature"},{"geometry":{"coordinates":[10.528584,60.366511000000003],"type":"Point"},"id":"heritage-ut-146889799","properties":{"description":"Søsterkirkene på Granavollen er et imponerende landemerke høyt og fritt over bygda, og har en mystisk historie. To kirker ligger tett ved siden av hverandre. Tårnene deres danner utgangspunkt for kommunevåpenet i Gran. Adkomst: Ta RV 4 fra ...","elevation":346,"name":"Søsterkirkene på Granavollen","source":"UT.no\/DNT"},"type":"Feature"},{"geometry":{"coordinates":[16.577293000000001,68.718020999999993],"type":"Point"},"id":"heritage-ut-146889815","properties":{"description":"I Barnvika finner du en av Harstads krigshistoriske kulturplasser. Her ligger minnesmerker etter senkingen av «Black Watch» bare fire dager før krigen tok slutt i 1945. Den første pulleren (akterut på «Black Watch») står omtrent 25 meter fø...","elevation":1,"name":"Barnvika","source":"UT.no\/DNT"},"type":"Feature"},{"geometry":{"coordinates":[9.2590380000000003,59.559316000000003],"type":"Point"},"id":"heritage-ut-146889896","properties":{"description":"Torget på Notodden er byens naturlige møteplass og et viktig knutepunkt for handel og kultur. Her har folk samlet seg siden Notodden vokste fram som industriby, tett knyttet til Hydro og den store kraftutbyggingen tidlig på 1900-tallet. Tor...","elevation":35,"name":"Notodden torg","source":"UT.no\/DNT"},"type":"Feature"},{"geometry":{"coordinates":[5.0168759999999999,61.596905],"type":"Point"},"id":"heritage-ut-146889900","properties":{"description":"Bunkerane i Storåsen og utkikkspunkt der ein ser øyriket utafor Florø, 54 moh. Bunkerane i Storåsen, er et område med tyske krigsanlegg frå andre verdenskrig, inkludert bunkere, tunneler, skytestillingar og løypegraver. Området blei brukt a...","elevation":54,"name":"Storåsen Bunkerane","source":"UT.no\/DNT"},"type":"Feature"},{"geometry":{"coordinates":[5.0441500000000001,61.589663999999999],"type":"Point"},"id":"heritage-ut-146889901","properties":{"description":"Brendøya er ein del av Kultur- og naturhistorisk løype i friluftsområdet til Kystmuseet. Der finn du spor etter hustufter og gardsdrift. Høgste punkt er 16 moh. Ta turen austover til endes av øya. Undervegs finn du informasjonsskilt om natu...","elevation":9,"name":"Brendøya","source":"UT.no\/DNT"},"type":"Feature"},{"geometry":{"coordinates":[11.582229999999999,59.597746999999998],"type":"Point"},"id":"heritage-ut-146889913","properties":{"description":"Vittenbergåsen byr på både historie og utsikt over Rødenessjøen. Her finner du også et piknikbord hvor du kan nyte en rast. Vittenbergåsen var en del av grensebefestningene som strakk seg fra Halden i sør til Kongsvinger i nord. Byggingen a...","elevation":188,"name":"Vittenbergåsen","source":"UT.no\/DNT"},"type":"Feature"},{"geometry":{"coordinates":[15.301410000000001,66.96199],"type":"Point"},"id":"heritage-ut-146889932","properties":{"description":"wip","elevation":33,"name":"Peder Nordumhei","source":"UT.no\/DNT"},"type":"Feature"},{"geometry":{"coordinates":[9.6380769999999991,59.139702999999997],"type":"Point"},"id":"heritage-ut-146889936","properties":{"description":"Porsgrunds Porselænsfabrik – kulturarv og nærturopplevelse i hjertet av Porsgrunn Porsgrunds Porselænsfabrik ble etablert i 1885 og er en av Norges mest ikoniske industribedrifter. Her har det blitt produsert porselen av høy kvalitet i over...","elevation":1,"name":"Porsgrund Porselænsfabrikk","source":"UT.no\/DNT"},"type":"Feature"},{"geometry":{"coordinates":[6.343477,61.423411999999999],"type":"Point"},"id":"heritage-ut-146889938","properties":{"description":"Nesstøylen er ein støyl i Haukedalen. Det går traktorveg\/grusveg frå Nes og opp til stølen. Turbeskrivelse: Fottur til Ramnenipa via Nesstølen","elevation":600,"name":"Nesstølen","source":"UT.no\/DNT"},"type":"Feature"},{"geometry":{"coordinates":[11.540096999999999,59.534055000000002],"type":"Point"},"id":"heritage-ut-146889953","properties":{"description":"19. april 1945 kom særmeldingen «Reven går med raggsokker» gjennom BBC til slippgjengen på Høymyrene. To fly letter fra Herrington flyplass i England, og det første flyet slipper 12 containere og 8 pakker med utstyr til hjemmefronten over H...","elevation":219,"name":"Flyslippet ved Høymyrene","source":"UT.no\/DNT"},"type":"Feature"},{"geometry":{"coordinates":[5.9478559999999998,58.899273999999998],"type":"Point"},"id":"heritage-ut-146889990","properties":{"description":"Ved Straumane i innløpet til Liavatnet finner en mange spor etter en omfattende utvinning av kiselgur som fant sted på slutten fra ca-1890-1920. Kiselguren er en samling av milliarder på milliarder av små kiselalge-kall (diatoméer). Kiselal...","elevation":28,"name":"Straumane med spor av kiselgurproduksjon","source":"UT.no\/DNT"},"type":"Feature"},{"geometry":{"coordinates":[5.8880840000000001,58.770434000000002],"type":"Point"},"id":"heritage-ut-146889997","properties":{"description":"Limagarden fra 1600-tallet ligger rett ovenfor Limavatnet og driftes av Jærmuseet. Hovednæringen på garden var sauedrift, men de drev også med fiske. Gården, som i dag er en del av Gjesdal bygdemuseum , var i samme slekt siden 1540 og fram ...","elevation":139,"name":"Limagarden","source":"UT.no\/DNT"},"type":"Feature"},{"geometry":{"coordinates":[9.4071239999999996,58.864412000000002],"type":"Point"},"id":"heritage-ut-146890025","properties":{"description":"Ved dette turmålet er det reist en statue av Edvard Munch og hans kjente maleri \"solen\". Ler mer om Edvard Munch i vedlagte link.","elevation":12,"name":"Skrubben","source":"UT.no\/DNT"},"type":"Feature"},{"geometry":{"coordinates":[10.464378,61.176279999999998],"type":"Point"},"id":"heritage-ut-146890118","properties":{"description":"Den Norske Turisforenings årbok fra 1945 har en vakker liten fortelling, «Stølsminne», skrevet av Erling Bjørstad, om turen fra Bjørstad gard i Nordre Ål til Gropa seter. Vi tar med et lite avsnitt fra fortellingen: «Halveis til setra lå Ha...","elevation":576,"name":"Halvorsteinen","source":"UT.no\/DNT"},"type":"Feature"},{"geometry":{"coordinates":[10.406165,61.154834000000001],"type":"Point"},"id":"heritage-ut-146890150","properties":{"description":"Sundgården er et gammelt småbruk ved Lågen, like nord for Universitet i Lillehammer. Det er en idyllisk liten plett ved Lågens bredd. I eldre tid bodde det en sundmann her som skysset folk over elva i robåten sin. I dag er stedet et annerle...","elevation":136,"name":"Sundgården","source":"UT.no\/DNT"},"type":"Feature"},{"geometry":{"coordinates":[11.158633,59.626275999999997],"type":"Point"},"id":"heritage-ut-146890179","properties":{"description":"I 1923 ble det opprettet sidespor og lasterampe ved Tømt. Plassen ble benyttet av omkringliggende gårder for transport av korn, husdyr, gjødsel m.m. til og fra Askim stasjon. Sidesporet ble fjernet i 1950 og plassen fylt igjen. I 2017 re-et...","elevation":125,"name":"Tømt rampe og sidespor","source":"UT.no\/DNT"},"type":"Feature"},{"geometry":{"coordinates":[9.5935609999999993,59.19558],"type":"Point"},"id":"heritage-ut-146890198","properties":{"description":"Dette turmålet ligger langs turforslaget \"Hjellevannet rundt\" i Skien. For å kommet hit uten å gå turen, sving av i rundkjøringen ved Sykehuset i Skien og følg skilt til Hakastein. For mer informasjon se vedlaget linker","elevation":13,"name":"Hakastein Kulturminnepark","source":"UT.no\/DNT"},"type":"Feature"},{"geometry":{"coordinates":[5.6662949999999999,58.807271],"type":"Point"},"id":"heritage-ut-146890247","properties":{"description":"Ved Hedleberget finner vi Stangelandshelleren. Her er det funne spor etter mennesker frå eldre steinalder, og her er det eldste spor av husdyr som er funne i Norge. På Hedleberget er er det rester av bygdeborg frå eldre jernalder. Det er og...","elevation":66,"name":"Hedleberget","source":"UT.no\/DNT"},"type":"Feature"},{"geometry":{"coordinates":[7.1596299999999999,61.854427000000001],"type":"Point"},"id":"heritage-ut-146890262","properties":{"description":"Erdalssetra er ei av dei vakraste setrane våre. Landskapet er ope og fritt, men høge, steile fjellveggar er likevel ikkje langt unna. Botnbrear ligg i fjellsidene og sender stadig av garde snø, is og stein, og elva går i stride stryk heim o...","elevation":472,"name":"Erdalssetra","source":"UT.no\/DNT"},"type":"Feature"},{"geometry":{"coordinates":[9.3074670000000008,59.626579999999997],"type":"Point"},"id":"heritage-ut-146890269","properties":{"description":"Det er to husmannsplasser som heter Bråtelia i Lisleherad. Den nedre hørte til Flaaten, den øvre tilhørte nedre Haave. Plassen ligger rett vest for sørenden av Årstulvannet i Dårstulmarka. Den enkleste måten å komme seg til posten er å følg...","elevation":378,"name":"Bråtelia","source":"UT.no\/DNT"},"type":"Feature"},{"geometry":{"coordinates":[9.2695900000000009,59.643050000000002],"type":"Point"},"id":"heritage-ut-146890270","properties":{"description":"Aust-Gvammen er en gammel husmannsplass som var åsted for en tragedie under krigen 13 mars 1945. To Notodden-gutter og motstandsfolk, Kåre Øien og Karl Ugland skutt og drept under to måneder før krigens slutt. Aksjonen mot den lokale motsta...","elevation":282,"name":"Aust-Gvammen","source":"UT.no\/DNT"},"type":"Feature"},{"geometry":{"coordinates":[7.998113,59.576292000000002],"type":"Point"},"id":"heritage-ut-146890277","properties":{"description":"Langs Fløtarvegen ved Hyllandsfossen finn du fleire av dei imponerande fløtarmurane , solide steinmurar bygd for å styre tømmeret trygt gjennom den strie fossen. Varmurane er sett opp av grov naturstein, mura utan bruk av mørtel, og vitnar ...","elevation":490,"name":"Fløtarmur","source":"UT.no\/DNT"},"type":"Feature"},{"geometry":{"coordinates":[11.656497999999999,59.487219000000003],"type":"Point"},"id":"heritage-ut-146890580","properties":{"description":"På Mosebyneset i Ørje ligger det rester etter tre lektere, som ble benyttet til å frakte tremasse fra Ørje Brug til treforedlings­industrien i Tistedal. To av lekterne kan ses ved lav vannstand og den tredje ligger på land. Lekterne hadde i...","elevation":119,"name":"Lektere fra slutten av 1800-tallet","source":"UT.no\/DNT"},"type":"Feature"},{"geometry":{"coordinates":[11.121945,59.648145],"type":"Point"},"id":"heritage-ut-146890600","properties":{"description":"I 1813 kjøpte tre karer gården Nestingen på auksjon, og sammen bygde de papirfabrikken i Smalelva. Tre år senere ble en av de eneeier av fabrikken. Papiret på Nestingen ble laget av tekstilfibere. Hvitt tøy ble til finere skrivepapir, mens ...","elevation":106,"name":"Nestingen papirfabrikk\/-fargeri","source":"UT.no\/DNT"},"type":"Feature"},{"geometry":{"coordinates":[11.120813,59.647677999999999],"type":"Point"},"id":"heritage-ut-146890601","properties":{"description":"Langs Smalelva ligger det nedlagte kraftverket, som også inneholder et museum. Museet ble åpnet i 1993 og forteller historien om virksomheten langs elva. Smalelva var knyttet til en lang rekke former for industri fra 1500 tallet til 1968 da...","elevation":95,"name":"Smalelva Museet","source":"UT.no\/DNT"},"type":"Feature"},{"geometry":{"coordinates":[11.114186999999999,59.854315999999997],"type":"Point"},"id":"heritage-ut-146890604","properties":{"description":"Byåa kulturlandskap er Rælingens best bevarte tidlige industri med flere murer etter oppgangssager i landskapet. Turen går gjennom to beiter, ett med geiter og ett med kyr, og går fra Byevegen og ned til Øyeren. I tillegg er det informasjon...","elevation":110,"name":"Byåa","source":"UT.no\/DNT"},"type":"Feature"},{"geometry":{"coordinates":[11.153192000000001,59.396791],"type":"Point"},"id":"heritage-ut-146890629","properties":{"description":"På det nedre platået av Skåresota, på grenseskillet mellom Skiptvet og Sarpsborg, er det et gravfelt som inkluderer to gravrøyser fra bronsealderen. Røysene er bygd av mellomstor og stor bruddstein. En del stein ser ut til å være fjernet i ...","elevation":141,"name":"Bronsealderrøyser nedre Skåresota","source":"UT.no\/DNT"},"type":"Feature"},{"geometry":{"coordinates":[11.141529999999999,59.632040000000003],"type":"Point"},"id":"heritage-ut-146890636","properties":{"description":"Skoro batterier inngår i grensebefestningene, som skulle fungere som en buffer hvis svenskene angrep landet. Fra slutten av 1890-tallet ble bygget en rekke fort og skanser langs grensen fra Kongsvinger til Halden. Søndre Skoro batteri ble a...","elevation":166,"name":"Søndre Skoro batteri","source":"UT.no\/DNT"},"type":"Feature"},{"geometry":{"coordinates":[11.141026999999999,59.635463000000001],"type":"Point"},"id":"heritage-ut-146890637","properties":{"description":"Skoro batterier inngår i grensebefestningene, som skulle fungere som en buffer hvis svenskene angrep landet. Fra slutten av 1890-tallet ble bygget en rekke fort og skanser langs grensen fra Kongsvinger til Halden. Nordre Skoro batteri ble a...","elevation":177,"name":"Nordre Skoro batteri","source":"UT.no\/DNT"},"type":"Feature"},{"geometry":{"coordinates":[11.152093000000001,59.398274999999998],"type":"Point"},"id":"heritage-ut-146890644","properties":{"description":"På det øverste platået av Skåresota har det også vært en gravrøys, som har blitt plyndret. Gravrøysa er lokalisert på en større bergknatt med panorama utsikt, bygd av mellomstor bruddstein. Denne røysa er mindre tydelig i terrenget, og stei...","elevation":173,"name":"Bronsealderrøys Skåresota","source":"UT.no\/DNT"},"type":"Feature"},{"geometry":{"coordinates":[9.4689270000000008,59.304808999999999],"type":"Point"},"id":"heritage-ut-146890675","properties":{"description":"Krigsminnet ligger ca 350 m fra Valebøveien. Det ble satt opp i forbindelse med at det er 80 år siden sprengingen av brua ble gjort av Mil org. Se vedlagte link for turbeskrivelse.","elevation":145,"name":"Krigsminne ved Svartufs","source":"UT.no\/DNT"},"type":"Feature"},{"geometry":{"coordinates":[10.970939,60.110833999999997],"type":"Point"},"id":"heritage-ut-146890727","properties":{"description":"Den best kjente av gruvene i Gjerdrum Almenning ligger på Gruvbakken og kalles Dalsgruva. Rett vestover finner vi to store, vannfylte hull i bakken. Her har det foregått utvinning av jernmalm i perioder fra tidlig 1600- tallet til 1820. Gru...","elevation":300,"name":"Gruvbakken","source":"UT.no\/DNT"},"type":"Feature"},{"geometry":{"coordinates":[10.921298999999999,60.118527999999998],"type":"Point"},"id":"heritage-ut-146890728","properties":{"description":"Steinkistedammen ble restaurert av Gjerdrum jeger- og fiskerforening i 1997. Dammen ligger ved utløpet av Gjerigjermenningen. Her er det mulig å overnatte i gapahuk. Fra Historielagets brosjyre Dammer i Gjerdrum (2009): I hovedløpet for Gje...","elevation":286,"name":"Steinkistedammen","source":"UT.no\/DNT"},"type":"Feature"},{"geometry":{"coordinates":[12.133630999999999,60.449964999999999],"type":"Point"},"id":"heritage-ut-146890789","properties":{"description":"Denne boplassen finnes i skyldelingspapirer helt tilbake til 1651, og det har bodd folk her helt fram til 1920-30 tallet. Garden har fødd fire kuer, en hest og noen småfe. Ta en titt på kjelleren, her sies det at det har spøkt helt til det ...","elevation":212,"name":"BEKKA \/ BEKKEN","source":"UT.no\/DNT"},"type":"Feature"},{"geometry":{"coordinates":[14.436814,67.288477999999998],"type":"Point"},"id":"heritage-ut-146890796","properties":{"description":"Bodø ble sønderbombet i 1940. Nazistene startet bygging av storstilte militære anlegg. De ble bygd for å motstå den allierte invasjonen som aldri kom. I Rønvika på Tyskerhaugen (Trollåsen, Asylhaugen og Gartnerhaugen) var hovedkvarteret til...","elevation":81,"name":"Tyskhaugen","source":"UT.no\/DNT"},"type":"Feature"},{"geometry":{"coordinates":[11.765675,63.251233999999997],"type":"Point"},"id":"heritage-ut-146890800","properties":{"description":"Kobbermalmen i dette området ble funnet i 1751 og driften i gruva startet opp i 1760. Det må ha vært hardt å jobbe på denne værharde plassen, men gruva ble allikevel drevet helt frem til 1895. I denne perioden ble det drevet ut 107 000 tonn...","elevation":793,"name":"Litjfjellgruva","source":"UT.no\/DNT"},"type":"Feature"},{"geometry":{"coordinates":[14.415191999999999,67.284431999999995],"type":"Point"},"id":"heritage-ut-146890807","properties":{"description":"Jentofthaugen - Norges best bevarte bunker fra 2. verdenskrig? ....","elevation":25,"name":"Jentofthaugen","source":"UT.no\/DNT"},"type":"Feature"},{"geometry":{"coordinates":[10.474812999999999,60.407808000000003],"type":"Point"},"id":"heritage-ut-146890839","properties":{"description":"Steinsetninger består av bautasteiner som er reist i ulike geometriske former. Steinsetningen på Bilden kalles en steinring da den er sirkulær. Utgravninger av andre steinsetninger, har vist at de ofte er enkle branngraver med funn av kull,...","elevation":275,"name":"Steinringen på Bilden","source":"UT.no\/DNT"},"type":"Feature"},{"geometry":{"coordinates":[5.9909559999999997,61.432119999999998],"type":"Point"},"id":"heritage-ut-146890926","properties":{"description":"Huldefossen er eit av landemerka i Sunnfjord kommune. For å komme hit kan du parkere ved Førde vidaregåande skule og gå over elva via bru.","elevation":40,"name":"Huldefossen","source":"UT.no\/DNT"},"type":"Feature"},{"geometry":{"coordinates":[5.1612099999999996,59.997796000000001],"type":"Point"},"id":"heritage-ut-146890930","properties":{"description":"I Veivågen har nokre ildsjeler restaurert eit torvhus. Ein kan gå inn i torvhuset, i skapet ligg det ei bok om arbeidet som er gjort. Utenfor er det fint laga til med bord og benker. Turen startar med at ein kjører til Øvre Veivågen, når ei...","elevation":77,"name":"Torvhuset i Veivågen","source":"UT.no\/DNT"},"type":"Feature"},{"geometry":{"coordinates":[11.481166,60.374253000000003],"type":"Point"},"id":"heritage-ut-146891000","properties":{"description":"Gammel setervang med inntakt seterhus. Infotavle og rastebenk. Fin utsikt mot Storsjøen og bygda. Endepunkt for Sætervegen hass Morten.","elevation":430,"name":"Sandsætra","source":"UT.no\/DNT"},"type":"Feature"},{"geometry":{"coordinates":[10.529208000000001,61.483877],"type":"Point"},"id":"heritage-ut-146891007","properties":{"description":"Denne fangstgropa er en av mange groper i et stort fangstanlegg for villrein ved Vetåa, Trolldalen og Samdalen. DNT Lillehammer har skiltet til noen utvalgte fangstgroper som ligger nær den T-merkede Rondanestien. Hensyn til villreinen er e...","elevation":991,"name":"Fangstgrop for villrein ved Trolldalen","source":"UT.no\/DNT"},"type":"Feature"},{"geometry":{"coordinates":[10.353945,63.418551999999998],"type":"Point"},"id":"heritage-ut-146891111","properties":{"description":"Foran Wullumsgården på Sverresbord er det en stor steinplate i en tørrsteinsmur langs Sverresborg allé som forteller om at den norsk\/svenske kongen Carl XIV Johan dro forbi dette stedet i 1818 i forbindelse med hans kroning i Nidarosdomen.","elevation":152,"name":"Minnesmerke for Carl XIV Johan ved Wullumsgården","source":"UT.no\/DNT"},"type":"Feature"},{"geometry":{"coordinates":[10.261452999999999,63.417912000000001],"type":"Point"},"id":"heritage-ut-146891112","properties":{"description":"Ved Skistua står en statue med relieff av skipioneren Olaf Grilstad.","elevation":435,"name":"Statue med relieff av Olaf Grilstad","source":"UT.no\/DNT"},"type":"Feature"},{"geometry":{"coordinates":[10.242293999999999,63.402568000000002],"type":"Point"},"id":"heritage-ut-146891113","properties":{"description":"På vollen ved markahytt Grønlia står minnesmerket over Ingeborg Solberg som var vertinne her sammenhengende i 56 år til sin død i 1962, 86 år gammel.","elevation":267,"name":"Minnesmerke over Ingeborg Solberg ved Grønlia","source":"UT.no\/DNT"},"type":"Feature"},{"geometry":{"coordinates":[10.353695999999999,63.430205999999998],"type":"Point"},"id":"heritage-ut-146891114","properties":{"description":"Bautaen over Johannes Schiøtz er plassert på toppen av den høyeste fjellskjæringen i en av svingene i Roald Amundsens vei. Han er kjent som far til gjenreisningen av skogen i Bymarka som startet i 1872.","elevation":77,"name":"Bautaen i Elsterparken","source":"UT.no\/DNT"},"type":"Feature"}],"generator":"Trakke fetch_utno_poi.swift","timestamp":"2026-08-10T00:27:31Z","type":"FeatureCollection"}