{"attribution":"UT.no\/DNT","features":[{"geometry":{"coordinates":[8.7098840000000006,59.512453999999998],"type":"Point"},"id":"parking-ut-141148174","properties":{"description":"Stor parkeringsplass på Grimås.","elevation":770,"name":"Grimås parkering","source":"UT.no\/DNT"},"type":"Feature"},{"geometry":{"coordinates":[9.101915,60.455947999999999],"type":"Point"},"id":"parking-ut-141212","properties":{"description":"Parkering","elevation":921,"name":"Parkering Imlan","source":"UT.no\/DNT"},"type":"Feature"},{"geometry":{"coordinates":[11.304417000000001,60.335614999999997],"type":"Point"},"id":"parking-ut-141253","properties":{"description":"Helårsåpen parkering","elevation":239,"name":"Parkering Finnkollen","source":"UT.no\/DNT"},"type":"Feature"},{"geometry":{"coordinates":[5.4700199999999999,60.312275999999997],"type":"Point"},"id":"parking-ut-141260","properties":{"description":"Utfartsparkering","elevation":255,"name":"Parkering Frotveit","source":"UT.no\/DNT"},"type":"Feature"},{"geometry":{"coordinates":[11.043469999999999,63.779660999999997],"type":"Point"},"id":"parking-ut-141265","properties":{"description":"Turskilt ved Rv135 inn til parkering og Info.tavle","elevation":135,"name":"Marka","source":"UT.no\/DNT"},"type":"Feature"},{"geometry":{"coordinates":[9.2925350000000009,60.560524999999998],"type":"Point"},"id":"parking-ut-141296","properties":{"description":"Parkeringsplass","elevation":1011,"name":"Dypilen","source":"UT.no\/DNT"},"type":"Feature"},{"geometry":{"coordinates":[10.698409,59.745348],"type":"Point"},"id":"parking-ut-141359","properties":{"description":"Noen få parkeringsplasser på ettermiddag og i helger","elevation":25,"name":"Dal skole parkering","source":"UT.no\/DNT"},"type":"Feature"},{"geometry":{"coordinates":[10.803895000000001,59.207946],"type":"Point"},"id":"parking-ut-141381","properties":{"description":"Mulig startpunkt ved OK forhold","elevation":10,"name":"Østre Vikene","source":"UT.no\/DNT"},"type":"Feature"},{"geometry":{"coordinates":[10.84887,59.170929999999998],"type":"Point"},"id":"parking-ut-141397","properties":{"description":"Startpunkt ved utfordrende værforhold","elevation":1,"name":"Øyenkilen","source":"UT.no\/DNT"},"type":"Feature"},{"geometry":{"coordinates":[17.027705999999998,68.835025000000002],"type":"Point"},"id":"parking-ut-141399","properties":{"description":"Parkering og parkbenk ute på myra","elevation":45,"name":"Tømmeråsmyra","source":"UT.no\/DNT"},"type":"Feature"},{"geometry":{"coordinates":[17.025047000000001,68.848708000000002],"type":"Point"},"id":"parking-ut-141404","properties":{"description":"Utsiktspunkt og parkbenker for rast.","elevation":76,"name":"Høgstien","source":"UT.no\/DNT"},"type":"Feature"},{"geometry":{"coordinates":[6.485195,59.708233],"type":"Point"},"id":"parking-ut-141650","properties":{"description":"Slettedalen er flott tur utgangspunkt for langrenn kor ein kan velgje mellom korte og noko lengre tur rundt Slettedalsvatnet.","elevation":477,"name":"Slettedalen","source":"UT.no\/DNT"},"type":"Feature"},{"geometry":{"coordinates":[5.4757400000000001,60.416749000000003],"type":"Point"},"id":"parking-ut-141658","properties":{"description":"Parkeringsplass ved Stølsvegen","elevation":94,"name":"Stølsvegen ","source":"UT.no\/DNT"},"type":"Feature"},{"geometry":{"coordinates":[10.683688999999999,59.363644999999998],"type":"Point"},"id":"parking-ut-141664","properties":{"description":"Parkeringsplass","elevation":26,"name":"Børsebakke","source":"UT.no\/DNT"},"type":"Feature"},{"geometry":{"coordinates":[9.107151,60.434949000000003],"type":"Point"},"id":"parking-ut-141702","properties":{"description":"Parkering ved grustaket.","elevation":941,"name":"Buvasslie","source":"UT.no\/DNT"},"type":"Feature"},{"geometry":{"coordinates":[9.3283369999999994,60.575879999999998],"type":"Point"},"id":"parking-ut-141704","properties":{"description":"Parkering","elevation":979,"name":"Kråkehaugen","source":"UT.no\/DNT"},"type":"Feature"},{"geometry":{"coordinates":[8.7900919999999996,60.556604],"type":"Point"},"id":"parking-ut-141705","properties":{"description":"Parkering","elevation":984,"name":"Parkering Skålsrudstølen","source":"UT.no\/DNT"},"type":"Feature"},{"geometry":{"coordinates":[11.758889999999999,65.099959999999996],"type":"Point"},"id":"parking-ut-141716","properties":{"description":"Skeisnesset er et populært friluftsområde med godt turveinett i vidåpent landskap. Noen stier kan kjøres med elektrisk rullestol, men hjelp trenges gjennom grinder. Sauen beiter her hele året. Husk båndtvang samt å lukke grindene.","elevation":16,"name":"Skeisnesset Kultursti","source":"UT.no\/DNT"},"type":"Feature"},{"geometry":{"coordinates":[10.632644000000001,59.679178999999998],"type":"Point"},"id":"parking-ut-141725","properties":{"description":"Enkel parkeringsplass for fire biler","elevation":104,"name":"Parkering Nedredammen","source":"UT.no\/DNT"},"type":"Feature"},{"geometry":{"coordinates":[10.65808,59.645212999999998],"type":"Point"},"id":"parking-ut-141726","properties":{"description":"Biloppstillingsplass for markatilgang.","elevation":117,"name":"Røis parkering","source":"UT.no\/DNT"},"type":"Feature"},{"geometry":{"coordinates":[10.657617999999999,59.744007000000003],"type":"Point"},"id":"parking-ut-141728","properties":{"description":"Biloppstillingsplass for markatilgang, 9 plasser","elevation":116,"name":"Lindebråte parkering","source":"UT.no\/DNT"},"type":"Feature"},{"geometry":{"coordinates":[10.657806000000001,59.744016000000002],"type":"Point"},"id":"parking-ut-141729","properties":{"description":"Lindebråte biloppstillingsplass for markatilgang. Her finner du ni plasser, fint utangspunkt for tur over Agnormåsan via måren til Digerud eller til Furkollen og sydover i Frogn. Nordover finner du Dalsmåsan, Glennemåsan og Stupinn","elevation":117,"name":"Lindebråte parkering","source":"UT.no\/DNT"},"type":"Feature"},{"geometry":{"coordinates":[11.527051,63.058560999999997],"type":"Point"},"id":"parking-ut-141757","properties":{"description":"Gratis parkering","elevation":294,"name":"Sandmælen","source":"UT.no\/DNT"},"type":"Feature"},{"geometry":{"coordinates":[11.411251,63.078271999999998],"type":"Point"},"id":"parking-ut-141758","properties":{"description":"Utgangspunkt for skitur til Movollen","elevation":399,"name":"Hilmo","source":"UT.no\/DNT"},"type":"Feature"},{"geometry":{"coordinates":[9.7545289999999998,63.768541999999997],"type":"Point"},"id":"parking-ut-141762","properties":{"description":"Åpningstider: Sommer: tirsdag-søndag 11-17. (30 juni-16 august) Omvisninger Det er ellers mulig å få guidede omvisninger etter avtale. Kaffe i stua I stua selges det kaffe og vafler til besøkende. Museumsbutikk Gårdshistorier for store dele...","elevation":23,"name":"Mølnargården","source":"UT.no\/DNT"},"type":"Feature"},{"geometry":{"coordinates":[9.9984780000000004,59.223531000000001],"type":"Point"},"id":"parking-ut-141771","properties":{"description":"Damvann parkering ligger ved Damvann. Ta av fra Hedrumveien (FV 3048) ved Farmen, Østre Kvelde, kjør ca 1,4 km på gårdsveiensveien nordøstover, betalingsbom 2-300 m fra Hedrumveien. Parkeringsplassen er fint utgangspunkt for turer til bl.a....","elevation":45,"name":"Damvann parkering","source":"UT.no\/DNT"},"type":"Feature"},{"geometry":{"coordinates":[10.034566,59.2271],"type":"Point"},"id":"parking-ut-141772","properties":{"description":"Andersbonn parkering ligger omtrent på det høyeste stedet på Andersbonnveien som går mellom Nes i Østre Kvelde (FV3048 Hedrumveien) og FV 3162 Hvitsteinveien i Kodal. Fra parkeringsplassen går det flere merka og skilta stier nord- og vestov...","elevation":156,"name":"Andersbonn parkering","source":"UT.no\/DNT"},"type":"Feature"},{"geometry":{"coordinates":[5.2614299999999998,60.257820000000002],"type":"Point"},"id":"parking-ut-141781","properties":{"description":"Parkeringsplass for Arboretet","elevation":7,"name":"Dalsmyra","source":"UT.no\/DNT"},"type":"Feature"},{"geometry":{"coordinates":[5.31752,60.277360000000002],"type":"Point"},"id":"parking-ut-141782","properties":{"description":"Ved Skeievegen er det opparbeidet en romslig parkeringsplass.","elevation":49,"name":"Parkering ved Skeieveien","source":"UT.no\/DNT"},"type":"Feature"},{"geometry":{"coordinates":[5.2862429999999998,60.285373],"type":"Point"},"id":"parking-ut-141784","properties":{"description":"Parkering med plass til ca. 10-15 biler","elevation":47,"name":"Parkering ved Skagevegen","source":"UT.no\/DNT"},"type":"Feature"},{"geometry":{"coordinates":[5.3060749999999999,60.367818999999997],"type":"Point"},"id":"parking-ut-141786","properties":{"description":"HC-parkering.","elevation":152,"name":"Parkering Krohnegården","source":"UT.no\/DNT"},"type":"Feature"},{"geometry":{"coordinates":[5.3932570000000002,60.311332],"type":"Point"},"id":"parking-ut-141788","properties":{"description":"Offentlig turparkering","elevation":84,"name":"Parkering Myrdalsvannet","source":"UT.no\/DNT"},"type":"Feature"},{"geometry":{"coordinates":[11.448781,64.016008999999997],"type":"Point"},"id":"parking-ut-141791","properties":{"description":"Parkering felles for stien til Skåtangen og Paradisbukta badestrand","elevation":7,"name":"Parkering","source":"UT.no\/DNT"},"type":"Feature"},{"geometry":{"coordinates":[11.72739,64.104557],"type":"Point"},"id":"parking-ut-141799","properties":{"description":"Parkering ved forsamlingshuset Gusthaugen. Skiltet fra hovedveg.","elevation":134,"name":"Gusthaugen","source":"UT.no\/DNT"},"type":"Feature"},{"geometry":{"coordinates":[10.161495,59.537787999999999],"type":"Point"},"id":"parking-ut-141807","properties":{"description":"Parkeringsplass til ca 10 biler","elevation":53,"name":"Stufsrudborgen - Parkering","source":"UT.no\/DNT"},"type":"Feature"},{"geometry":{"coordinates":[10.275843,59.481597999999998],"type":"Point"},"id":"parking-ut-141808","properties":{"description":"Parkering ved Botne Kirke","elevation":135,"name":"Davids kilde parkering","source":"UT.no\/DNT"},"type":"Feature"},{"geometry":{"coordinates":[10.796556000000001,64.225042000000002],"type":"Point"},"id":"parking-ut-141811","properties":{"description":"Parkering","elevation":176,"name":"Rundfurubakken","source":"UT.no\/DNT"},"type":"Feature"},{"geometry":{"coordinates":[10.750165000000001,64.202910000000003],"type":"Point"},"id":"parking-ut-141814","properties":{"description":"Parkering","elevation":351,"name":"Rundfurubakken","source":"UT.no\/DNT"},"type":"Feature"},{"geometry":{"coordinates":[10.794926,64.225189],"type":"Point"},"id":"parking-ut-141815","properties":{"description":"Parkering","elevation":176,"name":"Rundfurubakken","source":"UT.no\/DNT"},"type":"Feature"},{"geometry":{"coordinates":[10.913179,64.236320000000006],"type":"Point"},"id":"parking-ut-141816","properties":{"description":"Parkering","elevation":232,"name":"Parkering","source":"UT.no\/DNT"},"type":"Feature"},{"geometry":{"coordinates":[10.807456999999999,64.251818],"type":"Point"},"id":"parking-ut-141818","properties":{"description":"Parkering sommer","elevation":277,"name":"Parkering","source":"UT.no\/DNT"},"type":"Feature"},{"geometry":{"coordinates":[10.672059000000001,64.195053000000001],"type":"Point"},"id":"parking-ut-141820","properties":{"description":"Parkering","elevation":160,"name":"Kvernlandseteren","source":"UT.no\/DNT"},"type":"Feature"},{"geometry":{"coordinates":[10.687336999999999,64.202319000000003],"type":"Point"},"id":"parking-ut-141821","properties":{"description":"Inngjerdet parkering sommer.","elevation":157,"name":"Parkering sommer","source":"UT.no\/DNT"},"type":"Feature"},{"geometry":{"coordinates":[10.696906999999999,64.200022000000004],"type":"Point"},"id":"parking-ut-141823","properties":{"description":"Inngjerdet parkeringsplass","elevation":229,"name":"Parkering sommer","source":"UT.no\/DNT"},"type":"Feature"},{"geometry":{"coordinates":[10.799989999999999,64.248970999999997],"type":"Point"},"id":"parking-ut-141828","properties":{"description":"Parkeringsplass sommer.","elevation":320,"name":"Parkering","source":"UT.no\/DNT"},"type":"Feature"},{"geometry":{"coordinates":[11.270345000000001,59.342697999999999],"type":"Point"},"id":"parking-ut-141847","properties":{"description":"Parkeringsplass til Østtorphytta. Parkeringsavgift 40 kr (2026) VIPPS til 78449. Det er ikke offentlig søppelhåndtering ved parkeringsplassen, all søppel må tas med hjem. Husk sporløs ferdsel! https:\/\/www.dnt.no\/turtips\/turvett\/allemannsret...","elevation":124,"name":"Parkering, Knatterudfjellet","source":"UT.no\/DNT"},"type":"Feature"},{"geometry":{"coordinates":[11.264334,59.227387],"type":"Point"},"id":"parking-ut-141848","properties":{"description":"Denne P-plassen er et fint startsted for turer i Skjebergmarka","elevation":86,"name":"P-plass 250 meter øst for Sandbekk gård på Rokkeveien i Skjeberg","source":"UT.no\/DNT"},"type":"Feature"},{"geometry":{"coordinates":[10.402701,63.317307999999997],"type":"Point"},"id":"parking-ut-141853","properties":{"description":"Parkeringsplass med plass til ca. 40 biler. Sjelden fullt. Pris: Gratis","elevation":212,"name":"Sjøla","source":"UT.no\/DNT"},"type":"Feature"},{"geometry":{"coordinates":[10.199453999999999,59.132447999999997],"type":"Point"},"id":"parking-ut-141879","properties":{"description":"test test","elevation":42,"name":"Bugårdsdammen Parkering teststed","source":"UT.no\/DNT"},"type":"Feature"},{"geometry":{"coordinates":[11.103401,59.300269],"type":"Point"},"id":"parking-ut-141880","properties":{"description":"SOL-hytta kan tilby turgåere gratis parkeringsplass og servering av kaker, kaffe og mineralvann på søndager.","elevation":70,"name":"SOL-hytta","source":"UT.no\/DNT"},"type":"Feature"},{"geometry":{"coordinates":[5.3022770000000001,60.261786000000001],"type":"Point"},"id":"parking-ut-141888","properties":{"description":"Det er parkering for et par biler ved Hordnes.","elevation":31,"name":"Parkering ved Hordnes","source":"UT.no\/DNT"},"type":"Feature"},{"geometry":{"coordinates":[5.3323689999999999,60.274231999999998],"type":"Point"},"id":"parking-ut-141889","properties":{"description":"Turparkering ved gamle Stend Stasjon. Dette er en mye brukt parkering for turgåing på Stendafjellet. På fine helgedager kan det derfor være trangt om plassen.","elevation":60,"name":"Parkering ved Stend Stasjon","source":"UT.no\/DNT"},"type":"Feature"},{"geometry":{"coordinates":[5.264786,60.247953000000003],"type":"Point"},"id":"parking-ut-141892","properties":{"description":"Parkering og inngangsparti til Botanisk Hage","elevation":3,"name":"Parkering for Botanisk hage","source":"UT.no\/DNT"},"type":"Feature"},{"geometry":{"coordinates":[11.014953,63.752400999999999],"type":"Point"},"id":"parking-ut-141897","properties":{"description":"Startpunkt fra gården Sandstad med info tavle og skilting","elevation":137,"name":"Sandstad","source":"UT.no\/DNT"},"type":"Feature"},{"geometry":{"coordinates":[10.328865,59.179960000000001],"type":"Point"},"id":"parking-ut-141910","properties":{"description":"Parkering med HC-parkering","elevation":4,"name":"parkeringsplass","source":"UT.no\/DNT"},"type":"Feature"},{"geometry":{"coordinates":[10.658369,59.743402000000003],"type":"Point"},"id":"parking-ut-141925","properties":{"description":"Her er det biloppstillingsplass for 8-10 biler. Det er infotavle og kart over området på parkeringsplassen.","elevation":117,"name":"Linnebråte parkering","source":"UT.no\/DNT"},"type":"Feature"},{"geometry":{"coordinates":[10.697422,59.745240000000003],"type":"Point"},"id":"parking-ut-141926","properties":{"description":"Muligheter for parkering i helger og ettermiddager. Det er også noen få plasser på dagtid i ukedagene.","elevation":24,"name":"Dal skole parkering","source":"UT.no\/DNT"},"type":"Feature"},{"geometry":{"coordinates":[9.7946120000000008,63.316187999999997],"type":"Point"},"id":"parking-ut-141961","properties":{"description":"Parkeringsplass brøytet om vinteren. Her finnes også infotvale.","elevation":125,"name":"Haugen","source":"UT.no\/DNT"},"type":"Feature"},{"geometry":{"coordinates":[9.7941400000000005,63.316256000000003],"type":"Point"},"id":"parking-ut-141966","properties":{"description":"Parkering","elevation":128,"name":"Haugen","source":"UT.no\/DNT"},"type":"Feature"},{"geometry":{"coordinates":[6.7576000000000001,60.352071000000002],"type":"Point"},"id":"parking-ut-142232","properties":{"description":"Flott tur langs elva og inn til Kraftstasjonen. Parkering i Sentrum\/Mikkelparken. Stien starter på høgre side av vegn når du kjem frå Sentrum eller Eidfjord og svingar opp mot Huse. Følg turstien oppover langs den flotte elva Kinso. Du vil ...","elevation":158,"name":"Banelinja\/Kraftstasjonen","source":"UT.no\/DNT"},"type":"Feature"},{"geometry":{"coordinates":[14.419112,67.296366000000006],"type":"Point"},"id":"parking-ut-142373665","properties":{"description":"Et av de to mulig startstedene for 7-toppsturen og for 3-toppstur vest. Fint utgangspunkt for tur til Linken og Pallfjellet .","elevation":23,"name":"Rønvik skole","source":"UT.no\/DNT"},"type":"Feature"},{"geometry":{"coordinates":[14.554937000000001,67.286079000000001],"type":"Point"},"id":"parking-ut-142373671","properties":{"description":"Bodin videregående skole er et av de to mulige startstedene i 7-toppsturen og startsted for 3-toppstur øst. Bak skolen er det et fint uteområde med benker og ei grillhytte.","elevation":54,"name":"Bodin videregående skole","source":"UT.no\/DNT"},"type":"Feature"},{"geometry":{"coordinates":[10.100963,59.543474000000003],"type":"Point"},"id":"parking-ut-142414388","properties":{"description":"Fint sted og parkere for start og stopp av turen.","elevation":42,"name":"Parkering Vikevannet","source":"UT.no\/DNT"},"type":"Feature"},{"geometry":{"coordinates":[10.135230999999999,59.521495999999999],"type":"Point"},"id":"parking-ut-142414390","properties":{"description":"Egnet sted for å sette fra seg bilen for en runde i Nøtnesåsen","elevation":56,"name":"Parkering Nøtnes","source":"UT.no\/DNT"},"type":"Feature"},{"geometry":{"coordinates":[7.0402170000000002,60.590226000000001],"type":"Point"},"id":"parking-ut-142428137","properties":{"description":"Parkering for bilar når ein ynskjer å gå i Nordalen \/ Historisk vandrerute eller til Røykjafossen. Plassen vil bli skilta, og me ber alle om å nytta denne slik at ein ikkje er til hinder for trafikken i området.","elevation":92,"name":"Hjadlane parkering - Osa","source":"UT.no\/DNT"},"type":"Feature"},{"geometry":{"coordinates":[10.251016999999999,59.507097000000002],"type":"Point"},"id":"parking-ut-142435041","properties":{"description":"Stor og god plass til å sette fra seg bilen","elevation":206,"name":"Parkering Gullhaug","source":"UT.no\/DNT"},"type":"Feature"},{"geometry":{"coordinates":[10.094054,59.619808999999997],"type":"Point"},"id":"parking-ut-142435043","properties":{"description":"God plass til å sette fra seg bilen","elevation":361,"name":"Parkering for Prestsetra runden","source":"UT.no\/DNT"},"type":"Feature"},{"geometry":{"coordinates":[10.470572000000001,59.289822000000001],"type":"Point"},"id":"parking-ut-142512571","properties":{"description":"Parkering kan være vanskelig, men det løser seg som regel i området her.","elevation":28,"name":"Parkering på Ilebrekke","source":"UT.no\/DNT"},"type":"Feature"},{"geometry":{"coordinates":[10.127378,59.507936000000001],"type":"Point"},"id":"parking-ut-142512589","properties":{"description":"Her er det god plass til parkering","elevation":137,"name":"Parkering Rundtjern","source":"UT.no\/DNT"},"type":"Feature"},{"geometry":{"coordinates":[10.459489,59.265782000000002],"type":"Point"},"id":"parking-ut-142512591","properties":{"description":"Dette er et fint sted og starte turen, her er det god parkeringsplass og kort vei ut i skogen.","elevation":27,"name":"Søndre Slagen Kirke","source":"UT.no\/DNT"},"type":"Feature"},{"geometry":{"coordinates":[6.8751879999999996,60.596460999999998],"type":"Point"},"id":"parking-ut-142519801","properties":{"description":"Nokre få plassar det er mogelig å parkera på, for tur til Tyssedalsstølen.","elevation":306,"name":"Parkering ved Sotnos","source":"UT.no\/DNT"},"type":"Feature"},{"geometry":{"coordinates":[10.177953,59.568680000000001],"type":"Point"},"id":"parking-ut-142527075","properties":{"description":"Det er flere parkeringsmuligheter i nærheten her, også ved en stor rasteplass.","elevation":190,"name":"Parkering Hanekleiva","source":"UT.no\/DNT"},"type":"Feature"},{"geometry":{"coordinates":[7.8447529999999999,63.129693000000003],"type":"Point"},"id":"parking-ut-142534326","properties":{"description":"Start og stopp for Sandvikstien.","elevation":14,"name":"Kolvika parkeringsplass","source":"UT.no\/DNT"},"type":"Feature"},{"geometry":{"coordinates":[10.125189000000001,59.512703999999999],"type":"Point"},"id":"parking-ut-142534352","properties":{"description":"Ved Spar i Sundbyfoss er det gode parkeringsmuligheter og en fin plass å starte turen.","elevation":74,"name":"Parkering i Sundbyfoss","source":"UT.no\/DNT"},"type":"Feature"},{"geometry":{"coordinates":[10.19896,59.310198],"type":"Point"},"id":"parking-ut-142609142","properties":{"description":"Parkering og utgangspunkt for turen.","elevation":54,"name":"Parkering Gravdal barnehage","source":"UT.no\/DNT"},"type":"Feature"},{"geometry":{"coordinates":[10.207865,59.302838000000001],"type":"Point"},"id":"parking-ut-142609143","properties":{"description":"Parkering og utgangspunkt for turen","elevation":68,"name":"Parkering Søndre Holt","source":"UT.no\/DNT"},"type":"Feature"},{"geometry":{"coordinates":[6.7622030000000004,60.546498],"type":"Point"},"id":"parking-ut-142609189","properties":{"description":"Parkering og lysløype.","elevation":403,"name":"Strindeskleiv (Granvin)","source":"UT.no\/DNT"},"type":"Feature"},{"geometry":{"coordinates":[10.079677,59.440024000000001],"type":"Point"},"id":"parking-ut-142609490","properties":{"description":"Det er ikke god plass, men et par biler går bra.","elevation":130,"name":"Parkering ved Snippane","source":"UT.no\/DNT"},"type":"Feature"},{"geometry":{"coordinates":[29.332981,70.130972999999997],"type":"Point"},"id":"parking-ut-142640282","properties":{"description":"IL Polarstjernens parkeringsplass forbeholdt brukere av skiløypene. Kun vinterparkering.","elevation":93,"name":"Rabbagorro parkeringsplass.","source":"UT.no\/DNT"},"type":"Feature"},{"geometry":{"coordinates":[10.808487,59.580959],"type":"Point"},"id":"parking-ut-142812009","properties":{"description":"God parkeringsplass ved Garder kirke. Lekeplass og benker.","elevation":75,"name":"Garder kirke","source":"UT.no\/DNT"},"type":"Feature"},{"geometry":{"coordinates":[5.9337759999999999,60.272153000000003],"type":"Point"},"id":"parking-ut-14285320","properties":{"description":"Her er det parkering for 2-3 bilar","elevation":26,"name":"Parkeringsplass","source":"UT.no\/DNT"},"type":"Feature"},{"geometry":{"coordinates":[6.3505700000000003,61.945827999999999],"type":"Point"},"id":"parking-ut-142937","properties":{"description":"Skildring parkering","elevation":58,"name":"Indre Furefjerdingen","source":"UT.no\/DNT"},"type":"Feature"},{"geometry":{"coordinates":[7.645111,62.596817000000001],"type":"Point"},"id":"parking-ut-143245","properties":{"description":"Bom med kortautomat. Kr. 85,- per bil. (2019)","elevation":303,"name":"Parkering Skorgedalen","source":"UT.no\/DNT"},"type":"Feature"},{"geometry":{"coordinates":[7.8030400000000002,62.655225000000002],"type":"Point"},"id":"parking-ut-143246","properties":{"description":"Bomvei, kontanter eller Vipps. Kr. 50,- (2019(","elevation":423,"name":"Parkering Skrokkensetra","source":"UT.no\/DNT"},"type":"Feature"},{"geometry":{"coordinates":[6.4817619999999998,61.229824000000001],"type":"Point"},"id":"parking-ut-143272512","properties":{"description":"Parkeringsplass","elevation":4,"name":"Esebotn","source":"UT.no\/DNT"},"type":"Feature"},{"geometry":{"coordinates":[8.9542009999999994,60.509315000000001],"type":"Point"},"id":"parking-ut-143395","properties":{"description":"Stor og gratis parkeringsplass. Utgangspunkt for blant annet Trommenatten, Åkrefjell, Øtvatn og Storevarden.","elevation":971,"name":"Parkering Båtstjernlie","source":"UT.no\/DNT"},"type":"Feature"},{"geometry":{"coordinates":[11.058104,60.806795000000001],"type":"Point"},"id":"parking-ut-143420","properties":{"description":"Her holder Hamar og Hedemarken Turistforening og Hamar Naturskole til. Start gjerne turen din her.","elevation":172,"name":"Naturens hus","source":"UT.no\/DNT"},"type":"Feature"},{"geometry":{"coordinates":[7.3362489999999996,59.770190999999997],"type":"Point"},"id":"parking-ut-143481","properties":{"description":"Parker bilen og ta deg en luftetur på flott tilrettelagt interaktiv sti.","elevation":836,"name":"Arbuvollen","source":"UT.no\/DNT"},"type":"Feature"},{"geometry":{"coordinates":[6.8328949999999997,58.125838000000002],"type":"Point"},"id":"parking-ut-143510715","properties":{"description":"Liten nisje for parkering - Plass til et par biler","elevation":186,"name":"Parkering - Knygen","source":"UT.no\/DNT"},"type":"Feature"},{"geometry":{"coordinates":[9.9430990000000001,59.063991999999999],"type":"Point"},"id":"parking-ut-143552095","properties":{"description":"Gratis parkering ved Paulertjønn for Eikedalshytta og turområdet rundt. Parkeringsplassen ligger inntil Solumveien (Gamle E18) ca. 1,5 km sørover fra Kjosekrysset på E18 (avkjøring 47).","elevation":59,"name":"Pauler parkering","source":"UT.no\/DNT"},"type":"Feature"},{"geometry":{"coordinates":[9.8343939999999996,58.972268999999997],"type":"Point"},"id":"parking-ut-143568725","properties":{"description":"Parkering for besøkende til Mølen. Det er også et toalett knyttet til parkeringen.","elevation":16,"name":"Mølen parkering","source":"UT.no\/DNT"},"type":"Feature"},{"geometry":{"coordinates":[8.2463979999999992,61.204270000000001],"type":"Point"},"id":"parking-ut-143604","properties":{"description":"Nasjonal turistveg: Kongevegen. Her er også Tyin\/Filefjell Skisenter.","elevation":834,"name":"Joker \/ InterSport Filefjell v. E16","source":"UT.no\/DNT"},"type":"Feature"},{"geometry":{"coordinates":[10.407443000000001,60.668852999999999],"type":"Point"},"id":"parking-ut-14360837","properties":{"description":"Starten på kulturstien langs Fallselva","elevation":383,"name":"Trevassdammen p-plass","source":"UT.no\/DNT"},"type":"Feature"},{"geometry":{"coordinates":[6.7951940000000004,58.156373000000002],"type":"Point"},"id":"parking-ut-143610228","properties":{"description":"Stor parkeringsplass utenfor Herad Kirke","elevation":34,"name":"Parkeringsplass","source":"UT.no\/DNT"},"type":"Feature"},{"geometry":{"coordinates":[10.380879,60.668194],"type":"Point"},"id":"parking-ut-14394198","properties":{"description":"Kjør inn vegen som heter Skrankehøgda fra Skrankefossfløyta i Fall. Ta til venstre i krysset etter to km og fortsett opp bakken.","elevation":404,"name":"Bruruds plass","source":"UT.no\/DNT"},"type":"Feature"},{"geometry":{"coordinates":[10.06073,60.740485],"type":"Point"},"id":"parking-ut-14394199","properties":{"description":"Veien oppover fra Grevsjøen er ikke kjørbar før slutten av juni, og kan være dårlig ved store nedbørsmengder. Alternativ vei kan være opp fra Kverndalskroken og inn til Vesterås.","elevation":636,"name":"P-plass ved Øyvassfløyta","source":"UT.no\/DNT"},"type":"Feature"},{"geometry":{"coordinates":[8.8176439999999996,59.989671999999999],"type":"Point"},"id":"parking-ut-143968812","properties":{"description":"offentlig parkering ved Sandviken Camping","elevation":193,"name":"Parkeringsplass","source":"UT.no\/DNT"},"type":"Feature"},{"geometry":{"coordinates":[8.8261409999999998,59.996948000000003],"type":"Point"},"id":"parking-ut-143968815","properties":{"description":"offentlig parkering ved Dølehalle","elevation":219,"name":"Parkeringsplass ved Dølehalle","source":"UT.no\/DNT"},"type":"Feature"},{"geometry":{"coordinates":[29.916802000000001,69.669342999999998],"type":"Point"},"id":"parking-ut-143985633","properties":{"description":"Parkering ved Barents Safari, nedenfor kirkegården.","elevation":10,"name":"Sandnessletta","source":"UT.no\/DNT"},"type":"Feature"},{"geometry":{"coordinates":[5.4885289999999998,59.860764000000003],"type":"Point"},"id":"parking-ut-144026","properties":{"description":"Her kan du parkere.","elevation":378,"name":"Heio","source":"UT.no\/DNT"},"type":"Feature"},{"geometry":{"coordinates":[7.8353549999999998,61.316375999999998],"type":"Point"},"id":"parking-ut-144031","properties":{"description":"Parkeringsplassen nedanfor Moa er anbefalt startpunkt for turane til Ytre Moa, Moakamben, Moadalen og Kvile og Svalheimsåsen dersom du kjem med bil.","elevation":76,"name":"Parkering Moa","source":"UT.no\/DNT"},"type":"Feature"},{"geometry":{"coordinates":[7.8050990000000002,61.307671999999997],"type":"Point"},"id":"parking-ut-144032","properties":{"description":"Parkeringsplass ved Årdalshallen i Øvre Årdal. 100 m frå handlesenter i Øvre Årdal og friluftsbad.","elevation":12,"name":"Parkering Øvre Årdal sentrum","source":"UT.no\/DNT"},"type":"Feature"},{"geometry":{"coordinates":[18.280306,69.132875999999996],"type":"Point"},"id":"parking-ut-144270","properties":{"description":"Her finner du parkeringsplass.","elevation":316,"name":"Parkering","source":"UT.no\/DNT"},"type":"Feature"},{"geometry":{"coordinates":[6.8808509999999998,58.227069999999998],"type":"Point"},"id":"parking-ut-144363","properties":{"description":"Parkeringsplass.","elevation":247,"name":"Lande \/ Munken","source":"UT.no\/DNT"},"type":"Feature"},{"geometry":{"coordinates":[12.098501000000001,60.437268000000003],"type":"Point"},"id":"parking-ut-144374","properties":{"description":"Her kan du parkere bilen da du er går Tjurastien","elevation":164,"name":"Tjura","source":"UT.no\/DNT"},"type":"Feature"},{"geometry":{"coordinates":[11.194468000000001,60.887504999999997],"type":"Point"},"id":"parking-ut-144388","properties":{"description":"Parkeringsmuligheter","elevation":508,"name":"Ormsæter","source":"UT.no\/DNT"},"type":"Feature"},{"geometry":{"coordinates":[11.179962,60.877091999999998],"type":"Point"},"id":"parking-ut-144390","properties":{"description":"Fint utgangspunkt for turen","elevation":392,"name":"Lekeplassen på Kirkebyenga","source":"UT.no\/DNT"},"type":"Feature"},{"geometry":{"coordinates":[9.8593709999999994,59.134518],"type":"Point"},"id":"parking-ut-144508","properties":{"description":"Parkeringsplassen ligger ved enden av Kjoseveien, ca 10 km fra avkjøringen ved Vasbotten, gamle E18. Parkering på høyre side av veien like ved snuplassen. Godt utgangspunkt for gå-, sykle- og skiturer. Ta skogsbilveien rett fram forbi veibo...","elevation":79,"name":"Saga parkering, Kjose","source":"UT.no\/DNT"},"type":"Feature"},{"geometry":{"coordinates":[10.338241999999999,60.719549999999998],"type":"Point"},"id":"parking-ut-14470678","properties":{"description":"Parkeringsplass og infotavle om turen.","elevation":262,"name":"Parkering ved bru over Lauselva","source":"UT.no\/DNT"},"type":"Feature"},{"geometry":{"coordinates":[8.4253730000000004,60.396106000000003],"type":"Point"},"id":"parking-ut-144775072","properties":{"elevation":895,"name":"Parkering","source":"UT.no\/DNT"},"type":"Feature"},{"geometry":{"coordinates":[10.494812,59.261361000000001],"type":"Point"},"id":"parking-ut-144817424","properties":{"description":"Vallø (eller Valløy). Halvøya er bare cirka 1 km lang og en halv km brei, og ligger ved innseilinga til byen Tønsberg fra øst. Halvøya er liten, men har likevel vært svært viktig i nasjonal og lokal industrihistorie. Faktisk var det en peri...","elevation":6,"name":"Vallø","source":"UT.no\/DNT"},"type":"Feature"},{"geometry":{"coordinates":[9.8309580000000008,63.326172999999997],"type":"Point"},"id":"parking-ut-144911222","properties":{"description":"Opparbeidet parkeringsplass. Parkering mot betaling via Vipps. Ikke vinterbrøytet","elevation":7,"name":"Rove","source":"UT.no\/DNT"},"type":"Feature"},{"geometry":{"coordinates":[6.8232910000000002,61.662770999999999],"type":"Point"},"id":"parking-ut-144931812","properties":{"description":"Briksdalsbreen har forma Briksdalen gjennom fleire tusen år. Dalen går frå aust mot vest og er prega av eit landskap med glattslipte berg med frodig vegetasjon. Denne mektige naturen er noko av det vakraste du kan finne i Norge - og turista...","elevation":164,"name":"Briksdalen - forma av isbreen","source":"UT.no\/DNT"},"type":"Feature"},{"geometry":{"coordinates":[11.242849,60.803899000000001],"type":"Point"},"id":"parking-ut-144957335","properties":{"description":"Parkering Torp. Lageråarunden","elevation":201,"name":"Parkering Torp","source":"UT.no\/DNT"},"type":"Feature"},{"geometry":{"coordinates":[11.555787,59.424278000000001],"type":"Point"},"id":"parking-ut-144957345","properties":{"description":"Det er opparbeidet en stor og fin parkeringsplass ved Frøne, samt en egen parkering for de som har booket seg inn på DNT hytta Frøne – som ligger rett ved parkeringen. Dette er et populært utfartsområde, parker hensynsfullt. Alternativt kan...","elevation":165,"name":"Frøne parkering","source":"UT.no\/DNT"},"type":"Feature"},{"geometry":{"coordinates":[7.5394110000000003,62.650337],"type":"Point"},"id":"parking-ut-144971620","properties":{"description":"Parkering på Nysetra for turer til bl.a. Herjevassbu, Herjevatnet Rundt, Tarløysa m.m. Bomvei og betaling med kort.","elevation":406,"name":"Parkering Nysetra","source":"UT.no\/DNT"},"type":"Feature"},{"geometry":{"coordinates":[7.8640809999999997,62.666956999999996],"type":"Point"},"id":"parking-ut-144971622","properties":{"description":"Parkering i Langedalen for tur bl.a. til DNT-hytta Måsvassbu.","elevation":521,"name":"Parkering Langedalen","source":"UT.no\/DNT"},"type":"Feature"},{"geometry":{"coordinates":[7.8083530000000003,62.586696000000003],"type":"Point"},"id":"parking-ut-144971623","properties":{"elevation":130,"name":"Parkering Isfjorden skytebane","source":"UT.no\/DNT"},"type":"Feature"},{"geometry":{"coordinates":[7.8334729999999997,62.586384000000002],"type":"Point"},"id":"parking-ut-144971624","properties":{"description":"Parkering (bomvei) for tur til Måsvassbu, Loftskarsetra og kjente toppturer i Isfjordsfjella som Kyrkjetaket, Skarven, Loftskartind og Galtåtind.","elevation":189,"name":"Parkering Hellerøra","source":"UT.no\/DNT"},"type":"Feature"},{"geometry":{"coordinates":[7.8726929999999999,62.593138000000003],"type":"Point"},"id":"parking-ut-144971625","properties":{"description":"Parkeringsplass (bomvei) for tur til Husnebbu, Kavlisetra og DNT-hyttene Måsvassbu og Vasstindbu.","elevation":448,"name":"Parkering Kavliheian","source":"UT.no\/DNT"},"type":"Feature"},{"geometry":{"coordinates":[7.742381,62.585270000000001],"type":"Point"},"id":"parking-ut-144971626","properties":{"description":"Parkering for turer til bl.a. Breivikskaret, Skorgedalen, Ljøsådalshytta og Måsvassbu.","elevation":25,"name":"Parkering Indre Breivik","source":"UT.no\/DNT"},"type":"Feature"},{"geometry":{"coordinates":[7.8261409999999998,62.536354000000003],"type":"Point"},"id":"parking-ut-144971627","properties":{"description":"Parkering for tur til Romsdalseggen og toppturer til Storhesten og Blånebba.","elevation":375,"name":"Parkering Venjesdalssetra","source":"UT.no\/DNT"},"type":"Feature"},{"geometry":{"coordinates":[7.6912349999999998,62.564380999999997],"type":"Point"},"id":"parking-ut-144971628","properties":{"description":"Nærmeste parkeringsplass til Rampestreken.","elevation":26,"name":"Parkering Rampestreken","source":"UT.no\/DNT"},"type":"Feature"},{"geometry":{"coordinates":[7.9904650000000004,62.581898000000002],"type":"Point"},"id":"parking-ut-144971629","properties":{"description":"Parkering for tur til DNT-hytta Svartvassbu og topptur til bl.a. Gjuratind.","elevation":159,"name":"Parkering Rabben","source":"UT.no\/DNT"},"type":"Feature"},{"geometry":{"coordinates":[8.0306320000000007,62.650064],"type":"Point"},"id":"parking-ut-144971630","properties":{"description":"Parkering for turer inn Horndalen og til bl.a. Vasstindbu.","elevation":400,"name":"Parkering Vistdalsheia","source":"UT.no\/DNT"},"type":"Feature"},{"geometry":{"coordinates":[8.1066269999999996,62.622112000000001],"type":"Point"},"id":"parking-ut-144971631","properties":{"description":"Parkering for bl.a. tur til DNT-hytta Svartvassbu.","elevation":27,"name":"Parkering Meringdal","source":"UT.no\/DNT"},"type":"Feature"},{"geometry":{"coordinates":[8.1771949999999993,62.570245999999997],"type":"Point"},"id":"parking-ut-144971632","properties":{"description":"Parkering for båttransport til Hoemsbu eller fottur til Reinsvassbu.","elevation":25,"name":"Parkering Vike ved Eikesdalsvatnet","source":"UT.no\/DNT"},"type":"Feature"},{"geometry":{"coordinates":[9.5495009999999994,60.824496000000003],"type":"Point"},"id":"parking-ut-145037992","properties":{"elevation":224,"name":"Fossvang Idrettsanlegg","source":"UT.no\/DNT"},"type":"Feature"},{"geometry":{"coordinates":[10.391693,60.681362999999997],"type":"Point"},"id":"parking-ut-14504288","properties":{"description":"Parkering ved tømmervelte","elevation":361,"name":"Brennabakka p-plass","source":"UT.no\/DNT"},"type":"Feature"},{"geometry":{"coordinates":[10.434587000000001,60.648969999999998],"type":"Point"},"id":"parking-ut-14504289","properties":{"description":"Liten parkeringsplass","elevation":404,"name":"Byfeltet, innkjøring og parkering","source":"UT.no\/DNT"},"type":"Feature"},{"geometry":{"coordinates":[10.177868,60.744812000000003],"type":"Point"},"id":"parking-ut-14504290","properties":{"description":"Liten parkeringsplass ved nedkjøring til gamle veien opp lia.","elevation":508,"name":"Parkering ved bom.","source":"UT.no\/DNT"},"type":"Feature"},{"geometry":{"coordinates":[10.372553,60.679876999999998],"type":"Point"},"id":"parking-ut-14504292","properties":{"description":"Parkeringsplass for Skrankefoss","elevation":302,"name":"Skrankefoss","source":"UT.no\/DNT"},"type":"Feature"},{"geometry":{"coordinates":[10.305519,60.639560000000003],"type":"Point"},"id":"parking-ut-14504293","properties":{"description":"Utgangspunkt for turen om Orrfugltjern","elevation":424,"name":"Parkering i kryss","source":"UT.no\/DNT"},"type":"Feature"},{"geometry":{"coordinates":[10.330196000000001,60.746713999999997],"type":"Point"},"id":"parking-ut-14504294","properties":{"description":"Utgangspunkt for turen om Øistadsætra","elevation":451,"name":"Sørumstajet","source":"UT.no\/DNT"},"type":"Feature"},{"geometry":{"coordinates":[7.7973850000000002,62.505989],"type":"Point"},"id":"parking-ut-145042982","properties":{"description":"Bomvei med kortbetaling.","elevation":628,"name":"Parkering Litlefjellet","source":"UT.no\/DNT"},"type":"Feature"},{"geometry":{"coordinates":[6.9420159999999997,60.566299000000001],"type":"Point"},"id":"parking-ut-145055440","properties":{"description":"Kommunalparkeringsplass for idrettsanlegget, badeplassen og dagsturhytta. Toalettanlegg ved badeplassen er ope i sommarsesongen. Grindbygg med sitteplassar og muligheit for grilling.","elevation":2,"name":"Holmen Badestad, idrettsanlegg og parkering","source":"UT.no\/DNT"},"type":"Feature"},{"geometry":{"coordinates":[10.271445,60.665914000000001],"type":"Point"},"id":"parking-ut-14509120","properties":{"description":"P-plass for den kortere turen inn til Sølvbruhaugen og videre inn til Askvigsætra.","elevation":550,"name":"Hemsætra","source":"UT.no\/DNT"},"type":"Feature"},{"geometry":{"coordinates":[10.321656000000001,60.657609000000001],"type":"Point"},"id":"parking-ut-14509121","properties":{"description":"Skytebanen til Skude skytterlag. Utgangspunktet for den lengste seterveien til Askvigsætra.","elevation":179,"name":"Skude skytebane","source":"UT.no\/DNT"},"type":"Feature"},{"geometry":{"coordinates":[10.696313999999999,60.761792],"type":"Point"},"id":"parking-ut-145223333","properties":{"description":"Fra idrettsanlegget på Vind er det mange turmuligheter både sommer og vinter","elevation":359,"name":"Vind turområde","source":"UT.no\/DNT"},"type":"Feature"},{"geometry":{"coordinates":[7.7842140000000004,63.049748999999998],"type":"Point"},"id":"parking-ut-145251139","properties":{"description":"Prestmyra er et flott utgangspunkt for fine turer.","elevation":82,"name":"Prestmyra","source":"UT.no\/DNT"},"type":"Feature"},{"geometry":{"coordinates":[11.004569,59.676305999999997],"type":"Point"},"id":"parking-ut-145258716","properties":{"description":"Unås er en stor og fin turparkering. Her er det ingen vei- eller parkeringsavgift. Adkomst Fra E18 Elvestadrysset, tar du inn på fv. 120 mot Tomter. Etter å ha krysset jernbanelinjen på Tomter tar du til venstre inn på Kråkstadveien mot Ski...","elevation":147,"name":"Unås parkering","source":"UT.no\/DNT"},"type":"Feature"},{"geometry":{"coordinates":[11.405194,59.515943999999998],"type":"Point"},"id":"parking-ut-145258717","properties":{"description":"På Dynjan er det en stor og fin parkeringsplass. Det er parkeringsavgift som kan betales med Vipps eller via konto. Husk å oppgi skiltnummer på bilen ved betaling. Adkomst Kjør rv. 22 til Trømborg Sag og Høvleri, ta av inn på Åsgårdveien. E...","elevation":198,"name":"Dynjan parkering","source":"UT.no\/DNT"},"type":"Feature"},{"geometry":{"coordinates":[11.455387999999999,59.521693999999997],"type":"Point"},"id":"parking-ut-145258718","properties":{"description":"Slora ligger i Hærland og er et fint utgangspunkt for turer i Fjella, her er det godt med parkering. Adkomst Kjør Ørjeveien mot Hærland, ta av ved Hærland skole inn på Sloraveien og følg veien frem til parkeringen (ca. 4,3 km). Turkart Fjel...","elevation":166,"name":"Slora parkering","source":"UT.no\/DNT"},"type":"Feature"},{"geometry":{"coordinates":[11.41386,59.491095000000001],"type":"Point"},"id":"parking-ut-145258719","properties":{"description":"Brattfoss (Igletjern) ligger i Tømborgfjella og er et populært utfartsområdet i Fjella. Selv om parkeringen er stor, kan det bli trangt om plassen – parker hensynsfullt. Her er det parkeringsavgift, kan betales med vipps eller til kontonumm...","elevation":197,"name":"Brattfoss (Igletjern) parkering","source":"UT.no\/DNT"},"type":"Feature"},{"geometry":{"coordinates":[11.537996,59.541369000000003],"type":"Point"},"id":"parking-ut-145258720","properties":{"description":"Trollbergtjern ligger på Hærland siden av Fjella, her er det gode parkeringsmuligheter for fine turer i Fjella. Samt en fin rasteplass. Adkomst Fra E18 tar du av mot Trollbergtjern. Når du kommer opp på Ørjeveien, ser du rasteplassen. Turka...","elevation":190,"name":"Trollbergtjern parkering","source":"UT.no\/DNT"},"type":"Feature"},{"geometry":{"coordinates":[11.506325,59.437083000000001],"type":"Point"},"id":"parking-ut-145259848","properties":{"description":"Alternative parkeringsplasser er Skrabberud sør og Dunderbrua , disse passerer du på vei inn til Skrabberud. Adkomst Skrabberud ligger ca. 15 kilometer øst for Rakkestad sentrum. Kjør fv. 124 fra Bergenhus mot Aremark. Etter ca. 8 kilometer...","elevation":159,"name":"Skrabberud parkering","source":"UT.no\/DNT"},"type":"Feature"},{"geometry":{"coordinates":[11.521312,59.428043000000002],"type":"Point"},"id":"parking-ut-145259849","properties":{"description":"På Korperud er det en stor og fin parkeringsplass. Adkomst Korperudmoen ligger ca. 15 kilometer øst for Rakkestad sentrum. Kjør fv. 124 fra Bergenhus mot Aremark. Etter ca. 8 kilometer tar du av til venstre mot Budalen\/Skrabberud. Følg grus...","elevation":186,"name":"Korperudmoen parkering","source":"UT.no\/DNT"},"type":"Feature"},{"geometry":{"coordinates":[11.646603000000001,59.472454999999997],"type":"Point"},"id":"parking-ut-145259850","properties":{"description":"Ørje lysløype er en parkeringsplass i tilknytning til sti- og løypesystemet i Fjella, med plass til ca. 25 biler. Det er ingen vei- eller parkeringsavgift. Adkomst Fra E18 tar du av mot Damholtet, vest for Ørje, og inn på fv. 843 (Damholtve...","elevation":163,"name":"Ørje lysløype (Damholtveien) parkering","source":"UT.no\/DNT"},"type":"Feature"},{"geometry":{"coordinates":[11.470623,59.482807000000001],"type":"Point"},"id":"parking-ut-145259851","properties":{"description":"Torvet ligger innenfor Dammyrveien P-plass, og er et fint utgangspunkt for turer i Fjella. Adkomst Kjør fv. 22 til Trømborg Sag og Høvleri, ta av inn på Åsgårdveien (fv. 685), ta deretter inn på Lundeveien og følg denne til frem til bommen....","elevation":230,"name":"Torvet parkering","source":"UT.no\/DNT"},"type":"Feature"},{"geometry":{"coordinates":[11.458888,59.495877],"type":"Point"},"id":"parking-ut-145259852","properties":{"description":"Dammyrveien P-plass er parkeringen nærmest DNT hytta Arnbjørnrud. Dette er en stor og fin parkeringsplass, i et populært område. Skulle det være trangt om plassen, så er Torvet et alternativ. Ved stor brannfare kan veien bli stengt, informa...","elevation":244,"name":"Dammyrveien parkering","source":"UT.no\/DNT"},"type":"Feature"},{"geometry":{"coordinates":[11.42408,59.471558000000002],"type":"Point"},"id":"parking-ut-145259853","properties":{"description":"Parkeringsplassen ligger 200 meter før vannet. NB! Parkeringsplassene nede ved vannet er forbeholdt hyttene i området. Adkomst Fra Mysen kjører du Smedgata i retning Rakkestad. Ta til høyre inn på fv. 22 mot Rakkestad. Etter 8,8 kilometer t...","elevation":205,"name":"Honningen parkering","source":"UT.no\/DNT"},"type":"Feature"},{"geometry":{"coordinates":[11.586681,59.409199000000001],"type":"Point"},"id":"parking-ut-145259855","properties":{"description":"Klemma er en liten parkeringsplass i Rakkestadfjella, som ligger sørvest for Høytomt. Adkomst Følg fv. 124 fra Bergenhuskrysset mot Aremark. Etter ca. 10 kilometer tar du til venstre inn mot Dalen. Følg veien til du kommer til Mellemdalen. ...","elevation":175,"name":"Klemma parkering","source":"UT.no\/DNT"},"type":"Feature"},{"geometry":{"coordinates":[11.00014,59.666007999999998],"type":"Point"},"id":"parking-ut-145259856","properties":{"description":"Tomter idrettspark har en romslig parkeringsplass og er et godt utgangspunkt for turer i Solbergdalen, samt en fin innfallsport til Gaupesteinmarka med muligheter for varierte turer på ski, sykkel og til fots. Det er stor aktivitet i idrett...","elevation":122,"name":"Tomter idrettspark parkering","source":"UT.no\/DNT"},"type":"Feature"},{"geometry":{"coordinates":[10.777851999999999,60.027245000000001],"type":"Point"},"id":"parking-ut-145265401","properties":{"description":"Skar er en nedlagt militærleir og et flott utgangspunkt for turer. Her finner du også DNTs arena med masse frivillighet","elevation":185,"name":"Skar - Maridalen","source":"UT.no\/DNT"},"type":"Feature"},{"geometry":{"coordinates":[10.468643,63.395082000000002],"type":"Point"},"id":"parking-ut-145269554","properties":{"description":"Parkeringsplass som er egnet som startsted for turer i Estenstadmarka, for eksempel Estenstadhytta.","elevation":178,"name":"Bekken Parkering","source":"UT.no\/DNT"},"type":"Feature"},{"geometry":{"coordinates":[10.31682,63.395640999999998],"type":"Point"},"id":"parking-ut-145269555","properties":{"description":"Parkeringsplass ved Haukvatnet i Bymarka. Fint utgangspunkt for en rekke turer.","elevation":197,"name":"Hauken parkering","source":"UT.no\/DNT"},"type":"Feature"},{"geometry":{"coordinates":[10.3141,63.380046999999998],"type":"Point"},"id":"parking-ut-145269556","properties":{"description":"Parkeringsplass ved Granåsen. Fint utgangspunkt til mange turer i Bymarka.","elevation":168,"name":"Granåsen parkering","source":"UT.no\/DNT"},"type":"Feature"},{"geometry":{"coordinates":[10.459904,63.452545000000001],"type":"Point"},"id":"parking-ut-145269557","properties":{"description":"Parkeringsplass like ved Sponhuset. Fint utgangspunkt for turer langs Ladestien.","elevation":11,"name":"Parkering ved Sponhuset","source":"UT.no\/DNT"},"type":"Feature"},{"geometry":{"coordinates":[14.143202,66.777885999999995],"type":"Point"},"id":"parking-ut-145274162","properties":{"description":"For bilfolket er dette startpunkt for vandring inn i nasjonalparken.","elevation":563,"name":"Namnlaushøgda","source":"UT.no\/DNT"},"type":"Feature"},{"geometry":{"coordinates":[11.469886000000001,60.12921],"type":"Point"},"id":"parking-ut-145283504","properties":{"description":"Gratis parkering. Høieparken DiscGolf starter herfra og det går sti langs elva og på åsryggen fram til Høieparken.","elevation":121,"name":"Parkering Høieparken","source":"UT.no\/DNT"},"type":"Feature"},{"geometry":{"coordinates":[10.323587,63.416328],"type":"Point"},"id":"parking-ut-145311580","properties":{"description":"Parkeringsplass ved Baklidammen. Herifra er det mange fine turmuligheter i Bymarka. Vær oppmerksom på at det kan i sesonger være parkeringsavgift på enkelte parkeringsplasser i Bymarka. Det vil være skiltet informasjon på parkeringsplassen.","elevation":201,"name":"Parkering Baklia","source":"UT.no\/DNT"},"type":"Feature"},{"geometry":{"coordinates":[10.340906,63.417146000000002],"type":"Point"},"id":"parking-ut-145321884","properties":{"description":"Stor parkeringsplass med fint utgangspunkt for turer i Bymarka sommer som vinter. Vær oppmerksom på at det kan i sesonger være parkeringsavgift på enkelte parkeringsplasser i Bymarka. Det vil være skiltet informasjon på parkeringsplassen.","elevation":173,"name":"Ferista parkeringsplass","source":"UT.no\/DNT"},"type":"Feature"},{"geometry":{"coordinates":[10.293521,63.41592],"type":"Point"},"id":"parking-ut-145321885","properties":{"description":"Storsvingen er en parkeringsplass i Bymarka, og er et fint utgangspunkt for tur. På vinteren er det et supert utgangspunkt for ski i lysløypene. Vær oppmerksom på at det kan i sesonger være parkeringsavgift på enkelte parkeringsplasser i By...","elevation":292,"name":"Storsvingen parkeringsplass","source":"UT.no\/DNT"},"type":"Feature"},{"geometry":{"coordinates":[10.267148000000001,63.415007000000003],"type":"Point"},"id":"parking-ut-145321886","properties":{"description":"Henriksåsen parkering ligger i Bymarka, og er et fint utgangspunkt for tur. På vinteren er det et supert utgangspunkt for ski i de øvre delene av Bymarka, og turen herifra til Elgsethytta er svært populær. Vær oppmerksom på at det kan i ses...","elevation":387,"name":"Henriksåsen parkering","source":"UT.no\/DNT"},"type":"Feature"},{"geometry":{"coordinates":[10.251738,63.355575999999999],"type":"Point"},"id":"parking-ut-145321888","properties":{"description":"Ved Ringvål Skistadion er det en stor parkeringsplass som er et fint utgangspunkt for turer i Leinstrandmarka. På vinteren er det et supert utgangspunkt for skitur. Vær oppmerksom på at det kan i sesonger være parkeringsavgift på enkelte pa...","elevation":194,"name":"Skogly parkering","source":"UT.no\/DNT"},"type":"Feature"},{"geometry":{"coordinates":[10.724662,63.431750999999998],"type":"Point"},"id":"parking-ut-145323363","properties":{"description":"Parkeringsplass ved Midtsandtangen, som er et stort friluftsområde ved sjøen.","elevation":9,"name":"Parkering Midtsandtangen","source":"UT.no\/DNT"},"type":"Feature"},{"geometry":{"coordinates":[10.757443,63.411923000000002],"type":"Point"},"id":"parking-ut-145323364","properties":{"description":"Ved Abrahallen i Malvik er det en stor parkeringsplass med fint utgangspunkt til turer ved Stavsjøen og videre inn i Malvikmarka. Her er det også skiløyper på vinteren.","elevation":198,"name":"Parkering Abrahallen","source":"UT.no\/DNT"},"type":"Feature"},{"geometry":{"coordinates":[10.771857000000001,63.373823999999999],"type":"Point"},"id":"parking-ut-145323365","properties":{"description":"Parkeringsplass i Malvik, hvor det er kort vei å gå videre til den flotte Storfossen.","elevation":174,"name":"Parkering Storfossen","source":"UT.no\/DNT"},"type":"Feature"},{"geometry":{"coordinates":[10.260516000000001,63.417977999999998],"type":"Point"},"id":"parking-ut-145324112","properties":{"description":"Liten parkeringsplass ved Blomstertjønna i Bymarka.","elevation":430,"name":"Parkering ved Blomstertjønna","source":"UT.no\/DNT"},"type":"Feature"},{"geometry":{"coordinates":[10.43444,63.449325000000002],"type":"Point"},"id":"parking-ut-145327111","properties":{"description":"Parkeringsplass ved Korsvika på Lade i Trondheim. Korsvika er et supert utgangspunkt for turer på Ladestien, eller for en strandtur med bading på varme sommerdager.","elevation":14,"name":"Parkeringsplass Korsvika","source":"UT.no\/DNT"},"type":"Feature"},{"geometry":{"coordinates":[11.782511,63.148321000000003],"type":"Point"},"id":"parking-ut-145329371","properties":{"description":"Dette er sommer p-plassen i Skarpdalen om du skal på fottur til Ramsjøhytta. Fra parkeringen følges veien nordover ca. 500 meter for å komme til merkaruta.","elevation":699,"name":"Parkering Ramsjøhytta - Sommer","source":"UT.no\/DNT"},"type":"Feature"},{"geometry":{"coordinates":[10.301052,63.366898999999997],"type":"Point"},"id":"parking-ut-145333982","properties":{"description":"Smistad parkering ligger i sørdelen av Bymarka, Leinstrandmarka, og er et fint utgangspunkt for turer. Herifra går det grusvei som blir vinterbrøytet opp til markahytta Rønningen Gård. Vær oppmerksom på at det kan i sesonger være parkerings...","elevation":203,"name":"Smistad parkeringsplass","source":"UT.no\/DNT"},"type":"Feature"},{"geometry":{"coordinates":[11.356837000000001,59.506715999999997],"type":"Point"},"id":"parking-ut-145333997","properties":{"description":"Trømborg lysløype er et fint utgangspunkt for turer i Sameia, eller for en rundtur i lysløypa. Adkomst Kjør rv. 22 til Trømborg, ta avkjøringen til Trømborg kirke. Like før kirken på høyre side, finner du parkeringsplassen. Turkart Eidsberg...","elevation":178,"name":"Trømborg lysløype parkering","source":"UT.no\/DNT"},"type":"Feature"},{"geometry":{"coordinates":[10.321047,63.388562],"type":"Point"},"id":"parking-ut-145338667","properties":{"description":"På sørsiden av Haukvatnet, like nedenfor Nilsbyen Skistadion, er det en parkeringsplass. Dette er et fint utgangspunkt for denne delen av Bymarka.","elevation":193,"name":"Parkeringsplass ved Nilsbyen","source":"UT.no\/DNT"},"type":"Feature"},{"geometry":{"coordinates":[10.285313,63.427653999999997],"type":"Point"},"id":"parking-ut-145338670","properties":{"description":"Langs Tømmerdalsveien ligger Tømmerdalstorget, en parkeringsplass med godt utgangspunkt til mange fine turer i Bymarka. Herifra er det for eksempel kort til til Kobberdammen.","elevation":305,"name":"Tømmerdalstorget","source":"UT.no\/DNT"},"type":"Feature"},{"geometry":{"coordinates":[10.272276,63.433326999999998],"type":"Point"},"id":"parking-ut-145338671","properties":{"description":"Nesten ved enden av Tømmerdalsveien, midt i Tømmerdalen, er det en stor parkeringsplass med godt utgangspunt til turer i den nordlige delen av Bymarka.","elevation":291,"name":"Parkering Tømmerdalen","source":"UT.no\/DNT"},"type":"Feature"},{"geometry":{"coordinates":[10.539304,63.431001000000002],"type":"Point"},"id":"parking-ut-145338677","properties":{"description":"Hansbakkfjæra er et flott turområdet ved sjøen på Ranheim. Det er mange aktivitetsmuligheter i området, og flere fine sitteplasser.","elevation":5,"name":"Parkering Hansbakkfjæra","source":"UT.no\/DNT"},"type":"Feature"},{"geometry":{"coordinates":[10.406879999999999,63.241652000000002],"type":"Point"},"id":"parking-ut-145338679","properties":{"description":"Langmyra er et flott skiområde, med mange flotte skiløyper.","elevation":283,"name":"Langmyra parkering","source":"UT.no\/DNT"},"type":"Feature"},{"geometry":{"coordinates":[10.662428,63.316231999999999],"type":"Point"},"id":"parking-ut-145338681","properties":{"elevation":330,"name":"Saksvikvollen parkering","source":"UT.no\/DNT"},"type":"Feature"},{"geometry":{"coordinates":[11.293262,60.736364999999999],"type":"Point"},"id":"parking-ut-145338707","properties":{"description":"Dette er en fin parkeringsplass hvis man skal gå på merkede stier inn til Brynsåsen.","elevation":174,"name":"Parkering i Romedal sentrum","source":"UT.no\/DNT"},"type":"Feature"},{"geometry":{"coordinates":[11.29411,60.746291999999997],"type":"Point"},"id":"parking-ut-145338708","properties":{"description":"Dette er en fin parkeringsplass hvis man skal gå på merkede stier inn til Brynsåsen.","elevation":189,"name":"Parkering ved Løvlien","source":"UT.no\/DNT"},"type":"Feature"},{"geometry":{"coordinates":[11.310886999999999,60.746324999999999],"type":"Point"},"id":"parking-ut-145338709","properties":{"description":"Dette er en fin parkeringsplass hvis man skal gå på merkede stier inn til Brynsåsen.","elevation":261,"name":"Parkering ved Brynsås","source":"UT.no\/DNT"},"type":"Feature"},{"geometry":{"coordinates":[11.309181000000001,60.753785000000001],"type":"Point"},"id":"parking-ut-145338710","properties":{"description":"Dette er en fin parkeringsplass hvis man skal gå på merkede stier inn til Brynsåsen","elevation":240,"name":"Parkering ved Vardebakken","source":"UT.no\/DNT"},"type":"Feature"},{"geometry":{"coordinates":[11.310994000000001,60.762616999999999],"type":"Point"},"id":"parking-ut-145338711","properties":{"description":"Dette er en fin parkeringsplass hvis man skal gå på merkede stier i Brynsåsen.","elevation":218,"name":"Parkering ved Ihrstad","source":"UT.no\/DNT"},"type":"Feature"},{"geometry":{"coordinates":[11.230176,60.756836],"type":"Point"},"id":"parking-ut-145338714","properties":{"description":"Dette er en fin parkeringsplass for å komme inn på tilførselsti til Ilsengstiene.","elevation":155,"name":"Parkering ved Grobunn","source":"UT.no\/DNT"},"type":"Feature"},{"geometry":{"coordinates":[11.265917999999999,60.752746000000002],"type":"Point"},"id":"parking-ut-145338715","properties":{"description":"Parkering ved Herredsvang.","elevation":157,"name":"Parkering ved Herredsvang","source":"UT.no\/DNT"},"type":"Feature"},{"geometry":{"coordinates":[11.220022,60.772554],"type":"Point"},"id":"parking-ut-145338716","properties":{"description":"Dette er en fin parkeringsplass for å gå på tur på Ilsengstiene.","elevation":145,"name":"Parkering ved Horne bru","source":"UT.no\/DNT"},"type":"Feature"},{"geometry":{"coordinates":[11.231914,60.780034000000001],"type":"Point"},"id":"parking-ut-145338717","properties":{"description":"Dette er en fin parkeringsplass for å gå på tur på Ilsengstiene. Det er også rastebenker ved idrettsplassen.","elevation":170,"name":"Ilseng idrettsplass","source":"UT.no\/DNT"},"type":"Feature"},{"geometry":{"coordinates":[11.22293,60.777065],"type":"Point"},"id":"parking-ut-145338718","properties":{"description":"Dette er en fin parkeringsplass for å gå på tur på Ilsengstiene.","elevation":155,"name":"Ilseng stasjon","source":"UT.no\/DNT"},"type":"Feature"},{"geometry":{"coordinates":[11.207871000000001,60.787075000000002],"type":"Point"},"id":"parking-ut-145339501","properties":{"description":"Dette er en parkering hvis man skal på tur langs Ilsengstiene.","elevation":168,"name":"Parkering ved Dalfarmen","source":"UT.no\/DNT"},"type":"Feature"},{"geometry":{"coordinates":[11.227036999999999,60.808548000000002],"type":"Point"},"id":"parking-ut-145339502","properties":{"description":"Dette er en parkeringsplass hvis man skal på tur langs Lageråarunden.","elevation":210,"name":"Parkering ved Slettringen","source":"UT.no\/DNT"},"type":"Feature"},{"geometry":{"coordinates":[10.947419,60.890621000000003],"type":"Point"},"id":"parking-ut-145339511","properties":{"description":"Dette er en fin parkeringsplass i Brumunddal.","elevation":157,"name":"Parkering ved Sveum","source":"UT.no\/DNT"},"type":"Feature"},{"geometry":{"coordinates":[10.955883,60.897793999999998],"type":"Point"},"id":"parking-ut-145339512","properties":{"description":"Dette er en fin parkeringsplass for turer fra Brumunddal.","elevation":205,"name":"Parkering ved Hempa skole","source":"UT.no\/DNT"},"type":"Feature"},{"geometry":{"coordinates":[10.891529999999999,60.917551000000003],"type":"Point"},"id":"parking-ut-145339514","properties":{"description":"Dette er en fin parkering hvis man skal gå i traséen for By-i-millom.","elevation":305,"name":"Parkering ved Veldre kirke","source":"UT.no\/DNT"},"type":"Feature"},{"geometry":{"coordinates":[11.186422,59.630234999999999],"type":"Point"},"id":"parking-ut-145339528","properties":{"description":"Det er en stor parkeringsplass med plass til mange biler, men det er et populært turområde og parkeringsplassen kan bli full. Parker hensynsfullt, og dersom parkeringen er full, kan det være et alternativ å legge turen til f.eks. Romsåsen. ...","elevation":181,"name":"Heller (Åsermarka\/Skansehytta) parkering","source":"UT.no\/DNT"},"type":"Feature"},{"geometry":{"coordinates":[11.528943,59.551819000000002],"type":"Point"},"id":"parking-ut-145339529","properties":{"description":"Myrås er en stor og fin parkeringsplass i tilknytning til lysløypa på Myrås. Dette er et godt utgangspunkt for turer i turområdet Nordskogen–Oppskott , både sommer og vinter. Adkomst Fra E18 ta av mot Trollbergtjern. Ta til venstre i rundkj...","elevation":190,"name":"Myrås parkering","source":"UT.no\/DNT"},"type":"Feature"},{"geometry":{"coordinates":[11.316989,60.555045999999997],"type":"Point"},"id":"parking-ut-145340322","properties":{"description":"Dette er et fint utgangspunkt for å gå på ski på vegen mellom Gransjøen og Hagalia.","elevation":424,"name":"Parkering ved Gransjøen","source":"UT.no\/DNT"},"type":"Feature"},{"geometry":{"coordinates":[11.301397,60.503613999999999],"type":"Point"},"id":"parking-ut-145340323","properties":{"description":"Dette er et fint utgangspunkt for å gå på ski på vegen mellom Gransjøen og Hagalia.","elevation":366,"name":"Parkering ved Hagalia","source":"UT.no\/DNT"},"type":"Feature"},{"geometry":{"coordinates":[11.230878000000001,60.706355000000002],"type":"Point"},"id":"parking-ut-145340328","properties":{"description":"E7-krysset» der«E7» tar av fra Roavegen er en stor parkeringsplass.","elevation":220,"name":"\"E7-krysset\"","source":"UT.no\/DNT"},"type":"Feature"},{"geometry":{"coordinates":[11.467639999999999,59.579554000000002],"type":"Point"},"id":"parking-ut-145341119","properties":{"description":"Sagstuen er et fint utgangspunkt for turer i turområdet Nordskogen-Oppskott. Adkomst Fra E18 retning Ørje, tar du avkjøringen mot Havnås\/Mysen\/Rakkestad, ta første til høyre i rundkjøringen, i neste rundkjøring tar du avkjøringen mot Lundeb...","elevation":169,"name":"Sagstuen parkering","source":"UT.no\/DNT"},"type":"Feature"},{"geometry":{"coordinates":[11.811408,59.766964000000002],"type":"Point"},"id":"parking-ut-145353488","properties":{"description":"Nylenda er en liten turparkering i tilknytning til Klubbtjenn runden og Tukuelva kultursti . Det er også et godt utgangspunkt for turer til Hølvannet og Lukashytta. Ved Nylenda kan du også se rester fra ett av de første e-verkene i bygda, s...","elevation":175,"name":"Nylenda parkering","source":"UT.no\/DNT"},"type":"Feature"},{"geometry":{"coordinates":[11.02528,59.520538999999999],"type":"Point"},"id":"parking-ut-145354360","properties":{"description":"Er en stor og fin turparkering. Det er infotavle og kart over området ved parkeringsplassen. Adkomst Kjør sørover fra Spydeberg sentrum. Sving inn til Mørk og forbi golfbanen til veien ender. Ta så til venstre, og så ser du skiltet Trolleru...","elevation":142,"name":"Trollerudåsen parkering","source":"UT.no\/DNT"},"type":"Feature"},{"geometry":{"coordinates":[11.410698,59.615256000000002],"type":"Point"},"id":"parking-ut-145355253","properties":{"description":"Gamle Havnås skole ble oppført 1900. I dag brukes bygget som bolig- og næringsformål. Her finner du en livsstilsbutikk i sjarmerende lokaler, hvor man kan kose seg med en kopp kaffe og noe godt. Et fint turmål langs Unionsleden . Ved Gamles...","elevation":129,"name":"Gamleskolen","source":"UT.no\/DNT"},"type":"Feature"},{"geometry":{"coordinates":[11.161455999999999,59.478442999999999],"type":"Point"},"id":"parking-ut-145355260","properties":{"description":"Skiptvet Idrettshall er det en stor og fin parkeringsplass. Det er denne parkeringen du bør benytte dersom du kommer kjørende og skal gå Kulturminnestien i Skiptvet eller Kulturminnestien i Skiptvet, kort runde . Adkomst Fra E18 ta avkjørin...","elevation":130,"name":"Skiptvet Idrettshall parkering","source":"UT.no\/DNT"},"type":"Feature"},{"geometry":{"coordinates":[11.464351000000001,59.609648],"type":"Point"},"id":"parking-ut-145355261","properties":{"description":"Parkeringen ligger i Havnås, i turområdet Nordskogen-Oppskott. Adkomst Kjør fv. 123 til Havnås. Rett før Havnås skole svinger du av til venstre mot Aamot. Herfra følger du Delingsrudveien ca. 3,9 km, parkering på venstre side. Turkart Nords...","elevation":189,"name":"Delingsrudveien parkering","source":"UT.no\/DNT"},"type":"Feature"},{"geometry":{"coordinates":[11.340818000000001,59.620362],"type":"Point"},"id":"parking-ut-145356144","properties":{"description":"Langsrudåsen ligger i Trøgstad, og er en god parkering langs Trøgstadstien .","elevation":195,"name":"Langsrudåsen parkering","source":"UT.no\/DNT"},"type":"Feature"},{"geometry":{"coordinates":[11.510475,59.431859000000003],"type":"Point"},"id":"parking-ut-145356145","properties":{"description":"Dunderbrua er en liten parkeringsplass like ved Skrabberud. Alternative parkeringsplasser er Skrabberud og Skrabberud sør . Adkomst Skrabberud ligger ca. 15 kilometer øst for Rakkestad sentrum. Kjør fv. 124 fra Bergenhus mot Aremark. Etter ...","elevation":157,"name":"Dunderbrua parkering","source":"UT.no\/DNT"},"type":"Feature"},{"geometry":{"coordinates":[11.507904999999999,59.435284000000003],"type":"Point"},"id":"parking-ut-145356146","properties":{"description":"Skrabberud syd er en mindre parkeringsplass som ligger på vei inn til skrabberud. Alternative parkeringsplasser er Skrabberud og Dunderbrua . Adkomst Skrabberud ligger ca. 15 kilometer øst for Rakkestad sentrum. Kjør fv. 124 fra Bergenhus m...","elevation":152,"name":"Skrabberud syd parkering","source":"UT.no\/DNT"},"type":"Feature"},{"geometry":{"coordinates":[11.31237,59.510793999999997],"type":"Point"},"id":"parking-ut-145356147","properties":{"description":"Finnestad ligger i Eidsberg, her er den en liten og fin parkeringsplass. Et fint utgangspunkt for turer i Sameia. Adkomst Fra E18 svinger du av ved Momarken og følger rv. 22 i retning Rakkestad. Ved rundkjøringen i bunnen av Vandugbakken ta...","elevation":161,"name":"Finnestad parkering","source":"UT.no\/DNT"},"type":"Feature"},{"geometry":{"coordinates":[11.323494999999999,59.549717000000001],"type":"Point"},"id":"parking-ut-145356148","properties":{"description":"Kloppa er en liten parkering som ligger ved Mysenelva. Herfra kan du gå Helsestien langs Mysenelva, eller ta turen til Sameia. Her finner du også en rasteplass og fiskebrygge. Adkomst Fra E18 svinger du av ved Momarken og følger rv. 22 i re...","elevation":94,"name":"Kloppa parkering","source":"UT.no\/DNT"},"type":"Feature"},{"geometry":{"coordinates":[11.261362999999999,59.580941000000003],"type":"Point"},"id":"parking-ut-145356149","properties":{"description":"Slitu lysløype er en liten parkering i Slitu. Parkeringen er på venstre side av trafoen. Herfra kan man følge lysløypa inn til Rudsmosen. Parkeringen ligger ved et boligfelt, parker hensynsfullt. Dersom det er fullt på parkeringen, kan vi a...","elevation":164,"name":"Slitu lysløype parkering","source":"UT.no\/DNT"},"type":"Feature"},{"geometry":{"coordinates":[10.709023,59.779609000000001],"type":"Point"},"id":"parking-ut-145382103","properties":{"description":"Gratis parkering i inntil to døgn, slik at man etter Allemannsretten kan telte i friområdet Linaro-Solvik. Les mer om plassen og historien rundt i artikkelen \" Kommunens best bevarte hemmelighet \" skrevet av Egi Haug og Bjørn Askautrud","elevation":6,"name":"Utfartsparkering ved Blylaget brygge","source":"UT.no\/DNT"},"type":"Feature"},{"geometry":{"coordinates":[9.3780199999999994,62.554903000000003],"type":"Point"},"id":"parking-ut-145396148","properties":{"description":"Dette er nærmerste parkeringsplass til Dindalshytta. Det er bom og parkerningsavgift her på 50 kr. Herifra er det bare 2,5 km på kjerrevei til DNT-hytta Dindalshytta.","elevation":702,"name":"Parkering Dindalshytta","source":"UT.no\/DNT"},"type":"Feature"},{"geometry":{"coordinates":[10.507523000000001,59.963344999999997],"type":"Point"},"id":"parking-ut-145397905","properties":{"description":"Stor parkeringsplass. Gratis. 800 meter på grusvei inn til Burudvann badeplass.","elevation":203,"name":"Burudvann P-Plass","source":"UT.no\/DNT"},"type":"Feature"},{"geometry":{"coordinates":[11.914591,63.121744],"type":"Point"},"id":"parking-ut-145403175","properties":{"description":"Stor parkeringsplass som er tilgjengelig på sommerstid. Vær obs på at i starten av sommeren kan veien fremdeles være stengt dersom","elevation":743,"name":"Parkering Storerikvollen sommer","source":"UT.no\/DNT"},"type":"Feature"},{"geometry":{"coordinates":[10.704097000000001,63.357202000000001],"type":"Point"},"id":"parking-ut-145506506","properties":{"description":"Malvik kommune har bygd en utfartsparkering ved krysset Jervskogvegen Fylkesveg 6660 og Hønstadvegen, ligger rett i nærheten av Vikhammervollen. Parkeringsplassen har en kapasitet på omlag 70 biler. Det er også laget en turveg\/løypetrase fr...","elevation":264,"name":"Vikhammervollen parkering","source":"UT.no\/DNT"},"type":"Feature"},{"geometry":{"coordinates":[11.764032,59.712867000000003],"type":"Point"},"id":"parking-ut-145506507","properties":{"description":"Parkeringen i enden av Branntårnveien er et fint utgangspunkt for turer til og rundt Haukenestårnet. På vinterdager med mye snø, blir ikke veien måkt helt frem til parkeringen. Det er da mulig å parkere på høyre side med en gang du svinger ...","elevation":302,"name":"Branntårnveien (sommer) parkering","source":"UT.no\/DNT"},"type":"Feature"},{"geometry":{"coordinates":[11.770211,59.728687999999998],"type":"Point"},"id":"parking-ut-145506508","properties":{"description":"På vinterdager med mye snø, blir ikke veien måkt helt frem til parkeringen i enden av Branntårnveien. Det er da mulig å parkere her – et fint utgangspunkt for turer til og rundt Haukenestårnet. Adkomst Ved ankomst Rømskog, følg skilting mot...","elevation":142,"name":"Branntårnveien (vinter) parkering","source":"UT.no\/DNT"},"type":"Feature"},{"geometry":{"coordinates":[10.300808,63.394573000000001],"type":"Point"},"id":"parking-ut-145513627","properties":{"description":"Stor parkeringsplass på Lian. Herifra er det mange fine turmuligheter i Bymarka.","elevation":236,"name":"Diket parkeringsplass","source":"UT.no\/DNT"},"type":"Feature"},{"geometry":{"coordinates":[10.185693000000001,63.433160999999998],"type":"Point"},"id":"parking-ut-145513628","properties":{"description":"Parkeringsplass på Klefstadhaugen på Byneset. Her går det mange fine turstier opp i Bymarka, samt lysløype og skiløyper på vinteren.","elevation":178,"name":"Klerfstadhaugen parkering","source":"UT.no\/DNT"},"type":"Feature"},{"geometry":{"coordinates":[10.158300000000001,63.413060999999999],"type":"Point"},"id":"parking-ut-145513629","properties":{"description":"Liten parkeringsplass ved Rye på Byneset. Herifra er det kort men bratt sti opp til blant annet Bosbergheia.","elevation":119,"name":"Parkeringsplass Bosbergheia","source":"UT.no\/DNT"},"type":"Feature"},{"geometry":{"coordinates":[10.3422,63.357779999999998],"type":"Point"},"id":"parking-ut-145513630","properties":{"description":"Stor parkeringsplass ved Saupstad Skistadion.","elevation":164,"name":"Parkering Saupstad Skistadion","source":"UT.no\/DNT"},"type":"Feature"},{"geometry":{"coordinates":[10.340959,63.424473999999996],"type":"Point"},"id":"parking-ut-145513631","properties":{"description":"Parkeringsplass langs Tømmerdalsveien i Bymarka. Supert startsted for tur til f. eks. Våttakammen.","elevation":181,"name":"Gramskaret parkering","source":"UT.no\/DNT"},"type":"Feature"},{"geometry":{"coordinates":[10.487415,63.438558999999998],"type":"Point"},"id":"parking-ut-145585409","properties":{"description":"Parkeringsplasser er et fint utgangspunkt for blant annet turer langs Ladestien.","elevation":12,"name":"Rotvollfjæra Parkering","source":"UT.no\/DNT"},"type":"Feature"},{"geometry":{"coordinates":[10.039137,59.347662999999997],"type":"Point"},"id":"parking-ut-145587171","properties":{"elevation":176,"name":"Trollsvann parkering","source":"UT.no\/DNT"},"type":"Feature"},{"geometry":{"coordinates":[11.462026,63.062252999999998],"type":"Point"},"id":"parking-ut-145617568","properties":{"description":"Liten parkeringsplass på Græsli, herifra er det ca. 2 km å gå til Græslihytta.","elevation":350,"name":"Parkering Græslihytta","source":"UT.no\/DNT"},"type":"Feature"},{"geometry":{"coordinates":[11.249081,59.231403999999998],"type":"Point"},"id":"parking-ut-145715916","properties":{"description":"Fin parkeringsplass for turer eksempelvis Tvetervann rundt.","elevation":88,"name":"Tvetervann","source":"UT.no\/DNT"},"type":"Feature"},{"geometry":{"coordinates":[11.51755,59.321587000000001],"type":"Point"},"id":"parking-ut-145715920","properties":{"description":"Ved Ådalen er det plass til ca. 10 biler, og er en trang parkering på travle dager – da det ofte er biler med båthengere, kajakk-\/kanopadlere og hytteeiere som benytter parkeringen. Parker hensynsfullt og ikke oppta mer plass enn nødvendig....","elevation":175,"name":"Ådalen parkering","source":"UT.no\/DNT"},"type":"Feature"},{"geometry":{"coordinates":[11.517766999999999,59.338303000000003],"type":"Point"},"id":"parking-ut-145715921","properties":{"description":"På Slettemoen er det plass til ca. 20 biler. Her er det mulig å parkere langs veien, men pass på at du parkerer slik at du ikke er til hinder for utrykningskjøretøy. Det er ingen parkerings- eller veiavgift ved Slettemoen. Adkomst Følg fv. ...","elevation":153,"name":"Slettemoen parkering","source":"UT.no\/DNT"},"type":"Feature"},{"geometry":{"coordinates":[11.521127,59.351362000000002],"type":"Point"},"id":"parking-ut-145715922","properties":{"description":"På Jonsrud er det en stor og fin parkeringsplass med plass til ca. 30 biler. Det er ingen parkerings- eller veiavgift ved Jonsrud. Adkomst Følg fv. 124 fra Rakkestad retning Aremark. Etter ca. 14 km tar du til høyre inn på grusveien skiltet...","elevation":139,"name":"Jonsrud parkering","source":"UT.no\/DNT"},"type":"Feature"},{"geometry":{"coordinates":[11.575745,59.341558999999997],"type":"Point"},"id":"parking-ut-146115086","properties":{"description":"Ved Linnekleppen er det en stor og fin parkeringsplass. Adkomst Parkeringsplassen ligger 19 kilometer fra Rakkestad sentrum. Følg fv. 124 mot Aremark. Stien går fra parkeringsplassen like ved veien. Det er skiltet fra riksveien. Turkart Fje...","elevation":150,"name":"Linnekleppen parkering","source":"UT.no\/DNT"},"type":"Feature"},{"geometry":{"coordinates":[18.002115,69.234048999999999],"type":"Point"},"id":"parking-ut-146116502","properties":{"elevation":23,"name":"Hundremeterskogen","source":"UT.no\/DNT"},"type":"Feature"},{"geometry":{"coordinates":[5.7399319999999996,58.830294000000002],"type":"Point"},"id":"parking-ut-146136515","properties":{"description":"Gratis parkering. Maks tid 6timer. Asfaltert del med plass til ca. 6 biler, og et større gruslagt område med plass til 20+ biler. Underlag fast og jevnt. Flatt. Belysning kun i forbindelse med turveien til Stokkelandsvatnet.","elevation":21,"name":"Tronsholen parkering","source":"UT.no\/DNT"},"type":"Feature"},{"geometry":{"coordinates":[10.800255,60.021700000000003],"type":"Point"},"id":"parking-ut-146143854","properties":{"description":"Parkeringsplass ved Mobekken (også kalt Movassbekken) i Maridalen. Utgangangspunkt for både fotturer, sykkelturer og skiturer.","elevation":177,"name":"Mobekken","source":"UT.no\/DNT"},"type":"Feature"},{"geometry":{"coordinates":[6.217409,58.816217000000002],"type":"Point"},"id":"parking-ut-146146787","properties":{"description":"Parkering Turer via Dokkolstølen","elevation":33,"name":"Parkering turer via Dokkolstølen","source":"UT.no\/DNT"},"type":"Feature"},{"geometry":{"coordinates":[11.021380000000001,59.026947999999997],"type":"Point"},"id":"parking-ut-146153618","properties":{"description":"Den nærmeste parkeringen til Storesand Friluftshus. Her er det 3 fine tilrettelagte HC-plasser til parkering. Det er skogsbunn, men fast og jevnt dekke. Adkomst mot turveien til Friluftshuset er rett ut fra nedre kant mot veien.","elevation":13,"name":"Nedre parkering Storesand Friluftshus","source":"UT.no\/DNT"},"type":"Feature"},{"geometry":{"coordinates":[11.024528,59.031233999999998],"type":"Point"},"id":"parking-ut-146153620","properties":{"description":"Den øvre parkeringen ligger ved hovedveien der det er skiltet til Storesand Friluftsområde. Parkeringen er gruset. Ved mye vann blir det ofte store vanndammer og humpete underlag. Det er 2 HC-plasser som er skiltet, men ikke merket. Her er ...","elevation":12,"name":"Øvre parkering Storesand Friområde","source":"UT.no\/DNT"},"type":"Feature"},{"geometry":{"coordinates":[10.734139000000001,59.564630000000001],"type":"Point"},"id":"parking-ut-146156336","properties":{"description":"Gruset parkeringsplass på Kjenn. Her kan du parkere om du ønsker å oppleve Smaalensbanen. Det er et infoskilt om den nedlagte jernbanen som markerer starten på turveien sydover.","elevation":46,"name":"Parkering Smaalensbanen Kjenn","source":"UT.no\/DNT"},"type":"Feature"},{"geometry":{"coordinates":[11.611577,62.830218000000002],"type":"Point"},"id":"parking-ut-146165749","properties":{"description":"På sommerhalvåret er det mulig å kjøre et stykke inn til Jensåsvollen, hvor det er kun 6 km å gå inn til Kjølihytta. Det er passeringsavgift på bommen. Veien stenges med bom på vinterhalvåret.","elevation":811,"name":"Jensåsvollen - Parkering Kjølihytta","source":"UT.no\/DNT"},"type":"Feature"},{"geometry":{"coordinates":[9.4945740000000001,60.469102999999997],"type":"Point"},"id":"parking-ut-146165753","properties":{"elevation":695,"name":"Turufjell Skisenter","source":"UT.no\/DNT"},"type":"Feature"},{"geometry":{"coordinates":[9.4840579999999992,60.468373999999997],"type":"Point"},"id":"parking-ut-146165756","properties":{"elevation":671,"name":"Turufjell Skisenter 2","source":"UT.no\/DNT"},"type":"Feature"},{"geometry":{"coordinates":[11.154954999999999,59.590456000000003],"type":"Point"},"id":"parking-ut-146183527","properties":{"description":"Skilt om kirken og arkeologiske utgravninger på kirkegården.","elevation":150,"name":"Askim kirke, middelalderkirkested og skiltpunkt","source":"UT.no\/DNT"},"type":"Feature"},{"geometry":{"coordinates":[10.616019,60.019598999999999],"type":"Point"},"id":"parking-ut-146204270","properties":{"description":"Stor parkeringsplass rett innenfor Sørkedalen skole.","elevation":160,"name":"Elveli parkering","source":"UT.no\/DNT"},"type":"Feature"},{"geometry":{"coordinates":[10.638904,59.969920000000002],"type":"Point"},"id":"parking-ut-146208733","properties":{"description":"Parkeringsplass på østsiden av Sørkedalsdalsveien ved Bogstad badeplass. Fint utgangspunkt for turer i Bærumsmarka og Nordmarka.","elevation":153,"name":"Parkering ved Bogstad badeplass","source":"UT.no\/DNT"},"type":"Feature"},{"geometry":{"coordinates":[10.619975999999999,59.987713999999997],"type":"Point"},"id":"parking-ut-146208734","properties":{"description":"Parkeringsplass ved Årnes i Sørkedalen. Utgangspunkt for fotturer, skiturer og sykkelturer i Bærumsmarka.","elevation":153,"name":"Årnes parkering","source":"UT.no\/DNT"},"type":"Feature"},{"geometry":{"coordinates":[10.584429999999999,60.019098999999997],"type":"Point"},"id":"parking-ut-146208735","properties":{"description":"Skansebakken innerst i Sørkedalen er et populært utgangspunkt for både fotturer, skiturer og sykkelturer innover i Bærumsmarka og Krokskogen. Fra Skansebakken og innover er er det ofte skiføre tidlig og sent på vinteren.","elevation":177,"name":"Skansebakken parkering","source":"UT.no\/DNT"},"type":"Feature"},{"geometry":{"coordinates":[8.7238140000000008,59.060459000000002],"type":"Point"},"id":"parking-ut-146211711","properties":{"description":"Dette turmålet nås ved å kjøre fylkesveien mellom Bostrak og Treungen. Ved alpinanlegget ligger punktet ved parkeringen for turgående og ved bygget til skisenteret.","elevation":455,"name":"Gautefall Skisenter","source":"UT.no\/DNT"},"type":"Feature"},{"geometry":{"coordinates":[5.987641,62.484414000000001],"type":"Point"},"id":"parking-ut-146408047","properties":{"description":"Stor parkering med plass til 50+ bilder. Gratis.","elevation":5,"name":"Alnes utfartsparkering","source":"UT.no\/DNT"},"type":"Feature"},{"geometry":{"coordinates":[11.151762,59.245327000000003],"type":"Point"},"id":"parking-ut-146550369","properties":{"description":"Ingen HC-plasser og liten umerket parkering. Plassen er gruset med trillefast dekke.","elevation":29,"name":"Parkering Bjørnstadskipet","source":"UT.no\/DNT"},"type":"Feature"},{"geometry":{"coordinates":[11.263856000000001,59.990544],"type":"Point"},"id":"parking-ut-146551626","properties":{"description":"Parkering for turveien ligger like nord for Bingsfossen og Bingsfoss kraftanlegg. Den er asfaltert, men har ingen tilrettelagte HC-plasser.","elevation":114,"name":"Parkering Bingsfossen","source":"UT.no\/DNT"},"type":"Feature"},{"geometry":{"coordinates":[11.263059999999999,59.990653999999999],"type":"Point"},"id":"parking-ut-146551627","properties":{"description":"Parkeringen ved Bingsfossen ligger like før brua og Bingsfoss kraftanlegg. Denne parkeringen ligger bakenfor den første opp mot en rød låve. Det er plass til ca 15 biler.","elevation":115,"name":"Parkering Bingsfossen 2","source":"UT.no\/DNT"},"type":"Feature"},{"geometry":{"coordinates":[11.244914,60.716912999999998],"type":"Point"},"id":"parking-ut-146564207","properties":{"description":"Dette er en parkeringsplass i Sørbygda laget av HHT Stange krets.","elevation":190,"name":"Parkeringsplass i Sørbygda","source":"UT.no\/DNT"},"type":"Feature"},{"geometry":{"coordinates":[11.199585000000001,60.824998000000001],"type":"Point"},"id":"parking-ut-146564208","properties":{"description":"I Hafsalvegen der merket sti går østover inn i skogen er det en parkeringsplass med plass til 6-8 biler.","elevation":222,"name":"Parkeringsplass ved Grindstuen","source":"UT.no\/DNT"},"type":"Feature"},{"geometry":{"coordinates":[9.4908199999999994,62.646859999999997],"type":"Point"},"id":"parking-ut-146571768","properties":{"description":"Ved sørenden av Gjevilvatnet i Trollheimen er det en større parkeringsplass. Dette er et populært utfartssted for skiturer i Trollheimen på vinteren, og det er også korteste vei til Gjevilvasshytta herifra om vinteren. Langs Gjevilvatnet er...","elevation":661,"name":"Osen parkering - Vinterparkering Gjevilvasshytta","source":"UT.no\/DNT"},"type":"Feature"},{"geometry":{"coordinates":[10.563397,63.408669000000003],"type":"Point"},"id":"parking-ut-146591898","properties":{"description":"Stor parkeringsplass på Reppe. Fint startpunkt for turer i nærområdet, blant annet turen til utsiktstårnet på Solemsvåttan. Det er også lysløyper herifra på vinteren.","elevation":209,"name":"Tjønnstuggu parkering","source":"UT.no\/DNT"},"type":"Feature"},{"geometry":{"coordinates":[10.554463,63.395378000000001],"type":"Point"},"id":"parking-ut-146594416","properties":{"description":"Stor parkeringsplass ved Jonsborg, lokaler drevet av Jonsvatnet IL. Det er parkeringsavgift, opplysninger om betaling på stedet. Vær oppmerksom på at det ikke er tillatt å campe\/parkere med campingvogn på stedet. Les mer om Jonsborg på nett...","elevation":154,"name":"Jonsborg parkering","source":"UT.no\/DNT"},"type":"Feature"},{"geometry":{"coordinates":[10.626286,63.110802999999997],"type":"Point"},"id":"parking-ut-146599497","properties":{"description":"Parkeringsplassen er tilgjengelig på sommerhalvåret, brøytes ikke på vinteren. Vær oppmerksom på at det kreves bompenger for å kjøre inn veien til Samsjøen.","elevation":489,"name":"Parkering Samsjøen","source":"UT.no\/DNT"},"type":"Feature"},{"geometry":{"coordinates":[10.459110000000001,63.404614000000002],"type":"Point"},"id":"parking-ut-146599498","properties":{"elevation":171,"name":"Lohove Parkeringsplass","source":"UT.no\/DNT"},"type":"Feature"},{"geometry":{"coordinates":[10.528762,63.116568000000001],"type":"Point"},"id":"parking-ut-146605876","properties":{"description":"Parkerinsplass med god plass ved Håen. Vær oppmerksom på at det kreves bompenger for å kjøre inn veien til Håen.","elevation":412,"name":"Granhaugen parkering","source":"UT.no\/DNT"},"type":"Feature"},{"geometry":{"coordinates":[9.5711019999999998,62.886156999999997],"type":"Point"},"id":"parking-ut-146650804","properties":{"description":"I enden av Jøldalsveien ligger Kleva parkeringsplass. Det er en romslig parkeringsplass, og herifra er det ca. 5 km på kjerrevei inn til Jøldalshytta. Veien inn til Kleva er vinterstengt, men brøytes ofte til påsketider. Det meste av vinter...","elevation":744,"name":"Kleva - Parkering Jøldalshytta sommer","source":"UT.no\/DNT"},"type":"Feature"},{"geometry":{"coordinates":[5.0815049999999999,60.311658999999999],"type":"Point"},"id":"parking-ut-146675097","properties":{"description":"Stor parkeringsplass som utgangspunkt for flotte turer, blant annet opp til Fjell festning. Her er det 4 stk HC-parkeringer. Det er også flere ladepunkt for el-biler.","elevation":58,"name":"Parkering Fjell festning","source":"UT.no\/DNT"},"type":"Feature"},{"geometry":{"coordinates":[6.2745340000000001,62.322603000000001],"type":"Point"},"id":"parking-ut-146682820","properties":{"description":"Parkeringsplass med plass til 20+ biler. Parkeringsavgift. Et godt utgangspunkt for flere flotte toppturer som Molladalen, Middagshornet, Kolevtinden med flere.","elevation":203,"name":"Melbøsætra\/Barstadsætra parkering","source":"UT.no\/DNT"},"type":"Feature"},{"geometry":{"coordinates":[4.8956010000000001,61.095540999999997],"type":"Point"},"id":"parking-ut-146697020","properties":{"description":"Parkeringa ligg ved hyttefeltet Strembeneset.","elevation":34,"name":"Strembeneset","source":"UT.no\/DNT"},"type":"Feature"},{"geometry":{"coordinates":[5.3289470000000003,60.374822000000002],"type":"Point"},"id":"parking-ut-146706063","properties":{"description":"3 HC-parkeringer ved Løvstakkveien 51 i forbindelse med Løvstien","elevation":81,"name":"HC-parkering Løvstien","source":"UT.no\/DNT"},"type":"Feature"},{"geometry":{"coordinates":[10.509658,63.249887999999999],"type":"Point"},"id":"parking-ut-146707371","properties":{"description":"Parkerngsplassen ligger på Brøttem i Klæby, på en øy ved Bjørsjøen nederst i Selbusjøen. Det er bro på begge sider av øya, men broa videre mot Brungmarka er steng med bom. Stedet er et ypperlig startpunkt for turer i Brungmarka.","elevation":161,"name":"Brøttem parkering","source":"UT.no\/DNT"},"type":"Feature"},{"geometry":{"coordinates":[5.2699449999999999,60.340122999999998],"type":"Point"},"id":"parking-ut-146715192","properties":{"description":"Her ved Sælen kirke er det to store HC-parkeringer. De ligger rett ved turveien.","elevation":15,"name":"HC-parkering ved Sælen Kirke","source":"UT.no\/DNT"},"type":"Feature"},{"geometry":{"coordinates":[8.6737699999999993,60.593657999999998],"type":"Point"},"id":"parking-ut-146738846","properties":{"description":"Parkering mef fint utgangspunkt for turar heile året","elevation":1047,"name":"Bosset","source":"UT.no\/DNT"},"type":"Feature"},{"geometry":{"coordinates":[8.9861400000000007,60.826684999999998],"type":"Point"},"id":"parking-ut-146757146","properties":{"description":"Ta heisen til topps og få 1300 meter med fartsfylt moro ned løype i alpinbakken. Mountain Cart er en stor trehjulsykkel uten pedaler. Farten styres enkelt av gode bremser på begge håndtak, så du bestemmer selv hvor fort du vil kjøre nedover...","elevation":877,"name":"Mountain Carting","source":"UT.no\/DNT"},"type":"Feature"},{"geometry":{"coordinates":[11.251981000000001,59.405586],"type":"Point"},"id":"parking-ut-146758327","properties":{"description":"Det er opparbeidet ca. 40 parkeringsplasser langs Grytelandsveien. Ingen vei- eller parkeringsavgift. Adkomst Grytelandstjernet ligger 10 km fra Rakkestad sentrum. Kjør rv. 124 fra Rakkestad sentrum ca. 2,5 km mot Askim. Ta fv. 642 til vens...","elevation":144,"name":"Grytelandstjernet parkering","source":"UT.no\/DNT"},"type":"Feature"},{"geometry":{"coordinates":[9.6093930000000007,59.204188000000002],"type":"Point"},"id":"parking-ut-146765931","properties":{"description":"Padling ved Skien sluse Dersom man ikke kan sluse gjennom Skien sluse (det er mulig i slusesesongen siste uka i juni til midten av august) er det svært krevende å bære\/ trille forbi sluseanlegget i Skien. Vi har derfor valgt å legge til ret...","elevation":6,"name":"Skien sluse","source":"UT.no\/DNT"},"type":"Feature"},{"geometry":{"coordinates":[11.262401000000001,59.59075],"type":"Point"},"id":"parking-ut-146775131","properties":{"description":"Parkeringsplassen ved Morstongveien har et fast og jevnt grusdekke og plass til ca. 23 biler. Det er ikke tilrettelagt HC-parkering. Et fint utgangspunkt for turer på Rudsmosen og Slitu lysløype. Adkomst Fra E18 retning Oslo Fra E18 tar du ...","elevation":176,"name":"Morstongveien parkering","source":"UT.no\/DNT"},"type":"Feature"},{"geometry":{"coordinates":[11.442605,59.503180999999998],"type":"Point"},"id":"parking-ut-146798947","properties":{"description":"Dette er en parkeringsplass med plass til 4–5 biler, inntil Dammyrveien. Parkeringen ligger rett ved en tilrettelagt sti, det kan være at bilen ved siden av trenger ekstra plass, parker hensynsfylt. Alternativt kan man kjøre litt lenger inn...","elevation":245,"name":"Midtre Ertevannet parkering","source":"UT.no\/DNT"},"type":"Feature"},{"geometry":{"coordinates":[11.313615,60.740917000000003],"type":"Point"},"id":"parking-ut-146824134","properties":{"description":"Fint utgangspunkt med merkede stier i flere retninger. Kan brukes til parkering for 5-6 biler. Enden av grusvei med plass for tømmer når det er hogst. Vis hensyn overfor beboerne der.","elevation":264,"name":"Parkering Bårhus","source":"UT.no\/DNT"},"type":"Feature"},{"geometry":{"coordinates":[9.5262729999999998,59.281941000000003],"type":"Point"},"id":"parking-ut-146850909","properties":{"description":"På grunn av anleggsarbeidet som for tiden pågår ved Google sitt datasenterområde på Gromstul, så vil eksisterende turparkering helt eller delvis være stengt. Besøkende i dette området bes derfor om å benytte parkering ved Bliva eller turpar...","elevation":48,"name":"Bliva parkering","source":"UT.no\/DNT"},"type":"Feature"},{"geometry":{"coordinates":[11.869342,61.519762999999998],"type":"Point"},"id":"parking-ut-146887641","properties":{"description":"Stor parkeringsplass ved Simenstua i Trysil-Knuts Fjellverden.","elevation":795,"name":"Parkering Simenstua","source":"UT.no\/DNT"},"type":"Feature"},{"geometry":{"coordinates":[7.8816990000000002,63.086412000000003],"type":"Point"},"id":"parking-ut-146887664","properties":{"description":"Parkeringsplassen ved Bjerkelund skole er utgangspunkt for turer inn i Freimarka eller bruk av lysløypa","elevation":47,"name":"Ørnvika\/Bjerkelund skole","source":"UT.no\/DNT"},"type":"Feature"},{"geometry":{"coordinates":[7.8285030000000004,63.092627],"type":"Point"},"id":"parking-ut-146887665","properties":{"description":"Parkeringen ved Trafostasjonen er utgangspunkt for turer inn i Freimarka som f.eks. Breilia, Matlausfjellet, Kjerringvatnet mm. Mange parkerer også her for å gå tur på grusvei langs Rensvikvatnet.","elevation":36,"name":"Rensvik (Trafo-stasjon Sylte) - Parkering","source":"UT.no\/DNT"},"type":"Feature"},{"geometry":{"coordinates":[8.5234719999999999,59.011468999999998],"type":"Point"},"id":"parking-ut-146887698","properties":{"description":"Artig museum for store og små. Mange tematiske utstillingar med gjenstandar frå forskjellige tidsepokar. Det er over 50 utstillingar med sjeldne bilar, telefonens historie, hattar, ein gammal landhandel, reklameskilt, symaskiner, trykkerihi...","elevation":250,"name":"Z - Museum","source":"UT.no\/DNT"},"type":"Feature"},{"geometry":{"coordinates":[7.8012889999999997,63.115355999999998],"type":"Point"},"id":"parking-ut-146887701","properties":{"description":"Parkering og startpunkt for Sherpastien Kvernberget Opp","elevation":84,"name":"Rørgata\/Sherpastien Kvernberget Opp","source":"UT.no\/DNT"},"type":"Feature"},{"geometry":{"coordinates":[7.8369489999999997,63.123556999999998],"type":"Point"},"id":"parking-ut-146887712","properties":{"description":"Parkering for turer rundt i omrpdet Gløsvågen","elevation":2,"name":"Gløsvågen Parkeringsplass","source":"UT.no\/DNT"},"type":"Feature"},{"geometry":{"coordinates":[7.8714380000000004,63.077705999999999],"type":"Point"},"id":"parking-ut-146887713","properties":{"description":"Ta av i krysset i Ørnvika ved næringsbygget til Jostein Skjetne. Følg veien Kleivabakken som går over i veien Rabben til enden. Her er det en parkeringsplass, startpunkt og skiltstokk som viser retning videre inn i Freimarka","elevation":77,"name":"Rabben\/Ørnvika vest","source":"UT.no\/DNT"},"type":"Feature"},{"geometry":{"coordinates":[7.868322,63.062061999999997],"type":"Point"},"id":"parking-ut-146887714","properties":{"description":"Parkeringsplassen ved Harpskaret er utgangspunkt for ulike turer inn i Freimarka","elevation":63,"name":"Harpskaret - parkering","source":"UT.no\/DNT"},"type":"Feature"},{"geometry":{"coordinates":[8.973967,62.956217000000002],"type":"Point"},"id":"parking-ut-146887761","properties":{"description":"Vindøldalen er meget fin for familietur på sykkel. Fra bommen og innover dalen er det 8 km på nesten flat vei. Så her er det lett å sykle også for de minste. Langs veien er det flere interessante plasser som er verdt et besøk. Vindøldalen h...","elevation":310,"name":"Sykkeltur i Vindøldalen","source":"UT.no\/DNT"},"type":"Feature"},{"geometry":{"coordinates":[8.9557830000000003,62.543576000000002],"type":"Point"},"id":"parking-ut-146887811","properties":{"description":"Historiske Vangshaugen ligger ved Storvatnet i Grødalen, rett ved foten av Sunndalsfjellenes høye topper. På turen inn til Vangshaugen, fra Gjøra i Sunndalen, passerer du gamle fjellgarder og mektige fossefall før Grødalen åpner seg med elv...","elevation":739,"name":"Vangshaugen","source":"UT.no\/DNT"},"type":"Feature"},{"geometry":{"coordinates":[8.0815870000000007,63.216653000000001],"type":"Point"},"id":"parking-ut-146887819","properties":{"description":"Parkering i start av skogsbilveien (vei 76181) som går innover Gullsteinsdalen, til parkerings-\/lunneplassen ved Follåelva. Fra parkeringen i enden av veien er det en sti mot Gullsteinvollen som krysser elva og en sti som fører opp til Nons...","elevation":60,"name":"Veiset Rv 680 (Tustna) - parkering Gullsteinvollen","source":"UT.no\/DNT"},"type":"Feature"},{"geometry":{"coordinates":[8.9463740000000005,62.485089000000002],"type":"Point"},"id":"parking-ut-146887821","properties":{"description":"Parkering for turer innover Grøvudalen og Grøvudalshytta","elevation":769,"name":"Hallen","source":"UT.no\/DNT"},"type":"Feature"},{"geometry":{"coordinates":[9.0945110000000007,62.500332999999998],"type":"Point"},"id":"parking-ut-146887822","properties":{"description":"Fra Jenstad følg bomveien til Linndalen\/Dindalen til Melan og parkeringsplassen før brua over elva Linndøla. Traktorvei videre innover til Gammelsetra og videre innover til Dindalen og Dindalshytta.","elevation":750,"name":"Melan i Linndalen\/Dindalen","source":"UT.no\/DNT"},"type":"Feature"},{"geometry":{"coordinates":[9.0833390000000005,62.492829],"type":"Point"},"id":"parking-ut-146887823","properties":{"description":"Fra Jenstad følg bomveien til Linndalen\/Dindalen til Melan. Kjør over brua og elva Linndøla. Etter ca. 1.5 km kryss. Følg veien videre rett fram til Middagshjellan og enden av veien. Mulighet for parkering.","elevation":782,"name":"Middagshjellan","source":"UT.no\/DNT"},"type":"Feature"},{"geometry":{"coordinates":[9.1265739999999997,62.567430999999999],"type":"Point"},"id":"parking-ut-146887824","properties":{"description":"Parkeringsplass (avgiftsparkering) og startpunkt til KNT Vollasetra, Volladalen og Ekkertind","elevation":202,"name":"Vollan gård","source":"UT.no\/DNT"},"type":"Feature"},{"geometry":{"coordinates":[8.1536960000000001,63.206010999999997],"type":"Point"},"id":"parking-ut-146887850","properties":{"description":"Parkering ved Gullstein kirke for fottur til Gullsteinvollen og andre turmål på Tustna.","elevation":6,"name":"Gullstein kirke, parkering Gullsteinsvollen","source":"UT.no\/DNT"},"type":"Feature"},{"geometry":{"coordinates":[9.9308840000000007,59.785662000000002],"type":"Point"},"id":"parking-ut-146887914","properties":{"description":"Utfartsparkering øverst i Harakollen. Utgangspunkt for flere turer i Finnemarka. Infotavle på stedet","elevation":128,"name":"Harakollen utfartsparkering","source":"UT.no\/DNT"},"type":"Feature"},{"geometry":{"coordinates":[6.2628969999999997,61.549557999999998],"type":"Point"},"id":"parking-ut-146887915","properties":{"description":"Parkeringsplass på Indrebø på Ålhus. Laga til for parkering til folk som skal på fjellturar, skitur og topptur. Blir måka om vinteren. Betaling for parkering med Vipps. Betaling for enkelt parkering, eller årskort for bruk av alle toppturpa...","elevation":279,"name":"Toppturparkering på Indrebø","source":"UT.no\/DNT"},"type":"Feature"},{"geometry":{"coordinates":[6.2410480000000002,61.539358],"type":"Point"},"id":"parking-ut-146887916","properties":{"description":"Parkeringsplass på Nedrebø på Ålhus. Laga til for parkering til folk som skal på fjellturar, skitur og topptur. Blir måka om vinteren. Betaling for parkering med Vipps. Betaling for enkelt parkering, eller årskort for bruk av alle toppturpa...","elevation":266,"name":"Toppturparkering på Nedrebø","source":"UT.no\/DNT"},"type":"Feature"},{"geometry":{"coordinates":[8.787865,63.222388000000002],"type":"Point"},"id":"parking-ut-146887951","properties":{"description":"Parkering. Startpunkt og utgangspunkt for trekantturen \"Solrunden\" til Storfiskhytta og Sollia via Todalsfjellet. Merket sti.","elevation":109,"name":"Todalssetra i Aure kommune - Parkering Sollia og Storfiskhytta","source":"UT.no\/DNT"},"type":"Feature"},{"geometry":{"coordinates":[8.8223439999999993,63.289651999999997],"type":"Point"},"id":"parking-ut-146887952","properties":{"description":"Bomvei til Klakkan fra Årvågsfjorden. Parkering til turområdet ved Klakken. Også start på sti til Storfiskhytta og Sollia. Dagsturmål til Todalsfjellet, Litlklakken og Storklakken.","elevation":314,"name":"Klakkan i Aure - parkering","source":"UT.no\/DNT"},"type":"Feature"},{"geometry":{"coordinates":[8.9971599999999992,63.210852000000003],"type":"Point"},"id":"parking-ut-146888015","properties":{"description":"Parkering og startpunkt for tur til Sollia og Storfiskhytta. Trekanttur: Geilhaugen - Sollia - Storfiskhytta - Geilhaugen, alternativ \"Solrunden\"","elevation":97,"name":"Geilhaugen Vinjeøra - Parkering Sollia og Storfiskhytta","source":"UT.no\/DNT"},"type":"Feature"},{"geometry":{"coordinates":[8.8982270000000003,63.095984999999999],"type":"Point"},"id":"parking-ut-146888018","properties":{"description":"Parkering Øygarden i Bæverdalen - startpunkt for dagstur til Grytbakksetra og hyttene på Fjordruta","elevation":313,"name":"Øygarden i Bæverdalen - Parkering Grytbakksetra","source":"UT.no\/DNT"},"type":"Feature"},{"geometry":{"coordinates":[8.6449630000000006,63.094419000000002],"type":"Point"},"id":"parking-ut-146888021","properties":{"description":"Parkering - startpunkt for dagsturer turer til Hardbakkhytta og Tverrlihytta og trekantturen fra Reinslivatnet - Hardbakkhytta - Tverrlihytta - Reinslivatnet","elevation":150,"name":"Reinslivatnet - Parkering Tverrlihytta og Hardbakkhytta","source":"UT.no\/DNT"},"type":"Feature"},{"geometry":{"coordinates":[7.8447399999999998,63.129829999999998],"type":"Point"},"id":"parking-ut-146888102","properties":{"description":"parkering Kolvika. parkering og utgangspunkt for rundturen \"Sandvikstien\", badeplassen Kolvika og fiskeplasser i området på yttersiden mot Tustna","elevation":19,"name":"Kolvika - parkering Sandvikstien","source":"UT.no\/DNT"},"type":"Feature"},{"geometry":{"coordinates":[8.3841529999999995,63.020598999999997],"type":"Point"},"id":"parking-ut-146888103","properties":{"description":"Parkering Bøfjorden, i krysset Settem\/Bøfjordøra) for tur til Jutulbu og de ulike turmål i området","elevation":28,"name":"Bøfjorden - Parkering Jutulbu","source":"UT.no\/DNT"},"type":"Feature"},{"geometry":{"coordinates":[8.4293200000000006,63.050251000000003],"type":"Point"},"id":"parking-ut-146888105","properties":{"description":"Bjønnastøtta Parkering. Utgangspunkt for tur til Jutulbu og ulike turmål i området","elevation":176,"name":"Bjønnastøtta - Parkering Jutulbu","source":"UT.no\/DNT"},"type":"Feature"},{"geometry":{"coordinates":[8.6525700000000008,63.041631000000002],"type":"Point"},"id":"parking-ut-146888163","properties":{"description":"Ca. 3 km opp Bæverdalen fra Bæverfjord til skilt ved veien, parkering til Tverrlihytta ca. 100 m lenger øst. Skogsvei opp lia, forbi Seterbøsetrin videre nordover på sti. Bratt stigning til Tverrlihytta.","elevation":19,"name":"Sæterbøen - parkering Tverrlihytta","source":"UT.no\/DNT"},"type":"Feature"},{"geometry":{"coordinates":[6.6568719999999999,61.515554999999999],"type":"Point"},"id":"parking-ut-146888176","properties":{"description":"Parkeringsplass der det er utsiktspunkt til Kjøsnesfjorden. Parkeringa, rett ved Fjærlandstunellen, er starten på turen opp Lundeskaret.","elevation":347,"name":"Lunde parkering","source":"UT.no\/DNT"},"type":"Feature"},{"geometry":{"coordinates":[6.390841,61.523023999999999],"type":"Point"},"id":"parking-ut-146888178","properties":{"description":"Parkeringsplass laga til for parkering til folk som skal på fjellturar, skitur og topptur. Blir måka om vinteren. Betaling for parkering med Vipps. Betaling for enkelt parkering, eller årskort for bruk av alle toppturparkeringane i Sunnfjor...","elevation":448,"name":"Toppturparkering Dvergsdalsdalen (Ola-hansfjellet)","source":"UT.no\/DNT"},"type":"Feature"},{"geometry":{"coordinates":[6.428795,61.529127000000003],"type":"Point"},"id":"parking-ut-146888179","properties":{"description":"Parkeringsplass laga til for parkering til folk som skal på fjellturar, skitur og topptur. Blir måka om vinteren. Betaling for parkering med Vipps. Betaling for enkelt parkering, eller årskort for bruk av alle toppturparkeringane i Sunnfjor...","elevation":481,"name":"Toppturparkering Dvergsdalsdalen (Leite, skihytta)","source":"UT.no\/DNT"},"type":"Feature"},{"geometry":{"coordinates":[6.1539659999999996,61.519233999999997],"type":"Point"},"id":"parking-ut-146888180","properties":{"description":"Parkeringsplass laga til for parkering til folk som skal på fjellturar, skitur og topptur. Blir måka om vinteren. Betaling for parkering med Vipps. Betaling for enkelt parkering, eller årskort for bruk av alle toppturparkeringane i Sunnfjor...","elevation":345,"name":"Toppturparkering Berg\/Svidalen (Steinegga)","source":"UT.no\/DNT"},"type":"Feature"},{"geometry":{"coordinates":[6.1501210000000004,61.516925999999998],"type":"Point"},"id":"parking-ut-146888181","properties":{"description":"Parkeringsplass laga til for parkering til folk som skal på fjellturar, skitur og topptur. Blir måka om vinteren. Betaling for parkering med Vipps. Betaling for enkelt parkering, eller årskort for bruk av alle toppturparkeringane i Sunnfjor...","elevation":317,"name":"Toppturparkering Berg\/Svidalen (Tindefjellet)","source":"UT.no\/DNT"},"type":"Feature"},{"geometry":{"coordinates":[6.7126340000000004,61.618290000000002],"type":"Point"},"id":"parking-ut-146888182","properties":{"description":"Parkeringsplass laga til for parkering til folk som skal på fjellturar, skitur og topptur. Blir måka om vinteren. Betaling for parkering med Vipps. Betaling for enkelt parkering, eller årskort for bruk av alle toppturparkeringane i Sunnfjor...","elevation":341,"name":"Toppturparkering Høyset (Stardalen)","source":"UT.no\/DNT"},"type":"Feature"},{"geometry":{"coordinates":[6.3328449999999998,61.557876999999998],"type":"Point"},"id":"parking-ut-146888183","properties":{"description":"Parkeringsplass laga til for parkering til folk som skal på fjellturar, skitur og topptur. Blir måka om vinteren. Betaling for parkering med Vipps. Betaling for enkelt parkering, eller årskort for bruk av alle toppturparkeringane i Sunnfjor...","elevation":276,"name":"Toppturparkering Årdalen","source":"UT.no\/DNT"},"type":"Feature"},{"geometry":{"coordinates":[6.1639189999999999,61.469231999999998],"type":"Point"},"id":"parking-ut-146888184","properties":{"description":"Parkeringsplass i ende av skogsveg. Betaling mot Vipps for bruk av skogsveg og parkeringsplass.","elevation":560,"name":"Parkering Trinta","source":"UT.no\/DNT"},"type":"Feature"},{"geometry":{"coordinates":[6.1419829999999997,61.466337000000003],"type":"Point"},"id":"parking-ut-146888185","properties":{"description":"Parkeringsplass i ende av skogsveg. Betaling mot Vipps for bruk av skogsveg og parkeringsplass.","elevation":555,"name":"Parkering Bakkestøylen","source":"UT.no\/DNT"},"type":"Feature"},{"geometry":{"coordinates":[6.0618230000000004,61.493918999999998],"type":"Point"},"id":"parking-ut-146888186","properties":{"description":"Parkeringsplass som grunneigar har laga til for parkering. Betaling med vipps for bruk av parkeringsplassen. Parker bilen slik at den ikkje er til hinder for trafikk i vegen og gardsdrifta.","elevation":279,"name":"Parkering Flugekvam","source":"UT.no\/DNT"},"type":"Feature"},{"geometry":{"coordinates":[6.2621229999999999,61.505012999999998],"type":"Point"},"id":"parking-ut-146888187","properties":{"description":"Parkeringsplass som grunneigar har laga til for parkering. Betaling med vipps for bruk av parkeringsplassen. Parker bilen slik at den ikkje er til hinder for trafikk i vegen og gardsdrifta.","elevation":322,"name":"Parkering Brendene","source":"UT.no\/DNT"},"type":"Feature"},{"geometry":{"coordinates":[6.255172,61.486269],"type":"Point"},"id":"parking-ut-146888188","properties":{"description":"Parkeringsplass i ende av skogsveg. Betaling mot Vipps for bruk av skogsveg og parkeringsplass.","elevation":504,"name":"Parkering Ytre Sanddalsstøylen","source":"UT.no\/DNT"},"type":"Feature"},{"geometry":{"coordinates":[6.2636810000000001,61.48677],"type":"Point"},"id":"parking-ut-146888189","properties":{"description":"Parkeringsplass i ende av skogsveg. Betaling mot Vipps for bruk av skogsveg og parkeringsplass.","elevation":505,"name":"Parkering Indre Sanddalsstøylen","source":"UT.no\/DNT"},"type":"Feature"},{"geometry":{"coordinates":[6.4286830000000004,61.519447],"type":"Point"},"id":"parking-ut-146888190","properties":{"description":"Parkeringsplass i ende av skogsveg. Betaling mot Vipps for bruk av skogsveg og parkeringsplass.","elevation":518,"name":"Parkering Dvergsdalsstøylen","source":"UT.no\/DNT"},"type":"Feature"},{"geometry":{"coordinates":[6.2894779999999999,61.510748],"type":"Point"},"id":"parking-ut-146888191","properties":{"description":"Parkeringsplass ved grustak i Sanddalen. Markert i kartet som tilgjengeleg parkeringsplass.","elevation":211,"name":"Parkering Sanddalsstrand","source":"UT.no\/DNT"},"type":"Feature"},{"geometry":{"coordinates":[6.479965,61.571883],"type":"Point"},"id":"parking-ut-146888192","properties":{"description":"Parkeringsplass sett av ved hotellet for bruk av turgåarar til dagsturhytta Fjellro.","elevation":209,"name":"Parkering Dagsturhytta Fjellro","source":"UT.no\/DNT"},"type":"Feature"},{"geometry":{"coordinates":[6.1133579999999998,61.493997],"type":"Point"},"id":"parking-ut-146888193","properties":{"description":"Parkeringsplass ved Jølstravatnet der det er badeplass, stupebrett og turstart til Tindefjellet. Gratis offentleg parkeringsplass.","elevation":209,"name":"Parkering brygga Vassenden","source":"UT.no\/DNT"},"type":"Feature"},{"geometry":{"coordinates":[6.7293050000000001,61.631511000000003],"type":"Point"},"id":"parking-ut-146888194","properties":{"description":"Parkeringsplass i ende av skogsveg. Betaling for bruk av skogsveg og parkeringsplass ved automatisk skiltlesing når du køyrer inn på skogsvegen.","elevation":632,"name":"Parkering Haugastøylen","source":"UT.no\/DNT"},"type":"Feature"},{"geometry":{"coordinates":[6.5179489999999998,61.574627],"type":"Point"},"id":"parking-ut-146888195","properties":{"description":"Parkeringsplass i ende av skogsveg. Betaling mot Vipps for bruk av skogsveg og parkeringsplass. Merk at denne skogsvegen i 2023-2024 har vore stengt av for bruk. Vert truleg holdt stengt også framover. Sjå informasjon ved start av skogsveg.","elevation":522,"name":"Parkering Dammen Fossheimsdalen","source":"UT.no\/DNT"},"type":"Feature"},{"geometry":{"coordinates":[6.6408829999999996,61.591034999999998],"type":"Point"},"id":"parking-ut-146888196","properties":{"description":"Parkeringsplass i ende av skogsveg. Betaling mot Vipps for bruk av skogsveg og parkeringsplass.","elevation":594,"name":"Parkering Befringsdalen","source":"UT.no\/DNT"},"type":"Feature"},{"geometry":{"coordinates":[6.640555,61.610509],"type":"Point"},"id":"parking-ut-146888197","properties":{"description":"Parkeringsplass ved start av skogsveg før du køyrer gjennom bommen. Parker slik at du ikkje er til hinder for trafikk og gardsarbeid, og bruk av velteplassen til skogsarbeid.","elevation":335,"name":"Parkering Befring","source":"UT.no\/DNT"},"type":"Feature"},{"geometry":{"coordinates":[6.4319819999999996,61.561649000000003],"type":"Point"},"id":"parking-ut-146888198","properties":{"description":"Parkeringsplass i start av skogsveg heilt nede ved Jølstravatnet. Parker slik at du ikkje er til hinder for trafikk og gardsdrift på skogsvegen.","elevation":215,"name":"Parkering Jølstravatnet (Hus)","source":"UT.no\/DNT"},"type":"Feature"},{"geometry":{"coordinates":[6.3944049999999999,61.580497999999999],"type":"Point"},"id":"parking-ut-146888199","properties":{"description":"Parkeringsplass i ende av skogsveg. Betaling mot Vipps for bruk av skogsveg og parkeringsplass.","elevation":565,"name":"Parkering Helgheimsstøylen","source":"UT.no\/DNT"},"type":"Feature"},{"geometry":{"coordinates":[6.3086859999999998,61.593435999999997],"type":"Point"},"id":"parking-ut-146888200","properties":{"description":"Parkeringsplass i ende av skogsveg. Betaling mot Vipps for bruk av skogsveg og parkeringsplass.","elevation":347,"name":"Parkering Legestøylen","source":"UT.no\/DNT"},"type":"Feature"},{"geometry":{"coordinates":[6.3316999999999997,61.561872999999999],"type":"Point"},"id":"parking-ut-146888201","properties":{"description":"Parkeringsplassar som er laga til for parkering i Årdalen skisenter (langrennsløyper). Parkering mot avgift.","elevation":309,"name":"Parkering Årdalen skisenter","source":"UT.no\/DNT"},"type":"Feature"},{"geometry":{"coordinates":[6.0910029999999997,61.482621000000002],"type":"Point"},"id":"parking-ut-146888202","properties":{"description":"Jølster Skisenter sin parkering ved varmestova. Parkerings også for bruk til Jølster Løypelag sine skiløyper.","elevation":240,"name":"Parkering Jølster Skisenter","source":"UT.no\/DNT"},"type":"Feature"},{"geometry":{"coordinates":[6.0889420000000003,61.474449999999997],"type":"Point"},"id":"parking-ut-146888203","properties":{"description":"Parkeringsplass i ende av vegen som går opp til øvste del av Jølster Skisenter. Betaling mot bruk av skogsveg og parkeringsplass. Automatisk registrering av bilskilt når du køyrer inn på vegen.","elevation":466,"name":"Parkering Øygardsstøylen (Jølster Skisenter)","source":"UT.no\/DNT"},"type":"Feature"},{"geometry":{"coordinates":[6.0967950000000002,61.475194999999999],"type":"Point"},"id":"parking-ut-146888204","properties":{"description":"Parkeringsplass ved vegen som går opp til øvste del av Jølster Skisenter og Holtane hyttegrend. parkeringsplassen tek deg ut i langrennsløypa. Betaling mot bruk av skogsveg og parkeringsplass. Automatisk registrering av bilskilt når du køyr...","elevation":471,"name":"Parkering Holtane","source":"UT.no\/DNT"},"type":"Feature"},{"geometry":{"coordinates":[6.5296440000000002,61.609667000000002],"type":"Point"},"id":"parking-ut-146888205","properties":{"description":"Parkeringsplass. Ingen betaling.","elevation":224,"name":"Parkering Klakegg","source":"UT.no\/DNT"},"type":"Feature"},{"geometry":{"coordinates":[6.4313279999999997,61.536921],"type":"Point"},"id":"parking-ut-146888206","properties":{"description":"Parkeringsplass ved grustak. Parker slik at du ikkje er til hinder for trafikken i vegen. Denne parkeringsplassen har ofte mange bilar. Parker slik at det vert plass til så mange som mogeleg.","elevation":433,"name":"Parkering Grustaket Hamnanova\/Orkja","source":"UT.no\/DNT"},"type":"Feature"},{"geometry":{"coordinates":[6.4003199999999998,61.560425000000002],"type":"Point"},"id":"parking-ut-146888207","properties":{"description":"Offentlig parkeringsplass ved Helgheim kyrkje.","elevation":209,"name":"Parkering Helgheim kyrkje","source":"UT.no\/DNT"},"type":"Feature"},{"geometry":{"coordinates":[6.2334690000000004,61.530875999999999],"type":"Point"},"id":"parking-ut-146888208","properties":{"description":"Parkeringsplassar ved Ålhus kyrkje.","elevation":212,"name":"Parkering Ålhus kyrkje","source":"UT.no\/DNT"},"type":"Feature"},{"geometry":{"coordinates":[8.6494979999999995,63.288083999999998],"type":"Point"},"id":"parking-ut-146888242","properties":{"description":"Tverrbotn ligger øverst i Aurdalen, Aure kommune. Her er det parkeringsmulighet om sommeren, et godt utgangspunkt for tur inn til DNT Rovangen.","elevation":280,"name":"Tverrbotn (Aurdalen) - parkering Rovangen","source":"UT.no\/DNT"},"type":"Feature"},{"geometry":{"coordinates":[8.747071,63.064335999999997],"type":"Point"},"id":"parking-ut-146888262","properties":{"description":"Myrholten i Bæverdalen - parkering for ruta opp til Hardbakkhytta. Parker ved bommen og følg anleggsveien til Myrholtvatnet og uttaket til kraftstasjonen. Følg T-merket sti til venstre og følg denne opp lia og videre innover og opp fjellet ...","elevation":144,"name":"Myrholten - parkering til Hardbakkhytta","source":"UT.no\/DNT"},"type":"Feature"},{"geometry":{"coordinates":[8.6244420000000002,63.281311000000002],"type":"Point"},"id":"parking-ut-146888421","properties":{"description":"Ved Austli i Aurdalen finner man Aure IL sitt skianlegg for langrenn. Her er det godt med parkeringsmuligheter og et naturlig startsted for turer inn i Aurefjella. Vinterparkering også for turer til DNT Rovangen.","elevation":174,"name":"Austli (Aurdalen) - parkering og skianlegg","source":"UT.no\/DNT"},"type":"Feature"},{"geometry":{"coordinates":[9.8806999999999992,59.785578999999998],"type":"Point"},"id":"parking-ut-146888480","properties":{"description":"Parkering, fint utgangspunkt for helårs turløype","elevation":93,"name":"Hoensmarka, Parkering","source":"UT.no\/DNT"},"type":"Feature"},{"geometry":{"coordinates":[11.090168999999999,60.787858999999997],"type":"Point"},"id":"parking-ut-146888495","properties":{"description":"Dette er en fin parkeringsplass hvis man ønsker å dra på tur langs Mjøsa.","elevation":125,"name":"Parkering Espern","source":"UT.no\/DNT"},"type":"Feature"},{"geometry":{"coordinates":[11.035329000000001,60.812708999999998],"type":"Point"},"id":"parking-ut-146888496","properties":{"description":"Dette er en fin parkering hvis man ønsker å dra på tur i Furuberget.","elevation":191,"name":"Parkering nedre vanntårn ved Lyren","source":"UT.no\/DNT"},"type":"Feature"},{"geometry":{"coordinates":[11.049144,60.820462999999997],"type":"Point"},"id":"parking-ut-146888497","properties":{"description":"Dette er en parkeringsplass hvis man ønsker å dra på tur i Frøbergsberget og Furuberget. Her er det plass til 4-5 biler.","elevation":244,"name":"Parkering nedenfor Gubbestujordet","source":"UT.no\/DNT"},"type":"Feature"},{"geometry":{"coordinates":[11.160155,61.059530000000002],"type":"Point"},"id":"parking-ut-146888498","properties":{"description":"Dette er en liten parkeringsplass hvis man ønsker å gå på tur til Sandfløten, Brennsæteråsen, Lavåfalla eller langs Rondanestien. Dersom det ikke er plass til å parkere her, kjør litt nordover og parker i krysset der Jomfrudalsvegen tar av ...","elevation":634,"name":"Parkering Lavlia sæter","source":"UT.no\/DNT"},"type":"Feature"},{"geometry":{"coordinates":[9.293139,59.575605000000003],"type":"Point"},"id":"parking-ut-146888619","properties":{"description":"Dette er hovedparkeringen for alle turmulighetene på Tinnemyra-området. Her er det god parkering som også blir brøytet og strødd på vintertid. Dette er rett ved utgangspunktet for en lang, lang rekke ulike turer, korte som lange i dette flo...","elevation":179,"name":"Parkering ved Tinnemyra","source":"UT.no\/DNT"},"type":"Feature"},{"geometry":{"coordinates":[8.8657660000000007,63.088363999999999],"type":"Point"},"id":"parking-ut-146888651","properties":{"description":"Parkeringsplass på Brattset er godt tilrettelagt og har plass til en del kjøretøy. Ved tur til Grytbakksetra eller området rundt anbefales det å bruke denne parkeringsplassen. Det er brøytet vei hit på vinter. Det er også en begrenset parke...","elevation":281,"name":"Parkering Brattset, Bæverdalen","source":"UT.no\/DNT"},"type":"Feature"},{"geometry":{"coordinates":[9.4141080000000006,58.871104000000003],"type":"Point"},"id":"parking-ut-146888664","properties":{"description":"Stor kirke iKragerø sentrum. Kirke ble innviet i 1870 og er en nygotisk kirke tegnet av Georg Andreas Bull og bygget i tegl. For å komme til turmålet, følg riksvei 38 til Kragerø, sving til høyre ved rundkjøringen ved ferjekaia og kjør opp ...","elevation":12,"name":"Kragerø Kirke","source":"UT.no\/DNT"},"type":"Feature"},{"geometry":{"coordinates":[5.7760809999999996,58.794665999999999],"type":"Point"},"id":"parking-ut-146888673","properties":{"description":"Her er det god plass til å sette flere biler. Her i fra er det mange fine turmuligheter.","elevation":52,"name":"Parkeringsplass ved gamle \"Bråstein Stasjon\"","source":"UT.no\/DNT"},"type":"Feature"},{"geometry":{"coordinates":[14.628717999999999,67.320079000000007],"type":"Point"},"id":"parking-ut-146888765","properties":{"description":"Dette er en av 'nnfallsportene til Sjunkhatten nasjonalpark. Oversiktelige infotavler om parken, stor parkeringsplass og bra med benker om man vil hvile beina.","elevation":57,"name":"Heia","source":"UT.no\/DNT"},"type":"Feature"},{"geometry":{"coordinates":[9.2288840000000008,61.270938999999998],"type":"Point"},"id":"parking-ut-146888816","properties":{"description":"Sommerparkering for Storeskag turisthytte eller for turer herfra. Parkeringen tilhører nasjonalparkstyret i Langsua nasjonalpark","elevation":1117,"name":"Parkering Storeskag","source":"UT.no\/DNT"},"type":"Feature"},{"geometry":{"coordinates":[9.0675340000000002,61.727649],"type":"Point"},"id":"parking-ut-146888825","properties":{"description":"Vinteren 2025 er parkeringen for transport og skitur til Glitterheim flyttet fra Veolie til Randsverk. Les mer på Glitterheim sine hjemmesider","elevation":738,"name":"Vinterparkering Randsverk Glitterheim","source":"UT.no\/DNT"},"type":"Feature"},{"geometry":{"coordinates":[6.6502790000000003,61.619084000000001],"type":"Point"},"id":"parking-ut-146888850","properties":{"description":"Parkeringsplass ved fylkesvegen som grunneigarar har laga til for bruk til turar i Veitebergsdalen. Rasteplass ved parkeringa. Merk at skogsvegen er privat og ikkje er open for trafikk utan at ein har løyve av grunneigar.","elevation":285,"name":"Parkering Veiteberg","source":"UT.no\/DNT"},"type":"Feature"},{"geometry":{"coordinates":[8.4752089999999995,62.523121000000003],"type":"Point"},"id":"parking-ut-146888972","properties":{"description":"Ved Holbudammen er det godt etablert parkeringsplass for turer i området Holbu\/Torbudalen. T-merket sti fra Reinsvassbu til Raubergshytta går forbi parkeringen, det er også turmuligheter til Toppheis ved den gamle traseen til Aurabanen.","elevation":792,"name":"Holbudammen","source":"UT.no\/DNT"},"type":"Feature"},{"geometry":{"coordinates":[11.206367,60.125253000000001],"type":"Point"},"id":"parking-ut-146889015","properties":{"description":"Parkeringsplass med tillgang til Rambymarka og Åsmarka. Plassen er stort sett tilgjengelig hele året. Plassen ligger langs rv1552 (Rambydalsvegen).","elevation":207,"name":"Parkeringsplass Rambydalsvegen","source":"UT.no\/DNT"},"type":"Feature"},{"geometry":{"coordinates":[11.208451,60.192031999999998],"type":"Point"},"id":"parking-ut-146889016","properties":{"description":"Parkeringsplass for adkomst til Utsikten og Hovinfjellet turområde.","elevation":214,"name":"Parkeringsplass Skyttervegen","source":"UT.no\/DNT"},"type":"Feature"},{"geometry":{"coordinates":[11.176482,60.128984000000003],"type":"Point"},"id":"parking-ut-146889041","properties":{"description":"Parkeringsplassen ligger i tilknytning til Ole Korslunds veg. Adkomst via rundkjøringen ved Teigen. Fra plassen er det adkomst til stinettet mot Rambymarka og mot Høyfjellet (via lysløypa). Parkeringsplassen er åpen for alle og har per 4.5....","elevation":200,"name":"Parkeringsplass Teigen","source":"UT.no\/DNT"},"type":"Feature"},{"geometry":{"coordinates":[11.178255,60.140191999999999],"type":"Point"},"id":"parking-ut-146889061","properties":{"description":"Parkeringsplassen er en offentlig parkeringsplass. Se bilde 2 for parkeringsbestemmelser.","elevation":205,"name":"Parkeringsplass Allergot skole","source":"UT.no\/DNT"},"type":"Feature"},{"geometry":{"coordinates":[11.200205,60.138289999999998],"type":"Point"},"id":"parking-ut-146889108","properties":{"description":"Parkeringsplass ved Skogmo Skole. Fint utgangspunkt for turer i Rambymarka.","elevation":203,"name":"Parkeringsplass Skogmo skole","source":"UT.no\/DNT"},"type":"Feature"},{"geometry":{"coordinates":[9.3751250000000006,60.056246000000002],"type":"Point"},"id":"parking-ut-146889130","properties":{"description":"Fint utgangspunkt for turer i Trillemarka-Rollagsfjell. Infotavle og rasteplass","elevation":668,"name":"Tråenvatna, Trillemarka","source":"UT.no\/DNT"},"type":"Feature"},{"geometry":{"coordinates":[12.558282999999999,65.966385000000002],"type":"Point"},"id":"parking-ut-146889172","properties":{"description":"Parkeringsplass med god kapasitet. utgangspunkt for turene til Fjellsåsdammen, Botnkrona, Grytfoten og Dronningruten.","elevation":71,"name":"Breimo","source":"UT.no\/DNT"},"type":"Feature"},{"geometry":{"coordinates":[12.529218,65.953361000000001],"type":"Point"},"id":"parking-ut-146889173","properties":{"description":"Parkeringsplass med god kapasitet, benker, toalett og turinformasjon. Utgangspunkt for turen til Tvillingene og Skjerdingen.","elevation":48,"name":"Markvoll","source":"UT.no\/DNT"},"type":"Feature"},{"geometry":{"coordinates":[12.458511,65.922701000000004],"type":"Point"},"id":"parking-ut-146889174","properties":{"description":"Parkeringsplass med ok kapasitet, men kan bli fullt her i helgene, eller dager med svært fint vær. I så fall kan man også parkere ved Søvik Samfunnshus litt lengre nord langs FV17, eller Alstahaug Videregående på andre siden av FV17. Parker...","elevation":13,"name":"Søvikskardet","source":"UT.no\/DNT"},"type":"Feature"},{"geometry":{"coordinates":[10.745044,59.401873000000002],"type":"Point"},"id":"parking-ut-146889647","properties":{"description":"Parkering for noen biler. Brygge for utsetting av kajakker og kanoer. Mulighet for bading.","elevation":28,"name":"Vaskeberget","source":"UT.no\/DNT"},"type":"Feature"},{"geometry":{"coordinates":[10.882282,59.971361000000002],"type":"Point"},"id":"parking-ut-146889683","properties":{"description":"Ved sørenden av Badedammen ligger en stor, offentlig parkeringsplass, rett øst for Lillomarka arena. Det er umerkede plasser, med unntak av 10 ladeplasser for el-bil (7,2 kw). Kapasiteten på parkeringsplasen er god, anslagsvis plass til 200...","elevation":236,"name":"Badedammen utfartsparkering","source":"UT.no\/DNT"},"type":"Feature"},{"geometry":{"coordinates":[10.500087000000001,60.439290999999997],"type":"Point"},"id":"parking-ut-146889687","properties":{"description":"Parkering Egge","elevation":307,"name":"Parkering Egge","source":"UT.no\/DNT"},"type":"Feature"},{"geometry":{"coordinates":[10.369323,60.222200999999998],"type":"Point"},"id":"parking-ut-146889713","properties":{"description":"Velkommen til Kistefos på Jevnaker - stedet hvor kunst, skulptur, arkitektur og industrihistorie smelter sammen i en unik totalopplevelse som overgår forventningene. ​​​​​​Du finner oss på Jevnaker, vakkert beliggende ved Randselvas bredder...","elevation":132,"name":"Kistefos","source":"UT.no\/DNT"},"type":"Feature"},{"geometry":{"coordinates":[10.478626,60.361995],"type":"Point"},"id":"parking-ut-146889895","properties":{"description":"Liten, men etablert utfartsparkering til Sølvsberget","elevation":334,"name":"Utfartsparkering Sølvsberget","source":"UT.no\/DNT"},"type":"Feature"},{"geometry":{"coordinates":[8.8257790000000007,60.501443999999999],"type":"Point"},"id":"parking-ut-146889911","properties":{"description":"God plass til flere biler.","elevation":927,"name":"Parkering Lyseren","source":"UT.no\/DNT"},"type":"Feature"},{"geometry":{"coordinates":[12.441314,65.829554000000002],"type":"Point"},"id":"parking-ut-146889941","properties":{"description":"Parkeringsplassen som er utgangspunktet for flere av turene i området, sommer som vinter. Også nærmeste parkeringsplass for frisbeegolfbanen i nærheten.","elevation":7,"name":"Parkering natursti og lysløype","source":"UT.no\/DNT"},"type":"Feature"},{"geometry":{"coordinates":[5.6776479999999996,58.767969000000001],"type":"Point"},"id":"parking-ut-146890014","properties":{"description":"Stor, delvis belyst, parkeringsplass med kapasitet til rundt 50 biler. Parkeringen er gratis. Det er ingen egne HC-plasser, men underlaget av grus er jevnt og fast. Utgangspunkt for mange fine turer, blant annet en godt tilgjengelig tur til...","elevation":30,"name":"Gunnarsberget Parkeringsplass","source":"UT.no\/DNT"},"type":"Feature"},{"geometry":{"coordinates":[5.8339650000000001,58.764995999999996],"type":"Point"},"id":"parking-ut-146890035","properties":{"description":"Parkeringsplassen har jevnt og fast asfaltdekke og ligger på flatt terreng. Det finnes tre merkede HC-plasser, og parkeringen er gratis. Området er belyst. For å komme ut på turveien fra parkeringen følger du veien opp, tar til venstre og d...","elevation":128,"name":"Parkeringsplass ved Øygardsvatnet barnehage","source":"UT.no\/DNT"},"type":"Feature"},{"geometry":{"coordinates":[10.775266999999999,59.835912],"type":"Point"},"id":"parking-ut-146890045","properties":{"description":"Øvre parkeringsplass har kapasitet til 166 biler. Det er den største parkeringsplassen i Hvervenbukta, med innkjøring fra Ljansbrukveien. Gratis parkering.","elevation":25,"name":"Parkeringsplass Øvre i Hvervenbukta","source":"UT.no\/DNT"},"type":"Feature"},{"geometry":{"coordinates":[10.77496,59.834739999999996],"type":"Point"},"id":"parking-ut-146890046","properties":{"description":"Nedre parkeringsplass med kapasitet til 44 biler, har HC-plasser og ladestasjon for el-biler. Innkjøring fra Ljansbrukveien. Gratis parkering.","elevation":16,"name":"Parkeringsplass Nedre i Hvervenbukta","source":"UT.no\/DNT"},"type":"Feature"},{"geometry":{"coordinates":[5.7377859999999998,59.004303],"type":"Point"},"id":"parking-ut-146890076","properties":{"description":"Parkeringsplassen er grusbelagt og har plass til rundt 90 personbiler. Det er ingen dedikerte HC-plasser, men underlaget er fast og jevnt på det meste av området. Plassen er belyst og gratis å bruke. Den ligger praktisk til ved Ryfast-tunne...","elevation":15,"name":"Parkeringsplass ved Ryfasttunellen","source":"UT.no\/DNT"},"type":"Feature"},{"geometry":{"coordinates":[5.5784710000000004,58.854443000000003],"type":"Point"},"id":"parking-ut-146890122","properties":{"description":"Parkeringsplassen ved Hålandsskogen har god kapasitet for ca. 50 biler, er gratis og belyst. Underlaget er fast og jevnt av grus. Parkeringen er startpunkt for turen til Solabu dagsturhytte, og markerer inngangen til Hålandsskogens frilufts...","elevation":44,"name":"Parkeringsplass ved Hålandsvegen","source":"UT.no\/DNT"},"type":"Feature"},{"geometry":{"coordinates":[5.5740319999999999,58.985022999999998],"type":"Point"},"id":"parking-ut-146890145","properties":{"description":"Parkering ved Vistnestunet, med vakker utsikt mot havet. Gratis parkering på fast grusunderlag, med lett helning på enkelte plasser. Ingen HC-plasser. Perfekt startpunkt for den godt tilgjengelige turen til Vistneshyttå – en tur som byr på ...","elevation":10,"name":"Parkeringsplass ved Vistnestunet","source":"UT.no\/DNT"},"type":"Feature"},{"geometry":{"coordinates":[11.334341999999999,59.633811999999999],"type":"Point"},"id":"parking-ut-146890148","properties":{"description":"Ved Gravstjern er det en liten parkering med plass til ca. 6 biler. Adkomst Fra rv. 22 tar du inn på Festningsveien, det er skiltet til Trøgstad fort ved avkjøringen. Følg veien opp til Gravstjern. Parkering skiltet inn til venstre. Tilgjen...","elevation":227,"name":"Gravstjern parkering","source":"UT.no\/DNT"},"type":"Feature"},{"geometry":{"coordinates":[10.751016999999999,59.864552000000003],"type":"Point"},"id":"parking-ut-146890157","properties":{"description":"Personer med gyldig HC-kort fra Oslo kommune kan kjøre helt ned til Solvik hvor det er HC-merkede parkeringsplasser på venstre side av veien nedenfor innkjøringen til campingplassen, med kapasitet for4- 6 bilder. Det er også en parkeringspl...","elevation":6,"name":"HC-parkering på Solvik","source":"UT.no\/DNT"},"type":"Feature"},{"geometry":{"coordinates":[10.671105000000001,59.846507000000003],"type":"Point"},"id":"parking-ut-146890159","properties":{"description":"Parkeringen er like ved rundkjøringen i Skoklefallkrysset. Dagligvarebutikk og annet på motsatt side. Kapasitet ca. 15 biler hvor 2 er HC plasser, skiltet ikke merket. Dekket er oppsprukket asfalt og grus underlag. Maks 2 timer mellom kl 08...","elevation":65,"name":"Parkering ved Skoklefall kirke","source":"UT.no\/DNT"},"type":"Feature"},{"geometry":{"coordinates":[8.2823969999999996,63.215134999999997],"type":"Point"},"id":"parking-ut-146890172","properties":{"description":"Parkering til Imarbu","elevation":61,"name":"Imarbu parkering","source":"UT.no\/DNT"},"type":"Feature"},{"geometry":{"coordinates":[5.9867499999999998,61.601882000000003],"type":"Point"},"id":"parking-ut-146890173","properties":{"description":"Parkeringsplass ved Svoa. Her er det plass til 1-2 bilar. Alternativ parkering er rett etter brua. Parkeringsavgift!","elevation":334,"name":"Parkering ved Svoa","source":"UT.no\/DNT"},"type":"Feature"},{"geometry":{"coordinates":[11.159134,59.626221999999999],"type":"Point"},"id":"parking-ut-146890180","properties":{"description":"Ved Tømt er det en liten parkering med plass til ca. 6 biler. Tilgjengelighet Parkeringen har et fast og jevnt gruslagt dekke. Den innerste delen av parkeringen kan bli gjørmete og ujevn etter mye nedbør. Ingen HC-parkering.","elevation":124,"name":"Tømt parkering","source":"UT.no\/DNT"},"type":"Feature"},{"geometry":{"coordinates":[11.15991,59.610826000000003],"type":"Point"},"id":"parking-ut-146890181","properties":{"description":"Ved Onstad er det en liten turparkering langs Solbergfosslinna, med plass til 4–5 biler. Tilgjengelighet Parkeringen har et fast og jevnt gruslagt dekke. Ingen HC-parkering.","elevation":105,"name":"Onstad parkering","source":"UT.no\/DNT"},"type":"Feature"},{"geometry":{"coordinates":[5.7180540000000004,61.466813000000002],"type":"Point"},"id":"parking-ut-146890184","properties":{"description":"Parkeingsplass med plass til mange bilar på nordsida av FV609. Det er også plass til nokre bilar på sørsida av vegen.","elevation":461,"name":"Parkering ved Nordheitunnellen","source":"UT.no\/DNT"},"type":"Feature"},{"geometry":{"coordinates":[8.9828460000000003,63.202612999999999],"type":"Point"},"id":"parking-ut-146890185","properties":{"description":"Parkering til Storlisetra","elevation":2,"name":"Parkering Storlisetra","source":"UT.no\/DNT"},"type":"Feature"},{"geometry":{"coordinates":[9.0676889999999997,62.511606],"type":"Point"},"id":"parking-ut-146890186","properties":{"description":"Parkering ved Jenstad","elevation":469,"name":"Parkering Jenstad","source":"UT.no\/DNT"},"type":"Feature"},{"geometry":{"coordinates":[11.338561,59.563887000000001],"type":"Point"},"id":"parking-ut-146890188","properties":{"description":"Den øvre parkeringsplassen har et fast og jevnt grusdekke og plass til ca. 30 biler. Det er ikke tilrettelagt HC-parkering.","elevation":194,"name":"Høytorp fort parkering (øvre)","source":"UT.no\/DNT"},"type":"Feature"},{"geometry":{"coordinates":[11.337156999999999,59.564726999999998],"type":"Point"},"id":"parking-ut-146890189","properties":{"description":"Stor og fin gruset parkeringsplass på Høytorp fort. Det er ikke tilrettelagt HC-parkering.","elevation":188,"name":"Høytorp fort parkering (nedre)","source":"UT.no\/DNT"},"type":"Feature"},{"geometry":{"coordinates":[11.003258000000001,59.655602000000002],"type":"Point"},"id":"parking-ut-146890192","properties":{"description":"Det er mulig å parkere ved det gamle renseanlegget. Parkeringsplassen har et fast og jevnt grusdekke og plass til 6–7 biler. Det er ikke tilrettelagt HC-parkering. Adkomst Fra E18 tar du avkjøringen mot Moss\/Lillestrøm\/Elvestad, og tar avkj...","elevation":78,"name":"Elvestien parkering","source":"UT.no\/DNT"},"type":"Feature"},{"geometry":{"coordinates":[5.8430410000000004,58.929819000000002],"type":"Point"},"id":"parking-ut-146890218","properties":{"description":"Parkeringsplass som er et perfekt utgangspunkt for turer i Ulsnesets friområde, blant annet en godt tilgjengelig tur til gapahuken. Parkeringen er gratis, har kapasitet til 13 personbiler og én dedikert HC-plass. Underlaget av asfalt er fas...","elevation":11,"name":"Parkeringsplass ved Ulsneset","source":"UT.no\/DNT"},"type":"Feature"},{"geometry":{"coordinates":[5.7444240000000004,58.820621000000003],"type":"Point"},"id":"parking-ut-146890220","properties":{"description":"Ved Bogafjell idrettsanlegg finnes en stor parkeringsplass med plass til 67 biler.","elevation":52,"name":"Parkeringsplass ved Bogafjell idrettsanlegg","source":"UT.no\/DNT"},"type":"Feature"},{"geometry":{"coordinates":[5.7434190000000003,58.819645000000001],"type":"Point"},"id":"parking-ut-146890221","properties":{"description":"Seks HC-parkeringsplasser ved Bogafjell idrettsanlegg.","elevation":51,"name":"Parkeringsplass ved Bogafjell idrettsanlegg (HC-parkering)","source":"UT.no\/DNT"},"type":"Feature"},{"geometry":{"coordinates":[5.578735,58.919640000000001],"type":"Point"},"id":"parking-ut-146890223","properties":{"description":"Det er gratis parkering med plass til ca. 12 personbiler. Parkeringen er belyst og har flatt, jevnt asfaltunderlag, noe som gjør den trygg og lett tilgjengelig. Det finnes ingen reserverte HC-plasser. Parkeringen ligger nær startpunktet for...","elevation":3,"name":"Parkering ved Hestholmen","source":"UT.no\/DNT"},"type":"Feature"},{"geometry":{"coordinates":[5.778816,58.724027],"type":"Point"},"id":"parking-ut-146890245","properties":{"description":"Parkeringsplass ca. 300 meter fra Melsbu, dagsturhytta i Time kommune. Parkeringsplassen har 2 skiltet HC-parkeringsplasser på grus. Underlag kan være noe ujevnt.","elevation":112,"name":"Parkeringsplass ved Melsvatnet","source":"UT.no\/DNT"},"type":"Feature"},{"geometry":{"coordinates":[7.8302779999999998,59.620418000000001],"type":"Point"},"id":"parking-ut-146890278","properties":{"description":"Vinjesenteret er eit nasjonalt senter for dikting og journalistikk, med utgangspunkt i liv og verk etter Aasmund Olavsson Vinje , Aslaug Vaa , Tarjei Vesaas og Halldis Moren Vesaas . Utstillinga gir innblikk i kva dikting og journalistikk k...","elevation":468,"name":"Vinje senteret","source":"UT.no\/DNT"},"type":"Feature"},{"geometry":{"coordinates":[5.6223539999999996,58.779037000000002],"type":"Point"},"id":"parking-ut-146890457","properties":{"description":"Parkeringen ved Kleppeloen har fast og jevnt underlag av grus og rommer rundt 50 biler. Plassen er gratis, delvis belyst og ligger med enkel adkomst til turveiene i området. Det finnes ingen dedikerte HC‑plasser.","elevation":40,"name":"Parkeringsplass ved Kleppeloen","source":"UT.no\/DNT"},"type":"Feature"},{"geometry":{"coordinates":[9.6179039999999993,62.897077000000003],"type":"Point"},"id":"parking-ut-146890464","properties":{"description":"Vinterparkering for besøk til Jøldalshytta. I høysesonger som i påsken kan det være brøytet videre opp til Kleva.","elevation":639,"name":"Vinterparkering Jødalshytta","source":"UT.no\/DNT"},"type":"Feature"},{"geometry":{"coordinates":[5.5976109999999997,58.870210999999998],"type":"Point"},"id":"parking-ut-146890468","properties":{"description":"Parkeringsplassen ved Ølbergskogen har plass til rundt 16 biler og har fast underlag av asfalt. Det er gratis parkering, og området er delvis belyst. Herfra har du et naturlig utgangspunkt for flere turmuligheter, blant annet den godt tilgj...","elevation":14,"name":"Parkeringsplass ved Ølbergskogen","source":"UT.no\/DNT"},"type":"Feature"},{"geometry":{"coordinates":[5.7309419999999998,58.842464999999997],"type":"Point"},"id":"parking-ut-146890498","properties":{"description":"Parkeringsplassen ved Sandvedparken fungerer som et naturlig utgangspunkt for besøk i hele parkområdet. Det er plass til rundt 62 biler, og underlaget er asfaltert og jevnt. Parkeringen er gratis, med en maks tillatt parkeringstid på 4 time...","elevation":4,"name":"Parkeringsplass ved Sandvedparken","source":"UT.no\/DNT"},"type":"Feature"},{"geometry":{"coordinates":[5.7267450000000002,58.866062999999997],"type":"Point"},"id":"parking-ut-146890516","properties":{"description":"Parkeringsplassen ved Varatunparken har plass til rundt 28 biler, i tillegg til 3 reserverte HC-plasser. Plassen er gratis, belyst og har maksimaltid på 6 timer. Underlaget er fast og jevnt asfalt. Et fint utgangspunkt for turer i og rundt ...","elevation":30,"name":"Parkeringsplass ved Varatunparken","source":"UT.no\/DNT"},"type":"Feature"},{"geometry":{"coordinates":[9.536327,60.900934999999997],"type":"Point"},"id":"parking-ut-146890560","properties":{"description":"Det er ikke oppmerket enkelt plasser, så parker hensynsfullt slik at det blir plass til alle. Det er autmagisk bom som leser av skiltet på veien opp til parkeringen. Avgiften er 70kr 2.mai- 31 okt. 100kr 1 nov-1 mai. Parkering på parkerings...","elevation":829,"name":"Nordfjellstølen parkering","source":"UT.no\/DNT"},"type":"Feature"},{"geometry":{"coordinates":[5.7259510000000002,58.857973999999999],"type":"Point"},"id":"parking-ut-146890571","properties":{"description":"Parkeringsplassen ved Giskehallen har rundt 50 plasser, inkludert 3 HC‑plasser. Parkeringen er gratis med maksimalt 8 timers opphold. Underlaget er asfalt, og området er belyst. Merk at parkeringen kan være travel i Giskehallens åpningstide...","elevation":54,"name":"Parkeringsplass ved Giskehallen","source":"UT.no\/DNT"},"type":"Feature"},{"geometry":{"coordinates":[11.139443,59.636887000000002],"type":"Point"},"id":"parking-ut-146890598","properties":{"description":"På Skårudtoppen er det en liten turparkering. Adkomst Ved Spydeberg sentrum svinger du av Osloveien og inn på fv. 122. Etter ca. 900 meter tar du til høyre inn på Stegenveien, som du følger opp til Skårudtoppen (toppen er ca. 1,1 km etter a...","elevation":171,"name":"Skårudtoppen parkering","source":"UT.no\/DNT"},"type":"Feature"},{"geometry":{"coordinates":[11.158003000000001,59.399290000000001],"type":"Point"},"id":"parking-ut-146890631","properties":{"description":"Ved Moen hyttefelt er det en opparbeidet en parkering til Bronsealderrøysene. Adkomst Kjør fv. 115 i 3 km fra Meieribyen i retning Moss. Ta venstre inn Vidnesveien ved skilting til Vidnes. Kjør Vidnesveien i 2,5 km, ta så til høyre inn Glen...","elevation":120,"name":"Åleskjær parkering (bronsealderrøysene)","source":"UT.no\/DNT"},"type":"Feature"},{"geometry":{"coordinates":[11.115133,59.638123999999998],"type":"Point"},"id":"parking-ut-146890639","properties":{"description":"Like før Bøler gård er det en opparbeidet parkeringsplass med plass til ca. 7 biler. Her er det også sykkelstativ dersom du kommer syklende. Adkomst Fra Stegenveien kan du kjøre inn gårdsveien mot Bøler gård, Stegenveien 226. Det er opparbe...","elevation":92,"name":"Speiderhytta Spydeberg parkering (sør)","source":"UT.no\/DNT"},"type":"Feature"},{"geometry":{"coordinates":[11.121491000000001,59.631408],"type":"Point"},"id":"parking-ut-146890645","properties":{"description":"Hovin kirke er et fint utgangspunkt for turer til Onstadsund og Hovinstien – som går opp til søndre og nordre Skoro batteri og videre til Stegenveien. Dersom det er fullt på parkeringsplassen ved kirken, så er Skårudtoppen et godt alternati...","elevation":136,"name":"Hovin kirke parkering","source":"UT.no\/DNT"},"type":"Feature"},{"geometry":{"coordinates":[10.302947,63.449195000000003],"type":"Point"},"id":"parking-ut-146890652","properties":{"description":"Liten parkeringsplass for turer i Trollamarka. Vær oppmerksom på at det kan være tidsbegrenset parkering.","elevation":125,"name":"Parkering Trollamarka","source":"UT.no\/DNT"},"type":"Feature"},{"geometry":{"coordinates":[10.504785999999999,60.329526000000001],"type":"Point"},"id":"parking-ut-146890838","properties":{"description":"Parkering til Åsenkrakken.","elevation":452,"name":"Vestgarn Wien","source":"UT.no\/DNT"},"type":"Feature"},{"geometry":{"coordinates":[10.570178,60.356101000000002],"type":"Point"},"id":"parking-ut-146890883","properties":{"description":"Offentlig parkeringsplass i Gran sentrum. Se skilt","elevation":203,"name":"Parkering til Kjærlighetsstien","source":"UT.no\/DNT"},"type":"Feature"},{"geometry":{"coordinates":[10.356185,60.239314],"type":"Point"},"id":"parking-ut-146890889","properties":{"description":"Parkering på skole. Respekter skilter","elevation":186,"name":"Bergerbakken skole","source":"UT.no\/DNT"},"type":"Feature"},{"geometry":{"coordinates":[10.30111,60.300339000000001],"type":"Point"},"id":"parking-ut-146890890","properties":{"description":"Snuplass\/parkering","elevation":376,"name":"Flekkrøymyra","source":"UT.no\/DNT"},"type":"Feature"},{"geometry":{"coordinates":[10.315619,60.299742000000002],"type":"Point"},"id":"parking-ut-146890891","properties":{"description":"Parkeringsplass","elevation":384,"name":"Gulberget","source":"UT.no\/DNT"},"type":"Feature"},{"geometry":{"coordinates":[10.344086000000001,60.236469],"type":"Point"},"id":"parking-ut-146890892","properties":{"description":"Friluftsparkering","elevation":192,"name":"Midtbråten","source":"UT.no\/DNT"},"type":"Feature"},{"geometry":{"coordinates":[10.363747,60.242587999999998],"type":"Point"},"id":"parking-ut-146890894","properties":{"description":"Parkering på Jevnaker stadion","elevation":181,"name":"Jevnaker skole","source":"UT.no\/DNT"},"type":"Feature"},{"geometry":{"coordinates":[10.723477000000001,60.206479000000002],"type":"Point"},"id":"parking-ut-146890938","properties":{"description":"Parkering Harestua stasjon.","elevation":286,"name":"Parkering Harestua stasjon","source":"UT.no\/DNT"},"type":"Feature"},{"geometry":{"coordinates":[10.555913,60.419747999999998],"type":"Point"},"id":"parking-ut-146890939","properties":{"description":"Parkering utenom arbeidstid","elevation":330,"name":"Parkering Gran Tre","source":"UT.no\/DNT"},"type":"Feature"},{"geometry":{"coordinates":[10.341483999999999,60.230732000000003],"type":"Point"},"id":"parking-ut-146890946","properties":{"description":"Parkering Musemyra","elevation":150,"name":"Musemyra","source":"UT.no\/DNT"},"type":"Feature"},{"geometry":{"coordinates":[10.297727,60.212192000000002],"type":"Point"},"id":"parking-ut-146890952","properties":{"description":"Stor parkering som utgangspunkt for lysløype","elevation":192,"name":"Parkering Eggemoen","source":"UT.no\/DNT"},"type":"Feature"},{"geometry":{"coordinates":[10.505077,60.421292000000001],"type":"Point"},"id":"parking-ut-146890970","properties":{"description":"Parkering Brandbu","elevation":164,"name":"Parkering Brandbu kino","source":"UT.no\/DNT"},"type":"Feature"},{"geometry":{"coordinates":[10.793158999999999,60.295847000000002],"type":"Point"},"id":"parking-ut-146891011","properties":{"description":"En fin liten parkeringsplass langs Oppdalslinna som passer for rundt 4 biler. Herfra må du gå på grusveien Bergsætervegen i noen hundre meter for å komme til flere stier nordover. Alternativt kan du kjøre langs Bergsætervegen, men husk at d...","elevation":411,"name":"Bergsætervegen parkering før bomstasjon","source":"UT.no\/DNT"},"type":"Feature"},{"geometry":{"coordinates":[11.112617999999999,59.175711],"type":"Point"},"id":"parking-ut-146891014","properties":{"description":"Parkeringsplass på gresslette. Mange muligheter for turer i Ullerøyskogen, både på grusveier og skogsstier.","elevation":13,"name":"Parkeringsplass ved Revebukta camping, Ullerøy","source":"UT.no\/DNT"},"type":"Feature"},{"geometry":{"coordinates":[9.6708020000000001,59.119048999999997],"type":"Point"},"id":"parking-ut-146891015","properties":{"description":"Parkering ved Tveitanveien. Det er enkel adkomst fra hovedveien, og du kan parkere langs Tveitanveien ved Flåtten (Samme parkering som til hundesletta) Det er plass til flere biler, men dersom det er fullt kan man parkere i parkeringsfilen ...","elevation":107,"name":"Startpunkt for tur til Bjørntvedtskauen","source":"UT.no\/DNT"},"type":"Feature"},{"geometry":{"coordinates":[10.513977000000001,60.333886],"type":"Point"},"id":"parking-ut-146891022","properties":{"description":"Liten parkeringsplass som passer tre biler.","elevation":453,"name":"Buhammeren Parkering","source":"UT.no\/DNT"},"type":"Feature"},{"geometry":{"coordinates":[10.271877,60.345722000000002],"type":"Point"},"id":"parking-ut-146891070","properties":{"description":"Parkering i nærhet av skiløype og turterreng","elevation":398,"name":"Tangnes","source":"UT.no\/DNT"},"type":"Feature"},{"geometry":{"coordinates":[11.049011999999999,59.355139000000001],"type":"Point"},"id":"parking-ut-146891077","properties":{"description":"Parkering ved liten campingplass, Bådstangen. Fra Sarpsborg kjører man fylkesvei 114 mot Trøsken. Etter Trøsken bro sving til venstre inn på Agnaltveien (1088). Videre inn til venstre på Bådstangen hvor man kommer til liten campingplass og ...","elevation":60,"name":"Parkering (nord) til Sølvstufoss","source":"UT.no\/DNT"},"type":"Feature"},{"geometry":{"coordinates":[10.882386,59.216132000000002],"type":"Point"},"id":"parking-ut-146891099","properties":{"description":"Parkeringsplass til turer i området ved utsiktstårnet Sprinklet.","elevation":40,"name":"Parkering Sprinklet utsiktstårn","source":"UT.no\/DNT"},"type":"Feature"},{"geometry":{"coordinates":[10.947869000000001,59.132474000000002],"type":"Point"},"id":"parking-ut-146891123","properties":{"description":"Fra Fredrikstad følger du Kråkerøyveien (Fv 108) mot Hvaler. På Kjøkøya svinger du inn til venstre rett før brua som fører videre mot Hvaler, inn til Putten. Følg denne veien (smal), rundt og opp på øya, der du vil se en parkeringsplass på ...","elevation":38,"name":"Parkering Kjøkøy","source":"UT.no\/DNT"},"type":"Feature"},{"geometry":{"coordinates":[10.851703000000001,64.231992000000005],"type":"Point"},"id":"parking-ut-14979","properties":{"description":"Parkeringsplass","elevation":218,"name":"Parkering","source":"UT.no\/DNT"},"type":"Feature"}],"generator":"Trakke fetch_utno_poi.swift","timestamp":"2026-08-10T00:27:31Z","type":"FeatureCollection"}