{"features":[{"geometry":{"coordinates":[7.089999,62.616826],"type":"Point"},"id":"shelter-01b998c0-2718-44c3-b659-1c53a756b794","properties":{"address":"Skulevegen 4","capacity":"40","name":"Tilfluktsrom 38950"},"type":"Feature"},{"geometry":{"coordinates":[6.191013,62.440436],"type":"Point"},"id":"shelter-02576fe6-6937-4fb0-8999-7a52321deac5","properties":{"address":"Sloghaugvegen 3","capacity":"143","name":"Tilfluktsrom 39993"},"type":"Feature"},{"geometry":{"coordinates":[6.380232,59.657841],"type":"Point"},"id":"shelter-044a2164-8832-4e89-91a1-9ac3becbb046","properties":{"address":"Rustå 31","capacity":"150","name":"Tilfluktsrom 14911"},"type":"Feature"},{"geometry":{"coordinates":[5.323147,60.379838],"type":"Point"},"id":"shelter-047b10ea-3676-4afa-80d5-2a96374ed0c7","properties":{"address":"St. Markus, Damsgårdsveien 70","capacity":"1050","name":"Tilfluktsrom 11681"},"type":"Feature"},{"geometry":{"coordinates":[7.46079,58.029529],"type":"Point"},"id":"shelter-05213884-dbe6-4db5-b368-df91dfebb9e6","properties":{"address":"HOLBÆK ERIKSENSGATE 10","capacity":"150","name":"Tilfluktsrom 2205"},"type":"Feature"},{"geometry":{"coordinates":[5.001537,61.590675],"type":"Point"},"id":"shelter-05885493-dd63-435e-8d83-95251eca245b","properties":{"address":"industrivegen 24","capacity":"80","name":"Tilfluktsrom 30653"},"type":"Feature"},{"geometry":{"coordinates":[6.920715,62.906299],"type":"Point"},"id":"shelter-0606c691-b95e-44a1-8a22-d459b86ab3f7","properties":{"address":"Prestgardsvegen 140","capacity":"20","name":"Tilfluktsrom 38967"},"type":"Feature"},{"geometry":{"coordinates":[10.939129,60.885432],"type":"Point"},"id":"shelter-0689ebe5-e93b-4ddb-854c-8d4182a51991","properties":{"address":"Brugata 3","capacity":"343","name":"Tilfluktsrom 13471"},"type":"Feature"},{"geometry":{"coordinates":[23.677202,70.637318],"type":"Point"},"id":"shelter-06c06ef5-9bff-4680-a0ed-0d448f988aec","properties":{"address":"Bokollektivet  Rypefjord","capacity":"228","name":"Tilfluktsrom 7412"},"type":"Feature"},{"geometry":{"coordinates":[6.029445,62.373511],"type":"Point"},"id":"shelter-06ce4dc9-cdb8-404a-bbf7-d98a8842128f","properties":{"address":"Strandgata 106-114","capacity":"20","name":"Tilfluktsrom 48570"},"type":"Feature"},{"geometry":{"coordinates":[11.324296,59.553859],"type":"Point"},"id":"shelter-08485128-6187-4551-a598-7f9b0052a90f","properties":{"address":"Citadel\/ Jernbanegata 4, Mysen","capacity":"90","name":"Tilfluktsrom 36844"},"type":"Feature"},{"geometry":{"coordinates":[8.076469,58.13434],"type":"Point"},"id":"shelter-08cd3b97-bce1-4e13-8e05-dae5369c18d3","properties":{"address":"ODDERHEI 1","capacity":"220","name":"Tilfluktsrom 1931"},"type":"Feature"},{"geometry":{"coordinates":[9.687023,63.725351],"type":"Point"},"id":"shelter-08ce191d-c62c-4dcf-8675-9df40b780836","properties":{"address":"Teletunet, Opphaug, Offentlig","capacity":"170","name":"Tilfluktsrom 1628"},"type":"Feature"},{"geometry":{"coordinates":[10.654783,59.433847],"type":"Point"},"id":"shelter-09347356-894e-43d5-b47c-5fc8edef308e","properties":{"address":"Blinken\/ Jeløgata 3","capacity":"1000","name":"Tilfluktsrom 7103"},"type":"Feature"},{"geometry":{"coordinates":[7.089788,62.621345],"type":"Point"},"id":"shelter-0c1a47b5-357e-4a7e-b673-1611bf069d25","properties":{"address":"Brugata 10","capacity":"100","name":"Tilfluktsrom 38952"},"type":"Feature"},{"geometry":{"coordinates":[18.354632,68.860116],"type":"Point"},"id":"shelter-0c650ca2-7fa8-4e34-87f8-655d11d25596","properties":{"address":"Infanteriveien 11, Setermoen brannstasjon","capacity":"459","name":"Tilfluktsrom 12438"},"type":"Feature"},{"geometry":{"coordinates":[11.072283,60.794365],"type":"Point"},"id":"shelter-0caab4ce-42cb-4e0a-99a2-95fac78deb15","properties":{"address":"Torggata 52","capacity":"315","name":"Tilfluktsrom 12304"},"type":"Feature"},{"geometry":{"coordinates":[11.03274,60.807854],"type":"Point"},"id":"shelter-0cde9b4a-c545-48cc-97a5-bd3de8505971","properties":{"address":"K.O. Bjerklis veg 9","capacity":"40","name":"Tilfluktsrom 21027"},"type":"Feature"},{"geometry":{"coordinates":[6.696178,58.093132],"type":"Point"},"id":"shelter-0ce4289c-2bd7-492b-881b-25e26c42de7c","properties":{"address":"STÅLESEN BYGG AS-AUTOHALLEN Vanse","capacity":"30","name":"Tilfluktsrom 2286"},"type":"Feature"},{"geometry":{"coordinates":[31.09557,70.37382],"type":"Point"},"id":"shelter-0d863d8d-19dd-45c8-9b8a-50136f057a63","properties":{"address":"Hospitalgata 6 \"gamle sykehus\"","capacity":"95","name":"Tilfluktsrom 38939"},"type":"Feature"},{"geometry":{"coordinates":[5.317545,60.391033],"type":"Point"},"id":"shelter-0e793609-41fe-4999-ae05-de2a3874f0ac","properties":{"address":"Håkonsgaten 5","capacity":"758","name":"Tilfluktsrom 10212"},"type":"Feature"},{"geometry":{"coordinates":[7.814258,58.096339],"type":"Point"},"id":"shelter-0e8ed44c-69ef-48aa-b855-2be0ce6ce28a","properties":{"address":"TANGVALL","capacity":"133","name":"Tilfluktsrom 2128"},"type":"Feature"},{"geometry":{"coordinates":[10.200576,59.740131],"type":"Point"},"id":"shelter-0eb721fe-e69c-49f6-89f4-1a7ef1013511","properties":{"address":"Strømsø torg  7","capacity":"1372","name":"Tilfluktsrom 13479"},"type":"Feature"},{"geometry":{"coordinates":[10.19372,59.748398],"type":"Point"},"id":"shelter-0f1953ad-a142-4b13-894f-d3b587e3b1c0","properties":{"address":"Wergelands gate 9","capacity":"330","name":"Tilfluktsrom 15611"},"type":"Feature"},{"geometry":{"coordinates":[11.576904,60.878592],"type":"Point"},"id":"shelter-1047e008-9a25-409b-af6e-c3724d88c6e6","properties":{"address":"Munkedamsvegen 5","capacity":"73","name":"Tilfluktsrom 21024"},"type":"Feature"},{"geometry":{"coordinates":[9.653274,59.115603],"type":"Point"},"id":"shelter-10fc5d3d-5276-4c0d-92f7-2978613cff07","properties":{"address":"Klevstrand","capacity":"490","name":"Tilfluktsrom 15754"},"type":"Feature"},{"geometry":{"coordinates":[10.726896,59.922607],"type":"Point"},"id":"shelter-1113db2f-c4ff-4ecd-b23f-7d45baed9dab","properties":{"address":"T-banen - Oscarsgate 19","capacity":"400","name":"Tilfluktsrom 20285"},"type":"Feature"},{"geometry":{"coordinates":[12.205777,65.467761],"type":"Point"},"id":"shelter-11820665-29ba-45b8-a8cd-bed665c354d7","properties":{"address":"Rådhuset, Sivert Nilsensgate 24","capacity":"340","name":"Tilfluktsrom 5832"},"type":"Feature"},{"geometry":{"coordinates":[5.346111,60.364797],"type":"Point"},"id":"shelter-12659e51-7eba-4858-82aa-3b0387cad64f","properties":{"address":"Kanalveien 54","capacity":"240","name":"Tilfluktsrom 11424"},"type":"Feature"},{"geometry":{"coordinates":[7.235402,62.83544],"type":"Point"},"id":"shelter-138dc72b-669d-4fa8-8928-651d0c16833d","properties":{"address":"Malmefjordvegen 18","capacity":"20","name":"Tilfluktsrom 38975"},"type":"Feature"},{"geometry":{"coordinates":[9.898972,59.770037],"type":"Point"},"id":"shelter-139021db-e339-423f-a68d-e4c955a8f313","properties":{"address":"Skotselvveien 29","capacity":"220","name":"Tilfluktsrom 5647"},"type":"Feature"},{"geometry":{"coordinates":[6.157978,62.471598],"type":"Point"},"id":"shelter-13f5de2d-83a6-42d7-8562-c06ee57f23e6","properties":{"address":"Keiser Wilhelms gate 25","capacity":"1000","name":"Tilfluktsrom 38932"},"type":"Feature"},{"geometry":{"coordinates":[14.132171,66.314566],"type":"Point"},"id":"shelter-147de056-f40e-4d83-868d-37dae21e1b0f","properties":{"address":"Strandgata 20","capacity":"410","name":"Tilfluktsrom 2625"},"type":"Feature"},{"geometry":{"coordinates":[16.53915,68.798741],"type":"Point"},"id":"shelter-15250951-4672-4a09-9212-01c4145c2b3d","properties":{"address":"Rådhuset Harstad OFFENTLIG","capacity":"400","name":"Tilfluktsrom 14487"},"type":"Feature"},{"geometry":{"coordinates":[8.088882,58.181109],"type":"Point"},"id":"shelter-152f1326-fddc-4824-a4ee-8ade6e3bb0d5","properties":{"address":"HÅNESVEIEN 61","capacity":"50","name":"Tilfluktsrom 1795"},"type":"Feature"},{"geometry":{"coordinates":[5.228349,60.40926],"type":"Point"},"id":"shelter-16789381-4db7-4b50-bfb9-eb615f5cc5fa","properties":{"address":"Florvågvegen 3, Løfjell, Kleppestø","capacity":"500","name":"Tilfluktsrom 9670"},"type":"Feature"},{"geometry":{"coordinates":[5.697532,58.785423],"type":"Point"},"id":"shelter-1719fdc5-594c-4a9c-bd1d-027f17021bd7","properties":{"address":"Bedriftsvegen 6","capacity":"60","name":"Tilfluktsrom 1255"},"type":"Feature"},{"geometry":{"coordinates":[7.126657,62.52118],"type":"Point"},"id":"shelter-18213cd8-47e4-4c8c-b4e9-c2059b30e37a","properties":{"address":"Skulebakken 1","capacity":"60","name":"Tilfluktsrom 38956"},"type":"Feature"},{"geometry":{"coordinates":[5.745911,58.88468],"type":"Point"},"id":"shelter-185b53c8-4f43-435d-9474-d7f086c11ead","properties":{"address":"Sjøveien 4","capacity":"20","name":"Tilfluktsrom 3289"},"type":"Feature"},{"geometry":{"coordinates":[10.356823,59.26682],"type":"Point"},"id":"shelter-18d94781-b3a5-44ec-93a8-8abd0ffce6f1","properties":{"address":"Larvev. 31 - Hogsnes Grendehus, rom 2 (off)","capacity":"150","name":"Tilfluktsrom 815"},"type":"Feature"},{"geometry":{"coordinates":[11.081442,59.619931],"type":"Point"},"id":"shelter-1943bd10-3e2e-4326-8ce3-6a6ec65407b1","properties":{"address":"Allaktivitetshuset Spydeberg\/ Stasjonsgata 33","capacity":"200","name":"Tilfluktsrom 36839"},"type":"Feature"},{"geometry":{"coordinates":[10.667859,59.437466],"type":"Point"},"id":"shelter-19ac1eb3-f151-49bf-924b-266c3c961c39","properties":{"address":"Parkeringshus Piasenteret\/ Møllergata 1","capacity":"450","name":"Tilfluktsrom 7114"},"type":"Feature"},{"geometry":{"coordinates":[7.110105,60.85617],"type":"Point"},"id":"shelter-19f19a5e-b6d2-4e74-82dc-6b5023b77906","properties":{"address":"Flåmsdalsvegen16","capacity":"40","name":"Tilfluktsrom 30660"},"type":"Feature"},{"geometry":{"coordinates":[8.001262,58.07591],"type":"Point"},"id":"shelter-1a61e01d-b719-4a49-8a17-c06c16388bc7","properties":{"address":"MÆBØ","capacity":"200","name":"Tilfluktsrom 1919"},"type":"Feature"},{"geometry":{"coordinates":[10.748667,59.910517],"type":"Point"},"id":"shelter-1a8dbfa3-7b89-4f50-bb4e-2ca8a7393f48","properties":{"address":"Fred Olsensgt 11","capacity":"300","name":"Tilfluktsrom 18533"},"type":"Feature"},{"geometry":{"coordinates":[10.196138,60.182025],"type":"Point"},"id":"shelter-1abf75c1-3104-491a-81c8-83b6d0c67923","properties":{"address":"Valhallveien 15","capacity":"417","name":"Tilfluktsrom 15471"},"type":"Feature"},{"geometry":{"coordinates":[10.790869,59.664228],"type":"Point"},"id":"shelter-1b320044-e264-4850-8c4b-d154db1b854c","properties":{"address":"Moerveien 1- Skoleveien 1 Ås Rådhus","capacity":"240","name":"Tilfluktsrom 17701"},"type":"Feature"},{"geometry":{"coordinates":[6.211088,62.440023],"type":"Point"},"id":"shelter-1bcc31a1-c1ff-42b2-9159-1970642daaa9","properties":{"address":"Skulevegen 16","capacity":"40","name":"Tilfluktsrom 48577"},"type":"Feature"},{"geometry":{"coordinates":[5.281626,60.307231],"type":"Point"},"id":"shelter-1c3d8f28-9e7f-48ce-8c3a-65df37b7e133","properties":{"address":"Aurdalslia 30, Aurdalslia skole","capacity":"333","name":"Tilfluktsrom 41007"},"type":"Feature"},{"geometry":{"coordinates":[10.203019,59.748307],"type":"Point"},"id":"shelter-1ce5e995-aa56-42db-a93f-390975ef6fe5","properties":{"address":"Bergstien 37","capacity":"1200","name":"Tilfluktsrom 13637"},"type":"Feature"},{"geometry":{"coordinates":[5.726627,58.825497],"type":"Point"},"id":"shelter-1d032ea5-592c-4f43-906d-d1d21cacff31","properties":{"address":"Haugen 25","capacity":"98","name":"Tilfluktsrom 4005"},"type":"Feature"},{"geometry":{"coordinates":[7.814258,58.096339],"type":"Point"},"id":"shelter-1d2ed857-f583-4527-a3e3-c715abf2642f","properties":{"address":"TANGVALL","capacity":"235","name":"Tilfluktsrom 2127"},"type":"Feature"},{"geometry":{"coordinates":[10.733025,59.915064],"type":"Point"},"id":"shelter-1d905509-f047-48ea-b672-da5fe58ce521","properties":{"address":"T-banen - Nationalteater stasjon","capacity":"3000","name":"Tilfluktsrom 20283"},"type":"Feature"},{"geometry":{"coordinates":[5.113408,61.934751],"type":"Point"},"id":"shelter-1da86eae-f28d-4c91-af03-7fe11fb74932","properties":{"address":"Gate 1 110","capacity":"120","name":"Tilfluktsrom 30654"},"type":"Feature"},{"geometry":{"coordinates":[10.769125,59.913667],"type":"Point"},"id":"shelter-1e3a0e1d-d8a3-4e05-b888-24b3129fe26b","properties":{"address":"T-banen - Enerhaugen - Åkebergveien","capacity":"3100","name":"Tilfluktsrom 20272"},"type":"Feature"},{"geometry":{"coordinates":[7.287253,62.77184],"type":"Point"},"id":"shelter-1e6633f3-10cf-4457-8dea-adf869dcdd02","properties":{"address":"Årøsetervegen 17","capacity":"100","name":"Tilfluktsrom 38934"},"type":"Feature"},{"geometry":{"coordinates":[10.462225,59.269527],"type":"Point"},"id":"shelter-20136fa7-cae2-4e6b-85ec-482d433c7afc","properties":{"address":"Trimveien 14 - ved Slagenhallen","capacity":"215","name":"Tilfluktsrom 817"},"type":"Feature"},{"geometry":{"coordinates":[10.029484,59.057097],"type":"Point"},"id":"shelter-2034e3be-9555-4028-ae9d-d8cc355bd59f","properties":{"address":"Badeparken 7 - Bøkeskogen eldresenter","capacity":"159","name":"Tilfluktsrom 788"},"type":"Feature"},{"geometry":{"coordinates":[8.747528,58.459572],"type":"Point"},"id":"shelter-206de6d0-da4f-4c06-8f4b-1620a39834b6","properties":{"address":"Gåsungen Barnehage - Gåsåsen 20","capacity":"230","name":"Tilfluktsrom 5962"},"type":"Feature"},{"geometry":{"coordinates":[5.311787,60.39658],"type":"Point"},"id":"shelter-2141748d-ecba-4f23-bec1-0b327684a94b","properties":{"address":"Nykirkealmenning ovenfor nr 19","capacity":"500","name":"Tilfluktsrom 10507"},"type":"Feature"},{"geometry":{"coordinates":[10.63909,59.912408],"type":"Point"},"id":"shelter-22b2e47b-8501-4bfe-9bd9-32c6d038b74c","properties":{"address":"Strandveien 6 Lysaker","capacity":"400","name":"Tilfluktsrom 21257"},"type":"Feature"},{"geometry":{"coordinates":[6.006595,58.447809],"type":"Point"},"id":"shelter-23b7c896-61bc-46d6-b8d6-2ea4d2522235","properties":{"address":"Sokndalsveien 26","capacity":"88","name":"Tilfluktsrom 934"},"type":"Feature"},{"geometry":{"coordinates":[10.21984,59.132868],"type":"Point"},"id":"shelter-24c5a6b8-97af-4fde-b1a2-6d291469df3e","properties":{"address":"Dronningensgt. 24 - Off.  Forsmannssenteret","capacity":"1170","name":"Tilfluktsrom 803"},"type":"Feature"},{"geometry":{"coordinates":[6.028914,62.370041],"type":"Point"},"id":"shelter-25931490-1942-4264-8549-d755d41519be","properties":{"address":"Strandgata 72-74","capacity":"58","name":"Tilfluktsrom 48566"},"type":"Feature"},{"geometry":{"coordinates":[11.204224,60.715074],"type":"Point"},"id":"shelter-25d43879-8547-4722-93e3-5c9b6cbecef7","properties":{"address":"Ljøstadvegen 15","capacity":"52","name":"Tilfluktsrom 13472"},"type":"Feature"},{"geometry":{"coordinates":[8.504973,58.2689],"type":"Point"},"id":"shelter-25decfc0-a53b-42a3-841d-088fce651a2a","properties":{"address":"Eide Skole - Johan Markussens vei 90","capacity":"228","name":"Tilfluktsrom 6442"},"type":"Feature"},{"geometry":{"coordinates":[8.35313,58.519123],"type":"Point"},"id":"shelter-26bc0d22-6941-4d03-893e-d56bee712f9a","properties":{"address":"Herefoss Skole - Torsbumoen 14","capacity":"20","name":"Tilfluktsrom 6074"},"type":"Feature"},{"geometry":{"coordinates":[10.696867,59.419264],"type":"Point"},"id":"shelter-27d1dbc2-a893-44b3-9d86-31450a30c391","properties":{"address":"Øreåsen\/Årvollskogen 97","capacity":"2000","name":"Tilfluktsrom 36842"},"type":"Feature"},{"geometry":{"coordinates":[10.229432,59.134373],"type":"Point"},"id":"shelter-27dbc24d-d50a-42c5-aac8-5a5f22b75dcb","properties":{"address":"Gokstadv. 5 - Off.","capacity":"400","name":"Tilfluktsrom 806"},"type":"Feature"},{"geometry":{"coordinates":[6.183665,62.437854],"type":"Point"},"id":"shelter-28736cbb-fb85-4d16-bf5c-d86f5129a898","properties":{"address":"Molværsvegen 74","capacity":"167","name":"Tilfluktsrom 39995"},"type":"Feature"},{"geometry":{"coordinates":[11.375244,62.57574],"type":"Point"},"id":"shelter-29d83e6c-3dc2-45ed-9976-d463787561b6","properties":{"address":"Peder Hiorts gate 18 B, RØROS SKOLE","capacity":"200","name":"Tilfluktsrom 46455"},"type":"Feature"},{"geometry":{"coordinates":[5.734602,58.884866],"type":"Point"},"id":"shelter-29fae628-3e9c-407c-bc28-5e9f87b82a7e","properties":{"address":"Smørbukkveien 11","capacity":"200","name":"Tilfluktsrom 4194"},"type":"Feature"},{"geometry":{"coordinates":[15.407296,68.696152],"type":"Point"},"id":"shelter-2a525915-6ba3-4451-8d32-1aad7d0c8356","properties":{"address":"Sortlandshallen","capacity":"100","name":"Tilfluktsrom 15004"},"type":"Feature"},{"geometry":{"coordinates":[5.713484,58.825575],"type":"Point"},"id":"shelter-2a821c9b-393f-455d-bb5e-05bee903a5fc","properties":{"address":"Olabakken 2","capacity":"570","name":"Tilfluktsrom 4013"},"type":"Feature"},{"geometry":{"coordinates":[10.605249,60.715098],"type":"Point"},"id":"shelter-2c1aa7d9-3fc4-4632-8c66-e9795a58ccdf","properties":{"address":"Prøvenvegen 65","capacity":"550","name":"Tilfluktsrom 8050"},"type":"Feature"},{"geometry":{"coordinates":[5.267048,59.428183],"type":"Point"},"id":"shelter-2c55a356-b46e-4672-bbff-39512dc5e54a","properties":{"address":"Torjus Gards veg 7","capacity":"222","name":"Tilfluktsrom 9548"},"type":"Feature"},{"geometry":{"coordinates":[11.659117,59.47952],"type":"Point"},"id":"shelter-2c63354b-da9b-4370-9b78-af0287cf5011","properties":{"address":"Marker rådhus\/ Storgata 60","capacity":"220","name":"Tilfluktsrom 9398"},"type":"Feature"},{"geometry":{"coordinates":[6.00248,58.455565],"type":"Point"},"id":"shelter-2cb9a128-609d-46c1-bc55-fe44476614a8","properties":{"address":"Jernbaneveien 22","capacity":"240","name":"Tilfluktsrom 933"},"type":"Feature"},{"geometry":{"coordinates":[10.262372,60.157429],"type":"Point"},"id":"shelter-2cbfe14a-5119-4adf-b91e-af5adc4de596","properties":{"address":"Ringeriksgata 13","capacity":"170","name":"Tilfluktsrom 15476"},"type":"Feature"},{"geometry":{"coordinates":[10.741865,59.913579],"type":"Point"},"id":"shelter-2ceab4a3-4420-4484-ab7c-3e65d8b14e9d","properties":{"address":"Akersgata 41","capacity":"570","name":"Tilfluktsrom 20264"},"type":"Feature"},{"geometry":{"coordinates":[14.46518,68.207975],"type":"Point"},"id":"shelter-2d9df4aa-15be-4539-8955-27c905b05310","properties":{"address":"Kong Øysteinhall, Rækøyveien 40. Kabelvåg","capacity":"320","name":"Tilfluktsrom 14854"},"type":"Feature"},{"geometry":{"coordinates":[14.541747,67.282152],"type":"Point"},"id":"shelter-2e31eb86-a7ab-4079-bdea-32056cab5aa1","properties":{"address":"Hunstadsenteret Hunstad Øst, offentlig","capacity":"100","name":"Tilfluktsrom 37868"},"type":"Feature"},{"geometry":{"coordinates":[11.494884,64.464827],"type":"Point"},"id":"shelter-2e4837d3-3353-417f-8327-aee86cbfb30c","properties":{"address":"Abel Meyers gate 3","capacity":"25","name":"Tilfluktsrom 5653"},"type":"Feature"},{"geometry":{"coordinates":[16.543533,68.813691],"type":"Point"},"id":"shelter-2ea96b10-f6e4-47dc-8c4a-a79ce7c6e147","properties":{"address":"Hagebyen skole","capacity":"400","name":"Tilfluktsrom 14476"},"type":"Feature"},{"geometry":{"coordinates":[7.960986,58.133828],"type":"Point"},"id":"shelter-2edf057a-028e-4673-ac2f-ee109ca61475","properties":{"address":"RØDSTRUPEVEIEN 17","capacity":"170","name":"Tilfluktsrom 1951"},"type":"Feature"},{"geometry":{"coordinates":[7.935868,58.13564],"type":"Point"},"id":"shelter-3001e4f3-6237-4691-9f17-55b5bc0fd2d8","properties":{"address":"SLETTHEIVEIEN 63 B","capacity":"70","name":"Tilfluktsrom 1998"},"type":"Feature"},{"geometry":{"coordinates":[10.461766,61.118083],"type":"Point"},"id":"shelter-30116ecd-4971-4ec7-a574-6ed38998dfce","properties":{"address":"Brubakken 2","capacity":"130","name":"Tilfluktsrom 7574"},"type":"Feature"},{"geometry":{"coordinates":[10.752136,59.929862],"type":"Point"},"id":"shelter-3071fdfa-afa2-4acd-8992-4e6d00dc1cce","properties":{"address":"Vøyensvingen 4","capacity":"486","name":"Tilfluktsrom 20261"},"type":"Feature"},{"geometry":{"coordinates":[10.268182,60.170464],"type":"Point"},"id":"shelter-31632442-323e-4327-af13-e5d115f103f7","properties":{"address":"Vesterngata 18","capacity":"83","name":"Tilfluktsrom 14871"},"type":"Feature"},{"geometry":{"coordinates":[17.429275,68.437973],"type":"Point"},"id":"shelter-3259791d-5c5c-4428-8955-84ef9eaa14fc","properties":{"address":"Dronningensgate 52","capacity":"800","name":"Tilfluktsrom 831"},"type":"Feature"},{"geometry":{"coordinates":[10.380829,63.359645],"type":"Point"},"id":"shelter-328b3dd7-e429-4c23-8e13-89893fdb7bc3","properties":{"address":"Østre Rosten 39 - Rostenhallen","capacity":"780","name":"Tilfluktsrom 30677"},"type":"Feature"},{"geometry":{"coordinates":[10.011399,59.048978],"type":"Point"},"id":"shelter-32ca669b-8328-49f1-b2f2-dc96621dc98f","properties":{"address":"Rosendalsgt. 17 - Langestrand skole","capacity":"220","name":"Tilfluktsrom 794"},"type":"Feature"},{"geometry":{"coordinates":[7.805733,61.311211],"type":"Point"},"id":"shelter-32d5b894-523e-4e1f-952c-187f0deed702","properties":{"address":"Storevegen 13 (Lykkja )","capacity":"550","name":"Tilfluktsrom 8825"},"type":"Feature"},{"geometry":{"coordinates":[8.591393,59.879335],"type":"Point"},"id":"shelter-331ed520-83f3-4ea5-86e6-8524f4537e4b","properties":{"address":"Potekjeller tomta, Bøenstomten 10","capacity":"728","name":"Tilfluktsrom 15765"},"type":"Feature"},{"geometry":{"coordinates":[8.04325,58.177356],"type":"Point"},"id":"shelter-33c0d766-baf7-4335-a554-415b5336b6b7","properties":{"address":"MAGNUS BARFOTSVEI 7","capacity":"95","name":"Tilfluktsrom 1895"},"type":"Feature"},{"geometry":{"coordinates":[10.70926,59.917852],"type":"Point"},"id":"shelter-33c60c8b-034e-4295-92e7-2b60d02b18ec","properties":{"address":"Fredrik Stangsgt 37","capacity":"250","name":"Tilfluktsrom 20266"},"type":"Feature"},{"geometry":{"coordinates":[10.504182,59.945117],"type":"Point"},"id":"shelter-34392f9e-88ab-4d18-afa3-b8c540debc5d","properties":{"address":"Sleiverudåsen 3","capacity":"243","name":"Tilfluktsrom 20251"},"type":"Feature"},{"geometry":{"coordinates":[11.521303,60.888038],"type":"Point"},"id":"shelter-348ed35c-9bd3-474b-9901-bae1b8b25f7e","properties":{"address":"Jon Sunds veg 18","capacity":"35","name":"Tilfluktsrom 21023"},"type":"Feature"},{"geometry":{"coordinates":[11.50363,64.469204],"type":"Point"},"id":"shelter-34d153e2-1046-417a-8bac-29b4ec673bdd","properties":{"address":"Overh.vn.8","capacity":"60","name":"Tilfluktsrom 5655"},"type":"Feature"},{"geometry":{"coordinates":[10.231378,59.729705],"type":"Point"},"id":"shelter-3588bd74-66aa-4f33-a069-cf72a80349d0","properties":{"address":"Tangen. Havnegata","capacity":"700","name":"Tilfluktsrom 21271"},"type":"Feature"},{"geometry":{"coordinates":[10.470935,61.122977],"type":"Point"},"id":"shelter-35e699fb-6593-43f1-b253-59f298dafdf5","properties":{"address":"Nordsetervegen 45","capacity":"150","name":"Tilfluktsrom 8062"},"type":"Feature"},{"geometry":{"coordinates":[10.333224,63.373192],"type":"Point"},"id":"shelter-360fe103-5b6c-4985-af91-a88848c1f841","properties":{"address":"Øvre Flatåsveg 16","capacity":"45","name":"Tilfluktsrom 12330"},"type":"Feature"},{"geometry":{"coordinates":[5.578069,58.940876],"type":"Point"},"id":"shelter-361c50fd-db07-4524-9660-b54d32a9df8b","properties":{"address":"Storevardvegen","capacity":"2000","name":"Tilfluktsrom 15059"},"type":"Feature"},{"geometry":{"coordinates":[6.363873,59.655204],"type":"Point"},"id":"shelter-36674f34-8dda-49ea-be92-8945337590cf","properties":{"address":"Åbødalsveien 77","capacity":"40","name":"Tilfluktsrom 14984"},"type":"Feature"},{"geometry":{"coordinates":[5.72666,58.883894],"type":"Point"},"id":"shelter-3701dd5a-5c21-4574-b9a5-be98fae9e0a7","properties":{"address":"Luramyrveien 61","capacity":"241","name":"Tilfluktsrom 4026"},"type":"Feature"},{"geometry":{"coordinates":[7.13141,62.558244],"type":"Point"},"id":"shelter-3763d446-ebf8-433d-b56f-082c8aa1bed0","properties":{"address":"Tresfjordvegen 215","capacity":"48","name":"Tilfluktsrom 38947"},"type":"Feature"},{"geometry":{"coordinates":[5.723413,58.840202],"type":"Point"},"id":"shelter-3794169c-783b-4da6-b6f4-2b1cc6779fc3","properties":{"address":"Jærveien 107","capacity":"222","name":"Tilfluktsrom 46465"},"type":"Feature"},{"geometry":{"coordinates":[6.315737,62.427554],"type":"Point"},"id":"shelter-384621e3-3a81-497f-80a0-06e69490bd8a","properties":{"address":"Solavågseidet 76","capacity":"83","name":"Tilfluktsrom 39997"},"type":"Feature"},{"geometry":{"coordinates":[13.193526,65.837793],"type":"Point"},"id":"shelter-3894e322-be52-4ee2-af07-8208aaf06589","properties":{"address":"Fearnleysgt. 14 (Mosjøen viderg.skole- off.)","capacity":"310","name":"Tilfluktsrom 9517"},"type":"Feature"},{"geometry":{"coordinates":[14.400001,67.275244],"type":"Point"},"id":"shelter-3966f5ee-366f-4de7-a852-1d1d680962c1","properties":{"address":"Salten gummiservice A\/S, Tømrerveien 8","capacity":"160","name":"Tilfluktsrom 2506"},"type":"Feature"},{"geometry":{"coordinates":[5.318218,59.381327],"type":"Point"},"id":"shelter-39bfe856-4be7-4d0d-97c3-6c1d69cac774","properties":{"address":"Hestmyrvegen 10","capacity":"185","name":"Tilfluktsrom 37918"},"type":"Feature"},{"geometry":{"coordinates":[8.12606,58.173421],"type":"Point"},"id":"shelter-3a339f6a-3bc6-4b5f-a1bb-59d5dfb8d37b","properties":{"address":"SKIBÅSEN 2","capacity":"170","name":"Tilfluktsrom 1971"},"type":"Feature"},{"geometry":{"coordinates":[29.951927,69.668176],"type":"Point"},"id":"shelter-3a34b8d5-370f-4402-be9c-622845334298","properties":{"address":"Sundelinveien 72 (Sandnes Skole)","capacity":"400","name":"Tilfluktsrom 5815"},"type":"Feature"},{"geometry":{"coordinates":[7.982373,58.149152],"type":"Point"},"id":"shelter-3ad1d686-5774-4e56-a3cc-7c3c092583f4","properties":{"address":"BANEHEIVEIEN","capacity":"136","name":"Tilfluktsrom 1688"},"type":"Feature"},{"geometry":{"coordinates":[7.530683,62.786868],"type":"Point"},"id":"shelter-3b57d179-a730-4943-b1ba-d3312eade06a","properties":{"address":"Høglivegen 8","capacity":"150","name":"Tilfluktsrom 38937"},"type":"Feature"},{"geometry":{"coordinates":[8.789051,58.473322],"type":"Point"},"id":"shelter-3b71d48f-b40e-4042-8293-c687a17853b2","properties":{"address":"Gullfakse Barnehage - Nordbødalen 12","capacity":"120","name":"Tilfluktsrom 37879"},"type":"Feature"},{"geometry":{"coordinates":[5.226198,59.292976],"type":"Point"},"id":"shelter-3bade8ba-e24d-43f9-91ea-0a955caf106b","properties":{"address":"Austre Veaveg 217","capacity":"18","name":"Tilfluktsrom 14355"},"type":"Feature"},{"geometry":{"coordinates":[12.211094,65.468137],"type":"Point"},"id":"shelter-3bc7a98a-e21b-42d9-92b3-d7d0093b5844","properties":{"address":"Skole\/Samfunnshus, Skolegata 1","capacity":"120","name":"Tilfluktsrom 4703"},"type":"Feature"},{"geometry":{"coordinates":[10.222859,59.111364],"type":"Point"},"id":"shelter-3c9e96dc-dc8f-4b7e-b96b-171a35d5c4f9","properties":{"address":"Hystadv. 167 - Off.  Jotun A\/S","capacity":"200","name":"Tilfluktsrom 808"},"type":"Feature"},{"geometry":{"coordinates":[11.066359,60.795423],"type":"Point"},"id":"shelter-3cb31f1d-9d43-475b-a5e0-0cf527de728b","properties":{"address":"Morteruds gate 22 - 24","capacity":"270","name":"Tilfluktsrom 12307"},"type":"Feature"},{"geometry":{"coordinates":[10.392048,63.421146],"type":"Point"},"id":"shelter-3cc2f5c5-e4c4-43ce-915b-3c2695e84d94","properties":{"address":"Olav Kyrres gate 6 -Revmatismebygget - St. Olavs H","capacity":"500","name":"Tilfluktsrom 30673"},"type":"Feature"},{"geometry":{"coordinates":[5.452205,60.236301],"type":"Point"},"id":"shelter-3d60076f-7a89-462f-93db-69ac38a3cec2","properties":{"address":"Søfteland","capacity":"150","name":"Tilfluktsrom 15714"},"type":"Feature"},{"geometry":{"coordinates":[10.948606,59.21285],"type":"Point"},"id":"shelter-3e39d904-5910-48b7-87b8-b42f093656ba","properties":{"address":"Damyr\/ Sportsveien 18","capacity":"1345","name":"Tilfluktsrom 12705"},"type":"Feature"},{"geometry":{"coordinates":[7.990488,58.147248],"type":"Point"},"id":"shelter-3fbd035a-37d1-48d0-9d15-e07c40e68418","properties":{"address":"MARKENSGATE 42","capacity":"330","name":"Tilfluktsrom 1908"},"type":"Feature"},{"geometry":{"coordinates":[10.700768,59.921882],"type":"Point"},"id":"shelter-4008d7b6-70cc-4773-9671-9f718c7480a0","properties":{"address":"Nobelsgt 30","capacity":"385","name":"Tilfluktsrom 20259"},"type":"Feature"},{"geometry":{"coordinates":[6.434682,60.658698],"type":"Point"},"id":"shelter-405429d1-305a-4ff2-954f-a92e493b5bfe","properties":{"address":"Strandavegen 334","capacity":"233","name":"Tilfluktsrom 9915"},"type":"Feature"},{"geometry":{"coordinates":[10.447574,59.827695],"type":"Point"},"id":"shelter-407e9878-d02e-4dfa-b452-f2334471c445","properties":{"address":"Bleikerveien 64  (Asker Tennisklubb)","capacity":"165","name":"Tilfluktsrom 13266"},"type":"Feature"},{"geometry":{"coordinates":[11.128584,59.590274],"type":"Point"},"id":"shelter-408bd93c-3bf6-4645-8b9b-dd4409771e8b","properties":{"address":"Rom skole\/ Gramveien 63A, Askim","capacity":"260","name":"Tilfluktsrom 6966"},"type":"Feature"},{"geometry":{"coordinates":[10.259675,60.180368],"type":"Point"},"id":"shelter-40abfe14-9906-402b-8ff3-26ccf1fcca8d","properties":{"address":"Krokenveien 19","capacity":"385","name":"Tilfluktsrom 15597"},"type":"Feature"},{"geometry":{"coordinates":[9.215199,58.714551],"type":"Point"},"id":"shelter-40c0929e-6c85-4b21-8943-c69a045dbc82","properties":{"address":"Risør Idrettshall - Caspersens vei 25","capacity":"240","name":"Tilfluktsrom 6157"},"type":"Feature"},{"geometry":{"coordinates":[10.405089,59.606648],"type":"Point"},"id":"shelter-412e923d-392d-4cc1-85b0-ee216c215672","properties":{"address":"Tømmeråsv. 3 - Svelvik Samfunnshus (off)","capacity":"375","name":"Tilfluktsrom 48632"},"type":"Feature"},{"geometry":{"coordinates":[11.13152,59.942091],"type":"Point"},"id":"shelter-4161e79a-36a3-4cbe-8dea-28ec96ec89e3","properties":{"address":"Engaveien 6 - Vitåsen (Garderåsen)","capacity":"100","name":"Tilfluktsrom 20301"},"type":"Feature"},{"geometry":{"coordinates":[11.160927,59.583244],"type":"Point"},"id":"shelter-41a2e7f9-b4d5-4e92-994b-2e6b7e853ea4","properties":{"address":"Dr.Randersgate 5, Askim","capacity":"265","name":"Tilfluktsrom 6963"},"type":"Feature"},{"geometry":{"coordinates":[9.908353,59.773209],"type":"Point"},"id":"shelter-41aad9d9-01cb-48a8-b0df-d85e1e6069b2","properties":{"address":"Hellefoss veien 2","capacity":"320","name":"Tilfluktsrom 5630"},"type":"Feature"},{"geometry":{"coordinates":[6.038975,62.171096],"type":"Point"},"id":"shelter-41f668e3-ca68-4491-8526-4a489d441235","properties":{"address":"Morkafura 8","capacity":"50","name":"Tilfluktsrom 48580"},"type":"Feature"},{"geometry":{"coordinates":[14.138547,66.340782],"type":"Point"},"id":"shelter-422b50c8-1931-45ec-99c5-1d30037b3ba6","properties":{"address":"Ytteren Somatiske sykehjem - off.","capacity":"240","name":"Tilfluktsrom 2662"},"type":"Feature"},{"geometry":{"coordinates":[6.027633,62.371386],"type":"Point"},"id":"shelter-4260e0e5-87e5-4bae-9cce-1c7ea6181d8a","properties":{"address":"Kjøpmannsgata 15","capacity":"108","name":"Tilfluktsrom 48565"},"type":"Feature"},{"geometry":{"coordinates":[11.110528,59.284283],"type":"Point"},"id":"shelter-42dad7f2-a802-41d9-ab7c-b31c10f2b783","properties":{"address":"Torvet 4-6","capacity":"200","name":"Tilfluktsrom 12016"},"type":"Feature"},{"geometry":{"coordinates":[5.300131,59.280606],"type":"Point"},"id":"shelter-42f03b1b-df79-464f-a6ca-49d5420557b3","properties":{"address":"Austre Karmøyveg 120","capacity":"66","name":"Tilfluktsrom 15258"},"type":"Feature"},{"geometry":{"coordinates":[5.11416,61.936272],"type":"Point"},"id":"shelter-432393f6-f9de-4b6c-a342-645dbeb69106","properties":{"address":"Gate 1 129","capacity":"197","name":"Tilfluktsrom 30655"},"type":"Feature"},{"geometry":{"coordinates":[9.644843,59.142081],"type":"Point"},"id":"shelter-4365ec9d-5a0a-4b8a-beb3-3160278015ed","properties":{"address":"Lysthusåsen, Kleiva 4","capacity":"540","name":"Tilfluktsrom 15755"},"type":"Feature"},{"geometry":{"coordinates":[11.142948,64.4965],"type":"Point"},"id":"shelter-43a00e8a-b963-4900-85e6-fe1c81eec90f","properties":{"address":"Statlandvegen 13, Nord Statland","capacity":"300","name":"Tilfluktsrom 20901"},"type":"Feature"},{"geometry":{"coordinates":[8.766068,58.4619],"type":"Point"},"id":"shelter-43b6076f-9953-40da-be9e-b6d8d0d880c3","properties":{"address":"Arendalstunnelen - Parkeringstunnell -Torvet\/Barb","capacity":"2400","name":"Tilfluktsrom 6815"},"type":"Feature"},{"geometry":{"coordinates":[6.665636,58.296542],"type":"Point"},"id":"shelter-43fd9be9-c45b-44de-85bf-75b834922f49","properties":{"address":"Urgata 2","capacity":"220","name":"Tilfluktsrom 2306"},"type":"Feature"},{"geometry":{"coordinates":[10.39903,63.431029],"type":"Point"},"id":"shelter-44625a91-a64e-4d77-8df1-9d0fb179c940","properties":{"address":"Westermannsveita 4 Tidl. Nordre gate 1","capacity":"630","name":"Tilfluktsrom 6870"},"type":"Feature"},{"geometry":{"coordinates":[9.414783,58.873599],"type":"Point"},"id":"shelter-4467386b-dcb2-4ef2-9871-e8d6bdad9788","properties":{"address":"Renseanlegget, Ytre Strandvei 15","capacity":"1000","name":"Tilfluktsrom 15760"},"type":"Feature"},{"geometry":{"coordinates":[6.158681,62.473695],"type":"Point"},"id":"shelter-456ea769-c978-4ea1-8b84-f43fa61aa0ca","properties":{"address":"Storgata 16","capacity":"300","name":"Tilfluktsrom 12196"},"type":"Feature"},{"geometry":{"coordinates":[7.537629,62.787672],"type":"Point"},"id":"shelter-457bd36f-3f45-49c4-9c44-2d944befdea3","properties":{"address":"Baklivegen 4","capacity":"80","name":"Tilfluktsrom 38938"},"type":"Feature"},{"geometry":{"coordinates":[7.182823,62.739478],"type":"Point"},"id":"shelter-45b2ea2f-a634-4243-96af-35f4a91dd5dc","properties":{"address":"Fannestrandvegen 49 b","capacity":"856","name":"Tilfluktsrom 38930"},"type":"Feature"},{"geometry":{"coordinates":[24.967036,70.048491],"type":"Point"},"id":"shelter-45f2bbec-f586-4fe5-8d73-921db0265ac2","properties":{"address":"Flerbrukshallen Lakselv","capacity":"170","name":"Tilfluktsrom 7438"},"type":"Feature"},{"geometry":{"coordinates":[8.589475,59.878593],"type":"Point"},"id":"shelter-46470036-841b-46b2-a837-380b0c6f110a","properties":{"address":"Rjukan politikammer, Sam Eydes gate 71","capacity":"200","name":"Tilfluktsrom 15766"},"type":"Feature"},{"geometry":{"coordinates":[5.438169,60.460226],"type":"Point"},"id":"shelter-468e55ab-7ff8-41c7-8f9b-55abec40fec9","properties":{"address":"Elvavegen 2,  Ytre Arna","capacity":"360","name":"Tilfluktsrom 10113"},"type":"Feature"},{"geometry":{"coordinates":[18.954024,69.650827],"type":"Point"},"id":"shelter-4733c331-a0eb-4ddf-ab3f-9f654644aaa9","properties":{"address":"Fjellanlegg - Tromsø parkering","capacity":"7000","name":"Tilfluktsrom 48604"},"type":"Feature"},{"geometry":{"coordinates":[10.315461,59.489427],"type":"Point"},"id":"shelter-476b8d24-cb3b-4a79-a944-061c918da908","properties":{"address":"Langgt. 14","capacity":"800","name":"Tilfluktsrom 787"},"type":"Feature"},{"geometry":{"coordinates":[11.048915,60.797859],"type":"Point"},"id":"shelter-48257a8d-c632-4306-8bf2-c9a84a7aa698","properties":{"address":"Aslak Bolts gate 42","capacity":"50","name":"Tilfluktsrom 12311"},"type":"Feature"},{"geometry":{"coordinates":[6.363694,62.464238],"type":"Point"},"id":"shelter-4856ab8f-f006-4d65-b131-83abbbbfb6ad","properties":{"address":"Nedregårdsvegen 1","capacity":"120","name":"Tilfluktsrom 48527"},"type":"Feature"},{"geometry":{"coordinates":[6.643847,58.283261],"type":"Point"},"id":"shelter-48c4662f-1a3b-4914-b1df-03f1b3c4c6ce","properties":{"address":"SVEGESKOGEN 17","capacity":"100","name":"Tilfluktsrom 2293"},"type":"Feature"},{"geometry":{"coordinates":[10.601794,59.947497],"type":"Point"},"id":"shelter-49be9a11-25dc-4158-9173-8c6c27ab71c4","properties":{"address":"Østerndalen 23 Grini næringspark","capacity":"225","name":"Tilfluktsrom 16352"},"type":"Feature"},{"geometry":{"coordinates":[6.305532,59.640104],"type":"Point"},"id":"shelter-49f517fd-4439-403a-99ef-f56198633457","properties":{"address":"Sjøen 45","capacity":"78","name":"Tilfluktsrom 14981"},"type":"Feature"},{"geometry":{"coordinates":[6.419738,60.62794],"type":"Point"},"id":"shelter-4a18b6c2-d185-4ae7-a53d-8b751a7ba1f0","properties":{"address":"Miltzowsgt. 2","capacity":"698","name":"Tilfluktsrom 9952"},"type":"Feature"},{"geometry":{"coordinates":[10.720795,59.926167],"type":"Point"},"id":"shelter-4a90de89-edfe-4ccd-bcf4-bfc6225e5171","properties":{"address":"Bogstadveien 30","capacity":"160","name":"Tilfluktsrom 20268"},"type":"Feature"},{"geometry":{"coordinates":[5.756204,58.842989],"type":"Point"},"id":"shelter-4abc8125-6209-423b-a8ad-3a2ee264046a","properties":{"address":"Iglemyrveien 3","capacity":"80","name":"Tilfluktsrom 3325"},"type":"Feature"},{"geometry":{"coordinates":[10.967033,59.923349],"type":"Point"},"id":"shelter-4aea6716-a194-4099-87af-16ea3d4d77c5","properties":{"address":"Nordlifaret 50, Skårerhallen","capacity":"4000","name":"Tilfluktsrom 20293"},"type":"Feature"},{"geometry":{"coordinates":[10.668657,59.427789],"type":"Point"},"id":"shelter-4afadd6c-193f-40b5-b63d-ae655bac7949","properties":{"address":"Malakoff vg. skole, Dyreveien 9","capacity":"400","name":"Tilfluktsrom 7105"},"type":"Feature"},{"geometry":{"coordinates":[8.08145,58.15468],"type":"Point"},"id":"shelter-4c3aa34f-d85f-4cc8-aaca-f748531d34c7","properties":{"address":"STRØMMEVEIEN 85-87","capacity":"234","name":"Tilfluktsrom 2014"},"type":"Feature"},{"geometry":{"coordinates":[5.6981,58.944658],"type":"Point"},"id":"shelter-4d153e0d-73d7-4401-9ffc-d601e2e18dc9","properties":{"address":"Olav Liljekransstien 20","capacity":"380","name":"Tilfluktsrom 15246"},"type":"Feature"},{"geometry":{"coordinates":[10.432986,59.835985],"type":"Point"},"id":"shelter-4d66b115-1c17-4917-b835-1f088ebb7c3e","properties":{"address":"Strøket 15A (Trekanten)","capacity":"450","name":"Tilfluktsrom 21280"},"type":"Feature"},{"geometry":{"coordinates":[10.759794,59.937644],"type":"Point"},"id":"shelter-4dae9fb9-270f-4f2c-9e5e-df66fc087c0a","properties":{"address":"Bentsegt 21-25","capacity":"250","name":"Tilfluktsrom 20209"},"type":"Feature"},{"geometry":{"coordinates":[5.85128,58.93021],"type":"Point"},"id":"shelter-4e943ed3-2c6c-40e3-ac74-7e1ac7749f3c","properties":{"address":"Kaiveien 25","capacity":"200","name":"Tilfluktsrom 4305"},"type":"Feature"},{"geometry":{"coordinates":[7.058312,58.12144],"type":"Point"},"id":"shelter-4e94fe33-94a0-4549-ac76-943a21411935","properties":{"address":"ROSFJORD","capacity":"35","name":"Tilfluktsrom 2344"},"type":"Feature"},{"geometry":{"coordinates":[11.499408,64.010981],"type":"Point"},"id":"shelter-4ea63b6f-841b-4b29-a41d-a02a1835260a","properties":{"address":"Nedre Sannan","capacity":"150","name":"Tilfluktsrom 48537"},"type":"Feature"},{"geometry":{"coordinates":[14.400086,67.283004],"type":"Point"},"id":"shelter-4edb65aa-fee8-4652-b377-6f97044c6392","properties":{"address":"Rensås Nord, Parkveien, Bodø","capacity":"500","name":"Tilfluktsrom 2527"},"type":"Feature"},{"geometry":{"coordinates":[11.178132,60.140963],"type":"Point"},"id":"shelter-4f034213-3ea2-45b9-847a-bf18546a1961","properties":{"address":"Sveavegen 1-25 - Jessheimtunet - Offentlig","capacity":"500","name":"Tilfluktsrom 20665"},"type":"Feature"},{"geometry":{"coordinates":[11.146991,59.285791],"type":"Point"},"id":"shelter-4f59f745-8a9d-4f89-a5f2-a7d95d5bfffd","properties":{"address":"Hafslundsøy skole\/ Hagastuveien 60","capacity":"40","name":"Tilfluktsrom 9410"},"type":"Feature"},{"geometry":{"coordinates":[10.526027,59.892038],"type":"Point"},"id":"shelter-50008821-04e3-46d7-a947-432860cbb231","properties":{"address":"Otto Svedrups plass 4 - tidl. Øvre Torv 1","capacity":"700","name":"Tilfluktsrom 30668"},"type":"Feature"},{"geometry":{"coordinates":[9.651787,59.668901],"type":"Point"},"id":"shelter-5085ed05-392e-4d0d-95e2-3f5f6c2639ad","properties":{"address":"Karsches gate 3  \"Tilflukt\"","capacity":"300","name":"Tilfluktsrom 4855"},"type":"Feature"},{"geometry":{"coordinates":[7.098372,62.610433],"type":"Point"},"id":"shelter-50a683d0-74ce-4d08-83d2-69e4e640032e","properties":{"address":"Remmemsvegen 85","capacity":"35","name":"Tilfluktsrom 38960"},"type":"Feature"},{"geometry":{"coordinates":[6.21457,62.44375],"type":"Point"},"id":"shelter-50eac2ed-5921-4361-8c45-fb0bdcd0f413","properties":{"address":"Erikmarka 3","capacity":"87","name":"Tilfluktsrom 12025"},"type":"Feature"},{"geometry":{"coordinates":[10.049947,59.077853],"type":"Point"},"id":"shelter-51029053-46af-4253-83cb-353e414831ef","properties":{"address":"Nordbyveien 27 - Hagatun grendehus","capacity":"220","name":"Tilfluktsrom 793"},"type":"Feature"},{"geometry":{"coordinates":[10.495529,63.436822],"type":"Point"},"id":"shelter-51139e96-9e05-4168-baa8-ca67bbb37c9d","properties":{"address":"Hasselbakken 5A og 5 C","capacity":"513","name":"Tilfluktsrom 30678"},"type":"Feature"},{"geometry":{"coordinates":[13.611536,68.148173],"type":"Point"},"id":"shelter-5120c0b6-9b3a-4d48-8c3f-7d5b6f0e5b28","properties":{"address":"Rådhuset, Leknes","capacity":"40","name":"Tilfluktsrom 37891"},"type":"Feature"},{"geometry":{"coordinates":[10.714875,59.928313],"type":"Point"},"id":"shelter-522ddacd-e13b-43d2-a987-00d0fe544bc1","properties":{"address":"Majorstuveien 38","capacity":"555","name":"Tilfluktsrom 20256"},"type":"Feature"},{"geometry":{"coordinates":[6.068567,62.14615],"type":"Point"},"id":"shelter-546bbff8-311d-44eb-91ad-cd1dfdea0ca0","properties":{"address":"Gymnasvegen 2","capacity":"270","name":"Tilfluktsrom 48571"},"type":"Feature"},{"geometry":{"coordinates":[7.972962,58.155102],"type":"Point"},"id":"shelter-5488fd4e-a8ad-4a52-8677-878ac94da598","properties":{"address":"RAVNEDALSVEIEN 34","capacity":"170","name":"Tilfluktsrom 1776"},"type":"Feature"},{"geometry":{"coordinates":[5.308322,60.305625],"type":"Point"},"id":"shelter-564cdf60-480b-4f8b-86cf-3d2a92882e6d","properties":{"address":"Nordåsbrotet 2","capacity":"175","name":"Tilfluktsrom 11236"},"type":"Feature"},{"geometry":{"coordinates":[11.521925,64.474148],"type":"Point"},"id":"shelter-56676836-cc79-4615-905f-cfcbf94f65b5","properties":{"address":"Jarl Hildrums veg 6, Kleppen","capacity":"2000","name":"Tilfluktsrom 5732"},"type":"Feature"},{"geometry":{"coordinates":[7.490133,58.030949],"type":"Point"},"id":"shelter-56bdd5a0-97c8-4f06-b282-66d9f294115a","properties":{"address":"SELJEVEIEN 60","capacity":"400","name":"Tilfluktsrom 2254"},"type":"Feature"},{"geometry":{"coordinates":[9.216877,58.720064],"type":"Point"},"id":"shelter-576bbcdc-de95-49ef-9a68-1ba387f386a8","properties":{"address":"Risør videregående skole - Sirisveien 8 Blokk A","capacity":"470","name":"Tilfluktsrom 6160"},"type":"Feature"},{"geometry":{"coordinates":[9.660228,59.136651],"type":"Point"},"id":"shelter-577447b6-ec81-4c23-bf2d-3dd973fe8dff","properties":{"address":"Bånnåsen 21","capacity":"500","name":"Tilfluktsrom 15752"},"type":"Feature"},{"geometry":{"coordinates":[11.132714,60.804176],"type":"Point"},"id":"shelter-580399a9-1f66-4ded-b0b6-fec17b4827b3","properties":{"address":"Finsalvegen 3","capacity":"49","name":"Tilfluktsrom 12313"},"type":"Feature"},{"geometry":{"coordinates":[10.829616,59.848756],"type":"Point"},"id":"shelter-5849b168-c065-4621-948d-d3d700455bfe","properties":{"address":"Klemetsrud, Lofsrudveien 6","capacity":"5600","name":"Tilfluktsrom 20254"},"type":"Feature"},{"geometry":{"coordinates":[5.73385,58.852],"type":"Point"},"id":"shelter-5857a572-c584-4418-83e5-0c0402607be0","properties":{"address":"Flintergata 6","capacity":"600","name":"Tilfluktsrom 3247"},"type":"Feature"},{"geometry":{"coordinates":[8.095322,58.175809],"type":"Point"},"id":"shelter-588a09be-f0aa-49e3-a186-1f69667f2c05","properties":{"address":"JORDBÆRVEIEN 2","capacity":"170","name":"Tilfluktsrom 1818"},"type":"Feature"},{"geometry":{"coordinates":[14.40508,67.283731],"type":"Point"},"id":"shelter-588a1d67-6a11-4543-bfd9-5fe0773f6995","properties":{"address":"Rensås Syd, Bodø","capacity":"1154","name":"Tilfluktsrom 2524"},"type":"Feature"},{"geometry":{"coordinates":[10.63015,59.429391],"type":"Point"},"id":"shelter-595cf601-5e97-4c25-9d5b-77f048f14602","properties":{"address":"Reier skole\/Brageveien 9","capacity":"250","name":"Tilfluktsrom 7106"},"type":"Feature"},{"geometry":{"coordinates":[5.697076,58.946174],"type":"Point"},"id":"shelter-5a85f6c2-a304-47ea-8595-9c6b9bf821aa","properties":{"address":"Hallingstien 38","capacity":"380","name":"Tilfluktsrom 15247"},"type":"Feature"},{"geometry":{"coordinates":[8.572422,62.672764],"type":"Point"},"id":"shelter-5aace7f7-58ad-4364-ab62-9f79228e513f","properties":{"address":"Ringvegen 13","capacity":"91","name":"Tilfluktsrom 21225"},"type":"Feature"},{"geometry":{"coordinates":[10.415986,63.394464],"type":"Point"},"id":"shelter-5ac69528-91e1-4425-88eb-3cf17964314c","properties":{"address":"Siriusveien 10","capacity":"200","name":"Tilfluktsrom 11848"},"type":"Feature"},{"geometry":{"coordinates":[5.743324,58.861441],"type":"Point"},"id":"shelter-5b268043-a3a1-485b-9614-a44566157131","properties":{"address":"Roald Amundsens gate 28A","capacity":"420","name":"Tilfluktsrom 3249"},"type":"Feature"},{"geometry":{"coordinates":[13.190495,65.836672],"type":"Point"},"id":"shelter-5d1499f7-e90e-4d4b-bdce-f69fb423d2ee","properties":{"address":"Strandgata 36 (offentlig)","capacity":"25","name":"Tilfluktsrom 9505"},"type":"Feature"},{"geometry":{"coordinates":[6.363434,62.445808],"type":"Point"},"id":"shelter-5df14c3b-109d-467e-b33f-03e8f769698e","properties":{"address":"Blindheimsgeilane 1","capacity":"123","name":"Tilfluktsrom 12163"},"type":"Feature"},{"geometry":{"coordinates":[10.584347,59.918199],"type":"Point"},"id":"shelter-5e0470e3-5468-46d2-a783-f97d396938de","properties":{"address":"Gml Ringeriksvei 44","capacity":"1336","name":"Tilfluktsrom 20247"},"type":"Feature"},{"geometry":{"coordinates":[14.054265,66.285491],"type":"Point"},"id":"shelter-5e22a977-8f6d-4b40-bd25-49be8cce8cde","properties":{"address":"Kveldssolgata 99 (Hauknes skole - offentlig)","capacity":"230","name":"Tilfluktsrom 2483"},"type":"Feature"},{"geometry":{"coordinates":[7.970141,58.148601],"type":"Point"},"id":"shelter-5ec7c868-a196-4697-b7dc-b410e0c0fbc4","properties":{"address":"MØLLEVANNSVEIEN 50","capacity":"300","name":"Tilfluktsrom 1922"},"type":"Feature"},{"geometry":{"coordinates":[10.586712,59.904457],"type":"Point"},"id":"shelter-5f2bf341-f46f-4f04-b478-b53e1ce049a5","properties":{"address":"Peter Lorangesvei 1, Stabekk Bosenter","capacity":"233","name":"Tilfluktsrom 20243"},"type":"Feature"},{"geometry":{"coordinates":[10.512613,59.894621],"type":"Point"},"id":"shelter-5ff4beb7-b966-4ce2-8a69-552aa0ec33fd","properties":{"address":"Hamangskråningen, Brynsveien 2 Sandvika","capacity":"4200","name":"Tilfluktsrom 20250"},"type":"Feature"},{"geometry":{"coordinates":[10.734887,59.918829],"type":"Point"},"id":"shelter-60119cc9-024a-4aee-9ddd-73b16a0ff40e","properties":{"address":"Tullinsgate 2","capacity":"1750","name":"Tilfluktsrom 16973"},"type":"Feature"},{"geometry":{"coordinates":[6.227926,62.474085],"type":"Point"},"id":"shelter-605e8ccc-c0de-43a7-8058-3a50b2b27093","properties":{"address":"Gangstøvikvegen 27","capacity":"500","name":"Tilfluktsrom 12245"},"type":"Feature"},{"geometry":{"coordinates":[8.706224,58.440072],"type":"Point"},"id":"shelter-6122b638-04c9-44a0-b713-2c4ba9eef319","properties":{"address":"Bjorbekktunet - Off - Bjorbekk - Johan Landmarksve","capacity":"90","name":"Tilfluktsrom 6206"},"type":"Feature"},{"geometry":{"coordinates":[25.518816,69.472223],"type":"Point"},"id":"shelter-616ea11a-db42-4d0a-ba40-561d9a24f40e","properties":{"address":"Rådhusgata 4","capacity":"465","name":"Tilfluktsrom 11741"},"type":"Feature"},{"geometry":{"coordinates":[15.375249,67.262641],"type":"Point"},"id":"shelter-61c49328-6820-4d52-8bb6-f1340558dba3","properties":{"address":"Gymnaset, Gymnasveien 5, Fauske","capacity":"450","name":"Tilfluktsrom 2571"},"type":"Feature"},{"geometry":{"coordinates":[6.669019,58.295212],"type":"Point"},"id":"shelter-61c4f99d-ab67-4373-8f8e-b9e49c9bdbbf","properties":{"address":"RAULIVEIEN 2","capacity":"190","name":"Tilfluktsrom 2310"},"type":"Feature"},{"geometry":{"coordinates":[23.301057,69.973665],"type":"Point"},"id":"shelter-62ee4d16-3627-44ee-afdb-15b3fe442680","properties":{"address":"Holstbakken   Alta","capacity":"520","name":"Tilfluktsrom 2522"},"type":"Feature"},{"geometry":{"coordinates":[10.055507,60.833774],"type":"Point"},"id":"shelter-630ee199-aae0-4cb8-95f4-7e0d28a76f9d","properties":{"address":"Rosteinvegen 7","capacity":"30","name":"Tilfluktsrom 8044"},"type":"Feature"},{"geometry":{"coordinates":[10.50811,59.942985],"type":"Point"},"id":"shelter-6361224a-4dfb-4086-8036-5a3f34d322d0","properties":{"address":"Skollerudveien 7, Helset hallen","capacity":"553","name":"Tilfluktsrom 20244"},"type":"Feature"},{"geometry":{"coordinates":[10.219716,59.128743],"type":"Point"},"id":"shelter-63ccb558-5f5b-40b5-8798-20e13ed7e1c6","properties":{"address":"Sandefjordsv. 3 - Off. Sandefjord Rådhus","capacity":"400","name":"Tilfluktsrom 810"},"type":"Feature"},{"geometry":{"coordinates":[11.309466,63.749125],"type":"Point"},"id":"shelter-63f51d4c-141f-435a-a97e-7a60e6a8989b","properties":{"address":"Trekanten 2, Levanger","capacity":"80","name":"Tilfluktsrom 21163"},"type":"Feature"},{"geometry":{"coordinates":[11.079709,60.793351],"type":"Point"},"id":"shelter-63f60225-ede5-4ac3-be42-83cf5d4f1ac6","properties":{"address":"Parkgata 33","capacity":"216","name":"Tilfluktsrom 12306"},"type":"Feature"},{"geometry":{"coordinates":[10.772981,59.924023],"type":"Point"},"id":"shelter-650a37a7-0677-4781-938e-9d3bebf913d9","properties":{"address":"Trondheimsveien 80","capacity":"520","name":"Tilfluktsrom 20289"},"type":"Feature"},{"geometry":{"coordinates":[10.941203,59.211252],"type":"Point"},"id":"shelter-65f499a4-71af-448c-8674-aecf9979a722","properties":{"address":"Lykkeberg\/ St.Croix gate 31","capacity":"1250","name":"Tilfluktsrom 12704"},"type":"Feature"},{"geometry":{"coordinates":[14.378414,67.274848],"type":"Point"},"id":"shelter-66b6a176-54dd-4890-855d-42034867c7ea","properties":{"address":"Gråholten","capacity":"600","name":"Tilfluktsrom 2519"},"type":"Feature"},{"geometry":{"coordinates":[10.410234,59.268637],"type":"Point"},"id":"shelter-68238298-0d17-49bc-8680-9c5be5161ec9","properties":{"address":"Haugar","capacity":"1500","name":"Tilfluktsrom 813"},"type":"Feature"},{"geometry":{"coordinates":[11.073934,60.793802],"type":"Point"},"id":"shelter-69bb6682-7988-4128-a6f5-f100897fcb63","properties":{"address":"Torggata 31","capacity":"158","name":"Tilfluktsrom 12312"},"type":"Feature"},{"geometry":{"coordinates":[14.92446,68.570795],"type":"Point"},"id":"shelter-69bb9cb1-6bd6-4114-bda8-8ede05f671d1","properties":{"address":"Turist og konferansesenteret, Børøya","capacity":"150","name":"Tilfluktsrom 15347"},"type":"Feature"},{"geometry":{"coordinates":[10.906206,59.216214],"type":"Point"},"id":"shelter-69ee05c3-a30c-41c2-8b0e-e0497b068667","properties":{"address":"Aktivitetshuset\/ Gressvik torg 13","capacity":"97","name":"Tilfluktsrom 12710"},"type":"Feature"},{"geometry":{"coordinates":[9.261608,59.561301],"type":"Point"},"id":"shelter-69f8679b-a9f0-490b-9deb-70fb380dafb1","properties":{"address":"Storgt 59","capacity":"700","name":"Tilfluktsrom 15769"},"type":"Feature"},{"geometry":{"coordinates":[8.712129,58.458411],"type":"Point"},"id":"shelter-69ff3407-1529-45bb-8daf-b8fc659937c2","properties":{"address":"Meny - Off - Stoa - Åsbieveien 2","capacity":"26","name":"Tilfluktsrom 6207"},"type":"Feature"},{"geometry":{"coordinates":[10.777908,59.925835],"type":"Point"},"id":"shelter-6a6007d7-ad54-4c63-8d3a-17d7f5bfcdbf","properties":{"address":"T-banen - Carl Berners plass","capacity":"2500","name":"Tilfluktsrom 20270"},"type":"Feature"},{"geometry":{"coordinates":[5.725801,58.973006],"type":"Point"},"id":"shelter-6adac1fa-c71a-4f8a-92dd-7b2606b4aefa","properties":{"address":"Nedre Strandgate","capacity":"4000","name":"Tilfluktsrom 15245"},"type":"Feature"},{"geometry":{"coordinates":[5.293068,60.544934],"type":"Point"},"id":"shelter-6be0ffd2-6d8c-4829-97ac-3a0841db7cb3","properties":{"address":"Kvassnesv. 52                Pb. 157","capacity":"65","name":"Tilfluktsrom 9806"},"type":"Feature"},{"geometry":{"coordinates":[10.401937,59.270745],"type":"Point"},"id":"shelter-6bef32cb-972c-4c8a-8df1-feb8c115d237","properties":{"address":"Slottsfjelltunnelen (off)","capacity":"962","name":"Tilfluktsrom 816"},"type":"Feature"},{"geometry":{"coordinates":[8.632787,58.515114],"type":"Point"},"id":"shelter-6c364cc5-8f11-4ca2-ae95-e1a923d3e394","properties":{"address":"Froland Idrettshall - Mjølhusmoen - Rislandsvn 10","capacity":"400","name":"Tilfluktsrom 6720"},"type":"Feature"},{"geometry":{"coordinates":[10.430205,63.437722],"type":"Point"},"id":"shelter-6cb99218-85b7-46a1-a7ed-c3f6383d60e7","properties":{"address":"Mellomveien 5","capacity":"450","name":"Tilfluktsrom 48494"},"type":"Feature"},{"geometry":{"coordinates":[11.746377,63.774763],"type":"Point"},"id":"shelter-6d24da85-bace-4e5d-b2ec-d4cfa7d114bc","properties":{"address":"Hellbakkvegen 6","capacity":"49","name":"Tilfluktsrom 48514"},"type":"Feature"},{"geometry":{"coordinates":[10.483809,59.415724],"type":"Point"},"id":"shelter-6d7978cf-ea96-469d-9516-ba9309aff519","properties":{"address":"Vognmannsgt. 1 - Trygdegården","capacity":"215","name":"Tilfluktsrom 786"},"type":"Feature"},{"geometry":{"coordinates":[30.041139,69.727791],"type":"Point"},"id":"shelter-6d7e9f3c-e2df-4a19-a2b1-e8ec5dec39d4","properties":{"address":"Dr. Wessels gate 7","capacity":"150","name":"Tilfluktsrom 5826"},"type":"Feature"},{"geometry":{"coordinates":[8.590396,58.342862],"type":"Point"},"id":"shelter-6e3466d1-caec-4449-85b3-861759f9b951","properties":{"address":"Kulturhuset - Hestetorget,Storgaten 33","capacity":"1300","name":"Tilfluktsrom 6394"},"type":"Feature"},{"geometry":{"coordinates":[9.691016,59.054237],"type":"Point"},"id":"shelter-6ea2d50e-cc02-45fd-bbb9-f45904cd044f","properties":{"address":"Trosvik, Brevik","capacity":"1040","name":"Tilfluktsrom 15759"},"type":"Feature"},{"geometry":{"coordinates":[11.107548,60.797947],"type":"Point"},"id":"shelter-6f7b47b1-c626-4af5-942e-32c089ebbcd5","properties":{"address":"Midtstranda 1","capacity":"15","name":"Tilfluktsrom 12315"},"type":"Feature"},{"geometry":{"coordinates":[9.356234,58.890679],"type":"Point"},"id":"shelter-6fa7e41e-ca0c-40e0-850a-ba36ddfe33a3","properties":{"address":"Årø skole, Nøkkeldalen 4","capacity":"220","name":"Tilfluktsrom 15761"},"type":"Feature"},{"geometry":{"coordinates":[10.606651,59.93033],"type":"Point"},"id":"shelter-6fafc3ee-1294-40da-8f0f-334f36211e84","properties":{"address":"Grav Gårdsvei 5","capacity":"230","name":"Tilfluktsrom 20242"},"type":"Feature"},{"geometry":{"coordinates":[7.160307,62.739064],"type":"Point"},"id":"shelter-70048644-7246-48dc-8b47-d8eabca62854","properties":{"address":"Kirkebakken 4A","capacity":"2000","name":"Tilfluktsrom 38931"},"type":"Feature"},{"geometry":{"coordinates":[10.409499,59.225079],"type":"Point"},"id":"shelter-7080a16b-4697-4b3a-8972-e89a88ad687c","properties":{"address":"Tinghaugv. 14 - Nøtterøy kulturhus, nedre rom","capacity":"42","name":"Tilfluktsrom 797"},"type":"Feature"},{"geometry":{"coordinates":[6.006305,58.453424],"type":"Point"},"id":"shelter-724e666f-781d-44ec-95ce-dfbd61974036","properties":{"address":"Damsgårdsgaten 4A","capacity":"150","name":"Tilfluktsrom 4241"},"type":"Feature"},{"geometry":{"coordinates":[23.272662,69.975548],"type":"Point"},"id":"shelter-7303621b-2a3b-4586-9203-efb4b608a13e","properties":{"address":"Komsa Fjellanlegg Alta Kommune","capacity":"2000","name":"Tilfluktsrom 20860"},"type":"Feature"},{"geometry":{"coordinates":[11.299777,63.745956],"type":"Point"},"id":"shelter-73aba5bd-0ad2-4cae-81df-943118f916cd","properties":{"address":"Håkon den godes gate 30","capacity":"66","name":"Tilfluktsrom 21148"},"type":"Feature"},{"geometry":{"coordinates":[7.688254,62.568252],"type":"Point"},"id":"shelter-73d778ba-4503-45ec-a08b-1eb8fa586536","properties":{"address":"Vollan 1","capacity":"50","name":"Tilfluktsrom 38963"},"type":"Feature"},{"geometry":{"coordinates":[5.217089,60.381112],"type":"Point"},"id":"shelter-75297d91-39d5-40b3-b1c2-160dfa4cabae","properties":{"address":"Olsvikåsen 49, Olsvik","capacity":"455","name":"Tilfluktsrom 11692"},"type":"Feature"},{"geometry":{"coordinates":[8.025721,58.151397],"type":"Point"},"id":"shelter-75338160-1fce-4889-a5b6-e5d0b95812f4","properties":{"address":"INDUSTRIGATA  6","capacity":"390","name":"Tilfluktsrom 1799"},"type":"Feature"},{"geometry":{"coordinates":[10.781977,59.930605],"type":"Point"},"id":"shelter-756fce0a-fcb2-49d9-a322-b64b3a593fdc","properties":{"address":"Olav Schousvei 2-8 plan B","capacity":"1210","name":"Tilfluktsrom 32760"},"type":"Feature"},{"geometry":{"coordinates":[9.847558,63.297739],"type":"Point"},"id":"shelter-75945147-80fb-4511-a180-616b6abe84df","properties":{"address":"STATENS HUS ORKANGER","capacity":"200","name":"Tilfluktsrom 1515"},"type":"Feature"},{"geometry":{"coordinates":[5.478802,60.408358],"type":"Point"},"id":"shelter-765b4bd6-713a-45e4-90e1-6f4ff11f4d7f","properties":{"address":"Hølbekken 1, Arnatveit","capacity":"230","name":"Tilfluktsrom 11688"},"type":"Feature"},{"geometry":{"coordinates":[5.257778,59.436945],"type":"Point"},"id":"shelter-789ea596-85c6-4253-9e0e-3d036d16a3d3","properties":{"address":"Kvalamarka 26","capacity":"200","name":"Tilfluktsrom 9123"},"type":"Feature"},{"geometry":{"coordinates":[5.741757,58.962347],"type":"Point"},"id":"shelter-7975158b-80ba-40c9-b493-20275e2e85e4","properties":{"address":"Paradisveien 22","capacity":"820","name":"Tilfluktsrom 31749"},"type":"Feature"},{"geometry":{"coordinates":[6.122574,62.526602],"type":"Point"},"id":"shelter-7996d6ac-fb97-48d0-b0ca-199175bcd65e","properties":{"address":"Valderøyvegen 1129","capacity":"75","name":"Tilfluktsrom 39990"},"type":"Feature"},{"geometry":{"coordinates":[10.462264,61.116166],"type":"Point"},"id":"shelter-7a35c915-4fad-4d8c-8709-4318aa5fc59c","properties":{"address":"Kirkegata 74","capacity":"616","name":"Tilfluktsrom 8064"},"type":"Feature"},{"geometry":{"coordinates":[8.091321,58.178745],"type":"Point"},"id":"shelter-7ad5ea41-106c-4b44-9b78-15790338a48f","properties":{"address":"ØVRE BRATTBAKKEN 1","capacity":"360","name":"Tilfluktsrom 2108"},"type":"Feature"},{"geometry":{"coordinates":[9.63991,59.653414],"type":"Point"},"id":"shelter-7b112d47-6919-4322-bf04-c988a8a9749e","properties":{"address":"Gesellveien 5","capacity":"225","name":"Tilfluktsrom 12456"},"type":"Feature"},{"geometry":{"coordinates":[11.390087,59.118183],"type":"Point"},"id":"shelter-7b2fd458-7dd7-4412-9a7e-1d0d99dc878e","properties":{"address":"Skippergata\/ Johan Stangsplass 1","capacity":"1000","name":"Tilfluktsrom 36834"},"type":"Feature"},{"geometry":{"coordinates":[11.497318,64.467607],"type":"Point"},"id":"shelter-7b797274-e678-433f-adcf-722e0edc3b2d","properties":{"address":"Abel Meyers gate 21","capacity":"15","name":"Tilfluktsrom 5658"},"type":"Feature"},{"geometry":{"coordinates":[5.692036,58.955198],"type":"Point"},"id":"shelter-7cca6858-0972-4601-bab3-af1842f1d35a","properties":{"address":"Rektor Oldens gate 2","capacity":"240","name":"Tilfluktsrom 18081"},"type":"Feature"},{"geometry":{"coordinates":[10.258624,59.791903],"type":"Point"},"id":"shelter-7d5b992d-8bd8-47d6-b796-b7d2f2b9d3cd","properties":{"address":"Stokkeveien 2","capacity":"281","name":"Tilfluktsrom 14559"},"type":"Feature"},{"geometry":{"coordinates":[17.406735,68.442373],"type":"Point"},"id":"shelter-7d93766a-8014-45fe-a5ca-abbd382e634b","properties":{"address":"Garderobehuset, Narvik stadion, Lillevikveien 9","capacity":"372","name":"Tilfluktsrom 14233"},"type":"Feature"},{"geometry":{"coordinates":[10.871347,59.351645],"type":"Point"},"id":"shelter-7dc40616-417c-4d9a-be06-3d790f0437ea","properties":{"address":"Råde Herredshus\/ Skråtorpveien 2A","capacity":"32","name":"Tilfluktsrom 36841"},"type":"Feature"},{"geometry":{"coordinates":[23.692801,70.663789],"type":"Point"},"id":"shelter-7e1cd33a-ab75-4326-a59b-1803b0133f53","properties":{"address":"Sivilforsvarets lager Nybakken 9   Hammerfest","capacity":"622","name":"Tilfluktsrom 7413"},"type":"Feature"},{"geometry":{"coordinates":[10.758469,59.913539],"type":"Point"},"id":"shelter-7e4398d8-df23-4f1d-b30d-cad3bf675c8a","properties":{"address":"T-banen - Grønland stasjon","capacity":"2000","name":"Tilfluktsrom 20280"},"type":"Feature"},{"geometry":{"coordinates":[11.391251,62.577088],"type":"Point"},"id":"shelter-7f96ee23-bdda-40f7-a145-db2fa6355d96","properties":{"address":"Lorentz Lossius gata 45, RØROSMUSEET","capacity":"20","name":"Tilfluktsrom 1568"},"type":"Feature"},{"geometry":{"coordinates":[5.737799,58.968441],"type":"Point"},"id":"shelter-7fad10cc-ba3b-4817-bec0-3561b647b439","properties":{"address":"Kirkebakken 18","capacity":"2080","name":"Tilfluktsrom 15232"},"type":"Feature"},{"geometry":{"coordinates":[11.108994,59.28341],"type":"Point"},"id":"shelter-7fd79b20-4265-464b-a9a2-06ba8a76332c","properties":{"address":"Sagahuset\/ Sandesundveien 1","capacity":"300","name":"Tilfluktsrom 9405"},"type":"Feature"},{"geometry":{"coordinates":[9.237485,60.986082],"type":"Point"},"id":"shelter-801cec55-7c9c-44ff-9539-b963d2edf413","properties":{"address":"Jernbanevegen 7","capacity":"100","name":"Tilfluktsrom 37869"},"type":"Feature"},{"geometry":{"coordinates":[7.999183,58.08907],"type":"Point"},"id":"shelter-80276e22-edd0-4370-9c44-6b4bd7589ef1","properties":{"address":"LINDEBØSKOGEN","capacity":"120","name":"Tilfluktsrom 1890"},"type":"Feature"},{"geometry":{"coordinates":[11.016283,60.013707],"type":"Point"},"id":"shelter-80331cbd-f162-4f54-9abf-d096a102a784","properties":{"address":"Tæruddalen 85, Tærudhallen","capacity":"4600","name":"Tilfluktsrom 20292"},"type":"Feature"},{"geometry":{"coordinates":[8.001413,58.077045],"type":"Point"},"id":"shelter-810e39d0-45f1-4d8c-9edd-0a513bce362b","properties":{"address":"ØSTERØYA 8","capacity":"220","name":"Tilfluktsrom 2094"},"type":"Feature"},{"geometry":{"coordinates":[14.148941,66.312793],"type":"Point"},"id":"shelter-812275c1-5728-4638-8032-93a71a9f8abb","properties":{"address":"Myraveien 2 (Brannstasjonen)","capacity":"160","name":"Tilfluktsrom 2468"},"type":"Feature"},{"geometry":{"coordinates":[11.378465,59.122614],"type":"Point"},"id":"shelter-81301851-27ee-4432-a7ae-3b6ad2b8c7fa","properties":{"address":"Rødsfjellet\/ Peder Ankersgt 7B","capacity":"760","name":"Tilfluktsrom 36835"},"type":"Feature"},{"geometry":{"coordinates":[10.283676,63.15113],"type":"Point"},"id":"shelter-815445e8-0398-4e7c-a71a-cf66a1537553","properties":{"address":"Horghallvegen 25, HORGHALLEN","capacity":"30","name":"Tilfluktsrom 1423"},"type":"Feature"},{"geometry":{"coordinates":[6.134695,62.500696],"type":"Point"},"id":"shelter-817585e9-3d95-4535-bdb0-acad039e9642","properties":{"address":"Valderhaug 4","capacity":"81","name":"Tilfluktsrom 48578"},"type":"Feature"},{"geometry":{"coordinates":[13.195049,65.835442],"type":"Point"},"id":"shelter-81886d5e-135e-4968-9ee8-be9808c49688","properties":{"address":"Håreksgt. 13","capacity":"388","name":"Tilfluktsrom 9474"},"type":"Feature"},{"geometry":{"coordinates":[10.479063,59.4177],"type":"Point"},"id":"shelter-81b7ef26-4aa7-441d-9ce3-4e5ea7d71cee","properties":{"address":"Vestre Braarudgt. 6b - Åsheim","capacity":"370","name":"Tilfluktsrom 785"},"type":"Feature"},{"geometry":{"coordinates":[7.093621,61.233491],"type":"Point"},"id":"shelter-81bb1932-ae58-49b5-b7ba-d81c77261cd5","properties":{"address":"Ulvahaugen 2","capacity":"55","name":"Tilfluktsrom 30651"},"type":"Feature"},{"geometry":{"coordinates":[9.849686,63.305067],"type":"Point"},"id":"shelter-82fe05de-32bf-47dc-b1ea-fe4765a131b1","properties":{"address":"TORGSENTERET, ORKANGER","capacity":"33","name":"Tilfluktsrom 1516"},"type":"Feature"},{"geometry":{"coordinates":[18.524782,69.068362],"type":"Point"},"id":"shelter-8303e276-83b1-40f7-957d-33f9531e5153","properties":{"address":"Skogbrukets hus, fagerlidal 18","capacity":"288","name":"Tilfluktsrom 37914"},"type":"Feature"},{"geometry":{"coordinates":[8.928732,58.626552],"type":"Point"},"id":"shelter-8323122a-ccc9-4b7b-bcaf-039c367ee22c","properties":{"address":"Dønnestadgården - Bibliotekveien 4","capacity":"106","name":"Tilfluktsrom 6749"},"type":"Feature"},{"geometry":{"coordinates":[23.705359,70.657017],"type":"Point"},"id":"shelter-8341cae6-d371-44a0-a326-2be336d41309","properties":{"address":"Baksalen Skole  Hammerfest","capacity":"448","name":"Tilfluktsrom 7409"},"type":"Feature"},{"geometry":{"coordinates":[5.30368,59.398251],"type":"Point"},"id":"shelter-834686c0-4835-4151-9549-0a6a4002668f","properties":{"address":"Spannavegen 135","capacity":"220","name":"Tilfluktsrom 9093"},"type":"Feature"},{"geometry":{"coordinates":[11.065353,60.794926],"type":"Point"},"id":"shelter-836591b1-dfa5-41d1-883f-d9784a446776","properties":{"address":"Storhamargata 23 B-C","capacity":"320","name":"Tilfluktsrom 12308"},"type":"Feature"},{"geometry":{"coordinates":[11.491063,64.023746],"type":"Point"},"id":"shelter-836af797-7d64-4c1c-8b2b-dd116c6a5b8f","properties":{"address":"Tingvold Park hotell, Gamle Kongeveg 47","capacity":"30","name":"Tilfluktsrom 48535"},"type":"Feature"},{"geometry":{"coordinates":[7.434503,58.031973],"type":"Point"},"id":"shelter-8388a7fc-99db-43dc-8244-88eb59a86bc3","properties":{"address":"BURÅSVEIEN 59","capacity":"100","name":"Tilfluktsrom 2197"},"type":"Feature"},{"geometry":{"coordinates":[9.211249,59.569637],"type":"Point"},"id":"shelter-83dae2a6-d228-4f15-ae05-e7ee57a4104b","properties":{"address":"Heddal u\/skole, Rogneståvegen 6","capacity":"420","name":"Tilfluktsrom 15767"},"type":"Feature"},{"geometry":{"coordinates":[5.726108,58.841264],"type":"Point"},"id":"shelter-842f288a-777b-4782-9667-96a635481905","properties":{"address":"Samuel J. Sandveds vei 16","capacity":"230","name":"Tilfluktsrom 4193"},"type":"Feature"},{"geometry":{"coordinates":[5.332286,60.382698],"type":"Point"},"id":"shelter-84bb8c0f-36c7-40ea-a8c8-d8fd92ba1897","properties":{"address":"Florida-Nygårdsparken, Jahnebakken 5","capacity":"750","name":"Tilfluktsrom 11675"},"type":"Feature"},{"geometry":{"coordinates":[7.686245,62.568237],"type":"Point"},"id":"shelter-85a510b9-66dd-4c35-87a2-3cf3d4eb60dc","properties":{"address":"Vollan 8A","capacity":"481","name":"Tilfluktsrom 38966"},"type":"Feature"},{"geometry":{"coordinates":[5.852242,62.340599],"type":"Point"},"id":"shelter-85c9126e-e758-4e5f-9af4-e7c36e81f59d","properties":{"address":"Sjøgata 3","capacity":"448","name":"Tilfluktsrom 48573"},"type":"Feature"},{"geometry":{"coordinates":[10.648555,60.783142],"type":"Point"},"id":"shelter-860f93a1-ff6b-4669-ad47-b6edf4c022c2","properties":{"address":"Mattisrudsvingen 9","capacity":"65","name":"Tilfluktsrom 7956"},"type":"Feature"},{"geometry":{"coordinates":[18.1559,69.147198],"type":"Point"},"id":"shelter-86d334c0-b02b-473e-81ee-3575d7d67d84","properties":{"address":"Sørreisa Rådhus\/Helsesenter","capacity":"313","name":"Tilfluktsrom 13510"},"type":"Feature"},{"geometry":{"coordinates":[11.657639,59.478394],"type":"Point"},"id":"shelter-87bc53d9-150d-45a3-9ee4-aef280e8bc24","properties":{"address":"Marker U. skole\/ Skolegata 21,Ørje","capacity":"75","name":"Tilfluktsrom 36837"},"type":"Feature"},{"geometry":{"coordinates":[9.606644,59.206353],"type":"Point"},"id":"shelter-87e5e114-b62f-44f5-8c85-51919fbbebe7","properties":{"address":"Nedre Hjellegt 9","capacity":"325","name":"Tilfluktsrom 15748"},"type":"Feature"},{"geometry":{"coordinates":[9.908552,59.770967],"type":"Point"},"id":"shelter-8860d44a-fb63-47d4-a808-5a9eacd37814","properties":{"address":"Stasjonsgata 24","capacity":"385","name":"Tilfluktsrom 5617"},"type":"Feature"},{"geometry":{"coordinates":[10.500761,59.916573],"type":"Point"},"id":"shelter-88a61c01-28ed-4954-ba76-833bccd2a9c2","properties":{"address":"Rødskiferveien 1 Kolsås Senter","capacity":"1550","name":"Tilfluktsrom 16213"},"type":"Feature"},{"geometry":{"coordinates":[7.229248,62.742701],"type":"Point"},"id":"shelter-88d08f87-61f1-495d-9da6-8802007d2bc2","properties":{"address":"Kometvegen 5","capacity":"70","name":"Tilfluktsrom 38933"},"type":"Feature"},{"geometry":{"coordinates":[11.079418,59.285444],"type":"Point"},"id":"shelter-89b4c2fc-b909-4759-a9d0-328e3f71033f","properties":{"address":"Finn Sørli\/ Hundskinnveien 92","capacity":"42","name":"Tilfluktsrom 12021"},"type":"Feature"},{"geometry":{"coordinates":[10.60407,59.935334],"type":"Point"},"id":"shelter-89dc30e4-a146-4b3c-9251-fbc3695d1221","properties":{"address":"Veståsen 18, Katolsk kapell","capacity":"250","name":"Tilfluktsrom 20246"},"type":"Feature"},{"geometry":{"coordinates":[14.381687,67.284683],"type":"Point"},"id":"shelter-89f68ed8-2367-4128-9e67-4532afb1ffe3","properties":{"address":"Torvet, Sjøgaten, Bodø","capacity":"340","name":"Tilfluktsrom 2521"},"type":"Feature"},{"geometry":{"coordinates":[10.409454,59.225024],"type":"Point"},"id":"shelter-8a79900a-0211-4537-bfa9-503dd0209466","properties":{"address":"Tinghaugv. 14 - Nøtterøy kulturhus, øvre rom","capacity":"225","name":"Tilfluktsrom 798"},"type":"Feature"},{"geometry":{"coordinates":[10.036693,59.053505],"type":"Point"},"id":"shelter-8afaf5d3-fc98-4460-8cb6-c7e5007cb927","properties":{"address":"Byskogv. 5 - Byskogen Bo- og aktivitetssenter","capacity":"265","name":"Tilfluktsrom 789"},"type":"Feature"},{"geometry":{"coordinates":[5.65549,58.73663],"type":"Point"},"id":"shelter-8b079237-bd99-458c-a2b7-15e8c81634c2","properties":{"address":"Røyrvika 10","capacity":"270","name":"Tilfluktsrom 1220"},"type":"Feature"},{"geometry":{"coordinates":[11.296884,63.745747],"type":"Point"},"id":"shelter-8c26bf3e-0c85-4db8-ab6b-02c7a21776c5","properties":{"address":"Kirkegata 29","capacity":"42","name":"Tilfluktsrom 48516"},"type":"Feature"},{"geometry":{"coordinates":[11.084808,60.800691],"type":"Point"},"id":"shelter-8d104d9c-dfeb-4e8a-bfeb-8488175309e7","properties":{"address":"Rollsløkkvegen 19","capacity":"80","name":"Tilfluktsrom 12309"},"type":"Feature"},{"geometry":{"coordinates":[10.614801,59.929936],"type":"Point"},"id":"shelter-8d7e3445-2e69-4d98-8bc2-5553e57bc633","properties":{"address":"Bjerkelundsveien 18 A","capacity":"260","name":"Tilfluktsrom 20248"},"type":"Feature"},{"geometry":{"coordinates":[29.749685,70.074624],"type":"Point"},"id":"shelter-8de8346d-974b-42df-8f58-039984c4685d","properties":{"address":"Oscars gate 4","capacity":"465","name":"Tilfluktsrom 13649"},"type":"Feature"},{"geometry":{"coordinates":[5.321973,60.389431],"type":"Point"},"id":"shelter-8f0a3bfb-ad05-4193-8379-98f5eba74d70","properties":{"address":"Sydnestunnelen","capacity":"3500","name":"Tilfluktsrom 10512"},"type":"Feature"},{"geometry":{"coordinates":[10.451822,61.128144],"type":"Point"},"id":"shelter-906b65be-e689-42bb-b3dd-51fd7dd1a483","properties":{"address":"Gudbrandsdalsvegen 190","capacity":"250","name":"Tilfluktsrom 8061"},"type":"Feature"},{"geometry":{"coordinates":[8.009106,58.152844],"type":"Point"},"id":"shelter-90f9ea70-548b-483d-9523-08355d23039c","properties":{"address":"ØSTERVEIEN 30 B","capacity":"120","name":"Tilfluktsrom 2091"},"type":"Feature"},{"geometry":{"coordinates":[6.134422,62.199003],"type":"Point"},"id":"shelter-912a3c56-4274-4352-b34a-a07d440dd48d","properties":{"address":"Dalevegen 24","capacity":"62","name":"Tilfluktsrom 48572"},"type":"Feature"},{"geometry":{"coordinates":[5.32965,59.409628],"type":"Point"},"id":"shelter-91412178-952e-4a81-8922-03ff45c9e0fd","properties":{"address":"Skjoldavegen 318","capacity":"265","name":"Tilfluktsrom 9214"},"type":"Feature"},{"geometry":{"coordinates":[17.98805,69.231288],"type":"Point"},"id":"shelter-91847bab-1578-40e4-8454-70aa3d390ec7","properties":{"address":"Kulturhuset","capacity":"756","name":"Tilfluktsrom 13361"},"type":"Feature"},{"geometry":{"coordinates":[10.738991,59.925364],"type":"Point"},"id":"shelter-9184f663-972b-4dcd-9ccf-d227b7e64859","properties":{"address":"St. Hanshaugen, Ullevålsveien","capacity":"1130","name":"Tilfluktsrom 16719"},"type":"Feature"},{"geometry":{"coordinates":[10.226629,63.106671],"type":"Point"},"id":"shelter-9190cabc-2409-4bd0-9b21-68c97a29396b","properties":{"address":"Tømmesdalsvegen 70, HOVIN SKOLE\/SAMF.HUS","capacity":"50","name":"Tilfluktsrom 1434"},"type":"Feature"},{"geometry":{"coordinates":[7.953971,58.12539],"type":"Point"},"id":"shelter-91c01442-e38b-4e99-9a17-e1491f66a814","properties":{"address":"KIRSTEN FLAGSTADSVEI  30","capacity":"465","name":"Tilfluktsrom 1832"},"type":"Feature"},{"geometry":{"coordinates":[10.934136,59.214646],"type":"Point"},"id":"shelter-91cd0110-62a3-4b89-8bb0-3316aa4aba84","properties":{"address":"St. hansfjellet\/ Farmansgate 16","capacity":"5384","name":"Tilfluktsrom 12706"},"type":"Feature"},{"geometry":{"coordinates":[11.333741,59.553801],"type":"Point"},"id":"shelter-91e3b4ce-887d-45b7-ba03-1394978927ba","properties":{"address":"Mysenhallen\/ Smedgata 19","capacity":"736","name":"Tilfluktsrom 4741"},"type":"Feature"},{"geometry":{"coordinates":[7.995512,58.142947],"type":"Point"},"id":"shelter-926a11c1-6bc8-47ae-b4df-9c9af3b2cfc5","properties":{"address":"KONGENSGATE 2","capacity":"243","name":"Tilfluktsrom 1857"},"type":"Feature"},{"geometry":{"coordinates":[5.700164,58.947103],"type":"Point"},"id":"shelter-92ddbd29-a218-4f06-9f28-c234fa6ec913","properties":{"address":"Jupiterveien 30C","capacity":"220","name":"Tilfluktsrom 15239"},"type":"Feature"},{"geometry":{"coordinates":[9.657484,59.141775],"type":"Point"},"id":"shelter-9406c66d-228b-40f6-be34-b084f3f0f25c","properties":{"address":"Politihuset, Rådhusgt 5","capacity":"130","name":"Tilfluktsrom 15756"},"type":"Feature"},{"geometry":{"coordinates":[10.634824,59.668841],"type":"Point"},"id":"shelter-94087532-8d38-4a99-bd94-bacdc07c4ea3","properties":{"address":"Frognhallen, Belsjøveien 2","capacity":"590","name":"Tilfluktsrom 17609"},"type":"Feature"},{"geometry":{"coordinates":[10.933616,63.480034],"type":"Point"},"id":"shelter-9450835d-1653-409c-8161-fb65f2d38899","properties":{"address":"Fossliåsen","capacity":"2000","name":"Tilfluktsrom 11754"},"type":"Feature"},{"geometry":{"coordinates":[8.565771,62.67298],"type":"Point"},"id":"shelter-94e3062b-43e9-41cf-9683-ebd2381e922a","properties":{"address":"Åkersgata 4\/Ticogården","capacity":"274","name":"Tilfluktsrom 48561"},"type":"Feature"},{"geometry":{"coordinates":[16.55882,68.779884],"type":"Point"},"id":"shelter-965ade63-8a53-4ca7-94f4-28698c31bd3a","properties":{"address":"Kanebogen skole OFFENTLIG","capacity":"850","name":"Tilfluktsrom 14566"},"type":"Feature"},{"geometry":{"coordinates":[10.7254,59.923521],"type":"Point"},"id":"shelter-968d7cd0-cddd-486d-85ea-c0ddc6c069e9","properties":{"address":"Hegdehaugsveien 36","capacity":"700","name":"Tilfluktsrom 20282"},"type":"Feature"},{"geometry":{"coordinates":[11.002169,59.941052],"type":"Point"},"id":"shelter-978015d8-330b-46ea-aaa1-b93aa6b6ab15","properties":{"address":"Strømsveien 9 Vassøyholtet","capacity":"1740","name":"Tilfluktsrom 30672"},"type":"Feature"},{"geometry":{"coordinates":[5.30552,60.398272],"type":"Point"},"id":"shelter-978670dd-924a-4473-a43b-142aa1b71d2d","properties":{"address":"Nordnes, v\/ Haugeveien 32","capacity":"850","name":"Tilfluktsrom 10516"},"type":"Feature"},{"geometry":{"coordinates":[10.803393,59.773247],"type":"Point"},"id":"shelter-97a7e43e-5840-41ca-9dc6-6f8acea7f53d","properties":{"address":"Flåtestadveien 5a Fjellhallen","capacity":"2400","name":"Tilfluktsrom 20853"},"type":"Feature"},{"geometry":{"coordinates":[8.791074,58.471025],"type":"Point"},"id":"shelter-97fdb146-d8c5-4e6a-8380-5aa9f7cd6978","properties":{"address":"Birkenlundhallen - Kirkefjell 11","capacity":"1800","name":"Tilfluktsrom 6819"},"type":"Feature"},{"geometry":{"coordinates":[29.739217,70.077973],"type":"Point"},"id":"shelter-990831df-09cf-42a4-9178-8ca7971c6523","properties":{"address":"Karl Rasmussens plass 1","capacity":"814","name":"Tilfluktsrom 14959"},"type":"Feature"},{"geometry":{"coordinates":[10.936221,59.2042],"type":"Point"},"id":"shelter-99eab998-2d49-4e63-9b13-5719420884c1","properties":{"address":"Smertu\/ Løypeveien 18","capacity":"750","name":"Tilfluktsrom 12708"},"type":"Feature"},{"geometry":{"coordinates":[11.104092,59.290321],"type":"Point"},"id":"shelter-9a008ab3-4b45-4f29-8af2-1c8b22098aba","properties":{"address":"Lande skole\/ Triangelveien 5","capacity":"350","name":"Tilfluktsrom 11824"},"type":"Feature"},{"geometry":{"coordinates":[8.059194,58.145409],"type":"Point"},"id":"shelter-9a224df7-eb45-4137-a7b4-ed35eb4c7f58","properties":{"address":"VARDÅSVEIEN 115\/117","capacity":"130","name":"Tilfluktsrom 2057"},"type":"Feature"},{"geometry":{"coordinates":[6.075048,61.221817],"type":"Point"},"id":"shelter-9ac0e0f7-217e-4f0f-9a7a-84114153cce2","properties":{"address":"Wilh Bugges Veg 5","capacity":"168","name":"Tilfluktsrom 7158"},"type":"Feature"},{"geometry":{"coordinates":[8.561965,62.674615],"type":"Point"},"id":"shelter-9b0608cb-5102-426d-9c82-598f49601341","properties":{"address":"Romsdalsvegen 2","capacity":"388","name":"Tilfluktsrom 21224"},"type":"Feature"},{"geometry":{"coordinates":[10.717619,59.928429],"type":"Point"},"id":"shelter-9cf2fd8d-5b52-43b7-a393-27d242c86170","properties":{"address":"T-banen - Valkyrien stasjon","capacity":"2800","name":"Tilfluktsrom 20253"},"type":"Feature"},{"geometry":{"coordinates":[11.074037,59.294775],"type":"Point"},"id":"shelter-9e764005-132d-4dc1-877f-00651d1cb4a6","properties":{"address":"Tingvollheimen aldersheim\/ Tuneveien 70","capacity":"183","name":"Tilfluktsrom 9413"},"type":"Feature"},{"geometry":{"coordinates":[9.664885,59.14586],"type":"Point"},"id":"shelter-9fd75a0e-c461-4e6f-bbc9-3b8de9fdbc08","properties":{"address":"Slottsbrugt 25","capacity":"140","name":"Tilfluktsrom 15758"},"type":"Feature"},{"geometry":{"coordinates":[7.779926,63.110504],"type":"Point"},"id":"shelter-9ffd840a-cb04-4d66-b763-f7d84e250e37","properties":{"address":"Industrivegen 17","capacity":"100","name":"Tilfluktsrom 21097"},"type":"Feature"},{"geometry":{"coordinates":[13.751838,68.239238],"type":"Point"},"id":"shelter-a1fb458b-2832-4d74-8255-85de4b17ac0e","properties":{"address":"Bøstad skole, Vikingveien 459. Vestvågøy","capacity":"444","name":"Tilfluktsrom 20777"},"type":"Feature"},{"geometry":{"coordinates":[8.378624,58.249877],"type":"Point"},"id":"shelter-a3a63325-fe2a-4e1a-95c1-77fa50a9a2a3","properties":{"address":"Lillesand rådhus - Østregate 2","capacity":"28","name":"Tilfluktsrom 6356"},"type":"Feature"},{"geometry":{"coordinates":[14.486811,67.275052],"type":"Point"},"id":"shelter-a3aa7378-6ee7-4cf8-a314-a1d6240ca6a2","properties":{"address":"Alstadveien 19, Alstad Ungdomsskole","capacity":"415","name":"Tilfluktsrom 2502"},"type":"Feature"},{"geometry":{"coordinates":[13.190012,65.836379],"type":"Point"},"id":"shelter-a3ce772e-c9e9-4f6a-ba9c-e5767ff1210d","properties":{"address":"Strandgt. 31-33 (offentlig)","capacity":"40","name":"Tilfluktsrom 9071"},"type":"Feature"},{"geometry":{"coordinates":[10.402295,63.432078],"type":"Point"},"id":"shelter-a40b913c-d78d-4664-a7b9-46fa4c5a68c6","properties":{"address":"Kjøpmannsgata 34","capacity":"650","name":"Tilfluktsrom 20798"},"type":"Feature"},{"geometry":{"coordinates":[5.288221,59.290624],"type":"Point"},"id":"shelter-a54d6319-74bf-429f-9212-fc8f25b7a5e3","properties":{"address":"Fotvegen 16","capacity":"120","name":"Tilfluktsrom 14249"},"type":"Feature"},{"geometry":{"coordinates":[9.692843,59.042874],"type":"Point"},"id":"shelter-a5980b01-33ee-45fe-bc63-d225a5f3889b","properties":{"address":"Stathelle Service Senter","capacity":"180","name":"Tilfluktsrom 15770"},"type":"Feature"},{"geometry":{"coordinates":[8.088491,58.171563],"type":"Point"},"id":"shelter-a5b1c28f-26ef-42fc-a4d1-05ab11d8e9d3","properties":{"address":"VIGVOLLÅSEN 16","capacity":"150","name":"Tilfluktsrom 2082"},"type":"Feature"},{"geometry":{"coordinates":[11.077031,59.615456],"type":"Point"},"id":"shelter-a5b992d4-539e-496f-8e34-235a8a67deee","properties":{"address":"Nordmyrveien 4\/ Spydeberg","capacity":"114","name":"Tilfluktsrom 36838"},"type":"Feature"},{"geometry":{"coordinates":[8.61461,59.879548],"type":"Point"},"id":"shelter-a7285aad-7c5c-408e-a5e5-7bdeef94ebb6","properties":{"address":"Sam Eydesgt. 163, IINGOLFLAND SKOLE","capacity":"235","name":"Tilfluktsrom 4291"},"type":"Feature"},{"geometry":{"coordinates":[5.851376,58.929458],"type":"Point"},"id":"shelter-a77ec409-ccbb-484d-bb11-a7720773aff0","properties":{"address":"Kaiveien 23","capacity":"200","name":"Tilfluktsrom 4303"},"type":"Feature"},{"geometry":{"coordinates":[31.102779,70.37256],"type":"Point"},"id":"shelter-a7cbdb1d-00c0-445c-899a-138c0396e2a3","properties":{"address":"Kaigaten 8 OFF T-ROM hotellet","capacity":"315","name":"Tilfluktsrom 1681"},"type":"Feature"},{"geometry":{"coordinates":[11.342833,59.426576],"type":"Point"},"id":"shelter-a8988aff-0cca-4064-8aef-1e2b1d1af0e7","properties":{"address":"Rakkestad og Degernes brannkas\/ Storgt 13","capacity":"124","name":"Tilfluktsrom 36846"},"type":"Feature"},{"geometry":{"coordinates":[6.388838,60.624576],"type":"Point"},"id":"shelter-a8e8d91e-cf3a-4549-8bd1-360664cdd0c0","properties":{"address":"Peter Bondes veg 78","capacity":"80","name":"Tilfluktsrom 17356"},"type":"Feature"},{"geometry":{"coordinates":[6.12467,62.200507],"type":"Point"},"id":"shelter-a936e759-0a13-4c93-a705-86af3e4684a3","properties":{"address":"Vikegata 17","capacity":"257","name":"Tilfluktsrom 40002"},"type":"Feature"},{"geometry":{"coordinates":[10.462108,59.404915],"type":"Point"},"id":"shelter-a9a54ba5-a023-40c4-a62c-3ee0ed089e81","properties":{"address":"Trimv. 09 - Borre Idrettspark (off)","capacity":"400","name":"Tilfluktsrom 776"},"type":"Feature"},{"geometry":{"coordinates":[8.083976,58.182995],"type":"Point"},"id":"shelter-a9b50536-392a-48ac-a662-6e2846ff48da","properties":{"address":"FREDRIK FRANSSONSVEI 4","capacity":"65","name":"Tilfluktsrom 1740"},"type":"Feature"},{"geometry":{"coordinates":[10.991211,59.267677],"type":"Point"},"id":"shelter-aa4755b6-1c8d-4543-b04c-accbe91f9292","properties":{"address":"Rolvsøyahallen","capacity":"100","name":"Tilfluktsrom 12711"},"type":"Feature"},{"geometry":{"coordinates":[7.188848,62.855367],"type":"Point"},"id":"shelter-ac35d291-3e40-4f1c-becd-1d03f3d77b7f","properties":{"address":"Myrbostadvegen 72","capacity":"22","name":"Tilfluktsrom 38976"},"type":"Feature"},{"geometry":{"coordinates":[11.173662,60.141733],"type":"Point"},"id":"shelter-adcd04ab-9b99-46b9-8ed7-278c953e9bfb","properties":{"address":"Storgata 11 - Offentlig","capacity":"70","name":"Tilfluktsrom 20296"},"type":"Feature"},{"geometry":{"coordinates":[5.650072,59.008931],"type":"Point"},"id":"shelter-add6f595-86ec-4328-8bb0-23e18230fb69","properties":{"address":"Torvmyrveien 40","capacity":"270","name":"Tilfluktsrom 15006"},"type":"Feature"},{"geometry":{"coordinates":[11.369025,62.571786],"type":"Point"},"id":"shelter-ae3858f3-d266-4bf6-ae46-1a61f9cc1f12","properties":{"address":"Sollihagaen 17, RØROS KJØLESERVICE","capacity":"16","name":"Tilfluktsrom 1563"},"type":"Feature"},{"geometry":{"coordinates":[6.310361,59.645393],"type":"Point"},"id":"shelter-ae42d232-23e8-43f9-879b-00758f5122fb","properties":{"address":"Saudavegen 279","capacity":"125","name":"Tilfluktsrom 14908"},"type":"Feature"},{"geometry":{"coordinates":[11.469551,63.790091],"type":"Point"},"id":"shelter-aeb15dfc-6160-49ee-b0ca-9eb57de00926","properties":{"address":"Gamle fergeveg 2","capacity":"109","name":"Tilfluktsrom 48515"},"type":"Feature"},{"geometry":{"coordinates":[13.199839,65.840847],"type":"Point"},"id":"shelter-af61878f-d29f-4dfc-a9c8-e91e057d6b03","properties":{"address":"Skjervgata 43 - Rådhuset i Vefsn (off.)","capacity":"100","name":"Tilfluktsrom 9529"},"type":"Feature"},{"geometry":{"coordinates":[11.479279,64.468497],"type":"Point"},"id":"shelter-b01857f9-8d38-4b04-a31c-e9de00e9487c","properties":{"address":"Strandvn.7","capacity":"78","name":"Tilfluktsrom 5657"},"type":"Feature"},{"geometry":{"coordinates":[5.354051,60.359364],"type":"Point"},"id":"shelter-b07b5197-e1de-41ff-bf67-ce36e548f893","properties":{"address":"Fageråsveien, vis a vis Fageråsv 20","capacity":"1300","name":"Tilfluktsrom 11343"},"type":"Feature"},{"geometry":{"coordinates":[12.635415,66.022369],"type":"Point"},"id":"shelter-b0de8643-3803-495b-95dd-8b8e8c1f0bb0","properties":{"address":"Skansen kjøpesenter, T. Kveldulvsons gate 24","capacity":"100","name":"Tilfluktsrom 4695"},"type":"Feature"},{"geometry":{"coordinates":[10.483879,59.417183],"type":"Point"},"id":"shelter-b142cfb8-7659-4197-8757-08dc86cb24e6","properties":{"address":"Torget 6","capacity":"390","name":"Tilfluktsrom 777"},"type":"Feature"},{"geometry":{"coordinates":[11.242084,64.863633],"type":"Point"},"id":"shelter-b1b2d6d3-ea2f-4d8a-8de1-e70fbcbb210c","properties":{"address":"Engasveien 27 (Rørvik samfunnshus )","capacity":"210","name":"Tilfluktsrom 39987"},"type":"Feature"},{"geometry":{"coordinates":[10.750318,59.92252],"type":"Point"},"id":"shelter-b1d2ff90-19d7-4052-b25b-31cc22e0b9a6","properties":{"address":"Maridalsveien 14","capacity":"4300","name":"Tilfluktsrom 20257"},"type":"Feature"},{"geometry":{"coordinates":[7.96449,58.257678],"type":"Point"},"id":"shelter-b2c61d3e-8877-448a-9552-d4307f653f07","properties":{"address":"Drivenesvegen 24","capacity":"75","name":"Tilfluktsrom 2183"},"type":"Feature"},{"geometry":{"coordinates":[10.619218,59.946683],"type":"Point"},"id":"shelter-b347b7b5-ac0b-4848-9fa7-936bcd86e8c0","properties":{"address":"Nils Leuchsvei 40","capacity":"465","name":"Tilfluktsrom 16127"},"type":"Feature"},{"geometry":{"coordinates":[5.310992,60.3882],"type":"Point"},"id":"shelter-b35cd477-7f04-4d9d-a779-f3e6f788cb83","properties":{"address":"Dokkeskjærskaien 1","capacity":"650","name":"Tilfluktsrom 10511"},"type":"Feature"},{"geometry":{"coordinates":[13.19978,65.866093],"type":"Point"},"id":"shelter-b4646ca2-1a60-48d2-8e6e-3ba937e97b2e","properties":{"address":"Stortingmannsv. 20 (Kulstad skole - Off.)","capacity":"220","name":"Tilfluktsrom 9521"},"type":"Feature"},{"geometry":{"coordinates":[7.977302,58.275798],"type":"Point"},"id":"shelter-b4fdda33-e1b7-4f5e-baf0-5dc35025d318","properties":{"address":"SKOLEVEGEN 9","capacity":"235","name":"Tilfluktsrom 2180"},"type":"Feature"},{"geometry":{"coordinates":[10.391659,61.155827],"type":"Point"},"id":"shelter-b553cc07-156a-4231-a29e-ced9618ad377","properties":{"address":"Jørstadmovegen 690","capacity":"50","name":"Tilfluktsrom 8060"},"type":"Feature"},{"geometry":{"coordinates":[5.348543,60.386629],"type":"Point"},"id":"shelter-b5c341b5-2a05-43b7-bdad-cdb11f7eebb3","properties":{"address":"Kalfarveien 76","capacity":"600","name":"Tilfluktsrom 10387"},"type":"Feature"},{"geometry":{"coordinates":[10.914986,63.475072],"type":"Point"},"id":"shelter-b6c41b2e-75c9-4942-9195-1ba900dbc556","properties":{"address":"Wergelandsveien 27","capacity":"110","name":"Tilfluktsrom 3680"},"type":"Feature"},{"geometry":{"coordinates":[10.254797,60.165649],"type":"Point"},"id":"shelter-b7aeead1-2b70-43cf-ae31-937e25bf4e81","properties":{"address":"Søndre Torv 7 B","capacity":"420","name":"Tilfluktsrom 15468"},"type":"Feature"},{"geometry":{"coordinates":[25.979337,70.976089],"type":"Point"},"id":"shelter-b85926ba-3ba1-4b27-8260-241f7d5ff04f","properties":{"address":"Idrettsanlegg   Honningsvåg","capacity":"570","name":"Tilfluktsrom 7464"},"type":"Feature"},{"geometry":{"coordinates":[11.560943,60.886425],"type":"Point"},"id":"shelter-b868f2b7-4760-4166-9214-83881d6be215","properties":{"address":"Torggata 1","capacity":"1540","name":"Tilfluktsrom 21025"},"type":"Feature"},{"geometry":{"coordinates":[11.01185,59.948457],"type":"Point"},"id":"shelter-b923c343-9db3-4d81-9d70-82faa11ef961","properties":{"address":"Strømsveien 74, Gamle rådhus","capacity":"300","name":"Tilfluktsrom 20302"},"type":"Feature"},{"geometry":{"coordinates":[11.28213,63.739158],"type":"Point"},"id":"shelter-b9f947bd-30d8-42f5-a167-d23d1ce42a72","properties":{"address":"Moafjæra 1d","capacity":"138","name":"Tilfluktsrom 3553"},"type":"Feature"},{"geometry":{"coordinates":[11.086135,59.290141],"type":"Point"},"id":"shelter-baa3e9bc-0958-4abf-95c5-ea7a0a9452d9","properties":{"address":"Borg bil\/ Glomveien 5","capacity":"100","name":"Tilfluktsrom 9412"},"type":"Feature"},{"geometry":{"coordinates":[15.352302,67.258352],"type":"Point"},"id":"shelter-baef64d6-1350-4fff-8b89-d99f2e3dd77e","properties":{"address":"Tareveien 7 Tennishallen","capacity":"197","name":"Tilfluktsrom 16951"},"type":"Feature"},{"geometry":{"coordinates":[5.271363,60.314876],"type":"Point"},"id":"shelter-bb0018d7-28fd-480d-be6a-491b2d54ccc9","properties":{"address":"Søreidtunet 2","capacity":"150","name":"Tilfluktsrom 11235"},"type":"Feature"},{"geometry":{"coordinates":[5.902562,61.455153],"type":"Point"},"id":"shelter-bcf0e195-12ba-4951-96af-663771f58ef5","properties":{"address":"Rennekleiva 2","capacity":"160","name":"Tilfluktsrom 30658"},"type":"Feature"},{"geometry":{"coordinates":[7.691846,61.236154],"type":"Point"},"id":"shelter-bd54ee3b-0021-4929-8b6d-53d0e1bec0a5","properties":{"address":"v\/ Seimsdalstunnellen","capacity":"650","name":"Tilfluktsrom 8823"},"type":"Feature"},{"geometry":{"coordinates":[5.876838,62.336748],"type":"Point"},"id":"shelter-bd7d5871-280e-4cc0-bf34-6859d624855b","properties":{"address":"Brendhaugen 7","capacity":"578","name":"Tilfluktsrom 38977"},"type":"Feature"},{"geometry":{"coordinates":[6.357576,59.651065],"type":"Point"},"id":"shelter-bde8c2c7-b08e-40c9-a436-af588409264c","properties":{"address":"Skulegata 23","capacity":"600","name":"Tilfluktsrom 14979"},"type":"Feature"},{"geometry":{"coordinates":[8.720037,58.458295],"type":"Point"},"id":"shelter-bdefb3e1-3981-4450-80d1-d3f9f1ce6635","properties":{"address":"Idrettens Hus - Off - Kåre Eriksen A\/S - Åsbievn 1","capacity":"90","name":"Tilfluktsrom 6222"},"type":"Feature"},{"geometry":{"coordinates":[10.871204,59.488821],"type":"Point"},"id":"shelter-be09f4f6-7350-4bf8-83df-e8a21c77ad7d","properties":{"address":"Helse og sosialsenter","capacity":"50","name":"Tilfluktsrom 36843"},"type":"Feature"},{"geometry":{"coordinates":[10.234024,59.118233],"type":"Point"},"id":"shelter-be1551be-4ed7-43c6-9c10-207f0a8ed19b","properties":{"address":"Lyhmannsv. 2 - Off. Framnes Eldresenter","capacity":"293","name":"Tilfluktsrom 804"},"type":"Feature"},{"geometry":{"coordinates":[10.792393,59.834469],"type":"Point"},"id":"shelter-beb44dcb-6805-4bb7-8678-eabd0cf1f32e","properties":{"address":"Holmlia bad, Holmlia sentervei 34","capacity":"7060","name":"Tilfluktsrom 18616"},"type":"Feature"},{"geometry":{"coordinates":[10.670078,59.420957],"type":"Point"},"id":"shelter-bfef7ba2-958c-4953-8394-96acd2c1c873","properties":{"address":"Melløs stadion, Nordahl Griegsgt 22","capacity":"1079","name":"Tilfluktsrom 7098"},"type":"Feature"},{"geometry":{"coordinates":[8.232942,58.335013],"type":"Point"},"id":"shelter-c0203473-8012-4bf2-b1e2-4531b92c7c2c","properties":{"address":"Birkenes kommunehus - Smedens Kjerr 30","capacity":"35","name":"Tilfluktsrom 6056"},"type":"Feature"},{"geometry":{"coordinates":[11.04845,59.956095],"type":"Point"},"id":"shelter-c03de5e2-a53d-4d66-9428-c6f13ce50f43","properties":{"address":"Torvet 6, Lillestrøm","capacity":"3340","name":"Tilfluktsrom 20290"},"type":"Feature"},{"geometry":{"coordinates":[10.243451,60.169954],"type":"Point"},"id":"shelter-c0629c5f-35d3-4e5c-8a72-34a0bf2eaf6c","properties":{"address":"Soknedalsveien 7","capacity":"172","name":"Tilfluktsrom 4908"},"type":"Feature"},{"geometry":{"coordinates":[5.731055,58.869807],"type":"Point"},"id":"shelter-c0b65176-0c2c-4b9c-8191-c2d499363946","properties":{"address":"Nikkelveien 13","capacity":"155","name":"Tilfluktsrom 3255"},"type":"Feature"},{"geometry":{"coordinates":[10.713782,59.907938],"type":"Point"},"id":"shelter-c0ec8ec9-9474-4141-9107-1dfa12d54559","properties":{"address":"Filipstadveien 15","capacity":"460","name":"Tilfluktsrom 20277"},"type":"Feature"},{"geometry":{"coordinates":[10.012376,59.748786],"type":"Point"},"id":"shelter-c10c9210-2716-4930-953d-97a3c6b85f57","properties":{"address":"Nedre Tverrgate 1 - Nedre Eiker Samfunnshus","capacity":"600","name":"Tilfluktsrom 5463"},"type":"Feature"},{"geometry":{"coordinates":[6.083106,62.180763],"type":"Point"},"id":"shelter-c1516582-b19a-401d-819f-275509e9377e","properties":{"address":"Langmyra 2","capacity":"181","name":"Tilfluktsrom 40000"},"type":"Feature"},{"geometry":{"coordinates":[10.345811,63.372677],"type":"Point"},"id":"shelter-c16f7039-3c26-4f0b-b570-0c68715982fa","properties":{"address":"Øvre Flatåsveg 2 A","capacity":"200","name":"Tilfluktsrom 12325"},"type":"Feature"},{"geometry":{"coordinates":[8.032042,58.200181],"type":"Point"},"id":"shelter-c2b91cea-dbc5-4d8d-af10-31ba5853f42d","properties":{"address":"GROSTØLVEIEN 4 E","capacity":"235","name":"Tilfluktsrom 1755"},"type":"Feature"},{"geometry":{"coordinates":[16.118059,69.314139],"type":"Point"},"id":"shelter-c2c54ca8-629e-4d0b-acf0-deeb6831ac74","properties":{"address":"Rådhus. Idrett og Svømmehall","capacity":"550","name":"Tilfluktsrom 15715"},"type":"Feature"},{"geometry":{"coordinates":[6.363356,59.656027],"type":"Point"},"id":"shelter-c33eefbd-8930-442c-b64c-e1a0f29fe0d1","properties":{"address":"Åbødalsveien 79","capacity":"85","name":"Tilfluktsrom 14918"},"type":"Feature"},{"geometry":{"coordinates":[10.041182,59.049386],"type":"Point"},"id":"shelter-c46f0396-f1a3-45d6-99b7-2b0ce70ef84b","properties":{"address":"Ahlefeldtsgt. 1 - Mesterfjellet","capacity":"850","name":"Tilfluktsrom 795"},"type":"Feature"},{"geometry":{"coordinates":[24.952422,70.052064],"type":"Point"},"id":"shelter-c556fa10-c45e-4f87-bff5-1665495b2e46","properties":{"address":"Helsetun     Lakselv","capacity":"280","name":"Tilfluktsrom 7443"},"type":"Feature"},{"geometry":{"coordinates":[9.648765,59.666213],"type":"Point"},"id":"shelter-c592f9e3-4958-4f4e-ac7c-093b06ba1a37","properties":{"address":"Hyttegata 2 \"Bjørneparken\"","capacity":"357","name":"Tilfluktsrom 20806"},"type":"Feature"},{"geometry":{"coordinates":[10.68175,59.43334],"type":"Point"},"id":"shelter-c5db23f3-dfdd-4e9a-a85d-f8adba5652fd","properties":{"address":"Krapfoss skole \/Anton Krogsveldsvei 4","capacity":"300","name":"Tilfluktsrom 7107"},"type":"Feature"},{"geometry":{"coordinates":[28.558095,70.172576],"type":"Point"},"id":"shelter-c63acd93-99ec-445c-a196-c5bfce1c1127","properties":{"address":"endresens vei 4, Varangerbotn","capacity":"90","name":"Tilfluktsrom 7021"},"type":"Feature"},{"geometry":{"coordinates":[10.035751,59.760513],"type":"Point"},"id":"shelter-c6614ff8-a54e-47e4-b063-c1e9b86d1a93","properties":{"address":"Neptunveien 3-5","capacity":"63","name":"Tilfluktsrom 14279"},"type":"Feature"},{"geometry":{"coordinates":[11.455099,63.783681],"type":"Point"},"id":"shelter-c66d7666-c322-41c9-a7ea-1a1a5c716ce1","properties":{"address":"Melkeveien 1","capacity":"9","name":"Tilfluktsrom 48512"},"type":"Feature"},{"geometry":{"coordinates":[11.169627,59.266996],"type":"Point"},"id":"shelter-c703bdb4-4696-4a21-9283-0f47bd99b3dc","properties":{"address":"Skjeberg rådhus\/ Rådhusveien 17","capacity":"477","name":"Tilfluktsrom 9407"},"type":"Feature"},{"geometry":{"coordinates":[10.758476,59.929734],"type":"Point"},"id":"shelter-c7288cb2-02ac-4bcb-87aa-1eb21f1d6470","properties":{"address":"Thorvald Meyersgate 7","capacity":"760","name":"Tilfluktsrom 20288"},"type":"Feature"},{"geometry":{"coordinates":[7.94637,58.129267],"type":"Point"},"id":"shelter-c77c5ee5-43bb-4b05-a702-c090404bef0e","properties":{"address":"KARUSSVEIEN 7","capacity":"184","name":"Tilfluktsrom 1822"},"type":"Feature"},{"geometry":{"coordinates":[11.071618,59.955269],"type":"Point"},"id":"shelter-c8515b50-3ba6-42c1-9b73-700189765e62","properties":{"address":"Vigernesgt, Vigernes skole","capacity":"580","name":"Tilfluktsrom 20300"},"type":"Feature"},{"geometry":{"coordinates":[10.276954,63.28477],"type":"Point"},"id":"shelter-c85eb69f-cfa3-42f9-a53d-7c2af0d767f8","properties":{"address":"Per Bortens veg 21, MELHUS SKYSSTASJON","capacity":"60","name":"Tilfluktsrom 1435"},"type":"Feature"},{"geometry":{"coordinates":[7.472408,58.025063],"type":"Point"},"id":"shelter-c8ab7421-fd79-474e-b4b6-ab80c6478770","properties":{"address":"SOMMERKROVEIEN 18","capacity":"60","name":"Tilfluktsrom 2224"},"type":"Feature"},{"geometry":{"coordinates":[11.338877,59.553145],"type":"Point"},"id":"shelter-ca9115b9-09a4-43d2-9009-eb564ae3f053","properties":{"address":"Opsahlveien 1, Mysen","capacity":"114","name":"Tilfluktsrom 36845"},"type":"Feature"},{"geometry":{"coordinates":[10.762224,59.295256],"type":"Point"},"id":"shelter-cb04c353-0775-406c-9f3b-b4c96c500355","properties":{"address":"Grendehusveien 2J\/ Saltnes","capacity":"118","name":"Tilfluktsrom 36840"},"type":"Feature"},{"geometry":{"coordinates":[13.191516,65.837097],"type":"Point"},"id":"shelter-cb426a3e-57dd-4189-9051-ce395ce073ac","properties":{"address":"C.M. Havigsgt. 28 (offentlig)","capacity":"15","name":"Tilfluktsrom 9508"},"type":"Feature"},{"geometry":{"coordinates":[5.321538,60.403998],"type":"Point"},"id":"shelter-cc81a125-960d-4c5c-a75e-af0e7d846a74","properties":{"address":"Rothaugen, Nye Sandviksv v\/ 69a","capacity":"1500","name":"Tilfluktsrom 11686"},"type":"Feature"},{"geometry":{"coordinates":[10.734938,59.908679],"type":"Point"},"id":"shelter-cc925f17-b0aa-4f8b-8315-a4e3c8516a57","properties":{"address":"Akershus festning - Akershusstranda","capacity":"3000","name":"Tilfluktsrom 20265"},"type":"Feature"},{"geometry":{"coordinates":[10.442214,59.200725],"type":"Point"},"id":"shelter-cc9aec42-e867-4ff1-8ffa-8c5919bcb982","properties":{"address":"Skallestadv. 38 - Hårkollhallen","capacity":"425","name":"Tilfluktsrom 796"},"type":"Feature"},{"geometry":{"coordinates":[6.931248,62.601077],"type":"Point"},"id":"shelter-cc9bcb29-8528-4619-99f8-9b897c49eaa8","properties":{"address":"Nybøvegen 2","capacity":"65","name":"Tilfluktsrom 38954"},"type":"Feature"},{"geometry":{"coordinates":[9.617147,59.20229],"type":"Point"},"id":"shelter-ccfdfee6-b894-4aaa-9fd9-bee109f374cc","properties":{"address":"Gampedalen","capacity":"390","name":"Tilfluktsrom 15746"},"type":"Feature"},{"geometry":{"coordinates":[10.484846,59.853057],"type":"Point"},"id":"shelter-cd26d39c-492a-46b8-9251-b3cd53328bb4","properties":{"address":"Vogellund 7, Holmenhallen","capacity":"5500","name":"Tilfluktsrom 20245"},"type":"Feature"},{"geometry":{"coordinates":[10.452723,63.411511],"type":"Point"},"id":"shelter-cd5198c5-3629-4003-9677-df1422acc400","properties":{"address":"Gamle Jonsvannsveien 12","capacity":"280","name":"Tilfluktsrom 12333"},"type":"Feature"},{"geometry":{"coordinates":[11.043208,60.8436],"type":"Point"},"id":"shelter-cd779ede-0c1d-4b24-aa39-6b629634e66e","properties":{"address":"Øvermarka 24","capacity":"65","name":"Tilfluktsrom 13469"},"type":"Feature"},{"geometry":{"coordinates":[10.939832,60.881794],"type":"Point"},"id":"shelter-cd8cb7af-54da-4263-a526-bb5beb76b88b","properties":{"address":"Nygata 9","capacity":"55","name":"Tilfluktsrom 13470"},"type":"Feature"},{"geometry":{"coordinates":[7.126872,62.522356],"type":"Point"},"id":"shelter-cdc95a23-e8be-4209-9391-3462c804b694","properties":{"address":"Neremsvegen 4","capacity":"75","name":"Tilfluktsrom 38958"},"type":"Feature"},{"geometry":{"coordinates":[14.567376,68.237656],"type":"Point"},"id":"shelter-cddb8877-9ab9-4261-b22f-17d37b2748f6","properties":{"address":"VåganHallen, Løkthaugveien 10. Svolvær","capacity":"3300","name":"Tilfluktsrom 14855"},"type":"Feature"},{"geometry":{"coordinates":[9.416357,58.875152],"type":"Point"},"id":"shelter-cde1e6ee-a547-471e-90b2-5de3d8095d20","properties":{"address":"Tangen verft, Gamle Kragerøvei 12","capacity":"300","name":"Tilfluktsrom 25512"},"type":"Feature"},{"geometry":{"coordinates":[9.254197,59.560759],"type":"Point"},"id":"shelter-ce709411-eaa8-474f-a0ac-c61677cd33c6","properties":{"address":"Ravnsflog, Tinnesgata 18","capacity":"1900","name":"Tilfluktsrom 15768"},"type":"Feature"},{"geometry":{"coordinates":[11.49507,64.466466],"type":"Point"},"id":"shelter-cec83019-47fa-45a2-8cc2-ef3b6aec612a","properties":{"address":"Kirkegt.5","capacity":"70","name":"Tilfluktsrom 5656"},"type":"Feature"},{"geometry":{"coordinates":[10.69013,60.794817],"type":"Point"},"id":"shelter-ced7e6f6-439d-4d37-817f-21b2219a5966","properties":{"address":"Storgata 10","capacity":"550","name":"Tilfluktsrom 7856"},"type":"Feature"},{"geometry":{"coordinates":[10.356823,59.26682],"type":"Point"},"id":"shelter-cf925009-8ce2-40fe-8790-d88b6ce75615","properties":{"address":"Larvev. 31 - Hogsnes Grendehus, rom 1 (off)","capacity":"150","name":"Tilfluktsrom 814"},"type":"Feature"},{"geometry":{"coordinates":[14.180946,66.326036],"type":"Point"},"id":"shelter-d0057bc3-dfa0-40a5-ac7c-fda9d602a835","properties":{"address":"Selfors Barneskole","capacity":"320","name":"Tilfluktsrom 2645"},"type":"Feature"},{"geometry":{"coordinates":[9.665849,63.687737],"type":"Point"},"id":"shelter-d0490e5f-5606-4055-b4c3-c58cf44e8825","properties":{"address":"T - Senteret, Offentlig T-rom","capacity":"200","name":"Tilfluktsrom 31679"},"type":"Feature"},{"geometry":{"coordinates":[10.221617,59.74564],"type":"Point"},"id":"shelter-d08faa17-1814-4b4d-94c4-d8c721d5b475","properties":{"address":"Prins Oscarsgate \/ Brantenborg.","capacity":"1200","name":"Tilfluktsrom 4969"},"type":"Feature"},{"geometry":{"coordinates":[10.751484,59.930057],"type":"Point"},"id":"shelter-d0e5f000-3a75-4e04-b206-9e0bfa3a639b","properties":{"address":"Kingosgt 17","capacity":"260","name":"Tilfluktsrom 20262"},"type":"Feature"},{"geometry":{"coordinates":[6.35807,62.454662],"type":"Point"},"id":"shelter-d158b1e2-8099-4be7-af5f-1961acfdd4b5","properties":{"address":"Spjelkavikvegen 130","capacity":"22","name":"Tilfluktsrom 48576"},"type":"Feature"},{"geometry":{"coordinates":[17.349114,68.422775],"type":"Point"},"id":"shelter-d185bc99-a7a2-4038-aa65-f8bf300b1996","properties":{"address":"Ankenes Bo- og serviceservice Krobakken 5","capacity":"445","name":"Tilfluktsrom 14250"},"type":"Feature"},{"geometry":{"coordinates":[5.382093,60.175597],"type":"Point"},"id":"shelter-d19aeba9-f801-4dd0-a6db-2a053adb2212","properties":{"address":"Askviknes Sykehjem","capacity":"136","name":"Tilfluktsrom 15717"},"type":"Feature"},{"geometry":{"coordinates":[11.298084,63.745562],"type":"Point"},"id":"shelter-d1a396a0-3bf8-4427-85c8-b7f894419013","properties":{"address":"Håkon den godes gate 17\/19","capacity":"75","name":"Tilfluktsrom 48518"},"type":"Feature"},{"geometry":{"coordinates":[5.26388,59.420374],"type":"Point"},"id":"shelter-d2c6b7d4-68b7-4ee9-a5ea-42e85c72a250","properties":{"address":"Haugevegen 31","capacity":"122","name":"Tilfluktsrom 7254"},"type":"Feature"},{"geometry":{"coordinates":[9.644709,59.137459],"type":"Point"},"id":"shelter-d30ae03d-c624-4fd3-9069-c39116090e18","properties":{"address":"Helleberget, Huken, Crøgerlia 21","capacity":"1120","name":"Tilfluktsrom 15753"},"type":"Feature"},{"geometry":{"coordinates":[5.739746,58.958334],"type":"Point"},"id":"shelter-d31e011e-b259-4b76-9a98-0c9a861d2ff2","properties":{"address":"Lagårdsveien 77","capacity":"500","name":"Tilfluktsrom 15240"},"type":"Feature"},{"geometry":{"coordinates":[7.476921,58.028221],"type":"Point"},"id":"shelter-d3492fed-f398-4fe7-aa19-d35038b10ce2","properties":{"address":"Mikkelsmyrveien 3B","capacity":"0","name":"Tilfluktsrom 48661"},"type":"Feature"},{"geometry":{"coordinates":[5.469691,60.188855],"type":"Point"},"id":"shelter-d372b4d9-0134-4611-92cc-35a8536d548d","properties":{"address":"Os","capacity":"500","name":"Tilfluktsrom 15730"},"type":"Feature"},{"geometry":{"coordinates":[5.722971,58.896775],"type":"Point"},"id":"shelter-d3f511f9-4f2a-4f1a-9889-8cb2c2e1adf1","properties":{"address":"Nedre Storaberget 1","capacity":"5000","name":"Tilfluktsrom 15243"},"type":"Feature"},{"geometry":{"coordinates":[8.010934,58.166579],"type":"Point"},"id":"shelter-d47e2d52-de17-4e5c-b829-e2c38b3662cb","properties":{"address":"PRESTHEIA 10","capacity":"230","name":"Tilfluktsrom 1938"},"type":"Feature"},{"geometry":{"coordinates":[10.396616,63.433433],"type":"Point"},"id":"shelter-d5063f9f-3764-4e19-b399-6c6be128f1c2","properties":{"address":"Olav Tryggvasons gate 28","capacity":"220","name":"Tilfluktsrom 30667"},"type":"Feature"},{"geometry":{"coordinates":[6.546916,60.056192],"type":"Point"},"id":"shelter-d5162440-e525-4bba-a9eb-d44d65283a91","properties":{"address":"Eidesbråtet 1","capacity":"95","name":"Tilfluktsrom 20837"},"type":"Feature"},{"geometry":{"coordinates":[10.785588,59.908953],"type":"Point"},"id":"shelter-d5cc7f5d-054b-4d04-805d-e470e5d98450","properties":{"address":"Jordalsgt 11","capacity":"404","name":"Tilfluktsrom 20255"},"type":"Feature"},{"geometry":{"coordinates":[10.462682,61.117916],"type":"Point"},"id":"shelter-d66a9d0d-abe1-46b2-9a67-ce149d64e79b","properties":{"address":"Jul Pettersens gate 2","capacity":"300","name":"Tilfluktsrom 8063"},"type":"Feature"},{"geometry":{"coordinates":[5.836552,61.449698],"type":"Point"},"id":"shelter-d6d7ccaf-5a45-4817-ab1d-a62f8fae2c4d","properties":{"address":"Liavegen 35","capacity":"795","name":"Tilfluktsrom 30659"},"type":"Feature"},{"geometry":{"coordinates":[17.69045,69.091034],"type":"Point"},"id":"shelter-d74b3abd-6572-4360-a00f-8aeb5e30ead7","properties":{"address":"Dyrøy sykehjem, Brøstabotn","capacity":"175","name":"Tilfluktsrom 13513"},"type":"Feature"},{"geometry":{"coordinates":[10.737924,59.923207],"type":"Point"},"id":"shelter-d77a78db-de7b-4c9b-8c8b-e1b4952fd0ef","properties":{"address":"Schwensensgt 3\/5","capacity":"1000","name":"Tilfluktsrom 20286"},"type":"Feature"},{"geometry":{"coordinates":[9.388295,58.871025],"type":"Point"},"id":"shelter-d7a65944-f50b-4f09-a3ea-3e5458818c74","properties":{"address":"Kalstad KBO, Kalstadveien 16E","capacity":"55","name":"Tilfluktsrom 15762"},"type":"Feature"},{"geometry":{"coordinates":[5.132522,61.601989],"type":"Point"},"id":"shelter-d88dd7e0-1802-4b94-9f15-6f08d73d88a5","properties":{"address":"Slettevollsholten 11","capacity":"155","name":"Tilfluktsrom 30656"},"type":"Feature"},{"geometry":{"coordinates":[5.284678,59.468893],"type":"Point"},"id":"shelter-d9899436-ab82-4184-a2aa-dc4f4b86a898","properties":{"address":"Tittelsnesvegen 332","capacity":"220","name":"Tilfluktsrom 9550"},"type":"Feature"},{"geometry":{"coordinates":[7.164361,62.854089],"type":"Point"},"id":"shelter-da631b5a-0509-49f2-afa6-84fe45fd75cc","properties":{"address":"Torget 14","capacity":"55","name":"Tilfluktsrom 38973"},"type":"Feature"},{"geometry":{"coordinates":[5.035031,61.600053],"type":"Point"},"id":"shelter-db11ba1e-5bee-4bac-bc64-8cc168b295e9","properties":{"address":"Strangata 52","capacity":"111","name":"Tilfluktsrom 30657"},"type":"Feature"},{"geometry":{"coordinates":[6.53663,60.616448],"type":"Point"},"id":"shelter-db2408b0-3244-4974-b39e-2201803a6db4","properties":{"address":"Tjørnahaugane 60","capacity":"100","name":"Tilfluktsrom 9983"},"type":"Feature"},{"geometry":{"coordinates":[5.619673,59.000947],"type":"Point"},"id":"shelter-db654da8-7e34-4260-aa65-2777ec8995f4","properties":{"address":"Torvmyrveien 4A","capacity":"300","name":"Tilfluktsrom 15005"},"type":"Feature"},{"geometry":{"coordinates":[6.175169,62.472098],"type":"Point"},"id":"shelter-dbe18a81-b1f1-4b3f-a233-258e886208b0","properties":{"address":"Fjellgata 45","capacity":"383","name":"Tilfluktsrom 12272"},"type":"Feature"},{"geometry":{"coordinates":[6.153849,62.470973],"type":"Point"},"id":"shelter-dc1c0b6d-6302-40fc-a70c-e8af28dd5390","properties":{"address":"Keiser Wilhelms gate 11","capacity":"500","name":"Tilfluktsrom 12072"},"type":"Feature"},{"geometry":{"coordinates":[5.627106,58.774921],"type":"Point"},"id":"shelter-dcaf0359-6f11-49d9-a91f-ab28bf4656a8","properties":{"address":"Kleppevarden 2","capacity":"180","name":"Tilfluktsrom 1286"},"type":"Feature"},{"geometry":{"coordinates":[10.961142,59.200707],"type":"Point"},"id":"shelter-dd0eaca3-a30c-49a8-bb91-844e69404eee","properties":{"address":"Kongstenhallen","capacity":"716","name":"Tilfluktsrom 12707"},"type":"Feature"},{"geometry":{"coordinates":[10.047809,59.056225],"type":"Point"},"id":"shelter-dd8364ce-e0f5-4a8f-adc1-bd155d5343db","properties":{"address":"Øvre Dr. Holms vei 44 - KUF-huset","capacity":"128","name":"Tilfluktsrom 791"},"type":"Feature"},{"geometry":{"coordinates":[5.30332,59.291227],"type":"Point"},"id":"shelter-ddc13f8f-ccc8-4a6e-b67b-cd4d2a560929","properties":{"address":"Avaldsnesvegen 72","capacity":"72","name":"Tilfluktsrom 15255"},"type":"Feature"},{"geometry":{"coordinates":[5.487335,59.781824],"type":"Point"},"id":"shelter-de0671a7-4775-4bf3-88dd-07fa2a6f5806","properties":{"address":"Bu og rehab. senter","capacity":"100","name":"Tilfluktsrom 9852"},"type":"Feature"},{"geometry":{"coordinates":[5.678138,58.986136],"type":"Point"},"id":"shelter-de11d813-2484-48ad-a66c-809d2335ef62","properties":{"address":"Eskelandsveien 35","capacity":"3140","name":"Tilfluktsrom 15251"},"type":"Feature"},{"geometry":{"coordinates":[7.936558,58.121466],"type":"Point"},"id":"shelter-de98f39b-e565-4665-a23c-22ac74ddf4f4","properties":{"address":"GRÅGÅSVEIEN 43","capacity":"500","name":"Tilfluktsrom 1756"},"type":"Feature"},{"geometry":{"coordinates":[10.902453,59.214315],"type":"Point"},"id":"shelter-df36add2-f90a-4e5f-99e3-444e981802f6","properties":{"address":"Gressvik\/ Storveien 103A","capacity":"1200","name":"Tilfluktsrom 12709"},"type":"Feature"},{"geometry":{"coordinates":[11.087792,59.288717],"type":"Point"},"id":"shelter-dff5b60b-3665-49bd-8d62-1d72517ca6d2","properties":{"address":"Dahles bilforretn\/ Herbergveien 4","capacity":"89","name":"Tilfluktsrom 9408"},"type":"Feature"},{"geometry":{"coordinates":[5.35976,60.464215],"type":"Point"},"id":"shelter-e0db6fb8-19a2-4263-b374-659bf897117f","properties":{"address":"Flaktveitsvingane 17","capacity":"755","name":"Tilfluktsrom 11663"},"type":"Feature"},{"geometry":{"coordinates":[5.725472,58.872973],"type":"Point"},"id":"shelter-e2d6bafb-e52d-42e8-8895-699fbf7993f0","properties":{"address":"Somaveien 4","capacity":"225","name":"Tilfluktsrom 4008"},"type":"Feature"},{"geometry":{"coordinates":[10.507814,59.940538],"type":"Point"},"id":"shelter-e3216ea9-68c8-402b-8466-c134ecbd6c1e","properties":{"address":"Nedre Toppenhaug 56","capacity":"233","name":"Tilfluktsrom 20249"},"type":"Feature"},{"geometry":{"coordinates":[11.394312,59.127712],"type":"Point"},"id":"shelter-e33aa9b8-4f4e-40d1-bc74-f749e0af5206","properties":{"address":"Oskleiva 18","capacity":"1000","name":"Tilfluktsrom 36836"},"type":"Feature"},{"geometry":{"coordinates":[13.196375,65.838383],"type":"Point"},"id":"shelter-e3619839-bddf-4963-b0f9-cf6b915b4d8b","properties":{"address":"Petter Dassgt 15","capacity":"30","name":"Tilfluktsrom 9067"},"type":"Feature"},{"geometry":{"coordinates":[8.245039,58.170947],"type":"Point"},"id":"shelter-e3a3828b-d9f8-490a-a82e-3189e587ffb3","properties":{"address":"Høvågheimen Bo og aktivitetsenter - Høvåg","capacity":"264","name":"Tilfluktsrom 6342"},"type":"Feature"},{"geometry":{"coordinates":[10.462942,61.132025],"type":"Point"},"id":"shelter-e47a2c75-1f86-4cd1-bfa8-24f16b11074a","properties":{"address":"Hammersengvegen 62","capacity":"252","name":"Tilfluktsrom 37870"},"type":"Feature"},{"geometry":{"coordinates":[7.565892,62.501345],"type":"Point"},"id":"shelter-e50e33a6-ad52-4e7c-a7a2-f646f1cce1a2","properties":{"address":"Sørsidevegen 747","capacity":"40","name":"Tilfluktsrom 38964"},"type":"Feature"},{"geometry":{"coordinates":[14.447098,67.310299],"type":"Point"},"id":"shelter-e57839c2-f4eb-4d38-b2b5-1c8340590895","properties":{"address":"Løpsmark Skole Nonshaugen 87, 8015 Bodø","capacity":"214","name":"Tilfluktsrom 17007"},"type":"Feature"},{"geometry":{"coordinates":[10.841281,59.758799],"type":"Point"},"id":"shelter-e60dc31b-827b-4488-8209-93dd8cdc4dc7","properties":{"address":"Allbrukshus Langhus, Galmle Vevelstadvei 34","capacity":"258","name":"Tilfluktsrom 17829"},"type":"Feature"},{"geometry":{"coordinates":[9.616472,59.185667],"type":"Point"},"id":"shelter-e658216c-d795-4f69-880d-d6b0635b8fe4","properties":{"address":"Tamburlunden Gråtenmoen Terrasse 16","capacity":"400","name":"Tilfluktsrom 15750"},"type":"Feature"},{"geometry":{"coordinates":[10.770913,59.931105],"type":"Point"},"id":"shelter-e6da37f3-7f15-46d0-a714-9903456b83c5","properties":{"address":"Fagerheimgt 22","capacity":"330","name":"Tilfluktsrom 20275"},"type":"Feature"},{"geometry":{"coordinates":[10.390622,59.262825],"type":"Point"},"id":"shelter-e7557b8f-d906-47e0-91db-4abebc86b312","properties":{"address":"Harpunv. 3 - Optura A\/S (off.)","capacity":"415","name":"Tilfluktsrom 799"},"type":"Feature"},{"geometry":{"coordinates":[11.494325,64.466916],"type":"Point"},"id":"shelter-e7aac7d2-dc2b-427b-8406-871a9f6cbf5d","properties":{"address":"Havnegt.16","capacity":"14","name":"Tilfluktsrom 5652"},"type":"Feature"},{"geometry":{"coordinates":[11.089701,59.27118],"type":"Point"},"id":"shelter-e7f3e2a0-a46f-4e8f-8d1d-fd08838aafe8","properties":{"address":"Spikern\/ Alvimveien 19","capacity":"900","name":"Tilfluktsrom 9404"},"type":"Feature"},{"geometry":{"coordinates":[10.252902,60.153285],"type":"Point"},"id":"shelter-e86abebe-5107-41cb-bedc-dfc1f8d56660","properties":{"address":"Dronning Åstas gate 12","capacity":"100","name":"Tilfluktsrom 15481"},"type":"Feature"},{"geometry":{"coordinates":[5.270694,59.421294],"type":"Point"},"id":"shelter-e89fc33c-d911-4e86-ad49-bc593e158eb0","properties":{"address":"Lotheparkvegen","capacity":"608","name":"Tilfluktsrom 15260"},"type":"Feature"},{"geometry":{"coordinates":[10.403588,63.428649],"type":"Point"},"id":"shelter-e8b3c695-11a6-4464-a641-0d81bfbfb5e3","properties":{"address":"Nedre Bakklandet 11 - 41","capacity":"800","name":"Tilfluktsrom 30671"},"type":"Feature"},{"geometry":{"coordinates":[5.695886,58.951393],"type":"Point"},"id":"shelter-e8d9aa35-bc66-41b2-8973-c60c434caf52","properties":{"address":"Morgedalsveien 60","capacity":"200","name":"Tilfluktsrom 15236"},"type":"Feature"},{"geometry":{"coordinates":[10.187642,59.134069],"type":"Point"},"id":"shelter-e996363a-7612-4a6c-99e0-8ab0f2350699","properties":{"address":"Sportsv. 31 - Off. Bugården u-skole","capacity":"195","name":"Tilfluktsrom 802"},"type":"Feature"},{"geometry":{"coordinates":[7.163949,62.854445],"type":"Point"},"id":"shelter-e9d3bbbe-e966-45bb-be79-6e6c9a6c7b53","properties":{"address":"Torget 13A","capacity":"90","name":"Tilfluktsrom 38971"},"type":"Feature"},{"geometry":{"coordinates":[7.991813,58.148304],"type":"Point"},"id":"shelter-ea64ee03-f942-4122-94e9-34fb75daea6d","properties":{"address":"KRISTIAN 4. DES GATE 35-37","capacity":"191","name":"Tilfluktsrom 1874"},"type":"Feature"},{"geometry":{"coordinates":[10.751295,59.912508],"type":"Point"},"id":"shelter-eb0a6a1f-f1bd-419a-a07b-22d306acba8d","properties":{"address":"T-banen - Jernbanetorget, nedgang Hotell clarion","capacity":"2000","name":"Tilfluktsrom 20263"},"type":"Feature"},{"geometry":{"coordinates":[23.700513,70.691759],"type":"Point"},"id":"shelter-eb528089-2d37-4cb0-a9df-fd3303a2dd19","properties":{"address":"Reindalen skole","capacity":"400","name":"Tilfluktsrom 7411"},"type":"Feature"},{"geometry":{"coordinates":[14.588055,67.290673],"type":"Point"},"id":"shelter-eb6fb672-cb1a-4822-b396-158bfe4be331","properties":{"address":"Bjørndalsveien 14 (Mørkvedmarka skole)","capacity":"400","name":"Tilfluktsrom 17014"},"type":"Feature"},{"geometry":{"coordinates":[6.084978,62.182864],"type":"Point"},"id":"shelter-ebcf07bc-939d-4d2b-94a5-94462ac87475","properties":{"address":"Torvmyrane 5","capacity":"100","name":"Tilfluktsrom 40001"},"type":"Feature"},{"geometry":{"coordinates":[9.605392,59.21216],"type":"Point"},"id":"shelter-ebe66b35-fd51-43a5-a455-61b5fec896fc","properties":{"address":"Schweigaards gate 11","capacity":"498","name":"Tilfluktsrom 15749"},"type":"Feature"},{"geometry":{"coordinates":[10.60403,60.730839],"type":"Point"},"id":"shelter-ec17b512-1906-4d76-965b-08c9f9e674a9","properties":{"address":"Enggata 37","capacity":"300","name":"Tilfluktsrom 44298"},"type":"Feature"},{"geometry":{"coordinates":[5.334133,60.392466],"type":"Point"},"id":"shelter-eceb301b-f3cf-4847-9406-79a599a178a7","properties":{"address":"St. Jørgen - St. Jakob, Danckert Krohnsgt","capacity":"1800","name":"Tilfluktsrom 11677"},"type":"Feature"},{"geometry":{"coordinates":[5.316398,60.395896],"type":"Point"},"id":"shelter-edcf6c61-4733-48e2-9fc3-10294c747975","properties":{"address":"Holbergsalm. v\/Strandgt 96","capacity":"1400","name":"Tilfluktsrom 10508"},"type":"Feature"},{"geometry":{"coordinates":[11.161255,59.582696],"type":"Point"},"id":"shelter-ee6bf502-a9c9-4832-8903-c5ddb5b2c846","properties":{"address":"Dr. Randersgate 2, Askim","capacity":"260","name":"Tilfluktsrom 6964"},"type":"Feature"},{"geometry":{"coordinates":[10.214538,59.129605],"type":"Point"},"id":"shelter-eea2ad28-c8f0-4f5d-880c-c693c6e90b04","properties":{"address":"Høstsgt. 3 - Off.","capacity":"600","name":"Tilfluktsrom 807"},"type":"Feature"},{"geometry":{"coordinates":[10.131048,59.757079],"type":"Point"},"id":"shelter-eeafb928-11ff-4506-a97f-fea06bf35a92","properties":{"address":"Betzy Kjelsbergs vei 182","capacity":"537","name":"Tilfluktsrom 4963"},"type":"Feature"},{"geometry":{"coordinates":[7.120198,62.576562],"type":"Point"},"id":"shelter-eeb02656-ad7e-49ad-bb17-5dfbac95956c","properties":{"address":"Skorgeneset 31 \/ Møre og Romsdal Kornsilo","capacity":"70","name":"Tilfluktsrom 38945"},"type":"Feature"},{"geometry":{"coordinates":[5.731132,58.972125],"type":"Point"},"id":"shelter-ef288159-6dc4-4544-9df4-31af15728abd","properties":{"address":"Skagenkaien 29","capacity":"3930","name":"Tilfluktsrom 15250"},"type":"Feature"},{"geometry":{"coordinates":[5.308605,60.332294],"type":"Point"},"id":"shelter-ef676ef6-081e-4b2f-9da5-eb0f6574a6c1","properties":{"address":"Bønesberget 1","capacity":"150","name":"Tilfluktsrom 10788"},"type":"Feature"},{"geometry":{"coordinates":[8.021043,58.148571],"type":"Point"},"id":"shelter-ef94e7db-b2fd-4d1f-a501-4c1535e4301c","properties":{"address":"ØSTRE RINGVEI 8","capacity":"190","name":"Tilfluktsrom 2098"},"type":"Feature"},{"geometry":{"coordinates":[11.514335,64.017505],"type":"Point"},"id":"shelter-f0ddbf83-e848-42e0-a4a1-e059629ad7e8","properties":{"address":"Guldbergaunet, Svedjanvegen","capacity":"205","name":"Tilfluktsrom 48536"},"type":"Feature"},{"geometry":{"coordinates":[10.240034,59.115648],"type":"Point"},"id":"shelter-f0f76ecb-f52b-41b6-9782-a2a9a5bbc60c","properties":{"address":"Rødslia 28 - I krysset ved Fagerstadveien","capacity":"300","name":"Tilfluktsrom 809"},"type":"Feature"},{"geometry":{"coordinates":[7.947832,58.101744],"type":"Point"},"id":"shelter-f10ba065-3421-49a9-b805-ea6c804796ed","properties":{"address":"VOIE RINGVEI 108","capacity":"150","name":"Tilfluktsrom 2083"},"type":"Feature"},{"geometry":{"coordinates":[10.741858,59.912796],"type":"Point"},"id":"shelter-f11e502a-2078-4ab8-b53a-0a196afb1f75","properties":{"address":"T-banen - Stortinget stasjon","capacity":"7000","name":"Tilfluktsrom 20287"},"type":"Feature"},{"geometry":{"coordinates":[5.338782,60.379366],"type":"Point"},"id":"shelter-f133da88-cbad-46c4-8279-4bd37cadc12d","properties":{"address":"Kronstadhøyden - vis a vis Møllendalsv  nr 8","capacity":"2000","name":"Tilfluktsrom 11285"},"type":"Feature"},{"geometry":{"coordinates":[5.360417,60.371759],"type":"Point"},"id":"shelter-f24e9263-f206-4c82-aa67-60f43e9203fc","properties":{"address":"Haukelandsveien   30","capacity":"2000","name":"Tilfluktsrom 11284"},"type":"Feature"},{"geometry":{"coordinates":[6.357024,59.652094],"type":"Point"},"id":"shelter-f26c12d4-0aee-4366-a3fb-71a0809f3755","properties":{"address":"Skulegata 29","capacity":"90","name":"Tilfluktsrom 14905"},"type":"Feature"},{"geometry":{"coordinates":[5.265131,59.420405],"type":"Point"},"id":"shelter-f301f7ff-0e10-4c51-8e2a-5bd2f5be23c9","properties":{"address":"Erling Skjalgssons gate 25","capacity":"122","name":"Tilfluktsrom 9092"},"type":"Feature"},{"geometry":{"coordinates":[6.915695,62.905197],"type":"Point"},"id":"shelter-f35623d3-70a4-4496-94cb-327e242263d4","properties":{"address":"Lundhaugvegen 34","capacity":"90","name":"Tilfluktsrom 38969"},"type":"Feature"},{"geometry":{"coordinates":[14.395184,67.297966],"type":"Point"},"id":"shelter-f3904237-5046-4641-9706-eeccd01a6849","properties":{"address":"Dreyfushammaren, Burøyveien, Bodø","capacity":"300","name":"Tilfluktsrom 2525"},"type":"Feature"},{"geometry":{"coordinates":[11.499952,64.013296],"type":"Point"},"id":"shelter-f3a39dde-66c4-412a-a273-7318328f1c0a","properties":{"address":"Skolegata 22","capacity":"70","name":"Tilfluktsrom 48538"},"type":"Feature"},{"geometry":{"coordinates":[7.163694,62.97589],"type":"Point"},"id":"shelter-f3b749f3-6f3d-4e71-8967-68a9238f4a57","properties":{"address":"Stemsvegen 13","capacity":"60","name":"Tilfluktsrom 38981"},"type":"Feature"},{"geometry":{"coordinates":[15.444636,67.259782],"type":"Point"},"id":"shelter-f61c479f-9caf-4983-8d10-1cb26f0aa5ab","properties":{"address":"Tinkeliheia 1, (Finneid nærmiljøsenter)","capacity":"255","name":"Tilfluktsrom 16958"},"type":"Feature"},{"geometry":{"coordinates":[8.00607,58.14818],"type":"Point"},"id":"shelter-f654aca7-6a5a-45bd-8f4e-4b0a2943932f","properties":{"address":"ØSTRE STRANDGATE 67","capacity":"100","name":"Tilfluktsrom 2104"},"type":"Feature"},{"geometry":{"coordinates":[11.107723,59.280082],"type":"Point"},"id":"shelter-f6964efc-7187-4920-bdf6-066b0de8edfe","properties":{"address":"Kulås\/ Sandesundveien 10C","capacity":"2000","name":"Tilfluktsrom 9403"},"type":"Feature"},{"geometry":{"coordinates":[10.264337,59.131677],"type":"Point"},"id":"shelter-f724e9c7-2872-4df0-a023-3fc548296a50","properties":{"address":"Maurveien 14 - Off. Gjekstad (garasjeanlegg)","capacity":"1233","name":"Tilfluktsrom 805"},"type":"Feature"},{"geometry":{"coordinates":[6.53663,60.616448],"type":"Point"},"id":"shelter-f7c68610-3c35-4e80-be5c-fd215cada0c1","properties":{"address":"Tjørnahaugane 60","capacity":"100","name":"Tilfluktsrom 17676"},"type":"Feature"},{"geometry":{"coordinates":[5.360526,60.353994],"type":"Point"},"id":"shelter-f7f66682-399e-4064-b2f5-724856b75a8e","properties":{"address":"Vilhelm Bjerknes' vei 22","capacity":"422","name":"Tilfluktsrom 11289"},"type":"Feature"},{"geometry":{"coordinates":[7.955776,58.14858],"type":"Point"},"id":"shelter-f8b5073d-d77d-489e-89c3-e98eae4f40c5","properties":{"address":"MALMVEIEN 4","capacity":"360","name":"Tilfluktsrom 1897"},"type":"Feature"},{"geometry":{"coordinates":[6.001145,58.451714],"type":"Point"},"id":"shelter-f951dd9b-c690-4e5a-b6f8-e2b50f1f0d25","properties":{"address":"Torget 6","capacity":"215","name":"Tilfluktsrom 917"},"type":"Feature"},{"geometry":{"coordinates":[9.692609,62.598982],"type":"Point"},"id":"shelter-f968eb56-51c0-47e9-a675-662d48fdbec7","properties":{"address":"Oppdal Helsesenter","capacity":"330","name":"Tilfluktsrom 30679"},"type":"Feature"},{"geometry":{"coordinates":[10.709967,59.597822],"type":"Point"},"id":"shelter-f9a640f7-1f36-4a25-8db2-387763e1bd4d","properties":{"address":"Risilveien 71, Vestbyhallen","capacity":"320","name":"Tilfluktsrom 17526"},"type":"Feature"},{"geometry":{"coordinates":[8.592678,58.337942],"type":"Point"},"id":"shelter-fa3ec193-e219-46c2-a536-abe18e018c84","properties":{"address":"Oddensenteret (kjeller) - Vesterled 4","capacity":"50","name":"Tilfluktsrom 6547"},"type":"Feature"},{"geometry":{"coordinates":[18.156183,69.154384],"type":"Point"},"id":"shelter-fa68c751-bb06-419b-925f-d2d136eb417a","properties":{"address":"Øyjordneset","capacity":"173","name":"Tilfluktsrom 13511"},"type":"Feature"},{"geometry":{"coordinates":[11.094855,60.842298],"type":"Point"},"id":"shelter-fa75a30b-0bd6-4a2d-9fb0-ae42004517d9","properties":{"address":"Elvesletta 25","capacity":"35","name":"Tilfluktsrom 12314"},"type":"Feature"},{"geometry":{"coordinates":[5.298133,59.404753],"type":"Point"},"id":"shelter-fbbaaa90-3f9c-4639-8608-2790a3dc8159","properties":{"address":"Spannavegen 75","capacity":"235","name":"Tilfluktsrom 9357"},"type":"Feature"},{"geometry":{"coordinates":[9.596142,59.209066],"type":"Point"},"id":"shelter-fbee7bed-5b39-41b9-abc2-968e90bfcdfe","properties":{"address":"Betanien Hospital","capacity":"150","name":"Tilfluktsrom 15745"},"type":"Feature"},{"geometry":{"coordinates":[16.179076,68.772839],"type":"Point"},"id":"shelter-fc0e2aef-9ee3-4728-b2b5-5c7666d160f1","properties":{"address":"Kvæfjordhallen, Husebyveien 3","capacity":"1138","name":"Tilfluktsrom 15771"},"type":"Feature"},{"geometry":{"coordinates":[9.848431,63.301909],"type":"Point"},"id":"shelter-fc403b20-0ccf-43bc-81f4-217e1bc22ef2","properties":{"address":"Orkdalsveien 82","capacity":"40","name":"Tilfluktsrom 1517"},"type":"Feature"},{"geometry":{"coordinates":[10.781977,59.930605],"type":"Point"},"id":"shelter-fc777139-fa90-4afe-9e07-cb5748f33753","properties":{"address":"Olav Schousvei 2-8 plan A","capacity":"472","name":"Tilfluktsrom 20258"},"type":"Feature"},{"geometry":{"coordinates":[13.217572,65.821638],"type":"Point"},"id":"shelter-fd07030b-68c6-4c2b-b83f-dca8bf5c8236","properties":{"address":"Olderskog skole - Skule Svendsv. 17","capacity":"172","name":"Tilfluktsrom 9528"},"type":"Feature"},{"geometry":{"coordinates":[9.660491,59.135636],"type":"Point"},"id":"shelter-fd57f234-199a-436a-838a-6f787b976551","properties":{"address":"Sentrumstunellen\/Porsgrunntunnelen","capacity":"2000","name":"Tilfluktsrom 15757"},"type":"Feature"},{"geometry":{"coordinates":[25.980276,70.995712],"type":"Point"},"id":"shelter-fd717739-bee1-4126-8b08-f77dbc452e60","properties":{"address":"Storbukt Skole   Honningsvåg","capacity":"78","name":"Tilfluktsrom 7270"},"type":"Feature"},{"geometry":{"coordinates":[11.469815,63.78636],"type":"Point"},"id":"shelter-fe34ffde-9320-41e5-9ec6-7439ccd93221","properties":{"address":"Magnus den godes vei 9","capacity":"42","name":"Tilfluktsrom 48513"},"type":"Feature"},{"geometry":{"coordinates":[10.738037,59.911594],"type":"Point"},"id":"shelter-ff203b12-9a31-4f61-89a0-f884c3fb13ec","properties":{"address":"Tollbugata 40 \/ Nedre Vollgate 11","capacity":"750","name":"Tilfluktsrom 20284"},"type":"Feature"},{"geometry":{"coordinates":[24.956447,70.0522],"type":"Point"},"id":"shelter-ff3134b8-f9e2-446b-bf3b-cdc49e311afb","properties":{"address":"Porsanger Rådhus   Lakselv","capacity":"211","name":"Tilfluktsrom 7436"},"type":"Feature"},{"geometry":{"coordinates":[7.922029,58.148045],"type":"Point"},"id":"shelter-ff5d4a9d-9651-4b54-a06a-52fb41bed0ef","properties":{"address":"BYDALSVEIEN 19","capacity":"195","name":"Tilfluktsrom 1707"},"type":"Feature"},{"geometry":{"coordinates":[5.261954,59.150472],"type":"Point"},"id":"shelter-romnr-15257","properties":{"address":"Dr. Jensens veg 4","capacity":"110","name":"Tilfluktsrom 15257"},"type":"Feature"}],"generator":"Trakke fetch_dsb_shelters.swift","license":"NLOD 2.0","source":"DSB (Direktoratet for samfunnssikkerhet og beredskap) via Geonorge","timestamp":"2026-08-09T15:35:05Z","type":"FeatureCollection"}