{"attribution":"UT.no\/DNT","features":[{"geometry":{"coordinates":[11.283174000000001,60.785395000000001],"type":"Point"},"id":"signpost-ut-141350","properties":{"description":"Hele turforslaget finner du her: https:\/\/ut.no\/turforslag\/1111328\/byhagan","elevation":165,"name":"Byhagan","source":"UT.no\/DNT"},"type":"Feature"},{"geometry":{"coordinates":[11.037376,63.766613],"type":"Point"},"id":"signpost-ut-141900","properties":{"description":"Flott kulturlandskap med god utsikt","elevation":152,"name":"Rønningen","source":"UT.no\/DNT"},"type":"Feature"},{"geometry":{"coordinates":[9.8181720000000006,63.321691000000001],"type":"Point"},"id":"signpost-ut-141971","properties":{"description":"Informasjonstavle","elevation":16,"name":"Reitan","source":"UT.no\/DNT"},"type":"Feature"},{"geometry":{"coordinates":[9.2997239999999994,59.592747000000003],"type":"Point"},"id":"signpost-ut-14206468","properties":{"description":"Man kan parkere ved Graver i Lisleherad eller ved Tinnemyra, om man ikke sykler hele runden. Man må sykle litt på sti. Fra Tinnemyra følger man skilt til Damtjønnkrysset og følger stien videre et kort stykke til man kommer ut på skogsbilvei...","elevation":224,"name":"Østmarka ovenfor Damtjønn","source":"UT.no\/DNT"},"type":"Feature"},{"geometry":{"coordinates":[4.8252410000000001,61.590722],"type":"Point"},"id":"signpost-ut-142255","properties":{"description":"Turposten er på turruta ovanfor og nord for Skorpevatnet, 15 moh. Skiltpunkt. Her kan du velge tur til Blåkollen, Båsundet eller gå Øyane Over rundturen. Turbeskrivingar finn du på ut.no Skorpa er øya på vestsida av Skorpefjorden, mellom Re...","elevation":15,"name":"Skorpa Skorpevatnet","source":"UT.no\/DNT"},"type":"Feature"},{"geometry":{"coordinates":[11.311251,60.790452999999999],"type":"Point"},"id":"signpost-ut-142287109","properties":{"description":"Gå en runde på vei og sti fra Klevfos industrimuseum, forbi Engelaug gård, hvor Munch ble født (fotopunkt ved hovedvegen). Turforslaget finner du her: https:\/\/ut.no\/turforslag\/117158355\/i-munchs-fotspor Når du følger stien som følger jernba...","elevation":195,"name":"I Munchs fotspor","source":"UT.no\/DNT"},"type":"Feature"},{"geometry":{"coordinates":[11.333237,60.797015999999999],"type":"Point"},"id":"signpost-ut-142365","properties":{"description":"Se turforslaget: https:\/\/www.ut.no\/tur\/2.19815\/","elevation":216,"name":"Trostholshagan","source":"UT.no\/DNT"},"type":"Feature"},{"geometry":{"coordinates":[11.283727000000001,60.851770999999999],"type":"Point"},"id":"signpost-ut-142421193","properties":{"description":"Se hele turforslaget her: https:\/\/ut.no\/turforslag\/119670","elevation":290,"name":"8 km - runden i Brenneriroa","source":"UT.no\/DNT"},"type":"Feature"},{"geometry":{"coordinates":[11.360849999999999,60.818671999999999],"type":"Point"},"id":"signpost-ut-142428098","properties":{"description":"Se turforslagene for alle Løtenrundene her: https:\/\/ut.no\/turforslag\/116527056\/ltenrundene","elevation":242,"name":"Tangneshagen langs Løtenrunden","source":"UT.no\/DNT"},"type":"Feature"},{"geometry":{"coordinates":[11.240220000000001,61.009402000000001],"type":"Point"},"id":"signpost-ut-14243321","properties":{"description":"Dette er et turmål i Løten. Turforslaget finner du her .","elevation":679,"name":"Ulvhaugene","source":"UT.no\/DNT"},"type":"Feature"},{"geometry":{"coordinates":[11.346344,60.927886999999998],"type":"Point"},"id":"signpost-ut-14243328","properties":{"description":"Dette er en fin plass i Løten.","elevation":576,"name":"Fjellbekkvadet","source":"UT.no\/DNT"},"type":"Feature"},{"geometry":{"coordinates":[11.326532,60.907144000000002],"type":"Point"},"id":"signpost-ut-14243329","properties":{"description":"Dette er en fin plass nord for Foskumslåtten.","elevation":430,"name":"Foskumslåtten nord","source":"UT.no\/DNT"},"type":"Feature"},{"geometry":{"coordinates":[11.329007000000001,60.782791000000003],"type":"Point"},"id":"signpost-ut-142435013","properties":{"description":"Dette er et stikryss i Brynsåsen.","elevation":204,"name":"Stikryss i Brynsåsen","source":"UT.no\/DNT"},"type":"Feature"},{"geometry":{"coordinates":[6.7855359999999996,60.548969],"type":"Point"},"id":"signpost-ut-142484165","properties":{"description":"Staden har fått namnet etter at det gjekk eit juklaras (isras) her som tok livet av ein prest påveg til eller frå messe i Granvin kyrkje.","elevation":496,"name":"Prestajuklane","source":"UT.no\/DNT"},"type":"Feature"},{"geometry":{"coordinates":[6.8284019999999996,60.554873000000001],"type":"Point"},"id":"signpost-ut-142484168","properties":{"description":"Stidele mot Skitnasete\/Furesete","elevation":563,"name":"Angerskleiv","source":"UT.no\/DNT"},"type":"Feature"},{"geometry":{"coordinates":[6.8178960000000002,60.553967],"type":"Point"},"id":"signpost-ut-142484169","properties":{"description":"Grensa mellom gamle Granvin herad og Ulvik herad","elevation":573,"name":"Herads-grensa","source":"UT.no\/DNT"},"type":"Feature"},{"geometry":{"coordinates":[6.8562630000000002,60.555917999999998],"type":"Point"},"id":"signpost-ut-142505424","properties":{"description":"Staden er kalla Bytesbekkjen, og markerar grensa mellom Lindebrekke og Sponheim.","elevation":403,"name":"Bytesbekkjen","source":"UT.no\/DNT"},"type":"Feature"},{"geometry":{"coordinates":[11.155093000000001,60.673777999999999],"type":"Point"},"id":"signpost-ut-142519719","properties":{"description":"Infotavle langs Raa- og Ree-runden.","elevation":215,"name":"\"Nøkken\" ved Raasvea","source":"UT.no\/DNT"},"type":"Feature"},{"geometry":{"coordinates":[11.306075,60.607588],"type":"Point"},"id":"signpost-ut-142519725","properties":{"description":"Gammel ruin i Hovsmarka","elevation":174,"name":"Styggmyra, Tangen","source":"UT.no\/DNT"},"type":"Feature"},{"geometry":{"coordinates":[10.735467,60.935786],"type":"Point"},"id":"signpost-ut-142519746","properties":{"description":"Kryss skogsbilvei og sti i Moelvmarkas venner sitt stinett. Rastebenk. Du kan følge dette turforslaget for å komme hit: Fosstukrysset i Fossmarka","elevation":298,"name":"Fosstukrysset i Fossmarka","source":"UT.no\/DNT"},"type":"Feature"},{"geometry":{"coordinates":[10.743864,61.236345999999998],"type":"Point"},"id":"signpost-ut-142519758","properties":{"description":"Grenserøys Lillehammer\/Ringsaker\/Øyer på toppen av Matfarhaugen. Utsikt mot Hornsjøen og Nevelfjell.","elevation":926,"name":"Matfarhaugen","source":"UT.no\/DNT"},"type":"Feature"},{"geometry":{"coordinates":[6.8787719999999997,60.492156000000001],"type":"Point"},"id":"signpost-ut-142609209","properties":{"description":"Her deler traktorvegen seg, skal ein til Grønskaol og Øvstestølen går ein vidare opp til høgre. Vegen til venstre fører ein til Hallanger.","elevation":299,"name":"Sti dele","source":"UT.no\/DNT"},"type":"Feature"},{"geometry":{"coordinates":[9.2972660000000005,59.591408000000001],"type":"Point"},"id":"signpost-ut-142609263","properties":{"description":"Dette er en av Notodden og Hjartdal Turlag sine turkasser, midt i et av Notoddens mest populære turområder. Damtjønnkrysset burde være lett å finne for de fleste der det ligger i turlagets merkede «6 kilometers løypa» på og ved Tinnemyra. M...","elevation":220,"name":"Damtjønnkrysset","source":"UT.no\/DNT"},"type":"Feature"},{"geometry":{"coordinates":[6.9404409999999999,60.579442],"type":"Point"},"id":"signpost-ut-142609279","properties":{"description":"Vegkryss, opp mot Ljono og ned mot sentrum.","elevation":253,"name":"Vegskilje (Ljono\/Solhovden)","source":"UT.no\/DNT"},"type":"Feature"},{"geometry":{"coordinates":[6.9522640000000004,60.580128000000002],"type":"Point"},"id":"signpost-ut-142609281","properties":{"description":"Stidele til Solhovden og Sysehagen.","elevation":254,"name":"Sti-dele","source":"UT.no\/DNT"},"type":"Feature"},{"geometry":{"coordinates":[6.9381449999999996,60.578325],"type":"Point"},"id":"signpost-ut-142609283","properties":{"description":"Her kan ein fortsetta på vegen til sentrum, eller ein tar ned til venstre på traktorveg\/sti ned i gjennom Sysehagen og ned til Syse gard.","elevation":224,"name":"Skiltpunkt","source":"UT.no\/DNT"},"type":"Feature"},{"geometry":{"coordinates":[5.2965169999999997,60.500957],"type":"Point"},"id":"signpost-ut-142733002","properties":{"description":"Sjekk-ut punkt Jubileumstien Bergen 950 år: Etappe 8. I dette området går du på flotte turveier og stier. Du vil passere Baugtveitstemma før stien en stund etter dette deler seg og møter stien fra Høgstefjellt og går videre i retning Sætreg...","elevation":320,"name":"8. etappe: Jubileumstien Bergen 950 år: vest for Kuhaugane","source":"UT.no\/DNT"},"type":"Feature"},{"geometry":{"coordinates":[10.965337999999999,61.137357000000002],"type":"Point"},"id":"signpost-ut-142867821","properties":{"description":"Gå fra brua og veien opp mot Persbu. Ca 500 meter fra brua, får du skilt på venstre side med navn Æljplassen. Fra dette skiltet er det 1.7 km å gå. Følg rød merking. Etter plassen kan du fortsette på sti og kan da gå opp til Granåsen og føl...","elevation":650,"name":"Æljplassen","source":"UT.no\/DNT"},"type":"Feature"},{"geometry":{"coordinates":[11.012926,61.143704],"type":"Point"},"id":"signpost-ut-142867823","properties":{"description":"Fint å gå fra Persbu. Går vei inn til høyre etter stort skilt med torvtak. Er merket rødt. Gå forbi badeplassen og gå ca 100 meter så ser du skilt merket Skibakken. Sti er merket rødt hele veien. Ca 1 km fra badeplassen.","elevation":785,"name":"Skibakken","source":"UT.no\/DNT"},"type":"Feature"},{"geometry":{"coordinates":[10.962242,61.127079000000002],"type":"Point"},"id":"signpost-ut-142867825","properties":{"description":"Skilt inn til venstre ved Bjønnåsbrua. Fin tur innover langs Åsta. Fra plassen er det fin å gå videre innover på sti langs Åsta. Eller gå sti opp mot Hammersætera og vei fra sætra og ned til Bjønnåsbrua igjen","elevation":645,"name":"Krogenes plass","source":"UT.no\/DNT"},"type":"Feature"},{"geometry":{"coordinates":[10.987416,61.130046999999998],"type":"Point"},"id":"signpost-ut-142867826","properties":{"description":"Ligger langs veien fra Bjønnåsbrua og opp til Persbu. Fra brua er det ca 1.2 km","elevation":677,"name":"Rompetrolldammen","source":"UT.no\/DNT"},"type":"Feature"},{"geometry":{"coordinates":[11.184357,60.896521999999997],"type":"Point"},"id":"signpost-ut-142867827","properties":{"description":"Denne plassen kommer du til ved å følge \"Fjerdingstenrunden\": https:\/\/ut.no\/turforslag\/118514480\/fjerdingstenrunden Vi har også en kortversjon (\"Lille Fjerdingstenrunden\") for små barneføtter, og andre som vil gå et par kilometer kortere og...","elevation":585,"name":"Fjerdingsten","source":"UT.no\/DNT"},"type":"Feature"},{"geometry":{"coordinates":[6.3261510000000003,61.946275],"type":"Point"},"id":"signpost-ut-142940","properties":{"description":"Turskilt til Strandasætra.","elevation":368,"name":"Turskilt til Strandasætra","source":"UT.no\/DNT"},"type":"Feature"},{"geometry":{"coordinates":[11.258701,60.638737999999996],"type":"Point"},"id":"signpost-ut-14299398","properties":{"description":"Dette gamle falleferdige bruket ligger 3,3 km fra Tangen i Prestmarka i Stange.","elevation":265,"name":"Fallet","source":"UT.no\/DNT"},"type":"Feature"},{"geometry":{"coordinates":[11.325037,60.773437000000001],"type":"Point"},"id":"signpost-ut-14299399","properties":{"description":"Dette er et flott turområde med mange blåmerkede stier.","elevation":243,"name":"Brynsåsen","source":"UT.no\/DNT"},"type":"Feature"},{"geometry":{"coordinates":[7.2160979999999997,60.657519000000001],"type":"Point"},"id":"signpost-ut-143223593","properties":{"description":"På austsida av Buadalsbrotet er terrenget grønare enn oppe i høgfjellet. Ned hit låg ikkje snøen og isen så lenge som på høgaste punktet. Ved stiskiljet mot Rembesdalsseter (DNT-hytte) er det registrert restar av busetnad i gamal tid. Plass...","elevation":1145,"name":"Buadalen - sti dele","source":"UT.no\/DNT"},"type":"Feature"},{"geometry":{"coordinates":[14.935976999999999,66.881067000000002],"type":"Point"},"id":"signpost-ut-143223601","properties":{"description":"Informasjonsskilt og parkeringsplass - startpunkt for Djupvassløypa. Les deg opp på infoskiltet om pitesamiske samiske merkesteder","elevation":386,"name":"Øvre Tollå - parkeringsplass","source":"UT.no\/DNT"},"type":"Feature"},{"geometry":{"coordinates":[10.40813,59.918398000000003],"type":"Point"},"id":"signpost-ut-143346103","properties":{"description":"I 1846 ble Anne Larsdatter drept med øks av sin mann, Peter Olsen, i dette stikrysset ved Urdselva. På \"offisielle\" skilt står det Peters kleiv, men det finnes også et \"hjemmelaget\" skilt på stedet som sier Annes kleiv. Hva hadde du kalt de...","elevation":310,"name":"Annes kleiv","source":"UT.no\/DNT"},"type":"Feature"},{"geometry":{"coordinates":[5.4559530000000001,61.661593000000003],"type":"Point"},"id":"signpost-ut-143428236","properties":{"description":"Plassen er eit knutepunkt\/stidele, ligg på 361 moh og er eit lokalt navn. Du finn ikkje namnet på kartet. Posten er ved stidelet. Plassen er i Norddalsfjord og det er mange fine turar i området. Turen opp til Plassen startar ved Solheim Sku...","elevation":361,"name":"Plassen Norddalsfjord","source":"UT.no\/DNT"},"type":"Feature"},{"geometry":{"coordinates":[6.8252309999999996,60.554991999999999],"type":"Point"},"id":"signpost-ut-143527280","properties":{"description":"Når ein kjem frå Ulvik (Furusete) kan ein ta til høgre og gå mot Skitnasete","elevation":578,"name":"Sti-dele mot Skitnasete \/ Granvin","source":"UT.no\/DNT"},"type":"Feature"},{"geometry":{"coordinates":[11.330957,60.900503999999998],"type":"Point"},"id":"signpost-ut-143645","properties":{"description":"Dette er en fin plass i Løten.","elevation":407,"name":"Foskumslåtten sør","source":"UT.no\/DNT"},"type":"Feature"},{"geometry":{"coordinates":[10.842943999999999,61.16789],"type":"Point"},"id":"signpost-ut-143659","properties":{"description":"Denne plassen kan nås både fra Ljøsheim og Sjusjøen. Fra Ljøsheim anbefaler vi parkering ved Hygga fjellkro. Her er det to alternativer (ca. 4- 4,5 km en vei) – begge går nordover mot Birkebeinerløypa og løypekrysset ved Grunnbekken (ca. 75...","elevation":801,"name":"Grunnbekken, Ljøsheim","source":"UT.no\/DNT"},"type":"Feature"},{"geometry":{"coordinates":[10.899857000000001,60.966054],"type":"Point"},"id":"signpost-ut-143662","properties":{"description":"Parkering på Idrettsanlegget Veldre Sag (arr. arena MjøsSki). Idrettsanlegget ligger i Veldresagvegen, ca. 12 km fra Brumunddal sentrum. Denne plassen ligger i lysløypa i løypekrysset mot Brennlia. Går du ut mot vest er det ca 800 m til pos...","elevation":561,"name":"Lysløypa, Veldre sag","source":"UT.no\/DNT"},"type":"Feature"},{"geometry":{"coordinates":[7.8467700000000002,61.320762999999999],"type":"Point"},"id":"signpost-ut-143691","properties":{"description":"Startpunkt for turane til Ytre Moa, Moakamben, Kvile, Øyestølen, Holsbru og Svalheimsåsen frå Utladalen.","elevation":45,"name":"Lykkja","source":"UT.no\/DNT"},"type":"Feature"},{"geometry":{"coordinates":[11.29975,60.840266999999997],"type":"Point"},"id":"signpost-ut-143732","properties":{"description":"Les hele turforslaget på ut.no: https:\/\/www.ut.no\/tur\/2.22437\/","elevation":264,"name":"Bergsengbakken","source":"UT.no\/DNT"},"type":"Feature"},{"geometry":{"coordinates":[11.383487000000001,60.863033000000001],"type":"Point"},"id":"signpost-ut-143930","properties":{"description":"Dette er ei flott stor myr som ligger på Taigaen turområde.","elevation":280,"name":"Ekromstormyra","source":"UT.no\/DNT"},"type":"Feature"},{"geometry":{"coordinates":[10.714734,61.253324999999997],"type":"Point"},"id":"signpost-ut-144146008","properties":{"description":"Løypekryss vest for Hornsjø høyfjellshotell. NB : Hotellet er nedlagt og stengt.","elevation":888,"name":"Hornsjø","source":"UT.no\/DNT"},"type":"Feature"},{"geometry":{"coordinates":[10.61481,61.234195],"type":"Point"},"id":"signpost-ut-144146009","properties":{"description":"Løypekryss øst for Reinsfjellet og sør for Hitfjellet. Litt lenger øst ser vi Kriksfjellet. Her går vi i åpent lende på snaufjellet.","elevation":974,"name":"Hitdalen","source":"UT.no\/DNT"},"type":"Feature"},{"geometry":{"coordinates":[10.577966999999999,61.268251999999997],"type":"Point"},"id":"signpost-ut-144146010","properties":{"description":"Punktet er rett sør for tidligere Lienden Kafé og Varmestue.","elevation":923,"name":"Lienden","source":"UT.no\/DNT"},"type":"Feature"},{"geometry":{"coordinates":[10.561745,61.291688999999998],"type":"Point"},"id":"signpost-ut-144146012","properties":{"description":"Løypekryss ved setra Rognhaugen.","elevation":922,"name":"Rognhaugen","source":"UT.no\/DNT"},"type":"Feature"},{"geometry":{"coordinates":[10.532970000000001,61.317281999999999],"type":"Point"},"id":"signpost-ut-144146013","properties":{"description":"Løypekryss like vest for selve Kjerringknappen (1013 moh). Trolløypa.","elevation":988,"name":"Kjerringknappen","source":"UT.no\/DNT"},"type":"Feature"},{"geometry":{"coordinates":[10.489798,61.339803000000003],"type":"Point"},"id":"signpost-ut-144146015","properties":{"description":"Løypekryss rett sør for Svartsetra.","elevation":903,"name":"Svartsetra","source":"UT.no\/DNT"},"type":"Feature"},{"geometry":{"coordinates":[10.461601999999999,61.313564],"type":"Point"},"id":"signpost-ut-144146016","properties":{"description":"Løypekryss. Nord for Steinsetra.","elevation":924,"name":"Pølkrysset","source":"UT.no\/DNT"},"type":"Feature"},{"geometry":{"coordinates":[10.503091,61.381022999999999],"type":"Point"},"id":"signpost-ut-144146017","properties":{"description":"Løypekryss øst for seterhusene på Digeråsen. Trolløypa. (Påskekaféen var et populært turmål tidligere, men er nå historie)","elevation":924,"name":"Digeråsen","source":"UT.no\/DNT"},"type":"Feature"},{"geometry":{"coordinates":[11.159411,61.051793000000004],"type":"Point"},"id":"signpost-ut-144762932","properties":{"description":"Dette er et turmål på langturen Sjusjøen-Gåsbu på ski .","elevation":647,"name":"Lavlia","source":"UT.no\/DNT"},"type":"Feature"},{"geometry":{"coordinates":[10.956991,61.174686999999999],"type":"Point"},"id":"signpost-ut-144764950","properties":{"description":"Dette er et turmål på langturen Sjusjøen-Rena på ski .","elevation":744,"name":"Nysætra","source":"UT.no\/DNT"},"type":"Feature"},{"geometry":{"coordinates":[11.132415,61.000309000000001],"type":"Point"},"id":"signpost-ut-144764952","properties":{"description":"Dette er et turmål på langturen Vollkoia-St.Olav-Målia-Brumund-Kjeltåsen på ski.","elevation":673,"name":"Kjeltåsen","source":"UT.no\/DNT"},"type":"Feature"},{"geometry":{"coordinates":[11.305997,60.532255999999997],"type":"Point"},"id":"signpost-ut-144764954","properties":{"description":"Dette er et turmål på skituren Gransjøen-Hagalia .","elevation":457,"name":"Korpbergsvegen","source":"UT.no\/DNT"},"type":"Feature"},{"geometry":{"coordinates":[11.357081000000001,60.936509999999998],"type":"Point"},"id":"signpost-ut-144764955","properties":{"description":"Dette er et turmål på skiturene Budor-Savalsætra-Jønsrud og på ski fra Budor til Savalsætra .","elevation":623,"name":"Løypekryss ved Savalsæterhøgda","source":"UT.no\/DNT"},"type":"Feature"},{"geometry":{"coordinates":[11.164566000000001,60.643324999999997],"type":"Point"},"id":"signpost-ut-144883021","properties":{"description":"Dette er en fin plass.","elevation":310,"name":"Port Arthur","source":"UT.no\/DNT"},"type":"Feature"},{"geometry":{"coordinates":[11.271601,60.654564000000001],"type":"Point"},"id":"signpost-ut-144883022","properties":{"description":"Dette er en plass i Prestmarka med spennende historie.","elevation":246,"name":"Østerstua","source":"UT.no\/DNT"},"type":"Feature"},{"geometry":{"coordinates":[5.334479,60.375104],"type":"Point"},"id":"signpost-ut-144891619","properties":{"description":"Urban kulturløype – en kulturhistorisk vandring på Løvstakksiden og langs Damsgårdssundet. Underveis langs denne urbane turløypen kan du følge utvalgte historiske fakta gjennom spennende stoppesteder og poster. T uren går fra Ny-Krohnborg s...","elevation":34,"name":"Ny-Krohnborg skole","source":"UT.no\/DNT"},"type":"Feature"},{"geometry":{"coordinates":[5.3385749999999996,60.374687999999999],"type":"Point"},"id":"signpost-ut-144895943","properties":{"description":"Urban kulturløype – en kulturhistorisk vandring på Løvstakksiden og langs Damsgårdssundet. Underveis langs denne urbane turløypen kan du følge utvalgte historiske fakta gjennom spennende stoppesteder og poster. T uren går fra Ny-Krohnborg s...","elevation":16,"name":"Solheim byhage","source":"UT.no\/DNT"},"type":"Feature"},{"geometry":{"coordinates":[5.3367319999999996,60.376258],"type":"Point"},"id":"signpost-ut-144895944","properties":{"description":"Urban kulturløype – en kulturhistorisk vandring på Løvstakksiden og langs Damsgårdssundet. Underveis langs denne urbane turløypen kan du følge utvalgte historiske fakta gjennom spennende stoppesteder og poster. T uren går fra Ny-Krohnborg s...","elevation":10,"name":"GC Rieber","source":"UT.no\/DNT"},"type":"Feature"},{"geometry":{"coordinates":[5.3370420000000003,60.376964999999998],"type":"Point"},"id":"signpost-ut-144895945","properties":{"description":"Urban kulturløype – en kulturhistorisk vandring på Løvstakksiden og langs Damsgårdssundet. Underveis langs denne urbane turløypen kan du følge utvalgte historiske fakta gjennom spennende stoppesteder og poster. T uren går fra Ny-Krohnborg s...","elevation":6,"name":"BMV","source":"UT.no\/DNT"},"type":"Feature"},{"geometry":{"coordinates":[5.3301290000000003,60.377828000000001],"type":"Point"},"id":"signpost-ut-144895946","properties":{"description":"Urban kulturløype – en kulturhistorisk vandring på Løvstakksiden og langs Damsgårdssundet. Underveis langs denne urbane turløypen kan du følge utvalgte historiske fakta gjennom spennende stoppesteder og poster. T uren går fra Ny-Krohnborg s...","elevation":3,"name":"Arbeiderboliger","source":"UT.no\/DNT"},"type":"Feature"},{"geometry":{"coordinates":[5.3249449999999996,60.379801999999998],"type":"Point"},"id":"signpost-ut-144895948","properties":{"description":"Urban kulturløype – en kulturhistorisk vandring på Løvstakksiden og langs Damsgårdssundet. Underveis langs denne urbane turløypen kan du følge utvalgte historiske fakta gjennom spennende stoppesteder og poster. T uren går fra Ny-Krohnborg s...","elevation":1,"name":"Kavli","source":"UT.no\/DNT"},"type":"Feature"},{"geometry":{"coordinates":[5.3244680000000004,60.379986000000002],"type":"Point"},"id":"signpost-ut-144895949","properties":{"description":"Urban kulturløype – en kulturhistorisk vandring på Løvstakksiden og langs Damsgårdssundet. Underveis langs denne urbane turløypen kan du følge utvalgte historiske fakta gjennom spennende stoppesteder og poster. T uren går fra Ny-Krohnborg s...","elevation":1,"name":"Bergen Blikktrykkeri","source":"UT.no\/DNT"},"type":"Feature"},{"geometry":{"coordinates":[5.321415,60.380834999999998],"type":"Point"},"id":"signpost-ut-144895950","properties":{"description":"Urban kulturløype – en kulturhistorisk vandring på Løvstakksiden og langs Damsgårdssundet. Underveis langs denne urbane turløypen kan du følge utvalgte historiske fakta gjennom spennende stoppesteder og poster. T uren går fra Ny-Krohnborg s...","elevation":1,"name":"Campbell Andersens enke AS","source":"UT.no\/DNT"},"type":"Feature"},{"geometry":{"coordinates":[5.320519,60.380989999999997],"type":"Point"},"id":"signpost-ut-144898113","properties":{"description":"Urban kulturløype – en kulturhistorisk vandring på Løvstakksiden og langs Damsgårdssundet. Underveis langs denne urbane turløypen kan du følge utvalgte historiske fakta gjennom spennende stoppesteder og poster. T uren går fra Ny-Krohnborg s...","elevation":3,"name":"Damsgård Jernstøperi\/Huunverkene","source":"UT.no\/DNT"},"type":"Feature"},{"geometry":{"coordinates":[5.3153110000000003,60.381216999999999],"type":"Point"},"id":"signpost-ut-144898114","properties":{"description":"Urban kulturløype – en kulturhistorisk vandring på Løvstakksiden og langs Damsgårdssundet. Underveis langs denne urbane turløypen kan du følge utvalgte historiske fakta gjennom spennende stoppesteder og poster. T uren går fra Ny-Krohnborg s...","elevation":28,"name":"«Halvpermanenten»","source":"UT.no\/DNT"},"type":"Feature"},{"geometry":{"coordinates":[5.3159390000000002,60.380395999999998],"type":"Point"},"id":"signpost-ut-144898115","properties":{"description":"Urban kulturløype – en kulturhistorisk vandring på Løvstakksiden og langs Damsgårdssundet. Underveis langs denne urbane turløypen kan du følge utvalgte historiske fakta gjennom spennende stoppesteder og poster. T uren går fra Ny-Krohnborg s...","elevation":41,"name":"Høyes Vinfabrikk","source":"UT.no\/DNT"},"type":"Feature"},{"geometry":{"coordinates":[5.3211529999999998,60.379272999999998],"type":"Point"},"id":"signpost-ut-144898116","properties":{"description":"Urban kulturløype – en kulturhistorisk vandring på Løvstakksiden og langs Damsgårdssundet. Underveis langs denne urbane turløypen kan du følge utvalgte historiske fakta gjennom spennende stoppesteder og poster. T uren går fra Ny-Krohnborg s...","elevation":33,"name":"Lien 64","source":"UT.no\/DNT"},"type":"Feature"},{"geometry":{"coordinates":[5.3212809999999999,60.380094999999997],"type":"Point"},"id":"signpost-ut-144898118","properties":{"description":"Urban kulturløype – en kulturhistorisk vandring på Løvstakksiden og langs Damsgårdssundet. Underveis langs denne urbane turløypen kan du følge utvalgte historiske fakta gjennom spennende stoppesteder og poster. T uren går fra Ny-Krohnborg s...","elevation":14,"name":"Urdihuset","source":"UT.no\/DNT"},"type":"Feature"},{"geometry":{"coordinates":[9.630592,61.374391000000003],"type":"Point"},"id":"signpost-ut-145060442","properties":{"description":"Gustavråket er oppkalt etter Gustav Øverjordet (1907 - 1989). Han bodde på østsida av Espedalsvatnet, på bruket mellom Dalen og Dalhaugen. Derfra rodde han over vannet og gikk \"beinste\" opp til Melgardsetra. Han satte opp små varder underve...","elevation":740,"name":"Gustavråket","source":"UT.no\/DNT"},"type":"Feature"},{"geometry":{"coordinates":[9.5994689999999991,61.352159999999998],"type":"Point"},"id":"signpost-ut-145060443","properties":{"description":"Leppskardet 1175 moh markerer stiforbindelsen vestover mellom Espedalen og Nordbua, og mellom Leppkampen\/Stylsskardet og Ongsjøfjellet.","elevation":1177,"name":"Leppskardet","source":"UT.no\/DNT"},"type":"Feature"},{"geometry":{"coordinates":[11.135583,60.893053000000002],"type":"Point"},"id":"signpost-ut-145125339","properties":{"description":"Dette er månedens runde i august 2021 for Vangsåsen vel. Turforslaget er Store Åshagarunden .","elevation":602,"name":"Åshagan","source":"UT.no\/DNT"},"type":"Feature"},{"geometry":{"coordinates":[6.942914,60.563966999999998],"type":"Point"},"id":"signpost-ut-145252205","properties":{"description":"Traktorvegen som går frå Hjeltnesvegen, merka løype til dagsturhytta Solhaug.","elevation":75,"name":"Skjølaviksløypet (vegen til dagsturhytta)","source":"UT.no\/DNT"},"type":"Feature"},{"geometry":{"coordinates":[5.5722889999999996,61.698920999999999],"type":"Point"},"id":"signpost-ut-145256468","properties":{"description":"Posten ligg på stien opp frå Grøndalen mot Støylsvatnet ca 350 moh. Her i området kan du finne mobildekning, i nærheten av skiltet som viser grensa til Ålfotbreen Landskapsvernområde. Ta av RV5 på Grov og kjør Fv 614 til Straumsneskrysset o...","elevation":356,"name":"Grøndalen Grenseskiltet Ålfotbreen Landskapsvernområde","source":"UT.no\/DNT"},"type":"Feature"},{"geometry":{"coordinates":[10.503809,61.115215999999997],"type":"Point"},"id":"signpost-ut-145280411","properties":{"description":"Maihaugløypa, også kalt Søndre nedfartsløypa, går mellom Kanalen og Maihaugen. Sjekk-ut-punktet er lagt på Kvitmannsberget, i krysset der Blåløypa tar av mot Vårsetervegen og Hammerkoia.","elevation":460,"name":"Kvitmannsberget","source":"UT.no\/DNT"},"type":"Feature"},{"geometry":{"coordinates":[10.490783,61.133298000000003],"type":"Point"},"id":"signpost-ut-145280412","properties":{"description":"Lysgaardsløypa går mellom Stampesletta og Birkebeineren skistadion, og blir også kalt Nordre nedfartsløype. Sjekk-Ut-punktet er lagt der hvor løypa krysser Kantvegen.","elevation":454,"name":"Lysgårdsløypa - kryss Kantvegen","source":"UT.no\/DNT"},"type":"Feature"},{"geometry":{"coordinates":[10.488284,61.111763000000003],"type":"Point"},"id":"signpost-ut-145280413","properties":{"description":"Tverrløypa er strekningen mellom Stampesletta og Engesvea, en kombinert skiløype og gangvei. Sjekk-Ut-punktet er lagt til krysset der Maihaugløypa tar av til venstre sør for Nybu.","elevation":316,"name":"Kryss Tverrløypa - Maihaugløypa","source":"UT.no\/DNT"},"type":"Feature"},{"geometry":{"coordinates":[10.479392000000001,61.168480000000002],"type":"Point"},"id":"signpost-ut-145280414","properties":{"description":"Åsmyrløypa er en skuteløype som går mellom p-plassen på Skurvbrua og Langkloppmyra, der den kommer inn på Grøtåsløypa som er preparert med løypemaskin. Sjekk-Ut-punktet er lagt til løypekrysset på Rabben, der det tar av en skuteløype vestov...","elevation":632,"name":"Rabben","source":"UT.no\/DNT"},"type":"Feature"},{"geometry":{"coordinates":[10.598273000000001,61.195296999999997],"type":"Point"},"id":"signpost-ut-145280418","properties":{"description":"Lille Nevelrunden går fra Nordseter til Neveloset og følger Nevelosvegen til den direkte løypa fra Nordseter til Snauskallen. Sjekk-Ut-punktet er i krysset ved Neveloset.","elevation":905,"name":"Neveloset","source":"UT.no\/DNT"},"type":"Feature"},{"geometry":{"coordinates":[10.652974,61.163449],"type":"Point"},"id":"signpost-ut-145280419","properties":{"description":"Skogsløypa går fra Nordseter fjellpark til Heståsmyra og videre til Sjusjøen. Sjekk-Ut-punktet er i kryss mot løype til Fjelløypa (\"Gundersen-krysset\")","elevation":901,"name":"\"Gundersen-krysset\"","source":"UT.no\/DNT"},"type":"Feature"},{"geometry":{"coordinates":[10.639612,61.180998000000002],"type":"Point"},"id":"signpost-ut-145280420","properties":{"description":"Fjelløypa går mellom Nordseter og Sjusjøen, og starter fra løypa mot Snauskallen ca. 500 m opp for p-plassen, går nordøst for Heståsmyra og kommer inn på Birkebeinerløypa. Sjekk-Ut-punktet er lagt på Nordseterfjellet, i krysset for løypa mo...","elevation":955,"name":"Nordseterfjellet","source":"UT.no\/DNT"},"type":"Feature"},{"geometry":{"coordinates":[10.602867,61.144424999999998],"type":"Point"},"id":"signpost-ut-145280421","properties":{"description":"Birkebeinerløypa går fra Rena til Lillehammer, men lokalt fra Sjusjøen og ned til Birkebeineren skistadion. Sjekk-Ut-punktet er lagt på toppen av Sjøseterlia, der Finsveløypa tar av.","elevation":670,"name":"Sjøseterhøgda","source":"UT.no\/DNT"},"type":"Feature"},{"geometry":{"coordinates":[10.608848,61.160249],"type":"Point"},"id":"signpost-ut-145280422","properties":{"description":"Sandbakkløypa er strekningen fra Birkebeinerløypa nedenfor Birkebeinerbakken til Sandbakken nederst på Nordsetra. Sjekk-Ut-punktet er lagt i krysset der skuterløypa fra Sjøseterhøgda over Stormyra kommer inn på Sandbakkløypa.","elevation":689,"name":"Kryss Stormyrløypa - Sandbakkløypa","source":"UT.no\/DNT"},"type":"Feature"},{"geometry":{"coordinates":[10.520811999999999,61.116489999999999],"type":"Point"},"id":"signpost-ut-145280426","properties":{"description":"Blåløypa forbinder Maihaugløypa med løypa fra Vårsetergrenda. Sjekk-Ut-punktet er lagt i krysset der den tar av fra løypa i Vårsetervegen.","elevation":481,"name":"Kryss Blåløypa  - Vårsetervegen","source":"UT.no\/DNT"},"type":"Feature"},{"geometry":{"coordinates":[10.59243,61.143413000000002],"type":"Point"},"id":"signpost-ut-145280427","properties":{"description":"Øvre løype mellom Birkebeineren skistadion og Birkebeinerløypa kalles inngårende OL-løype. Sjekk-Ut-punktet er lagt på Sjøsetra.","elevation":653,"name":"Sjøsetra ved inngående OL-løype","source":"UT.no\/DNT"},"type":"Feature"},{"geometry":{"coordinates":[10.561335,61.135485000000003],"type":"Point"},"id":"signpost-ut-145280429","properties":{"description":"Utgående OL-løype er den nedre traseen for OL-løypa mellom Birkebeineren skistadion og Birkebeinerløypa. Sjekk-Ut-punktet er satt i krysset over den bratteste stigningen i løypa, blir sjelden kjørt. Skiltet forteller at 30 km\/ og 50 km-tras...","elevation":568,"name":"Kryss i utgående OL-løype","source":"UT.no\/DNT"},"type":"Feature"},{"geometry":{"coordinates":[11.3378,59.6297],"type":"Point"},"id":"signpost-ut-145302457","properties":{"elevation":231,"name":"Festningsåsen","source":"UT.no\/DNT"},"type":"Feature"},{"geometry":{"coordinates":[11.133806999999999,59.470253],"type":"Point"},"id":"signpost-ut-145307250","properties":{"elevation":169,"name":"Skiltpunkt Kulturminnestien","source":"UT.no\/DNT"},"type":"Feature"},{"geometry":{"coordinates":[5.1644040000000002,59.808795000000003],"type":"Point"},"id":"signpost-ut-145312336","properties":{"description":"Turpost ved Gåslandsmarka der turen er skilta og merket som Hammaren rundløype. Turbeskrivelse kan du lese her .","elevation":56,"name":"Gåslandsmarka - Hammaren rundløype","source":"UT.no\/DNT"},"type":"Feature"},{"geometry":{"coordinates":[11.202159999999999,61.050539999999998],"type":"Point"},"id":"signpost-ut-145313073","properties":{"description":"Dette er et turmål i Hamar. Turforslaget finner du her .","elevation":779,"name":"Brennsæteråsen","source":"UT.no\/DNT"},"type":"Feature"},{"geometry":{"coordinates":[11.416261,60.828746000000002],"type":"Point"},"id":"signpost-ut-145313810","properties":{"description":"Dette er et turmål i Løten. Turforslaget finner du her .","elevation":261,"name":"Stormyråsen","source":"UT.no\/DNT"},"type":"Feature"},{"geometry":{"coordinates":[11.464608,60.820835000000002],"type":"Point"},"id":"signpost-ut-145313816","properties":{"description":"Dette er et turmål i Løten. Turforslaget finner du her.","elevation":305,"name":"Stålsætra – Hermanskjæret – Mosjøbergkoia – sørsida av Stålsætertjennet","source":"UT.no\/DNT"},"type":"Feature"},{"geometry":{"coordinates":[10.533708000000001,61.048540000000003],"type":"Point"},"id":"signpost-ut-145323371","properties":{"description":"Dette er et turmål i Ringsaker. Turforslaget finner du her .","elevation":405,"name":"Mælumsmarka, Brøttum","source":"UT.no\/DNT"},"type":"Feature"},{"geometry":{"coordinates":[11.006943,60.945611],"type":"Point"},"id":"signpost-ut-145323372","properties":{"description":"Dette er et turmål i Ringsaker. Turforslaget finner du her .","elevation":421,"name":"Lerelva\/Steinbakken","source":"UT.no\/DNT"},"type":"Feature"},{"geometry":{"coordinates":[29.847124000000001,70.141278],"type":"Point"},"id":"signpost-ut-145338694","properties":{"description":"Nattfjelldalen er ett av flere startpunkter for Varangerhalvøya nasjonalpark. Nattfjelldalen er i tillegg et naturlig og spektakulært elvehjel med et flott fossefall innerst i dalen!","elevation":160,"name":"Nattfjelldalen","source":"UT.no\/DNT"},"type":"Feature"},{"geometry":{"coordinates":[15.02755,66.916269],"type":"Point"},"id":"signpost-ut-145345063","properties":{"description":"Herfra går stien i retning Røkland, Saltfjellet, Tollå, Beiarstua eller Tverrbrennstua. Om du har lyst - stranda er ved stikryset er ypperlig for en rask dukkert.","elevation":597,"name":"Oksvannet","source":"UT.no\/DNT"},"type":"Feature"},{"geometry":{"coordinates":[15.001185,66.866208],"type":"Point"},"id":"signpost-ut-145345067","properties":{"description":"Stidelet\/Skiltpunktet tar deg mot Reinhornskaret, inn på Saltfjellet eller nordover mot Beiarfjellet\/Saltdal. Området forteller istidhistorie til alle som kan det språket.","elevation":636,"name":"Stidele Harondalen","source":"UT.no\/DNT"},"type":"Feature"},{"geometry":{"coordinates":[5.3716739999999996,59.875289000000002],"type":"Point"},"id":"signpost-ut-145578119","properties":{"description":"Plassert av FB","elevation":173,"name":"SP 076 Stidele søraust for Tveitaslottet","source":"UT.no\/DNT"},"type":"Feature"},{"geometry":{"coordinates":[5.4136649999999999,59.889544000000001],"type":"Point"},"id":"signpost-ut-145578121","properties":{"elevation":551,"name":"SP 071 Klovskardsfjellet","source":"UT.no\/DNT"},"type":"Feature"},{"geometry":{"coordinates":[5.3900449999999998,59.888024999999999],"type":"Point"},"id":"signpost-ut-145578122","properties":{"description":"Plassering gjort av FB. Skilt er produsert","elevation":378,"name":"SP 070 Klovskardsfjellet vest","source":"UT.no\/DNT"},"type":"Feature"},{"geometry":{"coordinates":[10.485497000000001,60.784556000000002],"type":"Point"},"id":"signpost-ut-145650334","properties":{"description":"Stikryss langs Jotunheimstien","elevation":539,"name":"Vesterås","source":"UT.no\/DNT"},"type":"Feature"},{"geometry":{"coordinates":[9.291499,59.587770999999996],"type":"Point"},"id":"signpost-ut-145680949","properties":{"description":"Tøllehaugen er et stikryss inne på Tinnemyra-området og er kjent for at turgåere stadig finner flotte malerier av kunstneren \"GAS\" som er hengt ut på et tre ved skiltstolpen.","elevation":228,"name":"Tøllehaugen","source":"UT.no\/DNT"},"type":"Feature"},{"geometry":{"coordinates":[5.4695729999999996,59.803426000000002],"type":"Point"},"id":"signpost-ut-145696327","properties":{"elevation":24,"name":"SP 223 P-plass Vatna","source":"UT.no\/DNT"},"type":"Feature"},{"geometry":{"coordinates":[5.4692720000000001,59.805646000000003],"type":"Point"},"id":"signpost-ut-145696328","properties":{"description":"Plassering OK, LHF 12\/3-25","elevation":31,"name":"SP 224 Gerdastien start sør","source":"UT.no\/DNT"},"type":"Feature"},{"geometry":{"coordinates":[5.4627920000000003,59.811083000000004],"type":"Point"},"id":"signpost-ut-145696329","properties":{"description":"Plassert OK, 12\/3-2025 LHF","elevation":48,"name":"SP 225 Gerdastien slutt nord","source":"UT.no\/DNT"},"type":"Feature"},{"geometry":{"coordinates":[5.4626020000000004,59.811303000000002],"type":"Point"},"id":"signpost-ut-145696330","properties":{"description":"Ligg slengt pr 12\/3-2025, ref. bilete","elevation":51,"name":"SP 273 Vatnadalsvegen nord for Gerdastien","source":"UT.no\/DNT"},"type":"Feature"},{"geometry":{"coordinates":[5.457109,59.820892000000001],"type":"Point"},"id":"signpost-ut-145696331","properties":{"description":"Plassering OK, LHF 15\/2-25","elevation":100,"name":"SP 238 Vatnadalsvegen - sti mot Fjellstova","source":"UT.no\/DNT"},"type":"Feature"},{"geometry":{"coordinates":[5.4603080000000004,59.816676000000001],"type":"Point"},"id":"signpost-ut-145696332","properties":{"description":"Ny plassering OK, LHF 17\/4-26. Gammal plassering var: Vatnadalsvegen v\/grusveg til Vad","elevation":68,"name":"SP 237 Vatnadalsvegen Svarteika","source":"UT.no\/DNT"},"type":"Feature"},{"geometry":{"coordinates":[11.283979,59.574007000000002],"type":"Point"},"id":"signpost-ut-146183533","properties":{"description":"Storslåtte gravhauger, stedsnavn og funn av verdifulle gjenstander tyder på at området Folkenborg-Mysen-Sletner har vært et maktsentrum i jernalderen. Her har stormenn hersket. På Sletner, sør for gravfeltet ved Edwin Ruuds hospital, ble No...","elevation":166,"name":"Jernalder langs Monaryggen","source":"UT.no\/DNT"},"type":"Feature"},{"geometry":{"coordinates":[11.521322,58.908202000000003],"type":"Point"},"id":"signpost-ut-146183538","properties":{"description":"Søndre Enningdalen kirke er middelalder kirkested. Bilvei helt frem og informasjonsskilt på stedet. Borgleden går like nord for kirken.","elevation":46,"name":"Søndre Enningdalen kirke, middelalder kirkested","source":"UT.no\/DNT"},"type":"Feature"},{"geometry":{"coordinates":[10.676352,59.452455],"type":"Point"},"id":"signpost-ut-146183542","properties":{"description":"Pilegrimsleden, Borgleden, går gjennom Mosseskogen. Underveis finner du flere skilt som forteller om historiske hendelser i skogen. På pilegrimsleden.no finner du kart og mer informasjon.","elevation":49,"name":"Mosseskogen, pilegrimsled og historiske hendelser","source":"UT.no\/DNT"},"type":"Feature"},{"geometry":{"coordinates":[9.3352830000000004,59.524464000000002],"type":"Point"},"id":"signpost-ut-146541534","properties":{"description":"Etter hvert som du kommer til et skiltstolpe som viser en avstikker til Tveitanhola, da er du fremme ved dette turmålet hvor du kan registrere SjekkUT-besøk.","elevation":294,"name":"Stikryss ved Tveitanhola \/ Kloppa rundt","source":"UT.no\/DNT"},"type":"Feature"},{"geometry":{"coordinates":[8.9110700000000005,59.564610000000002],"type":"Point"},"id":"signpost-ut-146541539","properties":{"description":"Grånhaughovet ligger mellom vest for Himingen, flere stier fører til dette stikrysset, enten fra Landsverk som ble åpnet i 2022 eller fra Himingsjå.","elevation":667,"name":"Grånhaughovet","source":"UT.no\/DNT"},"type":"Feature"},{"geometry":{"coordinates":[9.0443060000000006,59.007035000000002],"type":"Point"},"id":"signpost-ut-146579316","properties":{"description":"Dette turmålet kan nås ved å gå skiløypa Bjønnåsen rundt. Her er det veikryss. Se vedlagte link for mer informasjon.","elevation":139,"name":"Løkensmoen","source":"UT.no\/DNT"},"type":"Feature"},{"geometry":{"coordinates":[10.675295999999999,59.842737999999997],"type":"Point"},"id":"signpost-ut-146610996","properties":{"description":"Skilt med QR-koder til video om verdifulle områder for natur og friluftsliv på Nesodden","elevation":75,"name":"Skoklefaldeika","source":"UT.no\/DNT"},"type":"Feature"},{"geometry":{"coordinates":[10.643419,59.829642999999997],"type":"Point"},"id":"signpost-ut-146610997","properties":{"description":"Skilt med QR-koder til video om verdifulle områder for natur og friluftsliv på Nesodden","elevation":167,"name":"Tomåsan nord ved Bjørnemyr","source":"UT.no\/DNT"},"type":"Feature"},{"geometry":{"coordinates":[10.634748,59.820549],"type":"Point"},"id":"signpost-ut-146610998","properties":{"description":"Skilt med QR-koder til video om verdifulle områder for natur og friluftsliv på Nesodden","elevation":139,"name":"Tomåsan sør ved Alværn","source":"UT.no\/DNT"},"type":"Feature"},{"geometry":{"coordinates":[10.620905,59.795957999999999],"type":"Point"},"id":"signpost-ut-146610999","properties":{"description":"Skilt med QR-koder til video om verdifulle områder for natur og friluftsliv på Nesodden","elevation":101,"name":"Nyborgdammene","source":"UT.no\/DNT"},"type":"Feature"},{"geometry":{"coordinates":[10.664057,59.853158999999998],"type":"Point"},"id":"signpost-ut-146611000","properties":{"description":"Skilt med QR-koder til video om verdifulle områder for natur og friluftsliv på Nesodden","elevation":85,"name":"Skoklefaldstien ved Kongleveien","source":"UT.no\/DNT"},"type":"Feature"},{"geometry":{"coordinates":[10.663976999999999,59.848483000000002],"type":"Point"},"id":"signpost-ut-146611001","properties":{"description":"Skilt med QR-koder til video om verdifulle områder for natur og friluftsliv på Nesodden","elevation":70,"name":"Skoklefaldstien ved Kapellveien","source":"UT.no\/DNT"},"type":"Feature"},{"geometry":{"coordinates":[10.646699999999999,59.766362000000001],"type":"Point"},"id":"signpost-ut-146611002","properties":{"description":"Skilt med QR-koder til video om verdifulle områder for natur og friluftsliv på Nesodden","elevation":134,"name":"Burmaveien ved Fundingrudhaugen","source":"UT.no\/DNT"},"type":"Feature"},{"geometry":{"coordinates":[10.672295999999999,59.772018000000003],"type":"Point"},"id":"signpost-ut-146611003","properties":{"description":"Skilt med QR-koder til video om verdifulle områder for natur og friluftsliv på Nesodden","elevation":91,"name":"Burmaveien vede Øvre Gulstad","source":"UT.no\/DNT"},"type":"Feature"},{"geometry":{"coordinates":[10.589645000000001,59.734102],"type":"Point"},"id":"signpost-ut-146611004","properties":{"description":"Skilt med QR-koder til video om verdifulle områder for natur og friluftsliv på Nesodden","elevation":10,"name":"Fagerstrand","source":"UT.no\/DNT"},"type":"Feature"},{"geometry":{"coordinates":[10.679759000000001,59.835763],"type":"Point"},"id":"signpost-ut-146611005","properties":{"elevation":87,"name":"Bergerskogen","source":"UT.no\/DNT"},"type":"Feature"},{"geometry":{"coordinates":[10.683130999999999,59.819240000000001],"type":"Point"},"id":"signpost-ut-146611006","properties":{"description":"Skilt med QR-koder til video om verdifulle områder for natur og friluftsliv på Nesodden","elevation":108,"name":"Eikeskogen ved Røer","source":"UT.no\/DNT"},"type":"Feature"},{"geometry":{"coordinates":[10.652161,59.775627],"type":"Point"},"id":"signpost-ut-146611007","properties":{"description":"Skilt med QR-koder til video om verdifulle områder for natur og friluftsliv på Nesodden","elevation":126,"name":"Granerudjordene","source":"UT.no\/DNT"},"type":"Feature"},{"geometry":{"coordinates":[10.654577,59.848329999999997],"type":"Point"},"id":"signpost-ut-146611008","properties":{"description":"Skilt med QR-koder til video om verdifulle områder for natur og friluftsliv på Nesodden","elevation":93,"name":"Flaskebekktjernet","source":"UT.no\/DNT"},"type":"Feature"},{"geometry":{"coordinates":[10.682881,59.849845000000002],"type":"Point"},"id":"signpost-ut-146611009","properties":{"description":"Skilt med QR-koder til video om verdifulle områder for natur og friluftsliv på Nesodden","elevation":1,"name":"Ursvikbukta","source":"UT.no\/DNT"},"type":"Feature"},{"geometry":{"coordinates":[11.157855,60.638193000000001],"type":"Point"},"id":"signpost-ut-146639227","properties":{"elevation":226,"name":"Sørstua","source":"UT.no\/DNT"},"type":"Feature"},{"geometry":{"coordinates":[11.161001000000001,60.840646999999997],"type":"Point"},"id":"signpost-ut-146650809","properties":{"description":"Se turforslaget: Skolestien Ingeberg-Lunden","elevation":240,"name":"Vang kjøre- og ridestier: stikryss","source":"UT.no\/DNT"},"type":"Feature"},{"geometry":{"coordinates":[19.121652000000001,69.405787000000004],"type":"Point"},"id":"signpost-ut-146703468","properties":{"description":"Turbeskrivelse langbergan Stor parkering på Tømmernes. 11km etter Selnesveien fra krysset ved Kantornes. Gå etter bilveien mot høyre til skilt merket Langbergan. Her starter stien. Merk ! Stien er ikke merket!! Stien opp til traktorvei, ta ...","elevation":498,"name":"Turbotur til Langbergan - 5 turer med Turbo 2026","source":"UT.no\/DNT"},"type":"Feature"},{"geometry":{"coordinates":[5.3855769999999996,61.525779999999997],"type":"Point"},"id":"signpost-ut-146709975","properties":{"description":"Villebøen er eit knutepunkt\/stidele og ligg på 663 moh. Villlebøen er eit lokalt namn og du finn ikkje namnet på kartet. Her møtast stiane opp frå Øvre Standal, Store Høydal og Steindalen. Herifrå kan du gå opp på Håstein platået. På Håstei...","elevation":663,"name":"Villebøen","source":"UT.no\/DNT"},"type":"Feature"},{"geometry":{"coordinates":[14.704328,66.851042000000007],"type":"Point"},"id":"signpost-ut-146725618","properties":{"description":"Stidele hvor hovedveien går innover Tverrådalen, mens avstikkeren opp lia går til Reinhagen. En 'superbensinstopp' for unge bein.","elevation":275,"name":"Stikryss","source":"UT.no\/DNT"},"type":"Feature"},{"geometry":{"coordinates":[14.710233000000001,67.119874999999993],"type":"Point"},"id":"signpost-ut-146803988","properties":{"description":"Stikryss.","elevation":382,"name":"Sandvannet - stikryss","source":"UT.no\/DNT"},"type":"Feature"},{"geometry":{"coordinates":[5.3643720000000004,59.935138000000002],"type":"Point"},"id":"signpost-ut-146868639","properties":{"description":"Rett plassert LHF 27\/9-2025","elevation":284,"name":"SP 041 Kyrkjevatnet vest","source":"UT.no\/DNT"},"type":"Feature"},{"geometry":{"coordinates":[5.4024570000000001,59.866359000000003],"type":"Point"},"id":"signpost-ut-146869910","properties":{"description":"Flytta plassering 28\/3-25 (FB\/LHF)","elevation":220,"name":"SP 078 Nedanfor Ytste Sørlivatn","source":"UT.no\/DNT"},"type":"Feature"},{"geometry":{"coordinates":[5.4069229999999999,59.867615000000001],"type":"Point"},"id":"signpost-ut-146869911","properties":{"description":"Flytta plassering 28\/3-25 (FB\/LHF)","elevation":252,"name":"SP 079 Ytste Sørlivatn","source":"UT.no\/DNT"},"type":"Feature"},{"geometry":{"coordinates":[5.4181179999999998,59.891295999999997],"type":"Point"},"id":"signpost-ut-146869912","properties":{"description":"Plassering korrigert, LHF 28\/6-2025","elevation":490,"name":"SP 072 Klovskardet","source":"UT.no\/DNT"},"type":"Feature"},{"geometry":{"coordinates":[5.391375,59.881813000000001],"type":"Point"},"id":"signpost-ut-146869913","properties":{"description":"Plassering OK, LHF 18\/2-25","elevation":296,"name":"SP 077 Klovskardsvatnet vest","source":"UT.no\/DNT"},"type":"Feature"},{"geometry":{"coordinates":[5.3798510000000004,59.893075000000003],"type":"Point"},"id":"signpost-ut-146877485","properties":{"description":"Plassering bekrefta av Geir Tore. FB.","elevation":331,"name":"SP 005 Vest for Kidno","source":"UT.no\/DNT"},"type":"Feature"},{"geometry":{"coordinates":[5.3877959999999998,59.94115],"type":"Point"},"id":"signpost-ut-146877486","properties":{"description":"Skiltpunkt","elevation":334,"name":"SP 054 Langavatnet aust","source":"UT.no\/DNT"},"type":"Feature"},{"geometry":{"coordinates":[5.3884619999999996,59.891648000000004],"type":"Point"},"id":"signpost-ut-146877487","properties":{"description":"Plassering OK, LHF 19\/2-25","elevation":324,"name":"SP 008 Ved Botnavatnet","source":"UT.no\/DNT"},"type":"Feature"},{"geometry":{"coordinates":[5.3482250000000002,59.880583000000001],"type":"Point"},"id":"signpost-ut-146877489","properties":{"description":"Skiltpunkt","elevation":65,"name":"SP 074 Nært Dalshaugane","source":"UT.no\/DNT"},"type":"Feature"},{"geometry":{"coordinates":[5.425211,59.860495999999998],"type":"Point"},"id":"signpost-ut-146878755","properties":{"description":"Plassering OK, LHF 12\/2-25","elevation":380,"name":"SP 341 Hedledalen","source":"UT.no\/DNT"},"type":"Feature"},{"geometry":{"coordinates":[5.427689,59.859445999999998],"type":"Point"},"id":"signpost-ut-146878756","properties":{"description":"Plassering OK, LHF 12\/2-25","elevation":379,"name":"SP 340 Ved Aravatnet Topp 8","source":"UT.no\/DNT"},"type":"Feature"},{"geometry":{"coordinates":[5.4308480000000001,59.858638999999997],"type":"Point"},"id":"signpost-ut-146878757","properties":{"description":"SP 336 blir no nytt skiltpunkt sørom\/nedom demningen. Gamal plassering (oppå demningen) heiter no SP 342.","elevation":359,"name":"SP 336 Aravatnet sør nedanfor","source":"UT.no\/DNT"},"type":"Feature"},{"geometry":{"coordinates":[5.4315020000000001,59.858071000000002],"type":"Point"},"id":"signpost-ut-146878758","properties":{"description":"Plassering OK. Gamal 342 utgår (flytta inn i dette punktet).","elevation":352,"name":"SP 335 Tysebotn","source":"UT.no\/DNT"},"type":"Feature"},{"geometry":{"coordinates":[5.4430079999999998,59.856715000000001],"type":"Point"},"id":"signpost-ut-146878759","properties":{"description":"Plassering OK, LHF 9\/2-25","elevation":353,"name":"SP 321 Stidele NV for Storekleiv","source":"UT.no\/DNT"},"type":"Feature"},{"geometry":{"coordinates":[5.4713539999999998,59.844911000000003],"type":"Point"},"id":"signpost-ut-146878760","properties":{"description":"NB! Skal flyttast ned på parkeringsplassen. (Står p.t. ved stien opp mot Tyseskaret.)","elevation":210,"name":"SP 280 Lundseter kraftst. - P-plass","source":"UT.no\/DNT"},"type":"Feature"},{"geometry":{"coordinates":[5.4564909999999998,59.850059999999999],"type":"Point"},"id":"signpost-ut-146878761","properties":{"description":"Plassering OK, LHF 6\/2-25","elevation":407,"name":"SP 283 Steinasmog","source":"UT.no\/DNT"},"type":"Feature"},{"geometry":{"coordinates":[5.4286570000000003,59.877344999999998],"type":"Point"},"id":"signpost-ut-146887671","properties":{"description":"Skiltpunkt","elevation":309,"name":"SP 081 Kongsskogvatnet, sørende","source":"UT.no\/DNT"},"type":"Feature"},{"geometry":{"coordinates":[5.3956770000000001,59.911541],"type":"Point"},"id":"signpost-ut-146887736","properties":{"description":"Stien vert endra vist på bilete. Skiltpunkt vil då vera rett plassert. FB 25.02","elevation":392,"name":"SP 031 Svartavatnet sørvest","source":"UT.no\/DNT"},"type":"Feature"},{"geometry":{"coordinates":[5.3857419999999996,59.904310000000002],"type":"Point"},"id":"signpost-ut-146887748","properties":{"description":"Skiltpunkt","elevation":351,"name":"SP 001 Ved Kidno gapahuk","source":"UT.no\/DNT"},"type":"Feature"},{"geometry":{"coordinates":[5.4050130000000003,59.918985999999997],"type":"Point"},"id":"signpost-ut-146887749","properties":{"description":"NB! 2 skiltplasseringar pga sti mot Vistvik","elevation":399,"name":"SP 060 Kjerringo","source":"UT.no\/DNT"},"type":"Feature"},{"geometry":{"coordinates":[5.4081099999999998,59.91245],"type":"Point"},"id":"signpost-ut-146887750","properties":{"description":"Skiltpunkt","elevation":470,"name":"SP 011 Mosavatnet vest","source":"UT.no\/DNT"},"type":"Feature"},{"geometry":{"coordinates":[5.4177790000000003,59.896532000000001],"type":"Point"},"id":"signpost-ut-146887751","properties":{"description":"Plassering OK , LHF 28\/6-2025","elevation":359,"name":"SP 010 Botn","source":"UT.no\/DNT"},"type":"Feature"},{"geometry":{"coordinates":[5.4038240000000002,59.919128999999998],"type":"Point"},"id":"signpost-ut-146887752","properties":{"description":"Plassering justert LHF 28\/6-2025","elevation":401,"name":"SP 059 Kjerringo vest","source":"UT.no\/DNT"},"type":"Feature"},{"geometry":{"coordinates":[5.3894710000000003,59.897815000000001],"type":"Point"},"id":"signpost-ut-146887770","properties":{"description":"Plassering bekrefta av Geir Tore. FB","elevation":452,"name":"SP 014 Kidno vest","source":"UT.no\/DNT"},"type":"Feature"},{"geometry":{"coordinates":[5.3793899999999999,59.900252999999999],"type":"Point"},"id":"signpost-ut-146887771","properties":{"description":"Antatt plassering av. Må bekreftast. Plassering oppdatert, LHF 28\/6-2025","elevation":379,"name":"SP 004 Mølle 1","source":"UT.no\/DNT"},"type":"Feature"},{"geometry":{"coordinates":[5.3841570000000001,59.903098999999997],"type":"Point"},"id":"signpost-ut-146887772","properties":{"description":"Skiltpunkt","elevation":344,"name":"SP 064 Kidnavatnet vest","source":"UT.no\/DNT"},"type":"Feature"},{"geometry":{"coordinates":[5.4283710000000003,59.912177],"type":"Point"},"id":"signpost-ut-146887783","properties":{"description":"NB! 2 skiltplasseringar","elevation":525,"name":"SP 062 Mosavatnet aust","source":"UT.no\/DNT"},"type":"Feature"},{"geometry":{"coordinates":[5.3715419999999998,59.908273000000001],"type":"Point"},"id":"signpost-ut-146887784","properties":{"description":"Plassering korrigert ok, LHF 28\/6-2025","elevation":278,"name":"SP 017 Olstjødno","source":"UT.no\/DNT"},"type":"Feature"},{"geometry":{"coordinates":[5.3705559999999997,59.917727999999997],"type":"Point"},"id":"signpost-ut-146887785","properties":{"description":"Plassering ok, LHF 28\/6-2025","elevation":367,"name":"SP 018 Nord for Olstjødno, på veg.","source":"UT.no\/DNT"},"type":"Feature"},{"geometry":{"coordinates":[5.3800350000000003,59.920197000000002],"type":"Point"},"id":"signpost-ut-146887786","properties":{"description":"LHF 28\/6-2025 (ref. 2 skilt v\/SP 021)","elevation":440,"name":"SP 022 Mølleplass 14, NØ hjørne","source":"UT.no\/DNT"},"type":"Feature"},{"geometry":{"coordinates":[5.3857439999999999,59.920045999999999],"type":"Point"},"id":"signpost-ut-146887787","properties":{"description":"Plassering justert LHF 28\/6-2025","elevation":499,"name":"SP 024 Beinatjødnsvarden","source":"UT.no\/DNT"},"type":"Feature"},{"geometry":{"coordinates":[5.3862319999999997,59.920087000000002],"type":"Point"},"id":"signpost-ut-146887788","properties":{"description":"Plassering OK, LHF 28\/6-2025","elevation":494,"name":"SP 025 Beinatjødnsvarden aust stidele","source":"UT.no\/DNT"},"type":"Feature"},{"geometry":{"coordinates":[5.3884679999999996,59.920513999999997],"type":"Point"},"id":"signpost-ut-146887789","properties":{"description":"LHF 28\/6-2025","elevation":485,"name":"SP 026 Mølle 15 (sør for)","source":"UT.no\/DNT"},"type":"Feature"},{"geometry":{"coordinates":[5.3909140000000004,59.917825000000001],"type":"Point"},"id":"signpost-ut-146887790","properties":{"description":"NB! Ref. også pilskilt (SP 028) på andre sida av vegen. LHF 28\/6-2025","elevation":469,"name":"SP 027 Sti møter veg aust for Beinatjørna","source":"UT.no\/DNT"},"type":"Feature"},{"geometry":{"coordinates":[5.3899530000000002,59.915970999999999],"type":"Point"},"id":"signpost-ut-146887791","properties":{"description":"LHF 28\/6-2025","elevation":475,"name":"SP 030 Sti møter veg søraust for Beinatjørna","source":"UT.no\/DNT"},"type":"Feature"},{"geometry":{"coordinates":[6.0882399999999999,61.503832000000003],"type":"Point"},"id":"signpost-ut-146887990","properties":{"description":"Skaret er eit skiltpunkt der fleire av stiane til Tindefjellet møtast. Alle stiane til Tindefjellet er svært godt merka og skilta. Tindefjellet er ein markert fjelltopp på Vassenden. Toppen kan nåast med startpunkt både på Storetræet, Svida...","elevation":780,"name":"Skaret (skiltpunkt)","source":"UT.no\/DNT"},"type":"Feature"},{"geometry":{"coordinates":[5.4580599999999997,59.877741],"type":"Point"},"id":"signpost-ut-146888339","properties":{"description":"Trur denne står nord for dammen ved krysset og at den bør stå sør for dammen, men NV for krysset.","elevation":525,"name":"SP 315 Store Tjødnadalen Sør","source":"UT.no\/DNT"},"type":"Feature"},{"geometry":{"coordinates":[5.4589740000000004,59.878960999999997],"type":"Point"},"id":"signpost-ut-146888340","properties":{"description":"Plassering OK. FB","elevation":520,"name":"SP 314 Store Tjødnadalen Nord","source":"UT.no\/DNT"},"type":"Feature"},{"geometry":{"coordinates":[5.9020029999999997,59.600898999999998],"type":"Point"},"id":"signpost-ut-146888362","properties":{"description":"Turbotur-skiltet henger ved trafoen.","elevation":388,"name":"Krysset Fjellstøl\/Oppheim\/Olalia","source":"UT.no\/DNT"},"type":"Feature"},{"geometry":{"coordinates":[5.4610120000000002,59.847048999999998],"type":"Point"},"id":"signpost-ut-146888403","properties":{"description":"Plassering OK, LHF 6\/2-25","elevation":339,"name":"SP 281 Tyseskaret (midtre del)","source":"UT.no\/DNT"},"type":"Feature"},{"geometry":{"coordinates":[5.4590579999999997,59.847555],"type":"Point"},"id":"signpost-ut-146888404","properties":{"description":"Plassering OK, LHF 6\/2-25","elevation":380,"name":"SP 282 Tyseskaret (stidele til Vaulane)","source":"UT.no\/DNT"},"type":"Feature"},{"geometry":{"coordinates":[5.4560269999999997,59.851241000000002],"type":"Point"},"id":"signpost-ut-146888405","properties":{"description":"Plassering OK, LHF 6\/2-25","elevation":433,"name":"SP 284 Sti vender bratt opp mot aust mot Stovegolvet","source":"UT.no\/DNT"},"type":"Feature"},{"geometry":{"coordinates":[5.4603999999999999,59.851318999999997],"type":"Point"},"id":"signpost-ut-146888406","properties":{"description":"Plassering OK, LHF 6\/2-25","elevation":578,"name":"SP 285 Mot Stovegolvet, lita hylle mot Tyseskaret før stien snur","source":"UT.no\/DNT"},"type":"Feature"},{"geometry":{"coordinates":[5.4661999999999997,59.851894000000001],"type":"Point"},"id":"signpost-ut-146888407","properties":{"description":"Plassering OK, LHF 6\/2-25","elevation":647,"name":"SP 286 Siste sadel før Stovegolvsvarden 200m vest for varden","source":"UT.no\/DNT"},"type":"Feature"},{"geometry":{"coordinates":[5.4689230000000002,59.852642000000003],"type":"Point"},"id":"signpost-ut-146888408","properties":{"description":"Plassering OK, LHF 6\/2-25","elevation":701,"name":"SP 287 Stovegolvet - varden","source":"UT.no\/DNT"},"type":"Feature"},{"geometry":{"coordinates":[5.47417,59.855550999999998],"type":"Point"},"id":"signpost-ut-146888409","properties":{"description":"Plassering OK, LHF 6\/2-25","elevation":672,"name":"SP 289 Etter skråliavstikkaren frå Stovegolvet","source":"UT.no\/DNT"},"type":"Feature"},{"geometry":{"coordinates":[5.4804510000000004,59.865487000000002],"type":"Point"},"id":"signpost-ut-146888410","properties":{"description":"Plassering OK, LHF 6\/2-2025","elevation":600,"name":"SP 290 Kvelve","source":"UT.no\/DNT"},"type":"Feature"},{"geometry":{"coordinates":[5.4752080000000003,59.867738000000003],"type":"Point"},"id":"signpost-ut-146888411","properties":{"description":"Plassering OK, LHF 6\/2-25","elevation":670,"name":"SP 319 Nord for (ovom) Kvelve","source":"UT.no\/DNT"},"type":"Feature"},{"geometry":{"coordinates":[5.471139,59.870876000000003],"type":"Point"},"id":"signpost-ut-146888412","properties":{"description":"Plassering OK, LHF 6\/2-25","elevation":660,"name":"SP 318 Martebråtet","source":"UT.no\/DNT"},"type":"Feature"},{"geometry":{"coordinates":[5.4595880000000001,59.870266000000001],"type":"Point"},"id":"signpost-ut-146888415","properties":{"description":"Plassering OK, LHF 6\/2-25","elevation":612,"name":"SP 316 Etter oppstiging frå Store Tjødnadalen mot Martebråtet","source":"UT.no\/DNT"},"type":"Feature"},{"geometry":{"coordinates":[5.4811839999999998,59.865527999999998],"type":"Point"},"id":"signpost-ut-146888416","properties":{"description":"Plassering OK, LHF 6\/2-25","elevation":593,"name":"SP 291 Øvst i Fossabrekko","source":"UT.no\/DNT"},"type":"Feature"},{"geometry":{"coordinates":[5.4843840000000004,59.863638000000002],"type":"Point"},"id":"signpost-ut-146888417","properties":{"description":"Plassering OK, LHF 6\/2-25","elevation":508,"name":"SP 292 Ovanfor brua i Sherpatrappene","source":"UT.no\/DNT"},"type":"Feature"},{"geometry":{"coordinates":[5.4853610000000002,59.863318],"type":"Point"},"id":"signpost-ut-146888418","properties":{"description":"Plassering OK, LHF 6\/2-25","elevation":480,"name":"SP 293 Fossabrekko - på brua","source":"UT.no\/DNT"},"type":"Feature"},{"geometry":{"coordinates":[5.4822090000000001,59.850814999999997],"type":"Point"},"id":"signpost-ut-146888419","properties":{"description":"Plassering OK, LHF 6\/2-25","elevation":273,"name":"SP 295 Startpunkt for stien mot Kvelve vest for Heiovegen","source":"UT.no\/DNT"},"type":"Feature"},{"geometry":{"coordinates":[5.4716389999999997,59.845024000000002],"type":"Point"},"id":"signpost-ut-146888422","properties":{"description":"Skal utgå og bli ein del av SP 280.","elevation":209,"name":"SP 296 Lundseter kraftst. - sti mot Kvelve","source":"UT.no\/DNT"},"type":"Feature"},{"geometry":{"coordinates":[5.4883649999999999,59.862160000000003],"type":"Point"},"id":"signpost-ut-146888424","properties":{"description":"Overtar plassen der SP 308 stod.","elevation":399,"name":"SP 300 Heio P-plass","source":"UT.no\/DNT"},"type":"Feature"},{"geometry":{"coordinates":[5.4899190000000004,59.864035000000001],"type":"Point"},"id":"signpost-ut-146888425","properties":{"description":"Blir no nytt skiltpunkt. (Gamal plassering overtatt av SP 300.)","elevation":427,"name":"SP 308 Sherpastien forlet Kattnakkevegen","source":"UT.no\/DNT"},"type":"Feature"},{"geometry":{"coordinates":[6.0861689999999999,61.508451000000001],"type":"Point"},"id":"signpost-ut-146888432","properties":{"description":"Kvannebotsegga er stikryss på veg til Tindefjellet mellom stiane som går opp frå både Storetræet, Vassenden og Svidalen. Flott utsiktspunkt!","elevation":881,"name":"Kvannebotsegga","source":"UT.no\/DNT"},"type":"Feature"},{"geometry":{"coordinates":[5.4999849999999997,59.867584999999998],"type":"Point"},"id":"signpost-ut-146888490","properties":{"description":"Plassering OK, LHF 9\/2-25","elevation":434,"name":"SP 301 Heio (øvre) - stidele mot Agdesteinsfjellet","source":"UT.no\/DNT"},"type":"Feature"},{"geometry":{"coordinates":[5.5076609999999997,59.868963999999998],"type":"Point"},"id":"signpost-ut-146888491","properties":{"description":"Plassering OK, LHF 10\/2-25","elevation":464,"name":"SP 304 Stidele ved kraftline like nord for Agdesteinsfjedlet","source":"UT.no\/DNT"},"type":"Feature"},{"geometry":{"coordinates":[5.5087910000000004,59.867795000000001],"type":"Point"},"id":"signpost-ut-146888492","properties":{"description":"Plassering OK, LHF 10\/2-25","elevation":467,"name":"SP 302 Agdesteinsfjedlet","source":"UT.no\/DNT"},"type":"Feature"},{"geometry":{"coordinates":[5.510529,59.874077],"type":"Point"},"id":"signpost-ut-146888493","properties":{"description":"Plassering OK, LHF 10\/2-25","elevation":357,"name":"SP 305 Agdesteinsfjedlet - nordaustleg stisving gamal runde","source":"UT.no\/DNT"},"type":"Feature"},{"geometry":{"coordinates":[5.5002170000000001,59.868675000000003],"type":"Point"},"id":"signpost-ut-146888494","properties":{"description":"Plassering OK, LHF 9\/2-25","elevation":442,"name":"SP 307 Steinen 475moh","source":"UT.no\/DNT"},"type":"Feature"},{"geometry":{"coordinates":[5.4696090000000002,59.853594000000001],"type":"Point"},"id":"signpost-ut-146888539","properties":{"description":"Plassering OK, LHF 13\/2-25","elevation":696,"name":"SP 288 Stovegolvshytta","source":"UT.no\/DNT"},"type":"Feature"},{"geometry":{"coordinates":[5.4756429999999998,59.838538999999997],"type":"Point"},"id":"signpost-ut-146888540","properties":{"description":"Plassering OK, LHF 20250213. (NB! Sti\/kloppar startar no heilt sør ved P-plass. Stien på kartet er difor misvisande.)","elevation":207,"name":"SP 240 Fjellstova, P-plass, sørleg hjørne","source":"UT.no\/DNT"},"type":"Feature"},{"geometry":{"coordinates":[5.4567220000000001,59.849117],"type":"Point"},"id":"signpost-ut-146888545","properties":{"description":"Plassering OK, LHF 12\/2-25","elevation":431,"name":"SP 326 Eldhusheddo 439 moh","source":"UT.no\/DNT"},"type":"Feature"},{"geometry":{"coordinates":[5.4514459999999998,59.848139000000003],"type":"Point"},"id":"signpost-ut-146888546","properties":{"description":"Plassering OK, LHF 12\/2-25","elevation":346,"name":"SP 330 SØ for Tysevatnet","source":"UT.no\/DNT"},"type":"Feature"},{"geometry":{"coordinates":[5.4451879999999999,59.844264000000003],"type":"Point"},"id":"signpost-ut-146888547","properties":{"description":"Plassering OK, LHF 12\/2-25","elevation":396,"name":"SP 332 Stidele vest for Ramnaskolten","source":"UT.no\/DNT"},"type":"Feature"},{"geometry":{"coordinates":[5.4325159999999997,59.840552000000002],"type":"Point"},"id":"signpost-ut-146888548","properties":{"description":"Plassering OK, LHF 12\/2-25","elevation":364,"name":"SP 333 Stidele 200m nordom Hovtrongsvatnet","source":"UT.no\/DNT"},"type":"Feature"},{"geometry":{"coordinates":[5.5013370000000004,59.869467],"type":"Point"},"id":"signpost-ut-146888556","properties":{"description":"Plassering OK, LHF 9\/2-25","elevation":439,"name":"SP 306 Stidele NØ for Steinen","source":"UT.no\/DNT"},"type":"Feature"},{"geometry":{"coordinates":[5.4911199999999996,59.884399999999999],"type":"Point"},"id":"signpost-ut-146888557","properties":{"description":"Plassering OK, LHF 9\/2-25","elevation":363,"name":"SP 310 Vegdele N for Svartavatnet","source":"UT.no\/DNT"},"type":"Feature"},{"geometry":{"coordinates":[5.4782289999999998,59.887326000000002],"type":"Point"},"id":"signpost-ut-146888560","properties":{"description":"Plassering OK, LHF 9\/2-25","elevation":370,"name":"SP 312 Steinmassedeponi ved sti N for Midtfjellet","source":"UT.no\/DNT"},"type":"Feature"},{"geometry":{"coordinates":[5.4792500000000004,59.816256000000003],"type":"Point"},"id":"signpost-ut-146888561","properties":{"description":"Plassering OK, LHF 15\/2-25","elevation":58,"name":"SP 235 Vad ved gjerde før garasje","source":"UT.no\/DNT"},"type":"Feature"},{"geometry":{"coordinates":[5.4748650000000003,59.823585000000001],"type":"Point"},"id":"signpost-ut-146888562","properties":{"description":"Ny plassering OK, LHF 17\/4-26, Gamal plassering: Etter siste grind frå Vad (mot Vatnadalen)","elevation":80,"name":"SP 236 Bru 200m sør for Hauglandskvedno","source":"UT.no\/DNT"},"type":"Feature"},{"geometry":{"coordinates":[5.472156,59.835763],"type":"Point"},"id":"signpost-ut-146888563","properties":{"description":"Plassering OK, LHF 15\/2-25","elevation":232,"name":"SP 239 Stidele Hauglandskvedno-Vatnadalen-Fjellstova","source":"UT.no\/DNT"},"type":"Feature"},{"geometry":{"coordinates":[5.4718179999999998,59.827635000000001],"type":"Point"},"id":"signpost-ut-146888564","properties":{"description":"Plassering OK, LHF 15\/2-25","elevation":112,"name":"SP 241 400m N for Hauglandskvedno (vest for elva)","source":"UT.no\/DNT"},"type":"Feature"},{"geometry":{"coordinates":[5.4744719999999996,59.824776],"type":"Point"},"id":"signpost-ut-146888565","properties":{"description":"Plassering OK, LHF 15\/2-25","elevation":80,"name":"SP 242 Ved brua like ved Hauglandskvedno","source":"UT.no\/DNT"},"type":"Feature"},{"geometry":{"coordinates":[5.4660919999999997,59.882159999999999],"type":"Point"},"id":"signpost-ut-146888566","properties":{"description":"Plassering OK, LHF 9\/2-25","elevation":482,"name":"SP 313 Stemmetjørn","source":"UT.no\/DNT"},"type":"Feature"},{"geometry":{"coordinates":[5.3777400000000002,59.860281999999998],"type":"Point"},"id":"signpost-ut-146888567","properties":{"description":"Plassering justert av LHF 28\/3-25.","elevation":201,"name":"SP 085 Nært Sæterbø","source":"UT.no\/DNT"},"type":"Feature"},{"geometry":{"coordinates":[5.3948419999999997,59.863281999999998],"type":"Point"},"id":"signpost-ut-146888568","properties":{"description":"Nytt skiltpunkt. Plassering foreslått av FB","elevation":216,"name":"SP 086 Jørundskogen","source":"UT.no\/DNT"},"type":"Feature"},{"geometry":{"coordinates":[5.3916399999999998,59.853656000000001],"type":"Point"},"id":"signpost-ut-146888569","properties":{"description":"Nytt skiltpunkt. Plassering foreslått av FB","elevation":255,"name":"SP 087 Nye Prestastien Sæterbøfjellet","source":"UT.no\/DNT"},"type":"Feature"},{"geometry":{"coordinates":[5.3932180000000001,59.852775000000001],"type":"Point"},"id":"signpost-ut-146888570","properties":{"description":"Plassering er bekrefta. FB.","elevation":257,"name":"SP 350 Sørvest for Sæterbøfjellet","source":"UT.no\/DNT"},"type":"Feature"},{"geometry":{"coordinates":[5.4319660000000001,59.847461000000003],"type":"Point"},"id":"signpost-ut-146888575","properties":{"description":"Plassering OK, LHF 12\/2-25","elevation":452,"name":"SP 334 Stikryss øvst i Breidalen","source":"UT.no\/DNT"},"type":"Feature"},{"geometry":{"coordinates":[5.4308630000000004,59.859034999999999],"type":"Point"},"id":"signpost-ut-146888576","properties":{"description":"Denne blir flytta opp på demningen av Aravatnet ( der 336 har stått).","elevation":362,"name":"SP 342 Aravatnet demning","source":"UT.no\/DNT"},"type":"Feature"},{"geometry":{"coordinates":[5.4451229999999997,59.855896999999999],"type":"Point"},"id":"signpost-ut-146888577","properties":{"description":"Plassering OK, LHF 9\/2-25","elevation":365,"name":"SP 320 Storekleiv ved Tysevatnet","source":"UT.no\/DNT"},"type":"Feature"},{"geometry":{"coordinates":[5.4405729999999997,59.863469000000002],"type":"Point"},"id":"signpost-ut-146888578","properties":{"description":"Plassering OK, LHF 9\/2-25","elevation":455,"name":"SP 322 Sørlileitet 452 moh m.m.","source":"UT.no\/DNT"},"type":"Feature"},{"geometry":{"coordinates":[5.4483290000000002,59.871980999999998],"type":"Point"},"id":"signpost-ut-146888579","properties":{"description":"Plassering OK, LHF 9\/2-25","elevation":496,"name":"SP 324 SV utløp i Store Tjødnadalen","source":"UT.no\/DNT"},"type":"Feature"},{"geometry":{"coordinates":[5.4417419999999996,59.867832999999997],"type":"Point"},"id":"signpost-ut-146888580","properties":{"description":"Plassering OK, LHF 9\/2-25","elevation":418,"name":"SP 323 Stidele midt mellom Sørlileitet og Store Tjødnadalen","source":"UT.no\/DNT"},"type":"Feature"},{"geometry":{"coordinates":[5.4511229999999999,59.850906999999999],"type":"Point"},"id":"signpost-ut-146888581","properties":{"description":"Plassering OK, LHF 12\/2-25","elevation":343,"name":"SP 325 Tysevatnet 339 moh","source":"UT.no\/DNT"},"type":"Feature"},{"geometry":{"coordinates":[5.4317570000000002,59.861691999999998],"type":"Point"},"id":"signpost-ut-146888582","properties":{"description":"Plassering OK, LHF 12\/2-25","elevation":370,"name":"SP 337 Stidele ved austre side av Aravatnet","source":"UT.no\/DNT"},"type":"Feature"},{"geometry":{"coordinates":[5.436318,59.868670999999999],"type":"Point"},"id":"signpost-ut-146888583","properties":{"description":"Plassering OK, LHF 12\/2-25","elevation":319,"name":"SP 338 Stidele SØ for (ovom) Insta Sørlivatn","source":"UT.no\/DNT"},"type":"Feature"},{"geometry":{"coordinates":[5.436083,59.874609999999997],"type":"Point"},"id":"signpost-ut-146888584","properties":{"description":"Plassering OK, LHF 12\/2-25","elevation":262,"name":"SP 339 Insta Sørlivatnet 263 moh","source":"UT.no\/DNT"},"type":"Feature"},{"geometry":{"coordinates":[5.434615,59.839306999999998],"type":"Point"},"id":"signpost-ut-146888585","properties":{"description":"Plassering OK, LHF 12\/2-25","elevation":336,"name":"SP 248 Hovtrongsvatnet stidele nordside","source":"UT.no\/DNT"},"type":"Feature"},{"geometry":{"coordinates":[5.4372550000000004,59.839036999999998],"type":"Point"},"id":"signpost-ut-146888586","properties":{"description":"Plassering OK, LHF 12\/2-25","elevation":331,"name":"SP 249 Hovtrongsvatnet 333 moh","source":"UT.no\/DNT"},"type":"Feature"},{"geometry":{"coordinates":[5.4413340000000003,59.839041000000002],"type":"Point"},"id":"signpost-ut-146888587","properties":{"description":"Plassering OK, LHF 12\/2-25","elevation":359,"name":"SP 250 Ravatnet stidele vestside","source":"UT.no\/DNT"},"type":"Feature"},{"geometry":{"coordinates":[6.0988189999999998,61.499282999999998],"type":"Point"},"id":"signpost-ut-146888653","properties":{"description":"Rognefloten er eit skiltapunt rett etter kryssinga av elva dersom du vel å gå den alternative stien på vestsida av elva opp til Gravsfjellet og Årsetstøylen og Tindefjellet frå Vassenden. På punktet er det ein badekulp i elva.","elevation":524,"name":"Klaua (stikryss)","source":"UT.no\/DNT"},"type":"Feature"},{"geometry":{"coordinates":[6.2428590000000002,61.491987999999999],"type":"Point"},"id":"signpost-ut-146888717","properties":{"description":"Stikrysset der stiane til Nonsnipa (Middagsfjellet) og KLauva møtast. Stikrysset er ved Nonsnipestøylen og har flott utsikt austover Jølstravatnet.","elevation":709,"name":"Stikryss Nonsnipa","source":"UT.no\/DNT"},"type":"Feature"},{"geometry":{"coordinates":[5.4478559999999998,59.828426999999998],"type":"Point"},"id":"signpost-ut-146888732","properties":{"description":"Plassering OK, LHF 9\/3-25","elevation":244,"name":"SP 243 Prestastegen start Vatnadalen","source":"UT.no\/DNT"},"type":"Feature"},{"geometry":{"coordinates":[5.4392899999999997,59.827554999999997],"type":"Point"},"id":"signpost-ut-146888733","properties":{"description":"Plassering OK, LHF 9\/3-25","elevation":454,"name":"SP 244 Ovanfor Prestastegen i Vatnadalen","source":"UT.no\/DNT"},"type":"Feature"},{"geometry":{"coordinates":[5.424614,59.835433999999999],"type":"Point"},"id":"signpost-ut-146888734","properties":{"description":"Plassering OK, LHF 9\/3-25","elevation":398,"name":"SP 245 Stidele 500m SV for Hovtrongsvatnet","source":"UT.no\/DNT"},"type":"Feature"},{"geometry":{"coordinates":[5.4152240000000003,59.835444000000003],"type":"Point"},"id":"signpost-ut-146888735","properties":{"description":"Plassering OK, LHF 9\/3-25","elevation":411,"name":"SP 355 Stidele 250m SØ for Prestavarden","source":"UT.no\/DNT"},"type":"Feature"},{"geometry":{"coordinates":[5.412731,59.836455999999998],"type":"Point"},"id":"signpost-ut-146888736","properties":{"description":"Plassering OK, LHF 9\/3-25,","elevation":415,"name":"SP 246 Prestavarden","source":"UT.no\/DNT"},"type":"Feature"},{"geometry":{"coordinates":[5.4307740000000004,59.839092999999998],"type":"Point"},"id":"signpost-ut-146888737","properties":{"description":"Plassering OK, LHF 9\/3-25","elevation":333,"name":"SP 247 NV ende av Hovtrongsvatnet","source":"UT.no\/DNT"},"type":"Feature"},{"geometry":{"coordinates":[5.4450339999999997,59.834226999999998],"type":"Point"},"id":"signpost-ut-146888738","properties":{"description":"Plassering OK, LHF 9\/3-25","elevation":347,"name":"SP 251 Ravatnet 344 moh","source":"UT.no\/DNT"},"type":"Feature"},{"geometry":{"coordinates":[5.4639740000000003,59.897374999999997],"type":"Point"},"id":"signpost-ut-146888831","properties":{"description":"Skiltpunkt","elevation":744,"name":"SP 317","source":"UT.no\/DNT"},"type":"Feature"},{"geometry":{"coordinates":[6.6361470000000002,61.635835999999998],"type":"Point"},"id":"signpost-ut-146888851","properties":{"description":"Kabusesteinen & Grytesteinen ligg i enden på skogsvegen opp frå Veiteberg. Flott utsikt til fjella i dalføret. I enden av skogsvegen delar stien seg, og du kan velje å gå vidare til Sollibotnen eller til Bakkestøylen og Myklebustdalen.","elevation":521,"name":"Kabusesteinen & Grytesteinen","source":"UT.no\/DNT"},"type":"Feature"},{"geometry":{"coordinates":[11.461798999999999,60.776412000000001],"type":"Point"},"id":"signpost-ut-146888853","properties":{"description":"Vippeskilt Historisk vandrerute. Turforslaget finner du her.","elevation":291,"name":"Runde om Rokoberget","source":"UT.no\/DNT"},"type":"Feature"},{"geometry":{"coordinates":[14.770526,67.292598999999996],"type":"Point"},"id":"signpost-ut-146888969","properties":{"description":"Her deler stien seg - følg med på kartet... :)","elevation":85,"name":"Tuva","source":"UT.no\/DNT"},"type":"Feature"},{"geometry":{"coordinates":[11.200495,60.124158000000001],"type":"Point"},"id":"signpost-ut-146889014","properties":{"description":"Stikrysset Åfallet viser vei i Rambymarka. Sentralt stikryss som viser vei til Rambydalen, til parkeringsplassen ved Rambydalsvegen, til stikrysset Jernbanemarka og til Skogmo skole.","elevation":226,"name":"Stikryss Åfallet","source":"UT.no\/DNT"},"type":"Feature"},{"geometry":{"coordinates":[11.177006,60.128878999999998],"type":"Point"},"id":"signpost-ut-146889057","properties":{"description":"Stikrysset viser vei til Høyfjellet nord (via Lysløypa) og Teigen bru (rett oppe i bakken). Lett adkomst og parkering rett i nærheten.","elevation":200,"name":"Stikryss Teigen","source":"UT.no\/DNT"},"type":"Feature"},{"geometry":{"coordinates":[11.182032,60.129747000000002],"type":"Point"},"id":"signpost-ut-146889058","properties":{"description":"Stikrysset viser 2 ulike veier til Rambymarka. Skiltet viser veier til Allergot skole, Høyfjellet nord via Lysløypa og Høyfjellet nord via Rogstadmyra.","elevation":217,"name":"Stikryss Teigen bru","source":"UT.no\/DNT"},"type":"Feature"},{"geometry":{"coordinates":[14.672002000000001,67.379740999999996],"type":"Point"},"id":"signpost-ut-146889086","properties":{"description":"Skiltpunkt like innenfor nasjonalparkgrensa. Viser vei til hhv Skautuva og Steigtinden","elevation":379,"name":"Skauskaret","source":"UT.no\/DNT"},"type":"Feature"},{"geometry":{"coordinates":[12.387956000000001,65.883454],"type":"Point"},"id":"signpost-ut-146889158","properties":{"description":"Stor gravrøys fra bronsealderen. Skilt med nærmere informasjon finnes på stedet. Noen mener Alstahaug kommune har fått navnet sitt fra kulturminnene i området.","elevation":12,"name":"Kongshaugen","source":"UT.no\/DNT"},"type":"Feature"},{"geometry":{"coordinates":[11.187182,60.127611000000002],"type":"Point"},"id":"signpost-ut-146889194","properties":{"description":"Sentralt stikryss i Rambymarka.","elevation":220,"name":"Stikryss Rogstadmyra","source":"UT.no\/DNT"},"type":"Feature"},{"geometry":{"coordinates":[11.201995,60.134425],"type":"Point"},"id":"signpost-ut-146889195","properties":{"description":"Stikrysset nær Skogmo Skole er et fint utgangspunkt for turer i Rambymarka og viser i hovedsak 2 alternativ veier igjennom Rambymarka. Det er fint å ta en rundtur via Åfallet.","elevation":205,"name":"Stikryss Skogmo","source":"UT.no\/DNT"},"type":"Feature"},{"geometry":{"coordinates":[11.205845999999999,60.125025999999998],"type":"Point"},"id":"signpost-ut-146889202","properties":{"description":"Stikrysset ligger i søndre del av parkeringsplassen på stien som fører til Åfallet. Stikrysset viser vei til Åfallet og Borgen skole (via Åsmarka). Stien til Borgen skole (Åsmarka) starter på østsiden av Rambydalsvegen.","elevation":208,"name":"Stikryss Rambydalsvegen","source":"UT.no\/DNT"},"type":"Feature"},{"geometry":{"coordinates":[11.196626999999999,60.128579999999999],"type":"Point"},"id":"signpost-ut-146889203","properties":{"description":"Stikrysset i Jernbanemarka viser vei mellom Rambymarka og Langelandsfjellet.","elevation":224,"name":"Stikryss Jernbanemarka","source":"UT.no\/DNT"},"type":"Feature"},{"geometry":{"coordinates":[11.186458999999999,60.114747999999999],"type":"Point"},"id":"signpost-ut-146889210","properties":{"description":"Stikrysset viser alternative ruter fra Rambydalen til Rambymarka. Man kan enteen følge skogsløype til Rogstadmyra eller skogjløype\/lysløype til Teigen.","elevation":198,"name":"Stikryss Høgfjellet nord","source":"UT.no\/DNT"},"type":"Feature"},{"geometry":{"coordinates":[11.192391000000001,60.115310000000001],"type":"Point"},"id":"signpost-ut-146889211","properties":{"description":"Stikrysset ligger i bunnen av Rambydalen og peker til blant annet Åfallet og Sydseter. I fra dette punktet er det også fint å krysse over til Åsmarka for en lenger tur.","elevation":185,"name":"Stikryss Sydseter","source":"UT.no\/DNT"},"type":"Feature"},{"geometry":{"coordinates":[9.4081980000000005,62.711132999999997],"type":"Point"},"id":"signpost-ut-146889534","properties":{"description":"Dette stidele er første punkt i mini trekanten i Trollheimen, her møtes stien fra parkeringen for de som skal gå trekanten med stien som går fra Gjevilvasshytta.","elevation":770,"name":"Krysset ned mot parkeringen på stien til Jøldalshytta","source":"UT.no\/DNT"},"type":"Feature"},{"geometry":{"coordinates":[9.4420900000000003,59.129612000000002],"type":"Point"},"id":"signpost-ut-146889555","properties":{"description":"Dette turmålet ligger langs turforslaget Åletjennkollen rundt. Følg fylkesveien mot Drangedal fra Voldkrysset ca 3,5 km. Det er parkering på venstre side og godt skiltet. Les om turen i vedlagte link.","elevation":150,"name":"Sauholsheia","source":"UT.no\/DNT"},"type":"Feature"},{"geometry":{"coordinates":[5.3749659999999997,59.919403000000003],"type":"Point"},"id":"signpost-ut-146889619","properties":{"description":"LHF 28\/6-2025","elevation":425,"name":"SP 019 Mølleplass 51, SV hjørne","source":"UT.no\/DNT"},"type":"Feature"},{"geometry":{"coordinates":[5.3758689999999998,59.919569000000003],"type":"Point"},"id":"signpost-ut-146889620","properties":{"description":"LHF 28\/6-2025","elevation":425,"name":"SP 020 Mølleplass 51, NØ hjørne","source":"UT.no\/DNT"},"type":"Feature"},{"geometry":{"coordinates":[5.3782750000000004,59.920361999999997],"type":"Point"},"id":"signpost-ut-146889621","properties":{"description":"Plassert ok LHF 27\/9-2025","elevation":437,"name":"SP 021 Vegdele til mølle 14","source":"UT.no\/DNT"},"type":"Feature"},{"geometry":{"coordinates":[5.3909190000000002,59.917628999999998],"type":"Point"},"id":"signpost-ut-146889622","properties":{"description":"NB! Like ved SP 027! LHF 28\/6-2025","elevation":472,"name":"SP 028 Sti møter veg aust for Beinatjørna","source":"UT.no\/DNT"},"type":"Feature"},{"geometry":{"coordinates":[5.3897469999999998,59.916048000000004],"type":"Point"},"id":"signpost-ut-146889623","properties":{"description":"Pilskilt (like ved SP 030). LHF 28\/6-2025","elevation":475,"name":"SP 029 Sti møter veg søraust for Beinatjørna","source":"UT.no\/DNT"},"type":"Feature"},{"geometry":{"coordinates":[5.3952080000000002,59.910670000000003],"type":"Point"},"id":"signpost-ut-146889624","properties":{"description":"Sti tar av frå vegen vest for bekken. LHF 28\/6-2025","elevation":380,"name":"SP 032 Sørvest nedom Svartavatnet","source":"UT.no\/DNT"},"type":"Feature"},{"geometry":{"coordinates":[5.3898609999999998,59.908223999999997],"type":"Point"},"id":"signpost-ut-146889625","properties":{"description":"NB! Skilt på begge sider av vegen. LHF 28\/6-2025","elevation":370,"name":"SP 033 Vegdele vestsida av Midtvatnet","source":"UT.no\/DNT"},"type":"Feature"},{"geometry":{"coordinates":[5.3972049999999996,59.910685999999998],"type":"Point"},"id":"signpost-ut-146889626","properties":{"description":"Skilt i sørenden av svartavatnet (der vegen kjem opp). LHF 28\/6-2025","elevation":394,"name":"SP 065 Svartavatnet sør","source":"UT.no\/DNT"},"type":"Feature"},{"geometry":{"coordinates":[5.3760830000000004,59.923287000000002],"type":"Point"},"id":"signpost-ut-146889643","properties":{"description":"Skiltpunkt","elevation":422,"name":"SP 039 Vegkryss nord for SP 021","source":"UT.no\/DNT"},"type":"Feature"},{"geometry":{"coordinates":[6.0592329999999999,61.449344000000004],"type":"Point"},"id":"signpost-ut-146889804","properties":{"description":"Stikryss ved Halvgjerda. Her møter stiane frå Holsa-sida og Jølster-sida. Frå mstikrysset følgjer stien same veg vidare opp til toppen.","elevation":659,"name":"Skjørdiket","source":"UT.no\/DNT"},"type":"Feature"},{"geometry":{"coordinates":[5.4091870000000002,59.937632000000001],"type":"Point"},"id":"signpost-ut-146889832","properties":{"description":"Sti tar av mot aust frå traktorvegen.","elevation":196,"name":"SP 063 Tindane-sti ovanfor Vistvik","source":"UT.no\/DNT"},"type":"Feature"},{"geometry":{"coordinates":[11.149602,60.465558999999999],"type":"Point"},"id":"signpost-ut-146889882","properties":{"description":"Gammel stikryss. Flott utsikt i nærheten etter tømmerhogst.","elevation":480,"name":"Sladrehella","source":"UT.no\/DNT"},"type":"Feature"},{"geometry":{"coordinates":[5.4422170000000003,59.924734000000001],"type":"Point"},"id":"signpost-ut-146889899","properties":{"description":"Stivende sørTindaslottet","elevation":572,"name":"SP 061 Tindaslottet","source":"UT.no\/DNT"},"type":"Feature"},{"geometry":{"coordinates":[5.4737349999999996,59.843066999999998],"type":"Point"},"id":"signpost-ut-146889973","properties":{"description":"LHF: Skiltpunktet skal flyttast bort nærare vegen i 2026.","elevation":203,"name":"SP 263 Nedanfor Lundekollen","source":"UT.no\/DNT"},"type":"Feature"},{"geometry":{"coordinates":[11.199930999999999,60.132334999999998],"type":"Point"},"id":"signpost-ut-146890024","properties":{"description":"Stikrysset er plassert mellom Skogmo og Jernbanemarka og viser vei til skiløypetrasé og sti til Skogmo syd","elevation":215,"name":"Stikryss Skogmolia","source":"UT.no\/DNT"},"type":"Feature"},{"geometry":{"coordinates":[14.674583,67.356841000000003],"type":"Point"},"id":"signpost-ut-146890190","properties":{"description":"Høyeste punkt på skiløpa 'Bostolia Rundt'.","elevation":378,"name":"Bostolia; skiltpunkt","source":"UT.no\/DNT"},"type":"Feature"},{"geometry":{"coordinates":[5.3807970000000003,61.376972000000002],"type":"Point"},"id":"signpost-ut-146890239","properties":{"description":"Vi parkerer på Ottersteinen, går stien mot Fossevika. Rett før du kjem inn til Fossevika, ser du mange skilt som mellom anna viser til Fløyen. Følg den merka stien til venstre opp til Bjergastølen og videre ca 200 m til du kjem til stidele ...","elevation":339,"name":"Bjergastølen (+200 m videre til skilt\/kasse)","source":"UT.no\/DNT"},"type":"Feature"},{"geometry":{"coordinates":[5.420204,59.808756000000002],"type":"Point"},"id":"signpost-ut-146890283","properties":{"description":"Plassert OK, LHF 22\/1-2026","elevation":285,"name":"SP 195 Bjødnahiet 302 moh","source":"UT.no\/DNT"},"type":"Feature"},{"geometry":{"coordinates":[5.4313729999999998,59.806927000000002],"type":"Point"},"id":"signpost-ut-146890284","properties":{"description":"Plassert OK, LHF 22\/1-2026","elevation":120,"name":"SP 188 Stordalen start austre Bjødnastegen","source":"UT.no\/DNT"},"type":"Feature"},{"geometry":{"coordinates":[5.4312779999999998,59.806967],"type":"Point"},"id":"signpost-ut-146890285","properties":{"description":"Plassert OK, LHF 22\/1-2026","elevation":123,"name":"SP 189 Stordalen start vestre Bjødnastegen","source":"UT.no\/DNT"},"type":"Feature"},{"geometry":{"coordinates":[5.4233510000000003,59.798456000000002],"type":"Point"},"id":"signpost-ut-146890287","properties":{"description":"Plassert OK, LHF 23\/1-2026","elevation":70,"name":"SP 177 Sti N for Lappetj møter skogsveg","source":"UT.no\/DNT"},"type":"Feature"},{"geometry":{"coordinates":[5.4221139999999997,59.799869999999999],"type":"Point"},"id":"signpost-ut-146890289","properties":{"description":"Plassering OK, LHF 23\/1-2026","elevation":92,"name":"SP 178 Stidele NØ for Løkåsen","source":"UT.no\/DNT"},"type":"Feature"},{"geometry":{"coordinates":[5.418399,59.790166999999997],"type":"Point"},"id":"signpost-ut-146890290","properties":{"description":"Plassert OK, LHF 23\/1-2026","elevation":29,"name":"SP 172 P-plass nedom Rødkleiv","source":"UT.no\/DNT"},"type":"Feature"},{"geometry":{"coordinates":[5.4188039999999997,59.791442000000004],"type":"Point"},"id":"signpost-ut-146890291","properties":{"description":"Plassering OK, LHF 23\/1-2026","elevation":43,"name":"SP 173 Bru til skogsveg mot Rødkleivbanen","source":"UT.no\/DNT"},"type":"Feature"},{"geometry":{"coordinates":[5.4165390000000002,59.792096999999998],"type":"Point"},"id":"signpost-ut-146890292","properties":{"description":"Plassert OK, LHF 23\/1-2026","elevation":50,"name":"SP 174 Rødkleivfeltet","source":"UT.no\/DNT"},"type":"Feature"},{"geometry":{"coordinates":[5.4173359999999997,59.793830999999997],"type":"Point"},"id":"signpost-ut-146890293","properties":{"description":"Plassert OK, LHF 23\/1-2026","elevation":53,"name":"SP 175 Lysløypa svingar vest N for Rødkleiv","source":"UT.no\/DNT"},"type":"Feature"},{"geometry":{"coordinates":[5.4175399999999998,59.795020999999998],"type":"Point"},"id":"signpost-ut-146890294","properties":{"description":"Plassert OK, LHF 23\/1-2026","elevation":62,"name":"SP 176 Pilskilt vest for Lappetjørna","source":"UT.no\/DNT"},"type":"Feature"},{"geometry":{"coordinates":[5.4080940000000002,59.804425999999999],"type":"Point"},"id":"signpost-ut-146890295","properties":{"description":"Plassert OK, LHF 23\/1-2026","elevation":241,"name":"SP 179 Dalskardvatnet SØ for","source":"UT.no\/DNT"},"type":"Feature"},{"geometry":{"coordinates":[5.4086689999999997,59.809407],"type":"Point"},"id":"signpost-ut-146890296","properties":{"description":"Plassert OK, LHF 23\/1-2026","elevation":247,"name":"SP 180 Dalskardvatnet NØ side","source":"UT.no\/DNT"},"type":"Feature"},{"geometry":{"coordinates":[5.3913979999999997,59.799025999999998],"type":"Point"},"id":"signpost-ut-146890297","properties":{"description":"NB! Fotløypa er feil på UT-kartet - ho kjem eigentleg ned mellom bekkane slik at ein får skiltet på nordsida.","elevation":50,"name":"SP 181 Rutletjødno NØ side","source":"UT.no\/DNT"},"type":"Feature"},{"geometry":{"coordinates":[5.427651,59.814948999999999],"type":"Point"},"id":"signpost-ut-146890298","properties":{"description":"Plassering OK, LHF 22\/1-2026","elevation":351,"name":"SP 190 Stidele mot Mennene NØ for Stuvasetertj","source":"UT.no\/DNT"},"type":"Feature"},{"geometry":{"coordinates":[5.4256989999999998,59.814644000000001],"type":"Point"},"id":"signpost-ut-146890299","properties":{"description":"Plassert OK, LHF 22\/1-2026","elevation":372,"name":"SP 191 Pilskilt NØ for Stuasetertjødna","source":"UT.no\/DNT"},"type":"Feature"},{"geometry":{"coordinates":[5.4226070000000002,59.814757],"type":"Point"},"id":"signpost-ut-146890300","properties":{"description":"Plassert OK, LHF 22\/1-2026","elevation":353,"name":"SP 192 NV for Stuasetertjødna","source":"UT.no\/DNT"},"type":"Feature"},{"geometry":{"coordinates":[5.4213079999999998,59.813245000000002],"type":"Point"},"id":"signpost-ut-146890301","properties":{"description":"Plassert OK 22\/1-2026","elevation":321,"name":"SP 193 Vestfor nedom Stuasetertjødno","source":"UT.no\/DNT"},"type":"Feature"},{"geometry":{"coordinates":[5.4197819999999997,59.808715999999997],"type":"Point"},"id":"signpost-ut-146890302","properties":{"description":"Plassert OK, LHF 22\/1-2026","elevation":278,"name":"SP 194 Vest for Bjødnahiet","source":"UT.no\/DNT"},"type":"Feature"},{"geometry":{"coordinates":[5.479654,59.818655],"type":"Point"},"id":"signpost-ut-146890303","properties":{"description":"Plassert OK, LHF 21\/1-2026","elevation":63,"name":"SP 252 Stideling frå Vad mot Dyråsen","source":"UT.no\/DNT"},"type":"Feature"},{"geometry":{"coordinates":[5.4871429999999997,59.823296999999997],"type":"Point"},"id":"signpost-ut-146890304","properties":{"description":"Plassert OK, LHF 21\/1-2026","elevation":101,"name":"SP 253 Sti frå Vad møter skogsveg frå Presthaug","source":"UT.no\/DNT"},"type":"Feature"},{"geometry":{"coordinates":[5.4959610000000003,59.831437999999999],"type":"Point"},"id":"signpost-ut-146890305","properties":{"description":"Plassert OK, LHF 21\/1-2026","elevation":99,"name":"SP 254 Sjoalemyra sør skogsveg mot Presthaug","source":"UT.no\/DNT"},"type":"Feature"},{"geometry":{"coordinates":[5.4946650000000004,59.832416000000002],"type":"Point"},"id":"signpost-ut-146890306","properties":{"description":"Plassert OK, LHF 21\/1-2026","elevation":95,"name":"SP 255 Sjoalemyra midt skogsveg mot Grov","source":"UT.no\/DNT"},"type":"Feature"},{"geometry":{"coordinates":[5.4950419999999998,59.832695999999999],"type":"Point"},"id":"signpost-ut-146890307","properties":{"description":"Plassert OK, LHF 21\/1-2026","elevation":96,"name":"SP 256 Sjoalemyra midt skogsvegstart","source":"UT.no\/DNT"},"type":"Feature"},{"geometry":{"coordinates":[5.5222740000000003,59.846096000000003],"type":"Point"},"id":"signpost-ut-146890308","properties":{"description":"Plassert OK, LHF 21\/1-2026","elevation":52,"name":"SP 257 Grov SØ av skogsvegdelet aust for elva","source":"UT.no\/DNT"},"type":"Feature"},{"geometry":{"coordinates":[5.5221439999999999,59.846162999999997],"type":"Point"},"id":"signpost-ut-146890309","properties":{"description":"Plassert OK, LHF 21\/1-2026","elevation":54,"name":"SP 258 Grov NV av skogsvegdelet aust for elva","source":"UT.no\/DNT"},"type":"Feature"},{"geometry":{"coordinates":[5.5097639999999997,59.846425000000004],"type":"Point"},"id":"signpost-ut-146890310","properties":{"description":"Plassert OK, LHF 21\/1-2026","elevation":87,"name":"SP 259 Grov Skytebane","source":"UT.no\/DNT"},"type":"Feature"},{"geometry":{"coordinates":[5.4931000000000001,59.836100999999999],"type":"Point"},"id":"signpost-ut-146890311","properties":{"description":"Plassert OK, LHF 21\/1-2026","elevation":106,"name":"SP 260 Sjoalemyra nord skogsveg mot nordaust","source":"UT.no\/DNT"},"type":"Feature"},{"geometry":{"coordinates":[5.4934279999999998,59.835715],"type":"Point"},"id":"signpost-ut-146890312","properties":{"description":"Plassert OK, LHF 21\/1-2026","elevation":99,"name":"SP 261 Sjoalemyra nord langs Lundsetervegen","source":"UT.no\/DNT"},"type":"Feature"},{"geometry":{"coordinates":[5.4930190000000003,59.835740000000001],"type":"Point"},"id":"signpost-ut-146890313","properties":{"description":"Plassert OK, LHF 21\/2026","elevation":100,"name":"SP 262 Sjoalemyra nord skogsveg mot vest","source":"UT.no\/DNT"},"type":"Feature"},{"geometry":{"coordinates":[5.4605899999999998,59.840772999999999],"type":"Point"},"id":"signpost-ut-146890314","properties":{"description":"Plassert OK, LHF 8\/2-2025","elevation":526,"name":"SP 266 Stengjelsheddo 529 moh","source":"UT.no\/DNT"},"type":"Feature"},{"geometry":{"coordinates":[5.4457969999999998,59.807675000000003],"type":"Point"},"id":"signpost-ut-146890315","properties":{"description":"Plassert OK, LHF 12\/3-2025","elevation":81,"name":"SP 226 Skogsvegdele i Ulvatjødndalen","source":"UT.no\/DNT"},"type":"Feature"},{"geometry":{"coordinates":[5.4619109999999997,59.771774000000001],"type":"Point"},"id":"signpost-ut-146890338","properties":{"description":"Plassert OK, LHF 26\/1-2026","elevation":53,"name":"SP 151 Skjephaugsvatnet 150m NV for (aust)","source":"UT.no\/DNT"},"type":"Feature"},{"geometry":{"coordinates":[5.4615869999999997,59.771726000000001],"type":"Point"},"id":"signpost-ut-146890341","properties":{"description":"Plassert OK, LHF 26\/1-2026","elevation":50,"name":"SP 152 Skjephaugsvatnet 150m NV for (vest)","source":"UT.no\/DNT"},"type":"Feature"},{"geometry":{"coordinates":[5.4569729999999996,59.773243999999998],"type":"Point"},"id":"signpost-ut-146890342","properties":{"description":"Plassert OK, LHF 26\/1-2026","elevation":31,"name":"SP 153 Røyrnedalen vegdele","source":"UT.no\/DNT"},"type":"Feature"},{"geometry":{"coordinates":[5.4489320000000001,59.77458],"type":"Point"},"id":"signpost-ut-146890343","properties":{"description":"Plassert OK, LHF 26\/1-2026","elevation":30,"name":"SP 154 Vegdele nordaust for Røyrtjødno","source":"UT.no\/DNT"},"type":"Feature"},{"geometry":{"coordinates":[5.4360920000000004,59.770017000000003],"type":"Point"},"id":"signpost-ut-146890344","properties":{"description":"Plassert OK, LHF 26\/1-2026","elevation":36,"name":"SP 155 gamle Valvatna bosdeponi - SV for","source":"UT.no\/DNT"},"type":"Feature"},{"geometry":{"coordinates":[5.437932,59.769609000000003],"type":"Point"},"id":"signpost-ut-146890346","properties":{"description":"Plassert OK, LHF 26\/1-2026","elevation":36,"name":"SP 156 gamle Valvatna bosdeponi - sør for","source":"UT.no\/DNT"},"type":"Feature"},{"geometry":{"coordinates":[5.4398780000000002,59.768694000000004],"type":"Point"},"id":"signpost-ut-146890347","properties":{"description":"Plassert OK, LHF 26\/1-2026","elevation":46,"name":"SP 157 Gangvegtopp sørom bosdeponiet","source":"UT.no\/DNT"},"type":"Feature"},{"geometry":{"coordinates":[5.4459910000000002,59.766055000000001],"type":"Point"},"id":"signpost-ut-146890348","properties":{"description":"Plassert OK, LHF 26\/1-2026","elevation":49,"name":"SP 158 Gangvegdele aust for Kroktjødnevegen","source":"UT.no\/DNT"},"type":"Feature"},{"geometry":{"coordinates":[5.4512119999999999,59.765203999999997],"type":"Point"},"id":"signpost-ut-146890349","properties":{"description":"Plassert OK, LHF 26\/1-2026","elevation":49,"name":"SP 159 Stidele nord for Meatjødno","source":"UT.no\/DNT"},"type":"Feature"},{"geometry":{"coordinates":[5.4557330000000004,59.765259],"type":"Point"},"id":"signpost-ut-146890350","properties":{"description":"Plassert OK, LHF 26\/1-2026","elevation":50,"name":"SP 160 Stidele nord for Heianekrysset","source":"UT.no\/DNT"},"type":"Feature"},{"geometry":{"coordinates":[5.4587459999999997,59.765672000000002],"type":"Point"},"id":"signpost-ut-146890351","properties":{"description":"Plassert OK, LHF 26\/1-2026","elevation":51,"name":"SP 161 Heiane sag innkøyring","source":"UT.no\/DNT"},"type":"Feature"},{"geometry":{"coordinates":[5.4557760000000002,59.768523000000002],"type":"Point"},"id":"signpost-ut-146890352","properties":{"description":"Plassert OK, LHF 26\/1-2026","elevation":62,"name":"SP 171 Stidele aust for Basåsen","source":"UT.no\/DNT"},"type":"Feature"},{"geometry":{"coordinates":[5.4831709999999996,59.775578000000003],"type":"Point"},"id":"signpost-ut-146890353","properties":{"description":"Plassert OK, LHF 26\/1-2026","elevation":44,"name":"SP 162 Bakketopp vest for E39 ved Vabakken","source":"UT.no\/DNT"},"type":"Feature"},{"geometry":{"coordinates":[5.4718900000000001,59.775418999999999],"type":"Point"},"id":"signpost-ut-146890354","properties":{"description":"Plassert OK, LHF 26\/1-2026","elevation":44,"name":"SP 163 Vegdelet sør for Landåsenvatnet (sør)","source":"UT.no\/DNT"},"type":"Feature"},{"geometry":{"coordinates":[5.4564399999999997,59.776389000000002],"type":"Point"},"id":"signpost-ut-146890355","properties":{"description":"Plassert OK, LHF 26\/1-2026","elevation":51,"name":"SP 164 Eventyrskogen sørkant vegdele","source":"UT.no\/DNT"},"type":"Feature"},{"geometry":{"coordinates":[5.4554729999999996,59.778132999999997],"type":"Point"},"id":"signpost-ut-146890356","properties":{"description":"Plassert OK, LHF 26\/1-2026","elevation":39,"name":"SP 166 Eventyrskogen (nordkant)","source":"UT.no\/DNT"},"type":"Feature"},{"geometry":{"coordinates":[5.4552870000000002,59.778236999999997],"type":"Point"},"id":"signpost-ut-146890357","properties":{"description":"Plassert OK, LHF 26\/1-2026","elevation":37,"name":"SP 167 Eventyrskogen - vegdele mot Vassenden","source":"UT.no\/DNT"},"type":"Feature"},{"geometry":{"coordinates":[5.465325,59.780124999999998],"type":"Point"},"id":"signpost-ut-146890358","properties":{"description":"Plassert OK, LHF 26\/1-2026","elevation":52,"name":"SP 168 Landåsenvatnet 250m nordvest for","source":"UT.no\/DNT"},"type":"Feature"},{"geometry":{"coordinates":[5.4678319999999996,59.779071000000002],"type":"Point"},"id":"signpost-ut-146890359","properties":{"description":"Plassert OK, LHF 26\/1-2026","elevation":41,"name":"SP 169 Landåsenvatnet nordside","source":"UT.no\/DNT"},"type":"Feature"},{"geometry":{"coordinates":[5.4717260000000003,59.775514999999999],"type":"Point"},"id":"signpost-ut-146890360","properties":{"description":"Plassert OK, LHF 26\/1-2026","elevation":43,"name":"SP 170 Vegdelet sør for Landåsenvatnet (nord)","source":"UT.no\/DNT"},"type":"Feature"},{"geometry":{"coordinates":[5.5033669999999999,59.769553999999999],"type":"Point"},"id":"signpost-ut-146890361","properties":{"description":"Plassert OK, LHF 27\/1-2026","elevation":9,"name":"SP 124 Håklubben-vegen - sjøenden","source":"UT.no\/DNT"},"type":"Feature"},{"geometry":{"coordinates":[5.5048640000000004,59.770546000000003],"type":"Point"},"id":"signpost-ut-146890362","properties":{"description":"Plassert OK, LHF 27\/1-2026","elevation":2,"name":"SP 125 Urabekkjen utløp Urastrando","source":"UT.no\/DNT"},"type":"Feature"},{"geometry":{"coordinates":[5.5050049999999997,59.770555999999999],"type":"Point"},"id":"signpost-ut-146890364","properties":{"description":"Plassert OK, LHF 27\/1-2026","elevation":1,"name":"SP 126 Urastrando - NØ for","source":"UT.no\/DNT"},"type":"Feature"},{"geometry":{"coordinates":[5.5049359999999998,59.771031999999998],"type":"Point"},"id":"signpost-ut-146890365","properties":{"description":"Plassert OK, LHF 27\/1-2026","elevation":13,"name":"SP 127 Kalvagjerdet","source":"UT.no\/DNT"},"type":"Feature"},{"geometry":{"coordinates":[5.5103669999999996,59.771565000000002],"type":"Point"},"id":"signpost-ut-146890366","properties":{"description":"Plassert OK, LHF 27\/1-2026","elevation":21,"name":"SP 128 Sti går ned mot Gullbergstrando","source":"UT.no\/DNT"},"type":"Feature"},{"geometry":{"coordinates":[5.5078560000000003,59.772474000000003],"type":"Point"},"id":"signpost-ut-146890367","properties":{"description":"Plassert OK, LHF 27\/1-2026","elevation":45,"name":"SP 129 Sti mot Litla Gullberg NV for Chateau Nøff","source":"UT.no\/DNT"},"type":"Feature"},{"geometry":{"coordinates":[5.5064219999999997,59.772545999999998],"type":"Point"},"id":"signpost-ut-146890368","properties":{"description":"Plassert OK, LHF 27\/1-2026","elevation":53,"name":"SP 130 Sti mot Litla Gullberg dreier opp mot sør","source":"UT.no\/DNT"},"type":"Feature"},{"geometry":{"coordinates":[5.510319,59.773256000000003],"type":"Point"},"id":"signpost-ut-146890369","properties":{"description":"Plassert OK, LHF 27\/1-2026","elevation":42,"name":"SP 132 Vegdele opp mot Stora Gullberg","source":"UT.no\/DNT"},"type":"Feature"},{"geometry":{"coordinates":[5.5130239999999997,59.772734],"type":"Point"},"id":"signpost-ut-146890370","properties":{"description":"Plassert OK, LHF 27\/1-2026","elevation":62,"name":"SP 133 Gamal tysk vaktpost på Stora Gullberg","source":"UT.no\/DNT"},"type":"Feature"},{"geometry":{"coordinates":[5.5143469999999999,59.774735999999997],"type":"Point"},"id":"signpost-ut-146890371","properties":{"description":"Plassert OK, LHF 27\/1-2026","elevation":5,"name":"SP 134 Ved vegen ovanfor moloen i Sponavikjo","source":"UT.no\/DNT"},"type":"Feature"},{"geometry":{"coordinates":[5.5041279999999997,59.771782000000002],"type":"Point"},"id":"signpost-ut-146890372","properties":{"description":"Plassert OK, LHF 27\/1-2026","elevation":78,"name":"SP 135 Toppen av Litla Gullberg","source":"UT.no\/DNT"},"type":"Feature"},{"geometry":{"coordinates":[5.443276,59.801974999999999],"type":"Point"},"id":"signpost-ut-146890374","properties":{"description":"Plassert OK, LHF 12\/3-2025","elevation":44,"name":"SP 227 Ulvatjødno NØ kant","source":"UT.no\/DNT"},"type":"Feature"},{"geometry":{"coordinates":[5.4451159999999996,59.796622999999997],"type":"Point"},"id":"signpost-ut-146890376","properties":{"description":"Plassert OK, LHF 12\/3-2025","elevation":70,"name":"SP 228 Sti mot SØ nord for Falkåsen Isdal","source":"UT.no\/DNT"},"type":"Feature"},{"geometry":{"coordinates":[5.4457240000000002,59.796424999999999],"type":"Point"},"id":"signpost-ut-146890377","properties":{"description":"Plassert OK, LHF 12\/3-2025","elevation":74,"name":"SP 229 Pilskilt ved omlagt sti nordom Falkåsen","source":"UT.no\/DNT"},"type":"Feature"},{"geometry":{"coordinates":[5.452229,59.795631999999998],"type":"Point"},"id":"signpost-ut-146890378","properties":{"description":"Plassert OK, LHF 12\/3-2025","elevation":61,"name":"SP 230 Pilskilt ved oppstigning NV for Rapåsen","source":"UT.no\/DNT"},"type":"Feature"},{"geometry":{"coordinates":[5.4520419999999996,59.795093000000001],"type":"Point"},"id":"signpost-ut-146890379","properties":{"description":"Plassert OK, LHF 12\/3-2025","elevation":64,"name":"SP 231 Stisving vest for Rapåsen","source":"UT.no\/DNT"},"type":"Feature"},{"geometry":{"coordinates":[5.4530859999999999,59.795140000000004],"type":"Point"},"id":"signpost-ut-146890380","properties":{"description":"Plassert OK, LHF 12\/3-2025","elevation":65,"name":"SP 232 Sti møter skogsveg vest for Rapåsen","source":"UT.no\/DNT"},"type":"Feature"},{"geometry":{"coordinates":[5.460191,59.793543],"type":"Point"},"id":"signpost-ut-146890381","properties":{"description":"Plassert OK, LHF 12\/3-2025","elevation":45,"name":"SP 233 Stikryss sør for Rindane","source":"UT.no\/DNT"},"type":"Feature"},{"geometry":{"coordinates":[5.464709,59.792448999999998],"type":"Point"},"id":"signpost-ut-146890383","properties":{"description":"Plassert OK, LHF 12\/3-2025","elevation":42,"name":"SP 234 Vegdele NØ for Erikshaugen","source":"UT.no\/DNT"},"type":"Feature"},{"geometry":{"coordinates":[5.5310629999999996,59.789696999999997],"type":"Point"},"id":"signpost-ut-146890397","properties":{"description":"Plassert OK, LHF 30\/1-2026","elevation":32,"name":"SP 121 Inngang Hystadmarkjo - Storhaug","source":"UT.no\/DNT"},"type":"Feature"},{"geometry":{"coordinates":[5.5354080000000003,59.798231000000001],"type":"Point"},"id":"signpost-ut-146890398","properties":{"description":"Plassert OK, LHF 30\/1-2026","name":"SP 122 Inngang Hystadmarkjo - Sævarhagsvikjo","source":"UT.no\/DNT"},"type":"Feature"},{"geometry":{"coordinates":[5.5248699999999999,59.818303999999998],"type":"Point"},"id":"signpost-ut-146890399","properties":{"description":"Plassert OK, LHF 30\/1-2026","elevation":15,"name":"SP 353 Infoskilt ved fotballbanen ved HVL","source":"UT.no\/DNT"},"type":"Feature"},{"geometry":{"coordinates":[5.3863050000000001,59.787166999999997],"type":"Point"},"id":"signpost-ut-146890400","properties":{"description":"Plassert OK, LHF 31\/1-2026","elevation":185,"name":"SP 147 Stidele på nordsida av Utslettefjellet","source":"UT.no\/DNT"},"type":"Feature"},{"geometry":{"coordinates":[5.3877459999999999,59.785096000000003],"type":"Point"},"id":"signpost-ut-146890401","properties":{"description":"Plassert OK, LHF 31\/1-2026","elevation":246,"name":"SP 148 Utslettefjedlet 252 moh","source":"UT.no\/DNT"},"type":"Feature"},{"geometry":{"coordinates":[5.3988649999999998,59.786909000000001],"type":"Point"},"id":"signpost-ut-146890402","properties":{"description":"Plassert OK, LHF 31\/1-2026","elevation":51,"name":"SP 149 Sti mot Utslettefjellet frå Nysæterbanen","source":"UT.no\/DNT"},"type":"Feature"},{"geometry":{"coordinates":[5.4131179999999999,59.765456],"type":"Point"},"id":"signpost-ut-146890403","properties":{"description":"Plassert OK, LHF 31\/1-2026","elevation":38,"name":"SP 345 Skogsvegdele SØ for Åsen (nord)","source":"UT.no\/DNT"},"type":"Feature"},{"geometry":{"coordinates":[5.4130649999999996,59.765408999999998],"type":"Point"},"id":"signpost-ut-146890404","properties":{"description":"Skiltpunktet skal overtakast av nytt skiltpunkt","elevation":38,"name":"SP 346 Skogsvegdele SØ for Åsen (sør)","source":"UT.no\/DNT"},"type":"Feature"},{"geometry":{"coordinates":[5.4104099999999997,59.762987000000003],"type":"Point"},"id":"signpost-ut-146890405","properties":{"description":"Plassert OK, LHF 31\/1-2026","elevation":20,"name":"SP 347 Stidele SV for Otrasetrabakken","source":"UT.no\/DNT"},"type":"Feature"},{"geometry":{"coordinates":[5.4048280000000002,59.764380000000003],"type":"Point"},"id":"signpost-ut-146890406","properties":{"description":"Plassert OK, LHF 31\/1-2026","elevation":36,"name":"SP 348 Open plass sør for Neshaugane","source":"UT.no\/DNT"},"type":"Feature"},{"geometry":{"coordinates":[5.4143999999999997,59.787177],"type":"Point"},"id":"signpost-ut-146890416","properties":{"description":"Revidert juni 2026","elevation":12,"name":"SP 183 Trafostasjonen - veg inn til Hustrudalen","source":"UT.no\/DNT"},"type":"Feature"},{"geometry":{"coordinates":[5.4038310000000003,59.790118],"type":"Point"},"id":"signpost-ut-146890417","properties":{"description":"Plassert OK, LHF 3\/2-2026","elevation":14,"name":"SP 184 Gangveg startar opp mot Nysæterbanen","source":"UT.no\/DNT"},"type":"Feature"},{"geometry":{"coordinates":[5.4026290000000001,59.791449],"type":"Point"},"id":"signpost-ut-146890418","properties":{"description":"Plassert OK, LHF 3\/2-2026","elevation":5,"name":"SP 185 Vegdele NV-ende Hustrudalsvatnet","source":"UT.no\/DNT"},"type":"Feature"},{"geometry":{"coordinates":[5.4085159999999997,59.790596999999998],"type":"Point"},"id":"signpost-ut-146890419","properties":{"description":"Plassert OK, LHF 3\/2-2026","elevation":13,"name":"SP 186 Hustrudalen sving aust for gapahuk","source":"UT.no\/DNT"},"type":"Feature"},{"geometry":{"coordinates":[5.4172010000000004,59.788555000000002],"type":"Point"},"id":"signpost-ut-146890420","properties":{"description":"Plassert OK, LHF 4\/2-2026","elevation":13,"name":"SP 187 Start av Gruva-vegen opp mot Rødkleiv","source":"UT.no\/DNT"},"type":"Feature"},{"geometry":{"coordinates":[5.3542779999999999,59.809417000000003],"type":"Point"},"id":"signpost-ut-146890421","properties":{"description":"Plassert OK, LHF 4\/2-2026","elevation":11,"name":"SP 206 Brotaneset-vegen tar av frå FV 5068","source":"UT.no\/DNT"},"type":"Feature"},{"geometry":{"coordinates":[5.3567669999999996,59.803682000000002],"type":"Point"},"id":"signpost-ut-146890422","properties":{"description":"Plassert OK, LHF 4\/2-2026","elevation":30,"name":"SP 207 Sti tar av frå Brotaneset mot Dyvik","source":"UT.no\/DNT"},"type":"Feature"},{"geometry":{"coordinates":[5.36252,59.805853999999997],"type":"Point"},"id":"signpost-ut-146890423","properties":{"description":"Plassert OK, LHF 4\/2-2026","elevation":29,"name":"SP 208 Sti frå Dyvik møter Petarteigen-skogsveg","source":"UT.no\/DNT"},"type":"Feature"},{"geometry":{"coordinates":[5.3635799999999998,59.805342000000003],"type":"Point"},"id":"signpost-ut-146890424","properties":{"description":"Plassert OK, LHF 4\/2-2026","elevation":39,"name":"SP 209 Stidele NV-kant av Såtemyro","source":"UT.no\/DNT"},"type":"Feature"},{"geometry":{"coordinates":[5.3712210000000002,59.793635000000002],"type":"Point"},"id":"signpost-ut-146890426","properties":{"description":"Plassert OK, LHF 4\/2-2026","elevation":71,"name":"SP 211 Stidele sørvest for Rindane","source":"UT.no\/DNT"},"type":"Feature"},{"geometry":{"coordinates":[5.372255,59.792361],"type":"Point"},"id":"signpost-ut-146890427","properties":{"description":"Plassert OK, LHF 4\/2-2026","elevation":48,"name":"SP 212 Sti startar frå FV 545 i Dyvikdalen","source":"UT.no\/DNT"},"type":"Feature"},{"geometry":{"coordinates":[5.3735739999999996,59.800435],"type":"Point"},"id":"signpost-ut-146890428","properties":{"description":"Plassert OK, LHF 4\/2-2026","elevation":226,"name":"SP 213 Dyvikesåto 228moh","source":"UT.no\/DNT"},"type":"Feature"},{"geometry":{"coordinates":[5.3735039999999996,59.800451000000002],"type":"Point"},"id":"signpost-ut-146890429","properties":{"description":"Plassert OK, LHF 4\/2-2026","elevation":226,"name":"SP 214 Dyvikesåto","source":"UT.no\/DNT"},"type":"Feature"},{"geometry":{"coordinates":[5.3664389999999997,59.836109],"type":"Point"},"id":"signpost-ut-146890430","properties":{"description":"Plassert OK, LHF 4\/2-2026","elevation":55,"name":"SP 215 Ved Gapahuk ved Stemmetjødno","source":"UT.no\/DNT"},"type":"Feature"},{"geometry":{"coordinates":[5.376544,59.839885000000002],"type":"Point"},"id":"signpost-ut-146890431","properties":{"description":"NB! Det er p.t. 2 skiltplasseringar her, men bør kunne slå desse saman.","elevation":93,"name":"SP 216 Kryss Prestav\/Barlind","source":"UT.no\/DNT"},"type":"Feature"},{"geometry":{"coordinates":[5.3810029999999998,59.840183000000003],"type":"Point"},"id":"signpost-ut-146890432","properties":{"description":"SP 217 og SP 222 bør vel kunna slåast saman. Når ein kjem over gangbrua, ser ein SP 217, men SP 222 er litt skjult 10m lengre mot vest. Desse bør kunna samlast like etter brua.","elevation":104,"name":"SP 217 Gangbru over elva, skogsveg mot aust","source":"UT.no\/DNT"},"type":"Feature"},{"geometry":{"coordinates":[5.3911769999999999,59.838765000000002],"type":"Point"},"id":"signpost-ut-146890433","properties":{"description":"Her ser det ut til at kun 1 skilt står igjen, men at det har vore 2 skilt i tett nærleik","elevation":189,"name":"SP 218 Skogsvegdele NV for Uvegtinden","source":"UT.no\/DNT"},"type":"Feature"},{"geometry":{"coordinates":[5.4129149999999999,59.827506999999997],"type":"Point"},"id":"signpost-ut-146890434","properties":{"description":"Plassert OK, LHF 4\/2-2026","elevation":239,"name":"SP 219 Barlindedalsvatnet 240moh - Ø side","source":"UT.no\/DNT"},"type":"Feature"},{"geometry":{"coordinates":[5.3965569999999996,59.831147999999999],"type":"Point"},"id":"signpost-ut-146890435","properties":{"description":"Plassert OK, LHF 4\/2-2026","elevation":211,"name":"SP 220 Nord for (150m) Morkatjødno","source":"UT.no\/DNT"},"type":"Feature"},{"geometry":{"coordinates":[5.391877,59.836181000000003],"type":"Point"},"id":"signpost-ut-146890436","properties":{"description":"Plassert OK, LHF 4\/2-2026","elevation":167,"name":"SP 221 Morkavatnet 165moh - NV side","source":"UT.no\/DNT"},"type":"Feature"},{"geometry":{"coordinates":[5.3808490000000004,59.840144000000002],"type":"Point"},"id":"signpost-ut-146890437","properties":{"description":"Er litt skjult bak haugen når ein kjem frå brua. SP 217 og SP 222 bør samlast like etter brua.","elevation":102,"name":"SP 222 Gangbru over elva, sti mot SØ","source":"UT.no\/DNT"},"type":"Feature"},{"geometry":{"coordinates":[5.484985,59.844875999999999],"type":"Point"},"id":"signpost-ut-146890465","properties":{"description":"Plassert OK, LHF 19\/2-2026","elevation":201,"name":"SP 275 Lundastøl SØ for gapahuken","source":"UT.no\/DNT"},"type":"Feature"},{"geometry":{"coordinates":[5.4816260000000003,59.844957000000001],"type":"Point"},"id":"signpost-ut-146890466","properties":{"description":"Plassert OK, LHF 19\/2-2026","elevation":208,"name":"SP 276 Siste vegdele inn mot Lundastøl","source":"UT.no\/DNT"},"type":"Feature"},{"geometry":{"coordinates":[5.4765790000000001,59.842323],"type":"Point"},"id":"signpost-ut-146890467","properties":{"description":"Plassert OK, LHF 19\/2-2026","elevation":206,"name":"SP 277 Kattnakkevegen møter Lundseterv.","source":"UT.no\/DNT"},"type":"Feature"},{"geometry":{"coordinates":[11.468532,60.790585],"type":"Point"},"id":"signpost-ut-146890493","properties":{"description":"Dette er i Haverbekkvika ved Rokosjøen hvor det både er badeplass om sommeren, grøntområde og Dagsturhytta i Løten kommune. Vinterstid kjøres det ofte opp skøytebaner og skiløyper på Rokosjøen når isen er trygg og forholdene tillater det. D...","elevation":219,"name":"Skiltstolpe langs den korte Dagsturhytterunden i Løten","source":"UT.no\/DNT"},"type":"Feature"},{"geometry":{"coordinates":[5.4026690000000004,59.766199999999998],"type":"Point"},"id":"signpost-ut-146890627","properties":{"description":"Nytt skiltpunkt som skal opp","elevation":39,"name":"SP 344 Sti frå Sætravikvegen 115","source":"UT.no\/DNT"},"type":"Feature"},{"geometry":{"coordinates":[10.293907000000001,63.435698000000002],"type":"Point"},"id":"signpost-ut-146890706","properties":{"description":"Harramyra ligger i Bymarka langs Driftsveien. Her er det et skiltpunkt, sittebenk og infotavle.","elevation":253,"name":"Harramyra ved Driftsveien","source":"UT.no\/DNT"},"type":"Feature"},{"geometry":{"coordinates":[9.7559070000000006,59.698073000000001],"type":"Point"},"id":"signpost-ut-146890810","properties":{"description":"Sti fra Kjennerud vannet til Aspesetra. Fra Aspesetra tar det av en sti rett østover. Den kan du følge sør-østover til du nærmer deg E 134. Like ved ei hytte der, står en skiltstokk med påskrift «Moseplassen».","elevation":174,"name":"Moseplassen","source":"UT.no\/DNT"},"type":"Feature"},{"geometry":{"coordinates":[8.7925830000000005,62.529165999999996],"type":"Point"},"id":"signpost-ut-146890814","properties":{"description":"Styggløypet er en fjellrygg øverst i Svøubotnin, fjelldalen som elva Svøu renner gjennom. Dalen strekker seg fra Svøu sitt utspring til Grødalen og inn til Styggløypet. Stien fra Vangshaugen til Raubergshytta går forbi Styggløypet.","elevation":1500,"name":"Styggløypet","source":"UT.no\/DNT"},"type":"Feature"},{"geometry":{"coordinates":[5.3916209999999998,59.794162999999998],"type":"Point"},"id":"signpost-ut-146890977","properties":{"description":"Nytt skiltpunkt 2026 etter omlegging av løype","elevation":37,"name":"SP 182 Hustrudalen sør for Grovaåsen","source":"UT.no\/DNT"},"type":"Feature"},{"geometry":{"coordinates":[8.6780369999999998,59.867818999999997],"type":"Point"},"id":"signpost-ut-146891066","properties":{"description":"Krysningspunkt i Gaustaløypa: Her møtes traseen fra Gaustatoppen Turisthytte via Svineroi seter og fra Gaustatoppens renne 1, 2, 3, 4, 5, 6 og 7.","elevation":947,"name":"Sving 30 i Gaustaløypa","source":"UT.no\/DNT"},"type":"Feature"},{"geometry":{"coordinates":[15.854272,66.921076999999997],"type":"Point"},"id":"signpost-ut-146891110","properties":{"description":"Stiskille i sørenden av Balvannet.","elevation":610,"name":"Balvannet - stidele sør","source":"UT.no\/DNT"},"type":"Feature"},{"geometry":{"coordinates":[5.4446779999999997,59.847135000000002],"type":"Point"},"id":"signpost-ut-14989182","properties":{"description":"Plassering OK, LHF 12\/2-25","elevation":353,"name":"SP 331 Vaulane nord","source":"UT.no\/DNT"},"type":"Feature"}],"generator":"Trakke fetch_utno_poi.swift","timestamp":"2026-08-10T00:27:31Z","type":"FeatureCollection"}