{"attribution":"UT.no\/DNT, Oslo kommune (Bymiljøetaten\/NLOD), OpenStreetMap contributors (ODbL)","features":[{"geometry":{"coordinates":[10.861592999999999,59.960174000000002],"type":"Point"},"id":"swimspot-oslo-10","properties":{"description":"Bydel: Nordmarka. Mer info hos Oslo Bymiljøetaten","name":"Vesletjern, Lillomarka","source":"Oslo kommune (Bymiljøetaten)"},"type":"Feature"},{"geometry":{"coordinates":[10.666708,59.901069999999997],"type":"Point"},"id":"swimspot-oslo-13","properties":{"description":"Bydel: Frogner","name":"Paradisbukta","source":"Oslo kommune (Bymiljøetaten)"},"type":"Feature"},{"geometry":{"coordinates":[10.672291,59.896194000000001],"type":"Point"},"id":"swimspot-oslo-14","properties":{"description":"Bydel: Frogner. Mer info hos Oslo Bymiljøetaten","name":"Huk, Fristranda","source":"Oslo kommune (Bymiljøetaten)"},"type":"Feature"},{"geometry":{"coordinates":[10.764976000000001,59.880614999999999],"type":"Point"},"id":"swimspot-oslo-15","properties":{"description":"Bydel: Nordstrand","name":"Bekkelagsbadet","source":"Oslo kommune (Bymiljøetaten)"},"type":"Feature"},{"geometry":{"coordinates":[10.782109,59.866875999999998],"type":"Point"},"id":"swimspot-oslo-16","properties":{"description":"Bydel: Nordstrand. Mer info hos Oslo Bymiljøetaten","name":"Nordstrand bad","source":"Oslo kommune (Bymiljøetaten)"},"type":"Feature"},{"geometry":{"coordinates":[10.773649000000001,59.841988999999998],"type":"Point"},"id":"swimspot-oslo-18","properties":{"description":"Bydel: Søndre Nordstrand. Mer info hos Oslo Bymiljøetaten","name":"Fiskevollbukta","source":"Oslo kommune (Bymiljøetaten)"},"type":"Feature"},{"geometry":{"coordinates":[10.750641999999999,59.901273000000003],"type":"Point"},"id":"swimspot-oslo-21797","properties":{"description":"Bydel: Gamle Oslo","name":"Sørenga, strand","source":"Oslo kommune (Bymiljøetaten)"},"type":"Feature"},{"geometry":{"coordinates":[10.671559999999999,59.981507999999998],"type":"Point"},"id":"swimspot-oslo-22197","properties":{"description":"Bydel: Vestre Aker","name":"Øvresetertjern","source":"Oslo kommune (Bymiljøetaten)"},"type":"Feature"},{"geometry":{"coordinates":[10.563044,59.701645999999997],"type":"Point"},"id":"swimspot-oslo-22596","properties":{"name":"Sagbukta","source":"Oslo kommune (Bymiljøetaten)"},"type":"Feature"},{"geometry":{"coordinates":[10.717549999999999,59.871181999999997],"type":"Point"},"id":"swimspot-oslo-24","properties":{"description":"Mer info hos Oslo Bymiljøetaten","name":"Langøya","source":"Oslo kommune (Bymiljøetaten)"},"type":"Feature"},{"geometry":{"coordinates":[10.722073999999999,59.869200999999997],"type":"Point"},"id":"swimspot-oslo-25","properties":{"description":"Mer info hos Oslo Bymiljøetaten","name":"Nesodden","source":"Oslo kommune (Bymiljøetaten)"},"type":"Feature"},{"geometry":{"coordinates":[10.715911999999999,59.879260000000002],"type":"Point"},"id":"swimspot-oslo-29","properties":{"description":"Bydel: Gamle Oslo. Mer info hos Oslo Bymiljøetaten","name":"Rambergøya","source":"Oslo kommune (Bymiljøetaten)"},"type":"Feature"},{"geometry":{"coordinates":[10.88242,59.972093999999998],"type":"Point"},"id":"swimspot-oslo-3","properties":{"description":"Bydel: Nordmarka. Mer info hos Oslo Bymiljøetaten","name":"Badedammen, Grorud","source":"Oslo kommune (Bymiljøetaten)"},"type":"Feature"},{"geometry":{"coordinates":[10.869600999999999,59.822164000000001],"type":"Point"},"id":"swimspot-oslo-31","properties":{"description":"Bydel: Søndre Nordstrand. Mer info hos Oslo Bymiljøetaten","name":"Stensrudtjern","source":"Oslo kommune (Bymiljøetaten)"},"type":"Feature"},{"geometry":{"coordinates":[10.678217999999999,59.895100999999997],"type":"Point"},"id":"swimspot-oslo-31398","properties":{"description":"Bydel: Frogner","name":"Solstranda, Huk","source":"Oslo kommune (Bymiljøetaten)"},"type":"Feature"},{"geometry":{"coordinates":[10.823308000000001,59.955609000000003],"type":"Point"},"id":"swimspot-oslo-31798","properties":{"name":"Isdammen, Årvoll","source":"Oslo kommune (Bymiljøetaten)"},"type":"Feature"},{"geometry":{"coordinates":[10.765192000000001,59.957098000000002],"type":"Point"},"id":"swimspot-oslo-32","properties":{"description":"Bydel: Nordre Aker","name":"Nydalsdammen","source":"Oslo kommune (Bymiljøetaten)"},"type":"Feature"},{"geometry":{"coordinates":[10.680707999999999,59.965561000000001],"type":"Point"},"id":"swimspot-oslo-32198","properties":{"name":"Midtstuen","source":"Oslo kommune (Bymiljøetaten)"},"type":"Feature"},{"geometry":{"coordinates":[10.753468,59.866160000000001],"type":"Point"},"id":"swimspot-oslo-35","properties":{"description":"Bydel: Nordstrand","name":"Skinnerbukta","source":"Oslo kommune (Bymiljøetaten)"},"type":"Feature"},{"geometry":{"coordinates":[10.759244000000001,59.878723000000001],"type":"Point"},"id":"swimspot-oslo-36","properties":{"description":"Bydel: Nordstrand","name":"Godheim","source":"Oslo kommune (Bymiljøetaten)"},"type":"Feature"},{"geometry":{"coordinates":[10.752623,59.869945000000001],"type":"Point"},"id":"swimspot-oslo-37","properties":{"description":"Bydel: Nordstrand","name":"Brattodden","source":"Oslo kommune (Bymiljøetaten)"},"type":"Feature"},{"geometry":{"coordinates":[10.76285,59.879601000000001],"type":"Point"},"id":"swimspot-oslo-39","properties":{"description":"Bydel: Nordstrand","name":"Odden","source":"Oslo kommune (Bymiljøetaten)"},"type":"Feature"},{"geometry":{"coordinates":[10.814386000000001,59.969804000000003],"type":"Point"},"id":"swimspot-oslo-4","properties":{"description":"Bydel: Nordmarka. Mer info hos Oslo Bymiljøetaten","name":"Kapteinsputten","source":"Oslo kommune (Bymiljøetaten)"},"type":"Feature"},{"geometry":{"coordinates":[10.763142,59.865209],"type":"Point"},"id":"swimspot-oslo-40","properties":{"description":"Bydel: Nordstrand","name":"Kjerringskjær","source":"Oslo kommune (Bymiljøetaten)"},"type":"Feature"},{"geometry":{"coordinates":[10.761744,59.864446000000001],"type":"Point"},"id":"swimspot-oslo-41","properties":{"description":"Bydel: Nordstrand","name":"Flisebukta","source":"Oslo kommune (Bymiljøetaten)"},"type":"Feature"},{"geometry":{"coordinates":[10.652087999999999,59.913404999999997],"type":"Point"},"id":"swimspot-oslo-42","properties":{"description":"Bydel: Ullern","name":"Hydrostranda","source":"Oslo kommune (Bymiljøetaten)"},"type":"Feature"},{"geometry":{"coordinates":[10.775195999999999,59.964328999999999],"type":"Point"},"id":"swimspot-oslo-43","properties":{"description":"Bydel: Nordre Aker","name":"Stilla","source":"Oslo kommune (Bymiljøetaten)"},"type":"Feature"},{"geometry":{"coordinates":[10.785942,59.968269999999997],"type":"Point"},"id":"swimspot-oslo-44","properties":{"description":"Bydel: Nordre Aker","name":"Grønnvollsterskelen","source":"Oslo kommune (Bymiljøetaten)"},"type":"Feature"},{"geometry":{"coordinates":[10.820404,59.948219999999999],"type":"Point"},"id":"swimspot-oslo-45","properties":{"description":"Bydel: Bjerke","name":"Årvolldammen","source":"Oslo kommune (Bymiljøetaten)"},"type":"Feature"},{"geometry":{"coordinates":[10.634036,59.949672],"type":"Point"},"id":"swimspot-oslo-46","properties":{"name":"Grinidammen","source":"Oslo kommune (Bymiljøetaten)"},"type":"Feature"},{"geometry":{"coordinates":[10.898866,59.968283999999997],"type":"Point"},"id":"swimspot-oslo-47","properties":{"description":"Bydel: Grorud. Mer info hos Oslo Bymiljøetaten","name":"Svarttjern","source":"Oslo kommune (Bymiljøetaten)"},"type":"Feature"},{"geometry":{"coordinates":[10.675208,59.895187],"type":"Point"},"id":"swimspot-oslo-48","properties":{"description":"Bydel: Frogner. Mer info hos Oslo Bymiljøetaten","name":"Huk, ved restauranten","source":"Oslo kommune (Bymiljøetaten)"},"type":"Feature"},{"geometry":{"coordinates":[10.750560999999999,59.864398000000001],"type":"Point"},"id":"swimspot-oslo-49","properties":{"description":"Bydel: Nordstrand. Mer info hos Oslo Bymiljøetaten","name":"Solvik","source":"Oslo kommune (Bymiljøetaten)"},"type":"Feature"},{"geometry":{"coordinates":[10.852427,59.871043],"type":"Point"},"id":"swimspot-oslo-5","properties":{"description":"Bydel: Østmarka. Mer info hos Oslo Bymiljøetaten","name":"Skraperudtjern","source":"Oslo kommune (Bymiljøetaten)"},"type":"Feature"},{"geometry":{"coordinates":[10.646229,59.981071],"type":"Point"},"id":"swimspot-oslo-52","properties":{"description":"Bydel: Nordmarka","name":"Strømsdammen","source":"Oslo kommune (Bymiljøetaten)"},"type":"Feature"},{"geometry":{"coordinates":[10.730738000000001,59.970551],"type":"Point"},"id":"swimspot-oslo-53","properties":{"description":"Bydel: Nordre Aker. Mer info hos Oslo Bymiljøetaten","name":"Sognsvann","source":"Oslo kommune (Bymiljøetaten)"},"type":"Feature"},{"geometry":{"coordinates":[10.881966,59.917670999999999],"type":"Point"},"id":"swimspot-oslo-54","properties":{"description":"Bydel: Østmarka. Mer info hos Oslo Bymiljøetaten","name":"Lutvann","source":"Oslo kommune (Bymiljøetaten)"},"type":"Feature"},{"geometry":{"coordinates":[10.862188,59.875647999999998],"type":"Point"},"id":"swimspot-oslo-55","properties":{"description":"Bydel: Østmarka. Mer info hos Oslo Bymiljøetaten","name":"Nøklevann, Bråten","source":"Oslo kommune (Bymiljøetaten)"},"type":"Feature"},{"geometry":{"coordinates":[10.885539,59.975265],"type":"Point"},"id":"swimspot-oslo-6","properties":{"description":"Bydel: Nordmarka. Mer info hos Oslo Bymiljøetaten","name":"Steinbruvann","source":"Oslo kommune (Bymiljøetaten)"},"type":"Feature"},{"geometry":{"coordinates":[10.737246000000001,59.976447],"type":"Point"},"id":"swimspot-oslo-7","properties":{"description":"Bydel: Nordmarka","name":"Svartkulp","source":"Oslo kommune (Bymiljøetaten)"},"type":"Feature"},{"geometry":{"coordinates":[10.807259,59.961647999999997],"type":"Point"},"id":"swimspot-oslo-8","properties":{"description":"Bydel: Nordmarka. Mer info hos Oslo Bymiljøetaten","name":"Trollvann","source":"Oslo kommune (Bymiljøetaten)"},"type":"Feature"},{"geometry":{"coordinates":[10.867705000000001,59.888944000000002],"type":"Point"},"id":"swimspot-oslo-9","properties":{"description":"Bydel: Østmarka. Mer info hos Oslo Bymiljøetaten","name":"Ulsrudvann","source":"Oslo kommune (Bymiljøetaten)"},"type":"Feature"},{"geometry":{"coordinates":[11.164539,62.617828000000003],"type":"Point"},"id":"swimspot-osm-node-10119103580","properties":{"name":"Storsandtjønna badeplass","osm_ref":"node-10119103580","source":"OpenStreetMap"},"type":"Feature"},{"geometry":{"coordinates":[6.9640190000000004,58.364122000000002],"type":"Point"},"id":"swimspot-osm-node-10123618433","properties":{"name":"Badeplass","osm_ref":"node-10123618433","source":"OpenStreetMap"},"type":"Feature"},{"geometry":{"coordinates":[10.681542,60.937719999999999],"type":"Point"},"id":"swimspot-osm-node-10126471583","properties":{"name":"Boligvika","osm_ref":"node-10126471583","source":"OpenStreetMap"},"type":"Feature"},{"geometry":{"coordinates":[10.939333,60.874746999999999],"type":"Point"},"id":"swimspot-osm-node-10126471703","properties":{"name":"Nerkvernstranda","osm_ref":"node-10126471703","source":"OpenStreetMap"},"type":"Feature"},{"geometry":{"coordinates":[10.702044000000001,61.096445000000003],"type":"Point"},"id":"swimspot-osm-node-10126471972","properties":{"name":"Mattisvollen","osm_ref":"node-10126471972","source":"OpenStreetMap"},"type":"Feature"},{"geometry":{"coordinates":[10.696739000000001,60.916632999999997],"type":"Point"},"id":"swimspot-osm-node-10126472223","properties":{"name":"Sanda badeplass","osm_ref":"node-10126472223","source":"OpenStreetMap"},"type":"Feature"},{"geometry":{"coordinates":[10.690064,60.920195],"type":"Point"},"id":"swimspot-osm-node-10126472912","properties":{"name":"Møkkvika badeplass","osm_ref":"node-10126472912","source":"OpenStreetMap"},"type":"Feature"},{"geometry":{"coordinates":[5.9849810000000003,60.003683000000002],"type":"Point"},"id":"swimspot-osm-node-10181983874","properties":{"name":"Røyneholm","osm_ref":"node-10181983874","source":"OpenStreetMap"},"type":"Feature"},{"geometry":{"coordinates":[10.459597,63.263663999999999],"type":"Point"},"id":"swimspot-osm-node-10218053596","properties":{"name":"Hengebrua badeplass","osm_ref":"node-10218053596","source":"OpenStreetMap"},"type":"Feature"},{"geometry":{"coordinates":[10.466531,63.282499999999999],"type":"Point"},"id":"swimspot-osm-node-10218077784","properties":{"name":"Svean Moodden friluftsområde","osm_ref":"node-10218077784","source":"OpenStreetMap"},"type":"Feature"},{"geometry":{"coordinates":[10.507914,63.250236000000001],"type":"Point"},"id":"swimspot-osm-node-10218078335","properties":{"name":"Bjørsjøen badeplass","osm_ref":"node-10218078335","source":"OpenStreetMap"},"type":"Feature"},{"geometry":{"coordinates":[10.473495,63.281559000000001],"type":"Point"},"id":"swimspot-osm-node-10218078533","properties":{"name":"Svean bad","osm_ref":"node-10218078533","source":"OpenStreetMap"},"type":"Feature"},{"geometry":{"coordinates":[10.430300000000001,59.567796999999999],"type":"Point"},"id":"swimspot-osm-node-10225952612","properties":{"name":"Gryta","osm_ref":"node-10225952612","source":"OpenStreetMap"},"type":"Feature"},{"geometry":{"coordinates":[10.517158,59.603203000000001],"type":"Point"},"id":"swimspot-osm-node-10225952621","properties":{"name":"Roligheta","osm_ref":"node-10225952621","source":"OpenStreetMap"},"type":"Feature"},{"geometry":{"coordinates":[10.748341999999999,59.818306],"type":"Point"},"id":"swimspot-osm-node-10229028219","properties":{"name":"Ingierstrand bad","osm_ref":"node-10229028219","source":"OpenStreetMap"},"type":"Feature"},{"geometry":{"coordinates":[9.2516420000000004,58.714708999999999],"type":"Point"},"id":"swimspot-osm-node-10536577373","properties":{"name":"Badeplass","osm_ref":"node-10536577373","source":"OpenStreetMap"},"type":"Feature"},{"geometry":{"coordinates":[9.2584540000000004,58.726475999999998],"type":"Point"},"id":"swimspot-osm-node-10536577379","properties":{"name":"Badeplass","osm_ref":"node-10536577379","source":"OpenStreetMap"},"type":"Feature"},{"geometry":{"coordinates":[9.2593130000000006,58.725763999999998],"type":"Point"},"id":"swimspot-osm-node-10536577380","properties":{"name":"Badeplass","osm_ref":"node-10536577380","source":"OpenStreetMap"},"type":"Feature"},{"geometry":{"coordinates":[9.2635079999999999,58.730849999999997],"type":"Point"},"id":"swimspot-osm-node-10536577384","properties":{"name":"Badeplass","osm_ref":"node-10536577384","source":"OpenStreetMap"},"type":"Feature"},{"geometry":{"coordinates":[9.2916070000000008,58.735374999999998],"type":"Point"},"id":"swimspot-osm-node-10536577391","properties":{"name":"Badeplass","osm_ref":"node-10536577391","source":"OpenStreetMap"},"type":"Feature"},{"geometry":{"coordinates":[9.2247400000000006,58.710064000000003],"type":"Point"},"id":"swimspot-osm-node-10536613840","properties":{"name":"Badeplass","osm_ref":"node-10536613840","source":"OpenStreetMap"},"type":"Feature"},{"geometry":{"coordinates":[9.2280180000000005,58.711652000000001],"type":"Point"},"id":"swimspot-osm-node-10536613841","properties":{"name":"Badeplass","osm_ref":"node-10536613841","source":"OpenStreetMap"},"type":"Feature"},{"geometry":{"coordinates":[5.0688620000000002,61.592542000000002],"type":"Point"},"id":"swimspot-osm-node-11051520282","properties":{"name":"Badeplass","osm_ref":"node-11051520282","source":"OpenStreetMap"},"type":"Feature"},{"geometry":{"coordinates":[5.0926080000000002,60.539903000000002],"type":"Point"},"id":"swimspot-osm-node-11054214064","properties":{"name":"Fløksand och Leirvik Gard Friluftområde","osm_ref":"node-11054214064","source":"OpenStreetMap"},"type":"Feature"},{"geometry":{"coordinates":[10.224243,63.961562999999998],"type":"Point"},"id":"swimspot-osm-node-11071743786","properties":{"name":"Å badet!","osm_ref":"node-11071743786","source":"OpenStreetMap"},"type":"Feature"},{"geometry":{"coordinates":[19.212230999999999,69.236176],"type":"Point"},"id":"swimspot-osm-node-11088719150","properties":{"name":"Moan Bad","osm_ref":"node-11088719150","source":"OpenStreetMap"},"type":"Feature"},{"geometry":{"coordinates":[9.2598690000000001,58.760196000000001],"type":"Point"},"id":"swimspot-osm-node-12096831178","properties":{"name":"Badestrand","osm_ref":"node-12096831178","source":"OpenStreetMap"},"type":"Feature"},{"geometry":{"coordinates":[5.727125,58.819043999999998],"type":"Point"},"id":"swimspot-osm-node-12107390145","properties":{"name":"Badeplass","osm_ref":"node-12107390145","source":"OpenStreetMap"},"type":"Feature"},{"geometry":{"coordinates":[9.2976189999999992,58.837079000000003],"type":"Point"},"id":"swimspot-osm-node-1264446382","properties":{"name":"Badeplass","osm_ref":"node-1264446382","source":"OpenStreetMap"},"type":"Feature"},{"geometry":{"coordinates":[9.4151019999999992,58.864645000000003],"type":"Point"},"id":"swimspot-osm-node-1268902881","properties":{"name":"Sjøbadet","osm_ref":"node-1268902881","source":"OpenStreetMap"},"type":"Feature"},{"geometry":{"coordinates":[17.358647000000001,68.423974999999999],"type":"Point"},"id":"swimspot-osm-node-1274116360","properties":{"name":"Badestrand","osm_ref":"node-1274116360","source":"OpenStreetMap"},"type":"Feature"},{"geometry":{"coordinates":[6.0996709999999998,58.641328999999999],"type":"Point"},"id":"swimspot-osm-node-12816114892","properties":{"name":"Badeplass","osm_ref":"node-12816114892","source":"OpenStreetMap"},"type":"Feature"},{"geometry":{"coordinates":[5.7770609999999998,58.810986],"type":"Point"},"id":"swimspot-osm-node-12816185474","properties":{"name":"Badeplass","osm_ref":"node-12816185474","source":"OpenStreetMap"},"type":"Feature"},{"geometry":{"coordinates":[5.7758430000000001,58.887383999999997],"type":"Point"},"id":"swimspot-osm-node-12816185475","properties":{"name":"Badeplass","osm_ref":"node-12816185475","source":"OpenStreetMap"},"type":"Feature"},{"geometry":{"coordinates":[5.7797340000000004,58.906412000000003],"type":"Point"},"id":"swimspot-osm-node-12816225029","properties":{"name":"Badeplass","osm_ref":"node-12816225029","source":"OpenStreetMap"},"type":"Feature"},{"geometry":{"coordinates":[5.7489610000000004,58.924180999999997],"type":"Point"},"id":"swimspot-osm-node-12860388284","properties":{"name":"Vaulen Badeplass","osm_ref":"node-12860388284","source":"OpenStreetMap"},"type":"Feature"},{"geometry":{"coordinates":[7.0762919999999996,60.47296],"type":"Point"},"id":"swimspot-osm-node-12973193491","properties":{"name":"Badeplass","osm_ref":"node-12973193491","source":"OpenStreetMap"},"type":"Feature"},{"geometry":{"coordinates":[7.8919030000000001,58.080827999999997],"type":"Point"},"id":"swimspot-osm-node-13078284435","properties":{"name":"Badeplass","osm_ref":"node-13078284435","source":"OpenStreetMap"},"type":"Feature"},{"geometry":{"coordinates":[7.9123239999999999,58.076341999999997],"type":"Point"},"id":"swimspot-osm-node-13078288644","properties":{"name":"Badeplass","osm_ref":"node-13078288644","source":"OpenStreetMap"},"type":"Feature"},{"geometry":{"coordinates":[7.8979929999999996,58.079324999999997],"type":"Point"},"id":"swimspot-osm-node-13078292402","properties":{"name":"Badeplass","osm_ref":"node-13078292402","source":"OpenStreetMap"},"type":"Feature"},{"geometry":{"coordinates":[7.8937879999999998,58.083286999999999],"type":"Point"},"id":"swimspot-osm-node-13078292626","properties":{"name":"Badeplass","osm_ref":"node-13078292626","source":"OpenStreetMap"},"type":"Feature"},{"geometry":{"coordinates":[7.1055140000000003,61.223455999999999],"type":"Point"},"id":"swimspot-osm-node-13084317374","properties":{"name":"Badeplass","osm_ref":"node-13084317374","source":"OpenStreetMap"},"type":"Feature"},{"geometry":{"coordinates":[5.0722110000000002,61.593392999999999],"type":"Point"},"id":"swimspot-osm-node-13404021596","properties":{"name":"Badeplass","osm_ref":"node-13404021596","source":"OpenStreetMap"},"type":"Feature"},{"geometry":{"coordinates":[9.4566110000000005,58.868048000000002],"type":"Point"},"id":"swimspot-osm-node-1370675519","properties":{"name":"Badeplass","osm_ref":"node-1370675519","source":"OpenStreetMap"},"type":"Feature"},{"geometry":{"coordinates":[10.656801,59.436422999999998],"type":"Point"},"id":"swimspot-osm-node-13990805499","properties":{"name":"Badeplass","osm_ref":"node-13990805499","source":"OpenStreetMap"},"type":"Feature"},{"geometry":{"coordinates":[10.672328,59.861725999999997],"type":"Point"},"id":"swimspot-osm-node-1401649016","properties":{"name":"Badeplass","osm_ref":"node-1401649016","source":"OpenStreetMap"},"type":"Feature"},{"geometry":{"coordinates":[10.386310999999999,63.434097999999999],"type":"Point"},"id":"swimspot-osm-node-14049665234","properties":{"name":"Badetrappen","osm_ref":"node-14049665234","source":"OpenStreetMap"},"type":"Feature"},{"geometry":{"coordinates":[10.223908,59.088175999999997],"type":"Point"},"id":"swimspot-osm-node-1613653770","properties":{"name":"Badeplass","osm_ref":"node-1613653770","source":"OpenStreetMap"},"type":"Feature"},{"geometry":{"coordinates":[9.2168089999999996,63.057834],"type":"Point"},"id":"swimspot-osm-node-1768629583","properties":{"name":"Badeplass","osm_ref":"node-1768629583","source":"OpenStreetMap"},"type":"Feature"},{"geometry":{"coordinates":[9.3654410000000006,58.864834000000002],"type":"Point"},"id":"swimspot-osm-node-1770091774","properties":{"name":"Badeplass","osm_ref":"node-1770091774","source":"OpenStreetMap"},"type":"Feature"},{"geometry":{"coordinates":[5.7466540000000004,58.978217000000001],"type":"Point"},"id":"swimspot-osm-node-1802995468","properties":{"name":"Badeplass","osm_ref":"node-1802995468","source":"OpenStreetMap"},"type":"Feature"},{"geometry":{"coordinates":[6.7173040000000004,58.076607000000003],"type":"Point"},"id":"swimspot-osm-node-1822939795","properties":{"description":"Underlag: sand","name":"Badeplass","osm_ref":"node-1822939795","source":"OpenStreetMap"},"type":"Feature"},{"geometry":{"coordinates":[11.169878000000001,60.155994],"type":"Point"},"id":"swimspot-osm-node-2256254473","properties":{"name":"Badeplass","osm_ref":"node-2256254473","source":"OpenStreetMap"},"type":"Feature"},{"geometry":{"coordinates":[5.7520759999999997,58.926101000000003],"type":"Point"},"id":"swimspot-osm-node-22963245","properties":{"name":"Badeplass","osm_ref":"node-22963245","source":"OpenStreetMap"},"type":"Feature"},{"geometry":{"coordinates":[11.343044000000001,59.736046000000002],"type":"Point"},"id":"swimspot-osm-node-2378031425","properties":{"name":"Badeplass","osm_ref":"node-2378031425","source":"OpenStreetMap"},"type":"Feature"},{"geometry":{"coordinates":[8.6179279999999991,62.989463999999998],"type":"Point"},"id":"swimspot-osm-node-24552122","properties":{"name":"Kalkstranda","osm_ref":"node-24552122","source":"OpenStreetMap"},"type":"Feature"},{"geometry":{"coordinates":[7.4946989999999998,58.042878999999999],"type":"Point"},"id":"swimspot-osm-node-2455719129","properties":{"name":"Badeplass","osm_ref":"node-2455719129","source":"OpenStreetMap"},"type":"Feature"},{"geometry":{"coordinates":[10.245810000000001,63.341025999999999],"type":"Point"},"id":"swimspot-osm-node-250096755","properties":{"name":"Badeplass","osm_ref":"node-250096755","source":"OpenStreetMap"},"type":"Feature"},{"geometry":{"coordinates":[7.6958710000000004,58.941093000000002],"type":"Point"},"id":"swimspot-osm-node-2514228180","properties":{"name":"Badeplass","osm_ref":"node-2514228180","source":"OpenStreetMap"},"type":"Feature"},{"geometry":{"coordinates":[7.5145489999999997,59.126680999999998],"type":"Point"},"id":"swimspot-osm-node-2514833346","properties":{"name":"Badeplass","osm_ref":"node-2514833346","source":"OpenStreetMap"},"type":"Feature"},{"geometry":{"coordinates":[7.527774,59.208474000000002],"type":"Point"},"id":"swimspot-osm-node-2515267858","properties":{"name":"Badeplass","osm_ref":"node-2515267858","source":"OpenStreetMap"},"type":"Feature"},{"geometry":{"coordinates":[5.6553139999999997,58.736611000000003],"type":"Point"},"id":"swimspot-osm-node-26385910","properties":{"name":"Badeplass","osm_ref":"node-26385910","source":"OpenStreetMap"},"type":"Feature"},{"geometry":{"coordinates":[10.686809999999999,59.851264999999998],"type":"Point"},"id":"swimspot-osm-node-293400186","properties":{"name":"Hellviktangen","osm_ref":"node-293400186","source":"OpenStreetMap"},"type":"Feature"},{"geometry":{"coordinates":[10.662425000000001,59.868608000000002],"type":"Point"},"id":"swimspot-osm-node-293400190","properties":{"name":"Badeplass","osm_ref":"node-293400190","source":"OpenStreetMap"},"type":"Feature"},{"geometry":{"coordinates":[10.67182,59.862307000000001],"type":"Point"},"id":"swimspot-osm-node-293400195","properties":{"name":"Badeplass","osm_ref":"node-293400195","source":"OpenStreetMap"},"type":"Feature"},{"geometry":{"coordinates":[10.687284,59.851340999999998],"type":"Point"},"id":"swimspot-osm-node-293400197","properties":{"name":"Hellviktangen","osm_ref":"node-293400197","source":"OpenStreetMap"},"type":"Feature"},{"geometry":{"coordinates":[10.659656,59.870607],"type":"Point"},"id":"swimspot-osm-node-293400220","properties":{"description":"Underlag: stein","name":"Badeodden","osm_ref":"node-293400220","source":"OpenStreetMap"},"type":"Feature"},{"geometry":{"coordinates":[5.940086,58.896911000000003],"type":"Point"},"id":"swimspot-osm-node-2939125691","properties":{"name":"Badeplass","osm_ref":"node-2939125691","source":"OpenStreetMap"},"type":"Feature"},{"geometry":{"coordinates":[5.9402030000000003,58.904482999999999],"type":"Point"},"id":"swimspot-osm-node-2939212636","properties":{"name":"Badeplass","osm_ref":"node-2939212636","source":"OpenStreetMap"},"type":"Feature"},{"geometry":{"coordinates":[10.288798,63.385441],"type":"Point"},"id":"swimspot-osm-node-2957111932","properties":{"name":"Leirsjøen","osm_ref":"node-2957111932","source":"OpenStreetMap"},"type":"Feature"},{"geometry":{"coordinates":[10.963393999999999,59.933230000000002],"type":"Point"},"id":"swimspot-osm-node-2964492011","properties":{"name":"Badeplass","osm_ref":"node-2964492011","source":"OpenStreetMap"},"type":"Feature"},{"geometry":{"coordinates":[5.6791840000000002,58.960101999999999],"type":"Point"},"id":"swimspot-osm-node-2988989632","properties":{"name":"Badeplass","osm_ref":"node-2988989632","source":"OpenStreetMap"},"type":"Feature"},{"geometry":{"coordinates":[9.3845510000000001,58.784609000000003],"type":"Point"},"id":"swimspot-osm-node-3001559773","properties":{"name":"Badeplass","osm_ref":"node-3001559773","source":"OpenStreetMap"},"type":"Feature"},{"geometry":{"coordinates":[9.8749800000000008,59.961280000000002],"type":"Point"},"id":"swimspot-osm-node-317936837","properties":{"name":"Badeplass","osm_ref":"node-317936837","source":"OpenStreetMap"},"type":"Feature"},{"geometry":{"coordinates":[11.352668,59.129206000000003],"type":"Point"},"id":"swimspot-osm-node-31876812","properties":{"name":"Badeplass","osm_ref":"node-31876812","source":"OpenStreetMap"},"type":"Feature"},{"geometry":{"coordinates":[5.3600529999999997,60.305042],"type":"Point"},"id":"swimspot-osm-node-3679909444","properties":{"name":"Badeplass","osm_ref":"node-3679909444","source":"OpenStreetMap"},"type":"Feature"},{"geometry":{"coordinates":[5.3573909999999998,60.303992000000001],"type":"Point"},"id":"swimspot-osm-node-3679909445","properties":{"name":"Badeplass","osm_ref":"node-3679909445","source":"OpenStreetMap"},"type":"Feature"},{"geometry":{"coordinates":[11.207545,61.733550000000001],"type":"Point"},"id":"swimspot-osm-node-3718759195","properties":{"name":"Badeplass","osm_ref":"node-3718759195","source":"OpenStreetMap"},"type":"Feature"},{"geometry":{"coordinates":[11.041257999999999,62.465687000000003],"type":"Point"},"id":"swimspot-osm-node-3719190759","properties":{"name":"Badeplass","osm_ref":"node-3719190759","source":"OpenStreetMap"},"type":"Feature"},{"geometry":{"coordinates":[5.3597830000000002,60.214736000000002],"type":"Point"},"id":"swimspot-osm-node-4042707550","properties":{"name":"Badeplass","osm_ref":"node-4042707550","source":"OpenStreetMap"},"type":"Feature"},{"geometry":{"coordinates":[5.3544409999999996,60.215532000000003],"type":"Point"},"id":"swimspot-osm-node-4042707594","properties":{"name":"Badeplass","osm_ref":"node-4042707594","source":"OpenStreetMap"},"type":"Feature"},{"geometry":{"coordinates":[9.558446,58.931995000000001],"type":"Point"},"id":"swimspot-osm-node-4278605381","properties":{"name":"Badeplass","osm_ref":"node-4278605381","source":"OpenStreetMap"},"type":"Feature"},{"geometry":{"coordinates":[5.728529,58.969453999999999],"type":"Point"},"id":"swimspot-osm-node-432459242","properties":{"name":"Stavanger svømmehall","osm_ref":"node-432459242","source":"OpenStreetMap"},"type":"Feature"},{"geometry":{"coordinates":[9.1604860000000006,58.703102000000001],"type":"Point"},"id":"swimspot-osm-node-4423694655","properties":{"name":"Omlandstjenn","osm_ref":"node-4423694655","source":"OpenStreetMap"},"type":"Feature"},{"geometry":{"coordinates":[9.2375089999999993,58.725468999999997],"type":"Point"},"id":"swimspot-osm-node-4441699445","properties":{"name":"Badeplass","osm_ref":"node-4441699445","source":"OpenStreetMap"},"type":"Feature"},{"geometry":{"coordinates":[10.771326,59.833075000000001],"type":"Point"},"id":"swimspot-osm-node-446217787","properties":{"name":"Hvervenbukta","osm_ref":"node-446217787","source":"OpenStreetMap"},"type":"Feature"},{"geometry":{"coordinates":[9.2373759999999994,58.724919999999997],"type":"Point"},"id":"swimspot-osm-node-4568162570","properties":{"name":"Badeplass","osm_ref":"node-4568162570","source":"OpenStreetMap"},"type":"Feature"},{"geometry":{"coordinates":[5.2793510000000001,60.434832999999998],"type":"Point"},"id":"swimspot-osm-node-4834427627","properties":{"name":"Badeplass","osm_ref":"node-4834427627","source":"OpenStreetMap"},"type":"Feature"},{"geometry":{"coordinates":[5.8693429999999998,58.767874999999997],"type":"Point"},"id":"swimspot-osm-node-486101489","properties":{"name":"Ålgård svømmehall","osm_ref":"node-486101489","source":"OpenStreetMap"},"type":"Feature"},{"geometry":{"coordinates":[6.7002490000000003,58.145913999999998],"type":"Point"},"id":"swimspot-osm-node-4907829222","properties":{"name":"Badeplass","osm_ref":"node-4907829222","source":"OpenStreetMap"},"type":"Feature"},{"geometry":{"coordinates":[10.423797,59.166708999999997],"type":"Point"},"id":"swimspot-osm-node-4922692495","properties":{"name":"Storbadern","osm_ref":"node-4922692495","source":"OpenStreetMap"},"type":"Feature"},{"geometry":{"coordinates":[5.3546040000000001,60.511642000000002],"type":"Point"},"id":"swimspot-osm-node-4935933335","properties":{"name":"Badeplass","osm_ref":"node-4935933335","source":"OpenStreetMap"},"type":"Feature"},{"geometry":{"coordinates":[11.620054,59.874924],"type":"Point"},"id":"swimspot-osm-node-5004933789","properties":{"name":"Badeplass","osm_ref":"node-5004933789","source":"OpenStreetMap"},"type":"Feature"},{"geometry":{"coordinates":[8.5386100000000003,62.189602000000001],"type":"Point"},"id":"swimspot-osm-node-5014553753","properties":{"name":"Badeplass","osm_ref":"node-5014553753","source":"OpenStreetMap"},"type":"Feature"},{"geometry":{"coordinates":[11.872444,63.543436],"type":"Point"},"id":"swimspot-osm-node-5059021662","properties":{"name":"Badeplass","osm_ref":"node-5059021662","source":"OpenStreetMap"},"type":"Feature"},{"geometry":{"coordinates":[14.531358000000001,66.285002000000006],"type":"Point"},"id":"swimspot-osm-node-5063828344","properties":{"name":"Badeplass","osm_ref":"node-5063828344","source":"OpenStreetMap"},"type":"Feature"},{"geometry":{"coordinates":[5.7461330000000004,59.853876],"type":"Point"},"id":"swimspot-osm-node-543392896","properties":{"name":"Badeplass","osm_ref":"node-543392896","source":"OpenStreetMap"},"type":"Feature"},{"geometry":{"coordinates":[8.1130309999999994,59.347197999999999],"type":"Point"},"id":"swimspot-osm-node-5626149011","properties":{"name":"Haråssanden","osm_ref":"node-5626149011","source":"OpenStreetMap"},"type":"Feature"},{"geometry":{"coordinates":[5.8415439999999998,59.102060000000002],"type":"Point"},"id":"swimspot-osm-node-565101011","properties":{"name":"Badeplass","osm_ref":"node-565101011","source":"OpenStreetMap"},"type":"Feature"},{"geometry":{"coordinates":[9.3229319999999998,58.851768999999997],"type":"Point"},"id":"swimspot-osm-node-565717749","properties":{"name":"Badeplass","osm_ref":"node-565717749","source":"OpenStreetMap"},"type":"Feature"},{"geometry":{"coordinates":[9.0989590000000007,59.340195000000001],"type":"Point"},"id":"swimspot-osm-node-5660393855","properties":{"name":"Tjønnebotten","osm_ref":"node-5660393855","source":"OpenStreetMap"},"type":"Feature"},{"geometry":{"coordinates":[9.7138449999999992,59.108265000000003],"type":"Point"},"id":"swimspot-osm-node-5679141365","properties":{"name":"Olavsberget","osm_ref":"node-5679141365","source":"OpenStreetMap"},"type":"Feature"},{"geometry":{"coordinates":[9.7723759999999995,59.029240000000001],"type":"Point"},"id":"swimspot-osm-node-5679141445","properties":{"name":"Vadberget","osm_ref":"node-5679141445","source":"OpenStreetMap"},"type":"Feature"},{"geometry":{"coordinates":[9.723922,59.059424999999997],"type":"Point"},"id":"swimspot-osm-node-5679141482","properties":{"name":"Dikkon","osm_ref":"node-5679141482","source":"OpenStreetMap"},"type":"Feature"},{"geometry":{"coordinates":[9.5269130000000004,59.282797000000002],"type":"Point"},"id":"swimspot-osm-node-5683157258","properties":{"name":"Bliva","osm_ref":"node-5683157258","source":"OpenStreetMap"},"type":"Feature"},{"geometry":{"coordinates":[9.4314339999999994,59.253295000000001],"type":"Point"},"id":"swimspot-osm-node-5683157610","properties":{"name":"Dilsdalstranda","osm_ref":"node-5683157610","source":"OpenStreetMap"},"type":"Feature"},{"geometry":{"coordinates":[6.8345209999999996,61.186000999999997],"type":"Point"},"id":"swimspot-osm-node-5787345760","properties":{"name":"Badeplass","osm_ref":"node-5787345760","source":"OpenStreetMap"},"type":"Feature"},{"geometry":{"coordinates":[8.0902840000000005,58.138973999999997],"type":"Point"},"id":"swimspot-osm-node-5860824273","properties":{"name":"Badeplass","osm_ref":"node-5860824273","source":"OpenStreetMap"},"type":"Feature"},{"geometry":{"coordinates":[5.7500669999999996,58.923735000000001],"type":"Point"},"id":"swimspot-osm-node-5863791713","properties":{"name":"Badeplass","osm_ref":"node-5863791713","source":"OpenStreetMap"},"type":"Feature"},{"geometry":{"coordinates":[6.0097370000000003,59.983615999999998],"type":"Point"},"id":"swimspot-osm-node-618879691","properties":{"name":"Badeplass","osm_ref":"node-618879691","source":"OpenStreetMap"},"type":"Feature"},{"geometry":{"coordinates":[8.5089550000000003,58.263832000000001],"type":"Point"},"id":"swimspot-osm-node-6255727446","properties":{"name":"Homborsund badebrygge","osm_ref":"node-6255727446","source":"OpenStreetMap"},"type":"Feature"},{"geometry":{"coordinates":[5.3209600000000004,60.407910000000001],"type":"Point"},"id":"swimspot-osm-node-6358251052","properties":{"name":"Badeplass","osm_ref":"node-6358251052","source":"OpenStreetMap"},"type":"Feature"},{"geometry":{"coordinates":[10.512997,59.733908],"type":"Point"},"id":"swimspot-osm-node-655300818","properties":{"name":"Badeplass","osm_ref":"node-655300818","source":"OpenStreetMap"},"type":"Feature"},{"geometry":{"coordinates":[6.156879,61.510398000000002],"type":"Point"},"id":"swimspot-osm-node-6563563892","properties":{"name":"Badeplass","osm_ref":"node-6563563892","source":"OpenStreetMap"},"type":"Feature"},{"geometry":{"coordinates":[8.0339609999999997,58.144841],"type":"Point"},"id":"swimspot-osm-node-6610948243","properties":{"name":"Badeplass","osm_ref":"node-6610948243","source":"OpenStreetMap"},"type":"Feature"},{"geometry":{"coordinates":[6.735754,60.688045000000002],"type":"Point"},"id":"swimspot-osm-node-6647225721","properties":{"name":"Badeplass","osm_ref":"node-6647225721","source":"OpenStreetMap"},"type":"Feature"},{"geometry":{"coordinates":[8.4621429999999993,61.451881],"type":"Point"},"id":"swimspot-osm-node-7246114268","properties":{"name":"Badeplass","osm_ref":"node-7246114268","source":"OpenStreetMap"},"type":"Feature"},{"geometry":{"coordinates":[10.791893,59.19014],"type":"Point"},"id":"swimspot-osm-node-736619510","properties":{"name":"Mærrapanna","osm_ref":"node-736619510","source":"OpenStreetMap"},"type":"Feature"},{"geometry":{"coordinates":[5.9188640000000001,59.092579999999998],"type":"Point"},"id":"swimspot-osm-node-7393356008","properties":{"name":"Tøgevågen","osm_ref":"node-7393356008","source":"OpenStreetMap"},"type":"Feature"},{"geometry":{"coordinates":[23.452109,69.965496999999999],"type":"Point"},"id":"swimspot-osm-node-7503758702","properties":{"name":"Skogvannet","osm_ref":"node-7503758702","source":"OpenStreetMap"},"type":"Feature"},{"geometry":{"coordinates":[14.152763,66.311458999999999],"type":"Point"},"id":"swimspot-osm-node-7778138251","properties":{"name":"Moheia bad","osm_ref":"node-7778138251","source":"OpenStreetMap"},"type":"Feature"},{"geometry":{"coordinates":[6.9469510000000003,59.024383999999998],"type":"Point"},"id":"swimspot-osm-node-7780693485","properties":{"name":"Badeplass","osm_ref":"node-7780693485","source":"OpenStreetMap"},"type":"Feature"},{"geometry":{"coordinates":[10.764402,62.218938999999999],"type":"Point"},"id":"swimspot-osm-node-7787559754","properties":{"name":"Badeplass","osm_ref":"node-7787559754","source":"OpenStreetMap"},"type":"Feature"},{"geometry":{"coordinates":[10.830875000000001,59.762093],"type":"Point"},"id":"swimspot-osm-node-8345062156","properties":{"name":"Tussetjern","osm_ref":"node-8345062156","source":"OpenStreetMap"},"type":"Feature"},{"geometry":{"coordinates":[9.5465879999999999,59.292093000000001],"type":"Point"},"id":"swimspot-osm-node-843366183","properties":{"name":"Badeplass","osm_ref":"node-843366183","source":"OpenStreetMap"},"type":"Feature"},{"geometry":{"coordinates":[5.9752910000000004,58.724217000000003],"type":"Point"},"id":"swimspot-osm-node-844235690","properties":{"name":"Badeplass","osm_ref":"node-844235690","source":"OpenStreetMap"},"type":"Feature"},{"geometry":{"coordinates":[19.002438999999999,69.694282999999999],"type":"Point"},"id":"swimspot-osm-node-853824672","properties":{"name":"Stakkevollanhallen","osm_ref":"node-853824672","source":"OpenStreetMap"},"type":"Feature"},{"geometry":{"coordinates":[5.7497939999999996,58.924610999999999],"type":"Point"},"id":"swimspot-osm-node-8690042296","properties":{"name":"Badeplass","osm_ref":"node-8690042296","source":"OpenStreetMap"},"type":"Feature"},{"geometry":{"coordinates":[5.7442000000000002,58.923555999999998],"type":"Point"},"id":"swimspot-osm-node-8690042303","properties":{"name":"Badeplass","osm_ref":"node-8690042303","source":"OpenStreetMap"},"type":"Feature"},{"geometry":{"coordinates":[10.262884,63.285620000000002],"type":"Point"},"id":"swimspot-osm-node-892290915","properties":{"name":"C-bygget","osm_ref":"node-892290915","source":"OpenStreetMap"},"type":"Feature"},{"geometry":{"coordinates":[5.540985,59.474837999999998],"type":"Point"},"id":"swimspot-osm-node-8945118689","properties":{"name":"Badeplass","osm_ref":"node-8945118689","source":"OpenStreetMap"},"type":"Feature"},{"geometry":{"coordinates":[10.502812,59.802995000000003],"type":"Point"},"id":"swimspot-osm-node-8947082956","properties":{"name":"Badeplass","osm_ref":"node-8947082956","source":"OpenStreetMap"},"type":"Feature"},{"geometry":{"coordinates":[9.7067230000000002,63.225313],"type":"Point"},"id":"swimspot-osm-node-9057057668","properties":{"name":"Badeplass","osm_ref":"node-9057057668","source":"OpenStreetMap"},"type":"Feature"},{"geometry":{"coordinates":[9.6773690000000006,62.589441999999998],"type":"Point"},"id":"swimspot-osm-node-9628209836","properties":{"name":"Kolsjøen badeplass","osm_ref":"node-9628209836","source":"OpenStreetMap"},"type":"Feature"},{"geometry":{"coordinates":[9.2075689999999994,62.662869999999998],"type":"Point"},"id":"swimspot-osm-node-9628209845","properties":{"name":"Ångardsvatnet badestrand","osm_ref":"node-9628209845","source":"OpenStreetMap"},"type":"Feature"},{"geometry":{"coordinates":[9.3981060000000003,62.698500000000003],"type":"Point"},"id":"swimspot-osm-node-9628210091","properties":{"name":"Rauøra badeplass","osm_ref":"node-9628210091","source":"OpenStreetMap"},"type":"Feature"},{"geometry":{"coordinates":[11.328094999999999,60.336269000000001],"type":"Point"},"id":"swimspot-osm-node-9689176672","properties":{"name":"Fløyta","osm_ref":"node-9689176672","source":"OpenStreetMap"},"type":"Feature"},{"geometry":{"coordinates":[11.429714000000001,60.492356000000001],"type":"Point"},"id":"swimspot-osm-node-9691325296","properties":{"name":"Badeberget","osm_ref":"node-9691325296","source":"OpenStreetMap"},"type":"Feature"},{"geometry":{"coordinates":[5.3530150000000001,61.032308999999998],"type":"Point"},"id":"swimspot-osm-node-9875809934","properties":{"name":"Badeplass","osm_ref":"node-9875809934","source":"OpenStreetMap"},"type":"Feature"},{"geometry":{"coordinates":[8.4001090000000005,58.258822000000002],"type":"Point"},"id":"swimspot-osm-node-9899665122","properties":{"name":"Badeplass","osm_ref":"node-9899665122","source":"OpenStreetMap"},"type":"Feature"},{"geometry":{"coordinates":[7.8140049999999999,58.666246999999998],"type":"Point"},"id":"swimspot-osm-node-9902815584","properties":{"name":"Badeplass","osm_ref":"node-9902815584","source":"OpenStreetMap"},"type":"Feature"},{"geometry":{"coordinates":[10.609181,63.663972000000001],"type":"Point"},"id":"swimspot-osm-node-9903700393","properties":{"name":"Grandfjæra friområde","osm_ref":"node-9903700393","source":"OpenStreetMap"},"type":"Feature"},{"geometry":{"coordinates":[6.6685499999999998,62.671107999999997],"type":"Point"},"id":"swimspot-osm-node-9935350874","properties":{"name":"Leirvika","osm_ref":"node-9935350874","source":"OpenStreetMap"},"type":"Feature"},{"geometry":{"coordinates":[7.1446779999999999,62.733885000000001],"type":"Point"},"id":"swimspot-osm-node-9939940032","properties":{"name":"Molde svømme- og livredningsklubb","osm_ref":"node-9939940032","source":"OpenStreetMap"},"type":"Feature"},{"geometry":{"coordinates":[10.439615999999999,60.489088000000002],"type":"Point"},"id":"swimspot-osm-node-9942104278","properties":{"name":"Eidsand Badeplass","osm_ref":"node-9942104278","source":"OpenStreetMap"},"type":"Feature"},{"geometry":{"coordinates":[6.2536139999999998,62.463518999999998],"type":"Point"},"id":"swimspot-osm-node-9947981643","properties":{"name":"Prinsen friluftsbad","osm_ref":"node-9947981643","source":"OpenStreetMap"},"type":"Feature"},{"geometry":{"coordinates":[10.518444000000001,61.134300000000003],"type":"Point"},"id":"swimspot-osm-relation-10616509","properties":{"name":"Abbortjern","osm_ref":"relation-10616509","source":"OpenStreetMap"},"type":"Feature"},{"geometry":{"coordinates":[10.508578,61.120862000000002],"type":"Point"},"id":"swimspot-osm-relation-10715370","properties":{"name":"Badeplass","osm_ref":"relation-10715370","source":"OpenStreetMap"},"type":"Feature"},{"geometry":{"coordinates":[11.467060999999999,60.789997999999997],"type":"Point"},"id":"swimspot-osm-relation-11277332","properties":{"name":"Haverbekkvika","osm_ref":"relation-11277332","source":"OpenStreetMap"},"type":"Feature"},{"geometry":{"coordinates":[6.2490490000000003,60.280875999999999],"type":"Point"},"id":"swimspot-osm-relation-13014071","properties":{"name":"Badeplass","osm_ref":"relation-13014071","source":"OpenStreetMap"},"type":"Feature"},{"geometry":{"coordinates":[5.4532179999999997,60.498606000000002],"type":"Point"},"id":"swimspot-osm-relation-13656224","properties":{"name":"Badeplass","osm_ref":"relation-13656224","source":"OpenStreetMap"},"type":"Feature"},{"geometry":{"coordinates":[5.4241039999999998,60.497950000000003],"type":"Point"},"id":"swimspot-osm-relation-13683823","properties":{"name":"Badeplass","osm_ref":"relation-13683823","source":"OpenStreetMap"},"type":"Feature"},{"geometry":{"coordinates":[9.9097950000000008,59.017220999999999],"type":"Point"},"id":"swimspot-osm-relation-15747972","properties":{"name":"Hallestranda","osm_ref":"relation-15747972","source":"OpenStreetMap"},"type":"Feature"},{"geometry":{"coordinates":[9.9089320000000001,59.017418999999997],"type":"Point"},"id":"swimspot-osm-relation-15747973","properties":{"name":"Hallestranda","osm_ref":"relation-15747973","source":"OpenStreetMap"},"type":"Feature"},{"geometry":{"coordinates":[11.215146000000001,59.104672999999998],"type":"Point"},"id":"swimspot-osm-relation-16117144","properties":{"name":"Badeplass","osm_ref":"relation-16117144","source":"OpenStreetMap"},"type":"Feature"},{"geometry":{"coordinates":[8.5481090000000002,58.911895999999999],"type":"Point"},"id":"swimspot-osm-relation-17517993","properties":{"name":"Sjodiplane","osm_ref":"relation-17517993","source":"OpenStreetMap"},"type":"Feature"},{"geometry":{"coordinates":[11.214573,59.095503000000001],"type":"Point"},"id":"swimspot-osm-relation-17885481","properties":{"name":"Pina","osm_ref":"relation-17885481","source":"OpenStreetMap"},"type":"Feature"},{"geometry":{"coordinates":[6.1441800000000004,58.948780999999997],"type":"Point"},"id":"swimspot-osm-relation-18988346","properties":{"description":"Underlag: sand","name":"Dørvika","osm_ref":"relation-18988346","source":"OpenStreetMap"},"type":"Feature"},{"geometry":{"coordinates":[6.005293,58.815055999999998],"type":"Point"},"id":"swimspot-osm-relation-19233097","properties":{"name":"Badeplass","osm_ref":"relation-19233097","source":"OpenStreetMap"},"type":"Feature"},{"geometry":{"coordinates":[6.0086969999999997,58.816425000000002],"type":"Point"},"id":"swimspot-osm-relation-19233098","properties":{"name":"Badeplass","osm_ref":"relation-19233098","source":"OpenStreetMap"},"type":"Feature"},{"geometry":{"coordinates":[6.895187,60.705562],"type":"Point"},"id":"swimspot-osm-relation-19352723","properties":{"name":"Keep Smiling kulpen","osm_ref":"relation-19352723","source":"OpenStreetMap"},"type":"Feature"},{"geometry":{"coordinates":[10.861090000000001,59.959631000000002],"type":"Point"},"id":"swimspot-osm-relation-2960180","properties":{"name":"Vesletjern","osm_ref":"relation-2960180","source":"OpenStreetMap"},"type":"Feature"},{"geometry":{"coordinates":[13.794105,66.869383999999997],"type":"Point"},"id":"swimspot-osm-relation-3492640","properties":{"name":"Krinsvatnet","osm_ref":"relation-3492640","source":"OpenStreetMap"},"type":"Feature"},{"geometry":{"coordinates":[9.7607520000000001,59.497011999999998],"type":"Point"},"id":"swimspot-osm-relation-6377320","properties":{"name":"Nordre Støveltjern","osm_ref":"relation-6377320","source":"OpenStreetMap"},"type":"Feature"},{"geometry":{"coordinates":[9.1299069999999993,58.646647000000002],"type":"Point"},"id":"swimspot-osm-relation-6445882","properties":{"name":"Einarsvika","osm_ref":"relation-6445882","source":"OpenStreetMap"},"type":"Feature"},{"geometry":{"coordinates":[6.3339809999999996,58.348173000000003],"type":"Point"},"id":"swimspot-osm-relation-7301098","properties":{"name":"Linepollen","osm_ref":"relation-7301098","source":"OpenStreetMap"},"type":"Feature"},{"geometry":{"coordinates":[13.981223999999999,67.275604999999999],"type":"Point"},"id":"swimspot-osm-relation-7511972","properties":{"name":"Nonskarvågen","osm_ref":"relation-7511972","source":"OpenStreetMap"},"type":"Feature"},{"geometry":{"coordinates":[23.703237000000001,70.681973999999997],"type":"Point"},"id":"swimspot-osm-relation-8519969","properties":{"name":"Storvannet","osm_ref":"relation-8519969","source":"OpenStreetMap"},"type":"Feature"},{"geometry":{"coordinates":[5.4088890000000003,60.552661999999998],"type":"Point"},"id":"swimspot-osm-way-1019023122","properties":{"name":"Badeplass","osm_ref":"way-1019023122","source":"OpenStreetMap"},"type":"Feature"},{"geometry":{"coordinates":[11.096045999999999,60.780137000000003],"type":"Point"},"id":"swimspot-osm-way-1026523236","properties":{"name":"Sandvikastranda Badeplass","osm_ref":"way-1026523236","source":"OpenStreetMap"},"type":"Feature"},{"geometry":{"coordinates":[11.03472,60.79224],"type":"Point"},"id":"swimspot-osm-way-1026523240","properties":{"name":"Domkirkeodden Badeplass","osm_ref":"way-1026523240","source":"OpenStreetMap"},"type":"Feature"},{"geometry":{"coordinates":[10.702121999999999,60.912115],"type":"Point"},"id":"swimspot-osm-way-1026540667","properties":{"name":"Korgerstuguvika Badeplass","osm_ref":"way-1026540667","source":"OpenStreetMap"},"type":"Feature"},{"geometry":{"coordinates":[10.723545,60.898727999999998],"type":"Point"},"id":"swimspot-osm-way-1026540668","properties":{"name":"Ringstrand Badeplass","osm_ref":"way-1026540668","source":"OpenStreetMap"},"type":"Feature"},{"geometry":{"coordinates":[10.67928,60.822581999999997],"type":"Point"},"id":"swimspot-osm-way-1026540673","properties":{"name":"Fristranda Badeplass","osm_ref":"way-1026540673","source":"OpenStreetMap"},"type":"Feature"},{"geometry":{"coordinates":[10.875332,60.716790000000003],"type":"Point"},"id":"swimspot-osm-way-1026540675","properties":{"name":"Tallodden Badeplass","osm_ref":"way-1026540675","source":"OpenStreetMap"},"type":"Feature"},{"geometry":{"coordinates":[11.260424,60.613227999999999],"type":"Point"},"id":"swimspot-osm-way-1026540678","properties":{"name":"Tangenodden Badeplass","osm_ref":"way-1026540678","source":"OpenStreetMap"},"type":"Feature"},{"geometry":{"coordinates":[10.941527000000001,60.873021999999999],"type":"Point"},"id":"swimspot-osm-way-1026543845","properties":{"name":"Verven Badeplass","osm_ref":"way-1026543845","source":"OpenStreetMap"},"type":"Feature"},{"geometry":{"coordinates":[10.529534999999999,59.683050999999999],"type":"Point"},"id":"swimspot-osm-way-1056601463","properties":{"name":"Sætre bystrand","osm_ref":"way-1056601463","source":"OpenStreetMap"},"type":"Feature"},{"geometry":{"coordinates":[9.2383659999999992,58.716270999999999],"type":"Point"},"id":"swimspot-osm-way-1130649290","properties":{"name":"Badeplass","osm_ref":"way-1130649290","source":"OpenStreetMap"},"type":"Feature"},{"geometry":{"coordinates":[9.2409459999999992,58.721252999999997],"type":"Point"},"id":"swimspot-osm-way-1130651285","properties":{"name":"Badeplass","osm_ref":"way-1130651285","source":"OpenStreetMap"},"type":"Feature"},{"geometry":{"coordinates":[9.2234269999999992,58.710144],"type":"Point"},"id":"swimspot-osm-way-1131168241","properties":{"name":"Badeplass","osm_ref":"way-1131168241","source":"OpenStreetMap"},"type":"Feature"},{"geometry":{"coordinates":[9.212866,58.707120000000003],"type":"Point"},"id":"swimspot-osm-way-1131168242","properties":{"name":"Badeplass","osm_ref":"way-1131168242","source":"OpenStreetMap"},"type":"Feature"},{"geometry":{"coordinates":[9.2434349999999998,58.708745],"type":"Point"},"id":"swimspot-osm-way-1131168243","properties":{"name":"Badeplass","osm_ref":"way-1131168243","source":"OpenStreetMap"},"type":"Feature"},{"geometry":{"coordinates":[9.2462420000000005,58.712795999999997],"type":"Point"},"id":"swimspot-osm-way-1131168244","properties":{"name":"Badeplass","osm_ref":"way-1131168244","source":"OpenStreetMap"},"type":"Feature"},{"geometry":{"coordinates":[9.2504729999999995,58.714530000000003],"type":"Point"},"id":"swimspot-osm-way-1131168245","properties":{"name":"Badeplass","osm_ref":"way-1131168245","source":"OpenStreetMap"},"type":"Feature"},{"geometry":{"coordinates":[9.2564109999999999,58.714505000000003],"type":"Point"},"id":"swimspot-osm-way-1131168246","properties":{"name":"Badeplass","osm_ref":"way-1131168246","source":"OpenStreetMap"},"type":"Feature"},{"geometry":{"coordinates":[9.2515610000000006,58.719602999999999],"type":"Point"},"id":"swimspot-osm-way-1131168247","properties":{"name":"Badeplass","osm_ref":"way-1131168247","source":"OpenStreetMap"},"type":"Feature"},{"geometry":{"coordinates":[9.2552789999999998,58.720466999999999],"type":"Point"},"id":"swimspot-osm-way-1131168248","properties":{"name":"Badeplass","osm_ref":"way-1131168248","source":"OpenStreetMap"},"type":"Feature"},{"geometry":{"coordinates":[9.2620769999999997,58.719836000000001],"type":"Point"},"id":"swimspot-osm-way-1131168249","properties":{"name":"Badeplass","osm_ref":"way-1131168249","source":"OpenStreetMap"},"type":"Feature"},{"geometry":{"coordinates":[9.2634469999999993,58.719515000000001],"type":"Point"},"id":"swimspot-osm-way-1131168250","properties":{"name":"Badeplass","osm_ref":"way-1131168250","source":"OpenStreetMap"},"type":"Feature"},{"geometry":{"coordinates":[9.2649329999999992,58.719617],"type":"Point"},"id":"swimspot-osm-way-1131168251","properties":{"name":"Badeplass","osm_ref":"way-1131168251","source":"OpenStreetMap"},"type":"Feature"},{"geometry":{"coordinates":[9.2621990000000007,58.729993999999998],"type":"Point"},"id":"swimspot-osm-way-1131168252","properties":{"name":"Badeplass","osm_ref":"way-1131168252","source":"OpenStreetMap"},"type":"Feature"},{"geometry":{"coordinates":[9.2642729999999993,58.730164000000002],"type":"Point"},"id":"swimspot-osm-way-1131168253","properties":{"name":"Badeplass","osm_ref":"way-1131168253","source":"OpenStreetMap"},"type":"Feature"},{"geometry":{"coordinates":[9.2680670000000003,58.730933],"type":"Point"},"id":"swimspot-osm-way-1131168254","properties":{"name":"Badeplass","osm_ref":"way-1131168254","source":"OpenStreetMap"},"type":"Feature"},{"geometry":{"coordinates":[9.2698149999999995,58.729931999999998],"type":"Point"},"id":"swimspot-osm-way-1131168255","properties":{"name":"Badeplass","osm_ref":"way-1131168255","source":"OpenStreetMap"},"type":"Feature"},{"geometry":{"coordinates":[9.2713769999999993,58.729525000000002],"type":"Point"},"id":"swimspot-osm-way-1131168256","properties":{"name":"Badeplass","osm_ref":"way-1131168256","source":"OpenStreetMap"},"type":"Feature"},{"geometry":{"coordinates":[9.287922,58.727134999999997],"type":"Point"},"id":"swimspot-osm-way-1131168257","properties":{"name":"Badeplass","osm_ref":"way-1131168257","source":"OpenStreetMap"},"type":"Feature"},{"geometry":{"coordinates":[9.2887649999999997,58.733778999999998],"type":"Point"},"id":"swimspot-osm-way-1131168258","properties":{"name":"Badeplass","osm_ref":"way-1131168258","source":"OpenStreetMap"},"type":"Feature"},{"geometry":{"coordinates":[9.2924910000000001,58.734746000000001],"type":"Point"},"id":"swimspot-osm-way-1131168259","properties":{"name":"Badeplass","osm_ref":"way-1131168259","source":"OpenStreetMap"},"type":"Feature"},{"geometry":{"coordinates":[9.2955030000000001,58.734020000000001],"type":"Point"},"id":"swimspot-osm-way-1131168260","properties":{"name":"Badeplass","osm_ref":"way-1131168260","source":"OpenStreetMap"},"type":"Feature"},{"geometry":{"coordinates":[9.2310499999999998,58.728228999999999],"type":"Point"},"id":"swimspot-osm-way-1131169545","properties":{"name":"Badeplass","osm_ref":"way-1131169545","source":"OpenStreetMap"},"type":"Feature"},{"geometry":{"coordinates":[9.1987389999999998,58.722613000000003],"type":"Point"},"id":"swimspot-osm-way-1131169546","properties":{"name":"Mindalen","osm_ref":"way-1131169546","source":"OpenStreetMap"},"type":"Feature"},{"geometry":{"coordinates":[9.1596320000000002,58.725186000000001],"type":"Point"},"id":"swimspot-osm-way-1131169547","properties":{"name":"Sandtaket","osm_ref":"way-1131169547","source":"OpenStreetMap"},"type":"Feature"},{"geometry":{"coordinates":[9.1563829999999999,58.728645],"type":"Point"},"id":"swimspot-osm-way-1131169548","properties":{"name":"Badeplass","osm_ref":"way-1131169548","source":"OpenStreetMap"},"type":"Feature"},{"geometry":{"coordinates":[9.2689599999999999,59.284773000000001],"type":"Point"},"id":"swimspot-osm-way-1162480002","properties":{"description":"Underlag: sand","name":"Ulefoss","osm_ref":"way-1162480002","source":"OpenStreetMap"},"type":"Feature"},{"geometry":{"coordinates":[8.5206730000000004,59.380586000000001],"type":"Point"},"id":"swimspot-osm-way-1163341360","properties":{"description":"Underlag: sand","name":"Badeplass","osm_ref":"way-1163341360","source":"OpenStreetMap"},"type":"Feature"},{"geometry":{"coordinates":[8.1839119999999994,59.423195999999997],"type":"Point"},"id":"swimspot-osm-way-1163614102","properties":{"description":"Underlag: sand","name":"Badeplass","osm_ref":"way-1163614102","source":"OpenStreetMap"},"type":"Feature"},{"geometry":{"coordinates":[10.49527,63.438699],"type":"Point"},"id":"swimspot-osm-way-1178762224","properties":{"name":"Badeplass","osm_ref":"way-1178762224","source":"OpenStreetMap"},"type":"Feature"},{"geometry":{"coordinates":[9.1495759999999997,60.046342000000003],"type":"Point"},"id":"swimspot-osm-way-1187652040","properties":{"name":"Badeplass","osm_ref":"way-1187652040","source":"OpenStreetMap"},"type":"Feature"},{"geometry":{"coordinates":[10.648849,59.912132999999997],"type":"Point"},"id":"swimspot-osm-way-119385331","properties":{"name":"Badeplass","osm_ref":"way-119385331","source":"OpenStreetMap"},"type":"Feature"},{"geometry":{"coordinates":[10.554323999999999,59.539437999999997],"type":"Point"},"id":"swimspot-osm-way-1194296589","properties":{"name":"Badeplass","osm_ref":"way-1194296589","source":"OpenStreetMap"},"type":"Feature"},{"geometry":{"coordinates":[6.6472350000000002,58.297907000000002],"type":"Point"},"id":"swimspot-osm-way-1199761831","properties":{"name":"Badeplass","osm_ref":"way-1199761831","source":"OpenStreetMap"},"type":"Feature"},{"geometry":{"coordinates":[7.5269399999999997,58.047578000000001],"type":"Point"},"id":"swimspot-osm-way-1200334356","properties":{"name":"Smikilen","osm_ref":"way-1200334356","source":"OpenStreetMap"},"type":"Feature"},{"geometry":{"coordinates":[5.8423780000000001,59.102893999999999],"type":"Point"},"id":"swimspot-osm-way-1204485488","properties":{"name":"Gardsvågen","osm_ref":"way-1204485488","source":"OpenStreetMap"},"type":"Feature"},{"geometry":{"coordinates":[12.626134,65.989091000000002],"type":"Point"},"id":"swimspot-osm-way-1248303127","properties":{"name":"Sandnessjøen havsbad","osm_ref":"way-1248303127","source":"OpenStreetMap"},"type":"Feature"},{"geometry":{"coordinates":[6.2463680000000004,59.485187000000003],"type":"Point"},"id":"swimspot-osm-way-125516198","properties":{"name":"Badeplass","osm_ref":"way-125516198","source":"OpenStreetMap"},"type":"Feature"},{"geometry":{"coordinates":[13.016539,67.894835999999998],"type":"Point"},"id":"swimspot-osm-way-1299494117","properties":{"name":"Badeplass","osm_ref":"way-1299494117","source":"OpenStreetMap"},"type":"Feature"},{"geometry":{"coordinates":[5.7186060000000003,58.820953000000003],"type":"Point"},"id":"swimspot-osm-way-1307390334","properties":{"name":"Badeplass","osm_ref":"way-1307390334","source":"OpenStreetMap"},"type":"Feature"},{"geometry":{"coordinates":[7.4442630000000003,58.025961000000002],"type":"Point"},"id":"swimspot-osm-way-132957823","properties":{"name":"Mandal Svømmehall","osm_ref":"way-132957823","source":"OpenStreetMap"},"type":"Feature"},{"geometry":{"coordinates":[5.6263810000000003,60.206494999999997],"type":"Point"},"id":"swimspot-osm-way-1414488545","properties":{"name":"Badeplass","osm_ref":"way-1414488545","source":"OpenStreetMap"},"type":"Feature"},{"geometry":{"coordinates":[18.962586999999999,69.650964000000002],"type":"Point"},"id":"swimspot-osm-way-1415232571","properties":{"name":"Pust","osm_ref":"way-1415232571","source":"OpenStreetMap"},"type":"Feature"},{"geometry":{"coordinates":[10.680486,60.937826000000001],"type":"Point"},"id":"swimspot-osm-way-1418696258","properties":{"name":"Boligvika Badeplass","osm_ref":"way-1418696258","source":"OpenStreetMap"},"type":"Feature"},{"geometry":{"coordinates":[8.6979539999999993,59.991095000000001],"type":"Point"},"id":"swimspot-osm-way-1423648021","properties":{"name":"Røyslandsbergo","osm_ref":"way-1423648021","source":"OpenStreetMap"},"type":"Feature"},{"geometry":{"coordinates":[10.280317999999999,59.614322000000001],"type":"Point"},"id":"swimspot-osm-way-1425539300","properties":{"name":"Badeplass","osm_ref":"way-1425539300","source":"OpenStreetMap"},"type":"Feature"},{"geometry":{"coordinates":[10.259122,59.560851999999997],"type":"Point"},"id":"swimspot-osm-way-1425539668","properties":{"name":"Badeplass","osm_ref":"way-1425539668","source":"OpenStreetMap"},"type":"Feature"},{"geometry":{"coordinates":[10.266169,59.562376999999998],"type":"Point"},"id":"swimspot-osm-way-1425569355","properties":{"name":"Badeplass","osm_ref":"way-1425569355","source":"OpenStreetMap"},"type":"Feature"},{"geometry":{"coordinates":[10.268687999999999,59.560367999999997],"type":"Point"},"id":"swimspot-osm-way-1425569475","properties":{"name":"Badeplass","osm_ref":"way-1425569475","source":"OpenStreetMap"},"type":"Feature"},{"geometry":{"coordinates":[10.393003999999999,59.548701000000001],"type":"Point"},"id":"swimspot-osm-way-1425593956","properties":{"name":"Badeplass","osm_ref":"way-1425593956","source":"OpenStreetMap"},"type":"Feature"},{"geometry":{"coordinates":[10.404351999999999,59.569875000000003],"type":"Point"},"id":"swimspot-osm-way-1425594134","properties":{"name":"Badeplass","osm_ref":"way-1425594134","source":"OpenStreetMap"},"type":"Feature"},{"geometry":{"coordinates":[10.258326,59.560926000000002],"type":"Point"},"id":"swimspot-osm-way-1425746599","properties":{"name":"Badeplass","osm_ref":"way-1425746599","source":"OpenStreetMap"},"type":"Feature"},{"geometry":{"coordinates":[9.2405039999999996,58.717179000000002],"type":"Point"},"id":"swimspot-osm-way-1445750282","properties":{"name":"Badeplass","osm_ref":"way-1445750282","source":"OpenStreetMap"},"type":"Feature"},{"geometry":{"coordinates":[9.1417470000000005,58.702593],"type":"Point"},"id":"swimspot-osm-way-1447361087","properties":{"name":"Badeplass","osm_ref":"way-1447361087","source":"OpenStreetMap"},"type":"Feature"},{"geometry":{"coordinates":[7.9987139999999997,58.135221000000001],"type":"Point"},"id":"swimspot-osm-way-1457781711","properties":{"name":"Badeplass","osm_ref":"way-1457781711","source":"OpenStreetMap"},"type":"Feature"},{"geometry":{"coordinates":[10.827697000000001,59.169578999999999],"type":"Point"},"id":"swimspot-osm-way-1461578010","properties":{"description":"Drikkevann","name":"Foten badeplass;Foten","osm_ref":"way-1461578010","source":"OpenStreetMap"},"type":"Feature"},{"geometry":{"coordinates":[10.930364000000001,59.136518000000002],"type":"Point"},"id":"swimspot-osm-way-1488666104","properties":{"description":"Underlag: sand","name":"Tangen","osm_ref":"way-1488666104","source":"OpenStreetMap"},"type":"Feature"},{"geometry":{"coordinates":[17.536809000000002,68.546903],"type":"Point"},"id":"swimspot-osm-way-1491758018","properties":{"description":"Adgang: for kunder","name":"Badeplass","osm_ref":"way-1491758018","source":"OpenStreetMap"},"type":"Feature"},{"geometry":{"coordinates":[10.75727,59.905670000000001],"type":"Point"},"id":"swimspot-osm-way-1539882234","properties":{"name":"Badeplass","osm_ref":"way-1539882234","source":"OpenStreetMap"},"type":"Feature"},{"geometry":{"coordinates":[9.4014469999999992,58.850811999999998],"type":"Point"},"id":"swimspot-osm-way-165468886","properties":{"name":"Stabbestranda","osm_ref":"way-165468886","source":"OpenStreetMap"},"type":"Feature"},{"geometry":{"coordinates":[10.960948,59.199517999999998],"type":"Point"},"id":"swimspot-osm-way-205367856","properties":{"name":"Friluftsbadet","osm_ref":"way-205367856","source":"OpenStreetMap"},"type":"Feature"},{"geometry":{"coordinates":[5.7416809999999998,58.873998],"type":"Point"},"id":"swimspot-osm-way-228665636","properties":{"name":"Luravika","osm_ref":"way-228665636","source":"OpenStreetMap"},"type":"Feature"},{"geometry":{"coordinates":[10.544592,63.430996],"type":"Point"},"id":"swimspot-osm-way-282889780","properties":{"name":"Hansbakkfjæra","osm_ref":"way-282889780","source":"OpenStreetMap"},"type":"Feature"},{"geometry":{"coordinates":[9.8862109999999994,62.649383],"type":"Point"},"id":"swimspot-osm-way-357267749","properties":{"name":"Badeplass","osm_ref":"way-357267749","source":"OpenStreetMap"},"type":"Feature"},{"geometry":{"coordinates":[6.0757349999999999,62.359991999999998],"type":"Point"},"id":"swimspot-osm-way-391094588","properties":{"description":"Underlag: sand","name":"Overasanden","osm_ref":"way-391094588","source":"OpenStreetMap"},"type":"Feature"},{"geometry":{"coordinates":[5.8492369999999996,62.402171000000003],"type":"Point"},"id":"swimspot-osm-way-394753928","properties":{"description":"Underlag: sand","name":"Flømolostrand","osm_ref":"way-394753928","source":"OpenStreetMap"},"type":"Feature"},{"geometry":{"coordinates":[9.2326519999999999,58.723526999999997],"type":"Point"},"id":"swimspot-osm-way-479772408","properties":{"name":"Badeplass","osm_ref":"way-479772408","source":"OpenStreetMap"},"type":"Feature"},{"geometry":{"coordinates":[10.099599,59.711393000000001],"type":"Point"},"id":"swimspot-osm-way-49982449","properties":{"name":"Svartekulpen","osm_ref":"way-49982449","source":"OpenStreetMap"},"type":"Feature"},{"geometry":{"coordinates":[8.5292440000000003,58.447361000000001],"type":"Point"},"id":"swimspot-osm-way-556757791","properties":{"name":"Bjelland støa","osm_ref":"way-556757791","source":"OpenStreetMap"},"type":"Feature"},{"geometry":{"coordinates":[10.808808000000001,59.960842999999997],"type":"Point"},"id":"swimspot-osm-way-5660374","properties":{"name":"Trollvann","osm_ref":"way-5660374","source":"OpenStreetMap"},"type":"Feature"},{"geometry":{"coordinates":[10.437720000000001,61.044801999999997],"type":"Point"},"id":"swimspot-osm-way-591446037","properties":{"name":"Vingromdammen Badeplass","osm_ref":"way-591446037","source":"OpenStreetMap"},"type":"Feature"},{"geometry":{"coordinates":[10.768006,59.209251999999999],"type":"Point"},"id":"swimspot-osm-way-598620092","properties":{"description":"Underlag: sand","name":"Trouville bad","osm_ref":"way-598620092","source":"OpenStreetMap"},"type":"Feature"},{"geometry":{"coordinates":[10.081313,59.330269999999999],"type":"Point"},"id":"swimspot-osm-way-61840150","properties":{"name":"Kleiveren","osm_ref":"way-61840150","source":"OpenStreetMap"},"type":"Feature"},{"geometry":{"coordinates":[10.475796000000001,61.118665],"type":"Point"},"id":"swimspot-osm-way-631350719","properties":{"name":"Badeplass","osm_ref":"way-631350719","source":"OpenStreetMap"},"type":"Feature"},{"geometry":{"coordinates":[10.441782,61.103000000000002],"type":"Point"},"id":"swimspot-osm-way-631353066","properties":{"name":"Vingnesvika Badeplass","osm_ref":"way-631353066","source":"OpenStreetMap"},"type":"Feature"},{"geometry":{"coordinates":[5.330381,60.380197000000003],"type":"Point"},"id":"swimspot-osm-way-639404677","properties":{"name":"Badeplass","osm_ref":"way-639404677","source":"OpenStreetMap"},"type":"Feature"},{"geometry":{"coordinates":[10.436038,61.126537999999996],"type":"Point"},"id":"swimspot-osm-way-663491813","properties":{"name":"Mosodden Badeplass","osm_ref":"way-663491813","source":"OpenStreetMap"},"type":"Feature"},{"geometry":{"coordinates":[5.7326389999999998,58.824447999999997],"type":"Point"},"id":"swimspot-osm-way-663901203","properties":{"name":"Badeplass","osm_ref":"way-663901203","source":"OpenStreetMap"},"type":"Feature"},{"geometry":{"coordinates":[10.656878000000001,59.545200000000001],"type":"Point"},"id":"swimspot-osm-way-688312055","properties":{"description":"Underlag: sand","name":"Holvik","osm_ref":"way-688312055","source":"OpenStreetMap"},"type":"Feature"},{"geometry":{"coordinates":[10.787259000000001,59.769576999999998],"type":"Point"},"id":"swimspot-osm-way-689114092","properties":{"description":"Underlag: sand","name":"Julekvelden","osm_ref":"way-689114092","source":"OpenStreetMap"},"type":"Feature"},{"geometry":{"coordinates":[5.4565190000000001,60.434615999999998],"type":"Point"},"id":"swimspot-osm-way-697609152","properties":{"name":"Holmen","osm_ref":"way-697609152","source":"OpenStreetMap"},"type":"Feature"},{"geometry":{"coordinates":[16.308980999999999,78.656388000000007],"type":"Point"},"id":"swimspot-osm-way-699107320","properties":{"name":"Badeplass","osm_ref":"way-699107320","source":"OpenStreetMap"},"type":"Feature"},{"geometry":{"coordinates":[10.392885,61.158051],"type":"Point"},"id":"swimspot-osm-way-701534508","properties":{"name":"Badeplass","osm_ref":"way-701534508","source":"OpenStreetMap"},"type":"Feature"},{"geometry":{"coordinates":[8.7283419999999996,58.427813],"type":"Point"},"id":"swimspot-osm-way-708601533","properties":{"description":"Adgang: for kunder","name":"Badeplass","osm_ref":"way-708601533","source":"OpenStreetMap"},"type":"Feature"},{"geometry":{"coordinates":[23.211182000000001,69.941906000000003],"type":"Point"},"id":"swimspot-osm-way-709242470","properties":{"description":"Underlag: sand","name":"Badeplass","osm_ref":"way-709242470","source":"OpenStreetMap"},"type":"Feature"},{"geometry":{"coordinates":[7.7809619999999997,58.553426999999999],"type":"Point"},"id":"swimspot-osm-way-713277862","properties":{"name":"Badeplass","osm_ref":"way-713277862","source":"OpenStreetMap"},"type":"Feature"},{"geometry":{"coordinates":[7.100009,58.184525999999998],"type":"Point"},"id":"swimspot-osm-way-720848640","properties":{"name":"Kvellandshølen","osm_ref":"way-720848640","source":"OpenStreetMap"},"type":"Feature"},{"geometry":{"coordinates":[7.0278879999999999,58.196237000000004],"type":"Point"},"id":"swimspot-osm-way-720853680","properties":{"name":"Hundsfossen","osm_ref":"way-720853680","source":"OpenStreetMap"},"type":"Feature"},{"geometry":{"coordinates":[5.8259930000000004,58.781426000000003],"type":"Point"},"id":"swimspot-osm-way-766882547","properties":{"name":"Badeplass","osm_ref":"way-766882547","source":"OpenStreetMap"},"type":"Feature"},{"geometry":{"coordinates":[10.488495,59.841633000000002],"type":"Point"},"id":"swimspot-osm-way-933021631","properties":{"name":"Badeplass","osm_ref":"way-933021631","source":"OpenStreetMap"},"type":"Feature"},{"geometry":{"coordinates":[11.483165,59.546669999999999],"type":"Point"},"id":"swimspot-osm-way-967220658","properties":{"name":"Lundebyvannet badeplass","osm_ref":"way-967220658","source":"OpenStreetMap"},"type":"Feature"},{"geometry":{"coordinates":[10.516275,61.013013999999998],"type":"Point"},"id":"swimspot-osm-way-969873225","properties":{"name":"Finsandsviken Badeplass","osm_ref":"way-969873225","source":"OpenStreetMap"},"type":"Feature"},{"geometry":{"coordinates":[10.625712999999999,60.961855999999997],"type":"Point"},"id":"swimspot-osm-way-972419347","properties":{"name":"Skumsrudvollene Badeplass","osm_ref":"way-972419347","source":"OpenStreetMap"},"type":"Feature"},{"geometry":{"coordinates":[10.503724999999999,61.000540999999998],"type":"Point"},"id":"swimspot-osm-way-972419443","properties":{"name":"Strandengen Badeplass","osm_ref":"way-972419443","source":"OpenStreetMap"},"type":"Feature"},{"geometry":{"coordinates":[10.459485000000001,61.021754999999999],"type":"Point"},"id":"swimspot-osm-way-972419480","properties":{"name":"Bjørnstadvika Badeplass","osm_ref":"way-972419480","source":"OpenStreetMap"},"type":"Feature"},{"geometry":{"coordinates":[10.45288,61.026598999999997],"type":"Point"},"id":"swimspot-osm-way-972419511","properties":{"name":"Badeplass","osm_ref":"way-972419511","source":"OpenStreetMap"},"type":"Feature"},{"geometry":{"coordinates":[10.438233,61.046360999999997],"type":"Point"},"id":"swimspot-osm-way-972419521","properties":{"name":"Vingromdammen Badeplass","osm_ref":"way-972419521","source":"OpenStreetMap"},"type":"Feature"},{"geometry":{"coordinates":[10.461465,61.100914000000003],"type":"Point"},"id":"swimspot-osm-way-972729332","properties":{"name":"Sustad Badeplass","osm_ref":"way-972729332","source":"OpenStreetMap"},"type":"Feature"},{"geometry":{"coordinates":[10.488512,61.025173000000002],"type":"Point"},"id":"swimspot-osm-way-972729373","properties":{"name":"Bekkodden Badeplass","osm_ref":"way-972729373","source":"OpenStreetMap"},"type":"Feature"},{"geometry":{"coordinates":[11.060109000000001,60.792822000000001],"type":"Point"},"id":"swimspot-osm-way-973179102","properties":{"name":"Koigen Badeplass","osm_ref":"way-973179102","source":"OpenStreetMap"},"type":"Feature"},{"geometry":{"coordinates":[7.1885430000000001,60.908938999999997],"type":"Point"},"id":"swimspot-osm-way-974989993","properties":{"name":"Badeplass","osm_ref":"way-974989993","source":"OpenStreetMap"},"type":"Feature"},{"geometry":{"coordinates":[10.673845,60.891426000000003],"type":"Point"},"id":"swimspot-osm-way-980388809","properties":{"name":"Sveastranda Badeplass","osm_ref":"way-980388809","source":"OpenStreetMap"},"type":"Feature"},{"geometry":{"coordinates":[10.676527999999999,60.890664999999998],"type":"Point"},"id":"swimspot-osm-way-980388810","properties":{"name":"Sveastranda Badeplass","osm_ref":"way-980388810","source":"OpenStreetMap"},"type":"Feature"},{"geometry":{"coordinates":[10.677087999999999,60.888635999999998],"type":"Point"},"id":"swimspot-osm-way-980388849","properties":{"name":"Sveastranda Badeplass","osm_ref":"way-980388849","source":"OpenStreetMap"},"type":"Feature"},{"geometry":{"coordinates":[10.923588000000001,60.877099999999999],"type":"Point"},"id":"swimspot-osm-way-983731462","properties":{"name":"Badeplass","osm_ref":"way-983731462","source":"OpenStreetMap"},"type":"Feature"},{"geometry":{"coordinates":[10.948558999999999,60.854678],"type":"Point"},"id":"swimspot-osm-way-983731464","properties":{"name":"Fiskerly Badeplass","osm_ref":"way-983731464","source":"OpenStreetMap"},"type":"Feature"},{"geometry":{"coordinates":[11.006311999999999,60.819282999999999],"type":"Point"},"id":"swimspot-osm-way-983731469","properties":{"name":"Furuberget Badeplass","osm_ref":"way-983731469","source":"OpenStreetMap"},"type":"Feature"},{"geometry":{"coordinates":[11.022886,60.804201999999997],"type":"Point"},"id":"swimspot-osm-way-983731470","properties":{"name":"Martodden Badeplass","osm_ref":"way-983731470","source":"OpenStreetMap"},"type":"Feature"},{"geometry":{"coordinates":[11.036493999999999,60.794974000000003],"type":"Point"},"id":"swimspot-osm-way-983731471","properties":{"name":"Rosenlundvika Badeplass","osm_ref":"way-983731471","source":"OpenStreetMap"},"type":"Feature"},{"geometry":{"coordinates":[11.050834,60.792163000000002],"type":"Point"},"id":"swimspot-osm-way-983731473","properties":{"name":"Ridehusstranda Badeplass","osm_ref":"way-983731473","source":"OpenStreetMap"},"type":"Feature"},{"geometry":{"coordinates":[11.074507000000001,60.768030000000003],"type":"Point"},"id":"swimspot-osm-way-983731476","properties":{"name":"HIAS-Stranda Badeplass","osm_ref":"way-983731476","source":"OpenStreetMap"},"type":"Feature"},{"geometry":{"coordinates":[10.851091,60.723242999999997],"type":"Point"},"id":"swimspot-osm-way-987332576","properties":{"name":"Hekshus Badeplass","osm_ref":"way-987332576","source":"OpenStreetMap"},"type":"Feature"},{"geometry":{"coordinates":[10.744005,60.874119],"type":"Point"},"id":"swimspot-osm-way-987332590","properties":{"name":"Saustadvika Badeplass","osm_ref":"way-987332590","source":"OpenStreetMap"},"type":"Feature"},{"geometry":{"coordinates":[10.920119,60.759165000000003],"type":"Point"},"id":"swimspot-osm-way-987637178","properties":{"name":"Stranden Badeplass","osm_ref":"way-987637178","source":"OpenStreetMap"},"type":"Feature"},{"geometry":{"coordinates":[10.858931,60.768842999999997],"type":"Point"},"id":"swimspot-osm-way-987637179","properties":{"name":"Hagelund Badeplass","osm_ref":"way-987637179","source":"OpenStreetMap"},"type":"Feature"},{"geometry":{"coordinates":[10.801246000000001,60.772523999999997],"type":"Point"},"id":"swimspot-osm-way-987637181","properties":{"name":"Kise Badeplass","osm_ref":"way-987637181","source":"OpenStreetMap"},"type":"Feature"},{"geometry":{"coordinates":[10.746157,60.794690000000003],"type":"Point"},"id":"swimspot-osm-way-987637182","properties":{"name":"Smedstua Badeplass","osm_ref":"way-987637182","source":"OpenStreetMap"},"type":"Feature"},{"geometry":{"coordinates":[10.720397999999999,60.817974],"type":"Point"},"id":"swimspot-osm-way-987637184","properties":{"name":"Tangnesodden Badeplass","osm_ref":"way-987637184","source":"OpenStreetMap"},"type":"Feature"},{"geometry":{"coordinates":[10.706891000000001,60.914124999999999],"type":"Point"},"id":"swimspot-osm-way-987637186","properties":{"name":"Korgerstuguvika Badeplass","osm_ref":"way-987637186","source":"OpenStreetMap"},"type":"Feature"},{"geometry":{"coordinates":[10.702837000000001,60.914822000000001],"type":"Point"},"id":"swimspot-osm-way-987637187","properties":{"name":"Steinvik Badeplass","osm_ref":"way-987637187","source":"OpenStreetMap"},"type":"Feature"},{"geometry":{"coordinates":[10.694153999999999,60.917140000000003],"type":"Point"},"id":"swimspot-osm-way-987637188","properties":{"name":"Sanda Badeplass","osm_ref":"way-987637188","source":"OpenStreetMap"},"type":"Feature"},{"geometry":{"coordinates":[10.689302,60.920285],"type":"Point"},"id":"swimspot-osm-way-987637189","properties":{"name":"Møkkvika Badeplass","osm_ref":"way-987637189","source":"OpenStreetMap"},"type":"Feature"},{"geometry":{"coordinates":[10.684583999999999,60.925435],"type":"Point"},"id":"swimspot-osm-way-987637190","properties":{"name":"Moelv Brygge Badeplass","osm_ref":"way-987637190","source":"OpenStreetMap"},"type":"Feature"},{"geometry":{"coordinates":[10.682798,60.929602000000003],"type":"Point"},"id":"swimspot-osm-way-987637191","properties":{"name":"Skinkvika Badeplass","osm_ref":"way-987637191","source":"OpenStreetMap"},"type":"Feature"},{"geometry":{"coordinates":[10.679515,60.938035999999997],"type":"Point"},"id":"swimspot-osm-way-987637192","properties":{"name":"Boligvika Badeplass","osm_ref":"way-987637192","source":"OpenStreetMap"},"type":"Feature"},{"geometry":{"coordinates":[10.681376999999999,60.944253000000003],"type":"Point"},"id":"swimspot-osm-way-987637193","properties":{"name":"Smestadvika Badeplass","osm_ref":"way-987637193","source":"OpenStreetMap"},"type":"Feature"},{"geometry":{"coordinates":[10.597904,60.993789],"type":"Point"},"id":"swimspot-osm-way-987637194","properties":{"name":"Samuelstuen Badeplass","osm_ref":"way-987637194","source":"OpenStreetMap"},"type":"Feature"},{"geometry":{"coordinates":[10.5425,61.006993000000001],"type":"Point"},"id":"swimspot-osm-way-987637195","properties":{"name":"Dælimoen Badeplass","osm_ref":"way-987637195","source":"OpenStreetMap"},"type":"Feature"},{"geometry":{"coordinates":[10.491830999999999,61.033092000000003],"type":"Point"},"id":"swimspot-osm-way-987637199","properties":{"name":"Kvitsandvika Badeplass","osm_ref":"way-987637199","source":"OpenStreetMap"},"type":"Feature"},{"geometry":{"coordinates":[10.456486999999999,61.110385999999998],"type":"Point"},"id":"swimspot-osm-way-987637200","properties":{"name":"Strandpromenaden Badeplass","osm_ref":"way-987637200","source":"OpenStreetMap"},"type":"Feature"},{"geometry":{"coordinates":[10.441837,61.122684999999997],"type":"Point"},"id":"swimspot-osm-way-987637201","properties":{"name":"Mosodden Badeplass","osm_ref":"way-987637201","source":"OpenStreetMap"},"type":"Feature"},{"geometry":{"coordinates":[10.453265,61.026167999999998],"type":"Point"},"id":"swimspot-osm-way-987637203","properties":{"name":"Bjørnstadvika Badeplass","osm_ref":"way-987637203","source":"OpenStreetMap"},"type":"Feature"},{"geometry":{"coordinates":[10.45481,61.024317000000003],"type":"Point"},"id":"swimspot-osm-way-987637204","properties":{"name":"Bjørnstadvika Badeplass","osm_ref":"way-987637204","source":"OpenStreetMap"},"type":"Feature"},{"geometry":{"coordinates":[10.500474000000001,61.001697999999998],"type":"Point"},"id":"swimspot-osm-way-987637205","properties":{"name":"Flutua Badeplass","osm_ref":"way-987637205","source":"OpenStreetMap"},"type":"Feature"},{"geometry":{"coordinates":[10.642211,60.947513999999998],"type":"Point"},"id":"swimspot-osm-way-987637206","properties":{"name":"Kremmerodden Badeplass","osm_ref":"way-987637206","source":"OpenStreetMap"},"type":"Feature"},{"geometry":{"coordinates":[10.643014000000001,60.948974999999997],"type":"Point"},"id":"swimspot-osm-way-987637207","properties":{"name":"Kremmerodden Badeplass","osm_ref":"way-987637207","source":"OpenStreetMap"},"type":"Feature"},{"geometry":{"coordinates":[10.687283000000001,60.807101000000003],"type":"Point"},"id":"swimspot-osm-way-987637210","properties":{"name":"Badeplass","osm_ref":"way-987637210","source":"OpenStreetMap"},"type":"Feature"},{"geometry":{"coordinates":[10.702037000000001,60.789254],"type":"Point"},"id":"swimspot-osm-way-987637211","properties":{"name":"Fredvika Badeplass","osm_ref":"way-987637211","source":"OpenStreetMap"},"type":"Feature"},{"geometry":{"coordinates":[10.702484999999999,60.781222],"type":"Point"},"id":"swimspot-osm-way-987637212","properties":{"name":"Rambekkvika Badeplass","osm_ref":"way-987637212","source":"OpenStreetMap"},"type":"Feature"},{"geometry":{"coordinates":[10.714197,60.773159],"type":"Point"},"id":"swimspot-osm-way-987637213","properties":{"name":"Vindingstad Badeplass","osm_ref":"way-987637213","source":"OpenStreetMap"},"type":"Feature"},{"geometry":{"coordinates":[11.007806,60.651851999999998],"type":"Point"},"id":"swimspot-osm-way-987637217","properties":{"name":"Panegenstranda Badeplass","osm_ref":"way-987637217","source":"OpenStreetMap"},"type":"Feature"},{"geometry":{"coordinates":[11.044757000000001,60.643940999999998],"type":"Point"},"id":"swimspot-osm-way-987637218","properties":{"name":"Evjua Badeplass","osm_ref":"way-987637218","source":"OpenStreetMap"},"type":"Feature"},{"geometry":{"coordinates":[11.170316,60.478717000000003],"type":"Point"},"id":"swimspot-osm-way-987637223","properties":{"name":"Årnesstranda Badeplass","osm_ref":"way-987637223","source":"OpenStreetMap"},"type":"Feature"},{"geometry":{"coordinates":[11.238163999999999,60.470509999999997],"type":"Point"},"id":"swimspot-osm-way-987637229","properties":{"name":"Morskogen Badeplass","osm_ref":"way-987637229","source":"OpenStreetMap"},"type":"Feature"},{"geometry":{"coordinates":[11.234501,60.484139999999996],"type":"Point"},"id":"swimspot-osm-way-987637233","properties":{"name":"Narviktangen Badeplass","osm_ref":"way-987637233","source":"OpenStreetMap"},"type":"Feature"},{"geometry":{"coordinates":[10.913268,60.881518],"type":"Point"},"id":"swimspot-osm-way-987637234","properties":{"name":"Pellervikstranda Badeplass","osm_ref":"way-987637234","source":"OpenStreetMap"},"type":"Feature"},{"geometry":{"coordinates":[10.919838,60.878549999999997],"type":"Point"},"id":"swimspot-osm-way-987637236","properties":{"name":"Bystranda Badeplass","osm_ref":"way-987637236","source":"OpenStreetMap"},"type":"Feature"},{"geometry":{"coordinates":[10.985752,60.827345999999999],"type":"Point"},"id":"swimspot-osm-way-987637237","properties":{"name":"Jessnesstranda Badeplass","osm_ref":"way-987637237","source":"OpenStreetMap"},"type":"Feature"},{"geometry":{"coordinates":[10.897667999999999,60.874177000000003],"type":"Point"},"id":"swimspot-osm-way-987637241","properties":{"name":"Kvarbergvika Badeplass","osm_ref":"way-987637241","source":"OpenStreetMap"},"type":"Feature"},{"geometry":{"coordinates":[10.926624,60.831435999999997],"type":"Point"},"id":"swimspot-osm-way-987637242","properties":{"name":"Strandheim Badeplass","osm_ref":"way-987637242","source":"OpenStreetMap"},"type":"Feature"},{"geometry":{"coordinates":[10.926389,60.830089000000001],"type":"Point"},"id":"swimspot-osm-way-987637243","properties":{"name":"Badeplass","osm_ref":"way-987637243","source":"OpenStreetMap"},"type":"Feature"},{"geometry":{"coordinates":[10.935801,60.748846],"type":"Point"},"id":"swimspot-osm-way-987637244","properties":{"name":"Skurven Badeplass","osm_ref":"way-987637244","source":"OpenStreetMap"},"type":"Feature"},{"geometry":{"coordinates":[10.938470000000001,60.761381],"type":"Point"},"id":"swimspot-osm-way-987637246","properties":{"name":"Velstranda Badeplass","osm_ref":"way-987637246","source":"OpenStreetMap"},"type":"Feature"},{"geometry":{"coordinates":[10.889241,60.880893999999998],"type":"Point"},"id":"swimspot-osm-way-989720927","properties":{"name":"Båssenden badeplass","osm_ref":"way-989720927","source":"OpenStreetMap"},"type":"Feature"},{"geometry":{"coordinates":[10.911928,60.868029],"type":"Point"},"id":"swimspot-osm-way-989721568","properties":{"name":"Sand Badeplass","osm_ref":"way-989721568","source":"OpenStreetMap"},"type":"Feature"},{"geometry":{"coordinates":[10.858760999999999,60.718470000000003],"type":"Point"},"id":"swimspot-osm-way-991789958","properties":{"name":"Melkefabrikken Badeplass","osm_ref":"way-991789958","source":"OpenStreetMap"},"type":"Feature"},{"geometry":{"coordinates":[9.2075449999999996,59.558114000000003],"type":"Point"},"id":"swimspot-ut-141575","properties":{"description":"Dette er en veldig populær badeplass.","elevation":16,"name":"Svingen","source":"UT.no\/DNT"},"type":"Feature"},{"geometry":{"coordinates":[5.1349499999999999,60.606513999999997],"type":"Point"},"id":"swimspot-ut-141651","properties":{"description":"Kvalvika eit nedlagt, veglaust småbruk. I dag er plassen brukt som feriestad.","elevation":3,"name":"Kvalvika","source":"UT.no\/DNT"},"type":"Feature"},{"geometry":{"coordinates":[5.0753620000000002,60.647723999999997],"type":"Point"},"id":"swimspot-ut-141654","properties":{"description":"Badeplass ved fin sandstrand.","elevation":15,"name":"Hangaren ved Hallandsvatnet","source":"UT.no\/DNT"},"type":"Feature"},{"geometry":{"coordinates":[11.964544999999999,60.167952999999997],"type":"Point"},"id":"swimspot-ut-141677","properties":{"description":"Ca 6 km fra Kongsvinger sentrum. Gress, toaletter, benker, sandvolleyball, flåte, relativt langgrunt, gode turmuligheter. God p-plass","elevation":232,"name":"Bæreia","source":"UT.no\/DNT"},"type":"Feature"},{"geometry":{"coordinates":[12.022734,60.195205000000001],"type":"Point"},"id":"swimspot-ut-141679","properties":{"description":"Den opprinnelige Tråstad-gården ble tidlig delt i Sør-Tråstad og Nord-Tråstad. Begge måtte på 1600-tallet avgi grunn til skanseverkene ved elva og senere til festningen, og mistet på denne måten mye jord. Du står der Nord-Tråstad lå. Livet ...","elevation":151,"name":"Guttebadet","source":"UT.no\/DNT"},"type":"Feature"},{"geometry":{"coordinates":[12.019129,60.205911999999998],"type":"Point"},"id":"swimspot-ut-141682","properties":{"description":"Strandpromenaden strekker seg seks kilometer langs Glomma, og landets største elv la grunnlaget for byen midt i skogen. Området har alltid vært et knutepunkt for ferdsel, både fra øst langs Vrangselva mot Arvika eller fra vest og nord langs...","elevation":146,"name":"Glåmstad","source":"UT.no\/DNT"},"type":"Feature"},{"geometry":{"coordinates":[9.9376270000000009,59.195211999999998],"type":"Point"},"id":"swimspot-ut-141689","properties":{"description":"Skjærsjø er et fint sted å raste, bade og\/eller fiske ved . En eldre, rød hytte\/tidl. kafé ligger mellom Svartangenveien (Kvelde -Siljan) og vannet, like ved er det fint å bade og raste. Skjærsjø ligger omtrent midtveis på blåmerka sti mell...","elevation":81,"name":"Skjærsjø badeplass","source":"UT.no\/DNT"},"type":"Feature"},{"geometry":{"coordinates":[11.367416,64.020662999999999],"type":"Point"},"id":"swimspot-ut-141708","properties":{"description":"Et statlig eid og tilrettelagt friluftsområde. Hoøya er tilrettelagt for friluftsliv og har grillplasser, lekestativer, toalettanlegg, flytebrygger og et stupetårn.","elevation":2,"name":"Hoøya","source":"UT.no\/DNT"},"type":"Feature"},{"geometry":{"coordinates":[11.492236,64.016630000000006],"type":"Point"},"id":"swimspot-ut-141713","properties":{"description":"Bystranda midt i Steinkjer med palmer og solstoler!","elevation":1,"name":"Bystranda","source":"UT.no\/DNT"},"type":"Feature"},{"geometry":{"coordinates":[9.6397089999999999,58.960673],"type":"Point"},"id":"swimspot-ut-141739","properties":{"description":"Rakkestadstranda er et friområde med en flott langgrund sandstrand. Dette er en av Bamblekystens små perler. Turbeskrivelse finner du her: Tur til Rakkestadstranda","elevation":1,"name":"Rakkestadstranda","source":"UT.no\/DNT"},"type":"Feature"},{"geometry":{"coordinates":[9.6853920000000002,58.973184000000003],"type":"Point"},"id":"swimspot-ut-141741","properties":{"description":"Fin strand og populært turområde. På Prisgrunn har det vært smelteverk og utskiping av nikkel fra gruvedrift i området (på slutten av 1800-tallet og begynnelsen av 1900-tallet), og flere steder kan man se grunnmurer og slagghauger etter den...","elevation":1,"name":"Prisgrunn","source":"UT.no\/DNT"},"type":"Feature"},{"geometry":{"coordinates":[11.932311,63.977316999999999],"type":"Point"},"id":"swimspot-ut-141742","properties":{"description":"Ta til venstre like etter brua 900 meter fra Bodom, kjør 250 meter og stopp ved sti til høyre. Gå 100 m oppover langs elva til badeplassen.","elevation":164,"name":"Moavuddu","source":"UT.no\/DNT"},"type":"Feature"},{"geometry":{"coordinates":[10.303459,59.726270999999997],"type":"Point"},"id":"swimspot-ut-141750","properties":{"description":"Statlig sikret friluftsområde med masse flotte badeplasser, både sandstrand og svaberg. Tilrettelagt for flere ulike aktiviteter. Det finnes parkeringsplass, benker og toaletter.","elevation":8,"name":"Engersand friluftsområde","source":"UT.no\/DNT"},"type":"Feature"},{"geometry":{"coordinates":[5.2735620000000001,60.255806],"type":"Point"},"id":"swimspot-ut-141774","properties":{"description":"Populær badeplass med stupebrett, skjellsand og rampe for rullestoler.","elevation":4,"name":"Grønnevika","source":"UT.no\/DNT"},"type":"Feature"},{"geometry":{"coordinates":[5.2817670000000003,60.256990000000002],"type":"Point"},"id":"swimspot-ut-141778","properties":{"description":"Friområde med fine muligheter for bading og fisking. Bergen og omland friluftsråd forvalter området og disponerer også en enkel steinhytte som kan leies av lag og foreninger.","name":"Sandholane","source":"UT.no\/DNT"},"type":"Feature"},{"geometry":{"coordinates":[5.2929380000000004,60.260930000000002],"type":"Point"},"id":"swimspot-ut-141783","properties":{"description":"Fin liten badevik med skjellsand.","elevation":1,"name":"Furevika","source":"UT.no\/DNT"},"type":"Feature"},{"geometry":{"coordinates":[5.3053189999999999,60.365824000000003],"type":"Point"},"id":"swimspot-ut-141785","properties":{"description":"Flott utformet badeplass med badebrygge og rampe for rullestolbrukere.","elevation":148,"name":"Badeplass ved Krohnegården","source":"UT.no\/DNT"},"type":"Feature"},{"geometry":{"coordinates":[4.9174759999999997,60.689211999999998],"type":"Point"},"id":"swimspot-ut-141798","properties":{"description":"Flott, langgrunn badeplass i Byngja.","elevation":2,"name":"Byngja","source":"UT.no\/DNT"},"type":"Feature"},{"geometry":{"coordinates":[7.4799300000000004,58.810738000000001],"type":"Point"},"id":"swimspot-ut-141839","properties":{"description":"Flott å bade på bergene i Murtebekken","elevation":487,"name":"Badeplass Murtebekken","source":"UT.no\/DNT"},"type":"Feature"},{"geometry":{"coordinates":[11.296595999999999,63.863512999999998],"type":"Point"},"id":"swimspot-ut-141846","properties":{"description":"Nydelig badestrand på Inderøy","elevation":1,"name":"Sundsand","source":"UT.no\/DNT"},"type":"Feature"},{"geometry":{"coordinates":[10.402915,63.303843999999998],"type":"Point"},"id":"swimspot-ut-141858","properties":{"description":"Fint sted å bade fra svabergene, stå på skøyter om vinteren eller fyre bål. Også fint mål for små føtter når man går tur fra Sjøla. Det finnes en trimpostkasse og en geocache i området.","elevation":348,"name":"Damtjønna","source":"UT.no\/DNT"},"type":"Feature"},{"geometry":{"coordinates":[5.2463150000000001,60.245508000000001],"type":"Point"},"id":"swimspot-ut-141894","properties":{"description":"Avskjermet vik","name":"Steingardsvikane Friområde","source":"UT.no\/DNT"},"type":"Feature"},{"geometry":{"coordinates":[8.8806139999999996,60.447403000000001],"type":"Point"},"id":"swimspot-ut-141914","properties":{"description":"Langedrag er en naturpark med rundt 350 dyr fordelt på 25 forskjellige arter. På tunet kan besøkende få oppleve nærkontakt og kos med våre mange husdyr som går fritt rundt som hester, geiter, kaniner, kuer og høner. I naturparken kan du på ...","elevation":985,"name":"Langedrag Naturpark","source":"UT.no\/DNT"},"type":"Feature"},{"geometry":{"coordinates":[5.7999549999999997,58.908113999999998],"type":"Point"},"id":"swimspot-ut-14197258","properties":{"description":"DALEVATNET, 140 m.o.h. Hvor: Nordøst fra Dale Hvor krevende: Enkel familietur fra Dale til demningen ved Dalevatnet, ca. 3,5 km t\/r. Adkomst og parkering: Kjør Daleveien til Stronda (nedre Gramstad) og videre til Dale. På Dale er det privat...","elevation":143,"name":"Dalevatnet","source":"UT.no\/DNT"},"type":"Feature"},{"geometry":{"coordinates":[5.5379459999999998,59.793315999999997],"type":"Point"},"id":"swimspot-ut-142142","properties":{"description":"Ta deg god tid når du besøker Hystadmarkjo. Her kan ein bada på ei av dei fine strendene, vitja gravrøyser frå vikingtida eller berre nyta velværet av å vandra i skogen og ved sjøen på same tid. Hystadmarkjo. Ein vert ein ført inn ein grøn ...","elevation":8,"name":"Hystadmarkjo","source":"UT.no\/DNT"},"type":"Feature"},{"geometry":{"coordinates":[14.607697,67.295558999999997],"type":"Point"},"id":"swimspot-ut-142373695","properties":{"description":"Mainndjupålen er en populær badeplass. Her kan du også treffe på ender, laks og sjøørret - og folk! Her er badebrygge, bålplasser og HC-toalett. En liten perle :-)","elevation":30,"name":"Mainndjupålen","source":"UT.no\/DNT"},"type":"Feature"},{"geometry":{"coordinates":[8.8177939999999992,59.989199999999997],"type":"Point"},"id":"swimspot-ut-142400768","properties":{"description":"Du kan parkere bilen ved Sandviken Camping, der finnes også offentlig badestrand og kaffe","elevation":195,"name":"Sandviken Camping","source":"UT.no\/DNT"},"type":"Feature"},{"geometry":{"coordinates":[13.202648,65.990827999999993],"type":"Point"},"id":"swimspot-ut-142413","properties":{"description":"Følg E-6 til Halsøya. Ta av til venstre på rv. 78 mot Sandnessjøen. Følg denne 14,5 km før du igjen svinger av til venstre på veg skiltet Granmoen. Følg den gamle vegen vel 1 km før du tar av til høyre på skilting Elsfjorden. Kjør ca. 1 km ...","elevation":211,"name":"Badekulpen i Litlåga","source":"UT.no\/DNT"},"type":"Feature"},{"geometry":{"coordinates":[10.101972,59.543430999999998],"type":"Point"},"id":"swimspot-ut-142414387","properties":{"description":"Stor og fin grassslette og badeplass. Også fint sted å nyte lunsjen.","elevation":37,"name":"Badeplass Vikevannet","source":"UT.no\/DNT"},"type":"Feature"},{"geometry":{"coordinates":[10.948407,60.855440000000002],"type":"Point"},"id":"swimspot-ut-142428099","properties":{"description":"Dette er et fint turmål på sykkel, men kan selvfølgelig også gås på beina eller trilles.. Nede ved Mjøsa er det en naturstrand. Fiskerly er Brumunddal og Omegn Sportsfiskerforenings hytte. Hytta ligger idyllisk til ved Mjøsas bredd. Se turf...","elevation":123,"name":"Fiskerly","source":"UT.no\/DNT"},"type":"Feature"},{"geometry":{"coordinates":[8.0189039999999991,58.144222999999997],"type":"Point"},"id":"swimspot-ut-142462965","properties":{"description":"Blomma ligger på Galgeberg, og er et lite friluftsområde med gress, svaberg og små strender. Det er et offentlig toalett der som holder åpent i badesesongen. Fra den idylliske Gabriel Scotts vei er det to tilrettelagte turstier som leder ti...","elevation":2,"name":"Blomsbukta (Blomma) ","source":"UT.no\/DNT"},"type":"Feature"},{"geometry":{"coordinates":[10.305236000000001,59.085194000000001],"type":"Point"},"id":"swimspot-ut-142470025","properties":{"description":"Parkeringsplass for å nå gapahuken på Flautangen. Du må passere en låst bom og gå ca 1 km. Det er ikke drikkevann på området. Gapahuken har platting og kan romme 20 gjeste til overnatting. Det er toalett og renovasjon på området. Det er ogs...","elevation":4,"name":"Flautangen - gapahuk","source":"UT.no\/DNT"},"type":"Feature"},{"geometry":{"coordinates":[10.475752999999999,59.258847000000003],"type":"Point"},"id":"swimspot-ut-142512596","properties":{"description":"Klopp badeplass har en sandstrand, gresslette, betongmolo med badestige og badeflåte. Dette er en fin liten badeplass med en gresslette for lek og solbading. Stranden er forholdsvis langgrunn og har grovkornet sand og en del småsteiner. Ute...","elevation":1,"name":"Klopp","source":"UT.no\/DNT"},"type":"Feature"},{"geometry":{"coordinates":[10.504587000000001,59.282997000000002],"type":"Point"},"id":"swimspot-ut-142512600","properties":{"description":"Det er nydelig utsikt utover Oslofjorden her fra Ringshaugholmen. Dette er et spennende og litt vilt lite område som kalles \"Lille Afrika\". Her er det fint og rolig på varme sommerdager, og du sitter helt nede ved vannkanten.","name":"Lille Afrika (Ringshaugholmen)","source":"UT.no\/DNT"},"type":"Feature"},{"geometry":{"coordinates":[10.836275000000001,61.168337999999999],"type":"Point"},"id":"swimspot-ut-142519754","properties":{"description":"Badeplass i nordenden av Grunna ved Ljøsheim","elevation":801,"name":"Grunna nord","source":"UT.no\/DNT"},"type":"Feature"},{"geometry":{"coordinates":[6.2036490000000004,62.626154],"type":"Point"},"id":"swimspot-ut-142527056","properties":{"description":"Området rundt prestegarden på Lepsøya er spennende for barn. Her er det lagt til rette med en fin eventyrskog, og Kjerstadsanden har nydelig strand. Parkering ved kirkegården eller ved prestegarden. Ta gjerne dette som en sykkeltur fra ferj...","elevation":2,"name":"Kjerstadsanden på Lepsøya","source":"UT.no\/DNT"},"type":"Feature"},{"geometry":{"coordinates":[5.7199289999999996,60.381777999999997],"type":"Point"},"id":"swimspot-ut-142541606","properties":{"description":"Badevika. Der er det benker og bord for en rast og et kjekt klatretre. Teltmulighet i friluftsområdet.","name":"Flesjane","source":"UT.no\/DNT"},"type":"Feature"},{"geometry":{"coordinates":[9.7037209999999998,59.007537999999997],"type":"Point"},"id":"swimspot-ut-142609574","properties":{"description":"Rognstranda er en flott campingplass ved ei fin badestrand og fine svaberg. Der er parkeringsmuligheter helt inne på campingplassen og lett å komme seg litt rundt med rullestol og barnevogn. Geoparken har meget fine informasjonsplakater på ...","elevation":4,"name":"Rognstranda","source":"UT.no\/DNT"},"type":"Feature"},{"geometry":{"coordinates":[10.446833,59.173999999999999],"type":"Point"},"id":"swimspot-ut-142609670","properties":{"description":"Flott barnevennlig strand med stor gresslette og sikker tilrettelagt grillplass. Godt egnet for bading langs strandkanten og krabbefiske på brygga. Også et vanlig utfartssted for kajakker o.l. med nær parkering.","elevation":5,"name":"Torødstranda","source":"UT.no\/DNT"},"type":"Feature"},{"geometry":{"coordinates":[5.1377389999999998,60.138300000000001],"type":"Point"},"id":"swimspot-ut-142663308","properties":{"description":"Navågen friluftslivområde. Her er ei perle som heldigvis er eit Bof område, slik at den er allemannseie. Her er det dissestativ og sklie heilt i vannkanten.","elevation":6,"name":"Navågen","source":"UT.no\/DNT"},"type":"Feature"},{"geometry":{"coordinates":[5.2636960000000004,59.995553000000001],"type":"Point"},"id":"swimspot-ut-142663311","properties":{"description":"Kalsundsholmen. Det meste av området er eit nedlagd småbruk, med grusa veg ned til parkeringsplassen, som rommar rundt 20 bilar. Kalsundholmen er knytt til land via to steinbruer. På holmane er vegetasjonen prega av gjengroing med buskas, e...","elevation":3,"name":"Kalsundsholmen","source":"UT.no\/DNT"},"type":"Feature"},{"geometry":{"coordinates":[5.1519659999999998,60.287812000000002],"type":"Point"},"id":"swimspot-ut-142719","properties":{"description":"Turpostkasse ytterst på Tyssøyna.","elevation":8,"name":"Tyssøyna","source":"UT.no\/DNT"},"type":"Feature"},{"geometry":{"coordinates":[5.7436480000000003,58.902163000000002],"type":"Point"},"id":"swimspot-ut-142748","properties":{"description":"På Gauselstraen kan du ta et forfriskende bad eller nyte utsikten utover Gandsfjorden med båtliv og beitende sauer på Gauselholmen. Gauselturen er én av 52 hverdagsturer i Stavanger - et samarbeid mellom park og vei i Stavanger kommune og S...","elevation":1,"name":"Gauselstraen (Gauselturen)","source":"UT.no\/DNT"},"type":"Feature"},{"geometry":{"coordinates":[5.7473029999999996,58.926138000000002],"type":"Point"},"id":"swimspot-ut-142761","properties":{"description":"Vaulen er en populær badevik med lang historie. Norges Statsbaner eide Vaulen og hadde sitt verksted her på begynnelsen av 1900-tallet. Området fungerte også som karantenestasjon i 1920-årene. I 1938 overtok Stavanger kommune 200 mål og åpn...","elevation":2,"name":"Vaulen badeplass (Vaulenturen)","source":"UT.no\/DNT"},"type":"Feature"},{"geometry":{"coordinates":[5.7445139999999997,59.003793000000002],"type":"Point"},"id":"swimspot-ut-142769","properties":{"description":"Lundsvågen passeres på Austbøturen som er én av 52 hverdagsturer i Stavanger. Les turbeskrivelse og se kart for turen her.","name":"Lundsvågen (Austbøturen)","source":"UT.no\/DNT"},"type":"Feature"},{"geometry":{"coordinates":[5.7486579999999998,58.972189],"type":"Point"},"id":"swimspot-ut-142775","properties":{"description":"Badedammen ligger i Strømsteinen mellom Verven og Badehusgata i Stavanger. Dette er byens eldste badeplass! Storhaug Rundt-turen er én av 52 hverdagsturer i Stavanger - et samarbeid mellom park og vei i Stavanger kommune og Stavanger Turist...","elevation":2,"name":"Storhaug Rundt-turen (8.6km)","source":"UT.no\/DNT"},"type":"Feature"},{"geometry":{"coordinates":[5.7527540000000004,58.992564000000002],"type":"Point"},"id":"swimspot-ut-142776","properties":{"description":"Kuvika Badestrand gikk tidligere under navnet Antonstranden, døpt etter områdets daværende eier: Anton Østberg. I dag blir den kalt Kunesvika eller Kuvika på øynå. Her er det god plass med benker og griller. Perfekt plass for barna. Det er ...","elevation":5,"name":"Kuvika (Husabøturen)","source":"UT.no\/DNT"},"type":"Feature"},{"geometry":{"coordinates":[5.6706989999999999,58.942675000000001],"type":"Point"},"id":"swimspot-ut-142780","properties":{"description":"Møllebukta er en flott badestrand og grøntområde ved Hafrsfjord. Her står også monumentet \"Sverd i Fjell\" til minne om slaget i Hafrsfjord. Området ligger ved Madlaveien rett sør for Madlaleiren. Madlamarkturen er én av 52 hverdagsturer i S...","elevation":4,"name":"Møllebukta (Madlamarkturen)","source":"UT.no\/DNT"},"type":"Feature"},{"geometry":{"coordinates":[11.610703000000001,60.374439000000002],"type":"Point"},"id":"swimspot-ut-142780260","properties":{"description":"Gode parkeringsmuligheter, badeplass med toalett, grill, strand og sandvolleyballbane","elevation":132,"name":"Bukkeneset","source":"UT.no\/DNT"},"type":"Feature"},{"geometry":{"coordinates":[5.7153689999999999,59.003478000000001],"type":"Point"},"id":"swimspot-ut-142782","properties":{"description":"Breivika Badestrand ligger på vestsida av Hundvåg, med Saltnes Båtforening som nærmeste nabo. Her kommer det store havet rett inn, og vika kan by på mye sjø om været ikke er så vennlig innstilt. Men her er muligehter for å bade og ikke mins...","elevation":1,"name":"Breivika (Skeieturen)","source":"UT.no\/DNT"},"type":"Feature"},{"geometry":{"coordinates":[5.7681129999999996,58.962099000000002],"type":"Point"},"id":"swimspot-ut-142790","properties":{"description":"Storhaugturen er én av 52 hverdagsturer i Stavanger - et samarbeid mellom park og vei i Stavanger kommune og Stavanger Turistforening. Les turbeskrivelse og se kart for turen her.","elevation":6,"name":"Pannevikodden (Storhaugturen)","source":"UT.no\/DNT"},"type":"Feature"},{"geometry":{"coordinates":[4.9990110000000003,60.649275000000003],"type":"Point"},"id":"swimspot-ut-142834","properties":{"description":"Skageneset er eit tidlegare småbruk som vart sikra som offentleg friluftsområde i 1982. Friluftsområdet er på 50 daa og omfattar våningshus, uthus, jordkjellar, naust og kai. Her er gamal innmark, granskog, spreidd småskog og strandline med...","elevation":7,"name":"Skageneset på Radøy","source":"UT.no\/DNT"},"type":"Feature"},{"geometry":{"coordinates":[5.1772640000000001,60.844591000000001],"type":"Point"},"id":"swimspot-ut-142846","properties":{"description":"Vik i sjø med badestrand. Fint sted å starte padletur, med enkel tilkomst med kajakk\/kano.","elevation":1,"name":"Hatlevika","source":"UT.no\/DNT"},"type":"Feature"},{"geometry":{"coordinates":[10.998875,61.140836],"type":"Point"},"id":"swimspot-ut-142867824","properties":{"description":"Plassen ble pusset opp i 2019 og er en fin plass for å ta seg et bad.","elevation":743,"name":"Badeplassen","source":"UT.no\/DNT"},"type":"Feature"},{"geometry":{"coordinates":[5.2418519999999997,60.891624999999998],"type":"Point"},"id":"swimspot-ut-142956","properties":{"description":"Markhusdalen (Sleire). Posten heng i ei furu like etter første brua. Dårlig med mobilnett innover i dalen, derfor er sjekkutpunktet lagt ved oppstiginga til Sleirsfjellet, her er forsøkt fleire alternativ, husk at du må skrive deg i posten ...","elevation":97,"name":"Markhusdalen","source":"UT.no\/DNT"},"type":"Feature"},{"geometry":{"coordinates":[10.516995,61.013525000000001],"type":"Point"},"id":"swimspot-ut-14299410","properties":{"description":"Dette er en fin badeplass og muligheter for en rast ved Mjøsa. Turforslaget finner du her.","elevation":124,"name":"Finsandvika - Brøttum","source":"UT.no\/DNT"},"type":"Feature"},{"geometry":{"coordinates":[7.9865389999999996,58.154277],"type":"Point"},"id":"swimspot-ut-143103","properties":{"description":"Baneheia er et godt brukt område til både trim- og rusleturer. Du finner et stort antall stier å velge mellom i Baneheia, og om du ønsker kan du avslutte turen med en dukkert i et av vannene. Det er lagt til rette for flotte rasteplasser og...","elevation":45,"name":"Baneheia i Kristiansand","source":"UT.no\/DNT"},"type":"Feature"},{"geometry":{"coordinates":[17.454734999999999,68.448701],"type":"Point"},"id":"swimspot-ut-143151","properties":{"description":"Ornesvika","elevation":8,"name":"Ornesvika","source":"UT.no\/DNT"},"type":"Feature"},{"geometry":{"coordinates":[10.385814,59.263393999999998],"type":"Point"},"id":"swimspot-ut-143289","properties":{"description":"Klipper, svaberg og grillmuligheter helt nede ved vannet. Klipper man kan hoppe\/bade fra. Vær obs på skarpe østers i vannet.","elevation":9,"name":"Klipper og svaberg ved Ramdal","source":"UT.no\/DNT"},"type":"Feature"},{"geometry":{"coordinates":[10.373291,59.254120999999998],"type":"Point"},"id":"swimspot-ut-143290","properties":{"description":"Strand med gode bål- og grille muligheter nært vannet. Lett ankomst med 1 minutter gange fra parkeringsplass. Dette turmålet er merket med støtte fra vår Turpartner Norsk Tipping - tusen takk!","elevation":3,"name":"Sandodden badeplass","source":"UT.no\/DNT"},"type":"Feature"},{"geometry":{"coordinates":[9.5651580000000003,59.011265000000002],"type":"Point"},"id":"swimspot-ut-143392","properties":{"description":"På badeplassen ved Bamblevann finner du strand med badebrygge og stupetårn, stor fin gresslette for ballspill og andre aktiviteter, griller og utedo. For å komme til parkeringen til badeplassen må du følge Nensetveien fra Bamble kirke i 6,6...","elevation":27,"name":"Bamblevann","source":"UT.no\/DNT"},"type":"Feature"},{"geometry":{"coordinates":[5.3340339999999999,60.829304],"type":"Point"},"id":"swimspot-ut-143415","properties":{"description":"Fin skogstur ned til sjøen i Rekneset. Utsikt mot Duesundøy, Masfjorden og Andvika. Fint badested sommerstid.","name":"Reknesskjærjane","source":"UT.no\/DNT"},"type":"Feature"},{"geometry":{"coordinates":[11.065728,60.804378999999997],"type":"Point"},"id":"swimspot-ut-143421","properties":{"description":"Ankerskogen svømmehall og treningssenter","elevation":162,"name":"Ankerskogen svømmehall","source":"UT.no\/DNT"},"type":"Feature"},{"geometry":{"coordinates":[9.7194289999999999,59.002160000000003],"type":"Point"},"id":"swimspot-ut-143457","properties":{"description":"Jypleviktangen er en tange som stikker ut i havet i Rognsfjorden. Her er det fin utsikt utover havet og deler av Bamblekysten. Et fint og populært sted å raste og oppholde seg. Stedet ligger langs kyststien i Bamble. Det er 2 alternativer a...","name":"Jypleviktangen","source":"UT.no\/DNT"},"type":"Feature"},{"geometry":{"coordinates":[10.145066999999999,59.165137000000001],"type":"Point"},"id":"swimspot-ut-143526","properties":{"description":"Badested ved Goksjø, ferskvann. Vestvendt sandstrand. Veien er stengt med bom, 1 km fra bom. Fint turmål på sykkel.","elevation":30,"name":"Sandtangen, Goksjø","source":"UT.no\/DNT"},"type":"Feature"},{"geometry":{"coordinates":[9.6853280000000002,59.683926],"type":"Point"},"id":"swimspot-ut-143608","properties":{"description":"Badeplass med grillmuligheter og toalett.","elevation":237,"name":"Kjennerudvannet","source":"UT.no\/DNT"},"type":"Feature"},{"geometry":{"coordinates":[10.311548999999999,60.598877999999999],"type":"Point"},"id":"swimspot-ut-14360831","properties":{"description":"Fin badeplass langs Vestsida av Randsfjorden.","elevation":136,"name":"Sæen Badeplass","source":"UT.no\/DNT"},"type":"Feature"},{"geometry":{"coordinates":[10.410532999999999,60.676924],"type":"Point"},"id":"swimspot-ut-14360834","properties":{"description":"Flott friluftsområde med badeplass, kanoutleie, grillhytte og utfartsområde. Flott skøytevann om vinteren, men vær varsom da vannet er regulert.","elevation":385,"name":"Vassendlandet friluftsområde","source":"UT.no\/DNT"},"type":"Feature"},{"geometry":{"coordinates":[10.37457,60.680340000000001],"type":"Point"},"id":"swimspot-ut-14360835","properties":{"description":"Fin område for en rast eller et bad. Her ligger også en brygge for å studere elvemusling. Parkeringsplass og inngangsport for fottur langs Fallselva kultursti.","elevation":300,"name":"Skrankefoss badeplass","source":"UT.no\/DNT"},"type":"Feature"},{"geometry":{"coordinates":[10.357919000000001,60.667349999999999],"type":"Point"},"id":"swimspot-ut-14360836","properties":{"description":"Badeplass ved Randsfjorden. Endepunktet for Fallselva kultursti.","elevation":136,"name":"Holmen badeplass","source":"UT.no\/DNT"},"type":"Feature"},{"geometry":{"coordinates":[11.524473,63.207244000000003],"type":"Point"},"id":"swimspot-ut-14365598","properties":{"description":"I vakre Roltdalen renner elva Rotla like forbi sætra Svenskmoen. Litt nedenfor brua er det en liten foss og en fin badekulp på sommerdager med liten vannføring.","elevation":560,"name":"Badekulp ved Svenskmoen","source":"UT.no\/DNT"},"type":"Feature"},{"geometry":{"coordinates":[10.486254000000001,63.391835],"type":"Point"},"id":"swimspot-ut-14365608","properties":{"description":"I Strindamarka er det fine badeplasser tilrettelagt med grill og benker ved begge Estenstaddamman. Ved Estenstaddammen er det en stor gresslette og en fin liten sandstrand, mens Tømmerholtdammen har badebrygge. Dammene ligger midt i et popu...","elevation":248,"name":"Estenstaddamman","source":"UT.no\/DNT"},"type":"Feature"},{"geometry":{"coordinates":[8.8340379999999996,60.530518999999998],"type":"Point"},"id":"swimspot-ut-143663","properties":{"description":"Her er det veldig hyggelig å bade på en varm sommerdag. Mange prøver fiskelykken her også.","elevation":876,"name":"Øst-oset ved Mykingsjøen","source":"UT.no\/DNT"},"type":"Feature"},{"geometry":{"coordinates":[10.496369,59.418154000000001],"type":"Point"},"id":"swimspot-ut-143743","properties":{"description":"Batteriet består av to tidligere kanonstandplasser som er plassert i hver sin forsenkede brønn, Disse var åpne, men var planlagt beskyttet av et palisadeverk ved krigstilstander. I vollene mellom brønnene er der rester av et murt kruttmagas...","elevation":9,"name":"Fyllingbatteriet - KJV","source":"UT.no\/DNT"},"type":"Feature"},{"geometry":{"coordinates":[11.279204,59.797165999999997],"type":"Point"},"id":"swimspot-ut-14375150","properties":{"description":"Hella ved Bølertjern","elevation":213,"name":"Hella","source":"UT.no\/DNT"},"type":"Feature"},{"geometry":{"coordinates":[4.9780300000000004,60.430067999999999],"type":"Point"},"id":"swimspot-ut-143794","properties":{"description":"SjekkUT punktet ligg i nordenden av Fuglavatnet. Her er det sandbotn så her kan det være godt å ta seg ein avkjølande svømmetur på varme sommardagar.","elevation":27,"name":"Fuglavatnet","source":"UT.no\/DNT"},"type":"Feature"},{"geometry":{"coordinates":[9.2731089999999998,59.556061999999997],"type":"Point"},"id":"swimspot-ut-143815","properties":{"description":"Linstå-stranda.","elevation":24,"name":"Linstå","source":"UT.no\/DNT"},"type":"Feature"},{"geometry":{"coordinates":[10.514727000000001,59.294375000000002],"type":"Point"},"id":"swimspot-ut-143940","properties":{"description":"Karlsvika er et veldig bra utfartsted for flere turer og aktiviteter. Du kan være på stranda, bade, fiske krabber og sole deg. Eller så kan du gå ut på svabergene langs vannet. Du kan også gå turer på kyststien nordover gjennom Essoskogen o...","elevation":5,"name":"Karlsvika","source":"UT.no\/DNT"},"type":"Feature"},{"geometry":{"coordinates":[10.464251000000001,59.222932999999998],"type":"Point"},"id":"swimspot-ut-143942","properties":{"description":"En idyllisk strand med både gress, sand og svabergområder rundt. Her finnes både sørvendt og østvendt strand, godt egnet for barnefamilier. Et vanlig utfartssted for kajakkgruppa til DNT Tønsberg og Omegn. Det er også en campingplass her. M...","elevation":1,"name":"Fjærholmen","source":"UT.no\/DNT"},"type":"Feature"},{"geometry":{"coordinates":[8.8176009999999998,59.989006000000003],"type":"Point"},"id":"swimspot-ut-143968813","properties":{"description":"offentlig badeplass ved Tinnsjøen, mulighet for å leie kano. båt... ved Sandviken Camping, offentlig kaffé i sesongen","elevation":194,"name":"offentlig badeplass","source":"UT.no\/DNT"},"type":"Feature"},{"geometry":{"coordinates":[9.6878810000000009,59.262481000000001],"type":"Point"},"id":"swimspot-ut-144203","properties":{"description":"Solvika Camping med badeplass","elevation":239,"name":"Solvika","source":"UT.no\/DNT"},"type":"Feature"},{"geometry":{"coordinates":[10.447369,59.451782000000001],"type":"Point"},"id":"swimspot-ut-144212","properties":{"description":"Du er nå nede ved stranden, og passerer noen store steinblokker for å komme innerst i vika. Du er i Østre Veggbukt, eller Jesusbukta som mange sier. Navnet kommer fra en kristelig ungdomsleir som var her på 1940-tallet og hvor det ble malt ...","name":"Jesusbukta","source":"UT.no\/DNT"},"type":"Feature"},{"geometry":{"coordinates":[10.406629000000001,59.449480999999999],"type":"Point"},"id":"swimspot-ut-144221","properties":{"description":"Navnet er brukt om både tangen og bukta. Varnestangen er bare tilgjengelig til fots, med sykkel eller båt. Stedet er et flott utfartssted der kveldssola er spesielt fin. Rett sør for bukta er det ei røys fra bronsealderen.","elevation":6,"name":"Varnestangen","source":"UT.no\/DNT"},"type":"Feature"},{"geometry":{"coordinates":[11.812234,60.754945999999997],"type":"Point"},"id":"swimspot-ut-144222261","properties":{"description":"Badeplass med rastebord, parkering og utedo. Den har en fin gressplen og langgrunn sandbank, noe som gjør badeplassen barnevennlig.","elevation":207,"name":"Badeplass Søråsjøen","source":"UT.no\/DNT"},"type":"Feature"},{"geometry":{"coordinates":[9.2937779999999997,59.583919999999999],"type":"Point"},"id":"swimspot-ut-144293","properties":{"description":"Tinnemyra er kanskje Notoddens flotteste og mest brukte naturperle. Her har foreningen Tinnemyras Venner laget en flott og svært populær universielt utformet sti rundt vannet. I den nordlige enden finner du en flott badeplass\/strand hvor de...","elevation":185,"name":"Stranda på Tinnemyra","source":"UT.no\/DNT"},"type":"Feature"},{"geometry":{"coordinates":[10.66559,59.901874999999997],"type":"Point"},"id":"swimspot-ut-144451216","properties":{"description":"Badeplass med sandstrand på Bygdøy. Badeplassen forvaltes av Statsbygg som en del av Bygdøy kongsgård og folkepark.","elevation":1,"name":"Paradisbukta","source":"UT.no\/DNT"},"type":"Feature"},{"geometry":{"coordinates":[10.704977,59.805869999999999],"type":"Point"},"id":"swimspot-ut-144621797","properties":{"description":"Presteskjær ligger langs Nesoddlandets østkyst, mellom Bomannsvik brygge og Kirkevika. Her finner man en stor gresslette og glatte svaberg, omkranset av en større, langgrunn strand på sørsiden og en mindre strand mot nordøst. Merket kyststi...","name":"Presteskjær","source":"UT.no\/DNT"},"type":"Feature"},{"geometry":{"coordinates":[7.9058900000000003,58.091745000000003],"type":"Point"},"id":"swimspot-ut-144787275","properties":{"description":"Terjevann ligger idylisk til. Det er mange flotte turmuligheter og mange stier som kan utforskes.","elevation":24,"name":"Terjevann","source":"UT.no\/DNT"},"type":"Feature"},{"geometry":{"coordinates":[11.332808,60.875194999999998],"type":"Point"},"id":"swimspot-ut-144883004","properties":{"description":"Dette er en fin rasteplass og med muligheter for å bade i elva Fura.","elevation":325,"name":"Karterud fra Furasaga","source":"UT.no\/DNT"},"type":"Feature"},{"geometry":{"coordinates":[10.442857,59.065465000000003],"type":"Point"},"id":"swimspot-ut-144920302","properties":{"description":"Krøkle friområde, også kalt Sydstranda og Sønstegård, ligger lengst sør på Hvasser. Stedet er en populær badestrand, samt et viktig utgangspunkt for fine turer på både land og vann. Her møter storhavet deg i sør. Med utgangspunkt i Krøkle f...","elevation":6,"name":"Krøkle-stranda","source":"UT.no\/DNT"},"type":"Feature"},{"geometry":{"coordinates":[7.9813530000000004,58.100872000000003],"type":"Point"},"id":"swimspot-ut-144920304","properties":{"description":"En trivelig liten strand der du kan kose deg med bading og soling. Det er offentlig toalett og bord her.","elevation":1,"name":"Møvikstranda","source":"UT.no\/DNT"},"type":"Feature"},{"geometry":{"coordinates":[8.0782520000000009,58.193756],"type":"Point"},"id":"swimspot-ut-144920305","properties":{"description":"Langs kysten av Kristiansand finner du flotte strender her ute på Hamresanden. Når du er her ute er du omgitt av vakker natur med flotte turløyper og nydelig sjøutsikt. Dette er en av Kristiansands lengste streder, over 3 km lang. Tempratur...","name":"Hamresanden","source":"UT.no\/DNT"},"type":"Feature"},{"geometry":{"coordinates":[8.0839829999999999,58.184739999999998],"type":"Point"},"id":"swimspot-ut-144920306","properties":{"description":"Grovikstranda er en av badestrendene som ligger på Hånes, rett til venstre for Hamresanden. Et trivelig området som er populært om sommeren. Du får flott utsikt mot Hamresanden og Topdalsfjorden.","elevation":2,"name":"Grovikstranda","source":"UT.no\/DNT"},"type":"Feature"},{"geometry":{"coordinates":[8.082573,58.177323000000001],"type":"Point"},"id":"swimspot-ut-144920307","properties":{"description":"Piningen er et frilufts- og rekreasjonsområde på Hånes. Her kan du finne stupebrett, svaberg, tre separate sandstrender og gressområde. Piningen er ett av de største friluftsområdet på Hånes, og plassens popularitet merkes godt om sommeren","elevation":1,"name":"Piningen","source":"UT.no\/DNT"},"type":"Feature"},{"geometry":{"coordinates":[8.0468569999999993,58.177362000000002],"type":"Point"},"id":"swimspot-ut-144920308","properties":{"description":"På Fagerholt finner du Paradisbukta, med både svaberg, gressplass og sandstrand.","name":"Paradisbukta, Fagerholt","source":"UT.no\/DNT"},"type":"Feature"},{"geometry":{"coordinates":[8.0619870000000002,58.119956000000002],"type":"Point"},"id":"swimspot-ut-144920309","properties":{"description":"Fin strand og svaberg. Det er en campingplassen her også.","elevation":1,"name":"Dvergsnestangen","source":"UT.no\/DNT"},"type":"Feature"},{"geometry":{"coordinates":[8.010529,58.087471999999998],"type":"Point"},"id":"swimspot-ut-144920310","properties":{"description":"Kragevik på Flekkerøy ligger det både sandstrand, svaberg, et stort gressområde og brygger.","name":"Krageviga","source":"UT.no\/DNT"},"type":"Feature"},{"geometry":{"coordinates":[8.0043050000000004,58.193199999999997],"type":"Point"},"id":"swimspot-ut-144920311","properties":{"description":"Ett av mange vann i Kristiansand. Den gamle postveien går forbi vestsiden av vannet. Ta med deg lunsj, og finn et koselig sted å sitte. Kanskje er du heldig å få øye på en ørn, da det sies at det er et stort ørneredet ute på en av øyene i v...","elevation":27,"name":"Grovannet","source":"UT.no\/DNT"},"type":"Feature"},{"geometry":{"coordinates":[10.291446000000001,59.116737000000001],"type":"Point"},"id":"swimspot-ut-144920312","properties":{"description":"Skjellvika er en lagune og en av de mest besøkte strendene i Sandefjord kommune, Vestfold og Telemark, Norge. Den har det mest grunne vannet av noen strand i byen, i tillegg har den en av byens reneste sjøvannskvaliteter.","elevation":3,"name":"Skjellvika","source":"UT.no\/DNT"},"type":"Feature"},{"geometry":{"coordinates":[11.570029999999999,60.893591999999998],"type":"Point"},"id":"swimspot-ut-144922607","properties":{"description":"Sagtjernet ligger ved Elverum Folkehøgskole og har flere fine fine badeplasser.","elevation":182,"name":"Sagtjernet","source":"UT.no\/DNT"},"type":"Feature"},{"geometry":{"coordinates":[7.9272689999999999,58.169203000000003],"type":"Point"},"id":"swimspot-ut-144934123","properties":{"description":"Krokvannet er et idyllisk vann i nærheten av Kristiansand. Ved vannet kan man kose seg, bade, og bare slappe av. Det er mulig å fiske her, men husk å kjøp fiskekort for Kristiansand. Dette får du kjøpt på Grønnberg sport.","elevation":107,"name":"Krokvannet","source":"UT.no\/DNT"},"type":"Feature"},{"geometry":{"coordinates":[7.9484539999999999,58.094862999999997],"type":"Point"},"id":"swimspot-ut-144934129","properties":{"description":"Buvannet har mange flotte badeplasser. Det skal også være en fin plass å fiske, husk å kjøp fiskekort for Kristiansand. Du får kjøpt det på Grønberg sport.","elevation":40,"name":"Buvannet","source":"UT.no\/DNT"},"type":"Feature"},{"geometry":{"coordinates":[7.9503409999999999,58.176358],"type":"Point"},"id":"swimspot-ut-144934132","properties":{"description":"Storemyrvann er et idyllïsk vann i Bymarka, omkranset av flotte turløyper og mye fin natur. Vannet var mellom 1886 - 1979 ett av byens drikkevann. Det er mulig å fiske her, men husk fiskekort for Kristiansand.","elevation":99,"name":"Storemyrvannet, Bymarka","source":"UT.no\/DNT"},"type":"Feature"},{"geometry":{"coordinates":[11.337685,60.543061999999999],"type":"Point"},"id":"swimspot-ut-144943344","properties":{"description":"Bergsjøen frilufts- og aktivitetsområde, der barnefamilier fint kan tilbringe en hel dag med aktiviteter. Bergsjøen er et svært populært utfartsmål både for barnefamilier, skoleklasser og andre. Her har Espa velforening tilrettelagt området...","elevation":365,"name":"Bergsjøen frilufts- og aktivitetsområde","source":"UT.no\/DNT"},"type":"Feature"},{"geometry":{"coordinates":[9.279833,60.972352000000001],"type":"Point"},"id":"swimspot-ut-144945669","properties":{"description":"Lett tilgjenngelig badeplass med strand og knauser, med områder som kan utforskes av liten og stor. Området har flere flotte stier tilknyttet badeplassen. Gode muligheter for parkering bak Asko bygget.","elevation":356,"name":"Leirasanden badeplass og friluftsområde","source":"UT.no\/DNT"},"type":"Feature"},{"geometry":{"coordinates":[11.310167,60.483424999999997],"type":"Point"},"id":"swimspot-ut-144945670","properties":{"description":"Dette er en idyllisk badeplass som ligger ved hyttefeltet ved Granerudsjøen. Gressplen, sandstrand, brygge og fine svaberg. Det er ikke tillatt å telte her. Det er Strandlykkja Vel som vedlikeholder området.","elevation":352,"name":"Badeplassen på Granerudsjøen","source":"UT.no\/DNT"},"type":"Feature"},{"geometry":{"coordinates":[9.2350739999999991,60.981254999999997],"type":"Point"},"id":"swimspot-ut-144945671","properties":{"description":"Inne på Fagernes camping er det en flott badeplass som er åpen for alle. Strandstripa på nersiden av vegen ved Fagernes camping er offentlig og kan benyttes av alle. kommunen har avtale med campingen om at badegjestene kan bruke toaletter o...","elevation":356,"name":"Badeplass Fagernes camping","source":"UT.no\/DNT"},"type":"Feature"},{"geometry":{"coordinates":[8.5728790000000004,61.126167000000002],"type":"Point"},"id":"swimspot-ut-144945685","properties":{"description":"Nedenfor kommunehuset i Vang er det satt opp en badstue til alles bruk, hvor det også er fint å bade. Det finnes også en bålpanne hvor du kan fyre bål og grille. Badstua er vedfyrt, og som oftest er det ved tilgenngelig der. Like i nærheten...","elevation":467,"name":"Badeplass og badstue, Vangsmjøsa","source":"UT.no\/DNT"},"type":"Feature"},{"geometry":{"coordinates":[9.9961020000000005,60.556564000000002],"type":"Point"},"id":"swimspot-ut-144945687","properties":{"description":"Avkjøring 200 m syd for Shell 7-Eleven på Nes. Lange sandstrender.","elevation":151,"name":"Nes i Ådal","source":"UT.no\/DNT"},"type":"Feature"},{"geometry":{"coordinates":[9.7094269999999998,60.865869000000004],"type":"Point"},"id":"swimspot-ut-144945688","properties":{"description":"4 km sør for Bruflat langs gamleveien er det en flott badeplass som også har handikapptoalett. Ved stor vannføring i Etna kan det være stri strøm, og da anbefales det ikke å bade. Badeplassen ligger 100 meter nedenfor Lundebrua. Den har sva...","elevation":248,"name":"Badeplass ved Lundebrua, Etna","source":"UT.no\/DNT"},"type":"Feature"},{"geometry":{"coordinates":[7.8410169999999999,58.182474999999997],"type":"Point"},"id":"swimspot-ut-144950331","properties":{"description":"En liten tjønn som det er rilrettelagt for bading. Du finner benker og flytebrygger.","elevation":79,"name":"Stemtjønn, Hortemo","source":"UT.no\/DNT"},"type":"Feature"},{"geometry":{"coordinates":[8.0073559999999997,58.146016000000003],"type":"Point"},"id":"swimspot-ut-144950333","properties":{"description":"Langs Strandpromenaden og i Kristiansand sentrum ligger bystranda. Det er fin sandstand, badebrygge og sitteplasser her. Det er langgrunt som gjør det familievennlig.","name":"Bystranda, Kristiansand","source":"UT.no\/DNT"},"type":"Feature"},{"geometry":{"coordinates":[7.9798809999999998,58.115569999999998],"type":"Point"},"id":"swimspot-ut-144950334","properties":{"description":"En flott liten stand på Andøya. Her er sandstrand og muligheter for en dukkert.","name":"Badeplassen på Andøya","source":"UT.no\/DNT"},"type":"Feature"},{"geometry":{"coordinates":[7.9850880000000002,58.114234000000003],"type":"Point"},"id":"swimspot-ut-144950335","properties":{"description":"En flott liten stand på Andøya. Her er sandstrand og muligheter for en dukkert.","elevation":1,"name":"Badeplassen ved Løvika","source":"UT.no\/DNT"},"type":"Feature"},{"geometry":{"coordinates":[8.0507449999999992,58.143898],"type":"Point"},"id":"swimspot-ut-144952656","properties":{"description":"Fugleviksundet er en fott plass å besøke, spesielt på soldager. Du får en stor gressplen, muligheter for fiske, badeplass og fine svaberg.","elevation":2,"name":"Fugleviksundet","source":"UT.no\/DNT"},"type":"Feature"},{"geometry":{"coordinates":[7.9306830000000001,58.113878999999997],"type":"Point"},"id":"swimspot-ut-144952661","properties":{"description":"Bråvann er et flott sted å ta seg en dukkert en fin sommerdag. Du kan finne en liten strand og flytebrygge her. Det er også fine tumuligheter i nærheten.","elevation":67,"name":"Bråvann","source":"UT.no\/DNT"},"type":"Feature"},{"geometry":{"coordinates":[8.5442699999999991,61.131050000000002],"type":"Point"},"id":"swimspot-ut-144954979","properties":{"description":"Grusstrand med handicapbrygge og aktiviteter.","elevation":466,"name":"Bøflaten Camping, Vangsmjøsa","source":"UT.no\/DNT"},"type":"Feature"},{"geometry":{"coordinates":[8.6717069999999996,61.159162000000002],"type":"Point"},"id":"swimspot-ut-144954980","properties":{"description":"Badeplass tilrettelagt for bevegelses­hemmede. Det er også to sandvollyballbaner og sittebenker på området.","elevation":466,"name":"Badeplass Hemsingbrune","source":"UT.no\/DNT"},"type":"Feature"},{"geometry":{"coordinates":[8.7458899999999993,61.166480999999997],"type":"Point"},"id":"swimspot-ut-144954981","properties":{"description":"Skiltet på fylkesveien mellom Høre og Hens­åsen. Badeplassen er populær fordi det er langgrunnt, og vannet blir derfor fort varmt. Badeplassen har leirbunn som er dekket til med sand.","elevation":627,"name":"Laglim friområde, Hensåsen","source":"UT.no\/DNT"},"type":"Feature"},{"geometry":{"coordinates":[8.5701789999999995,61.143323000000002],"type":"Point"},"id":"swimspot-ut-144954983","properties":{"description":"Sparstadsanden ligger på nordsiden av Vangsmjøsa, en kilometer før Vennis. Natrulig sandstrand og gressslette. Godt lagt til rette for parkering. Du kommer dit ved å ta av fra E16 ved Hemsing bru eller Øye og kjører fv 2510 til Vennis. Litt...","elevation":468,"name":"Sparstadsanden, Vangsmjøsa","source":"UT.no\/DNT"},"type":"Feature"},{"geometry":{"coordinates":[8.98292,61.085303000000003],"type":"Point"},"id":"swimspot-ut-144954984","properties":{"description":"Badeplassen ligger rett nedenfor Slidretun rett nedenfor E-16 med en bussholdepalss like i nærheten. Det er også en liten parkeringsplass med god adkomst ned til badeplassen som har stupetårn og båtplass. Tingsteinen er en stor steinblokk s...","elevation":366,"name":"Badeplass ved Tingsteinen i Slidre","source":"UT.no\/DNT"},"type":"Feature"},{"geometry":{"coordinates":[9.0574300000000001,61.031295999999998],"type":"Point"},"id":"swimspot-ut-144954985","properties":{"description":"Tilrettelagt badeplass nedenfor Fosheim hotel i Røn. Det er en liten parkeringsplass med avkjøring fra E16 ca 200 meter sør for avkjøringen til Fossheim bru og Miljøstasjonen, ved en busslomme. Badeplassen har sandstrand og stupetårn. Det e...","elevation":355,"name":"Bryggjenøbbe i Røn","source":"UT.no\/DNT"},"type":"Feature"},{"geometry":{"coordinates":[8.8858119999999996,60.953795999999997],"type":"Point"},"id":"swimspot-ut-144954986","properties":{"description":"Følg vegen fra Vaset mot Nøsen. Bomveg. Badeplass med toalett. Fin sandstrand. Langgrunnt, 900 meter over havet","elevation":924,"name":"Reinsennvatnet (Rennsenn) ved Nøsen","source":"UT.no\/DNT"},"type":"Feature"},{"geometry":{"coordinates":[9.0679909999999992,61.139861000000003],"type":"Point"},"id":"swimspot-ut-144954988","properties":{"description":"Furustrand friluftsområde er ei perle ved Heggefjorden og innbyr til aktivitet og rekreasjon. Det finnes muligheter for bading og stuping fra stupetårn. Utleie av kano eller kjakk og redningsvest. Sandvolleyballbane, badeplassen låner ut ba...","elevation":489,"name":"Furustrand friluftsområde, Heggenes","source":"UT.no\/DNT"},"type":"Feature"},{"geometry":{"coordinates":[9.7510549999999991,60.832729999999998],"type":"Point"},"id":"swimspot-ut-144954991","properties":{"description":"Plassen ligger like sør for nedlagte Flaggfjell bensinstasjon. Brygge, toalett, kiosk og kanoutleie.","elevation":232,"name":"Etna Familie Camping","source":"UT.no\/DNT"},"type":"Feature"},{"geometry":{"coordinates":[9.2387370000000004,60.983654000000001],"type":"Point"},"id":"swimspot-ut-144954992","properties":{"description":"Flott badeplass på Vesleøya. Parker vest av Shell og følg strandpromenaden og bura over til Vesleøya","elevation":355,"name":"Badeplass Vesleøya, Fagernes","source":"UT.no\/DNT"},"type":"Feature"},{"geometry":{"coordinates":[9.3891240000000007,60.916632999999997],"type":"Point"},"id":"swimspot-ut-144954997","properties":{"description":"Badeplassen ved Sundvoll bru i Aurdal er en flott badepalss. Adskilt parkeringsplass, gressplen for ballspill, fiskeplsser. Kiosk og matservering på campingen.","elevation":306,"name":"Sundvoll bru, Aurdal","source":"UT.no\/DNT"},"type":"Feature"},{"geometry":{"coordinates":[9.6497419999999998,60.886263999999997],"type":"Point"},"id":"swimspot-ut-144954999","properties":{"description":"Badeplassen ligger like nedenfor grendehuset Skogtun. Plassen er tilrettelagt med toalett, gapahuk og bord.","elevation":305,"name":"Sandevja, Bruflat","source":"UT.no\/DNT"},"type":"Feature"},{"geometry":{"coordinates":[8.8378010000000007,60.938288],"type":"Point"},"id":"swimspot-ut-144955001","properties":{"description":"Badeplass med toalett og båt\/kanoutleie.","elevation":860,"name":"Storfjorden, Nøsen","source":"UT.no\/DNT"},"type":"Feature"},{"geometry":{"coordinates":[8.7729300000000006,61.338405000000002],"type":"Point"},"id":"swimspot-ut-144955002","properties":{"description":"Har du lyst på en badeplass som ligger høyt til fjells, 1219 moh, og litt utenfor allfarvei så kan denne være noe, men høye badetempraturer kan vi ikke garantere Langgrunn grusstrand i sydøstenden av vannet. Følg stien mot Synshorn fra Fage...","elevation":1221,"name":"Heimre Fagerdalstjern, Vang","source":"UT.no\/DNT"},"type":"Feature"},{"geometry":{"coordinates":[8.7133780000000005,61.273743000000003],"type":"Point"},"id":"swimspot-ut-144955004","properties":{"description":"Høytliggende bademuligheter blant flott natur. Små sandstrender langs nordøstbredden av Fleinsendin. Kjør Slettefjellveien og ta av mot Ole. Merket sti fra Sleipestølen.","elevation":956,"name":"Fleinsendin, Vang","source":"UT.no\/DNT"},"type":"Feature"},{"geometry":{"coordinates":[8.0497080000000008,58.185583000000001],"type":"Point"},"id":"swimspot-ut-144957355","properties":{"description":"En liten idyll på Justneshalvøya. Du kan nyte en varm sommerdag her med en dukkert. Det er stort gressområdet, og en liten strand. Trenger du å søke ly for vær, finner du også en gapahuk her.","name":"Åsmundvika","source":"UT.no\/DNT"},"type":"Feature"},{"geometry":{"coordinates":[7.960833,58.168554999999998],"type":"Point"},"id":"swimspot-ut-144957359","properties":{"description":"Bærvannsstøa er en liten odde som er flott sted å sette opp teltet. Det er mulig å ta seg en dukkert og bare slappe av.","elevation":110,"name":"Bærvannsstøa","source":"UT.no\/DNT"},"type":"Feature"},{"geometry":{"coordinates":[9.2361319999999996,60.984715999999999],"type":"Point"},"id":"swimspot-ut-144959703","properties":{"description":"Langs stranden ved Parken i Fagernes er det en fin plass å bade. Det er også en skatepark sandvollyballbane og aktivitetspark for barn i området.","elevation":355,"name":"Aktivitetsområde Parken, Fagernes","source":"UT.no\/DNT"},"type":"Feature"},{"geometry":{"coordinates":[10.727453000000001,59.893532999999998],"type":"Point"},"id":"swimspot-ut-144962071","properties":{"description":"Stor og fin badestrand på Hovedøya.","elevation":1,"name":"Hovedøya badestrand","source":"UT.no\/DNT"},"type":"Feature"},{"geometry":{"coordinates":[10.501075,59.292332000000002],"type":"Point"},"id":"swimspot-ut-144988481","properties":{"description":"Skallevoldstranda er en av de største sandstrendene i Tønsberg kommune. Her finner du møbler for en rast, lekeplass, kiosk og sandvolleyballbane. Denne turmålet er merket med støtte fra vår Turpartner Norsk Tipping- tusen takk!","elevation":2,"name":"Skallevoldstranda","source":"UT.no\/DNT"},"type":"Feature"},{"geometry":{"coordinates":[10.382959,59.228057],"type":"Point"},"id":"swimspot-ut-144988485","properties":{"description":"Herfra har man tilgang til flere turstier, men du kan også bare bli på området for å benytte flott badestrand og badebrygge. Området har toalettfasiliteter (les: utedo) og innbyr til overnatting både under åpen himmel, i hengekøye og telt O...","elevation":2,"name":"Hellastranda","source":"UT.no\/DNT"},"type":"Feature"},{"geometry":{"coordinates":[10.448778000000001,59.093279000000003],"type":"Point"},"id":"swimspot-ut-144988487","properties":{"description":"En ekte naturlig friluftsperle av et strandområde. Her finner du glattskurte svaberg, flotte sandstrender på rekke og rad, kystflora og vakker utsikt utover havet. Her er plass til mange samtidig, og det er flere kriker og kroker å legge se...","elevation":1,"name":"Lilleskagen","source":"UT.no\/DNT"},"type":"Feature"},{"geometry":{"coordinates":[5.2583190000000002,60.008676999999999],"type":"Point"},"id":"swimspot-ut-144991320","properties":{"description":"Møllo er eit gamalt kvernhus, som vart nytta som mølle og sagbruk. Det er ei fin strand like ved, så ta gjerne badekle med. Turen startar ved Vinnesvatnet. Ta til venstre når ein skal gå rundt vatnet, følg grusveien innover. Et stykke innov...","name":"Møllo i Vinnes","source":"UT.no\/DNT"},"type":"Feature"},{"geometry":{"coordinates":[4.7262409999999999,60.776943000000003],"type":"Point"},"id":"swimspot-ut-144993738","properties":{"description":"Lun badestrand ved Husavatnet (brakvatn) på Fedje. Parkeringsplass tilknytt badeplassen. Lita sandstrand med rekkverk ut i vatnet. På området er det 5 plattingar samt stor grasplen med trampoline. Brygge med stigar. Vasstrampoline som flyt ...","elevation":2,"name":"Badestranda på Fedje","source":"UT.no\/DNT"},"type":"Feature"},{"geometry":{"coordinates":[11.061593,60.793092999999999],"type":"Point"},"id":"swimspot-ut-145008305","properties":{"description":"Koigen er et fantastisk bynært område som byr på et mangfold av muligheter og aktiviteter. Her finner Hamars stolthet Stupetårnet! I tillegg til flere badestrender er det skateanlegg, strandvolleballbaner, basketbane, lekeapparater, styrket...","elevation":125,"name":"Koigen med stupetårnet","source":"UT.no\/DNT"},"type":"Feature"},{"geometry":{"coordinates":[11.051767,60.792580999999998],"type":"Point"},"id":"swimspot-ut-145008306","properties":{"description":"Badestrand langsmed Strandpromenaden mellom sentrum og Domkirkeodden. Starter ved seilerbrygga. Mulig å parkere ved Forsvarets personell- og vernepliktssenter kalt Ridehuset.","elevation":125,"name":"Ridehusstranda","source":"UT.no\/DNT"},"type":"Feature"},{"geometry":{"coordinates":[11.038436000000001,60.79289],"type":"Point"},"id":"swimspot-ut-145008307","properties":{"description":"Stort museums- og friluftsområde. Les mer i lenken om alt som skjer på Domkirkeodden! Strandpromenaden følger mjøskanten og er en fin måte å bevege seg gjennom hele området på. Klatreparken Domkirkeodden ligger langs Strandpromenaden i retn...","elevation":132,"name":"Domkirkeodden","source":"UT.no\/DNT"},"type":"Feature"},{"geometry":{"coordinates":[9.2360000000000007,59.587499999999999],"type":"Point"},"id":"swimspot-ut-145030539","properties":{"description":"Tinnestjønna er ei flott, familie- og barnevennlig lita tjønn på Notodden. Vannet er ikke så stort, og det blir derfor raskt varmt badevann mot sommertider. Her finner du også en stilig flytebrygge festet til et tau som går tvers over vanne...","elevation":305,"name":"Tinnestjønna","source":"UT.no\/DNT"},"type":"Feature"},{"geometry":{"coordinates":[10.808635000000001,59.972225000000002],"type":"Point"},"id":"swimspot-ut-145030542","properties":{"description":"Stort og fint vann i Lillomarka. Rundt vannet er det flere fine bade- og sitteplasser.","elevation":285,"name":"Langevann","source":"UT.no\/DNT"},"type":"Feature"},{"geometry":{"coordinates":[10.862607000000001,60.009706000000001],"type":"Point"},"id":"swimspot-ut-145057937","properties":{"description":"Kjulstjernet, også kalt Kjulstjern, er et tjern som ligger i Lillomarka i Nittedal kommune i Viken. Det ligger like sør for Sørskogen, knapt to kilometer nord for Lilloseter. Tjernet er et populært badevann og området har flere gode teltpla...","elevation":352,"name":"Kjulstjern","source":"UT.no\/DNT"},"type":"Feature"},{"geometry":{"coordinates":[13.212498,64.985699999999994],"type":"Point"},"id":"swimspot-ut-145062938","properties":{"description":"Herlig badeplass med både brygge og strand ved Naustbukta i vatnet Frøyningen. Gapahuk, bålplass, utedo og fine fiskeforhold. Ved brygga finnes det en utleiebåt (tilhørende Namsskogan Fjellstyre), som kan benyttes til fiske på vannet - med ...","elevation":253,"name":"Frøyningen","source":"UT.no\/DNT"},"type":"Feature"},{"geometry":{"coordinates":[12.911842999999999,64.718845999999999],"type":"Point"},"id":"swimspot-ut-145062939","properties":{"description":"Badeplass i fine kulper i Tunnsjøelva Vegbeskrivelse: Avkjøring mot Tunnsjødalen, ca. 4,3km sør for Trones i Namsskogan. Følg vegen rett fram i ca. 2km. Vegkryss mot Kraftsajonsveien, fortsett rett fram på Tunnsjødalsvegen (grusveg). Følg g...","elevation":184,"name":"Tverrslaget","source":"UT.no\/DNT"},"type":"Feature"},{"geometry":{"coordinates":[9.0259879999999999,60.515040999999997],"type":"Point"},"id":"swimspot-ut-145080399","properties":{"description":"Lite fjellvann med gapahuk og sittebenker. Steinbunn hvor det er greit å komme seg uti.","elevation":943,"name":"Nørdre Lislesettjern","source":"UT.no\/DNT"},"type":"Feature"},{"geometry":{"coordinates":[8.9512520000000002,60.493357000000003],"type":"Point"},"id":"swimspot-ut-145080401","properties":{"description":"Fint badevann rett ved stien til Åkrefjell på Nesfjellet \/ Nystølen i Nesbyen. Man kan sykle helt frem til vannet.","elevation":1030,"name":"Midtre Båtstjern","source":"UT.no\/DNT"},"type":"Feature"},{"geometry":{"coordinates":[9.3059080000000005,60.660958999999998],"type":"Point"},"id":"swimspot-ut-145080402","properties":{"description":"En kjempeflott badeplass, tilrettelagt med brygge, sittebenker mm. Enkel adkomst. Bilvei og parkeringsplass like ved.","elevation":838,"name":"Buvatnet i Nes Østmark","source":"UT.no\/DNT"},"type":"Feature"},{"geometry":{"coordinates":[8.8260509999999996,60.552267000000001],"type":"Point"},"id":"swimspot-ut-145080403","properties":{"description":"Stort fjellvann. Mye siv og mudder mange steder, men like ved utoset i østenden av vannet er det fint å hoppe uti. Kort avstand fra bilvegen til vannet.","elevation":952,"name":"Skålsrudvatnet","source":"UT.no\/DNT"},"type":"Feature"},{"geometry":{"coordinates":[8.8105209999999996,60.483178000000002],"type":"Point"},"id":"swimspot-ut-145082893","properties":{"description":"Ved Buvatn, på grensen mellom Nesbyen og Nore og Uvdal, finner du en brygge like ved bilvegen mellom Tunhovd og Nesbyen. Et fint sted for et friskt bad på fine dager.","elevation":843,"name":"Buvatn ved Lyseren","source":"UT.no\/DNT"},"type":"Feature"},{"geometry":{"coordinates":[9.1562479999999997,60.577601999999999],"type":"Point"},"id":"swimspot-ut-145082894","properties":{"description":"Det mest populære stedet i Nesbyen på varme sommerdager! Her finner du grill, badebrygge, vanntrampoline, sandvolleyballbane, utleiebåt, toaletter og utedusj. Det går turveg rundt vannet og i nærheten finner du en rekke flotte terrengsykkel...","elevation":511,"name":"Trytetjern","source":"UT.no\/DNT"},"type":"Feature"},{"geometry":{"coordinates":[5.6582100000000004,60.772089999999999],"type":"Point"},"id":"swimspot-ut-145130337","properties":{"elevation":352,"name":"Badekulp i Eiterdalen","source":"UT.no\/DNT"},"type":"Feature"},{"geometry":{"coordinates":[8.7991069999999993,59.143582000000002],"type":"Point"},"id":"swimspot-ut-145142841","properties":{"description":"Kjør riksvei 38 til Bø i Tørdal. Sving av mot Kleppe og følg denne veien ca 1,5 km. Her er det en stor parkering på venstre side som brukes til tømmerplass. Stien starter i nedre enden av parkeringen. Stien går gjennom fin furuskog og frem ...","elevation":149,"name":"Gravehølen","source":"UT.no\/DNT"},"type":"Feature"},{"geometry":{"coordinates":[11.833988,59.719653999999998],"type":"Point"},"id":"swimspot-ut-145185468","properties":{"description":"Kurøen er et kombinert bygdetun og kultursenter, som ligger vakkert til på solsiden av Rømsjøen. Gårdens historie føres tilbake til 1599. I 1986 overtok Rømskog kommune gården, som gave fra søsknene Melleby, og er i dag et kjært samlingspun...","elevation":140,"name":"Kurøen bygdetun","source":"UT.no\/DNT"},"type":"Feature"},{"geometry":{"coordinates":[11.849524000000001,59.721263],"type":"Point"},"id":"swimspot-ut-145185469","properties":{"description":"Sandviksand er den største badeplassen i Rømskog – en favoritt for mange som vil bade og sole seg. En fin og barnevennlig sandstrand, langgrunt og med badeflåte.","elevation":139,"name":"Sandviksand","source":"UT.no\/DNT"},"type":"Feature"},{"geometry":{"coordinates":[11.818444,59.726346999999997],"type":"Point"},"id":"swimspot-ut-145185470","properties":{"description":"Kirkesand er en badeplass ved Rømsjøen, og som ligger like ved Rømskog Kirke. Badestranden er lett tilgjengelig og har fin sandbunn. Kirkesand \/ Rømskog Kirke er ikke bare et flott turmål, men også et godt utgangspunkt for fine fotturer. He...","elevation":138,"name":"Kirkesand","source":"UT.no\/DNT"},"type":"Feature"},{"geometry":{"coordinates":[10.955629999999999,59.939821999999999],"type":"Point"},"id":"swimspot-ut-145223318","properties":{"description":"Fin badeplass på nordenden av Langvannet. Sandstrand, flytebrygge, HWC-toalett, landgang, grill og sittegruppe.","elevation":153,"name":"Langevannet badeplass Langgrunna","source":"UT.no\/DNT"},"type":"Feature"},{"geometry":{"coordinates":[10.701845,60.789920000000002],"type":"Point"},"id":"swimspot-ut-145223322","properties":{"description":"Her har det nye friluftshuset og badstuen åpnet høten 2021. Idylliske Fredvika ligger langs den mye bruke Mjøspromenaden. Med stor gresslette, lekeapparater og badevika, ligger det til rette for rekreasjon ved mjøsbredden. Her er du i konta...","elevation":124,"name":"Friluftshuset i Fredevika","source":"UT.no\/DNT"},"type":"Feature"},{"geometry":{"coordinates":[10.674897,60.798161],"type":"Point"},"id":"swimspot-ut-145223324","properties":{"description":"I sentrum av Gjøvik ligger Fastland. Et område for avslapning og lek. På sommeren et populært friluftsbad, på vinteren utgangspunktet for moro i slalåmbakken.","elevation":170,"name":"Fastland","source":"UT.no\/DNT"},"type":"Feature"},{"geometry":{"coordinates":[10.678356000000001,60.820839999999997],"type":"Point"},"id":"swimspot-ut-145223329","properties":{"elevation":123,"name":"Bråstadvika","source":"UT.no\/DNT"},"type":"Feature"},{"geometry":{"coordinates":[10.701428,60.781354],"type":"Point"},"id":"swimspot-ut-145223330","properties":{"elevation":124,"name":"Rambekkvika","source":"UT.no\/DNT"},"type":"Feature"},{"geometry":{"coordinates":[11.820328999999999,59.708449999999999],"type":"Point"},"id":"swimspot-ut-145238489","properties":{"description":"Rømsjøen er en innsjø som ligger i Rømskog (Aurskog-Høland kommune), med utløp via Oselva til Dalslands kanal. Sjøen byr på flere barnevennlige strender og er perfekt for kajakk-\/kanopadling med flere overnattingsmuligheter på øyene. Rømsjø...","elevation":137,"name":"Rømsjøen","source":"UT.no\/DNT"},"type":"Feature"},{"geometry":{"coordinates":[10.752545,59.906500999999999],"type":"Point"},"id":"swimspot-ut-145248595","properties":{"description":"Oslos nye bystrand midt mellom Operaen og Munchmuseet. 100 meter lang strandlinje åpnet sommeren 2021.","name":"Operastranda","source":"UT.no\/DNT"},"type":"Feature"},{"geometry":{"coordinates":[10.721054000000001,59.906410000000001],"type":"Point"},"id":"swimspot-ut-145248597","properties":{"description":"En liten og hyggelig strand utenfor Astrup Fearnley-museet på Tjuvholmen. Fint å padle inn kanalen mellom de to museumsbygningene, men pass opp for stor båttrafikk i havnebassenget utenfor Aker Brygge.","name":"Tjuvholmen Bystrand","source":"UT.no\/DNT"},"type":"Feature"},{"geometry":{"coordinates":[10.715168999999999,59.879617000000003],"type":"Point"},"id":"swimspot-ut-145248598","properties":{"description":"Det er mange muligheter for bading på Rambergøya, men på øyas sørøstre hjørne finner du området kjent som Rambergøya badeplass, med tre mindre strender, to større strender og gode solforhold. Markøren i kartet er plassert på den sørlige sto...","name":"Rambergøya Badeplass","source":"UT.no\/DNT"},"type":"Feature"},{"geometry":{"coordinates":[10.723297000000001,59.883994999999999],"type":"Point"},"id":"swimspot-ut-145248599","properties":{"description":"Like ved Gressholmen Kro ligger tre fine, nordøstvendte strender som perler på en snor. Det nye toalettbygget på kaianlegget like ved, og muligheten for et godt måltid på kroa, gjør strendene enda mer attraktive i sommersesongen. Markøren e...","name":"Gressholmen Badeplass","source":"UT.no\/DNT"},"type":"Feature"},{"geometry":{"coordinates":[10.69389,59.891278999999997],"type":"Point"},"id":"swimspot-ut-145248600","properties":{"description":"Nakholmen er en koselig øy med masse små hytter og fine gangveier mellom dem. Den beste stranda å besøke med kajakk her er nok den store stranda ved fotballsletta. Er du heldig er også Nakholmen Handel (på den andre siden av sletta) åpen me...","name":"Nakholmen Badeplass","source":"UT.no\/DNT"},"type":"Feature"},{"geometry":{"coordinates":[10.705299,59.887847999999998],"type":"Point"},"id":"swimspot-ut-145248601","properties":{"description":"Lindøya er, som Nakholmen, en meget utbygd øy, med mange hytter. Det finnes en rekke mindre strender rundt på øya, men den som kanskje føles mest offentlig er der markøren er plassert i kartet. I tillegg er det fint å bade fra vestenden av ...","name":"Lindøya Badeplass","source":"UT.no\/DNT"},"type":"Feature"},{"geometry":{"coordinates":[10.718289,59.870731999999997],"type":"Point"},"id":"swimspot-ut-145251130","properties":{"description":"Badeanlegg med stor sandstrand, flytebrygge, HC-rampe og badebinge. Utedusj og toaletter. Stor gresslette for piknik og ballspill. Kioskbygg, turstier og tilrettelagte plasser for grilling. Mulighet for telting på nordsiden av øya. Les mer ...","elevation":1,"name":"Langøyene badeplass","source":"UT.no\/DNT"},"type":"Feature"},{"geometry":{"coordinates":[10.746969999999999,59.864615000000001],"type":"Point"},"id":"swimspot-ut-145251131","properties":{"description":"Denne store og sydvendte steinstranda på Malmøykalvens sørøstre ende er et populært landingssted for kajakkpadlere.","name":"Malmøykalven Badeplass","source":"UT.no\/DNT"},"type":"Feature"},{"geometry":{"coordinates":[10.765150999999999,59.880118000000003],"type":"Point"},"id":"swimspot-ut-145251132","properties":{"description":"Populær badeplass med en flott park, brygge og lav flytebrygge som egner seg for utsetting av kajakker.","name":"Bekkelagsbadet ved Ormøysundet","source":"UT.no\/DNT"},"type":"Feature"},{"geometry":{"coordinates":[7.7430719999999997,63.130256000000003],"type":"Point"},"id":"swimspot-ut-145251136","properties":{"description":"Fin liten badeplass og naust. Et turmål på \"Noroddløypa\", en rundløype som passer for alle. Det anbefales å gå turen ned til Lasken fra Atlanten videregående skole.","elevation":2,"name":"Lasken","source":"UT.no\/DNT"},"type":"Feature"},{"geometry":{"coordinates":[11.384845,59.279949999999999],"type":"Point"},"id":"swimspot-ut-145260018","properties":{"description":"Holtetjern er en populær og godt opparbeidet badeplass i Degernes som er godt tilrettelagt for alle grupper. Her er det sandstrand, svaberg og badebrygge. Det er en stor gressplen og mulighet for grilling rett ved stranden. Badeplassen er g...","elevation":133,"name":"Holtetjern","source":"UT.no\/DNT"},"type":"Feature"},{"geometry":{"coordinates":[10.705880000000001,59.964236999999997],"type":"Point"},"id":"swimspot-ut-145263860","properties":{"description":"Båntjern er et lett tilgjengelig og fantastisk badevann i Nordmarka. Med god tilrettelagte sitteplasser er det flott sted å nyte varme sommerdager ute.","elevation":254,"name":"Båntjern","source":"UT.no\/DNT"},"type":"Feature"},{"geometry":{"coordinates":[11.463638,60.154690000000002],"type":"Point"},"id":"swimspot-ut-145283506","properties":{"description":"Populær sandstrand ved Glomma. Bilvei helt fram (Hennisandvegen) og gratis parkering.","elevation":120,"name":"Sandstrand på Hennisand","source":"UT.no\/DNT"},"type":"Feature"},{"geometry":{"coordinates":[10.140613,63.424618000000002],"type":"Point"},"id":"swimspot-ut-145284022","properties":{"description":"En av Trondheims fineste badeplasser er Buktafjæra, en bortgjemt strandperle ved Rye på Byneset. Dette er en langgrunn og trygg strand som egner seg godt for barnefamilier. Området er tilrettelagt med grill, benker og bord. Parkering ved Ha...","elevation":1,"name":"Buktafjæra","source":"UT.no\/DNT"},"type":"Feature"},{"geometry":{"coordinates":[10.314285,63.401794000000002],"type":"Point"},"id":"swimspot-ut-145284032","properties":{"description":"Ved Lianvatnet i Bymarka er det mange fine muligheter for bading, turer rundt vannet og andre aktiviteter. Nedenfor Gråkallbanens endestopp på Lian er det store gressletter ved en fin badestrand. Her er det tilrettelagt med grill og sittepl...","elevation":222,"name":"Lianvatnet","source":"UT.no\/DNT"},"type":"Feature"},{"geometry":{"coordinates":[10.724498000000001,63.432864000000002],"type":"Point"},"id":"swimspot-ut-145284034","properties":{"description":"Midtsandtangen friluftsområde er et unikt friluftsområde i norsk sammenheng. Området er universelt utformet og på det 150 dekar store området finner du både stier, strand og sanitærbygg som er tilgjengelige for alle. Her finner vi Trøndelag...","elevation":4,"name":"Midtsandtangen","source":"UT.no\/DNT"},"type":"Feature"},{"geometry":{"coordinates":[9.391591,62.696137],"type":"Point"},"id":"swimspot-ut-145284036","properties":{"description":"Rauøra, også kalt Gullkysten, er en enorm sandstrand ved Gjevilvassvatnet i Gjevilvassdalen. Stranden har utrolig fin og hvit sand, og er et svært populært turmål spesielt på varme sommerdager. Vannet er omringet av vakre, høye fjell, og Gj...","elevation":660,"name":"Rauøra","source":"UT.no\/DNT"},"type":"Feature"},{"geometry":{"coordinates":[10.641500000000001,63.442962999999999],"type":"Point"},"id":"swimspot-ut-145284045","properties":{"description":"På Vikhammerløkka er det store åpne flater med mange fine bademuligheter fra berg og på strand. Området er tilrettelagt med grill og benker. Et perfekt sted for varme soldager. Vikhammerløkka ligger en kilometer øst for Vikhammer stasjon, p...","elevation":1,"name":"Vikhammerløkka","source":"UT.no\/DNT"},"type":"Feature"},{"geometry":{"coordinates":[10.573015,63.434744000000002],"type":"Point"},"id":"swimspot-ut-145284046","properties":{"description":"Væresholmen er en liten perle ved Trondheimsfjorden som ligger ved Ladestiens endepunkt i øst. Her er det svaberg, sandstrand og gressplener og blant annet en badeplass som er tilrettelagt med rekkverk ut i vannet. Kjør Ranheimsvegen og føl...","elevation":1,"name":"Væresholmen","source":"UT.no\/DNT"},"type":"Feature"},{"geometry":{"coordinates":[10.214339000000001,63.328938000000001],"type":"Point"},"id":"swimspot-ut-145284047","properties":{"description":"Mot vest på Øysand i Melhus ligger det en to kilometer lang sandstrand ved Gaulosen, en arm av Trondheimsfjorden. Her er det rike muligheter for badeliv, soling og spaserturer langs stranda. Øysand Camping holder også til her, hvor det er m...","elevation":2,"name":"Øysanden","source":"UT.no\/DNT"},"type":"Feature"},{"geometry":{"coordinates":[10.343166999999999,63.406525000000002],"type":"Point"},"id":"swimspot-ut-145284574","properties":{"description":"Ved Kyvannet er det bygget en vannhoppbakke, som er svært populær på sommeren. Her kan man hoppe med for eksempel ski rett ut i vannet. Ungdommen synes også det er stas å stå og hoppe fra nederste rampe.","elevation":190,"name":"Vannhoppbakke ved Kyvannet","source":"UT.no\/DNT"},"type":"Feature"},{"geometry":{"coordinates":[10.462066,63.452694999999999],"type":"Point"},"id":"swimspot-ut-145284577","properties":{"description":"Ringvebukta ligger langs Ladestien i Trondheim og byr på badestrand, store fine gressletter, grillmuligheter, serveringsstedet Sponhuset, og fine turer langs Ladestien. Det er en parkeringsplass nær bukta, men her blir det fort fullt på fin...","elevation":4,"name":"Ringvebukta","source":"UT.no\/DNT"},"type":"Feature"},{"geometry":{"coordinates":[10.542286000000001,63.430320999999999],"type":"Point"},"id":"swimspot-ut-145284578","properties":{"description":"Hansbakkfjæra er et flott turområde ved sjøen på Ranheim. Selve badestranda ligger på Tangen. Det er mange aktivitetsmuligheter i området, og flere fine benkplasser. Nærmeste bussholdeplass er Nedre Humlehaugen øst. Lokaltog stopper ved Ran...","elevation":5,"name":"Hansbakkfjæra","source":"UT.no\/DNT"},"type":"Feature"},{"geometry":{"coordinates":[12.062815000000001,62.931403000000003],"type":"Point"},"id":"swimspot-ut-145286205","properties":{"description":"I Nordskardsfjellet er det flere badekulper som egner seg ypperlig som turmål fra Nedalshytta på varme sommerdager. Familievennlig og barna vil sette stor pris på å vandre oppover fra kulp til kulp. Den starter fra Sylsjøveien og har en inn...","elevation":1094,"name":"Badekulpturen i Nordskardsfjellet","source":"UT.no\/DNT"},"type":"Feature"},{"geometry":{"coordinates":[12.021822,63.114879000000002],"type":"Point"},"id":"swimspot-ut-145288421","properties":{"description":"Elva Djupholma bærer sitt navn med rette. Den renner sakte og djupt fra langt nord for Esandsjøen og er her vanskelig å krysse. Da Esandsjøen ble demmet opp ble det bygget bru over elva. Brua er høg og luftig og litt \"spennende\". Det er fin...","elevation":733,"name":"Sandstrand ved Djupholma","source":"UT.no\/DNT"},"type":"Feature"},{"geometry":{"coordinates":[6.6779809999999999,62.501238000000001],"type":"Point"},"id":"swimspot-ut-145292695","properties":{"description":"Fin badeplass i Skodje.","elevation":1,"name":"Murvika","source":"UT.no\/DNT"},"type":"Feature"},{"geometry":{"coordinates":[6.4370469999999997,62.430647999999998],"type":"Point"},"id":"swimspot-ut-145292698","properties":{"description":"Badeplass med sandvolleyballbaner og bålplasser.","elevation":1,"name":"Emblemssanden","source":"UT.no\/DNT"},"type":"Feature"},{"geometry":{"coordinates":[9.3956499999999998,58.815711],"type":"Point"},"id":"swimspot-ut-145295908","properties":{"description":"Turmålet nås ved å gå kyststien mellom Myraveien og Stangnes. Se link for beskrivelse.","name":"Stølestranda","source":"UT.no\/DNT"},"type":"Feature"},{"geometry":{"coordinates":[14.492877,67.334374999999994],"type":"Point"},"id":"swimspot-ut-145301127","properties":{"description":"Ausvika er et lett tilgjengelig friluftsområde med mange aktivitetsmuligheter. Stranda upåklagelig: kort til parkering, godt tilrettelagt for ulike brukergrupper. Skriv gjerne en par ord og legg til et bilde i den digitale gjesteboka. -----...","elevation":4,"name":"Ausvika","source":"UT.no\/DNT"},"type":"Feature"},{"geometry":{"coordinates":[14.620799999999999,67.319612000000006],"type":"Point"},"id":"swimspot-ut-145306523","properties":{"description":"Bodøs kanskje mest berømte innenlands sandstrand. Ingen grunn til å dra til GranCa for å vasse i havet. Lett tilgjengelig med sykkel og en riktig så kortreist opplevelse.","elevation":49,"name":"Playa de Soløyvannet","source":"UT.no\/DNT"},"type":"Feature"},{"geometry":{"coordinates":[11.334434,59.634478000000001],"type":"Point"},"id":"swimspot-ut-145326362","properties":{"description":"Gravstjern er mest kjent som badeplass og er godt egnet for alle aldersgrupper. Her finner du badeflåte, sklie, lavvo, benker og toalett, samt at det er fine turmuligheter i området. Det er parkering like ved badeområdet, men ingen egen HC-...","elevation":230,"name":"Gravstjern","source":"UT.no\/DNT"},"type":"Feature"},{"geometry":{"coordinates":[11.250163000000001,59.668608999999996],"type":"Point"},"id":"swimspot-ut-145326363","properties":{"description":"Sandstangen er et unikt område med 1 km sandstrand. I tillegg til selve tangen er det et friområde langs strandsonen ca. 500 meter sørover. Sandstangen er en naturlig badeplass og et godt utgangspunkt for båtturer på Øyeren. Her finner du k...","elevation":107,"name":"Sandstangen","source":"UT.no\/DNT"},"type":"Feature"},{"geometry":{"coordinates":[10.432905,63.450172999999999],"type":"Point"},"id":"swimspot-ut-145327112","properties":{"description":"Korsvika er en liten og stemningsfull strand på Lade, med fantastisk utsikt over Trondheimsfjorden og Munkholmen. Området består av flere små viker med lune sandstrender, og egner seg godt for barn. Her kan du bade fra sandstrand eller svab...","name":"Korsvika","source":"UT.no\/DNT"},"type":"Feature"},{"geometry":{"coordinates":[11.342128000000001,59.735920999999998],"type":"Point"},"id":"swimspot-ut-145327115","properties":{"description":"Stiklatjern er et flott friområde med badeplass, benker, grill, badeflåte og toalett. Stiklatjern er også et fint utgangspunkt for turer på Trøgstadstien . I Stiklatjern er det mulig å fiske ørret (kun stangfiske), fiskekort kan kjøpes av B...","elevation":190,"name":"Stiklatjern","source":"UT.no\/DNT"},"type":"Feature"},{"geometry":{"coordinates":[11.574589,59.330385999999997],"type":"Point"},"id":"swimspot-ut-145327116","properties":{"description":"Kolbjørnsviksjøen er den største og best tilrettelagte badeplassen i Rakkestad. Det er Rakkestad kommune som er ansvarlig for forvaltning og drift av stedet. Her finner du fin og langgrunn sandstrand, sandvolleyballbane, stupebrett, badeflå...","elevation":125,"name":"Kolbjørnsviksjøen","source":"UT.no\/DNT"},"type":"Feature"},{"geometry":{"coordinates":[11.966555,63.172196999999997],"type":"Point"},"id":"swimspot-ut-145332433","properties":{"description":"Sandtjønna er en flott og lun badetjønn med mektige løsmasseavsetninger rundt. Vannet fornyes fra en kilde i bunnen av tjønna.","elevation":791,"name":"Sandtjønna","source":"UT.no\/DNT"},"type":"Feature"},{"geometry":{"coordinates":[10.349228,63.422601],"type":"Point"},"id":"swimspot-ut-145333205","properties":{"description":"Theisendammen ligger i den bynære delen av Bymarka, og er et populært turmål for mange. Ved demningen er det en liten badestrand, og det er store gressletter ovenfor hvor det er tilrettelagt med grill og sitteplasser. Det er tursti til bade...","elevation":154,"name":"Badeplass ved Theisendammen","source":"UT.no\/DNT"},"type":"Feature"},{"geometry":{"coordinates":[10.763413,59.951780999999997],"type":"Point"},"id":"swimspot-ut-145333210","properties":{"description":"Ved Nydalen kjøpesenter er det gode muligheter for å ta seg en dukkert i en av de kunstige badekulpene og fossefall. Vær obs på sterk strøm.","elevation":98,"name":"Nydalen elvebad","source":"UT.no\/DNT"},"type":"Feature"},{"geometry":{"coordinates":[14.69046,66.858151000000007],"type":"Point"},"id":"swimspot-ut-145333981","properties":{"description":"Fineste veinære badeplass og grillplass i Beiarn? Like ved Beiarstua ligger denne perlen. I kombinasjon med et badstubesøk og overnatting på Beiarstua blir det en topping.","elevation":118,"name":"Badekulpen REngård","source":"UT.no\/DNT"},"type":"Feature"},{"geometry":{"coordinates":[10.778992000000001,59.967058000000002],"type":"Point"},"id":"swimspot-ut-145334774","properties":{"description":"Frysja er et rekreasjonsområde som ligger rett nedenfor Maridalsvannet (Oslos drikkevannskilde) og ved Teknisk museum. Dette er et av Akerselvas høyeste fosser og svært populært badeplass om sommeren. Området er populært for både store og s...","elevation":149,"name":"Frysja badekulp","source":"UT.no\/DNT"},"type":"Feature"},{"geometry":{"coordinates":[10.279278,63.358477999999998],"type":"Point"},"id":"swimspot-ut-145338666","properties":{"description":"Hestsjøen er en populær badeplass mellom Ringvål og Heimdal. Badeplassen er spesielt populært blant unge, da det er en stor brygge med hoppetårn ved vannet. Her er det store områder med gressplen, og sandstrand ved brygga.Følg Smistadvegen ...","elevation":169,"name":"Hestsjøen","source":"UT.no\/DNT"},"type":"Feature"},{"geometry":{"coordinates":[10.322406000000001,63.394857999999999],"type":"Point"},"id":"swimspot-ut-145338668","properties":{"description":"Haukvatnet i Bymarka er et populært badevann. På nordsida av vannet er det en stor sandstrand hvor det er grunt og fint å bade. Området rundt Haukvannet er godt tilrettelagt for bevegelseshemmede med asfaltert sti og badebrygge med rampe ut...","elevation":189,"name":"Badestranda ved Haukvatnet","source":"UT.no\/DNT"},"type":"Feature"},{"geometry":{"coordinates":[10.341255,63.403095999999998],"type":"Point"},"id":"swimspot-ut-145338669","properties":{"description":"Kyvannet avgrenser deler av Byåsen til Bymarka, og er et populært badevann, også vinterstid med isbading. På sørsida av vannet, ved demningen, er det etablert en sandstrand med mange rasteplasser rundt. Her er det parkeringsmuligheter, men ...","elevation":183,"name":"Badestranda ved Kyvannet","source":"UT.no\/DNT"},"type":"Feature"},{"geometry":{"coordinates":[10.391098,63.435713],"type":"Point"},"id":"swimspot-ut-145338675","properties":{"description":"Sjøbadet er et av Trondheims mest sentrale badeplasser, og her er det blant hoppetårn og badstue. Her kan du bade i fjorden, sole deg og slappe av om sommeren. Du må kjøpe inngangsbillet for å komme inn på Sjøbadet, les med på deres nettsid...","name":"Sjøbadet","source":"UT.no\/DNT"},"type":"Feature"},{"geometry":{"coordinates":[11.265641,60.780473000000001],"type":"Point"},"id":"swimspot-ut-145339497","properties":{"description":"Turforslaget finner du her: Brenneridammen ved Ilseng","elevation":160,"name":"Brenneridammen ved Ilseng","source":"UT.no\/DNT"},"type":"Feature"},{"geometry":{"coordinates":[10.951435,60.847796000000002],"type":"Point"},"id":"swimspot-ut-145339507","properties":{"description":"På Langodden er det fint å bade i Mjøsa.","elevation":123,"name":"Langodden","source":"UT.no\/DNT"},"type":"Feature"},{"geometry":{"coordinates":[10.887969999999999,60.880574000000003],"type":"Point"},"id":"swimspot-ut-145339508","properties":{"description":"Dette er en veldig fin badeplass ved Topcamp Mjøsa , tidligere Mjøsa Ferie og Fritidssenter.","elevation":124,"name":"Badeplass ved Topcamp Mjøsa","source":"UT.no\/DNT"},"type":"Feature"},{"geometry":{"coordinates":[12.117599,62.972565000000003],"type":"Point"},"id":"swimspot-ut-145340311","properties":{"description":"Fossen i Ekorråa er verdt et besøk. Når vannføringen er stor er det mektige krefter i sving, og når det er mindre vannføring er dette en flott badeplass på varme sommerdager. Høyden på fossen er ca. 15 meter, og i foten ligger en kulp som k...","elevation":801,"name":"Solfallet i Ekorråa","source":"UT.no\/DNT"},"type":"Feature"},{"geometry":{"coordinates":[11.902462999999999,63.133378],"type":"Point"},"id":"swimspot-ut-145340313","properties":{"description":"Denne fine gamle setervollen ligger på ruta mot Ramsjøhytta fra Storerikvollen. (Heggvollen på gamle kart). Det ligger en fin badekulp like før vollen.","elevation":763,"name":"Haugvollen","source":"UT.no\/DNT"},"type":"Feature"},{"geometry":{"coordinates":[10.885911,60.887529999999998],"type":"Point"},"id":"swimspot-ut-145340316","properties":{"description":"Dette er en badeplass som ligger i Botsenden, nord for Framnesbrua.","elevation":123,"name":"Badeplass i Botsenden","source":"UT.no\/DNT"},"type":"Feature"},{"geometry":{"coordinates":[10.868634999999999,60.892876000000001],"type":"Point"},"id":"swimspot-ut-145340318","properties":{"description":"Dette er en badeplass som ligger helt innerst i Furnesfjorden.","elevation":123,"name":"Badeplass innerst i Furnesfjorden","source":"UT.no\/DNT"},"type":"Feature"},{"geometry":{"coordinates":[10.9214,60.878526999999998],"type":"Point"},"id":"swimspot-ut-145340320","properties":{"description":"Mjøsparken er et frilufts- og rekreasjonsområde på hele 82 600 kvadratmeter ved mjøskanten i Brumunddal. Her kan du nyte late sommerdager på stranda, rusle langs mjøspromenaden eller ha en aktiv dag i skateparken. Mulighetene er mange! I Mj...","elevation":123,"name":"Mjøsparken","source":"UT.no\/DNT"},"type":"Feature"},{"geometry":{"coordinates":[10.877805,60.883853999999999],"type":"Point"},"id":"swimspot-ut-145340321","properties":{"description":"Dette er en badeplass på vestsiden av Botsenden, som ligger i nærheten av den merkede stien Kvarstad-Østbergrunden .","elevation":123,"name":"Badeplass langs vestsiden av Botsenden","source":"UT.no\/DNT"},"type":"Feature"},{"geometry":{"coordinates":[14.472629,67.307402999999994],"type":"Point"},"id":"swimspot-ut-145341122","properties":{"description":"Kretjønna ligger like inntil den mye brukte turvegen opp til Keiservarden i Bodømarka - også kalt Natoveien.","elevation":231,"name":"Kretjønna","source":"UT.no\/DNT"},"type":"Feature"},{"geometry":{"coordinates":[14.634572,67.422803999999999],"type":"Point"},"id":"swimspot-ut-145341904","properties":{"description":"«Mjelle e forskjellig fra alt anna. Du må ha vært her førr å kunne forstå». Terje Nilsens tekst gjør forklaring unødvendig. Følg lenkene under for lyd, tekst og poesi om Norges mest berømte strand.","elevation":1,"name":"Mjelle","source":"UT.no\/DNT"},"type":"Feature"},{"geometry":{"coordinates":[11.216635999999999,59.929102],"type":"Point"},"id":"swimspot-ut-145344265","properties":{"description":"Stor og åpen barnevennelig badeplass av litt strand og gress . Tilgang til utedo på området.","elevation":183,"name":"Heia","source":"UT.no\/DNT"},"type":"Feature"},{"geometry":{"coordinates":[11.146315,59.945768999999999],"type":"Point"},"id":"swimspot-ut-145344266","properties":{"description":"Populær badeplass for familier med brygge fra fjellet, og flytebrygge på vannet.","elevation":204,"name":"Tientjernet","source":"UT.no\/DNT"},"type":"Feature"},{"geometry":{"coordinates":[11.310639999999999,60.478039000000003],"type":"Point"},"id":"swimspot-ut-145354349","properties":{"description":"Dette er en fin badeplass med steinbunn i sørenden av Granerudsjøen. Det er bilvei helt fram.","elevation":352,"name":"Skjæra i sørenden av Granerudsjøen","source":"UT.no\/DNT"},"type":"Feature"},{"geometry":{"coordinates":[11.104552,60.711787000000001],"type":"Point"},"id":"swimspot-ut-145354351","properties":{"description":"Gillundstranda har i dag en fin liten badeplass, toalettanlegg, båthavn og hytteby. Her kan det være hyggelig med en hvil og et bad, kanskje et toalettbesøk. I 2021 ordnet Hagan vel sandstrand på denne perlen! Mellom hyttefeltet og stranda ...","elevation":123,"name":"Gillundstranda","source":"UT.no\/DNT"},"type":"Feature"},{"geometry":{"coordinates":[11.161882,59.635638999999998],"type":"Point"},"id":"swimspot-ut-145354361","properties":{"description":"Solbergfoss badeplass ligger ved Solbergfoss Kraftstasjon i Askim. Her er det en stor åpen plass med gress og sandstrand med badeflåte ute på vannet. Toalett ved parkeringsplassen.","elevation":109,"name":"Solbergfoss badeplass","source":"UT.no\/DNT"},"type":"Feature"},{"geometry":{"coordinates":[14.045192,66.286430999999993],"type":"Point"},"id":"swimspot-ut-145355239","properties":{"description":"Digital turpost i #15SjekkUT.","elevation":3,"name":"Hauknesstranda","source":"UT.no\/DNT"},"type":"Feature"},{"geometry":{"coordinates":[5.1954719999999996,59.170957999999999],"type":"Point"},"id":"swimspot-ut-145356116","properties":{"description":"Sandvesanden er en av Karmøys fineste strandperler, like ved Sandve, nord for Skudeneshavn. Området forvaltes av Friluftsrådet Vest. Mer informasjon på Karmøy kommune sine nettsider","elevation":1,"name":"Sandvesanden","source":"UT.no\/DNT"},"type":"Feature"},{"geometry":{"coordinates":[5.195837,59.249673000000001],"type":"Point"},"id":"swimspot-ut-145356120","properties":{"description":"Flott strand, og fin tursti langs hele Åkrasanden og til Ferkingstad havn.","elevation":2,"name":"Åkrasanden","source":"UT.no\/DNT"},"type":"Feature"},{"geometry":{"coordinates":[14.446400000000001,67.222617999999997],"type":"Point"},"id":"swimspot-ut-145356128","properties":{"description":"Gangvatnet ligger like ved veien og er lett tilgjengelig – med plass til noen biler på parkeringsplassen . På finværsdager om sommeren stiger vanntemperaturen her ganske fort – og vannet kan nå opp til og også over 20 grader! Oppslagstavla ...","elevation":21,"name":"Gangvatnet","source":"UT.no\/DNT"},"type":"Feature"},{"geometry":{"coordinates":[15.0313,67.320454999999995],"type":"Point"},"id":"swimspot-ut-145356131","properties":{"description":"Sagelva er et flott turområde med både sjø, mark og elv! Her eier Bodø kommune et 1100 dekar stort område på begge sider av elva, som er sikret som friluftsområde.","name":"Sagelva","source":"UT.no\/DNT"},"type":"Feature"},{"geometry":{"coordinates":[9.4714030000000005,58.853532000000001],"type":"Point"},"id":"swimspot-ut-145371613","properties":{"description":"Fin badeplass ved Stormyr på Skåtøy. Se vedlagte link for beskrivelse.","elevation":1,"name":"Skålurstranda","source":"UT.no\/DNT"},"type":"Feature"},{"geometry":{"coordinates":[12.316815999999999,60.103817999999997],"type":"Point"},"id":"swimspot-ut-145376025","properties":{"description":"Bygdetunet er eid av Austmarka Historielag og består av flere gamle hus som er flyttet fra andre steder i bygda og satt i drift, bl.a en røykbadstue som er i bruk fra september til mai. Det er flere arrangementer der i løpet av året. I tilk...","elevation":182,"name":"Austmarka Bygdetun","source":"UT.no\/DNT"},"type":"Feature"},{"geometry":{"coordinates":[7.9132629999999997,61.369332],"type":"Point"},"id":"swimspot-ut-145381226","properties":{"description":"Langs med Utladalen dukker det opp en nydelig bukt hvor man kan ta seg et avkjølende bad. Vær obs om elva er stor anbefales det ikke å bade pga høy risiko.","elevation":174,"name":"Hyljefossen","source":"UT.no\/DNT"},"type":"Feature"},{"geometry":{"coordinates":[10.709448999999999,59.78154],"type":"Point"},"id":"swimspot-ut-145382102","properties":{"description":"Stranda ved Linaro, et par hundre meter nord for Blylaget brygge, er en skjult perle av en steinstrand. Les mer om plassen og historien rundt i artikkelen \" Kommunens best bevarte hemmelighet \" skrevet av Egi Haug og Bjørn Askautrud Les mer...","name":"Stranda ved Linaro","source":"UT.no\/DNT"},"type":"Feature"},{"geometry":{"coordinates":[10.705895,59.791389000000002],"type":"Point"},"id":"swimspot-ut-145382104","properties":{"description":"Bomannsvik og Torskeskjær er et friområde eid av Bomannsvik velforening, altså ikke under kommunalt ansvar. Området er på 7 da med en 200 meter lang strandlinje og svaberg med fiskemuligheter, og går fra Bomannsvik brygge i sør til Torskesk...","name":"Bomannsvik","source":"UT.no\/DNT"},"type":"Feature"},{"geometry":{"coordinates":[10.699104999999999,59.810889000000003],"type":"Point"},"id":"swimspot-ut-145382106","properties":{"description":"Stort friområde nedenfor Nesodden kirke og nord for Presteskjær brygge. Langgrunn sandstrand, svaberg med fiskemuligheter og gressletter godt egnet for telting. Gode parkeringsmuligheter og kort gangvei fra busstopp. Utedo på stedet. Les me...","elevation":1,"name":"Kirkevika","source":"UT.no\/DNT"},"type":"Feature"},{"geometry":{"coordinates":[10.706066999999999,59.789673999999998],"type":"Point"},"id":"swimspot-ut-145382108","properties":{"description":"Husmannsplassen Grøstadstrand og båtbyggeriet på Grøstadstrand (det store huset litt sør for stranda) var Nesoddens eldste båtbyggeri. Dette huset er eid av kommunen så her kan alle nyte den flotte tomten som strekker seg helt ned til vanne...","name":"Grøstadstranda","source":"UT.no\/DNT"},"type":"Feature"},{"geometry":{"coordinates":[10.700165999999999,59.816153],"type":"Point"},"id":"swimspot-ut-145382109","properties":{"description":"Torvvik brygge – ble bygget i 1920 av butikkeier Anton M Løes. Løes skaffet seg personbil i 1924 og brukte veien flittig. Bryggen ble viktig både til henting av varer og til etablering av hytteområde som igjen skaffet kunder. Når sønnen Arn...","name":"Torvvik brygge","source":"UT.no\/DNT"},"type":"Feature"},{"geometry":{"coordinates":[10.704717,59.802374],"type":"Point"},"id":"swimspot-ut-145382110","properties":{"description":"Fra 1900-1939 kunne man hoppe av båten på Rudstranda brygge. Det ble i 1903 etablert postkontor her men den holdt bare ut et år til 1904. Det stod også en fiskestue her fra 1700 tallet, denne er borte, bare noen gamle syriner vitner om at d...","elevation":2,"name":"Rudstranda","source":"UT.no\/DNT"},"type":"Feature"},{"geometry":{"coordinates":[10.695957999999999,59.829895999999998],"type":"Point"},"id":"swimspot-ut-145382115","properties":{"description":"Fjordvangen – et navn som ble laget under krigen. Her var det saltkokeri på 1600 tallet. Sjøvann ble kokt og saltet ble solgt. Brygga var endel av Flateby gård som var eneste gård på Nesodden som gikk fra øst til vest tvers over fra fjord t...","name":"Fjordvangen brygge","source":"UT.no\/DNT"},"type":"Feature"},{"geometry":{"coordinates":[10.696123,59.833032000000003],"type":"Point"},"id":"swimspot-ut-145382116","properties":{"description":"Berger – tilhørte den eldste gården på Nesodden Berger gård fra 300 tallet. Gårdeierne var skipsredere og de bygget over 11 skip. Fra 1914 og utover ble det bygget hus, veier, butikker og selvfølgelig dampskipbrygge her. I min barndom lå de...","elevation":1,"name":"Berger brygge","source":"UT.no\/DNT"},"type":"Feature"},{"geometry":{"coordinates":[10.568034000000001,59.736756999999997],"type":"Point"},"id":"swimspot-ut-145382994","properties":{"description":"Sommeren 2022 Lågøya skal driftes av DNT Oslo og Omegn og OF i fellesskap. Fra 1. juli kan du reise til øya med egen båt eller Ruter, gå på tur og bade. Overnatting må du vente med til neste år. Vi har skiltet en rundtur og veien til badepl...","elevation":1,"name":"Lågøya","source":"UT.no\/DNT"},"type":"Feature"},{"geometry":{"coordinates":[10.697623,59.826912999999998],"type":"Point"},"id":"swimspot-ut-145384751","properties":{"description":"Solbergskogen var endel av Solberg gård og ble utparsellert i 1925. I tidligere tider var det dans, bål og tombola i Strandparken. I vannkanten står et stupebrett med behov for vedlikehold (ser ut til å være sperret for bruk sommeren 2022),...","elevation":5,"name":"Solbergskogen","source":"UT.no\/DNT"},"type":"Feature"},{"geometry":{"coordinates":[10.691547999999999,59.843688],"type":"Point"},"id":"swimspot-ut-145384752","properties":{"description":"En av Nesoddens fineste og mest populære strender.","elevation":2,"name":"Hellvikstrand","source":"UT.no\/DNT"},"type":"Feature"},{"geometry":{"coordinates":[6.3880499999999998,60.648499999999999],"type":"Point"},"id":"swimspot-ut-145410188","properties":{"description":"Valbergstjørni er eit nydeleg lite fjelllvatn ved Røde Kors-hytta på Hanguren. Her kan du kombinera fjelltur, sykling, paraglider og mykje anna med badetur. Frå Hangurstoppen går det ei T-merka rundløype på 3 km forbi her. Frå vatnet har du...","elevation":750,"name":"Valbergstjørni","source":"UT.no\/DNT"},"type":"Feature"},{"geometry":{"coordinates":[9.2480619999999991,59.558864999999997],"type":"Point"},"id":"swimspot-ut-145418227","properties":{"description":"Populær og sentrumsnær offentlig badeplass i Notodden.","elevation":16,"name":"Bystranda i Notodden","source":"UT.no\/DNT"},"type":"Feature"},{"geometry":{"coordinates":[7.0083820000000001,58.409022],"type":"Point"},"id":"swimspot-ut-145436973","properties":{"description":"Lokal badeplass i Litleåna i Austerdalen, Kvinesdal. Ligger like ved veien sør for grenda Vatland. Hølen er fin å boltre seg i for både barn og voksne. Må kunne svømme. Liten sandstrand med benk med bord. Fine svaberg og steiner rundt.","elevation":224,"name":"Timrekleivhølen (Timren)","source":"UT.no\/DNT"},"type":"Feature"},{"geometry":{"coordinates":[7.0199939999999996,58.447716],"type":"Point"},"id":"swimspot-ut-145436975","properties":{"description":"Dyp og fin høl like nedstrøms broa langs skogsbilvegen til Steinsland i Austerdalen, Kvinesdal. Parkering ved broa. Ingen synlig sti, men masse bevertråkk som du kan følge gjennom sivet. (Pass på og ikke vrikk foten!) Tydelig at Burre trive...","elevation":308,"name":"Badehøl ved innoset til Mauretjønn","source":"UT.no\/DNT"},"type":"Feature"},{"geometry":{"coordinates":[7.0076729999999996,58.506881],"type":"Point"},"id":"swimspot-ut-145437963","properties":{"description":"Fin lita strand i vestre ende av Myglandstjønn som ligger 27 km nord fra sentrum i Kvinesdal, langs Fv 42 mot Tonstad. En kjører opp Austerdalen (fv801) og tar til venstre i krysset ved Eiesland mot Tonstad. Litt over en kilometer herfra og...","elevation":337,"name":"Myglandstjønna","source":"UT.no\/DNT"},"type":"Feature"},{"geometry":{"coordinates":[6.9746180000000004,58.322673999999999],"type":"Point"},"id":"swimspot-ut-145437964","properties":{"description":"Fin og mye brukt badeplass i nærheten av Liknes sentrum i Kvinesdal. Parkeringsplass i enden av rekkehus.","elevation":15,"name":"Krågehølen","source":"UT.no\/DNT"},"type":"Feature"},{"geometry":{"coordinates":[9.8433449999999993,61.198754999999998],"type":"Point"},"id":"swimspot-ut-145450845","properties":{"description":"Nydelig sandstrand i sør-øst av Dokkvatnet og med utsikt over til Ormtjønnkampen. Utedo. Kort sti fra bilveien som går mellom Holsbru-Liomseter (bomvei), med plass til å parkere noen biler.","elevation":778,"name":"Sandstranda ved Dokkvatnet","source":"UT.no\/DNT"},"type":"Feature"},{"geometry":{"coordinates":[9.8715899999999994,61.178761999999999],"type":"Point"},"id":"swimspot-ut-145451849","properties":{"description":"Svabergene ved Holsfossen egner seg godt for en liten hvil i vakre omgivelser. Ved lav vannstand kan det være fint å bade her, men det er viktig å se an forholdene! Det er også mulig å teste fiskelykken, husk å kjøpe fiskekort. Liten parker...","elevation":768,"name":"Holsfossen","source":"UT.no\/DNT"},"type":"Feature"},{"geometry":{"coordinates":[11.145706000000001,64.827727999999993],"type":"Point"},"id":"swimspot-ut-145456846","properties":{"description":"Badeplass tilrettelagt med toalett, gapahuk og grillplass. Langgrundt og barnevennlig. Parkering ved toalettanlegg. Rørvik Rotary har etbalert anlegget.","name":"Ryum sjøbad","source":"UT.no\/DNT"},"type":"Feature"},{"geometry":{"coordinates":[10.729531,59.970157999999998],"type":"Point"},"id":"swimspot-ut-145464677","properties":{"description":"Sognsvann er et sentralt utgangs-\/endepunkt for både fotturer, sykkelturer og skiturer i Nordmarka - eller bare som turmål i seg selv. Her er det et stort friluftsområde med masse flotte badeplasser om sommeren.","elevation":183,"name":"Sognsvann","source":"UT.no\/DNT"},"type":"Feature"},{"geometry":{"coordinates":[9.1702449999999995,58.971209999999999],"type":"Point"},"id":"swimspot-ut-145476793","properties":{"description":"Dette turmålet ligger på gang og sykkelstien mellom Neslandsvatn og Merkebekk. Kan også nås ved å parkere på veien til Kåsa Øverland industriområde. Ler mer om sykkelturen på vedlagte link","elevation":76,"name":"Oterbekkbua","source":"UT.no\/DNT"},"type":"Feature"},{"geometry":{"coordinates":[10.396197000000001,59.158141999999998],"type":"Point"},"id":"swimspot-ut-145494918","properties":{"description":"Badeplass og rasteplass på østsiden av Kynna. Litt steinete å komme nedi vannet, så vær forsiktig.","elevation":14,"name":"Kynna badeplass","source":"UT.no\/DNT"},"type":"Feature"},{"geometry":{"coordinates":[10.559028,59.698726000000001],"type":"Point"},"id":"swimspot-ut-145508540","properties":{"description":"Fin strand i le for alle vindretninger på grunn av omfattende bryggeanlegg. Er også fine kajakkbrygger\/badebrygger langs østsiden av den innerste (nordligste) delen av bryggeanlegget, altså like ved stranda. På brygga rett vest for stranda ...","elevation":3,"name":"Tåjebukta strand","source":"UT.no\/DNT"},"type":"Feature"},{"geometry":{"coordinates":[10.826460000000001,59.763418000000001],"type":"Point"},"id":"swimspot-ut-145508541","properties":{"elevation":92,"name":"Tussetjernet","source":"UT.no\/DNT"},"type":"Feature"},{"geometry":{"coordinates":[10.555255000000001,59.719088999999997],"type":"Point"},"id":"swimspot-ut-145519733","properties":{"description":"En stor strand i Nordbukta (eller Djupebukta) helt nord på Håøya. Skrånende terreng oppover med relativt tett skog og mye vindfall gjør stranda mer egnet for pausestopp enn overnatting. De mindre strendene litt lenger vest er bedre egnet fo...","elevation":1,"name":"Stranda i Nordbukta på Håøya","source":"UT.no\/DNT"},"type":"Feature"},{"geometry":{"coordinates":[10.552606000000001,59.719195999999997],"type":"Point"},"id":"swimspot-ut-145519734","properties":{"description":"Det er flere flotte strender for ilandstigning med kajakk, bading og telting på Håøya, og disse to mindre strendene like vest for Nordbukta\/Djupebukta er intet unntak. Her er underlaget forholdsvis plant, trærne i fin hengekøyeavstand og be...","name":"Strender vest for Nordbukta på Håøya","source":"UT.no\/DNT"},"type":"Feature"},{"geometry":{"coordinates":[10.351353,59.145527999999999],"type":"Point"},"id":"swimspot-ut-145521772","properties":{"description":"Odde sør på Veierland i Færder kommune. Den utgjør et friområde og har en badeplass med svaberg. Øst for stranda ligger bukta Krikakilen, mens Tangenkilen ligger på vestsida. Fra Hvervodden er det utsyn mot Pikeskjær, Hui, Lindholmen og Sta...","elevation":1,"name":"Hvervodden","source":"UT.no\/DNT"},"type":"Feature"},{"geometry":{"coordinates":[11.574771,64.869771],"type":"Point"},"id":"swimspot-ut-145529952","properties":{"description":"Badeplass ved småbåthavna i Nordsjøen.","elevation":1,"name":"Nordsjøen","source":"UT.no\/DNT"},"type":"Feature"},{"geometry":{"coordinates":[14.22486,67.163801000000007],"type":"Point"},"id":"swimspot-ut-145550338","properties":{"description":"Stranda - og fotoutstillinga - må bare oppleves!","elevation":3,"name":"Gildeskål: Langsanden","source":"UT.no\/DNT"},"type":"Feature"},{"geometry":{"coordinates":[10.367974999999999,59.171571999999998],"type":"Point"},"id":"swimspot-ut-145562542","properties":{"description":"Småvik er en liten offentlig strand som ligger sydvendt like sør for p-plassen på Tenvik båthavn. Her går kyststien videre østover, og en fin gressplen klippes glimrende for telting. En koselig liten sandstrand er også da tilgjengelig for b...","elevation":1,"name":"Småvik, ved Tenvik","source":"UT.no\/DNT"},"type":"Feature"},{"geometry":{"coordinates":[10.45514,59.206505999999997],"type":"Point"},"id":"swimspot-ut-145562549","properties":{"description":"Liten behagelig strand med fine bademuligheter. 15 m inn stien fra stranda er det en liten gressplass med plass til 2-3 telt. Det er og fine hengekøyemuligheter i skogen rundt.","elevation":1,"name":"Ulvøtangen","source":"UT.no\/DNT"},"type":"Feature"},{"geometry":{"coordinates":[9.6002550000000006,61.365698999999999],"type":"Point"},"id":"swimspot-ut-145572674","properties":{"description":"Solåtjønnet er et flott turmål både for små og store. På vestsiden er det noen fine berg å sitte på, og området er flott å gå i året rundt, for å gå tur, plukke bær eller gå på ski. Det er et privat vann, så grunneier må spørres for å kunne...","elevation":1002,"name":"Solåtjønnet","source":"UT.no\/DNT"},"type":"Feature"},{"geometry":{"coordinates":[6.1606620000000003,59.262549999999997],"type":"Point"},"id":"swimspot-ut-145587272","properties":{"description":"Sandstrand, båtfeste","name":"Nesvik","source":"UT.no\/DNT"},"type":"Feature"},{"geometry":{"coordinates":[5.15585,60.289862999999997],"type":"Point"},"id":"swimspot-ut-145587273","properties":{"description":"Fin landgrunn strandfjære.","name":"Tyssøy","source":"UT.no\/DNT"},"type":"Feature"},{"geometry":{"coordinates":[5.1257630000000001,60.347107999999999],"type":"Point"},"id":"swimspot-ut-145587274","properties":{"description":"Landgrunn badefjære egenet for barn, med gressmark i bakkant. Oppmurt natursteinsmur i bakkant av badefjæren.","name":"Geitvika","source":"UT.no\/DNT"},"type":"Feature"},{"geometry":{"coordinates":[5.3081709999999998,60.417675000000003],"type":"Point"},"id":"swimspot-ut-145587275","properties":{"description":"Lokal badeplass med trebrygger.","name":"Nyhavn","source":"UT.no\/DNT"},"type":"Feature"},{"geometry":{"coordinates":[5.3024129999999996,60.398980000000002],"type":"Point"},"id":"swimspot-ut-145587276","properties":{"description":"Sjøbad med oppvarmet basseng, garderobeanlegg og bading i sjø. Badevakt og inngangspenger.","name":"Nordnes sjøbad","source":"UT.no\/DNT"},"type":"Feature"},{"geometry":{"coordinates":[5.314203,60.392073000000003],"type":"Point"},"id":"swimspot-ut-145587277","properties":{"description":"Sydnes sjøbad ligger ved Hurtigruteterminalen i Jekteviken. Gangavstand fra Torgalmenningen og sentrum. Badeplassen er tilrettelagt med brygge og badestiger.","elevation":2,"name":"Sydnes sjøbad","source":"UT.no\/DNT"},"type":"Feature"},{"geometry":{"coordinates":[5.3256040000000002,60.381939000000003],"type":"Point"},"id":"swimspot-ut-145587278","properties":{"description":"Sandstranden på Marineholmen er et privat initiativ. Området er bynært og populært på varme sommerdager. Mer informasjon om badeplassen og målinger av badevannskvalitet blir publisert av marineholmen.com.","name":"Marineholmen Sandstrand","source":"UT.no\/DNT"},"type":"Feature"},{"geometry":{"coordinates":[5.5127300000000004,58.740042000000003],"type":"Point"},"id":"swimspot-ut-145587280","properties":{"description":"Populær tur- og badestrand. Blått Flagg strand. Bading når havet er rolig nok. Det kan oppstå tildels kraftige utgående strømkorridorer langs Jærkysten. Se informasjonskilt ved nedgang til stranda. Friluftshuset på Orre ligger ved parkering...","elevation":4,"name":"Orre","source":"UT.no\/DNT"},"type":"Feature"},{"geometry":{"coordinates":[6.0663679999999998,59.177872999999998],"type":"Point"},"id":"swimspot-ut-145587281","properties":{"description":"Badestranda i Fistervågen er en av flere strender langs Nesvegen.","elevation":1,"name":"Fistervågen","source":"UT.no\/DNT"},"type":"Feature"},{"geometry":{"coordinates":[5.8379950000000003,58.956308999999997],"type":"Point"},"id":"swimspot-ut-145587282","properties":{"description":"Vadholmen er et svært populært båtutfartsområde, selv om det ligger i et område med tett hyttebebyggelse. Holmen er et regionalt tilrettelagt båtutfartsområde. Vadholmen er godt egnet for barnefamilier. Båtforbindelse til Stavanger og Homme...","elevation":5,"name":"Vadholmen","source":"UT.no\/DNT"},"type":"Feature"},{"geometry":{"coordinates":[5.8108529999999998,58.987774000000002],"type":"Point"},"id":"swimspot-ut-145587284","properties":{"description":"Badeplass Varmekro Lindøy","name":"Varmekro","source":"UT.no\/DNT"},"type":"Feature"},{"geometry":{"coordinates":[5.6035529999999998,58.884864999999998],"type":"Point"},"id":"swimspot-ut-145587285","properties":{"description":"Populær bade- og turstrand. Solastranda er en 2,3 km lang sandstrand muligheter for bading, turgåing brettseiling. Den ligger litt skjermet for de kraftigste havbølgene, og er rolige dager en godt egnet badestrand. Blir brukt året rundt og ...","elevation":4,"name":"Solastranda","source":"UT.no\/DNT"},"type":"Feature"},{"geometry":{"coordinates":[6.1026999999999996,58.893898],"type":"Point"},"id":"swimspot-ut-145587286","properties":{"description":"Fossanhagen badestrand ligger ca en km fra Forsand kai. Stranda har toaletter og gode parkeringsmuligheter","name":"Fossanhagen","source":"UT.no\/DNT"},"type":"Feature"},{"geometry":{"coordinates":[6.049385,59.169288999999999],"type":"Point"},"id":"swimspot-ut-145587287","properties":{"description":"Badeplassen ligg ved sjøen på Fister. Kjør i retning Nordskår, etter ca 1,7km står det skilt til høgre ned mot Kjelavika. Her er det sandstrand og du finn grasplen, utegrill, sandvolleyballbane, sittegrupper og toalett (utan vatn).","name":"Kjelavika","source":"UT.no\/DNT"},"type":"Feature"},{"geometry":{"coordinates":[5.5680540000000001,58.870083999999999],"type":"Point"},"id":"swimspot-ut-145587290","properties":{"description":"Ølbergstranda er en familievennlig strand. Sandstranda er ca 380 m lang, med fine turmuligheter rundt. Her kan du ta en rusletur i havna, utforske en bunkers og krigsminner eller ta en tur langs Kyststien, se skilting. Fra 10. mai til 31. a...","name":"Ølbergstranda","source":"UT.no\/DNT"},"type":"Feature"},{"geometry":{"coordinates":[5.550808,58.686619],"type":"Point"},"id":"swimspot-ut-145587291","properties":{"description":"Refsnesstranda er en ca 750 m sandstrand, ei relativt kort turstrand, men du kan krysse Salteåna ved søndre del av stranda, og komme over på Nærlandstranda. Areal: Stranda er 850 m lang Parkering: Ja Toalett : Ja Drikkevann: Ja Dusj: Nei Te...","elevation":2,"name":"Refsnes","source":"UT.no\/DNT"},"type":"Feature"},{"geometry":{"coordinates":[5.8838819999999998,58.467216000000001],"type":"Point"},"id":"swimspot-ut-145587292","properties":{"description":"Gress","elevation":2,"name":"Gyarhavn Indre","source":"UT.no\/DNT"},"type":"Feature"},{"geometry":{"coordinates":[16.379289,68.104174],"type":"Point"},"id":"swimspot-ut-145587293","properties":{"description":"Badeplass i ferskvann for barn og voksne, tilrettelagt med planert sand\/grus","elevation":75,"name":"Dammen Kjøpsvik","source":"UT.no\/DNT"},"type":"Feature"},{"geometry":{"coordinates":[5.7500980000000004,58.925559],"type":"Point"},"id":"swimspot-ut-145587294","properties":{"description":"Badeplassen ligger lunt til og er blant byens største og mest besøkte. Spesielt fine badeforhold for de små. God gangvei til Hinna badeplass. Kan også kombineres med turveien sørover mot Gausel. Parkeringsproblemer på varme dager. Badeplass...","name":"Vaulen","source":"UT.no\/DNT"},"type":"Feature"},{"geometry":{"coordinates":[5.6709230000000002,58.941786],"type":"Point"},"id":"swimspot-ut-145587295","properties":{"description":"Populær badestrand i Stavanger som er et godt utgangspunkt for mange aktiviteter! Badestrand, perfekt for å sjøsette kajakken, eller fot- eller sykkeltur nordover langs godt opparbeidet grusvei. Man kan gå eller sykle langs Hafrsfjord mot H...","name":"Møllebukta","source":"UT.no\/DNT"},"type":"Feature"},{"geometry":{"coordinates":[5.8653120000000003,58.471643999999998],"type":"Point"},"id":"swimspot-ut-145587296","properties":{"description":"Langrunn sandstrand (ca 150 m Parkering ca 15 min Merket sti Toalett og renovasjon Mastrasanden er del av en privat eiendom. Siden 1972 har kommunen leid området (31 daa) sammen med parkeringsplass og atkomstrett, slik at det ble anledning ...","elevation":2,"name":"Mastrasanden","source":"UT.no\/DNT"},"type":"Feature"},{"geometry":{"coordinates":[5.9955410000000002,59.019939000000001],"type":"Point"},"id":"swimspot-ut-145587297","properties":{"description":"Badestrand vel 2 km nord for Jørpeland. Sandstrand, toalett, lekeanlegg, sandvolleyballbane, offentlige griller.","name":"Barkaviga","source":"UT.no\/DNT"},"type":"Feature"},{"geometry":{"coordinates":[6.2016910000000003,59.345280000000002],"type":"Point"},"id":"swimspot-ut-145587300","properties":{"description":"Hamnen eller Habn, badeplass ligger innerst i Bogsfjorden i Erfjord. Området forvaltes og drives av kommunen. P-plass, sandstrand, grill, stupebrett, renovasjon, hc-toalett.","name":"Hamnen","source":"UT.no\/DNT"},"type":"Feature"},{"geometry":{"coordinates":[6.3204830000000003,59.641443000000002],"type":"Point"},"id":"swimspot-ut-145587301","properties":{"description":"Badeplass ved fjorden. Her kan du bade, fiske og raste. I området finner du rester av anlegg fra 2.verdenskrig. Her stod det en vekt for jernbanevogner og en vaktbu tilhørende NORDAG-anlegget. Fra Nesøyra kan du gå langs Neskanalen, enten t...","name":"Nesøyra","source":"UT.no\/DNT"},"type":"Feature"},{"geometry":{"coordinates":[5.8394649999999997,58.930514000000002],"type":"Point"},"id":"swimspot-ut-145587304","properties":{"description":"En nydelig sandstrand, der det er båthavn og flotte omgivelser. Hommersåk har mange fine turområder, og muligheter for mange fritidsaktiviteter.","name":"Breivik","source":"UT.no\/DNT"},"type":"Feature"},{"geometry":{"coordinates":[5.9512830000000001,59.024740000000001],"type":"Point"},"id":"swimspot-ut-145587305","properties":{"description":"Badeplass mellom Tau og Jørpeland. Sand\/steinstrand, men noe mer sand når en har vasse litt ut. Skiltet fra riksvei 13.","name":"Kuvika","source":"UT.no\/DNT"},"type":"Feature"},{"geometry":{"coordinates":[5.7882629999999997,59.143512999999999],"type":"Point"},"id":"swimspot-ut-145587306","properties":{"description":"Sandstrand og svaberg i øst og vest. Viktig badeplass for innbyggere på Finnøy. P-plass, handikap badetrapp til strand. Toalett med 5 rom, hvorav ett hc-toalett. 2 grillanlegg.","name":"Kvidevik","source":"UT.no\/DNT"},"type":"Feature"},{"geometry":{"coordinates":[5.9118320000000004,58.456685],"type":"Point"},"id":"swimspot-ut-145587307","properties":{"description":"Bade og turområde Frisbeegolf Toalett og renovasjon Langgrunn sandstrand Parkering Ballplass","elevation":1,"name":"Skadbergsanden","source":"UT.no\/DNT"},"type":"Feature"},{"geometry":{"coordinates":[5.8823129999999999,58.969228000000001],"type":"Point"},"id":"swimspot-ut-145587308","properties":{"description":"Tingholmen er en lun holme på sørsiden av innløpet til Høgsfjorden, cirka 7 km øst for Stavanger. Holmen er mye besøkt av mindre båter som kombinerer båtlivet med telting på land, bl.a. kajakkpadlere. Tingholmen har et flott kulturlandskap ...","name":"Tingholmen","source":"UT.no\/DNT"},"type":"Feature"},{"geometry":{"coordinates":[5.8581880000000002,58.9711],"type":"Point"},"id":"swimspot-ut-145587309","properties":{"description":"Litle Teistholmen er relativt ny som offentlig sikret friluftslivsområde, men har allerede blitt et av de aller mest populære båtutfartsområdene. Selv om holmen er liten tåler den mye besøk. Litle Teistholmen er tilrettelagt med mål om opti...","elevation":1,"name":"Litle Teistholmen","source":"UT.no\/DNT"},"type":"Feature"},{"geometry":{"coordinates":[6.0011669999999997,58.981879999999997],"type":"Point"},"id":"swimspot-ut-145587310","properties":{"description":"Populær lokal badeplass som ligger ligger på østsiden av Idsal.","name":"Bjelkavik","source":"UT.no\/DNT"},"type":"Feature"},{"geometry":{"coordinates":[5.775461,58.886834],"type":"Point"},"id":"swimspot-ut-145587312","properties":{"description":"Holmavika ligger ut mot Gandsfjorden, nær Daleveien nord for Strondavika.. I Holmavika er det gresslette, sandstrand og en brygge. Området er tilrettelagt med renovasjon. Grus stien ned til stranden har slak helning og gir enkel fremkommeli...","name":"Holmavika","source":"UT.no\/DNT"},"type":"Feature"},{"geometry":{"coordinates":[6.3115969999999999,59.639791000000002],"type":"Point"},"id":"swimspot-ut-145587313","properties":{"description":"Stranda ved campingplassen i Saudasjøen er en av få sjøstrender i Sauda. Fine svaberg og flotte bademuligheter. Perfekt område for barn. Fjorden blir ofte varm og fin å bade i litt utpå sommeren. Nærhet til lekeplass og butikk.","name":"Sauda Camping","source":"UT.no\/DNT"},"type":"Feature"},{"geometry":{"coordinates":[6.022081,59.022967999999999],"type":"Point"},"id":"swimspot-ut-145587316","properties":{"description":"Strand kun 15 minutters gange fra Jørpland sentrum. Stranda har toalett og lekeplass. God parkering","name":"Nordlys","source":"UT.no\/DNT"},"type":"Feature"},{"geometry":{"coordinates":[5.7479209999999998,58.881388999999999],"type":"Point"},"id":"swimspot-ut-145587317","properties":{"description":"Lokal badeplass","name":"Rissebærstranden","source":"UT.no\/DNT"},"type":"Feature"},{"geometry":{"coordinates":[6.1624309999999998,59.232928999999999],"type":"Point"},"id":"swimspot-ut-145587318","properties":{"description":"Sanda badeplass ligger like ved ferjekaien på Hjelmeland, badeplassen ligger i nærheten av toaletter og vannuttak. Gode parkeringsmuligheter. På sommerstid er det sal av frukt og bær på kaien like ved siden av.","name":"Sanda","source":"UT.no\/DNT"},"type":"Feature"},{"geometry":{"coordinates":[5.9234419999999997,59.046010000000003],"type":"Point"},"id":"swimspot-ut-145587319","properties":{"description":"Lett tilgjengelig langs riksveg 13. Stranda har lekeplass og en stor gressplen til å ha aktiviteter på.","name":"Strandastøa","source":"UT.no\/DNT"},"type":"Feature"},{"geometry":{"coordinates":[5.6071540000000004,58.985562000000002],"type":"Point"},"id":"swimspot-ut-145587322","properties":{"description":"Friluftsområde og badestrand Populær badestrand med både sandflate og gressområde. Langgrunn strand, fint å sjøsette kajakk. Fint utgangspunkt for tur langs sjøen, både nord og sørover. Godt opparbeidet grusvei. Ballbinge ved parkeringsplas...","elevation":1,"name":"Vistestranda","source":"UT.no\/DNT"},"type":"Feature"},{"geometry":{"coordinates":[5.5427980000000003,60.057388000000003],"type":"Point"},"id":"swimspot-ut-145587323","properties":{"description":"Badevik med to landgrunne badefjærer.","name":"Gunnarsvikjo badeplass","source":"UT.no\/DNT"},"type":"Feature"},{"geometry":{"coordinates":[5.458831,60.450524999999999],"type":"Point"},"id":"swimspot-ut-145587324","properties":{"description":"Mye benyttet badeområde med stor, barnevennlig strand og romslig gresslette.","name":"Garnes","source":"UT.no\/DNT"},"type":"Feature"},{"geometry":{"coordinates":[5.3149829999999998,60.441384999999997],"type":"Point"},"id":"swimspot-ut-145587325","properties":{"description":"Stor langgrunn badefjære egnet for barn. Vollane er en romslig og populær badeplass med stor gressbakke som bakland. Området har landgrunn sandfjære, svaberg, stupebrett, badestige, handikaprampe, redningssett, toalett og informasjonstavle.","name":"Vollane","source":"UT.no\/DNT"},"type":"Feature"},{"geometry":{"coordinates":[5.307633,60.524515000000001],"type":"Point"},"id":"swimspot-ut-145587326","properties":{"description":"Liten lokal badevik med skjellsand og svaberg. Noe vanskelig atkomst på sti via bebyggelsen.","name":"Bakarhavn","source":"UT.no\/DNT"},"type":"Feature"},{"geometry":{"coordinates":[5.1161139999999996,60.447947999999997],"type":"Point"},"id":"swimspot-ut-145587327","properties":{"description":"Rullesteinsstrand skiltet som naturiststrand.","name":"Kollevåg","source":"UT.no\/DNT"},"type":"Feature"},{"geometry":{"coordinates":[5.7864389999999997,58.519432999999999],"type":"Point"},"id":"swimspot-ut-145587328","properties":{"description":"Idyllisk, lun badestrand mellom knauser. Flere små viker en kan bade i når havet er rolig nok. Enkel utedo ved Laugarbergvika. Det er ikke fortøyningsmuligheter for båt eller mulighet for telting. Ta av fra RV 44, og følg skilting til parke...","name":"Ogna Laugabergvika","source":"UT.no\/DNT"},"type":"Feature"},{"geometry":{"coordinates":[5.7953089999999996,58.513330000000003],"type":"Point"},"id":"swimspot-ut-145587329","properties":{"description":"Flott tur- og badestrand mellom Ognaelva og Sirevåg. Ognasanden er vel 700 meter, men du kan gå lange turer både nord- og sørover, herfra. Havet står rett inn på de store Jærstrendene, og det kan oppstå sterke utgående strømmer, se skilting...","elevation":1,"name":"Ognasanden","source":"UT.no\/DNT"},"type":"Feature"},{"geometry":{"coordinates":[5.560829,58.860484],"type":"Point"},"id":"swimspot-ut-145587330","properties":{"description":"Fin liten strand, med mulighet til å finne le for vind. Ett lite stykke å gå fra parkeringsplassen til stranda, men du finner en fin strand her. Vigdelstranda er 280m lang, roligere enn de store havstrendene, men det kan vere heftige bølger...","elevation":3,"name":"Vigdel","source":"UT.no\/DNT"},"type":"Feature"},{"geometry":{"coordinates":[5.7330740000000002,58.537759999999999],"type":"Point"},"id":"swimspot-ut-145587331","properties":{"description":"Brusanden er 2,7 km lang og er en flott tur og badestrand. Sterke utgående strømmer kan oppstå, se skilting. Fuglestadåna har utløp i nordre del, kryssing over terskel. Ved stor vannføring og høy vannstand kan terskelen ligge under vann. Sa...","elevation":2,"name":"Brusand","source":"UT.no\/DNT"},"type":"Feature"},{"geometry":{"coordinates":[5.5919090000000002,59.019325000000002],"type":"Point"},"id":"swimspot-ut-145587332","properties":{"description":"Sandstrand og sanddyner med marehalm og strandrug. Langgrunt. Godt for små barn. Toalett m\/vann, ca midt på stranda. (Vinterstengt) Veibeskrivelse: Avkjøring fra Tungenesveien, til parkering.","elevation":2,"name":"Sandestranden","source":"UT.no\/DNT"},"type":"Feature"},{"geometry":{"coordinates":[5.5618879999999997,58.842962999999997],"type":"Point"},"id":"swimspot-ut-145587333","properties":{"description":"Populær turstrand, bading når havet er rolig nok Hellestøstranda er 1,4 km lang og er en svært mye brukt turstrand. Det er en av de store sandstrendene på Jæren og det kan forekomme sterke utgående strømmer her. Se skilting.","name":"Hellestø","source":"UT.no\/DNT"},"type":"Feature"},{"geometry":{"coordinates":[5.2617719999999997,59.99568],"type":"Point"},"id":"swimspot-ut-145587334","properties":{"description":"Badevik med liten rullesteinstrand og svaberg.","name":"Kalvssundholmen","source":"UT.no\/DNT"},"type":"Feature"},{"geometry":{"coordinates":[5.5537650000000003,58.799078999999999],"type":"Point"},"id":"swimspot-ut-145587335","properties":{"description":"Populær tur- og surfestrand. Bading når havet er rolig nok. Det kan oppstå tildels kraftige utgående strømkorridorer her. Se informasjonskilt skilt ved nedgang til stranda. Figgjoelva har utløp ved nordre enden av stranda. Figgjoelva er lak...","elevation":5,"name":"Borestranda","source":"UT.no\/DNT"},"type":"Feature"},{"geometry":{"coordinates":[4.9957560000000001,60.649889000000002],"type":"Point"},"id":"swimspot-ut-145587336","properties":{"description":"Badepoll egnet for svømmedyktige barn.","name":"Skageneset","source":"UT.no\/DNT"},"type":"Feature"},{"geometry":{"coordinates":[4.9180149999999996,60.688977000000001],"type":"Point"},"id":"swimspot-ut-145587337","properties":{"description":"Badepoll med sand.","name":"Byngja","source":"UT.no\/DNT"},"type":"Feature"},{"geometry":{"coordinates":[4.7844439999999997,60.614978000000001],"type":"Point"},"id":"swimspot-ut-145587338","properties":{"description":"Dam med sjøvann som blir oppvarmet på varme dager. Bading fra svaberg.","elevation":3,"name":"Langøy","source":"UT.no\/DNT"},"type":"Feature"},{"geometry":{"coordinates":[4.9385519999999996,60.655647999999999],"type":"Point"},"id":"swimspot-ut-145587339","properties":{"description":"Liten sandstrand.","elevation":1,"name":"Uttoska","source":"UT.no\/DNT"},"type":"Feature"},{"geometry":{"coordinates":[4.7776120000000004,60.817552999999997],"type":"Point"},"id":"swimspot-ut-145587340","properties":{"description":"Badevik med sandstrand.","name":"Sauøy","source":"UT.no\/DNT"},"type":"Feature"},{"geometry":{"coordinates":[5.2324080000000004,60.454058000000003],"type":"Point"},"id":"swimspot-ut-145587341","properties":{"description":"Badepoll med små sandstrender.","name":"Solnes","source":"UT.no\/DNT"},"type":"Feature"},{"geometry":{"coordinates":[5.2844139999999999,60.454828999999997],"type":"Point"},"id":"swimspot-ut-145587342","properties":{"description":"Idyllisk bade- og turområde med fine svaberg. To små badefjærer for barn. Gangvei ned til badevikene og flere stier i terrenget.","name":"Grønskjeret","source":"UT.no\/DNT"},"type":"Feature"},{"geometry":{"coordinates":[5.719614,60.381568999999999],"type":"Point"},"id":"swimspot-ut-145587343","properties":{"description":"Strandfjære.","name":"Flesjane","source":"UT.no\/DNT"},"type":"Feature"},{"geometry":{"coordinates":[5.0333410000000001,60.528489],"type":"Point"},"id":"swimspot-ut-145587344","properties":{"description":"Strandfjære med evjebunn.","name":"Sjurvika","source":"UT.no\/DNT"},"type":"Feature"},{"geometry":{"coordinates":[5.6870370000000001,60.163505999999998],"type":"Point"},"id":"swimspot-ut-145587345","properties":{"description":"Badefjære egnet for barn.","name":"Skjelavikjo","source":"UT.no\/DNT"},"type":"Feature"},{"geometry":{"coordinates":[5.1065579999999997,60.131807999999999],"type":"Point"},"id":"swimspot-ut-145587346","properties":{"description":"Badefjære egnet for barn med skjellsand.","name":"Sveholmen","source":"UT.no\/DNT"},"type":"Feature"},{"geometry":{"coordinates":[5.3048700000000002,60.167727999999997],"type":"Point"},"id":"swimspot-ut-145587347","properties":{"description":"Badestrand med skjellsand.","name":"Skorpo","source":"UT.no\/DNT"},"type":"Feature"},{"geometry":{"coordinates":[5.3307390000000003,60.151853000000003],"type":"Point"},"id":"swimspot-ut-145587348","properties":{"description":"Vik med to badestrender i Ervikane friluftsområde.","name":"Ervikane","source":"UT.no\/DNT"},"type":"Feature"},{"geometry":{"coordinates":[5.3340259999999997,60.150669000000001],"type":"Point"},"id":"swimspot-ut-145587349","properties":{"description":"Liten badevik omgitt av svaberg, delvis sandlagt.","name":"Ervikane","source":"UT.no\/DNT"},"type":"Feature"},{"geometry":{"coordinates":[5.3659619999999997,60.208553999999999],"type":"Point"},"id":"swimspot-ut-145587350","properties":{"description":"Strandfjære egnet for bading på sydsiden av Lysøya.","name":"Lysøen","source":"UT.no\/DNT"},"type":"Feature"},{"geometry":{"coordinates":[5.3688979999999997,60.213043999999996],"type":"Point"},"id":"swimspot-ut-145587351","properties":{"description":"Strandfjære med skjellsand.","name":"Lysøen","source":"UT.no\/DNT"},"type":"Feature"},{"geometry":{"coordinates":[5.1516729999999997,60.291429999999998],"type":"Point"},"id":"swimspot-ut-145587352","properties":{"description":"Landgrunn strandfjære på vestsiden av Tyssøy.","name":"Tyssøy","source":"UT.no\/DNT"},"type":"Feature"},{"geometry":{"coordinates":[5.4105910000000002,60.138317000000001],"type":"Point"},"id":"swimspot-ut-145587353","properties":{"description":"To barnevennlige badeviker i Kalneset friluftsområde.","name":"Kalneset","source":"UT.no\/DNT"},"type":"Feature"},{"geometry":{"coordinates":[5.6295479999999998,60.206594000000003],"type":"Point"},"id":"swimspot-ut-145587354","properties":{"description":"Landgrunn badefjære i Fusaneset friluftsområde.","name":"Fusaneset","source":"UT.no\/DNT"},"type":"Feature"},{"geometry":{"coordinates":[4.8997659999999996,60.329895],"type":"Point"},"id":"swimspot-ut-145587355","properties":{"description":"Landgrunn badefjære i Løno friluftsområde.","name":"Løno","source":"UT.no\/DNT"},"type":"Feature"},{"geometry":{"coordinates":[5.2645879999999998,60.365468],"type":"Point"},"id":"swimspot-ut-145587356","properties":{"description":"Landgrunn badefjøre egnet for barn. Tennebekktjernet friluftsområde større badeområde med to flotte sandstrender. Området har stor gressmark i bakkant, toalett og parkeringsplass. Det er også god bussforbindelse til Nipedalen.","elevation":95,"name":"Tennebekktjern","source":"UT.no\/DNT"},"type":"Feature"},{"geometry":{"coordinates":[5.4796259999999997,59.999473999999999],"type":"Point"},"id":"swimspot-ut-145587357","properties":{"description":"Badevik med landgrunn strandfjære i Kjevikjo friluftsområde. Badeplassen har baderampe og stupebrett med gressmark overfor badeviken.","name":"Kjevikjo","source":"UT.no\/DNT"},"type":"Feature"},{"geometry":{"coordinates":[4.8614889999999997,60.799996999999998],"type":"Point"},"id":"swimspot-ut-145587358","properties":{"description":"Langgrunn sandfjære innerst i pollen egnet for barn.","name":"Øksnes","source":"UT.no\/DNT"},"type":"Feature"},{"geometry":{"coordinates":[5.7342740000000001,60.233804999999997],"type":"Point"},"id":"swimspot-ut-145587359","properties":{"description":"Lun badefjære egnet for barn.","name":"Hagafjøra","source":"UT.no\/DNT"},"type":"Feature"},{"geometry":{"coordinates":[4.8463789999999998,60.589908000000001],"type":"Point"},"id":"swimspot-ut-145587360","properties":{"description":"Sandbadefjære egnet for barn (langgrunt).","name":"Lislevika","source":"UT.no\/DNT"},"type":"Feature"},{"geometry":{"coordinates":[5.2942,60.320901999999997],"type":"Point"},"id":"swimspot-ut-145587361","properties":{"description":"Liten badefjære i østre del av Kyrkjetangen friluftsområde.","name":"Kyrkjetangen","source":"UT.no\/DNT"},"type":"Feature"},{"geometry":{"coordinates":[5.1969070000000004,60.378774],"type":"Point"},"id":"swimspot-ut-145587362","properties":{"description":"Liten badevik med skjellsand og flott bakland med gressmark. Bord og benk. Kai med badestige. Toalett i bakkant av området.","elevation":1,"name":"Godvik","source":"UT.no\/DNT"},"type":"Feature"},{"geometry":{"coordinates":[5.2954980000000003,60.423197999999999],"type":"Point"},"id":"swimspot-ut-145587363","properties":{"description":"Liten landgrunn sandstrand egnet for barn. Friluftsområdet ved Biskopshavnbukten har fine svaberg og en liten badefjære for barn bak den gamle kaien. Stupebrett og bord og benk like ved.","name":"Biskobshavn","source":"UT.no\/DNT"},"type":"Feature"},{"geometry":{"coordinates":[5.2614150000000004,60.502115000000003],"type":"Point"},"id":"swimspot-ut-145587364","properties":{"description":"Liten sandfjære. Storåkervika friluftsområde ligger like nedenfor Salhus kirke sentralt i Salhus, vendt ut mot Salhusfjorden. Svabergspreget areal omgitt av mindre vekster, busker og trær. Badefjæren er langgrunn og barnevennlig, og er tilr...","name":"Storåkervika","source":"UT.no\/DNT"},"type":"Feature"},{"geometry":{"coordinates":[5.4650869999999996,60.430340999999999],"type":"Point"},"id":"swimspot-ut-145587365","properties":{"description":"Strandfjære i Kalvtrevik friluftsområde. Populært lokalt friluftsområde med stor gressmark i bakkant.","name":"Kalvtrevik","source":"UT.no\/DNT"},"type":"Feature"},{"geometry":{"coordinates":[5.4566410000000003,60.435087000000003],"type":"Point"},"id":"swimspot-ut-145587366","properties":{"description":"Stor langgrunn badefjære egnet for barn. Holmen er en av de mest populære badeplassene i Arna og Arnavågen med rommelig bakland og gressmarker, omkledd av spredt bar- og løvskog. Området er barnevennlig med stor landgrunn strandfjære med sk...","name":"Holmen i Arnavågen","source":"UT.no\/DNT"},"type":"Feature"},{"geometry":{"coordinates":[5.3223929999999999,60.323416000000002],"type":"Point"},"id":"swimspot-ut-145587367","properties":{"description":"I vestre del av Marmorøyen er det fine strandfjærer med svaberg og gressmark i bakkant. Fjærene er landgrunne med naturlig grus.","name":"Marmorøyen","source":"UT.no\/DNT"},"type":"Feature"},{"geometry":{"coordinates":[5.3051490000000001,60.365749000000001],"type":"Point"},"id":"swimspot-ut-145587368","properties":{"description":"Fint tilrettelagt badeområde med sandstrand, oppholdsareal og badeflåte i Storavatnet. Gangvei fram til området. Handikaptilpasset toalett. Området er tilrettelagt for bevegelseshemmede med baderampe.","elevation":147,"name":"Krohnegården","source":"UT.no\/DNT"},"type":"Feature"},{"geometry":{"coordinates":[5.403397,60.167924999999997],"type":"Point"},"id":"swimspot-ut-145587369","properties":{"description":"Landgrunn strandfjære.","name":"Grindevollstøa","source":"UT.no\/DNT"},"type":"Feature"},{"geometry":{"coordinates":[4.9638799999999996,60.312590999999998],"type":"Point"},"id":"swimspot-ut-145587370","properties":{"description":"Badevik med svaberg. Landgrunt område.","name":"Narøyvågen","source":"UT.no\/DNT"},"type":"Feature"},{"geometry":{"coordinates":[5.1866120000000002,60.222808999999998],"type":"Point"},"id":"swimspot-ut-145587371","properties":{"description":"Landgrunn strandfjære i Buarøy fort friluftsområde.","name":"Buarøy fort","source":"UT.no\/DNT"},"type":"Feature"},{"geometry":{"coordinates":[6.035374,59.336212000000003],"type":"Point"},"id":"swimspot-ut-145587373","properties":{"description":"Stranda ligger på venstre side når du kommer ned mot kaien.","name":"Jelsa","source":"UT.no\/DNT"},"type":"Feature"},{"geometry":{"coordinates":[4.86503,60.562927000000002],"type":"Point"},"id":"swimspot-ut-145587374","properties":{"description":"Strandfjære med svaberg.","name":"Ovågen","source":"UT.no\/DNT"},"type":"Feature"},{"geometry":{"coordinates":[5.2231329999999998,60.355848999999999],"type":"Point"},"id":"swimspot-ut-145587375","properties":{"description":"Liten sandfjære og lokal badeplass i Ægirs vei ved Storavatnet og Hetlevikåsen i Loddefjord.","elevation":38,"name":"Ægirsvei","source":"UT.no\/DNT"},"type":"Feature"},{"geometry":{"coordinates":[5.3025529999999996,60.400700000000001],"type":"Point"},"id":"swimspot-ut-145587376","properties":{"description":"Liten skjermet badefjære for svømmedyktige. Kan være utsatt for strøm og båtrafikk.","name":"Ballastbryggen","source":"UT.no\/DNT"},"type":"Feature"},{"geometry":{"coordinates":[5.126506,60.346122000000001],"type":"Point"},"id":"swimspot-ut-145587377","properties":{"description":"Liten sandfjære egnet for barn, med tilhørende natursteinsmur ned i fjæren.","name":"Geitvika","source":"UT.no\/DNT"},"type":"Feature"},{"geometry":{"coordinates":[5.2810639999999998,60.435138999999999],"type":"Point"},"id":"swimspot-ut-145587378","properties":{"description":"I Helleneset friluftsområde er det en liten sandfjære for barn med skjellsand. Området har også stupebrett, badestiger, svaberg og gressbakker. Ytterst på neset er det et barnebasseng som blir fylt med vann fra Byfjorden på gode sommerdager...","name":"Helleneset","source":"UT.no\/DNT"},"type":"Feature"},{"geometry":{"coordinates":[5.2904559999999998,60.320177000000001],"type":"Point"},"id":"swimspot-ut-145587379","properties":{"description":"Sandfjære egnet for barn. Kyrkjetangen er et av BOFs mest populære og best utbygde områder. Området er godt egnet for barn, med landgrunn strandfjære, klatretrær og huskestativ. I området er det flere små sandstrender, svaberg, gapahuk, gre...","name":"Kyrkjetangen","source":"UT.no\/DNT"},"type":"Feature"},{"geometry":{"coordinates":[5.2926960000000003,60.320169],"type":"Point"},"id":"swimspot-ut-145587380","properties":{"description":"Sandfjære egnet for barn. Kyrkjetangen friluftsområde er et av BOFs mest populære og best utbygde områder. Området er godt egnet for barn, med landgrunn strandfjære, klatretrær og huskestativ. I området er det flere små sandstrender, svaber...","name":"Kyrkjetangen","source":"UT.no\/DNT"},"type":"Feature"},{"geometry":{"coordinates":[5.2577870000000004,60.484931000000003],"type":"Point"},"id":"swimspot-ut-145587381","properties":{"description":"Liten naturlig strand. Toppesanden er en liten lokal badevik for svømmedyktige, med svaberg, stupebrett, en liten strand og bratt bakland.","name":"Toppesanden","source":"UT.no\/DNT"},"type":"Feature"},{"geometry":{"coordinates":[5.2869250000000001,60.451492000000002],"type":"Point"},"id":"swimspot-ut-145587382","properties":{"description":"Liten strandfjære. Våganeset friluftsområde er et natursjønt område med langstrakt gressmark, liten badefjære og svaberg. Området er godt egnet og tilrettelagt for barn.","name":"Våganeset","source":"UT.no\/DNT"},"type":"Feature"},{"geometry":{"coordinates":[5.2809600000000003,60.256984000000003],"type":"Point"},"id":"swimspot-ut-145587383","properties":{"description":"Innelukket poll med landgrunne strandfjærer velegnet for bading med barn. Sandholna friluftsområde er et bade og turområde. En innelukket poll på 2,3 dekar er utgravd og opparbeidet til friluftsbasseng. Hytten i Sandholna kan leies ved å ta...","name":"Sandholna","source":"UT.no\/DNT"},"type":"Feature"},{"geometry":{"coordinates":[5.3238219999999998,60.269840000000002],"type":"Point"},"id":"swimspot-ut-145587384","properties":{"description":"Landgrunn badefjære egnet for barn. Mjølkevika er en mye brukt badeplass som ligger lunt og fint til. Stor gresslette i bakkant av stranden.","name":"Mjølkevika","source":"UT.no\/DNT"},"type":"Feature"},{"geometry":{"coordinates":[5.3226069999999996,60.520200000000003],"type":"Point"},"id":"swimspot-ut-145587385","properties":{"description":"Badefjære med skjellsand i Hordvikhamn friluftsområde. Gresslette i bakkant av fjæren.","name":"Hordvikhamn","source":"UT.no\/DNT"},"type":"Feature"},{"geometry":{"coordinates":[5.3289289999999996,60.312539999999998],"type":"Point"},"id":"swimspot-ut-145587386","properties":{"description":"Langgrunn badevik egnet for barn. Skjoldabukta er en badeplass med fin og flat gressmark. Området har en landgrunn badevik som er egnet for barn. Bord og benk er satt ut flere steder i området.","name":"Skjoldabukta","source":"UT.no\/DNT"},"type":"Feature"},{"geometry":{"coordinates":[5.3093389999999996,60.417323000000003],"type":"Point"},"id":"swimspot-ut-145587387","properties":{"description":"Sandviken Sjøbad ligger ved Elsesro. For å komme dit fra bussholdeplassen ved Sandviken sykehus, gå gjennom Gamle Bergen. Badeplassen har blant annet grillgrind, platting, stupebrett og badeflåte. Badebøyer i sesongen. Sjøbadet er åpent hel...","elevation":2,"name":"Sandviken sjøbad (Elsesro)","source":"UT.no\/DNT"},"type":"Feature"},{"geometry":{"coordinates":[5.4907849999999998,60.002212],"type":"Point"},"id":"swimspot-ut-145587388","properties":{"description":"Badeplass med baderampe i Kyrkjevatnet friluftsområde. Universelt utformet.","elevation":21,"name":"Kyrkjevatnet","source":"UT.no\/DNT"},"type":"Feature"},{"geometry":{"coordinates":[5.4644680000000001,60.180289999999999],"type":"Point"},"id":"swimspot-ut-145587390","properties":{"description":"Stor badestrand særlig egnet for barn.","name":"Mobergsvika","source":"UT.no\/DNT"},"type":"Feature"},{"geometry":{"coordinates":[6.1724959999999998,60.298189999999998],"type":"Point"},"id":"swimspot-ut-145587391","properties":{"description":"Badefjære egnet for barn.","name":"Ståvika","source":"UT.no\/DNT"},"type":"Feature"},{"geometry":{"coordinates":[5.7309859999999997,60.551580000000001],"type":"Point"},"id":"swimspot-ut-145587392","properties":{"description":"Sandbadestrand egnet for barn.","name":"Agnavika","source":"UT.no\/DNT"},"type":"Feature"},{"geometry":{"coordinates":[4.8744560000000003,60.832529000000001],"type":"Point"},"id":"swimspot-ut-145587393","properties":{"description":"Badevik i Børilden friluftsområde.","name":"Børilden","source":"UT.no\/DNT"},"type":"Feature"},{"geometry":{"coordinates":[5.0024639999999998,60.638646000000001],"type":"Point"},"id":"swimspot-ut-145587394","properties":{"description":"Badefjære og svaberg.","name":"Trettholmen","source":"UT.no\/DNT"},"type":"Feature"},{"geometry":{"coordinates":[5.1709379999999996,60.624173999999996],"type":"Point"},"id":"swimspot-ut-145587395","properties":{"description":"Strandfjære.","name":"Solheimsvika","source":"UT.no\/DNT"},"type":"Feature"},{"geometry":{"coordinates":[4.9208610000000004,60.494047999999999],"type":"Point"},"id":"swimspot-ut-145587396","properties":{"description":"Badefjære egnet for barn, med skjellsand.","name":"Ormhilleren","source":"UT.no\/DNT"},"type":"Feature"},{"geometry":{"coordinates":[9.4121769999999998,58.864491000000001],"type":"Point"},"id":"swimspot-ut-145605405","properties":{"description":"Kystfort og badeplass Dette turmålet ligger på en liten øy ved Kragerø, det er molo helt ut til øya. Stedet er populært naturområde og badeplass. Se vedlagte link for å komme til turmålet.","elevation":4,"name":"Gunnarsholmen","source":"UT.no\/DNT"},"type":"Feature"},{"geometry":{"coordinates":[5.2301260000000003,60.507261999999997],"type":"Point"},"id":"swimspot-ut-145651832","properties":{"description":"Liten landgrunn badepoll i Elvavika friluftsområde .","name":"Elvavika","source":"UT.no\/DNT"},"type":"Feature"},{"geometry":{"coordinates":[5.2569800000000004,60.61983],"type":"Point"},"id":"swimspot-ut-145651855","properties":{"description":"Badeplass med sandfjære og svaberg i Fisketangen friluftsområde .","name":"Fisketangen","source":"UT.no\/DNT"},"type":"Feature"},{"geometry":{"coordinates":[5.4550999999999998,60.603681999999999],"type":"Point"},"id":"swimspot-ut-145651856","properties":{"description":"Badefjære med svaberg i Kvernhusvika friluftsområde.","name":"Kvernhusviki","source":"UT.no\/DNT"},"type":"Feature"},{"geometry":{"coordinates":[5.2318309999999997,60.584718000000002],"type":"Point"},"id":"swimspot-ut-145651872","properties":{"description":"Badefjære i Kvamsvågen friluftsområde .","name":"Kvamsvågen","source":"UT.no\/DNT"},"type":"Feature"},{"geometry":{"coordinates":[5.627948,60.070425],"type":"Point"},"id":"swimspot-ut-145651873","properties":{"description":"Badeplass med svaberg og en liten badefjære i Krabbapollen friluftsområde .","name":"Krabbapollen","source":"UT.no\/DNT"},"type":"Feature"},{"geometry":{"coordinates":[5.7026490000000001,59.998182],"type":"Point"},"id":"swimspot-ut-145651887","properties":{"description":"Badefjære med langgrunn rullesteinsstrand i Klubben friluftsområde .","name":"Klubben","source":"UT.no\/DNT"},"type":"Feature"},{"geometry":{"coordinates":[6.2732020000000004,60.364773999999997],"type":"Point"},"id":"swimspot-ut-145651895","properties":{"description":"Badefjære med svaberg og rullesteinsstrand i Kvamsøy friluftsområde .","name":"Kvamsøy","source":"UT.no\/DNT"},"type":"Feature"},{"geometry":{"coordinates":[5.0052269999999996,60.567979999999999],"type":"Point"},"id":"swimspot-ut-145651956","properties":{"description":"Langgrunn fjære med bademulighet i ytre del av vågen. Noe vanskelig stiatkomst gjennom Io friluftsområde . Lettest tilgjengelig med båt.","name":"Io","source":"UT.no\/DNT"},"type":"Feature"},{"geometry":{"coordinates":[5.2371359999999996,60.542278000000003],"type":"Point"},"id":"swimspot-ut-145651965","properties":{"description":"Liten badefjære i Smineset friluftsområde . På utsiden er det stupebrett og en liten kai. Parkeringsplass i bakkant av området.","name":"Smineset","source":"UT.no\/DNT"},"type":"Feature"},{"geometry":{"coordinates":[5.7136979999999999,59.917074999999997],"type":"Point"},"id":"swimspot-ut-145651973","properties":{"description":"Badevik med svaberg i Ånuglo friluftsområde . Strand i indre del av Skipavågen.","name":"Ånuglo","source":"UT.no\/DNT"},"type":"Feature"},{"geometry":{"coordinates":[5.0676769999999998,60.500996999999998],"type":"Point"},"id":"swimspot-ut-145651979","properties":{"description":"Sandfjære med skjellsand på ene siden – mot naust.","name":"Skutlevika","source":"UT.no\/DNT"},"type":"Feature"},{"geometry":{"coordinates":[5.5868979999999997,60.072305999999998],"type":"Point"},"id":"swimspot-ut-145652357","properties":{"description":"Badefjære i Solstråleøya friluftsområde .","name":"Solstråleøya","source":"UT.no\/DNT"},"type":"Feature"},{"geometry":{"coordinates":[5.2472310000000002,60.544756999999997],"type":"Point"},"id":"swimspot-ut-145652985","properties":{"description":"Liten badevik i Håøy friluftsområde .","name":"Håøy","source":"UT.no\/DNT"},"type":"Feature"},{"geometry":{"coordinates":[5.1770589999999999,60.762714000000003],"type":"Point"},"id":"swimspot-ut-145652993","properties":{"description":"Badefjære i Nautevågen friluftsområde .","name":"Nautevågen","source":"UT.no\/DNT"},"type":"Feature"},{"geometry":{"coordinates":[5.1212289999999996,60.713802000000001],"type":"Point"},"id":"swimspot-ut-145652994","properties":{"description":"Liten badefjære og svaberg i Kvalvågnes friluftsområde .","name":"Kvalvågnes","source":"UT.no\/DNT"},"type":"Feature"},{"geometry":{"coordinates":[5.0918929999999998,60.540278999999998],"type":"Point"},"id":"swimspot-ut-145653015","properties":{"description":"Langgrunn leirbadefjære, tilrettelagt med baderampe for enkel atkomst til sjø.","name":"Fløksand","source":"UT.no\/DNT"},"type":"Feature"},{"geometry":{"coordinates":[5.2401309999999999,60.357906999999997],"type":"Point"},"id":"swimspot-ut-145653079","properties":{"description":"Badefjære med rullesteinsstrand i Solviken friluftsområde.","name":"Solviken","source":"UT.no\/DNT"},"type":"Feature"},{"geometry":{"coordinates":[14.680191000000001,67.469645999999997],"type":"Point"},"id":"swimspot-ut-145653083","properties":{"description":"Korsviksanden ligger rett ved veien, ca 3 kilometer fra Misten fergeleie. Sykkelen parkerer du på biloppstillingsplassen - eller tar den med ned på stranda. Om sommeren: husk badebukse og handkle :)","elevation":4,"name":"Korsviksanden","source":"UT.no\/DNT"},"type":"Feature"},{"geometry":{"coordinates":[10.746081999999999,60.873128000000001],"type":"Point"},"id":"swimspot-ut-145658634","properties":{"description":"Dette er et turmål i Ringsaker. Turforslaget finner du her.","elevation":124,"name":"Saugstadvika","source":"UT.no\/DNT"},"type":"Feature"},{"geometry":{"coordinates":[9.0253979999999991,59.146804000000003],"type":"Point"},"id":"swimspot-ut-145668399","properties":{"description":"Flott badeplass Kjør fylkesveien mellom Drangdal og Lunde, ved avkjøringen til Singusdal følger du denne veien ca 1,5 km og der ligger plassen på venstre side. Her har Kjosen Grendelag laget en fantastisk fin plass.","elevation":91,"name":"Kåsmyra","source":"UT.no\/DNT"},"type":"Feature"},{"geometry":{"coordinates":[10.36016,59.165019999999998],"type":"Point"},"id":"swimspot-ut-145708913","properties":{"description":"Svaberg og steinstrand. Fastmontert grill. Gode muligheter for telting ute på odden og på gressenga litt innenfor. Fin utedo.","elevation":7,"name":"Kjølholmen","source":"UT.no\/DNT"},"type":"Feature"},{"geometry":{"coordinates":[10.347322999999999,59.168852999999999],"type":"Point"},"id":"swimspot-ut-145708914","properties":{"description":"Svaberg og naturstrand på vakre Veierland.","elevation":3,"name":"Jutodden","source":"UT.no\/DNT"},"type":"Feature"},{"geometry":{"coordinates":[14.871570999999999,67.550156000000001],"type":"Point"},"id":"swimspot-ut-145708917","properties":{"description":"Strandå er ei bygd på Kjerringøy i Bodø kommune, fjell (Strandåtinden), ei elv (Strandåga), flere strender, naturreservat og landskapsvernområde. Strandå er først og fremst Strandåtinden og stranda med alle dens muligheter. Det beste er å b...","elevation":5,"name":"Strandå","source":"UT.no\/DNT"},"type":"Feature"},{"geometry":{"coordinates":[12.009451,60.837338000000003],"type":"Point"},"id":"swimspot-ut-14593419","properties":{"description":"Enkel leirplass uten noe tilrettelegging. Her er det også muligheter for å bade.","elevation":279,"name":"Leirplass øst ved Silkesjøen","source":"UT.no\/DNT"},"type":"Feature"},{"geometry":{"coordinates":[5.9801039999999999,60.218584],"type":"Point"},"id":"swimspot-ut-146117568","properties":{"description":"Sandbadefjære egnet for barn i Småholmane friluftslivsområde.","name":"Småholmane","source":"UT.no\/DNT"},"type":"Feature"},{"geometry":{"coordinates":[5.5222810000000004,60.084294999999997],"type":"Point"},"id":"swimspot-ut-146117636","properties":{"description":"Strandfjære i Fluøy friluftsområde.","name":"Fluøy","source":"UT.no\/DNT"},"type":"Feature"},{"geometry":{"coordinates":[5.3844250000000002,60.210875000000001],"type":"Point"},"id":"swimspot-ut-146117823","properties":{"description":"Badefjære særlig egnet for barn, med skjellsand.","name":"Søvikvågen","source":"UT.no\/DNT"},"type":"Feature"},{"geometry":{"coordinates":[4.8637740000000003,60.565098999999996],"type":"Point"},"id":"swimspot-ut-146117851","properties":{"description":"Liten badepoll med lannggrunn strandfjære og flate svaberg i Ovågen friluftslivsområde. Gangvei ned i området fra parkeringsplass. Området er egnet for utsetting av kajakk.","name":"Ovågen","source":"UT.no\/DNT"},"type":"Feature"},{"geometry":{"coordinates":[5.5033589999999997,60.191532000000002],"type":"Point"},"id":"swimspot-ut-146117853","properties":{"description":"Liten flat badefjære egnet for småbarn.","name":"Smievågen","source":"UT.no\/DNT"},"type":"Feature"},{"geometry":{"coordinates":[5.1105710000000002,60.451219000000002],"type":"Point"},"id":"swimspot-ut-146117855","properties":{"description":"Stor strand i Vestrevågen i Kollevåg friluftslivsområde. Indre del har skjellsand, og er godt egnet for barnefamilier.","name":"Kollevåg","source":"UT.no\/DNT"},"type":"Feature"},{"geometry":{"coordinates":[6.0155089999999998,60.263336000000002],"type":"Point"},"id":"swimspot-ut-146117916","properties":{"description":"Sandbadefjære egnet for barn.","name":"Ploganeset","source":"UT.no\/DNT"},"type":"Feature"},{"geometry":{"coordinates":[5.4928369999999997,60.453682000000001],"type":"Point"},"id":"swimspot-ut-146117921","properties":{"description":"Lokal badeplass med svaberg og stupebrett i Kreklo friluftslivsområde.","name":"Kreklo","source":"UT.no\/DNT"},"type":"Feature"},{"geometry":{"coordinates":[5.4743519999999997,60.576628999999997],"type":"Point"},"id":"swimspot-ut-146117922","properties":{"description":"Liten badefjære egnet for barn, med skjellsand i Sperrneset friluftsområde .","name":"Sperrneset, Hosanger","source":"UT.no\/DNT"},"type":"Feature"},{"geometry":{"coordinates":[5.1375310000000001,60.138095999999997],"type":"Point"},"id":"swimspot-ut-146125358","properties":{"description":"Badeplass med tre badefjærer i Nordre Navvågen. Vandring langs svabergene til kaianlegg og grillplass.","name":"Nordre Navøyvågen","source":"UT.no\/DNT"},"type":"Feature"},{"geometry":{"coordinates":[4.9629300000000001,60.809218000000001],"type":"Point"},"id":"swimspot-ut-146125378","properties":{"description":"Landgrunn sandfjære i Årvika friluftslivsområde , særlig egnet for barn. Gangvei fra parkeringsplass til badeviken og gapahuk.","name":"Årvika","source":"UT.no\/DNT"},"type":"Feature"},{"geometry":{"coordinates":[5.1088659999999999,60.130786999999998],"type":"Point"},"id":"swimspot-ut-146125386","properties":{"description":"Badelagune egnet for barn, i Sveholmen friluftslivsområde.","name":"Sveholmen","source":"UT.no\/DNT"},"type":"Feature"},{"geometry":{"coordinates":[5.6268960000000003,60.318648000000003],"type":"Point"},"id":"swimspot-ut-146125396","properties":{"description":"Badefjære egnet for barn i Rolvsvåg friluftslivsområde . Baderampe i ytre del av viken.","name":"Rolvsvåg","source":"UT.no\/DNT"},"type":"Feature"},{"geometry":{"coordinates":[5.2137929999999999,60.639226000000001],"type":"Point"},"id":"swimspot-ut-146125458","properties":{"description":"Badefjære egnet for barn i Vallevik friluftslivsområde . Stor gressmark i bakkant.","name":"Vallevik","source":"UT.no\/DNT"},"type":"Feature"},{"geometry":{"coordinates":[5.7339799999999999,60.483226000000002],"type":"Point"},"id":"swimspot-ut-146125997","properties":{"description":"Badefjære egnet for barn med skjellsand.","elevation":1,"name":"Sildestadskjæret","source":"UT.no\/DNT"},"type":"Feature"},{"geometry":{"coordinates":[5.5769070000000003,60.153973000000001],"type":"Point"},"id":"swimspot-ut-146126033","properties":{"description":"Lun sandbadefjære egnet for barn i Vinnesholmen friluftslivsområde . Parkeringsplass i båthavnen, og gangvei inn i området. Kystledhuset i friluftsområdet leies ut.","name":"Vinnesholmen","source":"UT.no\/DNT"},"type":"Feature"},{"geometry":{"coordinates":[4.9884180000000002,60.404584],"type":"Point"},"id":"swimspot-ut-146126040","properties":{"description":"Svaberg og badefjære egnet for barn (langgrunt) med skjellsand i Kårtveitpollen friluftsområde.","name":"Kårtveitpollen","source":"UT.no\/DNT"},"type":"Feature"},{"geometry":{"coordinates":[6.4445589999999999,60.432408000000002],"type":"Point"},"id":"swimspot-ut-146126046","properties":{"description":"Strandfjære egnet for bading.","name":"Auganesstronda (Tyrvefjøra)","source":"UT.no\/DNT"},"type":"Feature"},{"geometry":{"coordinates":[5.6267339999999999,60.205449000000002],"type":"Point"},"id":"swimspot-ut-146126068","properties":{"description":"Sandbadefjære egnet for barn, langgrunt.","name":"Fusaneset","source":"UT.no\/DNT"},"type":"Feature"},{"geometry":{"coordinates":[5.9103079999999997,60.164082999999998],"type":"Point"},"id":"swimspot-ut-146126234","properties":{"description":"Langgrunn badefjære med skjellsand, egnet for barn.","name":"Mundheimsvika (Badefjøro)","source":"UT.no\/DNT"},"type":"Feature"},{"geometry":{"coordinates":[5.7288930000000002,60.400131000000002],"type":"Point"},"id":"swimspot-ut-146126240","properties":{"description":"Badefjøre med skjelsand i Bjørkheim friluftslivsområde . Langgrunn, særs eigna for born.","name":"Teigavika, Bjørkheim","source":"UT.no\/DNT"},"type":"Feature"},{"geometry":{"coordinates":[5.7793799999999997,58.724364999999999],"type":"Point"},"id":"swimspot-ut-146126525","properties":{"description":"Ved den midtre parkeringsplassen er det badeplass med baderampe. Rampen blir dradd inn om vinteren. Veien ned til vannet er lagt i en slynge for å oppnå lav stigning. Toalett ved parkeringsplassen. En kan finne andre plasser å bade langs va...","elevation":109,"name":"Melsvatnet","source":"UT.no\/DNT"},"type":"Feature"},{"geometry":{"coordinates":[5.2467959999999998,60.514350999999998],"type":"Point"},"id":"swimspot-ut-146126582","properties":{"description":"Badestrand med skjellsand i Varnappen friluftslivsområde. Baderampe i ytre del av viken.","name":"Varnappen","source":"UT.no\/DNT"},"type":"Feature"},{"geometry":{"coordinates":[14.568799,67.323401000000004],"type":"Point"},"id":"swimspot-ut-146140919","properties":{"description":"Steinmoen ved Soløyvatnet er ei barnevennlig og fin strand i umiddelbar nærhet til Soløyvannsvegen. Om sommeren er det ofte satt ut både bordbenk og brygge her. Det er flott utsikt mot Børvasstindan. Soløyvatnet kan utpå sommeren få behagel...","elevation":48,"name":"Steinmoen","source":"UT.no\/DNT"},"type":"Feature"},{"geometry":{"coordinates":[5.991606,58.869418000000003],"type":"Point"},"id":"swimspot-ut-146159184","properties":{"description":"Området er flott for telting, bading og utgangspunkt for turer. Det er høy grad av tilgjengelighet, med rampe for bading, planerte teltplasser, gressdekke, toalett type utedo, HC-parkering ikke avmerket. Sandstrand.","elevation":163,"name":"Tengesdalsvannet","source":"UT.no\/DNT"},"type":"Feature"},{"geometry":{"coordinates":[9.4977809999999998,60.458630999999997],"type":"Point"},"id":"swimspot-ut-146165752","properties":{"elevation":646,"name":"Øvre Vesleåtjern badeplass","source":"UT.no\/DNT"},"type":"Feature"},{"geometry":{"coordinates":[9.2676669999999994,59.687392000000003],"type":"Point"},"id":"swimspot-ut-146165763","properties":{"description":"Follsjø badestrand ble ferdigstilt høsten 2022 og er nå klar for å ta imot badegjester! Her er det god plass, flott badestrand for både store og små, enkel parkering og toalett. Stranda på Follsjø har blitt et flott rekreasjonsområde for in...","elevation":225,"name":"Follsjø badestrand","source":"UT.no\/DNT"},"type":"Feature"},{"geometry":{"coordinates":[8.0454039999999996,63.297184000000001],"type":"Point"},"id":"swimspot-ut-146167111","properties":{"elevation":3,"name":"Badeplass Svelunn","source":"UT.no\/DNT"},"type":"Feature"},{"geometry":{"coordinates":[5.6309230000000001,60.323048],"type":"Point"},"id":"swimspot-ut-146173811","properties":{"description":"Liten badevik i nordre del av Hillandsvatnet friluftsområde . Baderampe, sandfjære og stupebrett i ytre del av området.","name":"Rolvsvåg","source":"UT.no\/DNT"},"type":"Feature"},{"geometry":{"coordinates":[5.5025069999999996,60.190075999999998],"type":"Point"},"id":"swimspot-ut-146173824","properties":{"description":"Svaberg og liten badefjære med rullestein, i Smievågen friluftsområde .","name":"Smievågen","source":"UT.no\/DNT"},"type":"Feature"},{"geometry":{"coordinates":[5.6774800000000001,60.478805999999999],"type":"Point"},"id":"swimspot-ut-146173838","properties":{"description":"Liten badefjære like ved Prestekaien i Bruvik .","name":"Prestekaien","source":"UT.no\/DNT"},"type":"Feature"},{"geometry":{"coordinates":[5.0004960000000001,60.639073000000003],"type":"Point"},"id":"swimspot-ut-146175725","properties":{"description":"Badefjære med svaberg i Trettholmen friluftsområde .","name":"Trettholmen","source":"UT.no\/DNT"},"type":"Feature"},{"geometry":{"coordinates":[5.3213790000000003,60.321506999999997],"type":"Point"},"id":"swimspot-ut-146176000","properties":{"description":"Badevik med sandfjære og rullesteinsstrand på Marmøyen.","name":"Marmorøyen","source":"UT.no\/DNT"},"type":"Feature"},{"geometry":{"coordinates":[5.6019779999999999,60.642181999999998],"type":"Point"},"id":"swimspot-ut-146176070","properties":{"description":"Liten badefjære i friluftsområdet, like ved kaien på Kleiveland.","name":"Kleiveland","source":"UT.no\/DNT"},"type":"Feature"},{"geometry":{"coordinates":[5.3167669999999996,60.153730000000003],"type":"Point"},"id":"swimspot-ut-146176099","properties":{"description":"Landgrunn badefjære i Kuskjæret friluftsområde .","name":"Kuskjæret","source":"UT.no\/DNT"},"type":"Feature"},{"geometry":{"coordinates":[5.3361660000000004,60.339492],"type":"Point"},"id":"swimspot-ut-146176372","properties":{"description":"Liten badefjære med steinstrand og svaberg i Konsulbukten friluftsområde.","name":"Konsulbukten","source":"UT.no\/DNT"},"type":"Feature"},{"geometry":{"coordinates":[5.7634790000000002,60.394893000000003],"type":"Point"},"id":"swimspot-ut-146176380","properties":{"description":"Badevik i Gjerde friluftsområde.","name":"Gjerde","source":"UT.no\/DNT"},"type":"Feature"},{"geometry":{"coordinates":[6.1724829999999997,60.363261999999999],"type":"Point"},"id":"swimspot-ut-146176418","properties":{"description":"Friluftsområde med to langgrunne badefjærer. Toalett, Grill, bord og benker i området. Parkering og informasjonstavler i øvre del av området.","name":"Holmsund","source":"UT.no\/DNT"},"type":"Feature"},{"geometry":{"coordinates":[5.3598020000000002,60.146168000000003],"type":"Point"},"id":"swimspot-ut-146176476","properties":{"description":"Område med badefjærer og furuskog i bakkant. Opparbeide gressbakker og bålplasser.","name":"Langøysund","source":"UT.no\/DNT"},"type":"Feature"},{"geometry":{"coordinates":[5.2079610000000001,60.576351000000003],"type":"Point"},"id":"swimspot-ut-146176544","properties":{"description":"Badevik i Hillandsvatnet friluftsområde.","elevation":12,"name":"Hillandsvatnet","source":"UT.no\/DNT"},"type":"Feature"},{"geometry":{"coordinates":[5.1098949999999999,60.450111999999997],"type":"Point"},"id":"swimspot-ut-146176545","properties":{"description":"Badepoll med skjellsand, egnet for barn. Baderampe som letter atkomst for bevegelseshemmede.","name":"Kollevåg","source":"UT.no\/DNT"},"type":"Feature"},{"geometry":{"coordinates":[5.3130280000000001,60.157054000000002],"type":"Point"},"id":"swimspot-ut-146176547","properties":{"description":"Landgrunn badevik i Oksabåsen friluftsområde.","name":"Oksabåsen","source":"UT.no\/DNT"},"type":"Feature"},{"geometry":{"coordinates":[5.3247819999999999,60.161794999999998],"type":"Point"},"id":"swimspot-ut-146176548","properties":{"description":"Badevik med rullestein og svaberg.","name":"Vetlaneset","source":"UT.no\/DNT"},"type":"Feature"},{"geometry":{"coordinates":[5.3442319999999999,60.174134000000002],"type":"Point"},"id":"swimspot-ut-146176549","properties":{"description":"Badefjære med rullestein i Stokkavik friluftsområde.","name":"Stokkavik","source":"UT.no\/DNT"},"type":"Feature"},{"geometry":{"coordinates":[17.772548,68.869578000000004],"type":"Point"},"id":"swimspot-ut-146196950","properties":{"description":"Hvit badestrand i idylliske Sagfjorden. Badestranden ligger rett til høyre i det man svinger inn til Garsnes området. Garsnes Brygge ligger idyllisk til i Sagfjorden i Salangen. Blant fasilitetene Garsnes kan tilby er restaurant og bar, mar...","name":"Badestrand på Garsnes","source":"UT.no\/DNT"},"type":"Feature"},{"geometry":{"coordinates":[17.850736999999999,68.868993000000003],"type":"Point"},"id":"swimspot-ut-146202780","properties":{"description":"Langs elvepromenaden som strekker seg fra Sjøvegan sentrum og til Elvelund camping er det badeplass. Her er det grunt og trygt å bade for både stor og små. Parker ved enden av boligfeltet i Strandveien. Du kan også parkere ved YX bensinstas...","name":"Badeplass langs elvepromenade","source":"UT.no\/DNT"},"type":"Feature"},{"geometry":{"coordinates":[10.593996000000001,59.970900999999998],"type":"Point"},"id":"swimspot-ut-146208731","properties":{"description":"Østernvann er et populært turmål Bærumsmarka. Her er det fine bademuligheter både i øst og sørenden av vannet. Det advares mot hopping og stuping fra demningen på sørsiden på grunn av konstruksjoner under vann. Vannet er lett tilgjengelig b...","elevation":215,"name":"Østernvann","source":"UT.no\/DNT"},"type":"Feature"},{"geometry":{"coordinates":[10.636543,59.969630000000002],"type":"Point"},"id":"swimspot-ut-146208736","properties":{"description":"Badeplassen ved Bogstadvannet ligger mellom Bogstad Golfbane og Bogstad Gård. Her er det stor fin gresslette og sandstrand. Parkeringsplass på andre siden av Sørkedalsveien. Kort vei til Bogstad Gård.","elevation":146,"name":"Bogstad badeplass","source":"UT.no\/DNT"},"type":"Feature"},{"geometry":{"coordinates":[10.718688,59.869053000000001],"type":"Point"},"id":"swimspot-ut-146228067","properties":{"description":"DNT Oslo og Omegn har et selvbetjent kajakkanlegg ved siden av den ubetjente hytta på Langøyene. Man booker kajakkene på nett og får tilsendt kode på mail. Husk at man alltid skal levere kajakkene på samme lager som man hentet de fra. SIKKE...","elevation":5,"name":"Kajakkutleie Langøyene","source":"UT.no\/DNT"},"type":"Feature"},{"geometry":{"coordinates":[10.726141999999999,59.737791999999999],"type":"Point"},"id":"swimspot-ut-146228068","properties":{"description":"DNT Oslo og Omegn har et selvbetjent kajakkanlegg ved siden av den betjente hytta Breivoll Gård. Man booker kajakkene på nett og får tilsendt kode på mail. Husk at man alltid skal levere kajakkene på samme lager som man hentet de fra. Komme...","name":"Kajakkutleie Breivoll Gård","source":"UT.no\/DNT"},"type":"Feature"},{"geometry":{"coordinates":[9.2957350000000005,62.836669999999998],"type":"Point"},"id":"swimspot-ut-146246748","properties":{"description":"Liten strand ved elva i Svartådalen, hvor det er fint for et avkjølende bad på varme sommeerdager med lite vannføring. Vær oppmerksom på at det kan være sterke strømmer ved mye vannføring.","elevation":604,"name":"Rasteplass i Svartådalen","source":"UT.no\/DNT"},"type":"Feature"},{"geometry":{"coordinates":[9.8828790000000009,62.521895999999998],"type":"Point"},"id":"swimspot-ut-146270594","properties":{"description":"På nordsiden av Orkelsjøe finner du denne langstrakte stranden. Her er det også sittebenk som egner seg for en rast.","elevation":1057,"name":"Strand ved Orkelsjøen","source":"UT.no\/DNT"},"type":"Feature"},{"geometry":{"coordinates":[12.053118,60.821869999999997],"type":"Point"},"id":"swimspot-ut-14630772","properties":{"description":"Fin liten badeplass som også er ideell for som rasteplass i godt vær. Det er også mulig å sette opp et lite telt.","elevation":279,"name":"Badeplass ved Holsjøen","source":"UT.no\/DNT"},"type":"Feature"},{"geometry":{"coordinates":[9.5754420000000007,61.290787999999999],"type":"Point"},"id":"swimspot-ut-146323412","properties":{"description":"Flott sandstrand 981 moh. Kun 50 meter fra Revsjøvegen. Plass til å parkere en del biler i skogen mellom veien og stranda.","elevation":981,"name":"Sandstranda ved Øvre Revsjøen","source":"UT.no\/DNT"},"type":"Feature"},{"geometry":{"coordinates":[9.8762129999999999,61.176419000000003],"type":"Point"},"id":"swimspot-ut-146323413","properties":{"description":"Skjermet, naturlig badeplass nedenfor Holsfossen. Småsteinete\/grusbunn. Fin, liten tur fra kafeen på Holsbru og gjennom granskogen.","elevation":749,"name":"Badeplassen ved Dokkelva","source":"UT.no\/DNT"},"type":"Feature"},{"geometry":{"coordinates":[9.4168160000000007,60.867564999999999],"type":"Point"},"id":"swimspot-ut-146338527","properties":{"description":"Liten badeplass med 2 sittebenker, bålpanne, liten robåt til fri benyttelse, flytebrygge.","elevation":787,"name":"Damtjern badeplass","source":"UT.no\/DNT"},"type":"Feature"},{"geometry":{"coordinates":[5.9668760000000001,62.486615],"type":"Point"},"id":"swimspot-ut-146408046","properties":{"elevation":4,"name":"Sandvika strand","source":"UT.no\/DNT"},"type":"Feature"},{"geometry":{"coordinates":[5.4947049999999997,60.455562],"type":"Point"},"id":"swimspot-ut-146424016","properties":{"description":"Badeplass med sandstrand med utsettingsbrygge for kanoer i Sanatoriet friluftsområde. Området er ellers tilrettelagt med oppholdsareal og rasteplass med bord og benker. I friluftsområdet finner du muligheter for bading, fisking, rekreasjon ...","name":"Sanatoriet","source":"UT.no\/DNT"},"type":"Feature"},{"geometry":{"coordinates":[6.0474300000000003,62.563605000000003],"type":"Point"},"id":"swimspot-ut-146427787","properties":{"description":"En stor hvit strand hvor du kan kjøre bilen helt ned på stranden. Grunneier har satt opp en bom som stenges kl. 22.00 hver kveld, og åpnes igjen påfølgende morgen. Dette er for å unngå trafikk på nattestid.","elevation":1,"name":"Blimsanden","source":"UT.no\/DNT"},"type":"Feature"},{"geometry":{"coordinates":[9.6140419999999995,58.947108],"type":"Point"},"id":"swimspot-ut-146557912","properties":{"description":"Flott plass som ligger i Trosbyfjorden med fin brygge og gode bademuligheter. Stedet er tilrettelagt for bålbrenning, men husk å ta med egen ved og rydd godt opp etter deg. (Les mer om regler for bålbrenning i Norge her: https:\/\/cdn.dnt.org...","name":"Hvitodden","source":"UT.no\/DNT"},"type":"Feature"},{"geometry":{"coordinates":[6.3204520000000004,59.032921000000002],"type":"Point"},"id":"swimspot-ut-146668668","properties":{"description":"Skuvedalstjørna er en utrolig vakker høl i Skurvedalselva, midt i naturreservatet i Skurvedalen.","elevation":350,"name":"Paradis i Skurvedalen","source":"UT.no\/DNT"},"type":"Feature"},{"geometry":{"coordinates":[14.66947,67.115611999999999],"type":"Point"},"id":"swimspot-ut-146711275","properties":{"description":"En av Store Sandvannets mange strender er denne. Kort tur til\/fra fra Lurfjellhytta,","elevation":408,"name":"Store Sandvannet","source":"UT.no\/DNT"},"type":"Feature"},{"geometry":{"coordinates":[10.500247999999999,59.277318999999999],"type":"Point"},"id":"swimspot-ut-146729515","properties":{"description":"Rett forbi den flotte sandstranda på Ringshaug finner du naturområdet Ringshaugodden. Herfra er det også fint å bade, og du kan hoppe ut fra moloen eller den nye badebrygga på utsiden. Parker på plassen for Ringshaugstranda. Området innenfo...","elevation":4,"name":"Ringshaugodden","source":"UT.no\/DNT"},"type":"Feature"},{"geometry":{"coordinates":[8.5524059999999995,60.740045000000002],"type":"Point"},"id":"swimspot-ut-146738842","properties":{"description":"Adkomst via Liatoppen eller Votndalen. Her badar du i 1000 meters høgd med fantastisk utsikt og moglegheit for piknik på mjuke grasvollar langs elva. Langgrunt og med fin sandbotn. Betalingsbom.","elevation":925,"name":"Lya Badeplass","source":"UT.no\/DNT"},"type":"Feature"},{"geometry":{"coordinates":[5.8728999999999996,58.431966000000003],"type":"Point"},"id":"swimspot-ut-146740166","properties":{"description":"Ved brygga kan du bade og fiske. Det er også et lite museum der med historie om Eigerøy fyr og fra området. Leier du hytta til Stavanger Turistforening får du også tilgang til naustet med redningsvester mm.","name":"Brygge - bade, fiske, vannlek","source":"UT.no\/DNT"},"type":"Feature"},{"geometry":{"coordinates":[5.8694829999999998,58.431821999999997],"type":"Point"},"id":"swimspot-ut-146740167","properties":{"description":"Denne lille og rolige bukta er helt super for barn som vil fange og se på små krabber, sjøstjerner og reker. Bare husk å helle fangsten tilbake i sjøen når dere er ferdige. Kan være lurt å ha med badesko","name":"Lek i sjøkanten","source":"UT.no\/DNT"},"type":"Feature"},{"geometry":{"coordinates":[8.5761859999999999,60.633679000000001],"type":"Point"},"id":"swimspot-ut-146741523","properties":{"description":"Det er tilrettelagt badeplass med dagsturhytte, badstue og BUA utlånsenhet. Gode fiskeplasser.","elevation":428,"name":"Elvelangs i Ål","source":"UT.no\/DNT"},"type":"Feature"},{"geometry":{"coordinates":[9.5513410000000007,62.780866000000003],"type":"Point"},"id":"swimspot-ut-146744153","properties":{"description":"Fin badeplass i elva Minnilla.","elevation":794,"name":"Badeplass i Minnilldalen","source":"UT.no\/DNT"},"type":"Feature"},{"geometry":{"coordinates":[6.5828329999999999,59.437415000000001],"type":"Point"},"id":"swimspot-ut-146748094","properties":{"description":"Deilig og forfriskende badekulp","elevation":709,"name":"Badekulp","source":"UT.no\/DNT"},"type":"Feature"},{"geometry":{"coordinates":[8.9257039999999996,60.693705999999999],"type":"Point"},"id":"swimspot-ut-146757147","properties":{"description":"Ønsker du en badeplass med mange fasiliteter? Da er Mobrua som ligger i Glitre Friluftspark midt i blinken for deg. Her kan du finne toalett, badekulper, naturlige sklier og stryk.","elevation":214,"name":"Mobrua \/ Glitre Friluftspark","source":"UT.no\/DNT"},"type":"Feature"},{"geometry":{"coordinates":[8.9486030000000003,60.700415999999997],"type":"Point"},"id":"swimspot-ut-146757148","properties":{"description":"Opplevelseshotellet i Hallingdal. Her finner du Tropicana Badeland med megasklier, bølgebasseng, Wild River og sommerpark med nye attraksjoner. Her finner du også bowling, Casa Nostra Pizzeria, Escape Games, restauranter og barer.","elevation":215,"name":"Tropicana Badeland","source":"UT.no\/DNT"},"type":"Feature"},{"geometry":{"coordinates":[9.0884479999999996,59.300463000000001],"type":"Point"},"id":"swimspot-ut-146765925","properties":{"description":"Padling ved Lunde sluser Traller for passering av sluseanlegget vil som regel befinne seg ved nedre utsettingspunkt nedenfor slusekroa. I slusesesongen er det et godt alternativ å sluse gjennom Lunde sluse. Lunde sluse er det best besøkte s...","elevation":63,"name":"Lunde sluse","source":"UT.no\/DNT"},"type":"Feature"},{"geometry":{"coordinates":[8.7295339999999992,59.454484000000001],"type":"Point"},"id":"swimspot-ut-146769881","properties":{"description":"Sanden Camping er en av de mange og koselige campingplassene rundt Seljordsvatnet. Dette turmålet er plassert ved en veldig populær badebrygge på Sanden Camping.","elevation":117,"name":"Badebrygga ved Sanden Camping","source":"UT.no\/DNT"},"type":"Feature"},{"geometry":{"coordinates":[11.028528,59.922381999999999],"type":"Point"},"id":"swimspot-ut-146886260","properties":{"description":"En flott og populær badeplass i mellom Lørenskog og Rælingen.","elevation":247,"name":"Åmotsdammen badeplass","source":"UT.no\/DNT"},"type":"Feature"},{"geometry":{"coordinates":[11.726775,63.163049999999998],"type":"Point"},"id":"swimspot-ut-146887599","properties":{"description":"Like nedenfor Ramsjøhytta er det en fin liten badekulp under en liten foss i Ramsjøelva. Her kan det være fint med et forfriskende bad, men vær obs på at du bør være svømmedyktig, da det er dypt på det dypeste ved høy vannføring. Vi anbefal...","elevation":760,"name":"Badekulp ved Ramsjøhytta","source":"UT.no\/DNT"},"type":"Feature"},{"geometry":{"coordinates":[8.5509730000000008,58.911109000000003],"type":"Point"},"id":"swimspot-ut-146887732","properties":{"description":"Ved Bjorevja ligger friområdet Sjodiplane. Her er det en flott badeplass, stor parkering og toaletter","elevation":155,"name":"Sjodiplane","source":"UT.no\/DNT"},"type":"Feature"},{"geometry":{"coordinates":[9.0165629999999997,62.885272999999998],"type":"Point"},"id":"swimspot-ut-146887757","properties":{"description":"Etter at vannet i nedre del av Fagerlidalsbekken ble regulert over til Folldalen dukket det opp flere jettegryter i det uttørkede elvefaret. Jettegryter er glatte hull eller fordypninger i berget som ble dannet i breelver ved slutten av sis...","elevation":401,"name":"Jettegrytene i Fagerlidalsbekken","source":"UT.no\/DNT"},"type":"Feature"},{"geometry":{"coordinates":[8.7710709999999992,62.722951000000002],"type":"Point"},"id":"swimspot-ut-146887809","properties":{"description":"Opplev Norges vakreste fjelldal, Innerdalen, ingen biltrafikk, fossefall, og majestetiske fjell. Perfekt for både fjellturister og barnefamilier. Turen inn til dalen går langs grusvei. I mer enn 100 år har Innerdalhytta tatt i mot fjellturi...","elevation":416,"name":"Innerdalen","source":"UT.no\/DNT"},"type":"Feature"},{"geometry":{"coordinates":[6.1139619999999999,61.493751000000003],"type":"Point"},"id":"swimspot-ut-146887864","properties":{"description":"Flott badeplass med stupebrett på Vassenden. Badeplass for dei som likar grunt vatn og djupt vatn. Tilrettelagt med benkar, bord og brygge. Flott utsikt over Jølstravatnet, og godt med parkeringsplassar. Ei av rammene som ein kan ta Nikolai...","elevation":208,"name":"Stupebrettet på Vassenden","source":"UT.no\/DNT"},"type":"Feature"},{"geometry":{"coordinates":[9.9405780000000004,59.725118000000002],"type":"Point"},"id":"swimspot-ut-146887946","properties":{"description":"Fin badeplass og bålplass. Fin rasteplass ved tjernet","elevation":220,"name":"Åletjern","source":"UT.no\/DNT"},"type":"Feature"},{"geometry":{"coordinates":[10.934348,59.906682000000004],"type":"Point"},"id":"swimspot-ut-146887958","properties":{"description":"Et koselig lite vann med kort adkomst fra Skårer","elevation":228,"name":"Lintjern","source":"UT.no\/DNT"},"type":"Feature"},{"geometry":{"coordinates":[6.4813549999999998,61.570144999999997],"type":"Point"},"id":"swimspot-ut-146887992","properties":{"description":"På brygga på Skei kan du ta eit bad i Jølstravatnet. Du finn også badstua Fyrig Badstu her. Kort veg til serveringksplass, hotell og butikkar. Turen til dagsturhytta Fjellro startar rett ved brygga.","elevation":208,"name":"Brygge og badstu på Skei","source":"UT.no\/DNT"},"type":"Feature"},{"geometry":{"coordinates":[6.1560860000000002,61.510691999999999],"type":"Point"},"id":"swimspot-ut-146887993","properties":{"description":"Svidalsøyra er ein fin stad å ta eit bad i Jølstravatnet. Svidalsøyra er også ein fin rasteplass, med rikelig parkering og tilrettelagt med toalett. Flott utsikt over Jølstravatnet frå badestrendene. relativt langgrunne, der du kan finne no...","elevation":209,"name":"Svidalsøyra","source":"UT.no\/DNT"},"type":"Feature"},{"geometry":{"coordinates":[6.2308389999999996,61.529494],"type":"Point"},"id":"swimspot-ut-146888082","properties":{"description":"Brygga på Ålhus ligg vakkert plassert ved Eikaasgalleriet og Jølstravatnet. Ved brygga er det fine forhold for å bade. Det anbefalast å ta ein tur innom galleriet når dette er ope for å sjå utstillinga eller kjøpe litt mat og drikke. På Ålh...","elevation":208,"name":"Brygga ved Eikaasgalleriet","source":"UT.no\/DNT"},"type":"Feature"},{"geometry":{"coordinates":[6.6174929999999996,61.521537000000002],"type":"Point"},"id":"swimspot-ut-146888148","properties":{"description":"Lunde ligg innerst i Kjøsnesfjorden. Badeplassen er omkransa av bratte fjell under Jostedalsbreen. Badeplassen ligg ved Lunde Turiststasjon, som tilbyr overnatting.","elevation":208,"name":"Lunde","source":"UT.no\/DNT"},"type":"Feature"},{"geometry":{"coordinates":[6.4680099999999996,61.560319999999997],"type":"Point"},"id":"swimspot-ut-146888161","properties":{"description":"Kjerringvika er merka av på kartet som badeplass i Jølstravatnet.","elevation":209,"name":"Kjerringvika","source":"UT.no\/DNT"},"type":"Feature"},{"geometry":{"coordinates":[8.9518930000000001,63.109591000000002],"type":"Point"},"id":"swimspot-ut-146888248","properties":{"description":"Besøk naturen eget svømmeanlegg. Fantastiske badekulper like ved Grytbakksetra","elevation":384,"name":"Badekulpene ved Grytbakksetra","source":"UT.no\/DNT"},"type":"Feature"},{"geometry":{"coordinates":[10.017810000000001,59.049022999999998],"type":"Point"},"id":"swimspot-ut-146888252","properties":{"description":"Batteristranda ligger sentralt beliggende innerst i Larviksfjorden på Langestrand i Larvik, like vest for hotellet Farris Bad. Det er en fin, sørvendt sandstrand og populær bade- og solplass. På grassletten ved stranda er det etablerte 3 gr...","elevation":2,"name":"Batteristranda, Larvik","source":"UT.no\/DNT"},"type":"Feature"},{"geometry":{"coordinates":[8.5097930000000002,59.031266000000002],"type":"Point"},"id":"swimspot-ut-146888342","properties":{"description":"Fin og stor badestrand med fin sand","elevation":249,"name":"Skavangrova badeplass","source":"UT.no\/DNT"},"type":"Feature"},{"geometry":{"coordinates":[8.5061490000000006,59.033203999999998],"type":"Point"},"id":"swimspot-ut-146888343","properties":{"description":"Fin badeplass med både strand og svaberg","elevation":247,"name":"Årakodden badeplass","source":"UT.no\/DNT"},"type":"Feature"},{"geometry":{"coordinates":[9.0996009999999998,59.339354],"type":"Point"},"id":"swimspot-ut-146888558","properties":{"description":"Dette er en fin og koselig liten badeplass ved Norheimstjønna","elevation":78,"name":"Stråndlandet","source":"UT.no\/DNT"},"type":"Feature"},{"geometry":{"coordinates":[9.3836040000000001,58.864027999999998],"type":"Point"},"id":"swimspot-ut-146888663","properties":{"description":"Turmålet ligger i Rørvik i Kragerø. Dette er en flott badeplass. Her er det også en bålpanne som kan brukes. For å komme til denne plassen følg riksvei 38 mot Kragerø, sving av mot Kalstad og kjør ca 1,4 km, sving av til høyre mot Rørviklia...","elevation":2,"name":"Næpa","source":"UT.no\/DNT"},"type":"Feature"},{"geometry":{"coordinates":[5.5701809999999998,58.947308999999997],"type":"Point"},"id":"swimspot-ut-146888675","properties":{"description":"Friskt, skjermet og trygt, men rett i havgapet ved den vakre Tanangerkysten. Sjøbad i europatoppen En herligere badeplass enn sjøbadet på Myklebust i Tananger skal du lete lenge etter. Sjøbadet ble bygget i 2015 og har vært i bruk i sommers...","name":"Sjøbadet på Myklebust","source":"UT.no\/DNT"},"type":"Feature"},{"geometry":{"coordinates":[5.8577859999999999,58.856881999999999],"type":"Point"},"id":"swimspot-ut-146888754","properties":{"description":"Alsvik natursenter ligger ved Kyllesvatnet i Lutsivassdraget. Området har en variert natur og et vekslende terreng. I området er det et nettverk av turveier som er godt tilrettelagt for rullestolbrukere. Videre finnes det aktivitetsløype, g...","elevation":47,"name":"Alsvik natursenter","source":"UT.no\/DNT"},"type":"Feature"},{"geometry":{"coordinates":[10.919585,59.211419999999997],"type":"Point"},"id":"swimspot-ut-146888758","properties":{"description":"Kai 4 er et nytt sted ved sjøen nær Fredrikstad sentrum, midt i det historiske verftsområdet på FMV Vest. Området inneholder blant annet park med sandvolleyball, flytende badstuer, oppholdssoner mm. Et utmerket målpunkt for en kort gåtur fr...","name":"Kai 4, FMV Vest","source":"UT.no\/DNT"},"type":"Feature"},{"geometry":{"coordinates":[9.3895339999999994,58.902650000000001],"type":"Point"},"id":"swimspot-ut-146888870","properties":{"description":"Turmålet ligger langs veien mellom Helle og Fossing. Når du har kjørt ca 800 m mot Fossing ta til venstre på Kleivaveien og kjør denne ca 100 m. Her er det en stor parkeringsplass. Her må du gå ned igjen til veien og over denne og ned stien...","elevation":1,"name":"Helleskjær","source":"UT.no\/DNT"},"type":"Feature"},{"geometry":{"coordinates":[9.4028379999999991,58.911226999999997],"type":"Point"},"id":"swimspot-ut-146888871","properties":{"description":"For å komme til dette turmålet, må du følge fylkesveien 3362, mellom Helle og Fossing. Ved tidligere Skarbo skole, kan du parkere. Her følger du Svarttjennveien til endes og følger en flott sti innover, ved første stidele ta til høyre og fø...","elevation":53,"name":"Svarttjenn","source":"UT.no\/DNT"},"type":"Feature"},{"geometry":{"coordinates":[9.7266499999999994,59.029170999999998],"type":"Point"},"id":"swimspot-ut-146888948","properties":{"description":"Sagastranda er et hyggelig friluftsområde med utsikt til øyene i Langesundfjorden. Her er det strand med stupetårn, benker, bålpanne og utedo. Det er kun 100 meter fra parkeringen til stranda. For å komme til Sagastranda må du ta av mot Eik...","name":"Sagastranda","source":"UT.no\/DNT"},"type":"Feature"},{"geometry":{"coordinates":[9.5923429999999996,58.963912999999998],"type":"Point"},"id":"swimspot-ut-146888950","properties":{"description":"Haukedalsstranda er ei lita strand i sør-enden av Haukedalsvannet. Her er det campingbord, badebrygge med stupebrett og utedo. For å komme til Haukedalsstranda kjører du mot Valle fra Feset. Følg Valleveien ca. 750 meter og ta så til venstr...","elevation":21,"name":"Haukedalsstranda","source":"UT.no\/DNT"},"type":"Feature"},{"geometry":{"coordinates":[9.6950289999999999,58.981430000000003],"type":"Point"},"id":"swimspot-ut-146888952","properties":{"description":"Elvikstranda ligger nordvendt og med utsikt innover i Åbyfjorden. Her er det lunt og fint når sønnavinden står på, og det er et flott sted for å nyte kveldssola. Turbeskrivelse finner du her: Elvikstranda","name":"Elvikstranda","source":"UT.no\/DNT"},"type":"Feature"},{"geometry":{"coordinates":[9.7063570000000006,58.999617000000001],"type":"Point"},"id":"swimspot-ut-146888983","properties":{"description":"Ormvika (ytre) er ei lita vik med strand som ligger langs kyststien mellom Rognstranda og Hydrostranda. Her er det mulig å trille helt til stranda, og det er utsikt til Rognsåsen og Rognsfjorden. Se turbeskrivelse her: Tur til Ormvika","name":"Ormvika","source":"UT.no\/DNT"},"type":"Feature"},{"geometry":{"coordinates":[9.7194439999999993,59.009529999999998],"type":"Point"},"id":"swimspot-ut-146888985","properties":{"description":"Sandvika har fin strand og god tilgjengelighet. Dette er et av de populære turområdene i Bamble. Ny vei fra parkeringsplassen og ned til stranda. Turbeskrivelse finner du her: Tur til Sandvika","elevation":1,"name":"Sandvika","source":"UT.no\/DNT"},"type":"Feature"},{"geometry":{"coordinates":[9.373882,58.997095999999999],"type":"Point"},"id":"swimspot-ut-146888986","properties":{"description":"Rørholt brygge er en flott plass med både lekeplass, båtslipp og badebrygge som har blitt til gjennom frivillig arbeid og dugnadsinnsats fra folk i bygda. Alle er hjertelig velkommen til å bruke stedet, enten det handler om å sette ut båt, ...","elevation":60,"name":"Rørholt brygge","source":"UT.no\/DNT"},"type":"Feature"},{"geometry":{"coordinates":[4.9606680000000001,60.335165000000003],"type":"Point"},"id":"swimspot-ut-146889008","properties":{"description":"Lun badevik med svaberg, tilgjengelig med båt, eller på sti over Lokøy.","elevation":1,"name":"Kobbavågen","source":"UT.no\/DNT"},"type":"Feature"},{"geometry":{"coordinates":[9.5997760000000003,59.969037999999998],"type":"Point"},"id":"swimspot-ut-146889073","properties":{"description":"Løvnesvannet ligger vakkert til på grensa mellom Flesberg og Sigdal. Her kan du bade, prøve fiskelykken, observere fuglelivet og nyte friluftslivet. Løvnesvannet er utgangspunkt for både rundtur og flere turmål.","elevation":370,"name":"Løvnesvannet","source":"UT.no\/DNT"},"type":"Feature"},{"geometry":{"coordinates":[14.603505,67.400634999999994],"type":"Point"},"id":"swimspot-ut-146889093","properties":{"description":"Auvika ligger nært vei og er et alternativ til Mjelle. I Auvika er den flotte stranda det som først fanger oppmerksomheten, men det er også ei flott gresslette på oversiden som egner seg veldig godt til telting, ballspill, kubb eller andre ...","elevation":3,"name":"Auvika","source":"UT.no\/DNT"},"type":"Feature"},{"geometry":{"coordinates":[12.547806,65.950111000000007],"type":"Point"},"id":"swimspot-ut-146889161","properties":{"description":"Like ved den merkede stien fra Markvoll til Skjerdingen og Tvillingene finner du Markvollkulpen på 250 meters høyde. Den har kaldt og friskt vann med god gjennomstrømming så her kan du både slukke tørsten og ta deg et forfriskende bad.","elevation":250,"name":"Markvollkulpen","source":"UT.no\/DNT"},"type":"Feature"},{"geometry":{"coordinates":[12.574246,65.956119999999999],"type":"Point"},"id":"swimspot-ut-146889167","properties":{"description":"To vann på omlag 320 meters høyde langs stien fra Breimo til Grytfoten. Fin plass for å ta en pause, eller et bad?","elevation":322,"name":"Krumman","source":"UT.no\/DNT"},"type":"Feature"},{"geometry":{"coordinates":[12.614865,65.964067],"type":"Point"},"id":"swimspot-ut-146889170","properties":{"description":"Stort vann på 700 moh som ligger ved stien fra Breimo til Botnkrona. Er demmet opp mot vest da det tidligere var drikkevannskilden i Alstahaug kommune.","elevation":700,"name":"Grytfotvatnet","source":"UT.no\/DNT"},"type":"Feature"},{"geometry":{"coordinates":[5.2459790000000002,60.099105999999999],"type":"Point"},"id":"swimspot-ut-146889201","properties":{"description":"7.klasse på Storebø barneskule har laga ein avstikker til sjøen i fra Inger Anne stien. Det er ca 200 m å gå i fra stien. Ein følger Inger Anne stien, dersom ein kjem frå Storebø går ein forbi gapahuken og opp bakken. Ein fortsetter rett fr...","elevation":8,"name":"Edvard løypo","source":"UT.no\/DNT"},"type":"Feature"},{"geometry":{"coordinates":[10.715301,60.196702000000002],"type":"Point"},"id":"swimspot-ut-146889264","properties":{"description":"Gråmerra friluftsområde På Gråmerra kan man både bade og grille, spille volleyball, utforske stinettet i det lille skogholtet på tangen eller nyte denne perlen på Harestua med lek og morro på den store plenen. Kajakkene til DNT Hadeland hol...","elevation":235,"name":"Gråmerra","source":"UT.no\/DNT"},"type":"Feature"},{"geometry":{"coordinates":[5.006888,60.849829999999997],"type":"Point"},"id":"swimspot-ut-146889496","properties":{"description":"Liten lokal badeplass med langgrunn badefjære.","name":"Sandevika","source":"UT.no\/DNT"},"type":"Feature"},{"geometry":{"coordinates":[4.8445280000000004,60.898313999999999],"type":"Point"},"id":"swimspot-ut-146889497","properties":{"description":"Lokal badeplass med sandfjære. I området er det gapahuk, bord og benk og aktivitetsområde. Badeflåte lenger ute i viken og sandvolleyballbane ved inngangen til området. Parkering ved Tausevågen marina.","name":"Tausevågen","source":"UT.no\/DNT"},"type":"Feature"},{"geometry":{"coordinates":[4.8795500000000001,60.902000000000001],"type":"Point"},"id":"swimspot-ut-146889498","properties":{"description":"Lokal badeplass langs Byrknesvegen. Parkeringsplass, stupebrett og badeflåte.","elevation":18,"name":"Siletjørna","source":"UT.no\/DNT"},"type":"Feature"},{"geometry":{"coordinates":[5.110608,60.968944999999998],"type":"Point"},"id":"swimspot-ut-146889499","properties":{"description":"Badeplass med liten badefjære og gressmark. Bord og benk. Gangvei fra Gulatinget.","elevation":1,"name":"Gulatinget","source":"UT.no\/DNT"},"type":"Feature"},{"geometry":{"coordinates":[5.5786030000000002,60.873472],"type":"Point"},"id":"swimspot-ut-146889500","properties":{"description":"Lokal badeplass med strandfjære, gapahuk og bord og benk.","name":"Våganeset, Matre","source":"UT.no\/DNT"},"type":"Feature"},{"geometry":{"coordinates":[6.4194719999999998,60.624639000000002],"type":"Point"},"id":"swimspot-ut-146889501","properties":{"description":"Badeplass med stor langgrunn strandfjøre i Prestegardsmoen friluftslivsområde. Turområde med flere stier i området. Også flere grill og bålplasser i friluftslivsområdet. Parkering ved kommunehuset i Voss sentrum.","elevation":46,"name":"Prestegardsmoen","source":"UT.no\/DNT"},"type":"Feature"},{"geometry":{"coordinates":[5.2574120000000004,60.79374],"type":"Point"},"id":"swimspot-ut-146889502","properties":{"description":"Romslig badeplass med langgrunn badefjære og svaberg. Gangvei fra parkeringsplassen og ned til strandområdet. Atkomst gjennom gårdstun for å komme til parkeringsplassen.","elevation":1,"name":"Areklettsanden","source":"UT.no\/DNT"},"type":"Feature"},{"geometry":{"coordinates":[5.8013659999999998,60.814641000000002],"type":"Point"},"id":"swimspot-ut-146889508","properties":{"description":"Badeplass med badefjøre i sentrum av Modalen.","name":"Mo sentrum","source":"UT.no\/DNT"},"type":"Feature"},{"geometry":{"coordinates":[6.7154100000000003,60.522019999999998],"type":"Point"},"id":"swimspot-ut-146889509","properties":{"description":"Langgrunn badefjære i det statlig sikrede friluftsområdet Grandane - Røynstrand ved utløpet av Granvinelva. Stor gressmark i bakkant. Grindabygg og bord og benker. Stor parkeringsplass på andre siden av elven.","name":"Grandane - Røynstrand","source":"UT.no\/DNT"},"type":"Feature"},{"geometry":{"coordinates":[7.7875519999999998,61.642150000000001],"type":"Point"},"id":"swimspot-ut-146889543","properties":{"description":"Ta et bad i fantastiske Breheimen! Denne lille badekulpen ligger en kort spasertur fra DNT-hytta Nørdstedalseter , som du kan se opp til. Det er også svaberg man kan ligge på og nyte solen store deler av dagen. Dybde i kulpen varierer ut fr...","elevation":914,"name":"Badekulp ved Nørdstedalseter","source":"UT.no\/DNT"},"type":"Feature"},{"geometry":{"coordinates":[9.4414630000000006,59.120688999999999],"type":"Point"},"id":"swimspot-ut-146889556","properties":{"description":"Dette turmålet ligger langs Rennesundveien. Følg fylkesveien mot Drangedal fra Voldkrysset ca 3,5 km. Det er parkering på venstre side og godt skiltet. Turmålet ligge ca 700 m innover denne veien. Her er det en flott badeplass og rasteplass...","elevation":64,"name":"Badeplass ved Kilevannet","source":"UT.no\/DNT"},"type":"Feature"},{"geometry":{"coordinates":[10.386569,59.535530000000001],"type":"Point"},"id":"swimspot-ut-146889609","properties":{"description":"Rullesteinstrand med fin skog i bakkant.","elevation":3,"name":"Leinastranda","source":"UT.no\/DNT"},"type":"Feature"},{"geometry":{"coordinates":[10.382778,59.541161000000002],"type":"Point"},"id":"swimspot-ut-146889610","properties":{"description":"Bergerbukta er en bukt med sandstrand omgitt av boliger, en park og en marina. Kyststien går langs stranda. Vannet er langgrunt, og det er fint å bade der, særlig for barn. Innenfor stranda er det et lite åpent skogområde med en park. Der e...","elevation":1,"name":"Bergerbukta","source":"UT.no\/DNT"},"type":"Feature"},{"geometry":{"coordinates":[10.402184,59.594056000000002],"type":"Point"},"id":"swimspot-ut-146889616","properties":{"description":"Knemstranda er et friområde med utfartsparkering, toalett åpent i skolens sommerferie, tuftepark, volleyballbane, gressplen og flere benker. Det går an å bade der, men det er mudderbunn.","elevation":2,"name":"Knemstranda","source":"UT.no\/DNT"},"type":"Feature"},{"geometry":{"coordinates":[10.410056000000001,59.624805000000002],"type":"Point"},"id":"swimspot-ut-146889618","properties":{"description":"Skjæra er et friområde som består at et område på land og flere skjær med svaberg. Det går to bruer ut til skjærene. Skjæra er et vakkert område og en fin badeplass med badestige ned til vannet. Badeplassen passer kanskje best for litt stør...","name":"Skjæra","source":"UT.no\/DNT"},"type":"Feature"},{"geometry":{"coordinates":[10.853551,59.398741999999999],"type":"Point"},"id":"swimspot-ut-146889646","properties":{"description":"Badeplass med toalett, søppelkasse og mulighet for telt","elevation":27,"name":"Paradisbukta","source":"UT.no\/DNT"},"type":"Feature"},{"geometry":{"coordinates":[15.30716,67.412141000000005],"type":"Point"},"id":"swimspot-ut-146889653","properties":{"description":"En fin plass å kjøle seg ned på en varm dag","elevation":175,"name":"Badeplass","source":"UT.no\/DNT"},"type":"Feature"},{"geometry":{"coordinates":[8.1293229999999994,61.910786999999999],"type":"Point"},"id":"swimspot-ut-146889655","properties":{"description":"Bångråttjønne er ein flott badeplass, som er open for alle! På Bångråttjønne er det parkeringsplass, bord med benkar, toalett, gapahuk og bålplass. Rundt tjernet er det ein handicap-venleg stig, som er ei fin, kort runde. På Bångråttjønne e...","elevation":423,"name":"Bångråttjønne","source":"UT.no\/DNT"},"type":"Feature"},{"geometry":{"coordinates":[8.6811690000000006,61.860998000000002],"type":"Point"},"id":"swimspot-ut-146889656","properties":{"description":"Liabrua På Liabrua er det fin sandstrand og fine førehand for å ta seg eit bad. Det er ikkje nokon etablert parkeringsplass eller toalett - så hugs: ta hensyn, og tenkt på sporlaus ferdsel. Kos deg! Trygg og hensynsfull bading i naturen: En...","elevation":363,"name":"Liabrua","source":"UT.no\/DNT"},"type":"Feature"},{"geometry":{"coordinates":[8.4056499999999996,62.229109000000001],"type":"Point"},"id":"swimspot-ut-146889664","properties":{"description":"Lesjaskogsvatnet er ein flott badeplass, som er open for alle! På Lesjaskogsvatnet finn du parkering f.eks. ved campingen, der er det også mulighet til å forhøyre seg om bruk av toalett. Trygg og hensynsfull bading i naturen: En dukkert i e...","elevation":612,"name":"Lesjaskogsvatnet","source":"UT.no\/DNT"},"type":"Feature"},{"geometry":{"coordinates":[9.6926269999999999,61.534866000000001],"type":"Point"},"id":"swimspot-ut-146889666","properties":{"description":"Vollsdammen er ein flott badeplass, som er open for alle! Trygg og hensynsfull bading i naturen: En dukkert i et tjern, fjellvann eller elv er en fantastisk del av turen – men naturen krever også at vi viser omtanke. Her er noen enkle regle...","elevation":767,"name":"Vollsdammen","source":"UT.no\/DNT"},"type":"Feature"},{"geometry":{"coordinates":[9.6472979999999993,62.084752000000002],"type":"Point"},"id":"swimspot-ut-146889671","properties":{"description":"Bad i vakre Grimse! I Grimsdalen renner den vakre elva Grimse, som byr på flere bademuligheter. Andre alternativer i Dovre Kommune: Killisanden nord for Dovre og Toftemo camping Trygg og hensynsfull bading i naturen: En dukkert i et tjern, ...","elevation":928,"name":"Grimse","source":"UT.no\/DNT"},"type":"Feature"},{"geometry":{"coordinates":[9.3605450000000001,61.845350000000003],"type":"Point"},"id":"swimspot-ut-146889672","properties":{"description":"Bad i Selsvatnet! Selsvatnet er en fin badeplass for både store og små! Det er fin sandstrand ned mot vatnet, og plen man kan sitte på. Trygg og hensynsfull bading i naturen: En dukkert i et tjern, fjellvann eller elv er en fantastisk del a...","elevation":373,"name":"Selsvatnet","source":"UT.no\/DNT"},"type":"Feature"},{"geometry":{"coordinates":[9.1064019999999992,61.869791999999997],"type":"Point"},"id":"swimspot-ut-146889673","properties":{"description":"Smedsmo-dammen! På Smedsmo Camping er det en fin badeplass som er åpen for alle! Trygg og hensynsfull bading i naturen: En dukkert i et tjern, fjellvann eller elv er en fantastisk del av turen – men naturen krever også at vi viser omtanke. ...","elevation":364,"name":"Smedsmo-dammen","source":"UT.no\/DNT"},"type":"Feature"},{"geometry":{"coordinates":[10.467079999999999,60.424754],"type":"Point"},"id":"swimspot-ut-146889690","properties":{"description":"Badestrand med god plass, toaletter og stor parkering","elevation":135,"name":"Ulsnestangen","source":"UT.no\/DNT"},"type":"Feature"},{"geometry":{"coordinates":[16.49868,68.791235999999998],"type":"Point"},"id":"swimspot-ut-146889704","properties":{"description":"Et nydelig vann kun 500 meter fra parkeringsplassen i Folkeparken. Perfekt for en dukkert på varme sommerdager. Her finner du også en benk hvor du kan sitte og nyte utsikten i rolige omgivelser.","elevation":108,"name":"Harstadvannet","source":"UT.no\/DNT"},"type":"Feature"},{"geometry":{"coordinates":[16.462346,68.768373999999994],"type":"Point"},"id":"swimspot-ut-146889705","properties":{"description":"Musvannet ligger 275 meter over havet og er et populært turmål for både store og små. Flere merkede ruter fører opp fra parkeringsplassen i Folkeparken. Turen går langs en bred grusvei og løypa er godt skiltet og lett å følge. Musvannet er ...","elevation":275,"name":"Musvannet","source":"UT.no\/DNT"},"type":"Feature"},{"geometry":{"coordinates":[16.489585999999999,68.766662999999994],"type":"Point"},"id":"swimspot-ut-146889706","properties":{"description":"Pevannet ligger 301 meter over havet og er et populært turmål for både store og små. Flere merkede ruter fører opp fra parkeringsplassen i Folkeparken. Turen går hovedsakelig langs en bred grusvei og løypa er godt skiltet og lett å følge. E...","elevation":301,"name":"Pevannet","source":"UT.no\/DNT"},"type":"Feature"},{"geometry":{"coordinates":[16.533014000000001,68.768895000000001],"type":"Point"},"id":"swimspot-ut-146889707","properties":{"description":"Kanebogvannet ligger 92 meter over havet og er spesielt fint om sommeren, med gode bademuligheter, bålplass og fine områder for piknik. En familievennlig og tilgjengelig tur som passer for de fleste.","elevation":92,"name":"Kanebogvannet","source":"UT.no\/DNT"},"type":"Feature"},{"geometry":{"coordinates":[16.410423999999999,68.763209000000003],"type":"Point"},"id":"swimspot-ut-146889721","properties":{"description":"Steinsåsvannet ligger 131 meter over havet og er spesielt fint om sommeren, med gode bademuligheter. En familievennlig og tilgjengelig tur som passer for de fleste. Du kan enten gå hit fra Grønnkollhytta i Folkeparken eller kjøre via Sørliv...","elevation":131,"name":"Steinsåsvatnet","source":"UT.no\/DNT"},"type":"Feature"},{"geometry":{"coordinates":[10.646353,59.912595000000003],"type":"Point"},"id":"swimspot-ut-146889751","properties":{"description":"Badeplass med sandstrand og gressletter tilrettelagt for opphold med blant annet benker, piknikbord, mulighet for grilling i bålpanne og områder for ballspill. I sommersesongen er det offentlige toaletter tilgjengelig. Flott utsikt ut over ...","name":"Sollerudstranda","source":"UT.no\/DNT"},"type":"Feature"},{"geometry":{"coordinates":[10.772285,59.832692000000002],"type":"Point"},"id":"swimspot-ut-146889752","properties":{"description":"Hvervenbukta er en populær badeplass og utfluktsmål ved Bunnefjorden i Oslo sør. Her er det sandstrender, gressletter og svaberg. Badeplassen har baderampe for bevegelseshemmede, flytebrygge, benker, griller og toalett. Caféen Anne på lande...","elevation":1,"name":"Hvervenbukta badeplass","source":"UT.no\/DNT"},"type":"Feature"},{"geometry":{"coordinates":[10.666213000000001,59.910885],"type":"Point"},"id":"swimspot-ut-146889757","properties":{"description":"Badeplass med sandstrand. Badeplassen forvaltes av Statsbygg som en del av Bygdøy kongsgård og folkepark.","elevation":2,"name":"Bygdøy sjøbad","source":"UT.no\/DNT"},"type":"Feature"},{"geometry":{"coordinates":[10.675615000000001,59.894768999999997],"type":"Point"},"id":"swimspot-ut-146889764","properties":{"description":"Huk og Hukodden friområde har store gress- og strandområder hvor det er muligheter for bading fra strand og badebrygger, soling, lek og grilling. Det er også egen HC-rampe for rullestolbrukere, baner for sandvolleyball og basketball og serv...","name":"Huk badeplass","source":"UT.no\/DNT"},"type":"Feature"},{"geometry":{"coordinates":[10.751045,59.900841999999997],"type":"Point"},"id":"swimspot-ut-146889767","properties":{"description":"Sjøbad med badebrygge, stupetårn, svømmebasseng, sandstrand og gresskledte parkområder for rekreasjon og opphold. Utedusjer og toaletter.","name":"Sørenga sjøbad","source":"UT.no\/DNT"},"type":"Feature"},{"geometry":{"coordinates":[10.783099999999999,59.855339000000001],"type":"Point"},"id":"swimspot-ut-146889768","properties":{"description":"Katten badeplass ligger på Ljan, like nedenfor Mosseveien. Her er flotte svaberg og en barnevennlig sandstrand der du kan bade, sole deg og fiske krabber. Katten har også stupebrett med badetrapp, fastgrill i eget område med benkebord og to...","elevation":1,"name":"Katten badeplass","source":"UT.no\/DNT"},"type":"Feature"},{"geometry":{"coordinates":[10.782078,59.868740000000003],"type":"Point"},"id":"swimspot-ut-146889769","properties":{"description":"Badeplass på nedsiden av Mosseveien. Badeplass med promenade, sandstrand, badebrygge, svaberg og gressplener. Badeplassen er tilrettelagt med benker og toalett. Se flere bilder og les mer om Nordstrand bad på Oslo kommunes nettsider (se len...","elevation":2,"name":"Nordstrand bad","source":"UT.no\/DNT"},"type":"Feature"},{"geometry":{"coordinates":[10.770894,59.867170999999999],"type":"Point"},"id":"swimspot-ut-146889770","properties":{"description":"Sydstranden helt sør på Ulvøya har sandstrand, stupetårn, flytebrygge, kiosk og toaletter. Sydstranden driftes av Ulvøy Vel. Les mer om priser og regler for bruk av stranden på Ulvøy Vel sine hjemmesider.","elevation":1,"name":"Sydstranden på Ulvøya","source":"UT.no\/DNT"},"type":"Feature"},{"geometry":{"coordinates":[16.540628999999999,68.816402999999994],"type":"Point"},"id":"swimspot-ut-146889797","properties":{"description":"Hagavannet ligger på Trondenes og er en kort gåtur fra Nedre Sama. Her er det både fin badeplass på sommeren og gode fiskeplasser.","elevation":69,"name":"Hagavannet","source":"UT.no\/DNT"},"type":"Feature"},{"geometry":{"coordinates":[16.610866999999999,68.673051999999998],"type":"Point"},"id":"swimspot-ut-146889798","properties":{"description":"Gressholman er den største offentlige badeplassen i Harstad. Stranden består av fin korallsand. Her er det muligheter for å få seg et forfriskende bad i havet, eller man kan ligge å nyte solen og medbrakt niste. Et lite stykke bak stranden ...","elevation":3,"name":"Gressholman","source":"UT.no\/DNT"},"type":"Feature"},{"geometry":{"coordinates":[10.384245999999999,63.450192999999999],"type":"Point"},"id":"swimspot-ut-146889800","properties":{"description":"Munkholmen er en liten øy som ligger i Trondheimsfjorden, ca 2 km rett ut for byen. Dette er et populært sted for bading og utflukter på fine sommerdager. På nord- og sørsida av øya er det fine sandstrender, og inne på øya kan man besøke en...","name":"Munkholmen","source":"UT.no\/DNT"},"type":"Feature"},{"geometry":{"coordinates":[16.588744999999999,68.797523999999996],"type":"Point"},"id":"swimspot-ut-146889816","properties":{"description":"Langnes er et flott utsiktspunkt hvor du ser ut over hele Trondenes, inkludert Trondenes kirke, Harstad by og videre over mot Grytøya. Her finner du både piknikbord og bålplass, og i nærheten er det fine muligheter for bading og utforsking ...","name":"Langnes","source":"UT.no\/DNT"},"type":"Feature"},{"geometry":{"coordinates":[10.783421000000001,59.862059000000002],"type":"Point"},"id":"swimspot-ut-146889915","properties":{"description":"Badeplass med badebrygge, svaberg og gressplener for soling og opphold. Badebryggen er tilrettelagt med badestige og har stupebrett. Vær obs på at det langs deler av badebryggen er ujevne og grunne bunnforhold. Stuping fra badebryggen er ku...","elevation":2,"name":"Sæterstranda badeplass","source":"UT.no\/DNT"},"type":"Feature"},{"geometry":{"coordinates":[9.0694180000000006,59.096609999999998],"type":"Point"},"id":"swimspot-ut-146889922","properties":{"description":"Dette er turmålet er et kunstverk som heter Badegjesten er laget av Christian Sunde. Stedet er Drangedal Kommunes tusenår sted. Her er det flotte turområder og badeplasser og badstue. For å komme til turmålet, kjør til Drangedal sentrum og ...","elevation":61,"name":"Badegjesten","source":"UT.no\/DNT"},"type":"Feature"},{"geometry":{"coordinates":[10.772430999999999,59.832923999999998],"type":"Point"},"id":"swimspot-ut-146890033","properties":{"description":"Hvervenbukta regnes som en av Oslos beste badeplasser, og området er godt tilrettelagt for alle. Her finner du en baderampe og en kyststi som er tilrettelagt for bevegelseshemmede ( Se Norgeskart\/tilgjengelighet for mer informasjon ). I til...","name":"Baderampe Hvervenbukta","source":"UT.no\/DNT"},"type":"Feature"},{"geometry":{"coordinates":[10.863201999999999,59.875157000000002],"type":"Point"},"id":"swimspot-ut-146890047","properties":{"description":"Bråten badeplass ligger sørvest i Nøklevannet, mellom Haraløkka idrettsplass og Rustadsaga markastue. Badeplassen er universelt utformet med baderampe for bevegelseshemmede, HC-toalett, godkjent båplass, hvilebenker og rasteplass med piknik...","elevation":165,"name":"Bråten badeplass i Østmarka","source":"UT.no\/DNT"},"type":"Feature"},{"geometry":{"coordinates":[10.749672,59.818275],"type":"Point"},"id":"swimspot-ut-146890087","properties":{"description":"Ingierstrand bad ligger i Nordre Follo, 15 kilometer sørøst for Oslo, men forvaltes av Oslo kommune ved Bymiljøetaten. Ingierstrand bad ble bygget som rekreasjonssted med både friluftsservering, garderobeanlegg og hoppetårn for hovedstadens...","elevation":3,"name":"Ingierstrand bad","source":"UT.no\/DNT"},"type":"Feature"},{"geometry":{"coordinates":[5.6617009999999999,58.910142999999998],"type":"Point"},"id":"swimspot-ut-146890135","properties":{"description":"I Sola kommune har en nærhet til havet flere steder. Et av dem er Sørnesvågen - en tilrettelagt badeplass hvor du kan ta deg et forfriskende bad. Denne turen er en del av jubileumsprosjektet 52 søndagsturer i forbindelse med Stavangers 900-...","name":"Sørnesvågen","source":"UT.no\/DNT"},"type":"Feature"},{"geometry":{"coordinates":[11.237411,60.425032000000002],"type":"Point"},"id":"swimspot-ut-146890136","properties":{"description":"En liten badeplass langs ved øststiden av Mjøsa. Se detaljert tilgjengelighetsdata om stedet i Norgeskart.no .","elevation":123,"name":"Støjordet badeplass","source":"UT.no\/DNT"},"type":"Feature"},{"geometry":{"coordinates":[10.749395,59.864479000000003],"type":"Point"},"id":"swimspot-ut-146890169","properties":{"description":"Solvikbukta på Malmøya er en idyllisk badeplass og campingplass, tilrettelagt for funksjonshemmede. Her er grovkornet sand- og steinstrand med gress og svaberg. Ved sandstranda er det badebrygge med HC-tilpasset baderampe og dusj. Badestole...","name":"Baderampe i Solvikbukta","source":"UT.no\/DNT"},"type":"Feature"},{"geometry":{"coordinates":[10.7332,59.791967],"type":"Point"},"id":"swimspot-ut-146890201","properties":{"description":"Bekkensten badeplass ligger i Nordre Follo, sør for Oslo. Badeplass med sand- og steinstrand, og svaberg og gressplener for soling og opphold. I sommersesongen er det blant annet tilgang til utendørs dusj, toaletter og drikkevannsanlegg. I ...","elevation":2,"name":"Bekkensten badeplass","source":"UT.no\/DNT"},"type":"Feature"},{"geometry":{"coordinates":[10.759256000000001,59.827021999999999],"type":"Point"},"id":"swimspot-ut-146890202","properties":{"description":"Bestemorstranda ligger i Nordre Follo, sør for Oslo. Bestemorstranda består av en liten strand og mye svaberg. Bestemorstranda forvaltes av Oslo kommune ved Bymiljøetaten, og ligger i kort avstand fra Bestemorstranda bussholdeplass langs In...","elevation":2,"name":"Bestemorstranda","source":"UT.no\/DNT"},"type":"Feature"},{"geometry":{"coordinates":[7.9860319999999998,59.570051999999997],"type":"Point"},"id":"swimspot-ut-146890266","properties":{"description":"Ormetjønn er ein populær og familievennleg badeplass like ved sentrum. Badeområdet har både grøne gressflater og ei innbydande sandstrand heilt ned mot vatnet, som gjer det lett å finne ein fin plass å slå seg ned. Her er det leikeplass for...","elevation":451,"name":"Ormetjønn","source":"UT.no\/DNT"},"type":"Feature"},{"geometry":{"coordinates":[8.0032169999999994,59.582452000000004],"type":"Point"},"id":"swimspot-ut-146890276","properties":{"description":"Badstoga på Spegle er ei heilt særprega oppleving. Ho står på ein gamal, historisk mur og er bygd med speilvegger som reflekterer landskapet rundt. Her kan du nyte varmen frå ei vedfyrt badstoge og ta ein forfriskande dukkert i Hylen like u...","elevation":561,"name":"Spegle -badstoge på fløtarmur","source":"UT.no\/DNT"},"type":"Feature"},{"geometry":{"coordinates":[6.1485250000000002,60.368960000000001],"type":"Point"},"id":"swimspot-ut-146890538","properties":{"description":"Badefjære i Norheimsund sentrum friluftslivsområde. Sentrumsstranden i Norheimsund er en av de mest attraktive og mest brukte badeplassene i Kvam. Gressmark med bord og benker, grill, toalett, stupebrett og sandvolleyballbane – finner du og...","name":"Norheimsund sentrum","source":"UT.no\/DNT"},"type":"Feature"},{"geometry":{"coordinates":[6.2040620000000004,60.387022999999999],"type":"Point"},"id":"swimspot-ut-146890539","properties":{"description":"Sentrumsstranda i Øystese er éin av dei mest attraktive og mest nytta badestrendene i Kvam. Den landgrunne sandstranda like nedanfor kyrkja er populær blant fastbuande og turister. Stranda er godt eigna for barnefamiliar. Romsleg grøntareal...","name":"Øystese sentrum","source":"UT.no\/DNT"},"type":"Feature"},{"geometry":{"coordinates":[5.756653,58.953992999999997],"type":"Point"},"id":"swimspot-ut-146890557","properties":{"description":"Godalen er en populær badestrand i Stavanger. Her bades det hele året. Går du Storhaugturen vil du passere Godalen badeplass. Dette turmålet er laget med støtte fra vår Turpartner Norsk Tipping — tusen takk!","elevation":1,"name":"Godalen","source":"UT.no\/DNT"},"type":"Feature"},{"geometry":{"coordinates":[7.7918960000000004,63.381407000000003],"type":"Point"},"id":"swimspot-ut-146890605","properties":{"description":"Villsaugården på Sør-Smøla er et naturnært overnattingssted med arkitekttegnede hytter i fjæra, gårdsbutikk og badstue. Gjestene kan oppleve lokal matkultur, villsauer og aktiviteter som havørnsafari og padling i havgapet. For mer informasj...","elevation":2,"name":"Villsaugården","source":"UT.no\/DNT"},"type":"Feature"},{"geometry":{"coordinates":[4.9000760000000003,61.842346999999997],"type":"Point"},"id":"swimspot-ut-146890610","properties":{"description":"Grotlesanden er en av de største sandstrendene i ytre Bremanger","elevation":2,"name":"Grotlesanden","source":"UT.no\/DNT"},"type":"Feature"},{"geometry":{"coordinates":[9.6948600000000003,59.097613000000003],"type":"Point"},"id":"swimspot-ut-146890742","properties":{"description":"Skjelsviktangen er et lite nes ytterst mot Eidangerfjorden, med åpne svaberg og flott utsyn over fjorden. Området ligger like ved Skjelsvika og Ørstveitbukta, og byr på lettgått kystterreng med nærkontakt til sjøen. Skjelsviktangen ligger i...","name":"Skjelsviktangen","source":"UT.no\/DNT"},"type":"Feature"},{"geometry":{"coordinates":[9.6996169999999999,59.098967000000002],"type":"Point"},"id":"swimspot-ut-146890743","properties":{"description":"Mule Varde badeplass ligger idyllisk til nede ved fjorden, like nedenfor den historiske hagen på Mule Varde. Her finner du både en større hovedstrand og en mindre, mer skjermet strand litt lenger inne i vika. Området har også en stor og sol...","elevation":1,"name":"Mule Varde badeplass","source":"UT.no\/DNT"},"type":"Feature"},{"geometry":{"coordinates":[9.6959110000000006,59.093798999999997],"type":"Point"},"id":"swimspot-ut-146890744","properties":{"description":"Tangenbukta badeplass ligger lunt til på nordsiden av Ørstvetøya, i et rolig og skjermet område innerst i Eidangerfjorden. Her finner du et lite, naturlig badeområde med svaberg, grunt vann og nærkontakt med den frodige kystnaturen som preg...","name":"Tangenbukta badeplass","source":"UT.no\/DNT"},"type":"Feature"},{"geometry":{"coordinates":[5.2646470000000001,60.060873999999998],"type":"Point"},"id":"swimspot-ut-146890959","properties":{"description":"Denne turen starter i blå løype til Loddo, turen er merka med sommartur skilt. Følg grusveien ca 1 km oppover før ein tar av på sti, turen er merka med blå skilt. Obs den blir våt om det regner. Turen er ca 2,2 km ein vei, fra Fjørabotn kan...","elevation":8,"name":"Fjørabotn, blå løype","source":"UT.no\/DNT"},"type":"Feature"},{"geometry":{"coordinates":[10.743385,60.190398999999999],"type":"Point"},"id":"swimspot-ut-146890975","properties":{"description":"Klart vann, men mudrete bunn. For dem som er ekstra glade i å bade!","elevation":441,"name":"Søndre Monsrudtjern","source":"UT.no\/DNT"},"type":"Feature"},{"geometry":{"coordinates":[10.717718,60.193368999999997],"type":"Point"},"id":"swimspot-ut-146890976","properties":{"description":"Populær badeplass på Harestua – i enden av opplyst gangsti fra Kiwi. Sandstrand, gapahuk\/skiftebu og flytebrygge. Skal du parkere her, er det avgift hos Harestua kro.","elevation":235,"name":"Børentangen badeplass","source":"UT.no\/DNT"},"type":"Feature"},{"geometry":{"coordinates":[7.0870150000000001,62.733302000000002],"type":"Point"},"id":"swimspot-ut-146890992","properties":{"description":"Godt etablert badeplass og friområde med stein-\/sandstrand og svaberg. Rastebenker, toalett og stor gressflate.","elevation":1,"name":"Kringstadbukta","source":"UT.no\/DNT"},"type":"Feature"},{"geometry":{"coordinates":[7.2171269999999996,62.739545],"type":"Point"},"id":"swimspot-ut-146890993","properties":{"description":"Godt etablert badeplass med sand-\/steinstrand, stupetårn, moloer, toalett, rastebenker og gressflater.","name":"Retiro","source":"UT.no\/DNT"},"type":"Feature"},{"geometry":{"coordinates":[10.277658000000001,59.066952999999998],"type":"Point"},"id":"swimspot-ut-146891024","properties":{"description":"Turområde med badeplasser. Dette turmålet er merket med støtte fra vår Turpartner Norsk Tipping - tusen takk!","elevation":14,"name":"Grubesand","source":"UT.no\/DNT"},"type":"Feature"},{"geometry":{"coordinates":[10.611235000000001,60.258915000000002],"type":"Point"},"id":"swimspot-ut-146891025","properties":{"description":"Badeplassen på Svea er et familievennlig område med stupetårn, flytebrygge, omkledningsrom, utedo og parkeringsplasser. Stupetårnet sto ferdig i 2021 (og erstattet det gamle fra 1992) og har tre nivåer: en og en halv meter, fire meter og sj...","elevation":480,"name":"Svea badeplass","source":"UT.no\/DNT"},"type":"Feature"}],"generator":"Trakke fetch_utno_poi.swift","timestamp":"2026-08-10T00:27:31Z","type":"FeatureCollection"}