{"type":"FeatureCollection","generator":"CCW OSM beach v1","timestamp":"2026-05-14T13:34:32.242645Z","attribution":"OpenStreetMap contributors (ODbL)","features":[{"type":"Feature","id":"beach-ut-144955002","geometry":{"type":"Point","coordinates":[8.77293,61.338405]},"properties":{"name":"Heimre Fagerdalstjern, Vang","description":"Har du lyst på en badeplass som ligger høyt til fjells, 1219 moh, og litt utenfor allfarvei så kan denne være noe, men høye badetempraturer kan vi ikke garantere Langgrunn grusstrand i sydøstenden av vannet.","elevation":"1221","source":"UT.no/DNT"}},{"type":"Feature","id":"beach-ut-145587291","geometry":{"type":"Point","coordinates":[5.550808,58.686619]},"properties":{"name":"Refsnes","description":"Refsnesstranda er en ca 750 m sandstrand, ei relativt kort turstrand, men du kan krysse Salteåna ved søndre del av stranda, og komme over på Nærlandstranda.","elevation":"2","source":"UT.no/DNT"}},{"type":"Feature","id":"beach-ut-143392","geometry":{"type":"Point","coordinates":[9.565158,59.011265]},"properties":{"name":"Bamblevann","description":"På badeplassen ved Bamblevann finner du strand med badebrygge og stupetårn, stor fin gresslette for ballspill og andre aktiviteter, griller og utedo.","elevation":"27","source":"UT.no/DNT"}},{"type":"Feature","id":"beach-ut-145587296","geometry":{"type":"Point","coordinates":[5.865312,58.471644]},"properties":{"name":"Mastrasanden","description":"Langrunn sandstrand (ca 150 m Parkering ca 15 min Merket sti Toalett og renovasjon Mastrasanden er del av en privat eiendom.","elevation":"2","source":"UT.no/DNT"}},{"type":"Feature","id":"beach-ut-145437963","geometry":{"type":"Point","coordinates":[7.007673,58.506881]},"properties":{"name":"Myglandstjønna","description":"Fin lita strand i vestre ende av Myglandstjønn som ligger 27 km nord fra sentrum i Kvinesdal, langs Fv 42 mot Tonstad.","elevation":"337","source":"UT.no/DNT"}},{"type":"Feature","id":"beach-ut-146246748","geometry":{"type":"Point","coordinates":[9.295735,62.83667]},"properties":{"name":"Rasteplass i Svartådalen","description":"Liten strand ved elva i Svartådalen, hvor det er fint for et avkjølende bad på varme sommeerdager med lite vannføring.","elevation":"604","source":"UT.no/DNT"}},{"type":"Feature","id":"beach-ut-145284047","geometry":{"type":"Point","coordinates":[10.214339,63.328938]},"properties":{"name":"Øysanden","description":"Mot vest på Øysand i Melhus ligger det en to kilometer lang sandstrand ved Gaulosen, en arm av Trondheimsfjorden.","elevation":"2","source":"UT.no/DNT"}},{"type":"Feature","id":"beach-ut-146140919","geometry":{"type":"Point","coordinates":[14.568799,67.323401]},"properties":{"name":"Steinmoen","description":"Steinmoen ved Soløyvatnet er ei barnevennlig og fin strand i umiddelbar nærhet til Soløyvannsvegen.","elevation":"48","source":"UT.no/DNT"}},{"type":"Feature","id":"beach-ut-144945669","geometry":{"type":"Point","coordinates":[9.279833,60.972352]},"properties":{"name":"Leirasanden badeplass og friluftsområde","description":"Lett tilgjenngelig badeplass med strand og knauser, med områder som kan utforskes av liten og stor.","elevation":"356","source":"UT.no/DNT"}},{"type":"Feature","id":"beach-ut-145562542","geometry":{"type":"Point","coordinates":[10.367975,59.171572]},"properties":{"name":"Småvik, ved Tenvik","description":"Småvik er en liten offentlig strand som ligger sydvendt like sør for p-plassen på Tenvik båthavn.","elevation":"1","source":"UT.no/DNT"}},{"type":"Feature","id":"beach-ut-145284045","geometry":{"type":"Point","coordinates":[10.6415,63.442963]},"properties":{"name":"Vikhammerløkka","description":"På Vikhammerløkka er det store åpne flater med mange fine bademuligheter fra berg og på strand.","elevation":"1","source":"UT.no/DNT"}},{"type":"Feature","id":"beach-ut-145587307","geometry":{"type":"Point","coordinates":[5.911832,58.456685]},"properties":{"name":"Skadbergsanden","description":"Bade og turområde Frisbeegolf Toalett og renovasjon Langgrunn sandstrand Parkering Ballplass","elevation":"1","source":"UT.no/DNT"}},{"type":"Feature","id":"beach-ut-145284036","geometry":{"type":"Point","coordinates":[9.391591,62.696137]},"properties":{"name":"Rauøra","description":"Rauøra, også kalt Gullkysten, er en enorm sandstrand ved Gjevilvassvatnet i Gjevilvassdalen.","elevation":"660","source":"UT.no/DNT"}},{"type":"Feature","id":"beach-ut-146889770","geometry":{"type":"Point","coordinates":[10.770894,59.867171]},"properties":{"name":"Sydstranden på Ulvøya","description":"Sydstranden helt sør på Ulvøya har sandstrand, stupetårn, flytebrygge, kiosk og toaletter.","elevation":"1","source":"UT.no/DNT"}},{"type":"Feature","id":"beach-ut-141750","geometry":{"type":"Point","coordinates":[10.303459,59.726271]},"properties":{"name":"Engersand friluftsområde","description":"Statlig sikret friluftsområde med masse flotte badeplasser, både sandstrand og svaberg.","elevation":"8","source":"UT.no/DNT"}},{"type":"Feature","id":"beach-ut-145587368","geometry":{"type":"Point","coordinates":[5.305149,60.365749]},"properties":{"name":"Krohnegården","description":"Fint tilrettelagt badeområde med sandstrand, oppholdsareal og badeflåte i Storavatnet.","elevation":"147","source":"UT.no/DNT"}},{"type":"Feature","id":"beach-ut-142780260","geometry":{"type":"Point","coordinates":[11.610703,60.374439]},"properties":{"name":"Bukkeneset","description":"Gode parkeringsmuligheter, badeplass med toalett, grill, strand og sandvolleyballbane","elevation":"132","source":"UT.no/DNT"}},{"type":"Feature","id":"beach-ut-145450845","geometry":{"type":"Point","coordinates":[9.843345,61.198755]},"properties":{"name":"Sandstranda ved Dokkvatnet","description":"Nydelig sandstrand i sør-øst av Dokkvatnet og med utsikt over til Ormtjønnkampen.","elevation":"778","source":"UT.no/DNT"}},{"type":"Feature","id":"beach-ut-146889656","geometry":{"type":"Point","coordinates":[8.681169,61.860998]},"properties":{"name":"Liabrua","description":"Liabrua På Liabrua er det fin sandstrand og fine førehand for å ta seg eit bad.","elevation":"363","source":"UT.no/DNT"}},{"type":"Feature","id":"beach-ut-145062938","geometry":{"type":"Point","coordinates":[13.212498,64.9857]},"properties":{"name":"Frøyningen","description":"Herlig badeplass med både brygge og strand ved Naustbukta i vatnet Frøyningen.","elevation":"253","source":"UT.no/DNT"}},{"type":"Feature","id":"beach-ut-146889610","geometry":{"type":"Point","coordinates":[10.382778,59.541161]},"properties":{"name":"Bergerbukta","description":"Bergerbukta er en bukt med sandstrand omgitt av boliger, en park og en marina.","elevation":"1","source":"UT.no/DNT"}},{"type":"Feature","id":"beach-ut-145508540","geometry":{"type":"Point","coordinates":[10.559028,59.698726]},"properties":{"name":"Tåjebukta strand","description":"Fin strand i le for alle vindretninger på grunn av omfattende bryggeanlegg.","elevation":"3","source":"UT.no/DNT"}},{"type":"Feature","id":"beach-ut-145356120","geometry":{"type":"Point","coordinates":[5.195837,59.249673]},"properties":{"name":"Åkrasanden","description":"Flott strand, og fin tursti langs hele Åkrasanden og til Ferkingstad havn.","elevation":"2","source":"UT.no/DNT"}},{"type":"Feature","id":"beach-ut-141739","geometry":{"type":"Point","coordinates":[9.639709,58.960673]},"properties":{"name":"Rakkestadstranda","description":"Rakkestadstranda er et friområde med en flott langgrund sandstrand.","elevation":"1","source":"UT.no/DNT"}},{"type":"Feature","id":"beach-ut-145251130","geometry":{"type":"Point","coordinates":[10.718289,59.870732]},"properties":{"name":"Langøyene badeplass","description":"Badeanlegg med stor sandstrand, flytebrygge, HC-rampe og badebinge.","elevation":"1","source":"UT.no/DNT"}},{"type":"Feature","id":"beach-ut-144920304","geometry":{"type":"Point","coordinates":[7.981353,58.100872]},"properties":{"name":"Møvikstranda","description":"En trivelig liten strand der du kan kose deg med bading og soling.","elevation":"1","source":"UT.no/DNT"}},{"type":"Feature","id":"beach-ut-146888950","geometry":{"type":"Point","coordinates":[9.592343,58.963913]},"properties":{"name":"Haukedalsstranda","description":"Haukedalsstranda er ei lita strand i sør-enden av Haukedalsvannet.","elevation":"21","source":"UT.no/DNT"}},{"type":"Feature","id":"beach-ut-145519733","geometry":{"type":"Point","coordinates":[10.555255,59.719089]},"properties":{"name":"Stranda i Nordbukta på Håøya","description":"En stor strand i Nordbukta (eller Djupebukta) helt nord på Håøya.","elevation":"1","source":"UT.no/DNT"}},{"type":"Feature","id":"beach-ut-146427787","geometry":{"type":"Point","coordinates":[6.04743,62.563605]},"properties":{"name":"Blimsanden","description":"En stor hvit strand hvor du kan kjøre bilen helt ned på stranden.","elevation":"1","source":"UT.no/DNT"}},{"type":"Feature","id":"beach-ut-146270594","geometry":{"type":"Point","coordinates":[9.882879,62.521896]},"properties":{"name":"Strand ved Orkelsjøen","description":"På nordsiden av Orkelsjøe finner du denne langstrakte stranden.","elevation":"1057","source":"UT.no/DNT"}},{"type":"Feature","id":"beach-ut-145344265","geometry":{"type":"Point","coordinates":[11.216636,59.929102]},"properties":{"name":"Heia","description":"Stor og åpen barnevennelig badeplass av litt strand og gress .","elevation":"183","source":"UT.no/DNT"}},{"type":"Feature","id":"beach-ut-143291","geometry":{"type":"Point","coordinates":[10.520954,59.305073]},"properties":{"name":"Strand i Essoskogen","description":"Liten, åpen strandlinje med utsikt til hele Ytre Oslofjord.","elevation":"1","source":"UT.no/DNT"}},{"type":"Feature","id":"beach-ut-145587330","geometry":{"type":"Point","coordinates":[5.560829,58.860484]},"properties":{"name":"Vigdel","description":"Fin liten strand, med mulighet til å finne le for vind.","elevation":"3","source":"UT.no/DNT"}},{"type":"Feature","id":"beach-ut-143290","geometry":{"type":"Point","coordinates":[10.373291,59.254121]},"properties":{"name":"Sandodden","description":"Strand med gode bål- og grillemuligheter nært vannet.","elevation":"3","source":"UT.no/DNT"}},{"type":"Feature","id":"beach-ut-145326363","geometry":{"type":"Point","coordinates":[11.250163,59.668609]},"properties":{"name":"Sandstangen","description":"Sandstangen er et unikt område med 1 km sandstrand.","elevation":"107","source":"UT.no/DNT"}},{"type":"Feature","id":"beach-ut-145587332","geometry":{"type":"Point","coordinates":[5.591909,59.019325]},"properties":{"name":"Sandestranden","description":"Sandstrand og sanddyner med marehalm og strandrug.","elevation":"2","source":"UT.no/DNT"}},{"type":"Feature","id":"beach-ut-145306523","geometry":{"type":"Point","coordinates":[14.6208,67.319612]},"properties":{"name":"Playa de Soløyvannet","description":"Bodøs kanskje mest berømte innenlands sandstrand.","elevation":"49","source":"UT.no/DNT"}},{"type":"Feature","id":"beach-ut-145562549","geometry":{"type":"Point","coordinates":[10.45514,59.206506]},"properties":{"name":"Ulvøtangen","description":"Liten behagelig strand med fine bademuligheter.","elevation":"1","source":"UT.no/DNT"}},{"type":"Feature","id":"beach-ut-146888985","geometry":{"type":"Point","coordinates":[9.719444,59.00953]},"properties":{"name":"Sandvika","description":"Sandvika har fin strand og god tilgjengelighet.","elevation":"1","source":"UT.no/DNT"}},{"type":"Feature","id":"beach-ut-146889764","geometry":{"type":"Point","coordinates":[10.675615,59.894769]},"properties":{"name":"Huk badeplass","description":"Huk og Hukodden friområde har store gress- og strandområder hvor det er muligheter for bading fra strand og badebrygger, soling, lek og grilling.","source":"UT.no/DNT"}},{"type":"Feature","id":"beach-ut-144954979","geometry":{"type":"Point","coordinates":[8.54427,61.13105]},"properties":{"name":"Bøflaten Camping, Vangsmjøsa","description":"Grusstrand med handicapbrygge og aktiviteter.","elevation":"466","source":"UT.no/DNT"}},{"type":"Feature","id":"beach-ut-145288421","geometry":{"type":"Point","coordinates":[12.023223,63.116264]},"properties":{"name":"Sandstrand ved Djupholma","description":"Elva Djupholma bærer sitt navn med rette.","elevation":"733","source":"UT.no/DNT"}},{"type":"Feature","id":"beach-ut-146888343","geometry":{"type":"Point","coordinates":[8.506149,59.033204]},"properties":{"name":"Årakodden badeplass","description":"Fin badeplass med både strand og svaberg","elevation":"247","source":"UT.no/DNT"}},{"type":"Feature","id":"beach-ut-144451216","geometry":{"type":"Point","coordinates":[10.66559,59.901875]},"properties":{"name":"Paradisbukta","description":"Badeplass med sandstrand på Bygdøy.","elevation":"1","source":"UT.no/DNT"}},{"type":"Feature","id":"beach-ut-146888342","geometry":{"type":"Point","coordinates":[8.509793,59.031266]},"properties":{"name":"Skavangrova badeplass","description":"Fin og stor badestrand med fin sand","elevation":"249","source":"UT.no/DNT"}},{"type":"Feature","id":"beach-ut-141741","geometry":{"type":"Point","coordinates":[9.685392,58.973184]},"properties":{"name":"Prisgrunn","description":"Fin strand og populært turområde.","elevation":"1","source":"UT.no/DNT"}},{"type":"Feature","id":"beach-ut-145283506","geometry":{"type":"Point","coordinates":[11.463638,60.15469]},"properties":{"name":"Sandstrand på Hennisand","description":"Populær sandstrand ved Glomma.","elevation":"120","source":"UT.no/DNT"}},{"type":"Feature","id":"beach-ut-141654","geometry":{"type":"Point","coordinates":[5.075362,60.647724]},"properties":{"name":"Hangaren ved Hallandsvatnet","description":"Badeplass ved fin sandstrand.","elevation":"15","source":"UT.no/DNT"}},{"type":"Feature","id":"beach-ut-146323412","geometry":{"type":"Point","coordinates":[9.575442,61.290788]},"properties":{"name":"Sandstranda ved Øvre Revsjøen","description":"Flott sandstrand 981 moh.","elevation":"981","source":"UT.no/DNT"}},{"type":"Feature","id":"beach-ut-146889757","geometry":{"type":"Point","coordinates":[10.666213,59.910885]},"properties":{"name":"Bygdøy sjøbad","description":"Badeplass med sandstrand.","elevation":"2","source":"UT.no/DNT"}},{"type":"Feature","id":"beach-ut-144920309","geometry":{"type":"Point","coordinates":[8.061987,58.119956]},"properties":{"name":"Dvergsnestangen","description":"Fin strand og svaberg.","elevation":"1","source":"UT.no/DNT"}},{"type":"Feature","id":"beach-ut-145587339","geometry":{"type":"Point","coordinates":[4.938552,60.655648]},"properties":{"name":"Uttoska","description":"Liten sandstrand.","elevation":"1","source":"UT.no/DNT"}},{"type":"Feature","id":"beach-ut-146889767","geometry":{"type":"Point","coordinates":[10.751045,59.900842]},"properties":{"name":"Sørenga sjøbad","description":"Sjøbad med badebrygge, stupetårn, svømmebasseng, sandstrand og gresskledte parkområder for rekreasjon og opphold.","source":"UT.no/DNT"}},{"type":"Feature","id":"beach-ut-146888983","geometry":{"type":"Point","coordinates":[9.706357,58.999617]},"properties":{"name":"Ormvika","description":"Ormvika (ytre) er ei lita vik med strand som ligger langs kyststien mellom Rognstranda og Hydrostranda.","source":"UT.no/DNT"}},{"type":"Feature","id":"beach-ut-144920310","geometry":{"type":"Point","coordinates":[8.010529,58.087472]},"properties":{"name":"Krageviga","description":"Kragevik på Flekkerøy ligger det både sandstrand, svaberg, et stort gressområde og brygger.","source":"UT.no/DNT"}},{"type":"Feature","id":"beach-ut-146424016","geometry":{"type":"Point","coordinates":[5.494705,60.455562]},"properties":{"name":"Sanatoriet","description":"Badeplass med sandstrand med utsettingsbrygge for kanoer i Sanatoriet friluftsområde.","source":"UT.no/DNT"}},{"type":"Feature","id":"beach-ut-144920308","geometry":{"type":"Point","coordinates":[8.046857,58.177362]},"properties":{"name":"Paradisbukta, Fagerholt","description":"På Fagerholt finner du Paradisbukta, med både svaberg, gressplass og sandstrand.","source":"UT.no/DNT"}},{"type":"Feature","id":"beach-ut-145587324","geometry":{"type":"Point","coordinates":[5.458831,60.450525]},"properties":{"name":"Garnes","description":"Mye benyttet badeområde med stor, barnevennlig strand og romslig gresslette.","source":"UT.no/DNT"}},{"type":"Feature","id":"beach-ut-145587304","geometry":{"type":"Point","coordinates":[5.839465,58.930514]},"properties":{"name":"Breivik","description":"En nydelig sandstrand, der det er båthavn og flotte omgivelser.","source":"UT.no/DNT"}},{"type":"Feature","id":"beach-ut-146117855","geometry":{"type":"Point","coordinates":[5.110571,60.451219]},"properties":{"name":"Kollevåg","description":"Stor strand i Vestrevågen i Kollevåg friluftslivsområde.","source":"UT.no/DNT"}},{"type":"Feature","id":"beach-ut-145587278","geometry":{"type":"Point","coordinates":[5.325604,60.381939]},"properties":{"name":"Marineholmen Sandstrand","description":"Sandstranden på Marineholmen er et privat initiativ.","source":"UT.no/DNT"}},{"type":"Feature","id":"beach-ut-145587316","geometry":{"type":"Point","coordinates":[6.022081,59.022968]},"properties":{"name":"Nordlys","description":"Strand kun 15 minutters gange fra Jørpland sentrum.","source":"UT.no/DNT"}},{"type":"Feature","id":"beach-ut-145587290","geometry":{"type":"Point","coordinates":[5.568054,58.870084]},"properties":{"name":"Ølbergstranda","description":"Ølbergstranda er en familievennlig strand.","source":"UT.no/DNT"}},{"type":"Feature","id":"beach-ut-145587363","geometry":{"type":"Point","coordinates":[5.295498,60.423198]},"properties":{"name":"Biskobshavn","description":"Liten landgrunn sandstrand egnet for barn.","source":"UT.no/DNT"}},{"type":"Feature","id":"beach-ut-145587306","geometry":{"type":"Point","coordinates":[5.788263,59.143513]},"properties":{"name":"Kvidevik","description":"Sandstrand og svaberg i øst og vest.","source":"UT.no/DNT"}},{"type":"Feature","id":"beach-ut-145587321","geometry":{"type":"Point","coordinates":[15.049686,67.967942]},"properties":{"name":"Bøsanden","description":"Flott stor sandstrand, langrundt.","source":"UT.no/DNT"}},{"type":"Feature","id":"beach-ut-145587341","geometry":{"type":"Point","coordinates":[5.232408,60.454058]},"properties":{"name":"Solnes","description":"Badepoll med små sandstrender.","source":"UT.no/DNT"}},{"type":"Feature","id":"beach-ut-145587340","geometry":{"type":"Point","coordinates":[4.777612,60.817553]},"properties":{"name":"Sauøy","description":"Badevik med sandstrand.","source":"UT.no/DNT"}},{"type":"Feature","id":"beach-ut-145587381","geometry":{"type":"Point","coordinates":[5.257787,60.484931]},"properties":{"name":"Toppesanden","description":"Liten naturlig strand.","source":"UT.no/DNT"}},{"type":"Feature","id":"beach-ut-145587337","geometry":{"type":"Point","coordinates":[4.918015,60.688977]},"properties":{"name":"Byngja","description":"Badepoll med sand.","source":"UT.no/DNT"}},{"type":"Feature","id":"beach-ut-146408046","geometry":{"type":"Point","coordinates":[5.966876,62.486615]},"properties":{"name":"Sandvika strand","elevation":"4","source":"UT.no/DNT"}},{"type":"Feature","id":"beach-osm-way-1500653186","geometry":{"type":"Point","coordinates":[10.664191,59.903759]},"properties":{"name":"Homolulu","description":"Unofficial gay nudist beach.","source":"OpenStreetMap"}},{"type":"Feature","id":"beach-osm-node-12879566482","geometry":{"type":"Point","coordinates":[6.213921,61.774963]},"properties":{"name":"Grandeparken","description":"Public park area with shallow waters, benches, grass and trees for shade.","source":"OpenStreetMap"}},{"type":"Feature","id":"beach-osm-way-32547154","geometry":{"type":"Point","coordinates":[10.671957,59.896251]},"properties":{"name":"Huk naturiststrand","description":"clothing-optional beach (FKK)","source":"OpenStreetMap"}},{"type":"Feature","id":"beach-osm-node-4586255365","geometry":{"type":"Point","coordinates":[10.633412,59.648305]},"properties":{"name":"Seilbrett-utsetting","description":"Windsuring area.","source":"OpenStreetMap"}},{"type":"Feature","id":"beach-osm-node-7373436140","geometry":{"type":"Point","coordinates":[14.458189,67.319726]},"properties":{"name":"Bremnesstranda","description":"Bremnesstranda.","source":"OpenStreetMap"}},{"type":"Feature","id":"beach-osm-node-9428517842","geometry":{"type":"Point","coordinates":[8.731651,59.880462]},"properties":{"name":"Flytande badstue","description":"flytende badstuer på Kvitåvatn med magisk utsikt mot Gaustatoppen.","source":"OpenStreetMap"}},{"type":"Feature","id":"beach-osm-node-10725656280","geometry":{"type":"Point","coordinates":[5.836485,62.310135]},"properties":{"name":"Tjeldeneset","description":"Point.","source":"OpenStreetMap"}},{"type":"Feature","id":"beach-osm-node-8393781340","geometry":{"type":"Point","coordinates":[9.718382,63.723212]},"properties":{"name":"Rusasetvatnet flytebrygge","description":"Swimming access from floating pier","source":"OpenStreetMap"}},{"type":"Feature","id":"beach-osm-way-491788577","geometry":{"type":"Point","coordinates":[10.432422,63.449967]},"properties":{"name":"Korsvika","description":"A small beach that is often littered with small plastic waste, Q-tips among others.","source":"OpenStreetMap"}},{"type":"Feature","id":"beach-osm-way-987637176","geometry":{"type":"Point","coordinates":[10.678736,60.822808]},"properties":{"name":"Glomstadbukta","description":"Naturist beach","source":"OpenStreetMap"}},{"type":"Feature","id":"beach-osm-relation-20106862","geometry":{"type":"Point","coordinates":[10.512912,63.436249]},"properties":{"name":"Grilstadstranda","description":"Underlag: sand","source":"OpenStreetMap"}},{"type":"Feature","id":"beach-osm-relation-18988346","geometry":{"type":"Point","coordinates":[6.14418,58.948781]},"properties":{"name":"Dørvika","description":"Underlag: sand","source":"OpenStreetMap"}},{"type":"Feature","id":"beach-osm-node-8681092668","geometry":{"type":"Point","coordinates":[7.163544,60.895139]},"properties":{"name":"Lialandet","source":"OpenStreetMap"}},{"type":"Feature","id":"beach-osm-node-8681112519","geometry":{"type":"Point","coordinates":[7.153581,60.884011]},"properties":{"name":"Hund","source":"OpenStreetMap"}},{"type":"Feature","id":"beach-osm-way-26276242","geometry":{"type":"Point","coordinates":[7.430543,58.016968]},"properties":{"name":"Storebanken","description":"Underlag: sand","source":"OpenStreetMap"}},{"type":"Feature","id":"beach-osm-way-37601556","geometry":{"type":"Point","coordinates":[7.434103,58.0149]},"properties":{"name":"Spindsbo","description":"Underlag: sand","source":"OpenStreetMap"}},{"type":"Feature","id":"beach-osm-way-975991567","geometry":{"type":"Point","coordinates":[5.184062,59.232217]},"properties":{"name":"Stavasanden","source":"OpenStreetMap"}},{"type":"Feature","id":"beach-osm-relation-10928014","geometry":{"type":"Point","coordinates":[7.44976,58.019526]},"properties":{"name":"Sjøsanden","description":"Underlag: sand","source":"OpenStreetMap"}},{"type":"Feature","id":"beach-osm-relation-14242614","geometry":{"type":"Point","coordinates":[16.711706,68.458635]},"properties":{"name":"Evenesvika","description":"Underlag: sand","source":"OpenStreetMap"}},{"type":"Feature","id":"beach-osm-relation-20033939","geometry":{"type":"Point","coordinates":[17.896883,69.560402]},"properties":{"name":"Laukvik","description":"Underlag: sand","source":"OpenStreetMap"}},{"type":"Feature","id":"beach-osm-node-9162019023","geometry":{"type":"Point","coordinates":[10.410017,60.676111]},"properties":{"name":"Vassendlandet","source":"OpenStreetMap"}},{"type":"Feature","id":"beach-osm-way-26276241","geometry":{"type":"Point","coordinates":[7.437288,58.014924]},"properties":{"name":"Kanelstranda","description":"Underlag: sand","source":"OpenStreetMap"}},{"type":"Feature","id":"beach-osm-way-26276243","geometry":{"type":"Point","coordinates":[7.430249,58.019269]},"properties":{"name":"Lillebanken","description":"Underlag: sand","source":"OpenStreetMap"}},{"type":"Feature","id":"beach-osm-way-391094588","geometry":{"type":"Point","coordinates":[6.075735,62.359992]},"properties":{"name":"Overasanden","description":"Underlag: sand","source":"OpenStreetMap"}},{"type":"Feature","id":"beach-osm-way-394753928","geometry":{"type":"Point","coordinates":[5.849237,62.402171]},"properties":{"name":"Flømolostrand","description":"Underlag: sand","source":"OpenStreetMap"}},{"type":"Feature","id":"beach-osm-way-669928936","geometry":{"type":"Point","coordinates":[10.90062,59.185354]},"properties":{"name":"Enhus","description":"Underlag: sand","source":"OpenStreetMap"}},{"type":"Feature","id":"beach-osm-way-1082575524","geometry":{"type":"Point","coordinates":[11.58061,65.041712]},"properties":{"name":"Årdalssanden","description":"Underlag: sand","source":"OpenStreetMap"}},{"type":"Feature","id":"beach-osm-relation-17908293","geometry":{"type":"Point","coordinates":[28.076034,70.498485]},"properties":{"name":"Rullesteinsfjæra","description":"Underlag: gravel","source":"OpenStreetMap"}},{"type":"Feature","id":"beach-osm-relation-20004216","geometry":{"type":"Point","coordinates":[10.828226,59.172847]},"properties":{"name":"Helleskilen","description":"Underlag: sand","source":"OpenStreetMap"}},{"type":"Feature","id":"beach-osm-node-293400220","geometry":{"type":"Point","coordinates":[10.659656,59.870607]},"properties":{"name":"Badeodden","description":"Underlag: rock","source":"OpenStreetMap"}},{"type":"Feature","id":"beach-osm-node-2735789558","geometry":{"type":"Point","coordinates":[10.654912,59.868267]},"properties":{"name":"Hornstranda","description":"Underlag: sand","source":"OpenStreetMap"}},{"type":"Feature","id":"beach-osm-way-26260378","geometry":{"type":"Point","coordinates":[7.440919,58.016016]},"properties":{"name":"Lordens","description":"Underlag: sand","source":"OpenStreetMap"}},{"type":"Feature","id":"beach-osm-way-26276240","geometry":{"type":"Point","coordinates":[7.440578,58.014653]},"properties":{"name":"Stumpestrendene","description":"Underlag: sand","source":"OpenStreetMap"}},{"type":"Feature","id":"beach-osm-way-141698136","geometry":{"type":"Point","coordinates":[10.665898,59.910371]},"properties":{"name":"Bygdøy sjøbad","source":"OpenStreetMap"}},{"type":"Feature","id":"beach-osm-way-508758540","geometry":{"type":"Point","coordinates":[17.398407,69.482116]},"properties":{"name":"Ersfjord beach","description":"Underlag: sand","source":"OpenStreetMap"}},{"type":"Feature","id":"beach-osm-way-830800014","geometry":{"type":"Point","coordinates":[10.751296,60.38344]},"properties":{"name":"Leirfallet","description":"Underlag: sand","source":"OpenStreetMap"}},{"type":"Feature","id":"beach-osm-way-1315548457","geometry":{"type":"Point","coordinates":[6.00944,58.520331]},"properties":{"name":"Gådå badeplass","source":"OpenStreetMap"}},{"type":"Feature","id":"beach-osm-way-1317850925","geometry":{"type":"Point","coordinates":[11.083278,59.680651]},"properties":{"name":"Granodden badeplass","description":"Underlag: sand","source":"OpenStreetMap"}},{"type":"Feature","id":"beach-osm-way-1418696258","geometry":{"type":"Point","coordinates":[10.680486,60.937826]},"properties":{"name":"Boligvika Badeplass","source":"OpenStreetMap"}},{"type":"Feature","id":"beach-osm-way-1423662792","geometry":{"type":"Point","coordinates":[10.646277,59.980908]},"properties":{"name":"Strømsdammen Badeplass","description":"Underlag: sand","source":"OpenStreetMap"}},{"type":"Feature","id":"beach-osm-relation-5596833","geometry":{"type":"Point","coordinates":[13.527143,68.197984]},"properties":{"name":"Hauklandstranda","description":"Underlag: sand","source":"OpenStreetMap"}},{"type":"Feature","id":"beach-osm-relation-5596834","geometry":{"type":"Point","coordinates":[13.081935,68.072505]},"properties":{"name":"Vestervika","description":"Underlag: sand","source":"OpenStreetMap"}},{"type":"Feature","id":"beach-osm-relation-5596835","geometry":{"type":"Point","coordinates":[13.09581,68.077025]},"properties":{"name":"Kvalvika","description":"Underlag: sand","source":"OpenStreetMap"}},{"type":"Feature","id":"beach-osm-relation-5725122","geometry":{"type":"Point","coordinates":[6.712597,58.068267]},"properties":{"name":"Hanangersanden","description":"Underlag: sand","source":"OpenStreetMap"}},{"type":"Feature","id":"beach-osm-relation-5725123","geometry":{"type":"Point","coordinates":[6.733154,58.065825]},"properties":{"name":"Skiphaugsanden","description":"Underlag: sand","source":"OpenStreetMap"}},{"type":"Feature","id":"beach-osm-relation-5814167","geometry":{"type":"Point","coordinates":[6.774077,58.067192]},"properties":{"name":"Husebysanden","description":"Underlag: sand","source":"OpenStreetMap"}},{"type":"Feature","id":"beach-osm-relation-5837097","geometry":{"type":"Point","coordinates":[6.757292,58.066378]},"properties":{"name":"Falkhaugsanden","description":"Underlag: sand","source":"OpenStreetMap"}},{"type":"Feature","id":"beach-osm-relation-7439957","geometry":{"type":"Point","coordinates":[13.508925,68.213748]},"properties":{"name":"Uttakleivstranda","source":"OpenStreetMap"}},{"type":"Feature","id":"beach-osm-relation-7536398","geometry":{"type":"Point","coordinates":[14.51798,67.343864]},"properties":{"name":"Geitvågstranda","description":"Underlag: sand.","source":"OpenStreetMap"}},{"type":"Feature","id":"beach-osm-relation-8878449","geometry":{"type":"Point","coordinates":[15.998457,68.410546]},"properties":{"name":"Bankfjæra","description":"Underlag: sand","source":"OpenStreetMap"}},{"type":"Feature","id":"beach-osm-relation-14032233","geometry":{"type":"Point","coordinates":[10.053056,59.035837]},"properties":{"name":"Hvittensand","description":"Underlag: sand","source":"OpenStreetMap"}},{"type":"Feature","id":"beach-osm-relation-18532685","geometry":{"type":"Point","coordinates":[14.576366,67.407778]},"properties":{"name":"Hovdsundet","description":"Underlag: sand","source":"OpenStreetMap"}},{"type":"Feature","id":"beach-osm-node-2354300443","geometry":{"type":"Point","coordinates":[27.711128,71.113467]},"properties":{"name":"Mola","source":"OpenStreetMap"}},{"type":"Feature","id":"beach-osm-node-2354718161","geometry":{"type":"Point","coordinates":[28.076311,71.046942]},"properties":{"name":"Langstranda","source":"OpenStreetMap"}},{"type":"Feature","id":"beach-osm-node-5679164703","geometry":{"type":"Point","coordinates":[6.863689,58.128748]},"properties":{"name":"Laulandsstronda","source":"OpenStreetMap"}},{"type":"Feature","id":"beach-osm-node-11165602176","geometry":{"type":"Point","coordinates":[14.905489,67.660592]},"properties":{"name":"Langstranda","source":"OpenStreetMap"}},{"type":"Feature","id":"beach-osm-node-11981162894","geometry":{"type":"Point","coordinates":[10.763324,59.865641]},"properties":{"name":"Sundveien badeplass","description":"Underlag: gravel","source":"OpenStreetMap"}},{"type":"Feature","id":"beach-osm-node-12726152506","geometry":{"type":"Point","coordinates":[8.670156,58.624011]},"properties":{"name":"Osbu beach","description":"Underlag: sand","source":"OpenStreetMap"}},{"type":"Feature","id":"beach-osm-node-12922349825","geometry":{"type":"Point","coordinates":[17.104678,69.383248]},"properties":{"name":"Ballesvika","description":"Underlag: sand","source":"OpenStreetMap"}},{"type":"Feature","id":"beach-osm-way-29429932","geometry":{"type":"Point","coordinates":[10.645642,59.429115]},"properties":{"name":"Fiskestranda","description":"Underlag: sand","source":"OpenStreetMap"}},{"type":"Feature","id":"beach-osm-way-29429936","geometry":{"type":"Point","coordinates":[10.642587,59.428066]},"properties":{"name":"Vårlistranda","description":"Underlag: sand","source":"OpenStreetMap"}},{"type":"Feature","id":"beach-osm-way-29429938","geometry":{"type":"Point","coordinates":[10.638774,59.426139]},"properties":{"name":"Sølystranda","description":"Underlag: sand","source":"OpenStreetMap"}},{"type":"Feature","id":"beach-osm-way-61966555","geometry":{"type":"Point","coordinates":[6.700177,58.066046]},"properties":{"name":"Kviljoodden","description":"Underlag: sand","source":"OpenStreetMap"}},{"type":"Feature","id":"beach-osm-way-163605602","geometry":{"type":"Point","coordinates":[9.84244,58.988661]},"properties":{"name":"Sandvika","description":"Underlag: sand.","source":"OpenStreetMap"}},{"type":"Feature","id":"beach-osm-way-172517274","geometry":{"type":"Point","coordinates":[8.007349,58.146]},"properties":{"name":"Bystranda","description":"Underlag: sand","source":"OpenStreetMap"}},{"type":"Feature","id":"beach-osm-way-183400336","geometry":{"type":"Point","coordinates":[9.842276,58.984644]},"properties":{"name":"Omlidstranda","description":"Underlag: sand.","source":"OpenStreetMap"}},{"type":"Feature","id":"beach-osm-way-183400337","geometry":{"type":"Point","coordinates":[9.842438,58.981478]},"properties":{"name":"Skitnerødstranda","description":"Underlag: sand.","source":"OpenStreetMap"}},{"type":"Feature","id":"beach-osm-way-190872038","geometry":{"type":"Point","coordinates":[9.861853,58.96488]},"properties":{"name":"Gurvika","description":"Underlag: sand","source":"OpenStreetMap"}},{"type":"Feature","id":"beach-osm-way-433018579","geometry":{"type":"Point","coordinates":[9.839748,58.988526]},"properties":{"name":"Omlidrogn","description":"Underlag: sand.","source":"OpenStreetMap"}},{"type":"Feature","id":"beach-osm-way-436801594","geometry":{"type":"Point","coordinates":[11.145692,59.985974]},"properties":{"name":"Stampetjernet Stranden","description":"Underlag: sand","source":"OpenStreetMap"}},{"type":"Feature","id":"beach-osm-way-460893225","geometry":{"type":"Point","coordinates":[11.12646,60.325437]},"properties":{"name":"Prestsand","description":"Underlag: sand,grass","source":"OpenStreetMap"}},{"type":"Feature","id":"beach-osm-way-585758300","geometry":{"type":"Point","coordinates":[7.535046,58.008126]},"properties":{"name":"Åmlandsstranda","description":"Underlag: sand","source":"OpenStreetMap"}},{"type":"Feature","id":"beach-osm-way-585762532","geometry":{"type":"Point","coordinates":[7.400494,58.010804]},"properties":{"name":"Dørje","source":"OpenStreetMap"}},{"type":"Feature","id":"beach-osm-way-687331614","geometry":{"type":"Point","coordinates":[10.545239,59.886281]},"properties":{"name":"Naturiststranden","description":"Underlag: sand","source":"OpenStreetMap"}},{"type":"Feature","id":"beach-osm-way-828531755","geometry":{"type":"Point","coordinates":[8.389547,58.213675]},"properties":{"name":"Stranda","description":"Underlag: sand","source":"OpenStreetMap"}},{"type":"Feature","id":"beach-osm-way-890929169","geometry":{"type":"Point","coordinates":[10.851818,60.071292]},"properties":{"name":"Høldippelen","source":"OpenStreetMap"}},{"type":"Feature","id":"beach-osm-way-1162480002","geometry":{"type":"Point","coordinates":[9.26896,59.284773]},"properties":{"name":"Ulefoss","description":"Underlag: sand","source":"OpenStreetMap"}},{"type":"Feature","id":"beach-osm-way-1190921805","geometry":{"type":"Point","coordinates":[10.044581,59.597112]},"properties":{"name":"Gataland","description":"Underlag: sand","source":"OpenStreetMap"}},{"type":"Feature","id":"beach-osm-way-1384013745","geometry":{"type":"Point","coordinates":[7.168052,59.002122]},"properties":{"name":"Rågeloni Beach","description":"Underlag: sand","source":"OpenStreetMap"}},{"type":"Feature","id":"beach-osm-way-1426820353","geometry":{"type":"Point","coordinates":[14.141025,66.33405]},"properties":{"name":"Vikaleira","description":"Underlag: sand","source":"OpenStreetMap"}},{"type":"Feature","id":"beach-osm-way-1463611978","geometry":{"type":"Point","coordinates":[5.965649,60.197068]},"properties":{"name":"Vikasanden","description":"Underlag: sand","source":"OpenStreetMap"}},{"type":"Feature","id":"beach-osm-way-1488666104","geometry":{"type":"Point","coordinates":[10.930364,59.136518]},"properties":{"name":"Tangen","description":"Underlag: sand","source":"OpenStreetMap"}},{"type":"Feature","id":"beach-osm-relation-5171080","geometry":{"type":"Point","coordinates":[10.88063,63.471021]},"properties":{"name":"Storvika","description":"Underlag: sand","source":"OpenStreetMap"}},{"type":"Feature","id":"beach-osm-relation-5596839","geometry":{"type":"Point","coordinates":[13.538136,68.191927]},"properties":{"name":"Vikbukta strand","description":"Underlag: sand","source":"OpenStreetMap"}},{"type":"Feature","id":"beach-osm-relation-5597077","geometry":{"type":"Point","coordinates":[13.292618,68.106583]},"properties":{"name":"Skagsanden","source":"OpenStreetMap"}},{"type":"Feature","id":"beach-osm-relation-5725125","geometry":{"type":"Point","coordinates":[6.729663,58.064468]},"properties":{"name":"Haviksanden","description":"Underlag: sand","source":"OpenStreetMap"}},{"type":"Feature","id":"beach-osm-relation-6383470","geometry":{"type":"Point","coordinates":[5.825398,62.343978]},"properties":{"name":"Osnesanden","description":"Underlag: sand","source":"OpenStreetMap"}},{"type":"Feature","id":"beach-osm-relation-6383471","geometry":{"type":"Point","coordinates":[5.826476,62.347036]},"properties":{"name":"Osnesanden","description":"Underlag: sand","source":"OpenStreetMap"}},{"type":"Feature","id":"beach-osm-relation-8392576","geometry":{"type":"Point","coordinates":[6.686696,58.069916]},"properties":{"name":"Kviljosanden","description":"Underlag: sand","source":"OpenStreetMap"}},{"type":"Feature","id":"beach-osm-relation-12310407","geometry":{"type":"Point","coordinates":[19.672678,69.815767]},"properties":{"name":"Mola - Moalut","source":"OpenStreetMap"}},{"type":"Feature","id":"beach-osm-relation-13884410","geometry":{"type":"Point","coordinates":[6.79511,58.06492]},"properties":{"name":"Lomsesanden","description":"Underlag: sand","source":"OpenStreetMap"}},{"type":"Feature","id":"beach-osm-relation-15747976","geometry":{"type":"Point","coordinates":[9.908704,59.017134]},"properties":{"name":"Hallestranda","description":"Underlag: sand.","source":"OpenStreetMap"}},{"type":"Feature","id":"beach-osm-relation-16569375","geometry":{"type":"Point","coordinates":[5.604666,59.023977]},"properties":{"name":"Harestad stranden","description":"Underlag: sand","source":"OpenStreetMap"}},{"type":"Feature","id":"beach-osm-relation-16642501","geometry":{"type":"Point","coordinates":[5.59905,58.884836]},"properties":{"name":"Solastranden","description":"Underlag: sand","source":"OpenStreetMap"}},{"type":"Feature","id":"beach-osm-relation-18421253","geometry":{"type":"Point","coordinates":[10.141319,63.425008]},"properties":{"name":"Buktafjæra","description":"Underlag: sand","source":"OpenStreetMap"}},{"type":"Feature","id":"beach-osm-relation-18447131","geometry":{"type":"Point","coordinates":[15.053407,67.969504]},"properties":{"name":"Bøsanden","description":"Underlag: sand","source":"OpenStreetMap"}},{"type":"Feature","id":"beach-osm-relation-18611065","geometry":{"type":"Point","coordinates":[14.604585,68.243327]},"properties":{"name":"Stranda under fjellet","description":"Underlag: sand","source":"OpenStreetMap"}},{"type":"Feature","id":"beach-osm-relation-19469458","geometry":{"type":"Point","coordinates":[14.22352,67.164765]},"properties":{"name":"Langsanden","description":"Underlag: sand","source":"OpenStreetMap"}},{"type":"Feature","id":"beach-osm-node-798881317","geometry":{"type":"Point","coordinates":[11.086684,59.293783]},"properties":{"name":"Tunevannet","description":"Underlag: sand","source":"OpenStreetMap"}},{"type":"Feature","id":"beach-osm-node-807752425","geometry":{"type":"Point","coordinates":[10.436452,59.817704]},"properties":{"name":"Bondistranda","description":"Underlag: sand","source":"OpenStreetMap"}},{"type":"Feature","id":"beach-osm-node-1905900960","geometry":{"type":"Point","coordinates":[7.2725,60.8719]},"properties":{"name":"Terastrondi","source":"OpenStreetMap"}},{"type":"Feature","id":"beach-osm-node-2399476581","geometry":{"type":"Point","coordinates":[15.195551,68.640133]},"properties":{"name":"Sortland, Risvatnet","source":"OpenStreetMap"}},{"type":"Feature","id":"beach-osm-node-2498266802","geometry":{"type":"Point","coordinates":[6.069695,61.87231]},"properties":{"name":"Lotestranda","description":"Underlag: gravel","source":"OpenStreetMap"}},{"type":"Feature","id":"beach-osm-node-2935221930","geometry":{"type":"Point","coordinates":[10.728396,59.731799]},"properties":{"name":"Breivoll Badeplass","source":"OpenStreetMap"}},{"type":"Feature","id":"beach-osm-node-4111233002","geometry":{"type":"Point","coordinates":[6.694294,58.197446]},"properties":{"name":"Skagelistranda","source":"OpenStreetMap"}},{"type":"Feature","id":"beach-osm-node-4586262041","geometry":{"type":"Point","coordinates":[10.642002,59.638545]},"properties":{"name":"Skiphellebukta badeplass","description":"Underlag: sand","source":"OpenStreetMap"}},{"type":"Feature","id":"beach-osm-node-5109619611","geometry":{"type":"Point","coordinates":[6.697101,58.100686]},"properties":{"name":"Brynestrånna","description":"Underlag: sand","source":"OpenStreetMap"}},{"type":"Feature","id":"beach-osm-node-5614677950","geometry":{"type":"Point","coordinates":[6.75661,58.225004]},"properties":{"name":"Eikelandsstronda","source":"OpenStreetMap"}},{"type":"Feature","id":"beach-osm-node-5696504165","geometry":{"type":"Point","coordinates":[6.749614,58.065894]},"properties":{"name":"Haugestranda","source":"OpenStreetMap"}},{"type":"Feature","id":"beach-osm-node-5714546964","geometry":{"type":"Point","coordinates":[6.624503,58.073889]},"properties":{"name":"Storestranda","source":"OpenStreetMap"}},{"type":"Feature","id":"beach-osm-node-6448377736","geometry":{"type":"Point","coordinates":[5.595489,59.499908]},"properties":{"name":"Likvik","description":"Underlag: fine_sand","source":"OpenStreetMap"}},{"type":"Feature","id":"beach-osm-node-7786856583","geometry":{"type":"Point","coordinates":[10.411973,59.603015]},"properties":{"name":"Trulsestranda","source":"OpenStreetMap"}},{"type":"Feature","id":"beach-osm-node-8681081945","geometry":{"type":"Point","coordinates":[7.035717,60.976386]},"properties":{"name":"Morkalandet","source":"OpenStreetMap"}},{"type":"Feature","id":"beach-osm-node-8681094953","geometry":{"type":"Point","coordinates":[7.060153,60.980253]},"properties":{"name":"Beitlasanden","source":"OpenStreetMap"}},{"type":"Feature","id":"beach-osm-node-9088805950","geometry":{"type":"Point","coordinates":[7.458686,61.101792]},"properties":{"name":"Urasanden","source":"OpenStreetMap"}},{"type":"Feature","id":"beach-osm-node-9088805957","geometry":{"type":"Point","coordinates":[7.414678,61.153697]},"properties":{"name":"Strendene","source":"OpenStreetMap"}},{"type":"Feature","id":"beach-osm-node-9088805959","geometry":{"type":"Point","coordinates":[7.448592,61.113556]},"properties":{"name":"Tråna","source":"OpenStreetMap"}},{"type":"Feature","id":"beach-osm-node-9955564913","geometry":{"type":"Point","coordinates":[8.5108,61.159158]},"properties":{"name":"Kløvningadn","source":"OpenStreetMap"}},{"type":"Feature","id":"beach-osm-node-11162365752","geometry":{"type":"Point","coordinates":[8.338931,61.380631]},"properties":{"name":"Brandbustrønde","source":"OpenStreetMap"}},{"type":"Feature","id":"beach-osm-node-11163444402","geometry":{"type":"Point","coordinates":[8.014842,61.152564]},"properties":{"name":"Brusestølstrondi","source":"OpenStreetMap"}},{"type":"Feature","id":"beach-osm-node-11163604156","geometry":{"type":"Point","coordinates":[8.243528,61.032286]},"properties":{"name":"Juklevasstrandi","source":"OpenStreetMap"}},{"type":"Feature","id":"beach-osm-node-11164353486","geometry":{"type":"Point","coordinates":[8.707422,61.097194]},"properties":{"name":"Søvelsteinsanden","source":"OpenStreetMap"}},{"type":"Feature","id":"beach-osm-node-11164353487","geometry":{"type":"Point","coordinates":[8.687336,61.107892]},"properties":{"name":"Pålssanden","source":"OpenStreetMap"}},{"type":"Feature","id":"beach-osm-node-11164400673","geometry":{"type":"Point","coordinates":[8.594897,61.077669]},"properties":{"name":"Sanden","source":"OpenStreetMap"}},{"type":"Feature","id":"beach-osm-node-11164700259","geometry":{"type":"Point","coordinates":[15.411853,67.844575]},"properties":{"name":"Skjelneslandet","source":"OpenStreetMap"}},{"type":"Feature","id":"beach-osm-node-11164700263","geometry":{"type":"Point","coordinates":[15.427214,67.85515]},"properties":{"name":"Koven","source":"OpenStreetMap"}},{"type":"Feature","id":"beach-osm-node-11164917244","geometry":{"type":"Point","coordinates":[14.772436,67.805731]},"properties":{"name":"Minneslandet","source":"OpenStreetMap"}},{"type":"Feature","id":"beach-osm-node-11165023801","geometry":{"type":"Point","coordinates":[14.952133,67.950022]},"properties":{"name":"Kjøttsteinan","source":"OpenStreetMap"}},{"type":"Feature","id":"beach-osm-node-11165044713","geometry":{"type":"Point","coordinates":[14.955994,67.945556]},"properties":{"name":"Grisgjerdet","source":"OpenStreetMap"}},{"type":"Feature","id":"beach-osm-node-11165568971","geometry":{"type":"Point","coordinates":[14.962972,67.789372]},"properties":{"name":"Stranda","source":"OpenStreetMap"}},{"type":"Feature","id":"beach-osm-node-11165589789","geometry":{"type":"Point","coordinates":[15.019584,67.681873]},"properties":{"name":"Silsanden","source":"OpenStreetMap"}},{"type":"Feature","id":"beach-osm-node-11165589794","geometry":{"type":"Point","coordinates":[14.989997,67.678358]},"properties":{"name":"Storsanden","source":"OpenStreetMap"}},{"type":"Feature","id":"beach-osm-node-11166114596","geometry":{"type":"Point","coordinates":[14.876382,67.721678]},"properties":{"name":"Brennviksanden","source":"OpenStreetMap"}},{"type":"Feature","id":"beach-osm-node-11167151040","geometry":{"type":"Point","coordinates":[15.218047,67.797394]},"properties":{"name":"Einangstranda","source":"OpenStreetMap"}},{"type":"Feature","id":"beach-osm-node-11167186867","geometry":{"type":"Point","coordinates":[14.849567,67.792789]},"properties":{"name":"Vakkerstranda","source":"OpenStreetMap"}},{"type":"Feature","id":"beach-osm-node-11167380298","geometry":{"type":"Point","coordinates":[14.847444,67.798561]},"properties":{"name":"Langstranda","source":"OpenStreetMap"}},{"type":"Feature","id":"beach-osm-node-11167382826","geometry":{"type":"Point","coordinates":[15.063189,67.917322]},"properties":{"name":"Anegaupstøa","source":"OpenStreetMap"}},{"type":"Feature","id":"beach-osm-node-11167382827","geometry":{"type":"Point","coordinates":[15.057978,67.916958]},"properties":{"name":"Sandvågen","source":"OpenStreetMap"}},{"type":"Feature","id":"beach-osm-node-11167476693","geometry":{"type":"Point","coordinates":[14.947683,67.895056]},"properties":{"name":"Langstranda","source":"OpenStreetMap"}},{"type":"Feature","id":"beach-osm-node-11177633082","geometry":{"type":"Point","coordinates":[12.972122,67.976386]},"properties":{"name":"Raen","description":"Underlag: sand","source":"OpenStreetMap"}},{"type":"Feature","id":"beach-osm-way-19191266","geometry":{"type":"Point","coordinates":[8.467075,58.360938]},"properties":{"name":"Lundesanden","description":"Underlag: sand","source":"OpenStreetMap"}},{"type":"Feature","id":"beach-osm-way-36038167","geometry":{"type":"Point","coordinates":[5.670941,58.941986]},"properties":{"name":"Møllebukta","source":"OpenStreetMap"}},{"type":"Feature","id":"beach-osm-way-39629448","geometry":{"type":"Point","coordinates":[14.429083,68.624084]},"properties":{"name":"Nordahlstranda","description":"Underlag: sand","source":"OpenStreetMap"}},{"type":"Feature","id":"beach-osm-way-113514770","geometry":{"type":"Point","coordinates":[9.601421,59.200547]},"properties":{"name":"Bakkestranda","description":"Underlag: sand","source":"OpenStreetMap"}},{"type":"Feature","id":"beach-osm-way-113937091","geometry":{"type":"Point","coordinates":[10.595134,59.887478]},"properties":{"name":"Storøyspissen","description":"Underlag: sand","source":"OpenStreetMap"}},{"type":"Feature","id":"beach-osm-way-142839262","geometry":{"type":"Point","coordinates":[8.083845,58.188645]},"properties":{"name":"Hamresanden","source":"OpenStreetMap"}},{"type":"Feature","id":"beach-osm-way-158002904","geometry":{"type":"Point","coordinates":[5.669476,60.158016]},"properties":{"name":"Handelslagsfjøro","description":"Underlag: sand","source":"OpenStreetMap"}},{"type":"Feature","id":"beach-osm-way-163605608","geometry":{"type":"Point","coordinates":[9.856986,58.99178]},"properties":{"name":"Langholtstranda","description":"Underlag: sand","source":"OpenStreetMap"}},{"type":"Feature","id":"beach-osm-way-164750996","geometry":{"type":"Point","coordinates":[9.025792,58.586952]},"properties":{"name":"Persøygard","source":"OpenStreetMap"}},{"type":"Feature","id":"beach-osm-way-185827458","geometry":{"type":"Point","coordinates":[10.552458,59.887847]},"properties":{"name":"Høvikodden badestrand","description":"Underlag: sand","source":"OpenStreetMap"}},{"type":"Feature","id":"beach-osm-way-190872045","geometry":{"type":"Point","coordinates":[9.859254,58.964032]},"properties":{"name":"Oddane Sand","description":"Underlag: sand","source":"OpenStreetMap"}},{"type":"Feature","id":"beach-osm-way-191643141","geometry":{"type":"Point","coordinates":[6.425188,62.704483]},"properties":{"name":"Litlemalen","source":"OpenStreetMap"}},{"type":"Feature","id":"beach-osm-way-220624997","geometry":{"type":"Point","coordinates":[10.634211,59.890566]},"properties":{"name":"Rolfstangen badestrand","source":"OpenStreetMap"}},{"type":"Feature","id":"beach-osm-way-225019462","geometry":{"type":"Point","coordinates":[10.039543,59.045801]},"properties":{"name":"Karistranda","description":"Underlag: sand","source":"OpenStreetMap"}},{"type":"Feature","id":"beach-osm-way-258765410","geometry":{"type":"Point","coordinates":[13.732322,66.859981]},"properties":{"name":"Kalvøyra","source":"OpenStreetMap"}},{"type":"Feature","id":"beach-osm-way-291725777","geometry":{"type":"Point","coordinates":[11.017281,59.024945]},"properties":{"name":"Storesand","description":"Underlag: sand","source":"OpenStreetMap"}},{"type":"Feature","id":"beach-osm-way-294896492","geometry":{"type":"Point","coordinates":[8.634501,58.51]},"properties":{"name":"Osevollen badeplass","description":"Underlag: sand","source":"OpenStreetMap"}},{"type":"Feature","id":"beach-osm-way-365403894","geometry":{"type":"Point","coordinates":[11.186593,59.184509]},"properties":{"name":"Sandvika Badeplass","description":"Underlag: sand","source":"OpenStreetMap"}},{"type":"Feature","id":"beach-osm-way-368654327","geometry":{"type":"Point","coordinates":[10.614804,59.448245]},"properties":{"name":"Refsnesstranda","description":"Underlag: sand","source":"OpenStreetMap"}},{"type":"Feature","id":"beach-osm-way-369739581","geometry":{"type":"Point","coordinates":[8.378229,58.248135]},"properties":{"name":"Bystranda","description":"Underlag: sand","source":"OpenStreetMap"}},{"type":"Feature","id":"beach-osm-way-390473181","geometry":{"type":"Point","coordinates":[5.817978,62.367261]},"properties":{"name":"Ulsteinsanden","description":"Underlag: sand","source":"OpenStreetMap"}},{"type":"Feature","id":"beach-osm-way-391080392","geometry":{"type":"Point","coordinates":[8.660688,58.357156]},"properties":{"name":"Grefstadviga","description":"Underlag: sand","source":"OpenStreetMap"}},{"type":"Feature","id":"beach-osm-way-405899010","geometry":{"type":"Point","coordinates":[10.226028,59.05214]},"properties":{"name":"Svinevika","description":"Underlag: sand","source":"OpenStreetMap"}},{"type":"Feature","id":"beach-osm-way-435813605","geometry":{"type":"Point","coordinates":[10.750912,59.901294]},"properties":{"name":"Sørenga Sjøbad","description":"Underlag: sand","source":"OpenStreetMap"}},{"type":"Feature","id":"beach-osm-way-460562799","geometry":{"type":"Point","coordinates":[7.398911,58.416382]},"properties":{"name":"Byremosanden","description":"Underlag: sand","source":"OpenStreetMap"}},{"type":"Feature","id":"beach-osm-way-460892932","geometry":{"type":"Point","coordinates":[11.124182,60.32817]},"properties":{"name":"Rødvika","description":"Underlag: grass,_sand,_stone","source":"OpenStreetMap"}},{"type":"Feature","id":"beach-osm-way-474131795","geometry":{"type":"Point","coordinates":[9.727162,61.612103]},"properties":{"name":"Eiesand","description":"Underlag: sand","source":"OpenStreetMap"}},{"type":"Feature","id":"beach-osm-way-496489100","geometry":{"type":"Point","coordinates":[6.618815,58.081914]},"properties":{"name":"Litlerauna","description":"Underlag: pebblestone","source":"OpenStreetMap"}},{"type":"Feature","id":"beach-osm-way-552122627","geometry":{"type":"Point","coordinates":[10.025229,59.02246]},"properties":{"name":"Støperistranda","description":"Underlag: sand","source":"OpenStreetMap"}},{"type":"Feature","id":"beach-osm-way-552122628","geometry":{"type":"Point","coordinates":[10.025566,59.021897]},"properties":{"name":"Støperistranda","description":"Underlag: gravel","source":"OpenStreetMap"}},{"type":"Feature","id":"beach-osm-way-552122629","geometry":{"type":"Point","coordinates":[10.024478,59.023549]},"properties":{"name":"Jordestranda","description":"Underlag: sand","source":"OpenStreetMap"}},{"type":"Feature","id":"beach-osm-way-552122699","geometry":{"type":"Point","coordinates":[10.017292,59.042278]},"properties":{"name":"Jordfallet","description":"Underlag: sand","source":"OpenStreetMap"}},{"type":"Feature","id":"beach-osm-way-578819293","geometry":{"type":"Point","coordinates":[10.703102,60.781829]},"properties":{"name":"Rambekkvika","description":"Underlag: fine_gravel","source":"OpenStreetMap"}},{"type":"Feature","id":"beach-osm-way-599106117","geometry":{"type":"Point","coordinates":[6.654216,58.076129]},"properties":{"name":"Kådesanden","description":"Underlag: sand","source":"OpenStreetMap"}},{"type":"Feature","id":"beach-osm-way-606055380","geometry":{"type":"Point","coordinates":[10.018443,59.04879]},"properties":{"name":"Batteristranda","description":"Underlag: sand","source":"OpenStreetMap"}},{"type":"Feature","id":"beach-osm-way-611774302","geometry":{"type":"Point","coordinates":[10.392842,59.548777]},"properties":{"name":"Ulvika","source":"OpenStreetMap"}},{"type":"Feature","id":"beach-osm-way-615184143","geometry":{"type":"Point","coordinates":[10.689622,59.305434]},"properties":{"name":"Danmarkstranda","description":"Underlag: sand","source":"OpenStreetMap"}},{"type":"Feature","id":"beach-osm-way-725431461","geometry":{"type":"Point","coordinates":[10.222222,59.0684]},"properties":{"name":"Sperrvik","description":"Underlag: sand","source":"OpenStreetMap"}},{"type":"Feature","id":"beach-osm-way-802160257","geometry":{"type":"Point","coordinates":[23.453802,69.982168]},"properties":{"name":"Lathari","source":"OpenStreetMap"}},{"type":"Feature","id":"beach-osm-way-854281018","geometry":{"type":"Point","coordinates":[11.706386,59.160137]},"properties":{"name":"Løvøya","description":"Underlag: sand","source":"OpenStreetMap"}},{"type":"Feature","id":"beach-osm-way-879366965","geometry":{"type":"Point","coordinates":[5.619547,60.147629]},"properties":{"name":"Djupvika","source":"OpenStreetMap"}},{"type":"Feature","id":"beach-osm-way-948666510","geometry":{"type":"Point","coordinates":[10.0102,59.968723]},"properties":{"name":"Tyrifjord hotell","description":"Underlag: sand.","source":"OpenStreetMap"}},{"type":"Feature","id":"beach-osm-way-1087324378","geometry":{"type":"Point","coordinates":[7.181083,60.950126]},"properties":{"name":"Ståi","source":"OpenStreetMap"}},{"type":"Feature","id":"beach-osm-way-1198246678","geometry":{"type":"Point","coordinates":[8.506528,59.190982]},"properties":{"name":"Vikodden badeplass","source":"OpenStreetMap"}},{"type":"Feature","id":"beach-osm-way-1204649786","geometry":{"type":"Point","coordinates":[14.977078,67.853867]},"properties":{"name":"Kvanndalsstranda","source":"OpenStreetMap"}},{"type":"Feature","id":"beach-osm-way-1317850916","geometry":{"type":"Point","coordinates":[11.071022,59.680976]},"properties":{"name":"Hallerud bad","description":"Underlag: sand","source":"OpenStreetMap"}},{"type":"Feature","id":"beach-osm-way-1359276536","geometry":{"type":"Point","coordinates":[11.223096,59.105672]},"properties":{"name":"Svalerødkilen","description":"Underlag: sand","source":"OpenStreetMap"}},{"type":"Feature","id":"beach-osm-way-1372028894","geometry":{"type":"Point","coordinates":[5.561964,59.465034]},"properties":{"name":"Kvernavika","source":"OpenStreetMap"}},{"type":"Feature","id":"beach-osm-way-1378736228","geometry":{"type":"Point","coordinates":[6.409293,62.68841]},"properties":{"name":"Davikstranda","source":"OpenStreetMap"}},{"type":"Feature","id":"beach-osm-way-1447986313","geometry":{"type":"Point","coordinates":[5.23704,61.976268]},"properties":{"name":"Lynghaugsanden","source":"OpenStreetMap"}},{"type":"Feature","id":"beach-osm-way-1460859476","geometry":{"type":"Point","coordinates":[10.906196,59.207173]},"properties":{"name":"Glombo brygge","description":"Underlag: sand","source":"OpenStreetMap"}},{"type":"Feature","id":"beach-osm-relation-1438906","geometry":{"type":"Point","coordinates":[9.690801,59.075554]},"properties":{"name":"Heistadstranda","description":"Underlag: sand","source":"OpenStreetMap"}},{"type":"Feature","id":"beach-osm-relation-3978000","geometry":{"type":"Point","coordinates":[13.681356,66.699442]},"properties":{"name":"Fonndalsøyra","source":"OpenStreetMap"}},{"type":"Feature","id":"beach-osm-relation-4043792","geometry":{"type":"Point","coordinates":[13.734597,66.860062]},"properties":{"name":"Laksøyra","source":"OpenStreetMap"}},{"type":"Feature","id":"beach-osm-relation-4681665","geometry":{"type":"Point","coordinates":[14.21094,66.931311]},"properties":{"name":"Olastranda","source":"OpenStreetMap"}},{"type":"Feature","id":"beach-osm-relation-4719279","geometry":{"type":"Point","coordinates":[14.231943,66.996639]},"properties":{"name":"Hestberget","source":"OpenStreetMap"}},{"type":"Feature","id":"beach-osm-relation-5257444","geometry":{"type":"Point","coordinates":[10.724575,63.433492]},"properties":{"name":"Midtsandtangen friluftsområde","source":"OpenStreetMap"}},{"type":"Feature","id":"beach-osm-relation-5402522","geometry":{"type":"Point","coordinates":[13.972498,67.278102]},"properties":{"name":"Breiosen","description":"Underlag: sand","source":"OpenStreetMap"}},{"type":"Feature","id":"beach-osm-relation-5594852","geometry":{"type":"Point","coordinates":[13.148391,68.096209]},"properties":{"name":"Sandbotnen","description":"Underlag: sand","source":"OpenStreetMap"}},{"type":"Feature","id":"beach-osm-relation-5596837","geometry":{"type":"Point","coordinates":[13.237935,68.096199]},"properties":{"name":"Rambergstranda","description":"Underlag: sand","source":"OpenStreetMap"}},{"type":"Feature","id":"beach-osm-relation-5597064","geometry":{"type":"Point","coordinates":[12.963493,67.977673]},"properties":{"name":"Buneset","description":"Underlag: sand","source":"OpenStreetMap"}},{"type":"Feature","id":"beach-osm-relation-5597065","geometry":{"type":"Point","coordinates":[12.994462,68.021601]},"properties":{"name":"Horseid","description":"Underlag: sand","source":"OpenStreetMap"}},{"type":"Feature","id":"beach-osm-relation-5597066","geometry":{"type":"Point","coordinates":[12.653565,67.68415]},"properties":{"name":"Nordlandshagen","description":"Underlag: sand","source":"OpenStreetMap"}},{"type":"Feature","id":"beach-osm-relation-5597067","geometry":{"type":"Point","coordinates":[12.623544,67.660176]},"properties":{"name":"Punn Sanden","description":"Underlag: sand","source":"OpenStreetMap"}},{"type":"Feature","id":"beach-osm-relation-5725124","geometry":{"type":"Point","coordinates":[6.728223,58.063764]},"properties":{"name":"Haviksanden","description":"Underlag: sand","source":"OpenStreetMap"}},{"type":"Feature","id":"beach-osm-relation-6410874","geometry":{"type":"Point","coordinates":[10.243895,63.39056]},"properties":{"name":"Skjellbreia","source":"OpenStreetMap"}},{"type":"Feature","id":"beach-osm-relation-6445882","geometry":{"type":"Point","coordinates":[9.129907,58.646647]},"properties":{"name":"Einarsvika","source":"OpenStreetMap"}},{"type":"Feature","id":"beach-osm-relation-7227345","geometry":{"type":"Point","coordinates":[13.63892,66.905932]},"properties":{"name":"Mosand","description":"Underlag: sand","source":"OpenStreetMap"}},{"type":"Feature","id":"beach-osm-relation-7509303","geometry":{"type":"Point","coordinates":[13.966484,67.268874]},"properties":{"name":"Kuttvågen","description":"Underlag: sand","source":"OpenStreetMap"}},{"type":"Feature","id":"beach-osm-relation-8392575","geometry":{"type":"Point","coordinates":[6.666087,58.075008]},"properties":{"name":"Nesheimsanden","source":"OpenStreetMap"}},{"type":"Feature","id":"beach-osm-relation-8728235","geometry":{"type":"Point","coordinates":[9.292472,58.734628]},"properties":{"name":"Breibukt","description":"Underlag: sand","source":"OpenStreetMap"}},{"type":"Feature","id":"beach-osm-relation-8728237","geometry":{"type":"Point","coordinates":[9.159853,58.725207]},"properties":{"name":"Sandtaket","description":"Underlag: sand","source":"OpenStreetMap"}},{"type":"Feature","id":"beach-osm-relation-10724607","geometry":{"type":"Point","coordinates":[6.167847,62.438627]},"properties":{"name":"Sandviksfjøra","description":"Underlag: sand","source":"OpenStreetMap"}},{"type":"Feature","id":"beach-osm-relation-11112468","geometry":{"type":"Point","coordinates":[10.642926,60.948703]},"properties":{"name":"Kremmerodden","description":"Underlag: sand","source":"OpenStreetMap"}},{"type":"Feature","id":"beach-osm-relation-11296151","geometry":{"type":"Point","coordinates":[7.431696,58.022127]},"properties":{"name":"Langestranda","source":"OpenStreetMap"}},{"type":"Feature","id":"beach-osm-relation-14221853","geometry":{"type":"Point","coordinates":[10.181662,59.022539]},"properties":{"name":"Sandvika","description":"Underlag: sand","source":"OpenStreetMap"}},{"type":"Feature","id":"beach-osm-relation-14221856","geometry":{"type":"Point","coordinates":[10.178989,59.022349]},"properties":{"name":"Refsholtsanden Ulastrendene","description":"Underlag: sand","source":"OpenStreetMap"}},{"type":"Feature","id":"beach-osm-relation-15740011","geometry":{"type":"Point","coordinates":[8.816014,59.325024]},"properties":{"name":"Kilen Feriesenter","description":"Underlag: sand","source":"OpenStreetMap"}},{"type":"Feature","id":"beach-osm-relation-15813448","geometry":{"type":"Point","coordinates":[8.581469,58.326742]},"properties":{"name":"Groos","description":"Underlag: sand","source":"OpenStreetMap"}},{"type":"Feature","id":"beach-osm-relation-15813449","geometry":{"type":"Point","coordinates":[8.613396,58.335646]},"properties":{"name":"Osterkilen","description":"Underlag: sand","source":"OpenStreetMap"}},{"type":"Feature","id":"beach-osm-relation-15813450","geometry":{"type":"Point","coordinates":[8.668381,58.371461]},"properties":{"name":"Hauslandsanden","description":"Underlag: sand","source":"OpenStreetMap"}},{"type":"Feature","id":"beach-osm-relation-15813454","geometry":{"type":"Point","coordinates":[8.684018,58.369146]},"properties":{"name":"Moviga","description":"Underlag: sand","source":"OpenStreetMap"}},{"type":"Feature","id":"beach-osm-relation-15813458","geometry":{"type":"Point","coordinates":[8.539651,58.35215]},"properties":{"name":"Roresanden","description":"Underlag: sand","source":"OpenStreetMap"}},{"type":"Feature","id":"beach-osm-relation-16231477","geometry":{"type":"Point","coordinates":[11.630672,60.805554]},"properties":{"name":"Løkenstranda","source":"OpenStreetMap"}},{"type":"Feature","id":"beach-osm-relation-17885481","geometry":{"type":"Point","coordinates":[11.214573,59.095503]},"properties":{"name":"Pina","source":"OpenStreetMap"}},{"type":"Feature","id":"beach-osm-relation-19960419","geometry":{"type":"Point","coordinates":[11.772585,65.633182]},"properties":{"name":"Sorstranda","description":"Underlag: pebblestone","source":"OpenStreetMap"}},{"type":"Feature","id":"beach-osm-relation-19987898","geometry":{"type":"Point","coordinates":[14.491299,67.334454]},"properties":{"name":"Ausvika","description":"Underlag: sand","source":"OpenStreetMap"}},{"type":"Feature","id":"beach-osm-relation-20064938","geometry":{"type":"Point","coordinates":[13.029536,66.508293]},"properties":{"name":"Svesanden","description":"Underlag: sand","source":"OpenStreetMap"}},{"type":"Feature","id":"beach-osm-relation-20124585","geometry":{"type":"Point","coordinates":[12.318934,66.370017]},"properties":{"name":"Hestvika","description":"Underlag: sand","source":"OpenStreetMap"}},{"type":"Feature","id":"beach-osm-node-24552122","geometry":{"type":"Point","coordinates":[8.617928,62.989464]},"properties":{"name":"Kalkstranda","source":"OpenStreetMap"}},{"type":"Feature","id":"beach-osm-node-210685144","geometry":{"type":"Point","coordinates":[10.688062,59.484283]},"properties":{"name":"Kulpe","source":"OpenStreetMap"}},{"type":"Feature","id":"beach-osm-node-212917843","geometry":{"type":"Point","coordinates":[10.655728,59.414108]},"properties":{"name":"Festestranda","source":"OpenStreetMap"}},{"type":"Feature","id":"beach-osm-node-293400197","geometry":{"type":"Point","coordinates":[10.687284,59.851341]},"properties":{"name":"Hellviktangen","source":"OpenStreetMap"}},{"type":"Feature","id":"beach-osm-node-798896664","geometry":{"type":"Point","coordinates":[11.519578,60.780102]},"properties":{"name":"Sagen","source":"OpenStreetMap"}},{"type":"Feature","id":"beach-osm-node-1278463729","geometry":{"type":"Point","coordinates":[11.020469,59.73596]},"properties":{"name":"Vikstranda","source":"OpenStreetMap"}},{"type":"Feature","id":"beach-osm-node-1871373217","geometry":{"type":"Point","coordinates":[10.467144,60.425065]},"properties":{"name":"Ulsnestangen","source":"OpenStreetMap"}},{"type":"Feature","id":"beach-osm-node-2352688755","geometry":{"type":"Point","coordinates":[10.628259,61.222253]},"properties":{"name":"Kriksvika","source":"OpenStreetMap"}},{"type":"Feature","id":"beach-osm-node-2921840660","geometry":{"type":"Point","coordinates":[13.415456,66.793414]},"properties":{"name":"Storsand","source":"OpenStreetMap"}},{"type":"Feature","id":"beach-osm-node-2940476924","geometry":{"type":"Point","coordinates":[13.205736,66.810111]},"properties":{"name":"Slåttstranda","source":"OpenStreetMap"}},{"type":"Feature","id":"beach-osm-node-3081981013","geometry":{"type":"Point","coordinates":[13.705494,66.846031]},"properties":{"name":"Sildnesstranda","source":"OpenStreetMap"}},{"type":"Feature","id":"beach-osm-node-3159296291","geometry":{"type":"Point","coordinates":[13.428597,66.844931]},"properties":{"name":"Bremnessanden","source":"OpenStreetMap"}},{"type":"Feature","id":"beach-osm-node-3300376322","geometry":{"type":"Point","coordinates":[13.747622,66.949247]},"properties":{"name":"Melansjøen","source":"OpenStreetMap"}},{"type":"Feature","id":"beach-osm-node-3300376325","geometry":{"type":"Point","coordinates":[13.758339,66.951631]},"properties":{"name":"Mevikstranda","source":"OpenStreetMap"}},{"type":"Feature","id":"beach-osm-node-3300402140","geometry":{"type":"Point","coordinates":[13.741341,66.947786]},"properties":{"name":"Sandstrand","source":"OpenStreetMap"}},{"type":"Feature","id":"beach-osm-node-3300402147","geometry":{"type":"Point","coordinates":[13.726906,66.948683]},"properties":{"name":"Stranda","source":"OpenStreetMap"}},{"type":"Feature","id":"beach-osm-node-3408769414","geometry":{"type":"Point","coordinates":[14.201369,66.992686]},"properties":{"name":"Tverrlandet","source":"OpenStreetMap"}},{"type":"Feature","id":"beach-osm-node-3459271410","geometry":{"type":"Point","coordinates":[13.777078,67.052736]},"properties":{"name":"Innessanden","source":"OpenStreetMap"}},{"type":"Feature","id":"beach-osm-node-3459280231","geometry":{"type":"Point","coordinates":[13.773611,67.056747]},"properties":{"name":"Yttersanden","source":"OpenStreetMap"}},{"type":"Feature","id":"beach-osm-node-3648794201","geometry":{"type":"Point","coordinates":[14.077356,67.083606]},"properties":{"name":"Flogan","source":"OpenStreetMap"}},{"type":"Feature","id":"beach-osm-node-3661653493","geometry":{"type":"Point","coordinates":[14.249953,67.126483]},"properties":{"name":"Finnset","source":"OpenStreetMap"}},{"type":"Feature","id":"beach-osm-node-3674861027","geometry":{"type":"Point","coordinates":[14.192744,67.00515]},"properties":{"name":"Litltjønna","source":"OpenStreetMap"}},{"type":"Feature","id":"beach-osm-node-3674861032","geometry":{"type":"Point","coordinates":[14.150467,67.036708]},"properties":{"name":"Morsdalstranda","source":"OpenStreetMap"}},{"type":"Feature","id":"beach-osm-node-3894026918","geometry":{"type":"Point","coordinates":[10.415322,59.532446]},"properties":{"name":"Sunnestranda","source":"OpenStreetMap"}},{"type":"Feature","id":"beach-osm-node-4586255364","geometry":{"type":"Point","coordinates":[10.634281,59.649027]},"properties":{"name":"Torkilstranda","description":"Underlag: sand","source":"OpenStreetMap"}},{"type":"Feature","id":"beach-osm-node-4846764890","geometry":{"type":"Point","coordinates":[10.068027,59.020295]},"properties":{"name":"Stupebrett","description":"Underlag: concrete","source":"OpenStreetMap"}},{"type":"Feature","id":"beach-osm-node-4846765280","geometry":{"type":"Point","coordinates":[10.070394,59.018638]},"properties":{"name":"Pelikanbukten","description":"Underlag: sand","source":"OpenStreetMap"}},{"type":"Feature","id":"beach-osm-node-5333524947","geometry":{"type":"Point","coordinates":[6.861437,58.074369]},"properties":{"name":"Sørstranda","source":"OpenStreetMap"}},{"type":"Feature","id":"beach-osm-node-5333524965","geometry":{"type":"Point","coordinates":[6.889223,58.076713]},"properties":{"name":"Strontan","source":"OpenStreetMap"}},{"type":"Feature","id":"beach-osm-node-5570155758","geometry":{"type":"Point","coordinates":[5.76584,58.958816]},"properties":{"name":"Emmaus-stranden","description":"Underlag: sand","source":"OpenStreetMap"}},{"type":"Feature","id":"beach-osm-node-5986780887","geometry":{"type":"Point","coordinates":[11.083268,59.00839]},"properties":{"name":"Stuevika","description":"Underlag: sand","source":"OpenStreetMap"}},{"type":"Feature","id":"beach-osm-node-6006683044","geometry":{"type":"Point","coordinates":[8.08283,58.181904]},"properties":{"name":"Solstrand","description":"Underlag: sand","source":"OpenStreetMap"}},{"type":"Feature","id":"beach-osm-node-7588617162","geometry":{"type":"Point","coordinates":[5.85127,58.933546]},"properties":{"name":"Hestånå","description":"Underlag: stone","source":"OpenStreetMap"}},{"type":"Feature","id":"beach-osm-node-7632463939","geometry":{"type":"Point","coordinates":[10.374333,59.677212]},"properties":{"name":"Sandtangen","description":"Underlag: sand","source":"OpenStreetMap"}},{"type":"Feature","id":"beach-osm-node-7786856581","geometry":{"type":"Point","coordinates":[10.403845,59.594046]},"properties":{"name":"Knemstranda/Bokerøya","source":"OpenStreetMap"}},{"type":"Feature","id":"beach-osm-node-7786856582","geometry":{"type":"Point","coordinates":[10.407282,59.600465]},"properties":{"name":"Homannsberget Camping","source":"OpenStreetMap"}},{"type":"Feature","id":"beach-osm-node-7786856584","geometry":{"type":"Point","coordinates":[10.410428,59.624804]},"properties":{"name":"Skjæra","source":"OpenStreetMap"}},{"type":"Feature","id":"beach-osm-node-8174376553","geometry":{"type":"Point","coordinates":[5.464171,60.180328]},"properties":{"name":"mobergsvika","source":"OpenStreetMap"}},{"type":"Feature","id":"beach-osm-node-8919322345","geometry":{"type":"Point","coordinates":[6.049017,62.564342]},"properties":{"name":"Blimsanden","description":"Underlag: sand","source":"OpenStreetMap"}},{"type":"Feature","id":"beach-osm-node-9386304908","geometry":{"type":"Point","coordinates":[5.612381,60.527739]},"properties":{"name":"Sandane","source":"OpenStreetMap"}},{"type":"Feature","id":"beach-osm-node-10978254766","geometry":{"type":"Point","coordinates":[8.758849,60.84672]},"properties":{"name":"Grytevatn","description":"Underlag: stone","source":"OpenStreetMap"}},{"type":"Feature","id":"beach-osm-node-10978279121","geometry":{"type":"Point","coordinates":[8.554057,60.861952]},"properties":{"name":"Hemsedal beach","description":"Underlag: sand","source":"OpenStreetMap"}},{"type":"Feature","id":"beach-osm-node-11177630083","geometry":{"type":"Point","coordinates":[12.821114,67.835106]},"properties":{"name":"Hellsanden","source":"OpenStreetMap"}},{"type":"Feature","id":"beach-osm-node-11876510792","geometry":{"type":"Point","coordinates":[11.089119,61.564108]},"properties":{"name":"Kjemsjø","source":"OpenStreetMap"}},{"type":"Feature","id":"beach-osm-node-12296987851","geometry":{"type":"Point","coordinates":[11.245996,63.94896]},"properties":{"name":"Hestbergfjurru","source":"OpenStreetMap"}},{"type":"Feature","id":"beach-osm-node-13032454893","geometry":{"type":"Point","coordinates":[23.330163,70.790057]},"properties":{"name":"Storsand","source":"OpenStreetMap"}},{"type":"Feature","id":"beach-osm-way-25725128","geometry":{"type":"Point","coordinates":[10.626149,59.475]},"properties":{"name":"Sørstranda","source":"OpenStreetMap"}},{"type":"Feature","id":"beach-osm-way-29429944","geometry":{"type":"Point","coordinates":[10.650877,59.431086]},"properties":{"name":"Sjøbadet","description":"Underlag: sand","source":"OpenStreetMap"}},{"type":"Feature","id":"beach-osm-way-29561170","geometry":{"type":"Point","coordinates":[10.693736,59.430322]},"properties":{"name":"Vepsen","description":"Underlag: sand","source":"OpenStreetMap"}},{"type":"Feature","id":"beach-osm-way-31767993","geometry":{"type":"Point","coordinates":[10.49532,59.854018]},"properties":{"name":"Holmenskjæret","description":"Underlag: sand","source":"OpenStreetMap"}},{"type":"Feature","id":"beach-osm-way-68797303","geometry":{"type":"Point","coordinates":[11.065231,59.135502]},"properties":{"name":"Vassløkka","source":"OpenStreetMap"}},{"type":"Feature","id":"beach-osm-way-73995592","geometry":{"type":"Point","coordinates":[10.03937,58.99281]},"properties":{"name":"Korntin","description":"Underlag: sand","source":"OpenStreetMap"}},{"type":"Feature","id":"beach-osm-way-75096241","geometry":{"type":"Point","coordinates":[6.612386,58.086928]},"properties":{"name":"Bausje","description":"Underlag: sand","source":"OpenStreetMap"}},{"type":"Feature","id":"beach-osm-way-88212794","geometry":{"type":"Point","coordinates":[10.462693,63.452777]},"properties":{"name":"Ringvebukta","source":"OpenStreetMap"}},{"type":"Feature","id":"beach-osm-way-89719082","geometry":{"type":"Point","coordinates":[10.749739,59.818263]},"properties":{"name":"Ingierstrand","source":"OpenStreetMap"}},{"type":"Feature","id":"beach-osm-way-118242358","geometry":{"type":"Point","coordinates":[10.475916,59.523451]},"properties":{"name":"Knatvoldstranda","source":"OpenStreetMap"}},{"type":"Feature","id":"beach-osm-way-119385302","geometry":{"type":"Point","coordinates":[10.646312,59.912464]},"properties":{"name":"Sollerudstranda","source":"OpenStreetMap"}},{"type":"Feature","id":"beach-osm-way-119626140","geometry":{"type":"Point","coordinates":[5.644905,60.149643]},"properties":{"name":"Revsfjøro","source":"OpenStreetMap"}},{"type":"Feature","id":"beach-osm-way-126079285","geometry":{"type":"Point","coordinates":[10.217368,59.740075]},"properties":{"name":"Bragernes strand","description":"Underlag: fine_gravel","source":"OpenStreetMap"}},{"type":"Feature","id":"beach-osm-way-126778116","geometry":{"type":"Point","coordinates":[9.974591,58.983711]},"properties":{"name":"Stretrestranda","description":"Underlag: sand","source":"OpenStreetMap"}},{"type":"Feature","id":"beach-osm-way-131949779","geometry":{"type":"Point","coordinates":[9.411251,58.864804]},"properties":{"name":"Gunnarsholmen","source":"OpenStreetMap"}},{"type":"Feature","id":"beach-osm-way-133359591","geometry":{"type":"Point","coordinates":[7.031753,58.136171]},"properties":{"name":"Kvaviksanden","source":"OpenStreetMap"}},{"type":"Feature","id":"beach-osm-way-163600612","geometry":{"type":"Point","coordinates":[9.816788,59.00063]},"properties":{"name":"Hvitsand","description":"Underlag: sand","source":"OpenStreetMap"}},{"type":"Feature","id":"beach-osm-way-167327371","geometry":{"type":"Point","coordinates":[6.621244,58.15685]},"properties":{"name":"Slettestranda","description":"Underlag: rocks","source":"OpenStreetMap"}},{"type":"Feature","id":"beach-osm-way-170435460","geometry":{"type":"Point","coordinates":[6.994006,61.160438]},"properties":{"name":"Leirviki","source":"OpenStreetMap"}},{"type":"Feature","id":"beach-osm-way-170709350","geometry":{"type":"Point","coordinates":[10.329847,63.447696]},"properties":{"name":"Brænnebukta","source":"OpenStreetMap"}},{"type":"Feature","id":"beach-osm-way-171039625","geometry":{"type":"Point","coordinates":[6.5936,58.096085]},"properties":{"name":"Bispen","description":"Underlag: sand","source":"OpenStreetMap"}},{"type":"Feature","id":"beach-osm-way-172462117","geometry":{"type":"Point","coordinates":[8.051796,58.153846]},"properties":{"name":"Søm","source":"OpenStreetMap"}},{"type":"Feature","id":"beach-osm-way-173792520","geometry":{"type":"Point","coordinates":[9.826735,59.008317]},"properties":{"name":"Sandvika","description":"Underlag: sand","source":"OpenStreetMap"}},{"type":"Feature","id":"beach-osm-way-173792521","geometry":{"type":"Point","coordinates":[9.829669,59.009122]},"properties":{"name":"Lille Sandvika","description":"Underlag: sand","source":"OpenStreetMap"}},{"type":"Feature","id":"beach-osm-way-176708775","geometry":{"type":"Point","coordinates":[9.389246,58.849669]},"properties":{"name":"Vestre Stabbestad","description":"Underlag: sand","source":"OpenStreetMap"}},{"type":"Feature","id":"beach-osm-way-182184769","geometry":{"type":"Point","coordinates":[10.783031,59.855353]},"properties":{"name":"Katten","source":"OpenStreetMap"}},{"type":"Feature","id":"beach-osm-way-207223518","geometry":{"type":"Point","coordinates":[10.515715,59.857664]},"properties":{"name":"Hvamodden","description":"Underlag: sand","source":"OpenStreetMap"}},{"type":"Feature","id":"beach-osm-way-233297927","geometry":{"type":"Point","coordinates":[9.022994,58.584236]},"properties":{"name":"Movik","source":"OpenStreetMap"}},{"type":"Feature","id":"beach-osm-way-258832843","geometry":{"type":"Point","coordinates":[6.08937,58.984406]},"properties":{"name":"Botne strand","description":"Underlag: sand","source":"OpenStreetMap"}},{"type":"Feature","id":"beach-osm-way-261280189","geometry":{"type":"Point","coordinates":[5.847225,59.260552]},"properties":{"name":"Furre Beach","source":"OpenStreetMap"}},{"type":"Feature","id":"beach-osm-way-262243454","geometry":{"type":"Point","coordinates":[11.162334,59.636667]},"properties":{"name":"Badestrand","description":"Underlag: sand","source":"OpenStreetMap"}},{"type":"Feature","id":"beach-osm-way-282889780","geometry":{"type":"Point","coordinates":[10.544592,63.430996]},"properties":{"name":"Hansbakkfjæra","source":"OpenStreetMap"}},{"type":"Feature","id":"beach-osm-way-291725778","geometry":{"type":"Point","coordinates":[11.011856,59.031928]},"properties":{"name":"Ørekroken","source":"OpenStreetMap"}},{"type":"Feature","id":"beach-osm-way-293395493","geometry":{"type":"Point","coordinates":[8.696447,58.376834]},"properties":{"name":"Lillesand","source":"OpenStreetMap"}},{"type":"Feature","id":"beach-osm-way-295336168","geometry":{"type":"Point","coordinates":[7.150829,62.983118]},"properties":{"name":"Farstadsanden","description":"Underlag: sand","source":"OpenStreetMap"}},{"type":"Feature","id":"beach-osm-way-295855540","geometry":{"type":"Point","coordinates":[9.526909,59.2828]},"properties":{"name":"Bliva","description":"Underlag: grass","source":"OpenStreetMap"}},{"type":"Feature","id":"beach-osm-way-296950605","geometry":{"type":"Point","coordinates":[10.382625,59.22841]},"properties":{"name":"Hellastranda","source":"OpenStreetMap"}},{"type":"Feature","id":"beach-osm-way-310603447","geometry":{"type":"Point","coordinates":[10.018745,59.030128]},"properties":{"name":"Jordestranda","description":"Underlag: sand","source":"OpenStreetMap"}},{"type":"Feature","id":"beach-osm-way-313426716","geometry":{"type":"Point","coordinates":[10.155548,64.144402]},"properties":{"name":"Sannan","description":"Underlag: sand","source":"OpenStreetMap"}},{"type":"Feature","id":"beach-osm-way-337001696","geometry":{"type":"Point","coordinates":[10.969527,59.93456]},"properties":{"name":"Vesletjern badeplass","source":"OpenStreetMap"}},{"type":"Feature","id":"beach-osm-way-342368517","geometry":{"type":"Point","coordinates":[11.260716,59.990374]},"properties":{"name":"Barvika","source":"OpenStreetMap"}},{"type":"Feature","id":"beach-osm-way-346373189","geometry":{"type":"Point","coordinates":[10.521012,59.529867]},"properties":{"name":"Preisserstranda","source":"OpenStreetMap"}},{"type":"Feature","id":"beach-osm-way-360057390","geometry":{"type":"Point","coordinates":[5.042737,61.585399]},"properties":{"name":"Sørstranda","description":"Underlag: sand","source":"OpenStreetMap"}},{"type":"Feature","id":"beach-osm-way-361683694","geometry":{"type":"Point","coordinates":[11.487693,59.131008]},"properties":{"name":"Vanninga","source":"OpenStreetMap"}},{"type":"Feature","id":"beach-osm-way-365098560","geometry":{"type":"Point","coordinates":[11.193906,59.120339]},"properties":{"name":"Kålvika","description":"Underlag: sand","source":"OpenStreetMap"}},{"type":"Feature","id":"beach-osm-way-368349339","geometry":{"type":"Point","coordinates":[10.607423,59.440011]},"properties":{"name":"Tronvikstranda","source":"OpenStreetMap"}},{"type":"Feature","id":"beach-osm-way-382736254","geometry":{"type":"Point","coordinates":[10.522572,59.386309]},"properties":{"name":"Bastøybukta","source":"OpenStreetMap"}},{"type":"Feature","id":"beach-osm-way-391080394","geometry":{"type":"Point","coordinates":[8.652792,58.354341]},"properties":{"name":"Moysanden","description":"Underlag: sand","source":"OpenStreetMap"}},{"type":"Feature","id":"beach-osm-way-391080396","geometry":{"type":"Point","coordinates":[8.651626,58.351382]},"properties":{"name":"Fugleviga","description":"Underlag: sand","source":"OpenStreetMap"}},{"type":"Feature","id":"beach-osm-way-391080399","geometry":{"type":"Point","coordinates":[8.64896,58.345804]},"properties":{"name":"Drotningviga","description":"Underlag: sand","source":"OpenStreetMap"}},{"type":"Feature","id":"beach-osm-way-391080401","geometry":{"type":"Point","coordinates":[8.638418,58.342436]},"properties":{"name":"Sandum","description":"Underlag: sand","source":"OpenStreetMap"}},{"type":"Feature","id":"beach-osm-way-391080406","geometry":{"type":"Point","coordinates":[8.545777,58.31288]},"properties":{"name":"Morvigsanden","description":"Underlag: sand","source":"OpenStreetMap"}},{"type":"Feature","id":"beach-osm-way-391080407","geometry":{"type":"Point","coordinates":[8.671832,58.360828]},"properties":{"name":"Terkelsbukt","description":"Underlag: sand","source":"OpenStreetMap"}},{"type":"Feature","id":"beach-osm-way-391080411","geometry":{"type":"Point","coordinates":[8.682198,58.369835]},"properties":{"name":"Lille Moviga","description":"Underlag: sand","source":"OpenStreetMap"}},{"type":"Feature","id":"beach-osm-way-395132379","geometry":{"type":"Point","coordinates":[29.631718,69.973057]},"properties":{"name":"Vestersand","description":"Underlag: sand","source":"OpenStreetMap"}},{"type":"Feature","id":"beach-osm-way-431562109","geometry":{"type":"Point","coordinates":[10.982009,59.740761]},"properties":{"name":"Gjersenga","source":"OpenStreetMap"}},{"type":"Feature","id":"beach-osm-way-435222551","geometry":{"type":"Point","coordinates":[9.696854,58.990695]},"properties":{"name":"Hydrostranda","description":"Underlag: sand","source":"OpenStreetMap"}},{"type":"Feature","id":"beach-osm-way-444768602","geometry":{"type":"Point","coordinates":[9.231367,58.72819]},"properties":{"name":"Sagjordet badeplass","description":"Underlag: sand","source":"OpenStreetMap"}},{"type":"Feature","id":"beach-osm-way-460878433","geometry":{"type":"Point","coordinates":[11.079864,60.420285]},"properties":{"name":"Åsanden","source":"OpenStreetMap"}},{"type":"Feature","id":"beach-osm-way-464362699","geometry":{"type":"Point","coordinates":[13.800725,66.960986]},"properties":{"name":"Strovik bukta","description":"Underlag: sand","source":"OpenStreetMap"}},{"type":"Feature","id":"beach-osm-way-464495797","geometry":{"type":"Point","coordinates":[13.801522,66.963429]},"properties":{"name":"Storvikbukta","description":"Underlag: sand","source":"OpenStreetMap"}},{"type":"Feature","id":"beach-osm-way-466312140","geometry":{"type":"Point","coordinates":[13.645009,66.902417]},"properties":{"name":"Høgseth","description":"Underlag: sand","source":"OpenStreetMap"}},{"type":"Feature","id":"beach-osm-way-480856848","geometry":{"type":"Point","coordinates":[9.610685,60.214573]},"properties":{"name":"Storesand","description":"Underlag: sand","source":"OpenStreetMap"}},{"type":"Feature","id":"beach-osm-way-485211470","geometry":{"type":"Point","coordinates":[8.79152,59.426521]},"properties":{"name":"Telnessanden","description":"Underlag: sand","source":"OpenStreetMap"}},{"type":"Feature","id":"beach-osm-way-491959276","geometry":{"type":"Point","coordinates":[10.672461,59.861754]},"properties":{"name":"Oksval","description":"Underlag: sand","source":"OpenStreetMap"}},{"type":"Feature","id":"beach-osm-way-506431859","geometry":{"type":"Point","coordinates":[7.514322,59.126841]},"properties":{"name":"Marhyl","description":"Underlag: sand","source":"OpenStreetMap"}},{"type":"Feature","id":"beach-osm-way-517768718","geometry":{"type":"Point","coordinates":[7.063246,58.059748]},"properties":{"name":"Lindestøstranda","description":"Underlag: sand","source":"OpenStreetMap"}},{"type":"Feature","id":"beach-osm-way-519894101","geometry":{"type":"Point","coordinates":[5.229762,59.619797]},"properties":{"name":"Vevika strand","description":"Underlag: sand","source":"OpenStreetMap"}},{"type":"Feature","id":"beach-osm-way-547873461","geometry":{"type":"Point","coordinates":[8.763135,58.457099]},"properties":{"name":"Bystranda","description":"Underlag: sand","source":"OpenStreetMap"}},{"type":"Feature","id":"beach-osm-way-556757791","geometry":{"type":"Point","coordinates":[8.529244,58.447361]},"properties":{"name":"Bjelland støa","source":"OpenStreetMap"}},{"type":"Feature","id":"beach-osm-way-561703256","geometry":{"type":"Point","coordinates":[4.732413,61.122883]},"properties":{"name":"Fjæra","description":"Underlag: cobblestone","source":"OpenStreetMap"}},{"type":"Feature","id":"beach-osm-way-563074201","geometry":{"type":"Point","coordinates":[10.039859,58.996903]},"properties":{"name":"Sukkerstranda","description":"Underlag: sand","source":"OpenStreetMap"}},{"type":"Feature","id":"beach-osm-way-563399850","geometry":{"type":"Point","coordinates":[10.481577,59.396267]},"properties":{"name":"Rørestrand","source":"OpenStreetMap"}},{"type":"Feature","id":"beach-osm-way-566143401","geometry":{"type":"Point","coordinates":[5.365145,59.377388]},"properties":{"name":"Aksnes","description":"Underlag: sand","source":"OpenStreetMap"}},{"type":"Feature","id":"beach-osm-way-582900268","geometry":{"type":"Point","coordinates":[5.819567,60.009569]},"properties":{"name":"Mostranden","description":"Underlag: Shellsand","source":"OpenStreetMap"}},{"type":"Feature","id":"beach-osm-way-591747288","geometry":{"type":"Point","coordinates":[10.723564,63.433194]},"properties":{"name":"Midtsandan","description":"Underlag: sand","source":"OpenStreetMap"}},{"type":"Feature","id":"beach-osm-way-595230577","geometry":{"type":"Point","coordinates":[10.037256,59.008774]},"properties":{"name":"Agnesstranda","description":"Underlag: sand","source":"OpenStreetMap"}},{"type":"Feature","id":"beach-osm-way-612591756","geometry":{"type":"Point","coordinates":[9.966915,58.981286]},"properties":{"name":"Lydhusstranda","description":"Underlag: sand","source":"OpenStreetMap"}},{"type":"Feature","id":"beach-osm-way-617977239","geometry":{"type":"Point","coordinates":[8.812223,58.439294]},"properties":{"name":"Bukkevika","description":"Underlag: sand","source":"OpenStreetMap"}},{"type":"Feature","id":"beach-osm-way-621807008","geometry":{"type":"Point","coordinates":[10.683229,59.310643]},"properties":{"name":"Langstranda","description":"Underlag: sand","source":"OpenStreetMap"}},{"type":"Feature","id":"beach-osm-way-629282107","geometry":{"type":"Point","coordinates":[10.277786,59.050261]},"properties":{"name":"Fruvika strand","description":"Underlag: sand","source":"OpenStreetMap"}},{"type":"Feature","id":"beach-osm-way-649268236","geometry":{"type":"Point","coordinates":[8.721539,58.438585]},"properties":{"name":"EB-Stranda - Tangen strand","description":"Underlag: sand","source":"OpenStreetMap"}},{"type":"Feature","id":"beach-osm-way-664753522","geometry":{"type":"Point","coordinates":[9.777585,60.12107]},"properties":{"name":"Lokallandet","description":"Underlag: sand","source":"OpenStreetMap"}},{"type":"Feature","id":"beach-osm-way-669928934","geometry":{"type":"Point","coordinates":[11.079013,59.187078]},"properties":{"name":"Holm","source":"OpenStreetMap"}},{"type":"Feature","id":"beach-osm-way-669928944","geometry":{"type":"Point","coordinates":[10.809868,59.195456]},"properties":{"name":"Buvikstranda","source":"OpenStreetMap"}},{"type":"Feature","id":"beach-osm-way-669928948","geometry":{"type":"Point","coordinates":[10.823173,59.185898]},"properties":{"name":"Oksrødkilen","source":"OpenStreetMap"}},{"type":"Feature","id":"beach-osm-way-669928961","geometry":{"type":"Point","coordinates":[11.12466,59.146814]},"properties":{"name":"Ullerøy leirskole","description":"Underlag: sand","source":"OpenStreetMap"}},{"type":"Feature","id":"beach-osm-way-669928963","geometry":{"type":"Point","coordinates":[10.747753,59.270102]},"properties":{"name":"Lervikstranda","description":"Underlag: sand","source":"OpenStreetMap"}},{"type":"Feature","id":"beach-osm-way-691821710","geometry":{"type":"Point","coordinates":[10.40648,60.243943]},"properties":{"name":"Haugerstranda","description":"Underlag: sand","source":"OpenStreetMap"}},{"type":"Feature","id":"beach-osm-way-725431463","geometry":{"type":"Point","coordinates":[10.224621,59.067113]},"properties":{"name":"Sandvika","description":"Underlag: sand","source":"OpenStreetMap"}},{"type":"Feature","id":"beach-osm-way-725431464","geometry":{"type":"Point","coordinates":[10.225976,59.066414]},"properties":{"name":"Sandvika","description":"Underlag: sand","source":"OpenStreetMap"}},{"type":"Feature","id":"beach-osm-way-725431474","geometry":{"type":"Point","coordinates":[10.228864,59.056979]},"properties":{"name":"Skjellsand","description":"Underlag: sand","source":"OpenStreetMap"}},{"type":"Feature","id":"beach-osm-way-797716822","geometry":{"type":"Point","coordinates":[5.866503,58.91478]},"properties":{"name":"Steinstranda","description":"Underlag: pebblestone","source":"OpenStreetMap"}},{"type":"Feature","id":"beach-osm-way-818528359","geometry":{"type":"Point","coordinates":[7.830194,62.806237]},"properties":{"name":"Bakkesanden","description":"Underlag: sand","source":"OpenStreetMap"}},{"type":"Feature","id":"beach-osm-way-819257369","geometry":{"type":"Point","coordinates":[10.466433,63.448302]},"properties":{"name":"Fagerheimbukta","source":"OpenStreetMap"}},{"type":"Feature","id":"beach-osm-way-833798339","geometry":{"type":"Point","coordinates":[9.704702,59.008064]},"properties":{"name":"Rognstranda","description":"Underlag: sand","source":"OpenStreetMap"}},{"type":"Feature","id":"beach-osm-way-833798340","geometry":{"type":"Point","coordinates":[9.704076,59.007571]},"properties":{"name":"Rognstranda","description":"Underlag: sand","source":"OpenStreetMap"}},{"type":"Feature","id":"beach-osm-way-878718808","geometry":{"type":"Point","coordinates":[5.475179,60.181787]},"properties":{"name":"steinneset","source":"OpenStreetMap"}},{"type":"Feature","id":"beach-osm-way-892345303","geometry":{"type":"Point","coordinates":[9.156275,60.577285]},"properties":{"name":"Trytetjern badeplass","source":"OpenStreetMap"}},{"type":"Feature","id":"beach-osm-way-893322007","geometry":{"type":"Point","coordinates":[10.298302,59.897501]},"properties":{"name":"Svangstrand","description":"Underlag: fine_gravel","source":"OpenStreetMap"}},{"type":"Feature","id":"beach-osm-way-894410537","geometry":{"type":"Point","coordinates":[10.314263,59.493191]},"properties":{"name":"Dulpen","description":"Underlag: sand","source":"OpenStreetMap"}},{"type":"Feature","id":"beach-osm-way-903573943","geometry":{"type":"Point","coordinates":[5.521417,59.789994]},"properties":{"name":"Aslaksvikjo","description":"Underlag: fine_gravel","source":"OpenStreetMap"}},{"type":"Feature","id":"beach-osm-way-903578811","geometry":{"type":"Point","coordinates":[5.535996,59.791279]},"properties":{"name":"Apalvikjo","description":"Underlag: sand","source":"OpenStreetMap"}},{"type":"Feature","id":"beach-osm-way-903965071","geometry":{"type":"Point","coordinates":[5.529628,59.815288]},"properties":{"name":"Breivikjo","description":"Underlag: pebblestone","source":"OpenStreetMap"}},{"type":"Feature","id":"beach-osm-way-903965072","geometry":{"type":"Point","coordinates":[5.524573,59.821627]},"properties":{"name":"Kyvikjo","description":"Underlag: pebblestone","source":"OpenStreetMap"}},{"type":"Feature","id":"beach-osm-way-903966543","geometry":{"type":"Point","coordinates":[5.527775,59.826758]},"properties":{"name":"Fuglavikjo","description":"Underlag: pebblestone","source":"OpenStreetMap"}},{"type":"Feature","id":"beach-osm-way-934316251","geometry":{"type":"Point","coordinates":[6.810851,58.090756]},"properties":{"name":"Barbrostranden","source":"OpenStreetMap"}},{"type":"Feature","id":"beach-osm-way-943914107","geometry":{"type":"Point","coordinates":[4.926455,61.882077]},"properties":{"name":"Vetvika","description":"Underlag: sand","source":"OpenStreetMap"}},{"type":"Feature","id":"beach-osm-way-946154873","geometry":{"type":"Point","coordinates":[10.056519,59.724558]},"properties":{"name":"Hagatjern badeplass","source":"OpenStreetMap"}},{"type":"Feature","id":"beach-osm-way-967220658","geometry":{"type":"Point","coordinates":[11.483165,59.54667]},"properties":{"name":"Lundebyvannet badeplass","source":"OpenStreetMap"}},{"type":"Feature","id":"beach-osm-way-967299444","geometry":{"type":"Point","coordinates":[10.412243,59.605062]},"properties":{"name":"Grunden badeplass","description":"Underlag: sand","source":"OpenStreetMap"}},{"type":"Feature","id":"beach-osm-way-975812798","geometry":{"type":"Point","coordinates":[10.475499,59.250246]},"properties":{"name":"Rødstein strand","description":"Underlag: sand","source":"OpenStreetMap"}},{"type":"Feature","id":"beach-osm-way-979818825","geometry":{"type":"Point","coordinates":[5.731121,60.551668]},"properties":{"name":"Agnavikjæ","description":"Underlag: sand","source":"OpenStreetMap"}},{"type":"Feature","id":"beach-osm-way-998364211","geometry":{"type":"Point","coordinates":[6.834528,61.186108]},"properties":{"name":"Fylkesmannsstrondi","source":"OpenStreetMap"}},{"type":"Feature","id":"beach-osm-way-1008727432","geometry":{"type":"Point","coordinates":[8.803697,58.469235]},"properties":{"name":"Løkholmen","description":"Underlag: sand","source":"OpenStreetMap"}},{"type":"Feature","id":"beach-osm-way-1017671463","geometry":{"type":"Point","coordinates":[6.20296,62.626531]},"properties":{"name":"Kjerstadsanden","description":"Underlag: sand","source":"OpenStreetMap"}},{"type":"Feature","id":"beach-osm-way-1018342249","geometry":{"type":"Point","coordinates":[6.200036,62.602093]},"properties":{"name":"Lausundsanden","description":"Underlag: sand","source":"OpenStreetMap"}},{"type":"Feature","id":"beach-osm-way-1056601462","geometry":{"type":"Point","coordinates":[10.529192,59.683001]},"properties":{"name":"Sætre bystrand","description":"Underlag: sand","source":"OpenStreetMap"}},{"type":"Feature","id":"beach-osm-way-1057023088","geometry":{"type":"Point","coordinates":[10.046732,59.005718]},"properties":{"name":"Nordstranda","description":"Underlag: sand","source":"OpenStreetMap"}},{"type":"Feature","id":"beach-osm-way-1060243827","geometry":{"type":"Point","coordinates":[5.767806,58.961461]},"properties":{"name":"Rosenli-stranden","description":"Underlag: sand","source":"OpenStreetMap"}},{"type":"Feature","id":"beach-osm-way-1074759880","geometry":{"type":"Point","coordinates":[10.274513,59.707736]},"properties":{"name":"Knivestranda","description":"Underlag: sand","source":"OpenStreetMap"}},{"type":"Feature","id":"beach-osm-way-1085765112","geometry":{"type":"Point","coordinates":[10.632386,60.60557]},"properties":{"name":"Engenstranda","description":"Underlag: sand","source":"OpenStreetMap"}},{"type":"Feature","id":"beach-osm-way-1092984025","geometry":{"type":"Point","coordinates":[17.973687,69.634022]},"properties":{"name":"Barsvika","description":"Underlag: sand","source":"OpenStreetMap"}},{"type":"Feature","id":"beach-osm-way-1092984026","geometry":{"type":"Point","coordinates":[17.978654,69.63432]},"properties":{"name":"Fjøsvalen","description":"Underlag: sand","source":"OpenStreetMap"}},{"type":"Feature","id":"beach-osm-way-1096289153","geometry":{"type":"Point","coordinates":[10.266617,59.718192]},"properties":{"name":"Glasstranda","description":"Underlag: sand","source":"OpenStreetMap"}},{"type":"Feature","id":"beach-osm-way-1189879922","geometry":{"type":"Point","coordinates":[9.172804,63.644827]},"properties":{"name":"Reksafjæra","description":"Underlag: sand","source":"OpenStreetMap"}},{"type":"Feature","id":"beach-osm-way-1193295073","geometry":{"type":"Point","coordinates":[13.036531,65.946668]},"properties":{"name":"Gautviken Naturiststrand","source":"OpenStreetMap"}},{"type":"Feature","id":"beach-osm-way-1194296587","geometry":{"type":"Point","coordinates":[10.552687,59.540113]},"properties":{"name":"Apotekerstranda","description":"Underlag: sand","source":"OpenStreetMap"}},{"type":"Feature","id":"beach-osm-way-1194296588","geometry":{"type":"Point","coordinates":[10.55499,59.540316]},"properties":{"name":"Apotekerstranda","description":"Underlag: sand","source":"OpenStreetMap"}},{"type":"Feature","id":"beach-osm-way-1198827563","geometry":{"type":"Point","coordinates":[14.623043,68.552388]},"properties":{"name":"Kollvika","description":"Underlag: sand","source":"OpenStreetMap"}},{"type":"Feature","id":"beach-osm-way-1199295102","geometry":{"type":"Point","coordinates":[6.549556,62.855618]},"properties":{"name":"Storesanden","description":"Underlag: sand","source":"OpenStreetMap"}},{"type":"Feature","id":"beach-osm-way-1202615138","geometry":{"type":"Point","coordinates":[8.14046,63.288617]},"properties":{"name":"Korsvollstranda","description":"Underlag: sand","source":"OpenStreetMap"}},{"type":"Feature","id":"beach-osm-way-1218574701","geometry":{"type":"Point","coordinates":[5.368822,59.332375]},"properties":{"name":"Lindøy","description":"Underlag: sand","source":"OpenStreetMap"}},{"type":"Feature","id":"beach-osm-way-1246174774","geometry":{"type":"Point","coordinates":[10.634023,59.888203]},"properties":{"name":"Pelvikodden Badeplass","description":"Underlag: sand","source":"OpenStreetMap"}},{"type":"Feature","id":"beach-osm-way-1304216380","geometry":{"type":"Point","coordinates":[9.665952,63.684554]},"properties":{"name":"Bystranda","description":"Underlag: sand","source":"OpenStreetMap"}},{"type":"Feature","id":"beach-osm-way-1345102993","geometry":{"type":"Point","coordinates":[10.309874,59.540184]},"properties":{"name":"Sandobrygga badeplass","description":"Underlag: gravel","source":"OpenStreetMap"}},{"type":"Feature","id":"beach-osm-way-1352207702","geometry":{"type":"Point","coordinates":[10.821325,59.176716]},"properties":{"name":"Dypeklo Standen","source":"OpenStreetMap"}},{"type":"Feature","id":"beach-osm-way-1366677692","geometry":{"type":"Point","coordinates":[9.201294,58.704896]},"properties":{"name":"\"Hemmeligstranda\"","source":"OpenStreetMap"}},{"type":"Feature","id":"beach-osm-way-1366693651","geometry":{"type":"Point","coordinates":[9.213063,58.707215]},"properties":{"name":"Vestre Randvik","description":"Underlag: sand","source":"OpenStreetMap"}},{"type":"Feature","id":"beach-osm-way-1366693659","geometry":{"type":"Point","coordinates":[9.223177,58.71011]},"properties":{"name":"Østre Randvik","description":"Underlag: sand","source":"OpenStreetMap"}},{"type":"Feature","id":"beach-osm-way-1391147985","geometry":{"type":"Point","coordinates":[9.86047,61.571192]},"properties":{"name":"Klokkarstranda","description":"Underlag: sand","source":"OpenStreetMap"}},{"type":"Feature","id":"beach-osm-way-1421210352","geometry":{"type":"Point","coordinates":[10.753186,59.821615]},"properties":{"name":"Sandbukta badeplass","source":"OpenStreetMap"}},{"type":"Feature","id":"beach-osm-way-1433344576","geometry":{"type":"Point","coordinates":[9.570868,63.65388]},"properties":{"name":"Beian badestrand","description":"Underlag: sand","source":"OpenStreetMap"}},{"type":"Feature","id":"beach-osm-way-1442817246","geometry":{"type":"Point","coordinates":[8.8697,58.48903]},"properties":{"name":"Dybdalsstranda","description":"Underlag: sand","source":"OpenStreetMap"}},{"type":"Feature","id":"beach-osm-way-1466729031","geometry":{"type":"Point","coordinates":[5.281304,59.427789]},"properties":{"name":"Vangen","description":"Underlag: sand","source":"OpenStreetMap"}},{"type":"Feature","id":"beach-osm-way-1496192289","geometry":{"type":"Point","coordinates":[13.676784,66.74569]},"properties":{"name":"Vassbotnet","source":"OpenStreetMap"}},{"type":"Feature","id":"beach-osm-relation-4782838","geometry":{"type":"Point","coordinates":[4.920833,60.494192]},"properties":{"name":"Ormhilleren","source":"OpenStreetMap"}},{"type":"Feature","id":"beach-osm-relation-5314624","geometry":{"type":"Point","coordinates":[14.234159,68.203593]},"properties":{"name":"Rorvika","source":"OpenStreetMap"}},{"type":"Feature","id":"beach-osm-relation-6161522","geometry":{"type":"Point","coordinates":[6.436974,62.430588]},"properties":{"name":"Emblemssanden","source":"OpenStreetMap"}},{"type":"Feature","id":"beach-osm-relation-7063126","geometry":{"type":"Point","coordinates":[9.25018,58.714324]},"properties":{"name":"Kjæring-skallet","source":"OpenStreetMap"}},{"type":"Feature","id":"beach-osm-relation-7470895","geometry":{"type":"Point","coordinates":[9.395952,62.697678]},"properties":{"name":"Raudøra","source":"OpenStreetMap"}},{"type":"Feature","id":"beach-osm-relation-8233383","geometry":{"type":"Point","coordinates":[7.818966,58.0741]},"properties":{"name":"Åros stranda","source":"OpenStreetMap"}},{"type":"Feature","id":"beach-osm-relation-9477795","geometry":{"type":"Point","coordinates":[5.54473,58.798134]},"properties":{"name":"Borestranden","source":"OpenStreetMap"}},{"type":"Feature","id":"beach-osm-relation-10991743","geometry":{"type":"Point","coordinates":[5.458921,60.242319]},"properties":{"name":"Lakshølen","source":"OpenStreetMap"}},{"type":"Feature","id":"beach-osm-relation-12566155","geometry":{"type":"Point","coordinates":[19.781045,69.612258]},"properties":{"name":"Adamsanden","source":"OpenStreetMap"}},{"type":"Feature","id":"beach-osm-relation-12566156","geometry":{"type":"Point","coordinates":[19.750494,69.60725]},"properties":{"name":"Hjellnessand","source":"OpenStreetMap"}},{"type":"Feature","id":"beach-osm-relation-12581509","geometry":{"type":"Point","coordinates":[19.706573,69.504107]},"properties":{"name":"Rødstranda","source":"OpenStreetMap"}},{"type":"Feature","id":"beach-osm-relation-15813451","geometry":{"type":"Point","coordinates":[8.693894,58.376418]},"properties":{"name":"Randviga","source":"OpenStreetMap"}},{"type":"Feature","id":"beach-osm-relation-15813452","geometry":{"type":"Point","coordinates":[8.69291,58.375841]},"properties":{"name":"Storesand","source":"OpenStreetMap"}},{"type":"Feature","id":"beach-osm-relation-16557815","geometry":{"type":"Point","coordinates":[5.512213,58.733875]},"properties":{"name":"Orrestranden","source":"OpenStreetMap"}},{"type":"Feature","id":"beach-osm-relation-16557816","geometry":{"type":"Point","coordinates":[5.546872,58.812743]},"properties":{"name":"Selestranden","source":"OpenStreetMap"}},{"type":"Feature","id":"beach-osm-relation-16560539","geometry":{"type":"Point","coordinates":[5.787777,58.519676]},"properties":{"name":"Ognasanden","source":"OpenStreetMap"}},{"type":"Feature","id":"beach-osm-relation-16560540","geometry":{"type":"Point","coordinates":[5.788801,58.519493]},"properties":{"name":"Ognasanden","source":"OpenStreetMap"}},{"type":"Feature","id":"beach-osm-relation-16560541","geometry":{"type":"Point","coordinates":[5.790006,58.519364]},"properties":{"name":"Ognasanden","source":"OpenStreetMap"}},{"type":"Feature","id":"beach-osm-relation-16560542","geometry":{"type":"Point","coordinates":[5.794836,58.5077]},"properties":{"name":"Sannarvågen","source":"OpenStreetMap"}},{"type":"Feature","id":"beach-osm-relation-16560543","geometry":{"type":"Point","coordinates":[5.794762,58.513661]},"properties":{"name":"Ognasanden","source":"OpenStreetMap"}},{"type":"Feature","id":"beach-osm-relation-16560544","geometry":{"type":"Point","coordinates":[5.784792,58.520289]},"properties":{"name":"Paradis","source":"OpenStreetMap"}},{"type":"Feature","id":"beach-osm-relation-16560545","geometry":{"type":"Point","coordinates":[5.780175,58.523275]},"properties":{"name":"Holmasanden","source":"OpenStreetMap"}},{"type":"Feature","id":"beach-osm-relation-16560548","geometry":{"type":"Point","coordinates":[5.547154,58.68045]},"properties":{"name":"Nærlandsstranden","source":"OpenStreetMap"}},{"type":"Feature","id":"beach-osm-relation-16560549","geometry":{"type":"Point","coordinates":[5.549382,58.687919]},"properties":{"name":"Refsnes","source":"OpenStreetMap"}},{"type":"Feature","id":"beach-osm-relation-16569376","geometry":{"type":"Point","coordinates":[5.607564,58.984899]},"properties":{"name":"Vistestranden","source":"OpenStreetMap"}},{"type":"Feature","id":"beach-osm-relation-16642494","geometry":{"type":"Point","coordinates":[5.559782,58.840833]},"properties":{"name":"Hellestøstranden","source":"OpenStreetMap"}},{"type":"Feature","id":"beach-osm-relation-16642496","geometry":{"type":"Point","coordinates":[5.587704,58.876435]},"properties":{"name":"Rægestranden","source":"OpenStreetMap"}},{"type":"Feature","id":"beach-osm-relation-16642498","geometry":{"type":"Point","coordinates":[5.558661,58.861]},"properties":{"name":"Vigdelstranden","source":"OpenStreetMap"}},{"type":"Feature","id":"beach-osm-relation-16642499","geometry":{"type":"Point","coordinates":[5.593178,58.876092]},"properties":{"name":"Rægestranden","source":"OpenStreetMap"}},{"type":"Feature","id":"beach-osm-relation-17154630","geometry":{"type":"Point","coordinates":[17.968559,69.635661]},"properties":{"name":"Sandvika","source":"OpenStreetMap"}},{"type":"Feature","id":"beach-osm-relation-17165045","geometry":{"type":"Point","coordinates":[14.044971,66.286298]},"properties":{"name":"Hauknesstranda","source":"OpenStreetMap"}},{"type":"Feature","id":"beach-osm-relation-19258195","geometry":{"type":"Point","coordinates":[5.833293,58.927501]},"properties":{"name":"Riskastranda","source":"OpenStreetMap"}},{"type":"Feature","id":"beach-osm-relation-19525362","geometry":{"type":"Point","coordinates":[9.948392,64.053071]},"properties":{"name":"Hosnasanden","source":"OpenStreetMap"}},{"type":"Feature","id":"beach-osm-relation-20124583","geometry":{"type":"Point","coordinates":[12.334974,66.372594]},"properties":{"name":"Vassvika","source":"OpenStreetMap"}},{"type":"Feature","id":"beach-osm-node-253459553","geometry":{"type":"Point","coordinates":[11.084101,59.127024]},"properties":{"name":"Munkebukta","source":"OpenStreetMap"}},{"type":"Feature","id":"beach-osm-node-324384575","geometry":{"type":"Point","coordinates":[10.49408,59.426523]},"properties":{"name":"Vollane","source":"OpenStreetMap"}},{"type":"Feature","id":"beach-osm-node-355615592","geometry":{"type":"Point","coordinates":[10.476128,59.820459]},"properties":{"name":"Blakstadbukta","source":"OpenStreetMap"}},{"type":"Feature","id":"beach-osm-node-452059186","geometry":{"type":"Point","coordinates":[8.970277,58.555296]},"properties":{"name":"Padda","source":"OpenStreetMap"}},{"type":"Feature","id":"beach-osm-node-798881232","geometry":{"type":"Point","coordinates":[11.106095,59.142944]},"properties":{"name":"Mjølnarbukta","source":"OpenStreetMap"}},{"type":"Feature","id":"beach-osm-node-798881236","geometry":{"type":"Point","coordinates":[10.929782,59.067123]},"properties":{"name":"Åsebu","source":"OpenStreetMap"}},{"type":"Feature","id":"beach-osm-node-798881243","geometry":{"type":"Point","coordinates":[10.83913,59.093947]},"properties":{"name":"Kuvauen","source":"OpenStreetMap"}},{"type":"Feature","id":"beach-osm-node-798881254","geometry":{"type":"Point","coordinates":[11.070777,59.135943]},"properties":{"name":"Brakkebaugsanden","source":"OpenStreetMap"}},{"type":"Feature","id":"beach-osm-node-798881268","geometry":{"type":"Point","coordinates":[10.946981,59.032767]},"properties":{"name":"Skinnarsjøen","source":"OpenStreetMap"}},{"type":"Feature","id":"beach-osm-node-798881278","geometry":{"type":"Point","coordinates":[10.88547,59.05288]},"properties":{"name":"Akerøy","source":"OpenStreetMap"}},{"type":"Feature","id":"beach-osm-node-798881288","geometry":{"type":"Point","coordinates":[10.955092,59.079702]},"properties":{"name":"Listranda","source":"OpenStreetMap"}},{"type":"Feature","id":"beach-osm-node-798881295","geometry":{"type":"Point","coordinates":[11.080448,59.125498]},"properties":{"name":"De brente buktene","source":"OpenStreetMap"}},{"type":"Feature","id":"beach-osm-node-798881299","geometry":{"type":"Point","coordinates":[10.847318,59.081973]},"properties":{"name":"Guttormsvauen","source":"OpenStreetMap"}},{"type":"Feature","id":"beach-osm-node-798881304","geometry":{"type":"Point","coordinates":[11.070292,59.12344]},"properties":{"name":"Askedalstangen","source":"OpenStreetMap"}},{"type":"Feature","id":"beach-osm-node-798881308","geometry":{"type":"Point","coordinates":[11.038872,59.018493]},"properties":{"name":"Tareholmen","source":"OpenStreetMap"}},{"type":"Feature","id":"beach-osm-node-798881311","geometry":{"type":"Point","coordinates":[10.916066,59.054312]},"properties":{"name":"Brattestø","source":"OpenStreetMap"}},{"type":"Feature","id":"beach-osm-node-798881337","geometry":{"type":"Point","coordinates":[10.90573,59.066382]},"properties":{"name":"Spjærkilen","source":"OpenStreetMap"}},{"type":"Feature","id":"beach-osm-node-798881343","geometry":{"type":"Point","coordinates":[10.695354,59.24734]},"properties":{"name":"Kalven","source":"OpenStreetMap"}},{"type":"Feature","id":"beach-osm-node-798881353","geometry":{"type":"Point","coordinates":[10.959615,59.062248]},"properties":{"name":"Sandhella","source":"OpenStreetMap"}},{"type":"Feature","id":"beach-osm-node-798881361","geometry":{"type":"Point","coordinates":[10.856716,59.070432]},"properties":{"name":"Sandholmen","source":"OpenStreetMap"}},{"type":"Feature","id":"beach-osm-node-798896657","geometry":{"type":"Point","coordinates":[11.415948,60.786334]},"properties":{"name":"Kollbua","source":"OpenStreetMap"}},{"type":"Feature","id":"beach-osm-node-802862187","geometry":{"type":"Point","coordinates":[10.497863,59.796198]},"properties":{"name":"Sjøstrand","source":"OpenStreetMap"}},{"type":"Feature","id":"beach-osm-node-1372361175","geometry":{"type":"Point","coordinates":[7.850902,63.129445]},"properties":{"name":"Nordkolvika","source":"OpenStreetMap"}},{"type":"Feature","id":"beach-osm-node-1374742832","geometry":{"type":"Point","coordinates":[7.730423,63.101713]},"properties":{"name":"Skjerva","source":"OpenStreetMap"}},{"type":"Feature","id":"beach-osm-node-1645629419","geometry":{"type":"Point","coordinates":[18.068107,69.620867]},"properties":{"name":"Gjellvika","source":"OpenStreetMap"}},{"type":"Feature","id":"beach-osm-node-1760028691","geometry":{"type":"Point","coordinates":[10.959003,59.066513]},"properties":{"name":"Døvika","source":"OpenStreetMap"}},{"type":"Feature","id":"beach-osm-node-2006183342","geometry":{"type":"Point","coordinates":[7.164615,58.047156]},"properties":{"name":"Njervesanden","source":"OpenStreetMap"}},{"type":"Feature","id":"beach-osm-node-2380562114","geometry":{"type":"Point","coordinates":[9.069392,58.593833]},"properties":{"name":"Daumannsvika","source":"OpenStreetMap"}},{"type":"Feature","id":"beach-osm-node-2435759659","geometry":{"type":"Point","coordinates":[12.384938,66.058273]},"properties":{"name":"Breivika","source":"OpenStreetMap"}},{"type":"Feature","id":"beach-osm-node-2955584809","geometry":{"type":"Point","coordinates":[10.016463,59.062917]},"properties":{"name":"Plauane","source":"OpenStreetMap"}},{"type":"Feature","id":"beach-osm-node-3000327826","geometry":{"type":"Point","coordinates":[5.515044,59.774439]},"properties":{"name":"Sponavikjo","source":"OpenStreetMap"}},{"type":"Feature","id":"beach-osm-node-3486459393","geometry":{"type":"Point","coordinates":[10.642943,59.629942]},"properties":{"name":"Stranda. Fellesstrand for søndre Ekeberg hyttevel","source":"OpenStreetMap"}},{"type":"Feature","id":"beach-osm-node-3521996092","geometry":{"type":"Point","coordinates":[10.629426,59.659229]},"properties":{"name":"Glennestranda","source":"OpenStreetMap"}},{"type":"Feature","id":"beach-osm-node-3660869121","geometry":{"type":"Point","coordinates":[9.136283,58.78421]},"properties":{"name":"Dalestranda","source":"OpenStreetMap"}},{"type":"Feature","id":"beach-osm-node-3684318246","geometry":{"type":"Point","coordinates":[15.839046,68.630557]},"properties":{"name":"Tjeldnesbukta","source":"OpenStreetMap"}},{"type":"Feature","id":"beach-osm-node-3895069280","geometry":{"type":"Point","coordinates":[14.419464,67.077252]},"properties":{"name":"Buviknaustan","source":"OpenStreetMap"}},{"type":"Feature","id":"beach-osm-node-3895069292","geometry":{"type":"Point","coordinates":[14.408194,67.084519]},"properties":{"name":"Innersjøen","source":"OpenStreetMap"}},{"type":"Feature","id":"beach-osm-node-3895069310","geometry":{"type":"Point","coordinates":[14.408008,67.075983]},"properties":{"name":"Litlvollen","source":"OpenStreetMap"}},{"type":"Feature","id":"beach-osm-node-3895084224","geometry":{"type":"Point","coordinates":[14.392633,67.085783]},"properties":{"name":"Svinnesfjæra","source":"OpenStreetMap"}},{"type":"Feature","id":"beach-osm-node-3939626303","geometry":{"type":"Point","coordinates":[14.519583,67.076397]},"properties":{"name":"Fløvalen","source":"OpenStreetMap"}},{"type":"Feature","id":"beach-osm-node-3939626307","geometry":{"type":"Point","coordinates":[14.453133,67.075956]},"properties":{"name":"Gammen","source":"OpenStreetMap"}},{"type":"Feature","id":"beach-osm-node-3939626340","geometry":{"type":"Point","coordinates":[14.568836,67.072758]},"properties":{"name":"Mølen","source":"OpenStreetMap"}},{"type":"Feature","id":"beach-osm-node-3939648701","geometry":{"type":"Point","coordinates":[14.554339,67.072578]},"properties":{"name":"Stranda","source":"OpenStreetMap"}},{"type":"Feature","id":"beach-osm-node-3956707852","geometry":{"type":"Point","coordinates":[14.733978,66.891178]},"properties":{"name":"Fiskosstrand","source":"OpenStreetMap"}},{"type":"Feature","id":"beach-osm-node-4808096591","geometry":{"type":"Point","coordinates":[5.328893,59.35838]},"properties":{"name":"Vormedal Strand","source":"OpenStreetMap"}},{"type":"Feature","id":"beach-osm-node-4811574792","geometry":{"type":"Point","coordinates":[5.387328,59.400794]},"properties":{"name":"Dragavika","source":"OpenStreetMap"}},{"type":"Feature","id":"beach-osm-node-4849539741","geometry":{"type":"Point","coordinates":[14.884567,67.72126]},"properties":{"name":"Brennviksanden","source":"OpenStreetMap"}},{"type":"Feature","id":"beach-osm-node-4861286716","geometry":{"type":"Point","coordinates":[9.552861,58.898821]},"properties":{"name":"Jørnestolen","source":"OpenStreetMap"}},{"type":"Feature","id":"beach-osm-node-4982898209","geometry":{"type":"Point","coordinates":[10.448066,59.091786]},"properties":{"name":"Lilleskagen","source":"OpenStreetMap"}},{"type":"Feature","id":"beach-osm-node-4983217243","geometry":{"type":"Point","coordinates":[10.443294,59.064302]},"properties":{"name":"Sønste","source":"OpenStreetMap"}},{"type":"Feature","id":"beach-osm-node-5442512878","geometry":{"type":"Point","coordinates":[13.540089,66.666156]},"properties":{"name":"Slettstrandå","source":"OpenStreetMap"}},{"type":"Feature","id":"beach-osm-node-5456320207","geometry":{"type":"Point","coordinates":[13.399456,66.633439]},"properties":{"name":"Grønlistranda","source":"OpenStreetMap"}},{"type":"Feature","id":"beach-osm-node-5466633255","geometry":{"type":"Point","coordinates":[13.192847,66.664528]},"properties":{"name":"Finnvika","source":"OpenStreetMap"}},{"type":"Feature","id":"beach-osm-node-5479890034","geometry":{"type":"Point","coordinates":[13.252994,66.621158]},"properties":{"name":"Langstranda","source":"OpenStreetMap"}},{"type":"Feature","id":"beach-osm-node-5507406859","geometry":{"type":"Point","coordinates":[13.4165,66.540583]},"properties":{"name":"Stranda","source":"OpenStreetMap"}},{"type":"Feature","id":"beach-osm-node-5527846295","geometry":{"type":"Point","coordinates":[13.459886,66.4773]},"properties":{"name":"Stranda","source":"OpenStreetMap"}},{"type":"Feature","id":"beach-osm-node-5540198302","geometry":{"type":"Point","coordinates":[13.150269,66.436339]},"properties":{"name":"Liastranda","source":"OpenStreetMap"}},{"type":"Feature","id":"beach-osm-node-5542423358","geometry":{"type":"Point","coordinates":[13.212742,66.500375]},"properties":{"name":"Langstranda","source":"OpenStreetMap"}},{"type":"Feature","id":"beach-osm-node-5549655212","geometry":{"type":"Point","coordinates":[12.980539,66.530694]},"properties":{"name":"Nordskaghella","source":"OpenStreetMap"}},{"type":"Feature","id":"beach-osm-node-5555981816","geometry":{"type":"Point","coordinates":[13.010647,66.605814]},"properties":{"name":"Staulvågen","source":"OpenStreetMap"}},{"type":"Feature","id":"beach-osm-node-5555981855","geometry":{"type":"Point","coordinates":[13.046783,66.626081]},"properties":{"name":"Sandvalen","source":"OpenStreetMap"}},{"type":"Feature","id":"beach-osm-node-5563646276","geometry":{"type":"Point","coordinates":[12.883589,66.539278]},"properties":{"name":"Osan","source":"OpenStreetMap"}},{"type":"Feature","id":"beach-osm-node-5563646533","geometry":{"type":"Point","coordinates":[12.833344,66.546506]},"properties":{"name":"Daumannstranda","source":"OpenStreetMap"}},{"type":"Feature","id":"beach-osm-node-5578170912","geometry":{"type":"Point","coordinates":[13.21335,66.3558]},"properties":{"name":"Pollen","source":"OpenStreetMap"}},{"type":"Feature","id":"beach-osm-node-5579906604","geometry":{"type":"Point","coordinates":[12.9333,66.437658]},"properties":{"name":"Breistranda","source":"OpenStreetMap"}},{"type":"Feature","id":"beach-osm-node-5765448621","geometry":{"type":"Point","coordinates":[7.937246,62.856136]},"properties":{"name":"Storsanden","source":"OpenStreetMap"}},{"type":"Feature","id":"beach-osm-node-6579119011","geometry":{"type":"Point","coordinates":[7.164366,58.046131]},"properties":{"name":"Njervesanden","source":"OpenStreetMap"}},{"type":"Feature","id":"beach-osm-node-6646681911","geometry":{"type":"Point","coordinates":[11.767325,60.986375]},"properties":{"name":"Badeplass","source":"OpenStreetMap"}},{"type":"Feature","id":"beach-osm-node-6646683717","geometry":{"type":"Point","coordinates":[11.290956,60.423235]},"properties":{"name":"Badeplass","source":"OpenStreetMap"}},{"type":"Feature","id":"beach-osm-node-6699043360","geometry":{"type":"Point","coordinates":[9.947312,63.341186]},"properties":{"name":"Grønnlandskjæret","source":"OpenStreetMap"}},{"type":"Feature","id":"beach-osm-node-7625624412","geometry":{"type":"Point","coordinates":[10.632659,59.831773]},"properties":{"name":"Bonden","source":"OpenStreetMap"}},{"type":"Feature","id":"beach-osm-node-7797328231","geometry":{"type":"Point","coordinates":[11.119519,63.735201]},"properties":{"name":"Vakkerfjæra","source":"OpenStreetMap"}},{"type":"Feature","id":"beach-osm-node-7809188485","geometry":{"type":"Point","coordinates":[11.427456,59.038556]},"properties":{"name":"Sanderødstranda","source":"OpenStreetMap"}},{"type":"Feature","id":"beach-osm-node-7809202474","geometry":{"type":"Point","coordinates":[11.386092,59.097294]},"properties":{"name":"Engevika","source":"OpenStreetMap"}},{"type":"Feature","id":"beach-osm-node-7899663319","geometry":{"type":"Point","coordinates":[5.853512,58.940806]},"properties":{"name":"Skjølvikstranda","source":"OpenStreetMap"}},{"type":"Feature","id":"beach-osm-node-7902419772","geometry":{"type":"Point","coordinates":[5.86384,58.931977]},"properties":{"name":"Hetlandsstrandå","source":"OpenStreetMap"}},{"type":"Feature","id":"beach-osm-node-7934597328","geometry":{"type":"Point","coordinates":[9.008731,58.613709]},"properties":{"name":"Stokken","source":"OpenStreetMap"}},{"type":"Feature","id":"beach-osm-node-8120903055","geometry":{"type":"Point","coordinates":[5.975833,58.92514]},"properties":{"name":"Ersvik standsund","source":"OpenStreetMap"}},{"type":"Feature","id":"beach-osm-node-8174466692","geometry":{"type":"Point","coordinates":[5.504465,60.192048]},"properties":{"name":"Smievågen","source":"OpenStreetMap"}},{"type":"Feature","id":"beach-osm-node-8393755375","geometry":{"type":"Point","coordinates":[9.739531,63.697267]},"properties":{"name":"Austrått badestrand","source":"OpenStreetMap"}},{"type":"Feature","id":"beach-osm-node-8393781342","geometry":{"type":"Point","coordinates":[9.874046,63.734979]},"properties":{"name":"Høybakken badestrand","source":"OpenStreetMap"}},{"type":"Feature","id":"beach-osm-node-8393781343","geometry":{"type":"Point","coordinates":[9.784995,63.767793]},"properties":{"name":"Mebostad badestrand","source":"OpenStreetMap"}},{"type":"Feature","id":"beach-osm-node-8393787929","geometry":{"type":"Point","coordinates":[9.592601,63.727212]},"properties":{"name":"Sjøgata badestrand","source":"OpenStreetMap"}},{"type":"Feature","id":"beach-osm-node-8393787930","geometry":{"type":"Point","coordinates":[9.605102,63.727731]},"properties":{"name":"Likskjæret badestrand","source":"OpenStreetMap"}},{"type":"Feature","id":"beach-osm-node-8820605938","geometry":{"type":"Point","coordinates":[10.764678,59.880495]},"properties":{"name":"Bekkelagsbadet","source":"OpenStreetMap"}},{"type":"Feature","id":"beach-osm-node-9286632763","geometry":{"type":"Point","coordinates":[5.392704,59.767673]},"properties":{"name":"Sætravikjo Strand","source":"OpenStreetMap"}},{"type":"Feature","id":"beach-osm-node-9290027747","geometry":{"type":"Point","coordinates":[5.537184,59.791544]},"properties":{"name":"Apalvika","source":"OpenStreetMap"}},{"type":"Feature","id":"beach-osm-node-10959006342","geometry":{"type":"Point","coordinates":[10.738678,59.806071]},"properties":{"name":"Mjølsekken","source":"OpenStreetMap"}},{"type":"Feature","id":"beach-osm-node-11835330008","geometry":{"type":"Point","coordinates":[10.18112,59.74745]},"properties":{"name":"Grua","source":"OpenStreetMap"}},{"type":"Feature","id":"beach-osm-node-12078203005","geometry":{"type":"Point","coordinates":[12.395733,65.749863]},"properties":{"name":"Vallan","source":"OpenStreetMap"}},{"type":"Feature","id":"beach-osm-node-12745394412","geometry":{"type":"Point","coordinates":[10.495447,59.42548]},"properties":{"name":"Tivolistranda","source":"OpenStreetMap"}},{"type":"Feature","id":"beach-osm-node-13046469491","geometry":{"type":"Point","coordinates":[19.941619,70.008286]},"properties":{"name":"Sandvika","source":"OpenStreetMap"}},{"type":"Feature","id":"beach-osm-node-13068207401","geometry":{"type":"Point","coordinates":[18.067717,69.489347]},"properties":{"name":"Skårlineset","source":"OpenStreetMap"}},{"type":"Feature","id":"beach-osm-node-13121200257","geometry":{"type":"Point","coordinates":[8.576222,60.633704]},"properties":{"name":"Oppsjø vasspark","source":"OpenStreetMap"}},{"type":"Feature","id":"beach-osm-node-13123092675","geometry":{"type":"Point","coordinates":[11.600641,64.981837]},"properties":{"name":"Søndagsvika","source":"OpenStreetMap"}},{"type":"Feature","id":"beach-osm-node-13176595812","geometry":{"type":"Point","coordinates":[12.358199,60.169448]},"properties":{"name":"Snupunkt Møkkeren","source":"OpenStreetMap"}},{"type":"Feature","id":"beach-osm-node-13238978377","geometry":{"type":"Point","coordinates":[8.848258,58.485293]},"properties":{"name":"Paulus holme","source":"OpenStreetMap"}},{"type":"Feature","id":"beach-osm-node-13713362683","geometry":{"type":"Point","coordinates":[5.590742,59.455529]},"properties":{"name":"Kvernavika","source":"OpenStreetMap"}},{"type":"Feature","id":"beach-osm-way-25309172","geometry":{"type":"Point","coordinates":[10.490164,59.842589]},"properties":{"name":"Hvalstrand","source":"OpenStreetMap"}},{"type":"Feature","id":"beach-osm-way-25727371","geometry":{"type":"Point","coordinates":[10.631998,59.482914]},"properties":{"name":"Heyerdalsbukta","source":"OpenStreetMap"}},{"type":"Feature","id":"beach-osm-way-30083038","geometry":{"type":"Point","coordinates":[7.81377,58.666284]},"properties":{"name":"Danskeleiren","source":"OpenStreetMap"}},{"type":"Feature","id":"beach-osm-way-30175763","geometry":{"type":"Point","coordinates":[7.79755,58.668263]},"properties":{"name":"Fagersand","source":"OpenStreetMap"}},{"type":"Feature","id":"beach-osm-way-30285039","geometry":{"type":"Point","coordinates":[7.787482,58.744199]},"properties":{"name":"Dalebukta","source":"OpenStreetMap"}},{"type":"Feature","id":"beach-osm-way-30344094","geometry":{"type":"Point","coordinates":[7.814954,58.730751]},"properties":{"name":"Rakkenes","source":"OpenStreetMap"}},{"type":"Feature","id":"beach-osm-way-30344413","geometry":{"type":"Point","coordinates":[7.833766,58.767424]},"properties":{"name":"Berenes","source":"OpenStreetMap"}},{"type":"Feature","id":"beach-osm-way-32777348","geometry":{"type":"Point","coordinates":[5.75662,58.953972]},"properties":{"name":"Godalen","source":"OpenStreetMap"}},{"type":"Feature","id":"beach-osm-way-36932023","geometry":{"type":"Point","coordinates":[10.914109,60.882059]},"properties":{"name":"Pellervikstranda","source":"OpenStreetMap"}},{"type":"Feature","id":"beach-osm-way-37747512","geometry":{"type":"Point","coordinates":[10.331795,59.198106]},"properties":{"name":"Storevar Badestrand","source":"OpenStreetMap"}},{"type":"Feature","id":"beach-osm-way-38303540","geometry":{"type":"Point","coordinates":[7.79375,58.828647]},"properties":{"name":"Tangen","source":"OpenStreetMap"}},{"type":"Feature","id":"beach-osm-way-38303541","geometry":{"type":"Point","coordinates":[7.793108,58.829359]},"properties":{"name":"Tangen","source":"OpenStreetMap"}},{"type":"Feature","id":"beach-osm-way-38867289","geometry":{"type":"Point","coordinates":[10.429494,59.25282]},"properties":{"name":"Rosanesstranda","source":"OpenStreetMap"}},{"type":"Feature","id":"beach-osm-way-43181461","geometry":{"type":"Point","coordinates":[10.94906,60.854963]},"properties":{"name":"Fiskerly","source":"OpenStreetMap"}},{"type":"Feature","id":"beach-osm-way-47290066","geometry":{"type":"Point","coordinates":[10.36598,59.716231]},"properties":{"name":"Hyggenstranda","source":"OpenStreetMap"}},{"type":"Feature","id":"beach-osm-way-54063526","geometry":{"type":"Point","coordinates":[10.494144,59.275797]},"properties":{"name":"Ringshaugstranda","source":"OpenStreetMap"}},{"type":"Feature","id":"beach-osm-way-54557465","geometry":{"type":"Point","coordinates":[10.464357,59.225668]},"properties":{"name":"Fjærholmen","source":"OpenStreetMap"}},{"type":"Feature","id":"beach-osm-way-66308705","geometry":{"type":"Point","coordinates":[11.067471,59.215334]},"properties":{"name":"Vispen","source":"OpenStreetMap"}},{"type":"Feature","id":"beach-osm-way-118245594","geometry":{"type":"Point","coordinates":[10.469833,59.519792]},"properties":{"name":"Rødsteigen","source":"OpenStreetMap"}},{"type":"Feature","id":"beach-osm-way-119385306","geometry":{"type":"Point","coordinates":[10.650132,59.91235]},"properties":{"name":"Vækerøstranda","source":"OpenStreetMap"}},{"type":"Feature","id":"beach-osm-way-124656320","geometry":{"type":"Point","coordinates":[5.085558,62.003623]},"properties":{"name":"Refviksanden","source":"OpenStreetMap"}},{"type":"Feature","id":"beach-osm-way-129856027","geometry":{"type":"Point","coordinates":[5.115994,60.448068]},"properties":{"name":"Kollavågen","source":"OpenStreetMap"}},{"type":"Feature","id":"beach-osm-way-142836840","geometry":{"type":"Point","coordinates":[8.031493,58.146357]},"properties":{"name":"Bertesbukta","source":"OpenStreetMap"}},{"type":"Feature","id":"beach-osm-way-148637214","geometry":{"type":"Point","coordinates":[10.756033,59.862599]},"properties":{"name":"Mostranda","source":"OpenStreetMap"}},{"type":"Feature","id":"beach-osm-way-162905055","geometry":{"type":"Point","coordinates":[9.718507,59.078236]},"properties":{"name":"Brønnstadbukta","source":"OpenStreetMap"}},{"type":"Feature","id":"beach-osm-way-170368592","geometry":{"type":"Point","coordinates":[10.292538,59.116628]},"properties":{"name":"Skjellvika","source":"OpenStreetMap"}},{"type":"Feature","id":"beach-osm-way-172954374","geometry":{"type":"Point","coordinates":[7.057457,58.120927]},"properties":{"name":"Rosfjordsanden","source":"OpenStreetMap"}},{"type":"Feature","id":"beach-osm-way-175558228","geometry":{"type":"Point","coordinates":[8.019051,58.144195]},"properties":{"name":"Galgebergtangen","source":"OpenStreetMap"}},{"type":"Feature","id":"beach-osm-way-176707863","geometry":{"type":"Point","coordinates":[9.416313,58.864693]},"properties":{"name":"Lindvika","source":"OpenStreetMap"}},{"type":"Feature","id":"beach-osm-way-176707864","geometry":{"type":"Point","coordinates":[9.41442,58.864737]},"properties":{"name":"Sjøbadet","source":"OpenStreetMap"}},{"type":"Feature","id":"beach-osm-way-177999822","geometry":{"type":"Point","coordinates":[10.62096,59.821219]},"properties":{"name":"Alværnbukta","source":"OpenStreetMap"}},{"type":"Feature","id":"beach-osm-way-180801116","geometry":{"type":"Point","coordinates":[10.346009,59.217682]},"properties":{"name":"Melsomstranda","source":"OpenStreetMap"}},{"type":"Feature","id":"beach-osm-way-192660363","geometry":{"type":"Point","coordinates":[5.995774,59.019818]},"properties":{"name":"Barkavika","source":"OpenStreetMap"}},{"type":"Feature","id":"beach-osm-way-229175371","geometry":{"type":"Point","coordinates":[11.247276,59.668506]},"properties":{"name":"Sandstangen","source":"OpenStreetMap"}},{"type":"Feature","id":"beach-osm-way-229175372","geometry":{"type":"Point","coordinates":[11.251913,59.668156]},"properties":{"name":"Sandstangen","source":"OpenStreetMap"}},{"type":"Feature","id":"beach-osm-way-230241673","geometry":{"type":"Point","coordinates":[4.876837,61.762024]},"properties":{"name":"Botnelabo","source":"OpenStreetMap"}},{"type":"Feature","id":"beach-osm-way-231654187","geometry":{"type":"Point","coordinates":[10.232986,63.619672]},"properties":{"name":"Breilisand","source":"OpenStreetMap"}},{"type":"Feature","id":"beach-osm-way-235254427","geometry":{"type":"Point","coordinates":[11.139136,59.712825]},"properties":{"name":"Bermerud","source":"OpenStreetMap"}},{"type":"Feature","id":"beach-osm-way-276003169","geometry":{"type":"Point","coordinates":[11.096801,60.780016]},"properties":{"name":"Sandvikastranda","source":"OpenStreetMap"}},{"type":"Feature","id":"beach-osm-way-276005528","geometry":{"type":"Point","coordinates":[11.07501,60.766749]},"properties":{"name":"HIAS-Stranda","source":"OpenStreetMap"}},{"type":"Feature","id":"beach-osm-way-291590200","geometry":{"type":"Point","coordinates":[11.042283,59.025991]},"properties":{"name":"Kroksand","source":"OpenStreetMap"}},{"type":"Feature","id":"beach-osm-way-292314823","geometry":{"type":"Point","coordinates":[11.105587,59.037435]},"properties":{"name":"Tresvika","source":"OpenStreetMap"}},{"type":"Feature","id":"beach-osm-way-294116814","geometry":{"type":"Point","coordinates":[11.103296,59.016341]},"properties":{"name":"Gjøvika","source":"OpenStreetMap"}},{"type":"Feature","id":"beach-osm-way-294898021","geometry":{"type":"Point","coordinates":[8.584934,58.499046]},"properties":{"name":"Badeplass","source":"OpenStreetMap"}},{"type":"Feature","id":"beach-osm-way-295551307","geometry":{"type":"Point","coordinates":[11.041904,58.992098]},"properties":{"name":"Grønnbaugen","source":"OpenStreetMap"}},{"type":"Feature","id":"beach-osm-way-300230177","geometry":{"type":"Point","coordinates":[7.428444,58.018356]},"properties":{"name":"Torkilshåla","source":"OpenStreetMap"}},{"type":"Feature","id":"beach-osm-way-302709956","geometry":{"type":"Point","coordinates":[11.123004,59.114452]},"properties":{"name":"Ekevika","source":"OpenStreetMap"}},{"type":"Feature","id":"beach-osm-way-302712661","geometry":{"type":"Point","coordinates":[11.138338,59.113308]},"properties":{"name":"Singløysand","source":"OpenStreetMap"}},{"type":"Feature","id":"beach-osm-way-332155532","geometry":{"type":"Point","coordinates":[7.817891,58.065728]},"properties":{"name":"Fippeviga","source":"OpenStreetMap"}},{"type":"Feature","id":"beach-osm-way-332156748","geometry":{"type":"Point","coordinates":[7.817854,58.068679]},"properties":{"name":"Braneset","source":"OpenStreetMap"}},{"type":"Feature","id":"beach-osm-way-332156749","geometry":{"type":"Point","coordinates":[7.817471,58.066936]},"properties":{"name":"Saueviga","source":"OpenStreetMap"}},{"type":"Feature","id":"beach-osm-way-348028086","geometry":{"type":"Point","coordinates":[5.789836,58.930314]},"properties":{"name":"Strand","source":"OpenStreetMap"}},{"type":"Feature","id":"beach-osm-way-349847969","geometry":{"type":"Point","coordinates":[10.653277,59.385551]},"properties":{"name":"Fuglevik","source":"OpenStreetMap"}},{"type":"Feature","id":"beach-osm-way-354970569","geometry":{"type":"Point","coordinates":[7.787968,58.078405]},"properties":{"name":"Torvesanden","source":"OpenStreetMap"}},{"type":"Feature","id":"beach-osm-way-361609605","geometry":{"type":"Point","coordinates":[9.071104,58.599671]},"properties":{"name":"Sandvika","source":"OpenStreetMap"}},{"type":"Feature","id":"beach-osm-way-361623667","geometry":{"type":"Point","coordinates":[9.045064,58.584082]},"properties":{"name":"Paradisbukta","source":"OpenStreetMap"}},{"type":"Feature","id":"beach-osm-way-363224435","geometry":{"type":"Point","coordinates":[11.010422,59.282007]},"properties":{"name":"Samhold","source":"OpenStreetMap"}},{"type":"Feature","id":"beach-osm-way-363516057","geometry":{"type":"Point","coordinates":[10.995624,59.296634]},"properties":{"name":"Rostadneset","source":"OpenStreetMap"}},{"type":"Feature","id":"beach-osm-way-382433779","geometry":{"type":"Point","coordinates":[11.192601,59.120467]},"properties":{"name":"Kålvika","source":"OpenStreetMap"}},{"type":"Feature","id":"beach-osm-way-382433780","geometry":{"type":"Point","coordinates":[11.185511,59.119036]},"properties":{"name":"Bergsmarkstranda","source":"OpenStreetMap"}},{"type":"Feature","id":"beach-osm-way-388124336","geometry":{"type":"Point","coordinates":[9.371669,58.856319]},"properties":{"name":"Breibukta","source":"OpenStreetMap"}},{"type":"Feature","id":"beach-osm-way-389069152","geometry":{"type":"Point","coordinates":[9.382023,58.858299]},"properties":{"name":"Sjøstrand","source":"OpenStreetMap"}},{"type":"Feature","id":"beach-osm-way-396079045","geometry":{"type":"Point","coordinates":[5.314774,60.441247]},"properties":{"name":"Vollane","source":"OpenStreetMap"}},{"type":"Feature","id":"beach-osm-way-429270287","geometry":{"type":"Point","coordinates":[5.619382,59.426641]},"properties":{"name":"Notaflåt","source":"OpenStreetMap"}},{"type":"Feature","id":"beach-osm-way-434786696","geometry":{"type":"Point","coordinates":[9.487903,58.889123]},"properties":{"name":"Gangdalstranda","source":"OpenStreetMap"}},{"type":"Feature","id":"beach-osm-way-444169250","geometry":{"type":"Point","coordinates":[10.364978,59.530344]},"properties":{"name":"Hagasand","source":"OpenStreetMap"}},{"type":"Feature","id":"beach-osm-way-444170299","geometry":{"type":"Point","coordinates":[10.387553,59.535881]},"properties":{"name":"Leinastranda","source":"OpenStreetMap"}},{"type":"Feature","id":"beach-osm-way-444465653","geometry":{"type":"Point","coordinates":[5.749617,58.890808]},"properties":{"name":"Forusstraen","source":"OpenStreetMap"}},{"type":"Feature","id":"beach-osm-way-445409895","geometry":{"type":"Point","coordinates":[5.930177,59.733385]},"properties":{"name":"Pebaren","source":"OpenStreetMap"}},{"type":"Feature","id":"beach-osm-way-464425562","geometry":{"type":"Point","coordinates":[13.797196,66.967075]},"properties":{"name":"Storvik bukta","source":"OpenStreetMap"}},{"type":"Feature","id":"beach-osm-way-464425564","geometry":{"type":"Point","coordinates":[13.786297,66.969192]},"properties":{"name":"Lillestranda","source":"OpenStreetMap"}},{"type":"Feature","id":"beach-osm-way-479455357","geometry":{"type":"Point","coordinates":[8.593759,58.335156]},"properties":{"name":"Bystranda","source":"OpenStreetMap"}},{"type":"Feature","id":"beach-osm-way-480016626","geometry":{"type":"Point","coordinates":[10.351445,59.145486]},"properties":{"name":"Hvervodden","source":"OpenStreetMap"}},{"type":"Feature","id":"beach-osm-way-482583959","geometry":{"type":"Point","coordinates":[10.476074,59.258791]},"properties":{"name":"Klopp","source":"OpenStreetMap"}},{"type":"Feature","id":"beach-osm-way-484889474","geometry":{"type":"Point","coordinates":[9.288605,58.733632]},"properties":{"name":"Myggbukta","source":"OpenStreetMap"}},{"type":"Feature","id":"beach-osm-way-491788578","geometry":{"type":"Point","coordinates":[10.431776,63.449588]},"properties":{"name":"Korsvika","source":"OpenStreetMap"}},{"type":"Feature","id":"beach-osm-way-493652684","geometry":{"type":"Point","coordinates":[10.290866,59.122227]},"properties":{"name":"Hagaløkka","source":"OpenStreetMap"}},{"type":"Feature","id":"beach-osm-way-496654238","geometry":{"type":"Point","coordinates":[6.841642,62.79819]},"properties":{"name":"Horremstranda","source":"OpenStreetMap"}},{"type":"Feature","id":"beach-osm-way-496667661","geometry":{"type":"Point","coordinates":[6.097226,62.467043]},"properties":{"name":"Tueneset","source":"OpenStreetMap"}},{"type":"Feature","id":"beach-osm-way-497357175","geometry":{"type":"Point","coordinates":[5.183926,59.19661]},"properties":{"name":"Håland-sand","source":"OpenStreetMap"}},{"type":"Feature","id":"beach-osm-way-497357181","geometry":{"type":"Point","coordinates":[5.18135,59.199331]},"properties":{"name":"Hemnessand","source":"OpenStreetMap"}},{"type":"Feature","id":"beach-osm-way-498814143","geometry":{"type":"Point","coordinates":[8.146673,58.187278]},"properties":{"name":"Badestranda","source":"OpenStreetMap"}},{"type":"Feature","id":"beach-osm-way-507334149","geometry":{"type":"Point","coordinates":[10.602163,59.418007]},"properties":{"name":"Albystranda","source":"OpenStreetMap"}},{"type":"Feature","id":"beach-osm-way-515634731","geometry":{"type":"Point","coordinates":[10.827925,59.170596]},"properties":{"name":"Foten","source":"OpenStreetMap"}},{"type":"Feature","id":"beach-osm-way-518992832","geometry":{"type":"Point","coordinates":[10.638618,59.483311]},"properties":{"name":"Nes","source":"OpenStreetMap"}},{"type":"Feature","id":"beach-osm-way-519149323","geometry":{"type":"Point","coordinates":[10.783975,59.255373]},"properties":{"name":"Star","source":"OpenStreetMap"}},{"type":"Feature","id":"beach-osm-way-538515634","geometry":{"type":"Point","coordinates":[10.451432,59.082278]},"properties":{"name":"Krukestranda","source":"OpenStreetMap"}},{"type":"Feature","id":"beach-osm-way-544213144","geometry":{"type":"Point","coordinates":[7.086239,57.99245]},"properties":{"name":"Amaliesvik","source":"OpenStreetMap"}},{"type":"Feature","id":"beach-osm-way-545811322","geometry":{"type":"Point","coordinates":[7.145334,58.038398]},"properties":{"name":"Sandvikstranna","source":"OpenStreetMap"}},{"type":"Feature","id":"beach-osm-way-556888106","geometry":{"type":"Point","coordinates":[10.501223,59.290898]},"properties":{"name":"Skallevoldstranda","source":"OpenStreetMap"}},{"type":"Feature","id":"beach-osm-way-561884726","geometry":{"type":"Point","coordinates":[10.467469,59.377242]},"properties":{"name":"Borrestranda","source":"OpenStreetMap"}},{"type":"Feature","id":"beach-osm-way-575630227","geometry":{"type":"Point","coordinates":[8.139169,58.107341]},"properties":{"name":"Buane","source":"OpenStreetMap"}},{"type":"Feature","id":"beach-osm-way-598206362","geometry":{"type":"Point","coordinates":[5.862558,58.918462]},"properties":{"name":"Frøilandsstranda","source":"OpenStreetMap"}},{"type":"Feature","id":"beach-osm-way-598621263","geometry":{"type":"Point","coordinates":[10.337563,59.524833]},"properties":{"name":"Sølehølet","source":"OpenStreetMap"}},{"type":"Feature","id":"beach-osm-way-605715511","geometry":{"type":"Point","coordinates":[9.695473,58.981551]},"properties":{"name":"Elvikstranden","source":"OpenStreetMap"}},{"type":"Feature","id":"beach-osm-way-605715512","geometry":{"type":"Point","coordinates":[9.694707,58.981183]},"properties":{"name":"Elvikstranden","source":"OpenStreetMap"}},{"type":"Feature","id":"beach-osm-way-611774303","geometry":{"type":"Point","coordinates":[10.393014,59.553896]},"properties":{"name":"Sandstranda","source":"OpenStreetMap"}},{"type":"Feature","id":"beach-osm-way-614464626","geometry":{"type":"Point","coordinates":[10.680726,59.314991]},"properties":{"name":"Engholmstranda","source":"OpenStreetMap"}},{"type":"Feature","id":"beach-osm-way-618219990","geometry":{"type":"Point","coordinates":[10.270088,59.55966]},"properties":{"name":"Nordre Jarlsberg badeplass","source":"OpenStreetMap"}},{"type":"Feature","id":"beach-osm-way-619446813","geometry":{"type":"Point","coordinates":[10.741383,59.309718]},"properties":{"name":"Husebystranda","source":"OpenStreetMap"}},{"type":"Feature","id":"beach-osm-way-640396265","geometry":{"type":"Point","coordinates":[10.681734,59.518452]},"properties":{"name":"Langesand","source":"OpenStreetMap"}},{"type":"Feature","id":"beach-osm-way-642474816","geometry":{"type":"Point","coordinates":[9.389963,63.595381]},"properties":{"name":"Valen","source":"OpenStreetMap"}},{"type":"Feature","id":"beach-osm-way-644623653","geometry":{"type":"Point","coordinates":[8.826407,58.436235]},"properties":{"name":"Hove strand","source":"OpenStreetMap"}},{"type":"Feature","id":"beach-osm-way-654552708","geometry":{"type":"Point","coordinates":[10.731022,59.257596]},"properties":{"name":"Solviken","source":"OpenStreetMap"}},{"type":"Feature","id":"beach-osm-way-669928933","geometry":{"type":"Point","coordinates":[10.801976,59.209592]},"properties":{"name":"Andersenslippen","source":"OpenStreetMap"}},{"type":"Feature","id":"beach-osm-way-669928937","geometry":{"type":"Point","coordinates":[10.730573,59.278395]},"properties":{"name":"Skjæløy","source":"OpenStreetMap"}},{"type":"Feature","id":"beach-osm-way-669928939","geometry":{"type":"Point","coordinates":[11.165732,59.190099]},"properties":{"name":"Feriehjemmet","source":"OpenStreetMap"}},{"type":"Feature","id":"beach-osm-way-669928940","geometry":{"type":"Point","coordinates":[10.790937,59.193181]},"properties":{"name":"Mærrapanna","source":"OpenStreetMap"}},{"type":"Feature","id":"beach-osm-way-669928941","geometry":{"type":"Point","coordinates":[11.160524,59.157648]},"properties":{"name":"Værbaug","source":"OpenStreetMap"}},{"type":"Feature","id":"beach-osm-way-669928942","geometry":{"type":"Point","coordinates":[10.738932,59.254426]},"properties":{"name":"Guttehjemmet","source":"OpenStreetMap"}},{"type":"Feature","id":"beach-osm-way-669928943","geometry":{"type":"Point","coordinates":[10.736272,59.244948]},"properties":{"name":"Flåtavika","source":"OpenStreetMap"}},{"type":"Feature","id":"beach-osm-way-669928945","geometry":{"type":"Point","coordinates":[10.906656,59.170383]},"properties":{"name":"Sandbukta","source":"OpenStreetMap"}},{"type":"Feature","id":"beach-osm-way-669928947","geometry":{"type":"Point","coordinates":[10.865788,59.181333]},"properties":{"name":"Faratangen","source":"OpenStreetMap"}},{"type":"Feature","id":"beach-osm-way-669928949","geometry":{"type":"Point","coordinates":[11.036135,59.145708]},"properties":{"name":"Humlekjærstranda","source":"OpenStreetMap"}},{"type":"Feature","id":"beach-osm-way-669928951","geometry":{"type":"Point","coordinates":[11.037117,59.156375]},"properties":{"name":"Korset","source":"OpenStreetMap"}},{"type":"Feature","id":"beach-osm-way-669928954","geometry":{"type":"Point","coordinates":[10.747425,59.291704]},"properties":{"name":"Ellingstranda","source":"OpenStreetMap"}},{"type":"Feature","id":"beach-osm-way-669928956","geometry":{"type":"Point","coordinates":[10.764383,59.233841]},"properties":{"name":"Letterødtangen","source":"OpenStreetMap"}},{"type":"Feature","id":"beach-osm-way-669928959","geometry":{"type":"Point","coordinates":[10.789445,59.217787]},"properties":{"name":"Theastranda","source":"OpenStreetMap"}},{"type":"Feature","id":"beach-osm-way-669928964","geometry":{"type":"Point","coordinates":[11.110309,59.172751]},"properties":{"name":"Revebukta","source":"OpenStreetMap"}},{"type":"Feature","id":"beach-osm-way-669928966","geometry":{"type":"Point","coordinates":[10.812029,59.194508]},"properties":{"name":"Slevikstranda","source":"OpenStreetMap"}},{"type":"Feature","id":"beach-osm-way-669928967","geometry":{"type":"Point","coordinates":[11.036508,59.13834]},"properties":{"name":"Bevøstranda","source":"OpenStreetMap"}},{"type":"Feature","id":"beach-osm-way-669928969","geometry":{"type":"Point","coordinates":[10.770062,59.229626]},"properties":{"name":"Storesandvik","source":"OpenStreetMap"}},{"type":"Feature","id":"beach-osm-way-689591408","geometry":{"type":"Point","coordinates":[10.875323,60.716553]},"properties":{"name":"Tallodden","source":"OpenStreetMap"}},{"type":"Feature","id":"beach-osm-way-694071288","geometry":{"type":"Point","coordinates":[5.853436,58.763472]},"properties":{"name":"Perlå","source":"OpenStreetMap"}},{"type":"Feature","id":"beach-osm-way-700348182","geometry":{"type":"Point","coordinates":[5.328889,60.312315]},"properties":{"name":"Skjoldbukta","source":"OpenStreetMap"}},{"type":"Feature","id":"beach-osm-way-755775263","geometry":{"type":"Point","coordinates":[5.941072,59.032633]},"properties":{"name":"Kuvika","source":"OpenStreetMap"}},{"type":"Feature","id":"beach-osm-way-758544028","geometry":{"type":"Point","coordinates":[11.495422,60.409051]},"properties":{"name":"Kiloa","source":"OpenStreetMap"}},{"type":"Feature","id":"beach-osm-way-789063744","geometry":{"type":"Point","coordinates":[10.608509,59.796381]},"properties":{"name":"Paradiskbukta","source":"OpenStreetMap"}},{"type":"Feature","id":"beach-osm-way-800819833","geometry":{"type":"Point","coordinates":[5.864541,58.918069]},"properties":{"name":"Lille stranda","source":"OpenStreetMap"}},{"type":"Feature","id":"beach-osm-way-815945237","geometry":{"type":"Point","coordinates":[5.818574,58.873061]},"properties":{"name":"Lutsistanda","source":"OpenStreetMap"}},{"type":"Feature","id":"beach-osm-way-816682691","geometry":{"type":"Point","coordinates":[10.538397,63.431354]},"properties":{"name":"Hansbakkfjæra","source":"OpenStreetMap"}},{"type":"Feature","id":"beach-osm-way-816682692","geometry":{"type":"Point","coordinates":[10.541395,63.43111]},"properties":{"name":"Hansbakkfjæra","source":"OpenStreetMap"}},{"type":"Feature","id":"beach-osm-way-817356229","geometry":{"type":"Point","coordinates":[10.609945,63.664146]},"properties":{"name":"Grandfjæra","source":"OpenStreetMap"}},{"type":"Feature","id":"beach-osm-way-819209560","geometry":{"type":"Point","coordinates":[10.726502,59.738844]},"properties":{"name":"Nordre Breivollodden","source":"OpenStreetMap"}},{"type":"Feature","id":"beach-osm-way-828099641","geometry":{"type":"Point","coordinates":[5.199728,59.296541]},"properties":{"name":"Lauvikje","source":"OpenStreetMap"}},{"type":"Feature","id":"beach-osm-way-833798337","geometry":{"type":"Point","coordinates":[9.675875,58.972672]},"properties":{"name":"Ivarsand","source":"OpenStreetMap"}},{"type":"Feature","id":"beach-osm-way-833798341","geometry":{"type":"Point","coordinates":[9.704426,59.006857]},"properties":{"name":"Rognstranda","source":"OpenStreetMap"}},{"type":"Feature","id":"beach-osm-way-879366940","geometry":{"type":"Point","coordinates":[5.485546,60.186913]},"properties":{"name":"Solstrand","source":"OpenStreetMap"}},{"type":"Feature","id":"beach-osm-way-880767431","geometry":{"type":"Point","coordinates":[5.633829,60.057968]},"properties":{"name":"Apalvikjo","source":"OpenStreetMap"}},{"type":"Feature","id":"beach-osm-way-883299177","geometry":{"type":"Point","coordinates":[6.722927,60.37776]},"properties":{"name":"Badelagune","source":"OpenStreetMap"}},{"type":"Feature","id":"beach-osm-way-893102947","geometry":{"type":"Point","coordinates":[11.916769,62.506715]},"properties":{"name":"Øysanden","source":"OpenStreetMap"}},{"type":"Feature","id":"beach-osm-way-906759855","geometry":{"type":"Point","coordinates":[19.719257,69.781191]},"properties":{"name":"Nakkesanden","source":"OpenStreetMap"}},{"type":"Feature","id":"beach-osm-way-926679492","geometry":{"type":"Point","coordinates":[5.543806,61.369156]},"properties":{"name":"Timmervikfjæra","source":"OpenStreetMap"}},{"type":"Feature","id":"beach-osm-way-981875984","geometry":{"type":"Point","coordinates":[10.936805,60.748561]},"properties":{"name":"Skurven","source":"OpenStreetMap"}},{"type":"Feature","id":"beach-osm-way-982907009","geometry":{"type":"Point","coordinates":[10.920766,60.87859]},"properties":{"name":"Bystranda","source":"OpenStreetMap"}},{"type":"Feature","id":"beach-osm-way-983024358","geometry":{"type":"Point","coordinates":[10.98577,60.827626]},"properties":{"name":"Jessnesstranda","source":"OpenStreetMap"}},{"type":"Feature","id":"beach-osm-way-983404260","geometry":{"type":"Point","coordinates":[11.051355,60.792494]},"properties":{"name":"Ridehusstranda","source":"OpenStreetMap"}},{"type":"Feature","id":"beach-osm-way-986876655","geometry":{"type":"Point","coordinates":[7.154615,62.991437]},"properties":{"name":"Breivika","source":"OpenStreetMap"}},{"type":"Feature","id":"beach-osm-way-987637208","geometry":{"type":"Point","coordinates":[10.67818,60.8208]},"properties":{"name":"Bråstad","source":"OpenStreetMap"}},{"type":"Feature","id":"beach-osm-way-1021735477","geometry":{"type":"Point","coordinates":[10.847335,59.083808]},"properties":{"name":"Gutormsvauen","source":"OpenStreetMap"}},{"type":"Feature","id":"beach-osm-way-1026540677","geometry":{"type":"Point","coordinates":[11.170503,60.47897]},"properties":{"name":"Årnesstranda","source":"OpenStreetMap"}},{"type":"Feature","id":"beach-osm-way-1059488463","geometry":{"type":"Point","coordinates":[9.56598,59.255261]},"properties":{"name":"Hoppestad badeplass","source":"OpenStreetMap"}},{"type":"Feature","id":"beach-osm-way-1078051402","geometry":{"type":"Point","coordinates":[5.856713,58.886475]},"properties":{"name":"Hogstadvika","source":"OpenStreetMap"}},{"type":"Feature","id":"beach-osm-way-1088832138","geometry":{"type":"Point","coordinates":[7.812206,58.076266]},"properties":{"name":"Høllesanden","source":"OpenStreetMap"}},{"type":"Feature","id":"beach-osm-way-1089021283","geometry":{"type":"Point","coordinates":[10.882063,59.917673]},"properties":{"name":"Lutvann badeplass","source":"OpenStreetMap"}},{"type":"Feature","id":"beach-osm-way-1096753986","geometry":{"type":"Point","coordinates":[7.563227,58.49562]},"properties":{"name":"Den kvite sanden","source":"OpenStreetMap"}},{"type":"Feature","id":"beach-osm-way-1127735797","geometry":{"type":"Point","coordinates":[10.7592,59.827008]},"properties":{"name":"Bestemorstranda","source":"OpenStreetMap"}},{"type":"Feature","id":"beach-osm-way-1166054378","geometry":{"type":"Point","coordinates":[5.474373,60.576591]},"properties":{"name":"Neset badeplass","source":"OpenStreetMap"}},{"type":"Feature","id":"beach-osm-way-1189493660","geometry":{"type":"Point","coordinates":[10.625473,59.668636]},"properties":{"name":"Parrstranda","source":"OpenStreetMap"}},{"type":"Feature","id":"beach-osm-way-1191276889","geometry":{"type":"Point","coordinates":[7.859339,58.141374]},"properties":{"name":"Farvannet badeplass","source":"OpenStreetMap"}},{"type":"Feature","id":"beach-osm-way-1195585912","geometry":{"type":"Point","coordinates":[10.609144,59.802177]},"properties":{"name":"Sørstrand","source":"OpenStreetMap"}},{"type":"Feature","id":"beach-osm-way-1198599986","geometry":{"type":"Point","coordinates":[6.063756,62.508329]},"properties":{"name":"Gjerdesanden","source":"OpenStreetMap"}},{"type":"Feature","id":"beach-osm-way-1204485487","geometry":{"type":"Point","coordinates":[5.842303,59.102994]},"properties":{"name":"Gardsvågen badestrand","source":"OpenStreetMap"}},{"type":"Feature","id":"beach-osm-way-1208098100","geometry":{"type":"Point","coordinates":[23.706057,70.683636]},"properties":{"name":"Stranda","source":"OpenStreetMap"}},{"type":"Feature","id":"beach-osm-way-1224566251","geometry":{"type":"Point","coordinates":[6.164375,62.45935]},"properties":{"name":"Parrvika","source":"OpenStreetMap"}},{"type":"Feature","id":"beach-osm-way-1279578977","geometry":{"type":"Point","coordinates":[5.065577,61.301275]},"properties":{"name":"Sandvika","source":"OpenStreetMap"}},{"type":"Feature","id":"beach-osm-way-1303794590","geometry":{"type":"Point","coordinates":[9.178924,59.291321]},"properties":{"name":"Nome strand","source":"OpenStreetMap"}},{"type":"Feature","id":"beach-osm-way-1347371920","geometry":{"type":"Point","coordinates":[6.17889,60.348884]},"properties":{"name":"Vikøy","source":"OpenStreetMap"}},{"type":"Feature","id":"beach-osm-way-1378907698","geometry":{"type":"Point","coordinates":[10.494056,59.432417]},"properties":{"name":"Møringa","source":"OpenStreetMap"}},{"type":"Feature","id":"beach-osm-way-1385086935","geometry":{"type":"Point","coordinates":[9.618134,59.676364]},"properties":{"name":"Rundetjern","source":"OpenStreetMap"}},{"type":"Feature","id":"beach-osm-way-1385086936","geometry":{"type":"Point","coordinates":[9.599435,59.706239]},"properties":{"name":"Jondalsdammen","source":"OpenStreetMap"}},{"type":"Feature","id":"beach-osm-way-1385086939","geometry":{"type":"Point","coordinates":[9.504375,59.59476]},"properties":{"name":"Kolsjø","source":"OpenStreetMap"}},{"type":"Feature","id":"beach-osm-way-1385086940","geometry":{"type":"Point","coordinates":[9.480425,59.606812]},"properties":{"name":"Øksne","source":"OpenStreetMap"}},{"type":"Feature","id":"beach-osm-way-1429789508","geometry":{"type":"Point","coordinates":[10.212951,63.550673]},"properties":{"name":"Arnfjæra","source":"OpenStreetMap"}},{"type":"Feature","id":"beach-osm-way-1442817252","geometry":{"type":"Point","coordinates":[8.884638,58.496015]},"properties":{"name":"Omdalsøyra","source":"OpenStreetMap"}},{"type":"Feature","id":"beach-osm-way-1452079831","geometry":{"type":"Point","coordinates":[9.295565,58.733738]},"properties":{"name":"Perleporten","source":"OpenStreetMap"}},{"type":"Feature","id":"beach-osm-way-1458469908","geometry":{"type":"Point","coordinates":[18.079209,69.171087]},"properties":{"name":"Storvika","source":"OpenStreetMap"}},{"type":"Feature","id":"beach-osm-way-1462136408","geometry":{"type":"Point","coordinates":[10.59911,59.881466]},"properties":{"name":"Klaveness Stranden","source":"OpenStreetMap"}},{"type":"Feature","id":"beach-osm-way-1502441286","geometry":{"type":"Point","coordinates":[10.384288,60.325521]},"properties":{"name":"Skutelandet","source":"OpenStreetMap"}},{"type":"Feature","id":"beach-osm-way-818619574","geometry":{"type":"Point","coordinates":[11.125274,59.610987]},"properties":{"name":"Strand","description":"Rock/stone/gravel area which you can walk on during low tide.","source":"OpenStreetMap"}},{"type":"Feature","id":"beach-osm-way-548356909","geometry":{"type":"Point","coordinates":[5.449934,60.235046]},"properties":{"name":"Strand","description":"Small bathing spot at Vindalsvatnet.","source":"OpenStreetMap"}},{"type":"Feature","id":"beach-osm-node-8414156415","geometry":{"type":"Point","coordinates":[9.678639,63.823715]},"properties":{"name":"Strand","description":"Proposed Friluftslivets ferdselsårer høring","source":"OpenStreetMap"}},{"type":"Feature","id":"beach-osm-node-12877154323","geometry":{"type":"Point","coordinates":[9.872264,61.567889]},"properties":{"name":"Strand","description":"1.","source":"OpenStreetMap"}},{"type":"Feature","id":"beach-osm-way-707957974","geometry":{"type":"Point","coordinates":[15.34352,67.25038]},"properties":{"name":"Strand","description":"Badestranda på Lund.","source":"OpenStreetMap"}},{"type":"Feature","id":"beach-osm-way-818620956","geometry":{"type":"Point","coordinates":[11.128576,59.61196]},"properties":{"name":"Strand","description":"Usually an sand,dirt,soil area that is underwater, but at low tide it can be visible.","source":"OpenStreetMap"}},{"type":"Feature","id":"beach-osm-way-866053462","geometry":{"type":"Point","coordinates":[5.169843,61.302119]},"properties":{"name":"Strand","description":"Ura Nova offentlige strand.","source":"OpenStreetMap"}},{"type":"Feature","id":"beach-osm-way-888680386","geometry":{"type":"Point","coordinates":[5.801306,60.814635]},"properties":{"name":"Strand","description":"Offentleg strand.","source":"OpenStreetMap"}},{"type":"Feature","id":"beach-osm-way-87989983","geometry":{"type":"Point","coordinates":[5.714648,58.95318]},"properties":{"name":"Strand","description":"No good for swimming","source":"OpenStreetMap"}},{"type":"Feature","id":"beach-osm-relation-14242613","geometry":{"type":"Point","coordinates":[16.690768,68.45599]},"properties":{"name":"Strand","description":"Underlag: pebblestone","source":"OpenStreetMap"}},{"type":"Feature","id":"beach-osm-node-1126258002","geometry":{"type":"Point","coordinates":[10.867718,59.88856]},"properties":{"name":"Strand","description":"Adgang: official","source":"OpenStreetMap"}},{"type":"Feature","id":"beach-osm-way-378534564","geometry":{"type":"Point","coordinates":[8.391553,58.255142]},"properties":{"name":"Strand","description":"Underlag: sand","source":"OpenStreetMap"}},{"type":"Feature","id":"beach-osm-way-1084908434","geometry":{"type":"Point","coordinates":[10.45175,60.429628]},"properties":{"name":"Strand","description":"Underlag: sand","source":"OpenStreetMap"}},{"type":"Feature","id":"beach-osm-way-1352207700","geometry":{"type":"Point","coordinates":[10.80391,59.17206]},"properties":{"name":"Strand","description":"Underlag: grass","source":"OpenStreetMap"}},{"type":"Feature","id":"beach-osm-way-1352290097","geometry":{"type":"Point","coordinates":[10.828108,59.155313]},"properties":{"name":"Strand","description":"Underlag: sand","source":"OpenStreetMap"}},{"type":"Feature","id":"beach-osm-way-1417956688","geometry":{"type":"Point","coordinates":[10.403737,59.569278]},"properties":{"name":"Strand","source":"OpenStreetMap"}},{"type":"Feature","id":"beach-osm-way-1460091478","geometry":{"type":"Point","coordinates":[10.634526,59.902796]},"properties":{"name":"Strand","description":"Underlag: shingle","source":"OpenStreetMap"}},{"type":"Feature","id":"beach-osm-relation-4758108","geometry":{"type":"Point","coordinates":[16.924896,68.477545]},"properties":{"name":"Strand","description":"Underlag: pebblestone","source":"OpenStreetMap"}},{"type":"Feature","id":"beach-osm-node-3597124002","geometry":{"type":"Point","coordinates":[12.274409,65.957547]},"properties":{"name":"Strand","description":"Underlag: sand","source":"OpenStreetMap"}},{"type":"Feature","id":"beach-osm-node-12115423612","geometry":{"type":"Point","coordinates":[7.73205,58.914405]},"properties":{"name":"Strand","description":"Underlag: sand","source":"OpenStreetMap"}},{"type":"Feature","id":"beach-osm-way-161691439","geometry":{"type":"Point","coordinates":[10.423409,59.526292]},"properties":{"name":"Strand","description":"Underlag: sand","source":"OpenStreetMap"}},{"type":"Feature","id":"beach-osm-way-166254807","geometry":{"type":"Point","coordinates":[10.883818,59.727776]},"properties":{"name":"Strand","description":"Underlag: sand","source":"OpenStreetMap"}},{"type":"Feature","id":"beach-osm-way-198912207","geometry":{"type":"Point","coordinates":[5.229991,60.507597]},"properties":{"name":"Strand","description":"Underlag: sand","source":"OpenStreetMap"}},{"type":"Feature","id":"beach-osm-way-233306867","geometry":{"type":"Point","coordinates":[8.14861,58.478082]},"properties":{"name":"Strand","description":"Underlag: sand","source":"OpenStreetMap"}},{"type":"Feature","id":"beach-osm-way-278833501","geometry":{"type":"Point","coordinates":[10.61238,59.569445]},"properties":{"name":"Strand","description":"Underlag: sand","source":"OpenStreetMap"}},{"type":"Feature","id":"beach-osm-way-297524208","geometry":{"type":"Point","coordinates":[10.96376,59.933217]},"properties":{"name":"Strand","description":"Underlag: sand","source":"OpenStreetMap"}},{"type":"Feature","id":"beach-osm-way-297525162","geometry":{"type":"Point","coordinates":[10.955827,59.939662]},"properties":{"name":"Strand","description":"Underlag: sand","source":"OpenStreetMap"}},{"type":"Feature","id":"beach-osm-way-305289808","geometry":{"type":"Point","coordinates":[8.322258,62.232643]},"properties":{"name":"Strand","description":"Underlag: mud","source":"OpenStreetMap"}},{"type":"Feature","id":"beach-osm-way-385658583","geometry":{"type":"Point","coordinates":[7.138272,61.20986]},"properties":{"name":"Strand","description":"Underlag: gravel","source":"OpenStreetMap"}},{"type":"Feature","id":"beach-osm-way-416650081","geometry":{"type":"Point","coordinates":[10.633374,59.702204]},"properties":{"name":"Strand","description":"Underlag: sand","source":"OpenStreetMap"}},{"type":"Feature","id":"beach-osm-way-502154776","geometry":{"type":"Point","coordinates":[7.051504,58.122431]},"properties":{"name":"Strand","description":"Underlag: sand","source":"OpenStreetMap"}},{"type":"Feature","id":"beach-osm-way-557512738","geometry":{"type":"Point","coordinates":[10.046845,59.036998]},"properties":{"name":"Strand","description":"Underlag: sand","source":"OpenStreetMap"}},{"type":"Feature","id":"beach-osm-way-681357953","geometry":{"type":"Point","coordinates":[9.85603,58.995621]},"properties":{"name":"Strand","description":"Underlag: sand.","source":"OpenStreetMap"}},{"type":"Feature","id":"beach-osm-way-708311620","geometry":{"type":"Point","coordinates":[7.097251,60.458939]},"properties":{"name":"Strand","description":"Underlag: gravel","source":"OpenStreetMap"}},{"type":"Feature","id":"beach-osm-way-709242470","geometry":{"type":"Point","coordinates":[23.211182,69.941906]},"properties":{"name":"Strand","description":"Underlag: sand","source":"OpenStreetMap"}},{"type":"Feature","id":"beach-osm-way-844955039","geometry":{"type":"Point","coordinates":[8.530628,60.614726]},"properties":{"name":"Strand","description":"Underlag: sand","source":"OpenStreetMap"}},{"type":"Feature","id":"beach-osm-way-890929171","geometry":{"type":"Point","coordinates":[10.853658,60.070096]},"properties":{"name":"Strand","description":"Underlag: rock","source":"OpenStreetMap"}},{"type":"Feature","id":"beach-osm-way-988086935","geometry":{"type":"Point","coordinates":[10.64021,59.908182]},"properties":{"name":"Strand","description":"Underlag: sand","source":"OpenStreetMap"}},{"type":"Feature","id":"beach-osm-way-1025967444","geometry":{"type":"Point","coordinates":[6.154606,58.905757]},"properties":{"name":"Strand","source":"OpenStreetMap"}},{"type":"Feature","id":"beach-osm-way-1074841366","geometry":{"type":"Point","coordinates":[10.899968,59.184746]},"properties":{"name":"Strand","description":"Underlag: sand","source":"OpenStreetMap"}},{"type":"Feature","id":"beach-osm-way-1188352509","geometry":{"type":"Point","coordinates":[6.199705,62.468502]},"properties":{"name":"Strand","description":"Underlag: sand","source":"OpenStreetMap"}},{"type":"Feature","id":"beach-osm-way-1190470544","geometry":{"type":"Point","coordinates":[10.070108,59.021515]},"properties":{"name":"Strand","description":"Underlag: sand","source":"OpenStreetMap"}},{"type":"Feature","id":"beach-osm-way-1251593684","geometry":{"type":"Point","coordinates":[10.613941,59.889125]},"properties":{"name":"Strand","description":"Underlag: sand","source":"OpenStreetMap"}},{"type":"Feature","id":"beach-osm-way-1305463917","geometry":{"type":"Point","coordinates":[5.231433,60.509566]},"properties":{"name":"Strand","description":"Underlag: pebblestone","source":"OpenStreetMap"}},{"type":"Feature","id":"beach-osm-way-1311881407","geometry":{"type":"Point","coordinates":[6.270552,62.490685]},"properties":{"name":"Strand","description":"Underlag: gravel","source":"OpenStreetMap"}},{"type":"Feature","id":"beach-osm-way-1356428992","geometry":{"type":"Point","coordinates":[28.266782,71.063465]},"properties":{"name":"Strand","description":"Underlag: sand","source":"OpenStreetMap"}},{"type":"Feature","id":"beach-osm-way-1388620803","geometry":{"type":"Point","coordinates":[9.652039,59.153886]},"properties":{"name":"Strand","description":"Underlag: sand","source":"OpenStreetMap"}},{"type":"Feature","id":"beach-osm-way-1413439566","geometry":{"type":"Point","coordinates":[10.258344,59.561037]},"properties":{"name":"Strand","description":"Underlag: sand","source":"OpenStreetMap"}},{"type":"Feature","id":"beach-osm-way-1414500261","geometry":{"type":"Point","coordinates":[18.020837,69.601446]},"properties":{"name":"Strand","description":"Underlag: sand","source":"OpenStreetMap"}},{"type":"Feature","id":"beach-osm-way-1416976370","geometry":{"type":"Point","coordinates":[18.017454,69.636406]},"properties":{"name":"Strand","description":"Underlag: sand","source":"OpenStreetMap"}},{"type":"Feature","id":"beach-osm-way-1419702073","geometry":{"type":"Point","coordinates":[10.25408,59.561457]},"properties":{"name":"Strand","description":"Underlag: pebblestone","source":"OpenStreetMap"}},{"type":"Feature","id":"beach-osm-way-1422868233","geometry":{"type":"Point","coordinates":[5.225873,60.50564]},"properties":{"name":"Strand","description":"Underlag: gravel","source":"OpenStreetMap"}},{"type":"Feature","id":"beach-osm-way-1432572054","geometry":{"type":"Point","coordinates":[18.51118,69.762069]},"properties":{"name":"Strand","description":"Underlag: sand","source":"OpenStreetMap"}},{"type":"Feature","id":"beach-osm-way-1436856748","geometry":{"type":"Point","coordinates":[11.135885,60.282592]},"properties":{"name":"Strand","description":"Underlag: sand","source":"OpenStreetMap"}},{"type":"Feature","id":"beach-osm-way-1452642004","geometry":{"type":"Point","coordinates":[10.758522,59.113814]},"properties":{"name":"Strand","description":"Underlag: rocks","source":"OpenStreetMap"}},{"type":"Feature","id":"beach-osm-way-1459787148","geometry":{"type":"Point","coordinates":[9.26155,58.729317]},"properties":{"name":"Strand","description":"Underlag: sand","source":"OpenStreetMap"}},{"type":"Feature","id":"beach-osm-way-1462136407","geometry":{"type":"Point","coordinates":[10.597974,59.881551]},"properties":{"name":"Strand","description":"Underlag: sand","source":"OpenStreetMap"}},{"type":"Feature","id":"beach-osm-way-1462402522","geometry":{"type":"Point","coordinates":[10.603102,59.901541]},"properties":{"name":"Strand","description":"Underlag: sand","source":"OpenStreetMap"}},{"type":"Feature","id":"beach-osm-way-1462435496","geometry":{"type":"Point","coordinates":[10.625292,59.881175]},"properties":{"name":"Strand","description":"Underlag: sand","source":"OpenStreetMap"}},{"type":"Feature","id":"beach-osm-way-1497645463","geometry":{"type":"Point","coordinates":[18.582378,69.878494]},"properties":{"name":"Strand","description":"Underlag: sand","source":"OpenStreetMap"}},{"type":"Feature","id":"beach-osm-way-1497645464","geometry":{"type":"Point","coordinates":[18.679853,69.875658]},"properties":{"name":"Strand","description":"Underlag: sand","source":"OpenStreetMap"}},{"type":"Feature","id":"beach-osm-way-1498832371","geometry":{"type":"Point","coordinates":[18.607274,69.839701]},"properties":{"name":"Strand","description":"Underlag: sand","source":"OpenStreetMap"}},{"type":"Feature","id":"beach-osm-way-1498832372","geometry":{"type":"Point","coordinates":[18.619932,69.839087]},"properties":{"name":"Strand","description":"Underlag: sand","source":"OpenStreetMap"}},{"type":"Feature","id":"beach-osm-way-1501542072","geometry":{"type":"Point","coordinates":[18.342866,69.710695]},"properties":{"name":"Strand","description":"Underlag: sand","source":"OpenStreetMap"}},{"type":"Feature","id":"beach-osm-way-1501771401","geometry":{"type":"Point","coordinates":[10.814058,63.40774]},"properties":{"name":"Strand","description":"Underlag: gravel","source":"OpenStreetMap"}},{"type":"Feature","id":"beach-osm-relation-5725126","geometry":{"type":"Point","coordinates":[6.726753,58.067363]},"properties":{"name":"Strand","description":"Underlag: sand","source":"OpenStreetMap"}},{"type":"Feature","id":"beach-osm-relation-19233097","geometry":{"type":"Point","coordinates":[6.005292,58.815056]},"properties":{"name":"Strand","source":"OpenStreetMap"}},{"type":"Feature","id":"beach-osm-relation-19233098","geometry":{"type":"Point","coordinates":[6.008697,58.816425]},"properties":{"name":"Strand","source":"OpenStreetMap"}},{"type":"Feature","id":"beach-osm-node-327539022","geometry":{"type":"Point","coordinates":[10.661267,59.346335]},"properties":{"name":"Strand","source":"OpenStreetMap"}},{"type":"Feature","id":"beach-osm-node-1781759700","geometry":{"type":"Point","coordinates":[10.279058,59.799736]},"properties":{"name":"Strand","description":"Underlag: grass","source":"OpenStreetMap"}},{"type":"Feature","id":"beach-osm-node-9097172575","geometry":{"type":"Point","coordinates":[10.516252,60.208589]},"properties":{"name":"Strand","description":"Underlag: sand","source":"OpenStreetMap"}},{"type":"Feature","id":"beach-osm-node-9098130080","geometry":{"type":"Point","coordinates":[10.399185,60.239637]},"properties":{"name":"Strand","description":"Underlag: sand","source":"OpenStreetMap"}},{"type":"Feature","id":"beach-osm-node-10855939698","geometry":{"type":"Point","coordinates":[18.480924,69.766468]},"properties":{"name":"Strand","source":"OpenStreetMap"}},{"type":"Feature","id":"beach-osm-node-11913698544","geometry":{"type":"Point","coordinates":[5.268154,59.809325]},"properties":{"name":"Strand","source":"OpenStreetMap"}},{"type":"Feature","id":"beach-osm-way-102851402","geometry":{"type":"Point","coordinates":[16.491682,68.834224]},"properties":{"name":"Strand","description":"Underlag: gravel","source":"OpenStreetMap"}},{"type":"Feature","id":"beach-osm-way-103935560","geometry":{"type":"Point","coordinates":[16.496981,68.842798]},"properties":{"name":"Strand","description":"Underlag: gravel","source":"OpenStreetMap"}},{"type":"Feature","id":"beach-osm-way-103935562","geometry":{"type":"Point","coordinates":[16.494726,68.844639]},"properties":{"name":"Strand","description":"Underlag: gravel","source":"OpenStreetMap"}},{"type":"Feature","id":"beach-osm-way-103935565","geometry":{"type":"Point","coordinates":[16.490893,68.850795]},"properties":{"name":"Strand","description":"Underlag: gravel","source":"OpenStreetMap"}},{"type":"Feature","id":"beach-osm-way-103935566","geometry":{"type":"Point","coordinates":[16.499554,68.84133]},"properties":{"name":"Strand","description":"Underlag: gravel","source":"OpenStreetMap"}},{"type":"Feature","id":"beach-osm-way-103935567","geometry":{"type":"Point","coordinates":[16.493587,68.846291]},"properties":{"name":"Strand","description":"Underlag: gravel","source":"OpenStreetMap"}},{"type":"Feature","id":"beach-osm-way-103935573","geometry":{"type":"Point","coordinates":[16.491401,68.848574]},"properties":{"name":"Strand","description":"Underlag: gravel","source":"OpenStreetMap"}},{"type":"Feature","id":"beach-osm-way-106431685","geometry":{"type":"Point","coordinates":[10.72726,59.893513]},"properties":{"name":"Strand","description":"Underlag: sand","source":"OpenStreetMap"}},{"type":"Feature","id":"beach-osm-way-118514408","geometry":{"type":"Point","coordinates":[10.717379,59.870402]},"properties":{"name":"Strand","source":"OpenStreetMap"}},{"type":"Feature","id":"beach-osm-way-121934040","geometry":{"type":"Point","coordinates":[16.569494,68.773268]},"properties":{"name":"Strand","description":"Underlag: pebblestone","source":"OpenStreetMap"}},{"type":"Feature","id":"beach-osm-way-121934041","geometry":{"type":"Point","coordinates":[16.567887,68.774144]},"properties":{"name":"Strand","description":"Underlag: pebblestone","source":"OpenStreetMap"}},{"type":"Feature","id":"beach-osm-way-121934045","geometry":{"type":"Point","coordinates":[16.566788,68.774456]},"properties":{"name":"Strand","description":"Underlag: pebblestone","source":"OpenStreetMap"}},{"type":"Feature","id":"beach-osm-way-125516198","geometry":{"type":"Point","coordinates":[6.246368,59.485187]},"properties":{"name":"Strand","source":"OpenStreetMap"}},{"type":"Feature","id":"beach-osm-way-126446941","geometry":{"type":"Point","coordinates":[10.695802,59.82979]},"properties":{"name":"Strand","source":"OpenStreetMap"}},{"type":"Feature","id":"beach-osm-way-135977598","geometry":{"type":"Point","coordinates":[16.636397,68.720381]},"properties":{"name":"Strand","description":"Underlag: pebblestone","source":"OpenStreetMap"}},{"type":"Feature","id":"beach-osm-way-136088757","geometry":{"type":"Point","coordinates":[10.899168,59.968322]},"properties":{"name":"Strand","description":"Underlag: sand","source":"OpenStreetMap"}},{"type":"Feature","id":"beach-osm-way-137528383","geometry":{"type":"Point","coordinates":[16.641982,68.733073]},"properties":{"name":"Strand","description":"Underlag: sand","source":"OpenStreetMap"}},{"type":"Feature","id":"beach-osm-way-165414864","geometry":{"type":"Point","coordinates":[10.750243,59.741384]},"properties":{"name":"Strand","description":"Underlag: sand","source":"OpenStreetMap"}},{"type":"Feature","id":"beach-osm-way-166441996","geometry":{"type":"Point","coordinates":[7.850206,63.130419]},"properties":{"name":"Strand","description":"Underlag: sand","source":"OpenStreetMap"}},{"type":"Feature","id":"beach-osm-way-167204069","geometry":{"type":"Point","coordinates":[6.793708,58.059197]},"properties":{"name":"Strand","description":"Underlag: sand","source":"OpenStreetMap"}},{"type":"Feature","id":"beach-osm-way-167204074","geometry":{"type":"Point","coordinates":[6.793508,58.060811]},"properties":{"name":"Strand","description":"Underlag: sand","source":"OpenStreetMap"}},{"type":"Feature","id":"beach-osm-way-167204079","geometry":{"type":"Point","coordinates":[6.79314,58.05838]},"properties":{"name":"Strand","description":"Underlag: sand","source":"OpenStreetMap"}},{"type":"Feature","id":"beach-osm-way-168104759","geometry":{"type":"Point","coordinates":[6.793375,58.061418]},"properties":{"name":"Strand","description":"Underlag: sand","source":"OpenStreetMap"}},{"type":"Feature","id":"beach-osm-way-168104769","geometry":{"type":"Point","coordinates":[6.783282,58.059645]},"properties":{"name":"Strand","description":"Underlag: sand","source":"OpenStreetMap"}},{"type":"Feature","id":"beach-osm-way-168318326","geometry":{"type":"Point","coordinates":[6.797122,58.18703]},"properties":{"name":"Strand","description":"Underlag: sand","source":"OpenStreetMap"}},{"type":"Feature","id":"beach-osm-way-168385108","geometry":{"type":"Point","coordinates":[7.984529,58.108191]},"properties":{"name":"Strand","description":"Underlag: sand","source":"OpenStreetMap"}},{"type":"Feature","id":"beach-osm-way-173501751","geometry":{"type":"Point","coordinates":[10.056432,59.037098]},"properties":{"name":"Strand","description":"Underlag: sand","source":"OpenStreetMap"}},{"type":"Feature","id":"beach-osm-way-173792015","geometry":{"type":"Point","coordinates":[9.81804,59.01537]},"properties":{"name":"Strand","description":"Underlag: sand.","source":"OpenStreetMap"}},{"type":"Feature","id":"beach-osm-way-184358506","geometry":{"type":"Point","coordinates":[10.535156,59.884515]},"properties":{"name":"Strand","description":"Underlag: sand","source":"OpenStreetMap"}},{"type":"Feature","id":"beach-osm-way-184941700","geometry":{"type":"Point","coordinates":[6.775544,58.066562]},"properties":{"name":"Strand","description":"Underlag: sand","source":"OpenStreetMap"}},{"type":"Feature","id":"beach-osm-way-190266420","geometry":{"type":"Point","coordinates":[6.728129,58.065977]},"properties":{"name":"Strand","description":"Underlag: sand","source":"OpenStreetMap"}},{"type":"Feature","id":"beach-osm-way-209415837","geometry":{"type":"Point","coordinates":[7.989556,58.108155]},"properties":{"name":"Strand","description":"Underlag: sand","source":"OpenStreetMap"}},{"type":"Feature","id":"beach-osm-way-225737223","geometry":{"type":"Point","coordinates":[9.248274,59.558894]},"properties":{"name":"Strand","description":"Underlag: sand","source":"OpenStreetMap"}},{"type":"Feature","id":"beach-osm-way-232190977","geometry":{"type":"Point","coordinates":[9.61051,58.884306]},"properties":{"name":"Strand","description":"Underlag: sand","source":"OpenStreetMap"}},{"type":"Feature","id":"beach-osm-way-240398245","geometry":{"type":"Point","coordinates":[10.653351,59.587843]},"properties":{"name":"Strand","description":"Underlag: sand","source":"OpenStreetMap"}},{"type":"Feature","id":"beach-osm-way-244635691","geometry":{"type":"Point","coordinates":[10.821315,59.937641]},"properties":{"name":"Strand","description":"Underlag: sand","source":"OpenStreetMap"}},{"type":"Feature","id":"beach-osm-way-250867809","geometry":{"type":"Point","coordinates":[5.246408,60.5144]},"properties":{"name":"Strand","source":"OpenStreetMap"}},{"type":"Feature","id":"beach-osm-way-292630054","geometry":{"type":"Point","coordinates":[8.10629,58.112918]},"properties":{"name":"Strand","description":"Underlag: sand","source":"OpenStreetMap"}},{"type":"Feature","id":"beach-osm-way-295931486","geometry":{"type":"Point","coordinates":[9.485367,58.853934]},"properties":{"name":"Strand","description":"Underlag: sand.","source":"OpenStreetMap"}},{"type":"Feature","id":"beach-osm-way-302776625","geometry":{"type":"Point","coordinates":[7.979288,58.100338]},"properties":{"name":"Strand","description":"Underlag: sand","source":"OpenStreetMap"}},{"type":"Feature","id":"beach-osm-way-309808795","geometry":{"type":"Point","coordinates":[10.466589,60.424602]},"properties":{"name":"Strand","source":"OpenStreetMap"}},{"type":"Feature","id":"beach-osm-way-331843076","geometry":{"type":"Point","coordinates":[8.083381,58.1802]},"properties":{"name":"Strand","description":"Underlag: sand","source":"OpenStreetMap"}},{"type":"Feature","id":"beach-osm-way-333211465","geometry":{"type":"Point","coordinates":[7.582605,63.017762]},"properties":{"name":"Strand","description":"Underlag: rocky","source":"OpenStreetMap"}},{"type":"Feature","id":"beach-osm-way-355266407","geometry":{"type":"Point","coordinates":[7.984437,58.120779]},"properties":{"name":"Strand","description":"Underlag: sand","source":"OpenStreetMap"}},{"type":"Feature","id":"beach-osm-way-359371381","geometry":{"type":"Point","coordinates":[11.638915,59.733606]},"properties":{"name":"Strand","description":"Underlag: sand","source":"OpenStreetMap"}},{"type":"Feature","id":"beach-osm-way-369737714","geometry":{"type":"Point","coordinates":[8.380985,58.248746]},"properties":{"name":"Strand","description":"Underlag: sand","source":"OpenStreetMap"}},{"type":"Feature","id":"beach-osm-way-386628312","geometry":{"type":"Point","coordinates":[9.612619,58.886633]},"properties":{"name":"Strand","description":"Underlag: pebblestone","source":"OpenStreetMap"}},{"type":"Feature","id":"beach-osm-way-460893414","geometry":{"type":"Point","coordinates":[11.049834,60.375675]},"properties":{"name":"Strand","description":"Underlag: sand","source":"OpenStreetMap"}},{"type":"Feature","id":"beach-osm-way-551992625","geometry":{"type":"Point","coordinates":[10.721063,59.906408]},"properties":{"name":"Strand","description":"Underlag: sand","source":"OpenStreetMap"}},{"type":"Feature","id":"beach-osm-way-552122697","geometry":{"type":"Point","coordinates":[10.018248,59.041461]},"properties":{"name":"Strand","description":"Underlag: sand","source":"OpenStreetMap"}},{"type":"Feature","id":"beach-osm-way-571812066","geometry":{"type":"Point","coordinates":[9.323894,58.851201]},"properties":{"name":"Strand","description":"Underlag: pebblestone","source":"OpenStreetMap"}},{"type":"Feature","id":"beach-osm-way-586066215","geometry":{"type":"Point","coordinates":[25.875683,70.574643]},"properties":{"name":"Strand","source":"OpenStreetMap"}},{"type":"Feature","id":"beach-osm-way-586066216","geometry":{"type":"Point","coordinates":[25.877671,70.575236]},"properties":{"name":"Strand","source":"OpenStreetMap"}},{"type":"Feature","id":"beach-osm-way-586066217","geometry":{"type":"Point","coordinates":[25.871875,70.573622]},"properties":{"name":"Strand","source":"OpenStreetMap"}},{"type":"Feature","id":"beach-osm-way-598621267","geometry":{"type":"Point","coordinates":[10.347371,59.516962]},"properties":{"name":"Strand","description":"Underlag: pebblestone","source":"OpenStreetMap"}},{"type":"Feature","id":"beach-osm-way-605248875","geometry":{"type":"Point","coordinates":[10.043147,59.036188]},"properties":{"name":"Strand","description":"Underlag: sand","source":"OpenStreetMap"}},{"type":"Feature","id":"beach-osm-way-605248876","geometry":{"type":"Point","coordinates":[10.052904,59.038073]},"properties":{"name":"Strand","description":"Underlag: sand","source":"OpenStreetMap"}},{"type":"Feature","id":"beach-osm-way-663901203","geometry":{"type":"Point","coordinates":[5.732639,58.824448]},"properties":{"name":"Strand","source":"OpenStreetMap"}},{"type":"Feature","id":"beach-osm-way-677530344","geometry":{"type":"Point","coordinates":[24.238039,69.855961]},"properties":{"name":"Strand","description":"Underlag: sand","source":"OpenStreetMap"}},{"type":"Feature","id":"beach-osm-way-682291835","geometry":{"type":"Point","coordinates":[8.47794,59.125652]},"properties":{"name":"Strand","source":"OpenStreetMap"}},{"type":"Feature","id":"beach-osm-way-705409901","geometry":{"type":"Point","coordinates":[10.619704,59.673785]},"properties":{"name":"Strand","source":"OpenStreetMap"}},{"type":"Feature","id":"beach-osm-way-705954790","geometry":{"type":"Point","coordinates":[10.6045,59.680406]},"properties":{"name":"Strand","source":"OpenStreetMap"}},{"type":"Feature","id":"beach-osm-way-707653333","geometry":{"type":"Point","coordinates":[8.998868,58.580388]},"properties":{"name":"Strand","source":"OpenStreetMap"}},{"type":"Feature","id":"beach-osm-way-708404373","geometry":{"type":"Point","coordinates":[9.183629,60.339969]},"properties":{"name":"Strand","source":"OpenStreetMap"}},{"type":"Feature","id":"beach-osm-way-708601534","geometry":{"type":"Point","coordinates":[8.728509,58.427798]},"properties":{"name":"Strand","description":"Underlag: sand.","source":"OpenStreetMap"}},{"type":"Feature","id":"beach-osm-way-720315939","geometry":{"type":"Point","coordinates":[21.567834,70.017687]},"properties":{"name":"Strand","description":"Underlag: sand","source":"OpenStreetMap"}},{"type":"Feature","id":"beach-osm-way-720315940","geometry":{"type":"Point","coordinates":[21.569363,70.014592]},"properties":{"name":"Strand","description":"Underlag: sand","source":"OpenStreetMap"}},{"type":"Feature","id":"beach-osm-way-745778812","geometry":{"type":"Point","coordinates":[5.847506,58.768794]},"properties":{"name":"Strand","source":"OpenStreetMap"}},{"type":"Feature","id":"beach-osm-way-755460674","geometry":{"type":"Point","coordinates":[10.532976,59.88716]},"properties":{"name":"Strand","description":"Underlag: sand","source":"OpenStreetMap"}},{"type":"Feature","id":"beach-osm-way-755460676","geometry":{"type":"Point","coordinates":[10.532212,59.88858]},"properties":{"name":"Strand","description":"Underlag: sand","source":"OpenStreetMap"}},{"type":"Feature","id":"beach-osm-way-778513864","geometry":{"type":"Point","coordinates":[5.87616,59.33828]},"properties":{"name":"Strand","source":"OpenStreetMap"}},{"type":"Feature","id":"beach-osm-way-793185487","geometry":{"type":"Point","coordinates":[23.964933,69.914716]},"properties":{"name":"Strand","description":"Underlag: sand","source":"OpenStreetMap"}},{"type":"Feature","id":"beach-osm-way-813366950","geometry":{"type":"Point","coordinates":[6.806849,61.838194]},"properties":{"name":"Strand","source":"OpenStreetMap"}},{"type":"Feature","id":"beach-osm-way-819027165","geometry":{"type":"Point","coordinates":[6.843756,60.88018]},"properties":{"name":"Strand","source":"OpenStreetMap"}},{"type":"Feature","id":"beach-osm-way-851848438","geometry":{"type":"Point","coordinates":[20.206886,69.460219]},"properties":{"name":"Strand","description":"Underlag: sand","source":"OpenStreetMap"}},{"type":"Feature","id":"beach-osm-way-890334301","geometry":{"type":"Point","coordinates":[10.882674,60.090614]},"properties":{"name":"Strand","source":"OpenStreetMap"}},{"type":"Feature","id":"beach-osm-way-890956367","geometry":{"type":"Point","coordinates":[10.825364,60.066024]},"properties":{"name":"Strand","source":"OpenStreetMap"}},{"type":"Feature","id":"beach-osm-way-959577557","geometry":{"type":"Point","coordinates":[10.752672,59.906453]},"properties":{"name":"Strand","description":"Underlag: sand","source":"OpenStreetMap"}},{"type":"Feature","id":"beach-osm-way-968307996","geometry":{"type":"Point","coordinates":[10.413832,59.540759]},"properties":{"name":"Strand","description":"Underlag: sand.","source":"OpenStreetMap"}},{"type":"Feature","id":"beach-osm-way-974987823","geometry":{"type":"Point","coordinates":[7.188755,60.908948]},"properties":{"name":"Strand","description":"Underlag: pebblestone","source":"OpenStreetMap"}},{"type":"Feature","id":"beach-osm-way-975455440","geometry":{"type":"Point","coordinates":[5.530165,60.383043]},"properties":{"name":"Strand","source":"OpenStreetMap"}},{"type":"Feature","id":"beach-osm-way-1085071472","geometry":{"type":"Point","coordinates":[10.35714,60.297585]},"properties":{"name":"Strand","description":"Adgang: private","source":"OpenStreetMap"}},{"type":"Feature","id":"beach-osm-way-1131137028","geometry":{"type":"Point","coordinates":[10.70253,63.595052]},"properties":{"name":"Strand","source":"OpenStreetMap"}},{"type":"Feature","id":"beach-osm-way-1163341360","geometry":{"type":"Point","coordinates":[8.520673,59.380586]},"properties":{"name":"Strand","description":"Underlag: sand","source":"OpenStreetMap"}},{"type":"Feature","id":"beach-osm-way-1163614102","geometry":{"type":"Point","coordinates":[8.183912,59.423196]},"properties":{"name":"Strand","description":"Underlag: sand","source":"OpenStreetMap"}},{"type":"Feature","id":"beach-osm-way-1178762225","geometry":{"type":"Point","coordinates":[10.49506,63.438478]},"properties":{"name":"Strand","source":"OpenStreetMap"}},{"type":"Feature","id":"beach-osm-way-1186979713","geometry":{"type":"Point","coordinates":[5.752127,59.006127]},"properties":{"name":"Strand","description":"Underlag: sand.","source":"OpenStreetMap"}},{"type":"Feature","id":"beach-osm-way-1186979723","geometry":{"type":"Point","coordinates":[5.751817,59.003948]},"properties":{"name":"Strand","description":"Underlag: sand.","source":"OpenStreetMap"}},{"type":"Feature","id":"beach-osm-way-1191316880","geometry":{"type":"Point","coordinates":[8.289051,63.510824]},"properties":{"name":"Strand","description":"Underlag: sand","source":"OpenStreetMap"}},{"type":"Feature","id":"beach-osm-way-1222252638","geometry":{"type":"Point","coordinates":[10.680594,59.965803]},"properties":{"name":"Strand","description":"Underlag: gravel","source":"OpenStreetMap"}},{"type":"Feature","id":"beach-osm-way-1299089260","geometry":{"type":"Point","coordinates":[10.705006,59.805837]},"properties":{"name":"Strand","description":"Underlag: sand","source":"OpenStreetMap"}},{"type":"Feature","id":"beach-osm-way-1299316246","geometry":{"type":"Point","coordinates":[12.927194,67.88132]},"properties":{"name":"Strand","source":"OpenStreetMap"}},{"type":"Feature","id":"beach-osm-way-1304301023","geometry":{"type":"Point","coordinates":[5.244504,60.543246]},"properties":{"name":"Strand","source":"OpenStreetMap"}},{"type":"Feature","id":"beach-osm-way-1307390334","geometry":{"type":"Point","coordinates":[5.718606,58.820953]},"properties":{"name":"Strand","source":"OpenStreetMap"}},{"type":"Feature","id":"beach-osm-way-1388848655","geometry":{"type":"Point","coordinates":[5.793396,58.724339]},"properties":{"name":"Strand","source":"OpenStreetMap"}},{"type":"Feature","id":"beach-osm-way-1414304429","geometry":{"type":"Point","coordinates":[10.404415,59.561374]},"properties":{"name":"Strand","source":"OpenStreetMap"}},{"type":"Feature","id":"beach-osm-way-1414304507","geometry":{"type":"Point","coordinates":[10.405045,59.561054]},"properties":{"name":"Strand","source":"OpenStreetMap"}},{"type":"Feature","id":"beach-osm-way-1419723346","geometry":{"type":"Point","coordinates":[10.405994,59.568435]},"properties":{"name":"Strand","source":"OpenStreetMap"}},{"type":"Feature","id":"beach-osm-way-1423018829","geometry":{"type":"Point","coordinates":[7.273117,58.053004]},"properties":{"name":"Strand","description":"Underlag: sand","source":"OpenStreetMap"}},{"type":"Feature","id":"beach-osm-way-1424400913","geometry":{"type":"Point","coordinates":[7.517418,58.749057]},"properties":{"name":"Strand","source":"OpenStreetMap"}},{"type":"Feature","id":"beach-osm-way-1445727957","geometry":{"type":"Point","coordinates":[10.937463,60.448128]},"properties":{"name":"Strand","description":"Underlag: sand","source":"OpenStreetMap"}},{"type":"Feature","id":"beach-osm-way-1461944621","geometry":{"type":"Point","coordinates":[5.917968,58.45508]},"properties":{"name":"Strand","source":"OpenStreetMap"}},{"type":"Feature","id":"beach-osm-relation-3440835","geometry":{"type":"Point","coordinates":[13.649608,66.893312]},"properties":{"name":"Strand","description":"Underlag: sand","source":"OpenStreetMap"}},{"type":"Feature","id":"beach-osm-relation-3492639","geometry":{"type":"Point","coordinates":[13.792644,66.869064]},"properties":{"name":"Strand","source":"OpenStreetMap"}},{"type":"Feature","id":"beach-osm-relation-3573870","geometry":{"type":"Point","coordinates":[5.291873,59.912826]},"properties":{"name":"Strand","description":"Underlag: sand","source":"OpenStreetMap"}},{"type":"Feature","id":"beach-osm-relation-5284924","geometry":{"type":"Point","coordinates":[10.248027,63.253505]},"properties":{"name":"Strand","description":"Underlag: sand","source":"OpenStreetMap"}},{"type":"Feature","id":"beach-osm-relation-5596840","geometry":{"type":"Point","coordinates":[13.714034,68.29996]},"properties":{"name":"Strand","description":"Underlag: sand","source":"OpenStreetMap"}},{"type":"Feature","id":"beach-osm-relation-5596841","geometry":{"type":"Point","coordinates":[13.580998,68.268931]},"properties":{"name":"Strand","description":"Underlag: sand","source":"OpenStreetMap"}},{"type":"Feature","id":"beach-osm-relation-5597071","geometry":{"type":"Point","coordinates":[12.754092,67.752169]},"properties":{"name":"Strand","description":"Underlag: sand","source":"OpenStreetMap"}},{"type":"Feature","id":"beach-osm-relation-5815137","geometry":{"type":"Point","coordinates":[9.604162,58.878678]},"properties":{"name":"Strand","description":"Underlag: sand","source":"OpenStreetMap"}},{"type":"Feature","id":"beach-osm-relation-5815138","geometry":{"type":"Point","coordinates":[9.608335,58.872879]},"properties":{"name":"Strand","description":"Underlag: pebblestone","source":"OpenStreetMap"}},{"type":"Feature","id":"beach-osm-relation-5815139","geometry":{"type":"Point","coordinates":[9.612044,58.881425]},"properties":{"name":"Strand","description":"Underlag: pebblestone","source":"OpenStreetMap"}},{"type":"Feature","id":"beach-osm-relation-5815390","geometry":{"type":"Point","coordinates":[9.412395,58.902702]},"properties":{"name":"Strand","source":"OpenStreetMap"}},{"type":"Feature","id":"beach-osm-relation-6410691","geometry":{"type":"Point","coordinates":[9.37229,62.573942]},"properties":{"name":"Strand","source":"OpenStreetMap"}},{"type":"Feature","id":"beach-osm-relation-6410865","geometry":{"type":"Point","coordinates":[10.24368,63.40088]},"properties":{"name":"Strand","source":"OpenStreetMap"}},{"type":"Feature","id":"beach-osm-relation-7331868","geometry":{"type":"Point","coordinates":[10.582131,59.436496]},"properties":{"name":"Strand","description":"Underlag: gravel","source":"OpenStreetMap"}},{"type":"Feature","id":"beach-osm-relation-7544137","geometry":{"type":"Point","coordinates":[10.250833,60.024106]},"properties":{"name":"Strand","description":"Underlag: pebblestone","source":"OpenStreetMap"}},{"type":"Feature","id":"beach-osm-relation-7884667","geometry":{"type":"Point","coordinates":[14.569267,68.807495]},"properties":{"name":"Strand","description":"Underlag: sand","source":"OpenStreetMap"}},{"type":"Feature","id":"beach-osm-relation-7884668","geometry":{"type":"Point","coordinates":[14.548099,68.810801]},"properties":{"name":"Strand","description":"Underlag: sand","source":"OpenStreetMap"}},{"type":"Feature","id":"beach-osm-relation-7884669","geometry":{"type":"Point","coordinates":[14.555865,68.812692]},"properties":{"name":"Strand","description":"Underlag: sand","source":"OpenStreetMap"}},{"type":"Feature","id":"beach-osm-relation-8485260","geometry":{"type":"Point","coordinates":[9.98433,61.545732]},"properties":{"name":"Strand","description":"Underlag: sand","source":"OpenStreetMap"}},{"type":"Feature","id":"beach-osm-relation-8491616","geometry":{"type":"Point","coordinates":[8.219067,62.95439]},"properties":{"name":"Strand","description":"Underlag: sand","source":"OpenStreetMap"}},{"type":"Feature","id":"beach-osm-relation-8631297","geometry":{"type":"Point","coordinates":[7.997673,58.142178]},"properties":{"name":"Strand","description":"Underlag: sand","source":"OpenStreetMap"}},{"type":"Feature","id":"beach-osm-relation-8728238","geometry":{"type":"Point","coordinates":[9.264472,58.730085]},"properties":{"name":"Strand","description":"Underlag: sand","source":"OpenStreetMap"}},{"type":"Feature","id":"beach-osm-relation-8728242","geometry":{"type":"Point","coordinates":[9.271238,58.72942]},"properties":{"name":"Strand","description":"Underlag: sand","source":"OpenStreetMap"}},{"type":"Feature","id":"beach-osm-relation-8728243","geometry":{"type":"Point","coordinates":[9.059603,58.726154]},"properties":{"name":"Strand","description":"Underlag: sand","source":"OpenStreetMap"}},{"type":"Feature","id":"beach-osm-relation-9867392","geometry":{"type":"Point","coordinates":[20.569203,69.788423]},"properties":{"name":"Strand","description":"Underlag: sand","source":"OpenStreetMap"}},{"type":"Feature","id":"beach-osm-relation-9883092","geometry":{"type":"Point","coordinates":[13.677716,66.868576]},"properties":{"name":"Strand","source":"OpenStreetMap"}},{"type":"Feature","id":"beach-osm-relation-10345013","geometry":{"type":"Point","coordinates":[11.99545,59.935246]},"properties":{"name":"Strand","description":"Underlag: sand","source":"OpenStreetMap"}},{"type":"Feature","id":"beach-osm-relation-10480337","geometry":{"type":"Point","coordinates":[14.535774,68.25469]},"properties":{"name":"Strand","description":"Underlag: sand","source":"OpenStreetMap"}},{"type":"Feature","id":"beach-osm-relation-10717536","geometry":{"type":"Point","coordinates":[9.926178,61.068001]},"properties":{"name":"Strand","description":"Underlag: sand","source":"OpenStreetMap"}},{"type":"Feature","id":"beach-osm-relation-10959337","geometry":{"type":"Point","coordinates":[12.275607,65.957277]},"properties":{"name":"Strand","description":"Underlag: sand","source":"OpenStreetMap"}},{"type":"Feature","id":"beach-osm-relation-11030279","geometry":{"type":"Point","coordinates":[25.189978,69.830911]},"properties":{"name":"Strand","description":"Underlag: sand","source":"OpenStreetMap"}},{"type":"Feature","id":"beach-osm-relation-11079554","geometry":{"type":"Point","coordinates":[10.598877,60.993501]},"properties":{"name":"Strand","description":"Underlag: sand","source":"OpenStreetMap"}},{"type":"Feature","id":"beach-osm-relation-11096661","geometry":{"type":"Point","coordinates":[13.00785,66.598839]},"properties":{"name":"Strand","description":"Underlag: sand","source":"OpenStreetMap"}},{"type":"Feature","id":"beach-osm-relation-11112466","geometry":{"type":"Point","coordinates":[10.640518,60.949598]},"properties":{"name":"Strand","description":"Underlag: sand","source":"OpenStreetMap"}},{"type":"Feature","id":"beach-osm-relation-11112469","geometry":{"type":"Point","coordinates":[10.642049,60.947654]},"properties":{"name":"Strand","description":"Underlag: sand","source":"OpenStreetMap"}},{"type":"Feature","id":"beach-osm-relation-11166716","geometry":{"type":"Point","coordinates":[10.51602,61.121954]},"properties":{"name":"Strand","description":"Underlag: sand","source":"OpenStreetMap"}},{"type":"Feature","id":"beach-osm-relation-11258818","geometry":{"type":"Point","coordinates":[8.266158,61.878196]},"properties":{"name":"Strand","description":"Underlag: sand","source":"OpenStreetMap"}},{"type":"Feature","id":"beach-osm-relation-11303946","geometry":{"type":"Point","coordinates":[8.020009,59.444855]},"properties":{"name":"Strand","description":"Underlag: sand","source":"OpenStreetMap"}},{"type":"Feature","id":"beach-osm-relation-13014071","geometry":{"type":"Point","coordinates":[6.249049,60.280876]},"properties":{"name":"Strand","source":"OpenStreetMap"}},{"type":"Feature","id":"beach-osm-relation-13386797","geometry":{"type":"Point","coordinates":[6.216422,60.960434]},"properties":{"name":"Strand","description":"Underlag: sand","source":"OpenStreetMap"}},{"type":"Feature","id":"beach-osm-relation-13656222","geometry":{"type":"Point","coordinates":[5.453367,60.49858]},"properties":{"name":"Strand","description":"Underlag: sand","source":"OpenStreetMap"}},{"type":"Feature","id":"beach-osm-relation-14036804","geometry":{"type":"Point","coordinates":[10.14665,58.973401]},"properties":{"name":"Strand","description":"Underlag: sand","source":"OpenStreetMap"}},{"type":"Feature","id":"beach-osm-relation-14036810","geometry":{"type":"Point","coordinates":[10.145652,58.973033]},"properties":{"name":"Strand","description":"Underlag: sand","source":"OpenStreetMap"}},{"type":"Feature","id":"beach-osm-relation-14048385","geometry":{"type":"Point","coordinates":[10.031713,59.017129]},"properties":{"name":"Strand","description":"Underlag: sand","source":"OpenStreetMap"}},{"type":"Feature","id":"beach-osm-relation-14242908","geometry":{"type":"Point","coordinates":[16.933241,68.508014]},"properties":{"name":"Strand","description":"Underlag: ground","source":"OpenStreetMap"}},{"type":"Feature","id":"beach-osm-relation-14955792","geometry":{"type":"Point","coordinates":[8.583837,58.327392]},"properties":{"name":"Strand","description":"Underlag: sand","source":"OpenStreetMap"}},{"type":"Feature","id":"beach-osm-relation-14994043","geometry":{"type":"Point","coordinates":[30.766887,70.42832]},"properties":{"name":"Strand","description":"Underlag: sand","source":"OpenStreetMap"}},{"type":"Feature","id":"beach-osm-relation-15019631","geometry":{"type":"Point","coordinates":[30.582634,70.507359]},"properties":{"name":"Strand","description":"Underlag: sand","source":"OpenStreetMap"}},{"type":"Feature","id":"beach-osm-relation-15019729","geometry":{"type":"Point","coordinates":[30.579567,70.511823]},"properties":{"name":"Strand","description":"Underlag: sand","source":"OpenStreetMap"}},{"type":"Feature","id":"beach-osm-relation-15478091","geometry":{"type":"Point","coordinates":[30.80938,69.786984]},"properties":{"name":"Strand","description":"Underlag: sand","source":"OpenStreetMap"}},{"type":"Feature","id":"beach-osm-relation-15479325","geometry":{"type":"Point","coordinates":[12.159,66.545464]},"properties":{"name":"Strand","description":"Underlag: sand","source":"OpenStreetMap"}},{"type":"Feature","id":"beach-osm-relation-15479327","geometry":{"type":"Point","coordinates":[12.158567,66.544942]},"properties":{"name":"Strand","description":"Underlag: sand","source":"OpenStreetMap"}},{"type":"Feature","id":"beach-osm-relation-15479499","geometry":{"type":"Point","coordinates":[30.790649,69.788464]},"properties":{"name":"Strand","description":"Underlag: sand","source":"OpenStreetMap"}},{"type":"Feature","id":"beach-osm-relation-15593501","geometry":{"type":"Point","coordinates":[12.10876,66.517631]},"properties":{"name":"Strand","description":"Underlag: sand","source":"OpenStreetMap"}},{"type":"Feature","id":"beach-osm-relation-15630047","geometry":{"type":"Point","coordinates":[12.111726,66.551654]},"properties":{"name":"Strand","description":"Underlag: sand","source":"OpenStreetMap"}},{"type":"Feature","id":"beach-osm-relation-15673672","geometry":{"type":"Point","coordinates":[12.051443,66.528388]},"properties":{"name":"Strand","description":"Underlag: sand","source":"OpenStreetMap"}},{"type":"Feature","id":"beach-osm-relation-15673673","geometry":{"type":"Point","coordinates":[12.05122,66.529028]},"properties":{"name":"Strand","description":"Underlag: sand","source":"OpenStreetMap"}},{"type":"Feature","id":"beach-osm-relation-15743436","geometry":{"type":"Point","coordinates":[8.440298,59.314566]},"properties":{"name":"Strand","description":"Underlag: sand","source":"OpenStreetMap"}},{"type":"Feature","id":"beach-osm-relation-15743437","geometry":{"type":"Point","coordinates":[8.481206,59.324618]},"properties":{"name":"Strand","description":"Underlag: sand","source":"OpenStreetMap"}},{"type":"Feature","id":"beach-osm-relation-15743438","geometry":{"type":"Point","coordinates":[8.492968,59.32313]},"properties":{"name":"Strand","description":"Underlag: sand","source":"OpenStreetMap"}},{"type":"Feature","id":"beach-osm-relation-15743481","geometry":{"type":"Point","coordinates":[8.508547,59.182006]},"properties":{"name":"Strand","description":"Underlag: sand","source":"OpenStreetMap"}},{"type":"Feature","id":"beach-osm-relation-15743482","geometry":{"type":"Point","coordinates":[8.512027,59.183978]},"properties":{"name":"Strand","description":"Underlag: sand","source":"OpenStreetMap"}},{"type":"Feature","id":"beach-osm-relation-15743483","geometry":{"type":"Point","coordinates":[8.511945,59.185617]},"properties":{"name":"Strand","description":"Underlag: sand","source":"OpenStreetMap"}},{"type":"Feature","id":"beach-osm-relation-15743515","geometry":{"type":"Point","coordinates":[8.50506,59.17639]},"properties":{"name":"Strand","description":"Underlag: sand","source":"OpenStreetMap"}},{"type":"Feature","id":"beach-osm-relation-15743516","geometry":{"type":"Point","coordinates":[8.503355,59.177299]},"properties":{"name":"Strand","description":"Underlag: sand","source":"OpenStreetMap"}},{"type":"Feature","id":"beach-osm-relation-15743517","geometry":{"type":"Point","coordinates":[8.504443,59.178757]},"properties":{"name":"Strand","description":"Underlag: sand","source":"OpenStreetMap"}},{"type":"Feature","id":"beach-osm-relation-15743774","geometry":{"type":"Point","coordinates":[8.499176,59.164336]},"properties":{"name":"Strand","description":"Underlag: sand","source":"OpenStreetMap"}},{"type":"Feature","id":"beach-osm-relation-15743775","geometry":{"type":"Point","coordinates":[8.503461,59.161055]},"properties":{"name":"Strand","description":"Underlag: sand","source":"OpenStreetMap"}},{"type":"Feature","id":"beach-osm-relation-15813447","geometry":{"type":"Point","coordinates":[8.57961,58.326285]},"properties":{"name":"Strand","description":"Underlag: sand","source":"OpenStreetMap"}},{"type":"Feature","id":"beach-osm-relation-15863216","geometry":{"type":"Point","coordinates":[16.941765,69.3932]},"properties":{"name":"Strand","description":"Underlag: sand","source":"OpenStreetMap"}},{"type":"Feature","id":"beach-osm-relation-15863217","geometry":{"type":"Point","coordinates":[17.106776,69.383179]},"properties":{"name":"Strand","description":"Underlag: sand","source":"OpenStreetMap"}},{"type":"Feature","id":"beach-osm-relation-15863218","geometry":{"type":"Point","coordinates":[17.102975,69.38297]},"properties":{"name":"Strand","description":"Underlag: sand","source":"OpenStreetMap"}},{"type":"Feature","id":"beach-osm-relation-15863314","geometry":{"type":"Point","coordinates":[17.943325,69.513702]},"properties":{"name":"Strand","description":"Underlag: sand","source":"OpenStreetMap"}},{"type":"Feature","id":"beach-osm-relation-15863315","geometry":{"type":"Point","coordinates":[17.948024,69.517401]},"properties":{"name":"Strand","description":"Underlag: sand","source":"OpenStreetMap"}},{"type":"Feature","id":"beach-osm-relation-16117144","geometry":{"type":"Point","coordinates":[11.215146,59.104673]},"properties":{"name":"Strand","source":"OpenStreetMap"}},{"type":"Feature","id":"beach-osm-relation-16218234","geometry":{"type":"Point","coordinates":[18.906274,69.631975]},"properties":{"name":"Strand","description":"Underlag: sand","source":"OpenStreetMap"}},{"type":"Feature","id":"beach-osm-relation-16642500","geometry":{"type":"Point","coordinates":[5.563488,58.870002]},"properties":{"name":"Strand","description":"Underlag: sand","source":"OpenStreetMap"}},{"type":"Feature","id":"beach-osm-relation-16686440","geometry":{"type":"Point","coordinates":[8.260465,63.471512]},"properties":{"name":"Strand","description":"Underlag: sand","source":"OpenStreetMap"}},{"type":"Feature","id":"beach-osm-relation-17170285","geometry":{"type":"Point","coordinates":[14.950491,67.189935]},"properties":{"name":"Strand","source":"OpenStreetMap"}},{"type":"Feature","id":"beach-osm-relation-17375843","geometry":{"type":"Point","coordinates":[8.366466,63.570043]},"properties":{"name":"Strand","description":"Underlag: sand","source":"OpenStreetMap"}},{"type":"Feature","id":"beach-osm-relation-17404990","geometry":{"type":"Point","coordinates":[8.86695,63.651165]},"properties":{"name":"Strand","description":"Underlag: sand","source":"OpenStreetMap"}},{"type":"Feature","id":"beach-osm-relation-17470653","geometry":{"type":"Point","coordinates":[8.884988,63.737655]},"properties":{"name":"Strand","description":"Underlag: sand","source":"OpenStreetMap"}},{"type":"Feature","id":"beach-osm-relation-17996311","geometry":{"type":"Point","coordinates":[13.351425,68.028555]},"properties":{"name":"Strand","description":"Underlag: shingle","source":"OpenStreetMap"}},{"type":"Feature","id":"beach-osm-relation-18430260","geometry":{"type":"Point","coordinates":[14.863112,68.227225]},"properties":{"name":"Strand","description":"Underlag: sand","source":"OpenStreetMap"}},{"type":"Feature","id":"beach-osm-relation-18430262","geometry":{"type":"Point","coordinates":[15.148242,68.483553]},"properties":{"name":"Strand","description":"Underlag: sand","source":"OpenStreetMap"}},{"type":"Feature","id":"beach-osm-relation-18430266","geometry":{"type":"Point","coordinates":[15.318338,68.592297]},"properties":{"name":"Strand","description":"Underlag: sand","source":"OpenStreetMap"}},{"type":"Feature","id":"beach-osm-relation-18430267","geometry":{"type":"Point","coordinates":[15.475542,68.815425]},"properties":{"name":"Strand","description":"Underlag: sand","source":"OpenStreetMap"}},{"type":"Feature","id":"beach-osm-relation-18430852","geometry":{"type":"Point","coordinates":[13.081051,66.660919]},"properties":{"name":"Strand","description":"Underlag: sand","source":"OpenStreetMap"}},{"type":"Feature","id":"beach-osm-relation-18430853","geometry":{"type":"Point","coordinates":[13.035413,66.671648]},"properties":{"name":"Strand","description":"Underlag: sand","source":"OpenStreetMap"}},{"type":"Feature","id":"beach-osm-relation-18430854","geometry":{"type":"Point","coordinates":[13.037992,66.673588]},"properties":{"name":"Strand","description":"Underlag: sand","source":"OpenStreetMap"}},{"type":"Feature","id":"beach-osm-relation-18430921","geometry":{"type":"Point","coordinates":[13.064144,66.66566]},"properties":{"name":"Strand","description":"Underlag: sand","source":"OpenStreetMap"}},{"type":"Feature","id":"beach-osm-relation-18430922","geometry":{"type":"Point","coordinates":[13.040264,66.671384]},"properties":{"name":"Strand","description":"Underlag: sand","source":"OpenStreetMap"}},{"type":"Feature","id":"beach-osm-relation-18430923","geometry":{"type":"Point","coordinates":[13.043182,66.669933]},"properties":{"name":"Strand","description":"Underlag: sand","source":"OpenStreetMap"}},{"type":"Feature","id":"beach-osm-relation-18437589","geometry":{"type":"Point","coordinates":[13.048361,66.667837]},"properties":{"name":"Strand","description":"Underlag: sand","source":"OpenStreetMap"}},{"type":"Feature","id":"beach-osm-relation-18437591","geometry":{"type":"Point","coordinates":[13.048529,66.667387]},"properties":{"name":"Strand","description":"Underlag: sand","source":"OpenStreetMap"}},{"type":"Feature","id":"beach-osm-relation-18437598","geometry":{"type":"Point","coordinates":[13.040828,66.675066]},"properties":{"name":"Strand","description":"Underlag: sand","source":"OpenStreetMap"}},{"type":"Feature","id":"beach-osm-relation-18532611","geometry":{"type":"Point","coordinates":[14.699796,67.494942]},"properties":{"name":"Strand","description":"Underlag: sand","source":"OpenStreetMap"}},{"type":"Feature","id":"beach-osm-relation-18532612","geometry":{"type":"Point","coordinates":[14.70722,67.50187]},"properties":{"name":"Strand","description":"Underlag: sand","source":"OpenStreetMap"}},{"type":"Feature","id":"beach-osm-relation-18532613","geometry":{"type":"Point","coordinates":[14.705878,67.499356]},"properties":{"name":"Strand","description":"Underlag: sand","source":"OpenStreetMap"}},{"type":"Feature","id":"beach-osm-relation-18532614","geometry":{"type":"Point","coordinates":[14.70221,67.498684]},"properties":{"name":"Strand","description":"Underlag: sand","source":"OpenStreetMap"}},{"type":"Feature","id":"beach-osm-relation-18532682","geometry":{"type":"Point","coordinates":[14.618795,67.412639]},"properties":{"name":"Strand","description":"Underlag: sand","source":"OpenStreetMap"}},{"type":"Feature","id":"beach-osm-relation-18532683","geometry":{"type":"Point","coordinates":[14.617822,67.412166]},"properties":{"name":"Strand","description":"Underlag: sand","source":"OpenStreetMap"}},{"type":"Feature","id":"beach-osm-relation-18532686","geometry":{"type":"Point","coordinates":[14.574985,67.408035]},"properties":{"name":"Strand","description":"Underlag: sand","source":"OpenStreetMap"}},{"type":"Feature","id":"beach-osm-relation-18532687","geometry":{"type":"Point","coordinates":[14.601594,67.401062]},"properties":{"name":"Strand","description":"Underlag: sand","source":"OpenStreetMap"}},{"type":"Feature","id":"beach-osm-relation-18532688","geometry":{"type":"Point","coordinates":[14.634318,67.423055]},"properties":{"name":"Strand","description":"Underlag: sand","source":"OpenStreetMap"}},{"type":"Feature","id":"beach-osm-relation-18532689","geometry":{"type":"Point","coordinates":[14.629761,67.419131]},"properties":{"name":"Strand","description":"Underlag: sand","source":"OpenStreetMap"}},{"type":"Feature","id":"beach-osm-relation-18578578","geometry":{"type":"Point","coordinates":[17.247794,69.460069]},"properties":{"name":"Strand","description":"Underlag: sand","source":"OpenStreetMap"}},{"type":"Feature","id":"beach-osm-relation-18585669","geometry":{"type":"Point","coordinates":[15.93138,69.270035]},"properties":{"name":"Strand","description":"Underlag: sand","source":"OpenStreetMap"}},{"type":"Feature","id":"beach-osm-relation-18585670","geometry":{"type":"Point","coordinates":[15.908285,69.264615]},"properties":{"name":"Strand","description":"Underlag: sand","source":"OpenStreetMap"}},{"type":"Feature","id":"beach-osm-relation-18585672","geometry":{"type":"Point","coordinates":[15.862158,69.227342]},"properties":{"name":"Strand","description":"Underlag: sand","source":"OpenStreetMap"}},{"type":"Feature","id":"beach-osm-relation-18585674","geometry":{"type":"Point","coordinates":[15.852928,69.219849]},"properties":{"name":"Strand","description":"Underlag: sand","source":"OpenStreetMap"}},{"type":"Feature","id":"beach-osm-relation-18585675","geometry":{"type":"Point","coordinates":[15.856903,69.206726]},"properties":{"name":"Strand","description":"Underlag: sand","source":"OpenStreetMap"}},{"type":"Feature","id":"beach-osm-relation-18585763","geometry":{"type":"Point","coordinates":[16.021172,69.295638]},"properties":{"name":"Strand","description":"Underlag: sand","source":"OpenStreetMap"}},{"type":"Feature","id":"beach-osm-relation-18585764","geometry":{"type":"Point","coordinates":[15.956616,69.274643]},"properties":{"name":"Strand","description":"Underlag: sand","source":"OpenStreetMap"}},{"type":"Feature","id":"beach-osm-relation-18585765","geometry":{"type":"Point","coordinates":[15.976193,69.282642]},"properties":{"name":"Strand","description":"Underlag: sand","source":"OpenStreetMap"}},{"type":"Feature","id":"beach-osm-relation-18589832","geometry":{"type":"Point","coordinates":[15.546062,69.071827]},"properties":{"name":"Strand","description":"Underlag: sand","source":"OpenStreetMap"}},{"type":"Feature","id":"beach-osm-relation-18589834","geometry":{"type":"Point","coordinates":[15.439671,68.989083]},"properties":{"name":"Strand","description":"Underlag: sand","source":"OpenStreetMap"}},{"type":"Feature","id":"beach-osm-relation-18589835","geometry":{"type":"Point","coordinates":[15.436515,68.98683]},"properties":{"name":"Strand","description":"Underlag: sand","source":"OpenStreetMap"}},{"type":"Feature","id":"beach-osm-relation-18589836","geometry":{"type":"Point","coordinates":[15.433689,68.982847]},"properties":{"name":"Strand","description":"Underlag: sand","source":"OpenStreetMap"}},{"type":"Feature","id":"beach-osm-relation-18589840","geometry":{"type":"Point","coordinates":[15.423067,68.902574]},"properties":{"name":"Strand","description":"Underlag: sand","source":"OpenStreetMap"}},{"type":"Feature","id":"beach-osm-relation-18589845","geometry":{"type":"Point","coordinates":[15.437657,68.883882]},"properties":{"name":"Strand","description":"Underlag: sand","source":"OpenStreetMap"}},{"type":"Feature","id":"beach-osm-relation-18593965","geometry":{"type":"Point","coordinates":[16.117107,69.23866]},"properties":{"name":"Strand","description":"Underlag: sand","source":"OpenStreetMap"}},{"type":"Feature","id":"beach-osm-relation-18593967","geometry":{"type":"Point","coordinates":[16.11127,69.228614]},"properties":{"name":"Strand","description":"Underlag: sand","source":"OpenStreetMap"}},{"type":"Feature","id":"beach-osm-relation-18593969","geometry":{"type":"Point","coordinates":[16.094386,69.178343]},"properties":{"name":"Strand","description":"Underlag: sand","source":"OpenStreetMap"}},{"type":"Feature","id":"beach-osm-relation-18594298","geometry":{"type":"Point","coordinates":[16.068093,69.306783]},"properties":{"name":"Strand","description":"Underlag: sand","source":"OpenStreetMap"}},{"type":"Feature","id":"beach-osm-relation-18594299","geometry":{"type":"Point","coordinates":[16.070205,69.307645]},"properties":{"name":"Strand","description":"Underlag: sand","source":"OpenStreetMap"}},{"type":"Feature","id":"beach-osm-relation-18594304","geometry":{"type":"Point","coordinates":[16.066032,69.304822]},"properties":{"name":"Strand","description":"Underlag: sand","source":"OpenStreetMap"}},{"type":"Feature","id":"beach-osm-relation-18594305","geometry":{"type":"Point","coordinates":[16.061726,69.303151]},"properties":{"name":"Strand","description":"Underlag: sand","source":"OpenStreetMap"}},{"type":"Feature","id":"beach-osm-relation-18594306","geometry":{"type":"Point","coordinates":[16.05907,69.302736]},"properties":{"name":"Strand","description":"Underlag: sand","source":"OpenStreetMap"}},{"type":"Feature","id":"beach-osm-relation-18594307","geometry":{"type":"Point","coordinates":[16.05537,69.302513]},"properties":{"name":"Strand","description":"Underlag: sand","source":"OpenStreetMap"}},{"type":"Feature","id":"beach-osm-relation-18594308","geometry":{"type":"Point","coordinates":[16.052578,69.302588]},"properties":{"name":"Strand","description":"Underlag: sand","source":"OpenStreetMap"}},{"type":"Feature","id":"beach-osm-relation-18594313","geometry":{"type":"Point","coordinates":[16.049684,69.301264]},"properties":{"name":"Strand","description":"Underlag: sand","source":"OpenStreetMap"}},{"type":"Feature","id":"beach-osm-relation-18594315","geometry":{"type":"Point","coordinates":[16.045472,69.299192]},"properties":{"name":"Strand","description":"Underlag: sand","source":"OpenStreetMap"}},{"type":"Feature","id":"beach-osm-relation-18594323","geometry":{"type":"Point","coordinates":[16.036422,69.297694]},"properties":{"name":"Strand","description":"Underlag: sand","source":"OpenStreetMap"}},{"type":"Feature","id":"beach-osm-relation-18594324","geometry":{"type":"Point","coordinates":[16.030628,69.296535]},"properties":{"name":"Strand","description":"Underlag: sand","source":"OpenStreetMap"}},{"type":"Feature","id":"beach-osm-relation-18594328","geometry":{"type":"Point","coordinates":[15.878459,69.208753]},"properties":{"name":"Strand","description":"Underlag: sand","source":"OpenStreetMap"}},{"type":"Feature","id":"beach-osm-relation-18609442","geometry":{"type":"Point","coordinates":[16.113198,69.31836]},"properties":{"name":"Strand","description":"Underlag: sand","source":"OpenStreetMap"}},{"type":"Feature","id":"beach-osm-relation-18609443","geometry":{"type":"Point","coordinates":[16.109262,69.314584]},"properties":{"name":"Strand","description":"Underlag: sand","source":"OpenStreetMap"}},{"type":"Feature","id":"beach-osm-relation-18609444","geometry":{"type":"Point","coordinates":[16.101452,69.312665]},"properties":{"name":"Strand","description":"Underlag: sand","source":"OpenStreetMap"}},{"type":"Feature","id":"beach-osm-relation-18609445","geometry":{"type":"Point","coordinates":[16.094255,69.312016]},"properties":{"name":"Strand","description":"Underlag: sand","source":"OpenStreetMap"}},{"type":"Feature","id":"beach-osm-relation-18609446","geometry":{"type":"Point","coordinates":[16.087803,69.310861]},"properties":{"name":"Strand","description":"Underlag: sand","source":"OpenStreetMap"}},{"type":"Feature","id":"beach-osm-relation-18609448","geometry":{"type":"Point","coordinates":[16.080522,69.311704]},"properties":{"name":"Strand","description":"Underlag: sand","source":"OpenStreetMap"}},{"type":"Feature","id":"beach-osm-relation-18609449","geometry":{"type":"Point","coordinates":[16.135661,69.307988]},"properties":{"name":"Strand","description":"Underlag: sand","source":"OpenStreetMap"}},{"type":"Feature","id":"beach-osm-relation-18609450","geometry":{"type":"Point","coordinates":[16.147811,69.299559]},"properties":{"name":"Strand","description":"Underlag: sand","source":"OpenStreetMap"}},{"type":"Feature","id":"beach-osm-relation-18609452","geometry":{"type":"Point","coordinates":[16.130752,69.31491]},"properties":{"name":"Strand","description":"Underlag: sand","source":"OpenStreetMap"}},{"type":"Feature","id":"beach-osm-relation-18611061","geometry":{"type":"Point","coordinates":[14.728389,68.276613]},"properties":{"name":"Strand","description":"Underlag: sand","source":"OpenStreetMap"}},{"type":"Feature","id":"beach-osm-relation-18611064","geometry":{"type":"Point","coordinates":[14.687486,68.282776]},"properties":{"name":"Strand","description":"Underlag: sand","source":"OpenStreetMap"}},{"type":"Feature","id":"beach-osm-relation-18611066","geometry":{"type":"Point","coordinates":[14.239557,68.321529]},"properties":{"name":"Strand","description":"Underlag: sand","source":"OpenStreetMap"}},{"type":"Feature","id":"beach-osm-relation-18611067","geometry":{"type":"Point","coordinates":[14.205227,68.323338]},"properties":{"name":"Strand","description":"Underlag: sand","source":"OpenStreetMap"}},{"type":"Feature","id":"beach-osm-relation-18611068","geometry":{"type":"Point","coordinates":[14.193215,68.32584]},"properties":{"name":"Strand","description":"Underlag: sand","source":"OpenStreetMap"}},{"type":"Feature","id":"beach-osm-relation-18611069","geometry":{"type":"Point","coordinates":[14.187377,68.327222]},"properties":{"name":"Strand","description":"Underlag: sand","source":"OpenStreetMap"}},{"type":"Feature","id":"beach-osm-relation-18611070","geometry":{"type":"Point","coordinates":[14.170498,68.335851]},"properties":{"name":"Strand","description":"Underlag: sand","source":"OpenStreetMap"}},{"type":"Feature","id":"beach-osm-relation-18611076","geometry":{"type":"Point","coordinates":[14.701119,68.171189]},"properties":{"name":"Strand","description":"Underlag: sand","source":"OpenStreetMap"}},{"type":"Feature","id":"beach-osm-relation-18611077","geometry":{"type":"Point","coordinates":[14.700045,68.170516]},"properties":{"name":"Strand","description":"Underlag: sand","source":"OpenStreetMap"}},{"type":"Feature","id":"beach-osm-relation-18611079","geometry":{"type":"Point","coordinates":[14.118137,68.340924]},"properties":{"name":"Strand","description":"Underlag: sand","source":"OpenStreetMap"}},{"type":"Feature","id":"beach-osm-relation-18611083","geometry":{"type":"Point","coordinates":[14.080688,68.341994]},"properties":{"name":"Strand","description":"Underlag: sand","source":"OpenStreetMap"}},{"type":"Feature","id":"beach-osm-relation-18611358","geometry":{"type":"Point","coordinates":[14.133496,68.34316]},"properties":{"name":"Strand","description":"Underlag: sand","source":"OpenStreetMap"}},{"type":"Feature","id":"beach-osm-relation-18611624","geometry":{"type":"Point","coordinates":[14.788592,68.240856]},"properties":{"name":"Strand","description":"Underlag: sand","source":"OpenStreetMap"}},{"type":"Feature","id":"beach-osm-relation-18611626","geometry":{"type":"Point","coordinates":[14.79102,68.242585]},"properties":{"name":"Strand","description":"Underlag: sand","source":"OpenStreetMap"}},{"type":"Feature","id":"beach-osm-relation-18611628","geometry":{"type":"Point","coordinates":[14.799247,68.243426]},"properties":{"name":"Strand","description":"Underlag: sand","source":"OpenStreetMap"}},{"type":"Feature","id":"beach-osm-relation-18611631","geometry":{"type":"Point","coordinates":[14.814644,68.2686]},"properties":{"name":"Strand","description":"Underlag: sand","source":"OpenStreetMap"}},{"type":"Feature","id":"beach-osm-relation-18611696","geometry":{"type":"Point","coordinates":[14.856207,68.233811]},"properties":{"name":"Strand","description":"Underlag: sand","source":"OpenStreetMap"}},{"type":"Feature","id":"beach-osm-relation-18611697","geometry":{"type":"Point","coordinates":[14.826883,68.228719]},"properties":{"name":"Strand","description":"Underlag: sand","source":"OpenStreetMap"}},{"type":"Feature","id":"beach-osm-relation-18611698","geometry":{"type":"Point","coordinates":[14.825242,68.228603]},"properties":{"name":"Strand","description":"Underlag: sand","source":"OpenStreetMap"}},{"type":"Feature","id":"beach-osm-relation-18623360","geometry":{"type":"Point","coordinates":[12.338078,64.264909]},"properties":{"name":"Strand","description":"Underlag: sand","source":"OpenStreetMap"}},{"type":"Feature","id":"beach-osm-relation-18672236","geometry":{"type":"Point","coordinates":[13.135415,68.113261]},"properties":{"name":"Strand","description":"Underlag: sand","source":"OpenStreetMap"}},{"type":"Feature","id":"beach-osm-relation-18672278","geometry":{"type":"Point","coordinates":[13.515656,68.166365]},"properties":{"name":"Strand","description":"Underlag: sand","source":"OpenStreetMap"}},{"type":"Feature","id":"beach-osm-relation-18709019","geometry":{"type":"Point","coordinates":[16.867436,68.77109]},"properties":{"name":"Strand","description":"Underlag: sand","source":"OpenStreetMap"}},{"type":"Feature","id":"beach-osm-relation-18940651","geometry":{"type":"Point","coordinates":[17.974476,68.86858]},"properties":{"name":"Strand","description":"Underlag: sand","source":"OpenStreetMap"}},{"type":"Feature","id":"beach-osm-relation-18944241","geometry":{"type":"Point","coordinates":[15.562459,69.079886]},"properties":{"name":"Strand","description":"Underlag: sand","source":"OpenStreetMap"}},{"type":"Feature","id":"beach-osm-relation-19168413","geometry":{"type":"Point","coordinates":[5.530899,58.779441]},"properties":{"name":"Strand","description":"Underlag: gravel","source":"OpenStreetMap"}},{"type":"Feature","id":"beach-osm-relation-19168414","geometry":{"type":"Point","coordinates":[5.520645,58.773408]},"properties":{"name":"Strand","description":"Underlag: sand","source":"OpenStreetMap"}},{"type":"Feature","id":"beach-osm-relation-19168415","geometry":{"type":"Point","coordinates":[5.517735,58.771849]},"properties":{"name":"Strand","description":"Underlag: gravel","source":"OpenStreetMap"}},{"type":"Feature","id":"beach-osm-relation-19168416","geometry":{"type":"Point","coordinates":[5.501101,58.747157]},"properties":{"name":"Strand","description":"Underlag: gravel","source":"OpenStreetMap"}},{"type":"Feature","id":"beach-osm-relation-19168417","geometry":{"type":"Point","coordinates":[5.507458,58.767147]},"properties":{"name":"Strand","description":"Underlag: gravel","source":"OpenStreetMap"}},{"type":"Feature","id":"beach-osm-relation-19168418","geometry":{"type":"Point","coordinates":[5.49523,58.755483]},"properties":{"name":"Strand","description":"Underlag: sand","source":"OpenStreetMap"}},{"type":"Feature","id":"beach-osm-relation-19168423","geometry":{"type":"Point","coordinates":[5.542026,58.815842]},"properties":{"name":"Strand","description":"Underlag: gravel","source":"OpenStreetMap"}},{"type":"Feature","id":"beach-osm-relation-19168424","geometry":{"type":"Point","coordinates":[5.542123,58.82184]},"properties":{"name":"Strand","description":"Underlag: gravel","source":"OpenStreetMap"}},{"type":"Feature","id":"beach-osm-relation-19168425","geometry":{"type":"Point","coordinates":[5.54743,58.82695]},"properties":{"name":"Strand","description":"Underlag: sand","source":"OpenStreetMap"}},{"type":"Feature","id":"beach-osm-relation-19168426","geometry":{"type":"Point","coordinates":[5.553434,58.831782]},"properties":{"name":"Strand","description":"Underlag: gravel","source":"OpenStreetMap"}},{"type":"Feature","id":"beach-osm-relation-19233095","geometry":{"type":"Point","coordinates":[6.002933,58.813287]},"properties":{"name":"Strand","description":"Underlag: gravel","source":"OpenStreetMap"}},{"type":"Feature","id":"beach-osm-relation-19233096","geometry":{"type":"Point","coordinates":[6.006726,58.815668]},"properties":{"name":"Strand","description":"Underlag: gravel","source":"OpenStreetMap"}},{"type":"Feature","id":"beach-osm-relation-19270032","geometry":{"type":"Point","coordinates":[15.854609,69.215265]},"properties":{"name":"Strand","description":"Underlag: sand","source":"OpenStreetMap"}},{"type":"Feature","id":"beach-osm-relation-19325521","geometry":{"type":"Point","coordinates":[10.452663,64.345587]},"properties":{"name":"Strand","description":"Underlag: sand","source":"OpenStreetMap"}},{"type":"Feature","id":"beach-osm-relation-19333298","geometry":{"type":"Point","coordinates":[14.882092,67.721077]},"properties":{"name":"Strand","description":"Underlag: sand","source":"OpenStreetMap"}},{"type":"Feature","id":"beach-osm-relation-19333299","geometry":{"type":"Point","coordinates":[14.894131,67.715097]},"properties":{"name":"Strand","description":"Underlag: sand","source":"OpenStreetMap"}},{"type":"Feature","id":"beach-osm-relation-19333300","geometry":{"type":"Point","coordinates":[14.894997,67.713481]},"properties":{"name":"Strand","description":"Underlag: sand","source":"OpenStreetMap"}},{"type":"Feature","id":"beach-osm-relation-19348835","geometry":{"type":"Point","coordinates":[12.247898,63.661945]},"properties":{"name":"Strand","description":"Underlag: gravel","source":"OpenStreetMap"}},{"type":"Feature","id":"beach-osm-relation-19348837","geometry":{"type":"Point","coordinates":[12.247122,63.652382]},"properties":{"name":"Strand","description":"Underlag: gravel","source":"OpenStreetMap"}},{"type":"Feature","id":"beach-osm-relation-19348838","geometry":{"type":"Point","coordinates":[12.245166,63.655916]},"properties":{"name":"Strand","description":"Underlag: gravel","source":"OpenStreetMap"}},{"type":"Feature","id":"beach-osm-relation-19355947","geometry":{"type":"Point","coordinates":[17.997813,69.637388]},"properties":{"name":"Strand","description":"Underlag: sand","source":"OpenStreetMap"}},{"type":"Feature","id":"beach-osm-relation-19469264","geometry":{"type":"Point","coordinates":[20.518613,70.196143]},"properties":{"name":"Strand","description":"Underlag: sand","source":"OpenStreetMap"}},{"type":"Feature","id":"beach-osm-relation-19469265","geometry":{"type":"Point","coordinates":[20.518099,70.195147]},"properties":{"name":"Strand","description":"Underlag: sand","source":"OpenStreetMap"}},{"type":"Feature","id":"beach-osm-relation-19469266","geometry":{"type":"Point","coordinates":[20.513294,70.192677]},"properties":{"name":"Strand","description":"Underlag: sand","source":"OpenStreetMap"}},{"type":"Feature","id":"beach-osm-relation-19469683","geometry":{"type":"Point","coordinates":[13.908294,67.004083]},"properties":{"name":"Strand","description":"Underlag: sand","source":"OpenStreetMap"}},{"type":"Feature","id":"beach-osm-relation-19525411","geometry":{"type":"Point","coordinates":[10.691975,64.461793]},"properties":{"name":"Strand","description":"Underlag: sand","source":"OpenStreetMap"}},{"type":"Feature","id":"beach-osm-relation-19584718","geometry":{"type":"Point","coordinates":[14.847715,68.588129]},"properties":{"name":"Strand","description":"Underlag: sand","source":"OpenStreetMap"}},{"type":"Feature","id":"beach-osm-relation-19721403","geometry":{"type":"Point","coordinates":[20.981387,69.998827]},"properties":{"name":"Strand","description":"Underlag: sand","source":"OpenStreetMap"}},{"type":"Feature","id":"beach-osm-relation-19721404","geometry":{"type":"Point","coordinates":[20.984245,69.997656]},"properties":{"name":"Strand","description":"Underlag: sand","source":"OpenStreetMap"}},{"type":"Feature","id":"beach-osm-relation-19755417","geometry":{"type":"Point","coordinates":[16.281156,68.421744]},"properties":{"name":"Strand","description":"Underlag: sand","source":"OpenStreetMap"}},{"type":"Feature","id":"beach-osm-relation-19786360","geometry":{"type":"Point","coordinates":[10.531306,62.302368]},"properties":{"name":"Strand","description":"Underlag: sand","source":"OpenStreetMap"}},{"type":"Feature","id":"beach-osm-relation-19846127","geometry":{"type":"Point","coordinates":[15.872101,68.381391]},"properties":{"name":"Strand","description":"Underlag: sand","source":"OpenStreetMap"}},{"type":"Feature","id":"beach-osm-relation-19846128","geometry":{"type":"Point","coordinates":[15.882136,68.381623]},"properties":{"name":"Strand","description":"Underlag: sand","source":"OpenStreetMap"}},{"type":"Feature","id":"beach-osm-relation-19896507","geometry":{"type":"Point","coordinates":[14.045051,67.073243]},"properties":{"name":"Strand","description":"Underlag: sand","source":"OpenStreetMap"}},{"type":"Feature","id":"beach-osm-relation-19987899","geometry":{"type":"Point","coordinates":[14.478732,67.323341]},"properties":{"name":"Strand","description":"Underlag: sand","source":"OpenStreetMap"}},{"type":"Feature","id":"beach-osm-relation-19988005","geometry":{"type":"Point","coordinates":[14.484024,67.329501]},"properties":{"name":"Strand","description":"Underlag: sand","source":"OpenStreetMap"}},{"type":"Feature","id":"beach-osm-relation-20033640","geometry":{"type":"Point","coordinates":[15.005425,68.266527]},"properties":{"name":"Strand","description":"Underlag: sand","source":"OpenStreetMap"}},{"type":"Feature","id":"beach-osm-relation-20033641","geometry":{"type":"Point","coordinates":[15.02646,68.270074]},"properties":{"name":"Strand","description":"Underlag: sand","source":"OpenStreetMap"}},{"type":"Feature","id":"beach-osm-relation-20033938","geometry":{"type":"Point","coordinates":[17.906772,69.557821]},"properties":{"name":"Strand","description":"Underlag: sand","source":"OpenStreetMap"}},{"type":"Feature","id":"beach-osm-relation-20064939","geometry":{"type":"Point","coordinates":[13.000281,66.515453]},"properties":{"name":"Strand","description":"Underlag: sand","source":"OpenStreetMap"}},{"type":"Feature","id":"beach-osm-relation-20064940","geometry":{"type":"Point","coordinates":[13.096339,66.4947]},"properties":{"name":"Strand","description":"Underlag: sand","source":"OpenStreetMap"}},{"type":"Feature","id":"beach-osm-relation-20066754","geometry":{"type":"Point","coordinates":[9.293764,59.583863]},"properties":{"name":"Strand","description":"Underlag: sand","source":"OpenStreetMap"}},{"type":"Feature","id":"beach-osm-relation-20112946","geometry":{"type":"Point","coordinates":[18.757825,70.020462]},"properties":{"name":"Strand","description":"Underlag: sand","source":"OpenStreetMap"}},{"type":"Feature","id":"beach-osm-relation-20112947","geometry":{"type":"Point","coordinates":[18.865606,70.043619]},"properties":{"name":"Strand","description":"Underlag: sand","source":"OpenStreetMap"}},{"type":"Feature","id":"beach-osm-relation-20115807","geometry":{"type":"Point","coordinates":[18.659066,70.031666]},"properties":{"name":"Strand","description":"Underlag: sand","source":"OpenStreetMap"}},{"type":"Feature","id":"beach-osm-relation-20115808","geometry":{"type":"Point","coordinates":[18.676282,70.003037]},"properties":{"name":"Strand","description":"Underlag: sand","source":"OpenStreetMap"}},{"type":"Feature","id":"beach-osm-relation-20115810","geometry":{"type":"Point","coordinates":[18.679002,70.001736]},"properties":{"name":"Strand","description":"Underlag: sand","source":"OpenStreetMap"}},{"type":"Feature","id":"beach-osm-relation-20115811","geometry":{"type":"Point","coordinates":[18.686908,69.991434]},"properties":{"name":"Strand","description":"Underlag: sand","source":"OpenStreetMap"}},{"type":"Feature","id":"beach-osm-relation-20115812","geometry":{"type":"Point","coordinates":[18.7046,69.983077]},"properties":{"name":"Strand","description":"Underlag: sand","source":"OpenStreetMap"}},{"type":"Feature","id":"beach-osm-relation-20115813","geometry":{"type":"Point","coordinates":[18.699353,69.982641]},"properties":{"name":"Strand","description":"Underlag: sand","source":"OpenStreetMap"}},{"type":"Feature","id":"beach-osm-relation-20120997","geometry":{"type":"Point","coordinates":[18.527502,70.040054]},"properties":{"name":"Strand","description":"Underlag: sand","source":"OpenStreetMap"}},{"type":"Feature","id":"beach-osm-relation-20120998","geometry":{"type":"Point","coordinates":[18.576452,70.038494]},"properties":{"name":"Strand","description":"Underlag: sand","source":"OpenStreetMap"}},{"type":"Feature","id":"beach-osm-relation-20120999","geometry":{"type":"Point","coordinates":[18.571844,70.040624]},"properties":{"name":"Strand","description":"Underlag: sand","source":"OpenStreetMap"}},{"type":"Feature","id":"beach-osm-relation-20121000","geometry":{"type":"Point","coordinates":[18.540774,70.026975]},"properties":{"name":"Strand","description":"Underlag: sand","source":"OpenStreetMap"}},{"type":"Feature","id":"beach-osm-relation-20121001","geometry":{"type":"Point","coordinates":[18.560496,70.033185]},"properties":{"name":"Strand","description":"Underlag: sand","source":"OpenStreetMap"}},{"type":"Feature","id":"beach-osm-relation-20121002","geometry":{"type":"Point","coordinates":[18.570086,70.038716]},"properties":{"name":"Strand","description":"Underlag: sand","source":"OpenStreetMap"}},{"type":"Feature","id":"beach-osm-relation-20121003","geometry":{"type":"Point","coordinates":[18.557796,70.029606]},"properties":{"name":"Strand","description":"Underlag: sand","source":"OpenStreetMap"}},{"type":"Feature","id":"beach-osm-relation-20121004","geometry":{"type":"Point","coordinates":[18.563708,70.036994]},"properties":{"name":"Strand","description":"Underlag: sand","source":"OpenStreetMap"}},{"type":"Feature","id":"beach-osm-relation-20121005","geometry":{"type":"Point","coordinates":[18.557909,70.030815]},"properties":{"name":"Strand","description":"Underlag: sand","source":"OpenStreetMap"}},{"type":"Feature","id":"beach-osm-relation-20121006","geometry":{"type":"Point","coordinates":[18.567244,70.044361]},"properties":{"name":"Strand","description":"Underlag: sand","source":"OpenStreetMap"}},{"type":"Feature","id":"beach-osm-relation-20121007","geometry":{"type":"Point","coordinates":[18.56366,70.048382]},"properties":{"name":"Strand","description":"Underlag: sand","source":"OpenStreetMap"}},{"type":"Feature","id":"beach-osm-relation-20124387","geometry":{"type":"Point","coordinates":[12.055606,66.50745]},"properties":{"name":"Strand","description":"Underlag: sand","source":"OpenStreetMap"}},{"type":"Feature","id":"beach-osm-relation-20124389","geometry":{"type":"Point","coordinates":[12.056117,66.509752]},"properties":{"name":"Strand","description":"Underlag: sand","source":"OpenStreetMap"}},{"type":"Feature","id":"beach-osm-relation-20124581","geometry":{"type":"Point","coordinates":[12.332468,66.374656]},"properties":{"name":"Strand","description":"Underlag: sand","source":"OpenStreetMap"}},{"type":"Feature","id":"beach-osm-relation-20154068","geometry":{"type":"Point","coordinates":[19.668243,70.156169]},"properties":{"name":"Strand","description":"Underlag: sand","source":"OpenStreetMap"}},{"type":"Feature","id":"beach-osm-relation-20192813","geometry":{"type":"Point","coordinates":[10.269514,63.258371]},"properties":{"name":"Strand","description":"Underlag: sand","source":"OpenStreetMap"}},{"type":"Feature","id":"beach-osm-relation-20245912","geometry":{"type":"Point","coordinates":[9.157061,63.64666]},"properties":{"name":"Strand","description":"Underlag: sand","source":"OpenStreetMap"}},{"type":"Feature","id":"beach-osm-relation-20258660","geometry":{"type":"Point","coordinates":[14.015229,67.162527]},"properties":{"name":"Strand","description":"Underlag: sand","source":"OpenStreetMap"}},{"type":"Feature","id":"beach-osm-relation-20258661","geometry":{"type":"Point","coordinates":[14.003826,67.154452]},"properties":{"name":"Strand","description":"Underlag: sand","source":"OpenStreetMap"}},{"type":"Feature","id":"beach-osm-relation-20272969","geometry":{"type":"Point","coordinates":[16.26436,68.91884]},"properties":{"name":"Strand","description":"Underlag: sand","source":"OpenStreetMap"}},{"type":"Feature","id":"beach-osm-relation-20276267","geometry":{"type":"Point","coordinates":[14.81699,68.270248]},"properties":{"name":"Strand","description":"Underlag: sand","source":"OpenStreetMap"}},{"type":"Feature","id":"beach-osm-relation-20290119","geometry":{"type":"Point","coordinates":[9.361909,63.587218]},"properties":{"name":"Strand","description":"Underlag: sand","source":"OpenStreetMap"}},{"type":"Feature","id":"beach-osm-relation-20290120","geometry":{"type":"Point","coordinates":[9.353824,63.587319]},"properties":{"name":"Strand","description":"Underlag: sand","source":"OpenStreetMap"}},{"type":"Feature","id":"beach-osm-relation-20292608","geometry":{"type":"Point","coordinates":[9.364596,63.583139]},"properties":{"name":"Strand","description":"Underlag: sand","source":"OpenStreetMap"}},{"type":"Feature","id":"beach-osm-relation-20299156","geometry":{"type":"Point","coordinates":[9.37157,63.585543]},"properties":{"name":"Strand","description":"Underlag: sand","source":"OpenStreetMap"}},{"type":"Feature","id":"beach-osm-relation-20299365","geometry":{"type":"Point","coordinates":[9.315288,63.565988]},"properties":{"name":"Strand","description":"Underlag: gravel","source":"OpenStreetMap"}},{"type":"Feature","id":"beach-osm-relation-20299374","geometry":{"type":"Point","coordinates":[9.302396,63.565173]},"properties":{"name":"Strand","description":"Underlag: sand","source":"OpenStreetMap"}},{"type":"Feature","id":"beach-osm-relation-20317924","geometry":{"type":"Point","coordinates":[9.390686,63.584778]},"properties":{"name":"Strand","description":"Underlag: sand","source":"OpenStreetMap"}},{"type":"Feature","id":"beach-osm-relation-20317939","geometry":{"type":"Point","coordinates":[9.398279,63.593295]},"properties":{"name":"Strand","description":"Underlag: gravel","source":"OpenStreetMap"}},{"type":"Feature","id":"beach-osm-relation-20317940","geometry":{"type":"Point","coordinates":[9.400907,63.591514]},"properties":{"name":"Strand","description":"Underlag: gravel","source":"OpenStreetMap"}},{"type":"Feature","id":"beach-osm-relation-20317941","geometry":{"type":"Point","coordinates":[9.401217,63.593049]},"properties":{"name":"Strand","description":"Underlag: gravel","source":"OpenStreetMap"}},{"type":"Feature","id":"beach-osm-relation-20318355","geometry":{"type":"Point","coordinates":[17.434965,68.447432]},"properties":{"name":"Strand","description":"Underlag: sand","source":"OpenStreetMap"}},{"type":"Feature","id":"beach-osm-node-293400190","geometry":{"type":"Point","coordinates":[10.662425,59.868608]},"properties":{"name":"Strand","source":"OpenStreetMap"}},{"type":"Feature","id":"beach-osm-node-293400195","geometry":{"type":"Point","coordinates":[10.67182,59.862307]},"properties":{"name":"Strand","source":"OpenStreetMap"}},{"type":"Feature","id":"beach-osm-node-355615688","geometry":{"type":"Point","coordinates":[10.49789,59.834254]},"properties":{"name":"Strand","source":"OpenStreetMap"}},{"type":"Feature","id":"beach-osm-node-804035823","geometry":{"type":"Point","coordinates":[10.38745,59.830246]},"properties":{"name":"Strand","source":"OpenStreetMap"}},{"type":"Feature","id":"beach-osm-node-1389822714","geometry":{"type":"Point","coordinates":[11.529967,59.133022]},"properties":{"name":"Strand","source":"OpenStreetMap"}},{"type":"Feature","id":"beach-osm-node-1822939786","geometry":{"type":"Point","coordinates":[6.722295,58.074128]},"properties":{"name":"Strand","source":"OpenStreetMap"}},{"type":"Feature","id":"beach-osm-node-1988191935","geometry":{"type":"Point","coordinates":[10.704495,59.806433]},"properties":{"name":"Strand","source":"OpenStreetMap"}},{"type":"Feature","id":"beach-osm-node-2299285208","geometry":{"type":"Point","coordinates":[10.577217,59.663769]},"properties":{"name":"Strand","source":"OpenStreetMap"}},{"type":"Feature","id":"beach-osm-node-5260987241","geometry":{"type":"Point","coordinates":[9.82801,63.674318]},"properties":{"name":"Strand","description":"Underlag: fine_sand","source":"OpenStreetMap"}},{"type":"Feature","id":"beach-osm-node-5593001121","geometry":{"type":"Point","coordinates":[10.717797,59.868809]},"properties":{"name":"Strand","source":"OpenStreetMap"}},{"type":"Feature","id":"beach-osm-node-5876818279","geometry":{"type":"Point","coordinates":[10.006534,59.75451]},"properties":{"name":"Strand","description":"Underlag: concrete","source":"OpenStreetMap"}},{"type":"Feature","id":"beach-osm-node-5922658124","geometry":{"type":"Point","coordinates":[11.876233,60.201882]},"properties":{"name":"Strand","description":"Underlag: fine_sand","source":"OpenStreetMap"}},{"type":"Feature","id":"beach-osm-node-6689690632","geometry":{"type":"Point","coordinates":[7.120421,61.213054]},"properties":{"name":"Strand","description":"Underlag: gravel","source":"OpenStreetMap"}},{"type":"Feature","id":"beach-osm-node-6695901822","geometry":{"type":"Point","coordinates":[7.468465,61.101174]},"properties":{"name":"Strand","description":"Underlag: gravel","source":"OpenStreetMap"}},{"type":"Feature","id":"beach-osm-node-7640125514","geometry":{"type":"Point","coordinates":[8.722514,58.494749]},"properties":{"name":"Strand","description":"Underlag: stone","source":"OpenStreetMap"}},{"type":"Feature","id":"beach-osm-node-9098100575","geometry":{"type":"Point","coordinates":[10.385212,60.262664]},"properties":{"name":"Strand","description":"Underlag: sand","source":"OpenStreetMap"}},{"type":"Feature","id":"beach-osm-node-9124539887","geometry":{"type":"Point","coordinates":[12.057474,60.134334]},"properties":{"name":"Strand","description":"Underlag: ground","source":"OpenStreetMap"}},{"type":"Feature","id":"beach-osm-node-9655735374","geometry":{"type":"Point","coordinates":[7.105891,61.230653]},"properties":{"name":"Strand","description":"Underlag: gravel","source":"OpenStreetMap"}},{"type":"Feature","id":"beach-osm-node-11015702366","geometry":{"type":"Point","coordinates":[11.137769,60.147362]},"properties":{"name":"Strand","description":"Underlag: sand","source":"OpenStreetMap"}},{"type":"Feature","id":"beach-osm-node-11066937198","geometry":{"type":"Point","coordinates":[14.481708,67.297894]},"properties":{"name":"Strand","source":"OpenStreetMap"}},{"type":"Feature","id":"beach-osm-node-12953998636","geometry":{"type":"Point","coordinates":[5.659311,59.007825]},"properties":{"name":"Strand","description":"Underlag: stone","source":"OpenStreetMap"}},{"type":"Feature","id":"beach-osm-way-27305673","geometry":{"type":"Point","coordinates":[10.606341,59.641745]},"properties":{"name":"Strand","source":"OpenStreetMap"}},{"type":"Feature","id":"beach-osm-way-30053536","geometry":{"type":"Point","coordinates":[10.623364,59.423146]},"properties":{"name":"Strand","description":"Underlag: gravel","source":"OpenStreetMap"}},{"type":"Feature","id":"beach-osm-way-30606444","geometry":{"type":"Point","coordinates":[10.537254,59.882607]},"properties":{"name":"Strand","description":"Underlag: sand","source":"OpenStreetMap"}},{"type":"Feature","id":"beach-osm-way-39851738","geometry":{"type":"Point","coordinates":[6.386039,58.275747]},"properties":{"name":"Strand","description":"Underlag: pebblestone","source":"OpenStreetMap"}},{"type":"Feature","id":"beach-osm-way-47093540","geometry":{"type":"Point","coordinates":[10.121496,59.295162]},"properties":{"name":"Strand","source":"OpenStreetMap"}},{"type":"Feature","id":"beach-osm-way-51007400","geometry":{"type":"Point","coordinates":[10.20918,59.027566]},"properties":{"name":"Strand","description":"Underlag: sand","source":"OpenStreetMap"}},{"type":"Feature","id":"beach-osm-way-51007401","geometry":{"type":"Point","coordinates":[10.227156,59.040889]},"properties":{"name":"Strand","description":"Underlag: sand","source":"OpenStreetMap"}},{"type":"Feature","id":"beach-osm-way-51007402","geometry":{"type":"Point","coordinates":[10.227012,59.04162]},"properties":{"name":"Strand","description":"Underlag: sand","source":"OpenStreetMap"}},{"type":"Feature","id":"beach-osm-way-62088116","geometry":{"type":"Point","coordinates":[6.789615,58.057266]},"properties":{"name":"Strand","description":"Underlag: sand","source":"OpenStreetMap"}},{"type":"Feature","id":"beach-osm-way-62088123","geometry":{"type":"Point","coordinates":[6.783103,58.061184]},"properties":{"name":"Strand","description":"Underlag: sand","source":"OpenStreetMap"}},{"type":"Feature","id":"beach-osm-way-62088127","geometry":{"type":"Point","coordinates":[6.785534,58.057944]},"properties":{"name":"Strand","description":"Underlag: sand","source":"OpenStreetMap"}},{"type":"Feature","id":"beach-osm-way-62088130","geometry":{"type":"Point","coordinates":[6.792434,58.057469]},"properties":{"name":"Strand","description":"Underlag: sand","source":"OpenStreetMap"}},{"type":"Feature","id":"beach-osm-way-62094211","geometry":{"type":"Point","coordinates":[10.506819,59.863443]},"properties":{"name":"Strand","source":"OpenStreetMap"}},{"type":"Feature","id":"beach-osm-way-62094212","geometry":{"type":"Point","coordinates":[10.508307,59.865109]},"properties":{"name":"Strand","source":"OpenStreetMap"}},{"type":"Feature","id":"beach-osm-way-62959452","geometry":{"type":"Point","coordinates":[11.12635,60.229253]},"properties":{"name":"Strand","source":"OpenStreetMap"}},{"type":"Feature","id":"beach-osm-way-75299211","geometry":{"type":"Point","coordinates":[14.424572,68.205016]},"properties":{"name":"Strand","description":"Underlag: sand","source":"OpenStreetMap"}},{"type":"Feature","id":"beach-osm-way-88212832","geometry":{"type":"Point","coordinates":[10.460437,63.454084]},"properties":{"name":"Strand","description":"Underlag: gravel","source":"OpenStreetMap"}},{"type":"Feature","id":"beach-osm-way-94238162","geometry":{"type":"Point","coordinates":[11.063385,60.792654]},"properties":{"name":"Strand","description":"Underlag: sand","source":"OpenStreetMap"}},{"type":"Feature","id":"beach-osm-way-100034710","geometry":{"type":"Point","coordinates":[10.448056,63.456987]},"properties":{"name":"Strand","description":"Underlag: gravel","source":"OpenStreetMap"}},{"type":"Feature","id":"beach-osm-way-103932659","geometry":{"type":"Point","coordinates":[16.495601,68.838975]},"properties":{"name":"Strand","description":"Underlag: gravel","source":"OpenStreetMap"}},{"type":"Feature","id":"beach-osm-way-103932665","geometry":{"type":"Point","coordinates":[16.493741,68.837452]},"properties":{"name":"Strand","description":"Underlag: gravel","source":"OpenStreetMap"}},{"type":"Feature","id":"beach-osm-way-104690954","geometry":{"type":"Point","coordinates":[16.491332,68.827818]},"properties":{"name":"Strand","source":"OpenStreetMap"}},{"type":"Feature","id":"beach-osm-way-104690989","geometry":{"type":"Point","coordinates":[16.489822,68.83064]},"properties":{"name":"Strand","source":"OpenStreetMap"}},{"type":"Feature","id":"beach-osm-way-104691045","geometry":{"type":"Point","coordinates":[16.488884,68.824838]},"properties":{"name":"Strand","source":"OpenStreetMap"}},{"type":"Feature","id":"beach-osm-way-104693140","geometry":{"type":"Point","coordinates":[16.488291,68.821931]},"properties":{"name":"Strand","source":"OpenStreetMap"}},{"type":"Feature","id":"beach-osm-way-104693151","geometry":{"type":"Point","coordinates":[16.487996,68.823102]},"properties":{"name":"Strand","source":"OpenStreetMap"}},{"type":"Feature","id":"beach-osm-way-106927128","geometry":{"type":"Point","coordinates":[10.440627,59.79139]},"properties":{"name":"Strand","source":"OpenStreetMap"}},{"type":"Feature","id":"beach-osm-way-108232414","geometry":{"type":"Point","coordinates":[10.383699,59.541519]},"properties":{"name":"Strand","source":"OpenStreetMap"}},{"type":"Feature","id":"beach-osm-way-108270472","geometry":{"type":"Point","coordinates":[10.37077,59.531532]},"properties":{"name":"Strand","source":"OpenStreetMap"}},{"type":"Feature","id":"beach-osm-way-108610230","geometry":{"type":"Point","coordinates":[16.542227,68.822813]},"properties":{"name":"Strand","source":"OpenStreetMap"}},{"type":"Feature","id":"beach-osm-way-108610233","geometry":{"type":"Point","coordinates":[16.545907,68.821675]},"properties":{"name":"Strand","source":"OpenStreetMap"}},{"type":"Feature","id":"beach-osm-way-108610268","geometry":{"type":"Point","coordinates":[16.548321,68.821108]},"properties":{"name":"Strand","source":"OpenStreetMap"}},{"type":"Feature","id":"beach-osm-way-108616319","geometry":{"type":"Point","coordinates":[16.550871,68.821707]},"properties":{"name":"Strand","source":"OpenStreetMap"}},{"type":"Feature","id":"beach-osm-way-108616324","geometry":{"type":"Point","coordinates":[16.551668,68.823033]},"properties":{"name":"Strand","source":"OpenStreetMap"}},{"type":"Feature","id":"beach-osm-way-109273474","geometry":{"type":"Point","coordinates":[16.550147,68.814129]},"properties":{"name":"Strand","source":"OpenStreetMap"}},{"type":"Feature","id":"beach-osm-way-109973150","geometry":{"type":"Point","coordinates":[16.550647,68.814575]},"properties":{"name":"Strand","source":"OpenStreetMap"}},{"type":"Feature","id":"beach-osm-way-109973393","geometry":{"type":"Point","coordinates":[16.560596,68.820303]},"properties":{"name":"Strand","source":"OpenStreetMap"}},{"type":"Feature","id":"beach-osm-way-109973396","geometry":{"type":"Point","coordinates":[16.553601,68.81612]},"properties":{"name":"Strand","source":"OpenStreetMap"}},{"type":"Feature","id":"beach-osm-way-110328448","geometry":{"type":"Point","coordinates":[16.49822,68.820487]},"properties":{"name":"Strand","source":"OpenStreetMap"}},{"type":"Feature","id":"beach-osm-way-110328450","geometry":{"type":"Point","coordinates":[16.495195,68.821489]},"properties":{"name":"Strand","source":"OpenStreetMap"}},{"type":"Feature","id":"beach-osm-way-110328455","geometry":{"type":"Point","coordinates":[16.489329,68.821706]},"properties":{"name":"Strand","source":"OpenStreetMap"}},{"type":"Feature","id":"beach-osm-way-110337237","geometry":{"type":"Point","coordinates":[16.510816,68.819893]},"properties":{"name":"Strand","source":"OpenStreetMap"}},{"type":"Feature","id":"beach-osm-way-110337239","geometry":{"type":"Point","coordinates":[16.503674,68.82067]},"properties":{"name":"Strand","source":"OpenStreetMap"}},{"type":"Feature","id":"beach-osm-way-110337242","geometry":{"type":"Point","coordinates":[16.517286,68.819939]},"properties":{"name":"Strand","source":"OpenStreetMap"}},{"type":"Feature","id":"beach-osm-way-110337249","geometry":{"type":"Point","coordinates":[16.502677,68.820126]},"properties":{"name":"Strand","source":"OpenStreetMap"}},{"type":"Feature","id":"beach-osm-way-110337251","geometry":{"type":"Point","coordinates":[16.513263,68.820038]},"properties":{"name":"Strand","source":"OpenStreetMap"}},{"type":"Feature","id":"beach-osm-way-110337261","geometry":{"type":"Point","coordinates":[16.500845,68.819921]},"properties":{"name":"Strand","source":"OpenStreetMap"}},{"type":"Feature","id":"beach-osm-way-110337266","geometry":{"type":"Point","coordinates":[16.506976,68.820094]},"properties":{"name":"Strand","source":"OpenStreetMap"}},{"type":"Feature","id":"beach-osm-way-110432608","geometry":{"type":"Point","coordinates":[16.52117,68.818059]},"properties":{"name":"Strand","source":"OpenStreetMap"}},{"type":"Feature","id":"beach-osm-way-110565379","geometry":{"type":"Point","coordinates":[16.527296,68.820124]},"properties":{"name":"Strand","source":"OpenStreetMap"}},{"type":"Feature","id":"beach-osm-way-110565381","geometry":{"type":"Point","coordinates":[16.52308,68.819083]},"properties":{"name":"Strand","source":"OpenStreetMap"}},{"type":"Feature","id":"beach-osm-way-110565382","geometry":{"type":"Point","coordinates":[16.525772,68.819617]},"properties":{"name":"Strand","source":"OpenStreetMap"}},{"type":"Feature","id":"beach-osm-way-110846104","geometry":{"type":"Point","coordinates":[9.297618,58.837068]},"properties":{"name":"Strand","source":"OpenStreetMap"}},{"type":"Feature","id":"beach-osm-way-110979088","geometry":{"type":"Point","coordinates":[16.534087,68.820985]},"properties":{"name":"Strand","source":"OpenStreetMap"}},{"type":"Feature","id":"beach-osm-way-110979092","geometry":{"type":"Point","coordinates":[16.537863,68.822752]},"properties":{"name":"Strand","source":"OpenStreetMap"}},{"type":"Feature","id":"beach-osm-way-113937090","geometry":{"type":"Point","coordinates":[10.593077,59.888888]},"properties":{"name":"Strand","source":"OpenStreetMap"}},{"type":"Feature","id":"beach-osm-way-118796657","geometry":{"type":"Point","coordinates":[9.245076,58.841439]},"properties":{"name":"Strand","source":"OpenStreetMap"}},{"type":"Feature","id":"beach-osm-way-121932392","geometry":{"type":"Point","coordinates":[16.564423,68.774]},"properties":{"name":"Strand","source":"OpenStreetMap"}},{"type":"Feature","id":"beach-osm-way-121934313","geometry":{"type":"Point","coordinates":[16.584831,68.775386]},"properties":{"name":"Strand","source":"OpenStreetMap"}},{"type":"Feature","id":"beach-osm-way-122086470","geometry":{"type":"Point","coordinates":[16.573319,68.772079]},"properties":{"name":"Strand","source":"OpenStreetMap"}},{"type":"Feature","id":"beach-osm-way-122086582","geometry":{"type":"Point","coordinates":[16.578938,68.77134]},"properties":{"name":"Strand","source":"OpenStreetMap"}},{"type":"Feature","id":"beach-osm-way-122086583","geometry":{"type":"Point","coordinates":[16.576139,68.771975]},"properties":{"name":"Strand","source":"OpenStreetMap"}},{"type":"Feature","id":"beach-osm-way-122425750","geometry":{"type":"Point","coordinates":[16.563241,68.773263]},"properties":{"name":"Strand","source":"OpenStreetMap"}},{"type":"Feature","id":"beach-osm-way-122484726","geometry":{"type":"Point","coordinates":[16.559497,68.769026]},"properties":{"name":"Strand","source":"OpenStreetMap"}},{"type":"Feature","id":"beach-osm-way-122734659","geometry":{"type":"Point","coordinates":[9.456619,58.86806]},"properties":{"name":"Strand","source":"OpenStreetMap"}},{"type":"Feature","id":"beach-osm-way-122793658","geometry":{"type":"Point","coordinates":[16.561644,68.765528]},"properties":{"name":"Strand","source":"OpenStreetMap"}},{"type":"Feature","id":"beach-osm-way-125099547","geometry":{"type":"Point","coordinates":[10.426912,62.394681]},"properties":{"name":"Strand","source":"OpenStreetMap"}},{"type":"Feature","id":"beach-osm-way-125852481","geometry":{"type":"Point","coordinates":[16.56821,68.760376]},"properties":{"name":"Strand","source":"OpenStreetMap"}},{"type":"Feature","id":"beach-osm-way-126067397","geometry":{"type":"Point","coordinates":[10.217486,59.738463]},"properties":{"name":"Strand","description":"Underlag: sand","source":"OpenStreetMap"}},{"type":"Feature","id":"beach-osm-way-126778425","geometry":{"type":"Point","coordinates":[9.965432,58.978852]},"properties":{"name":"Strand","description":"Underlag: sand","source":"OpenStreetMap"}},{"type":"Feature","id":"beach-osm-way-126778426","geometry":{"type":"Point","coordinates":[9.96569,58.976949]},"properties":{"name":"Strand","description":"Underlag: sand","source":"OpenStreetMap"}},{"type":"Feature","id":"beach-osm-way-127068469","geometry":{"type":"Point","coordinates":[9.853627,58.997939]},"properties":{"name":"Strand","description":"Underlag: sand","source":"OpenStreetMap"}},{"type":"Feature","id":"beach-osm-way-127068478","geometry":{"type":"Point","coordinates":[9.850492,58.999366]},"properties":{"name":"Strand","description":"Underlag: sand","source":"OpenStreetMap"}},{"type":"Feature","id":"beach-osm-way-127080015","geometry":{"type":"Point","coordinates":[10.483984,59.52486]},"properties":{"name":"Strand","source":"OpenStreetMap"}},{"type":"Feature","id":"beach-osm-way-127871479","geometry":{"type":"Point","coordinates":[10.362282,63.43218]},"properties":{"name":"Strand","source":"OpenStreetMap"}},{"type":"Feature","id":"beach-osm-way-128374806","geometry":{"type":"Point","coordinates":[8.764225,61.560267]},"properties":{"name":"Strand","description":"Underlag: sand","source":"OpenStreetMap"}},{"type":"Feature","id":"beach-osm-way-128374807","geometry":{"type":"Point","coordinates":[8.758627,61.561134]},"properties":{"name":"Strand","description":"Underlag: sand","source":"OpenStreetMap"}},{"type":"Feature","id":"beach-osm-way-128374808","geometry":{"type":"Point","coordinates":[8.753191,61.561629]},"properties":{"name":"Strand","description":"Underlag: sand","source":"OpenStreetMap"}},{"type":"Feature","id":"beach-osm-way-129345435","geometry":{"type":"Point","coordinates":[16.570858,68.743001]},"properties":{"name":"Strand","source":"OpenStreetMap"}},{"type":"Feature","id":"beach-osm-way-129345440","geometry":{"type":"Point","coordinates":[16.570964,68.744185]},"properties":{"name":"Strand","source":"OpenStreetMap"}},{"type":"Feature","id":"beach-osm-way-129486438","geometry":{"type":"Point","coordinates":[10.633329,59.90201]},"properties":{"name":"Strand","source":"OpenStreetMap"}},{"type":"Feature","id":"beach-osm-way-131144509","geometry":{"type":"Point","coordinates":[9.368129,58.846768]},"properties":{"name":"Strand","source":"OpenStreetMap"}},{"type":"Feature","id":"beach-osm-way-135857041","geometry":{"type":"Point","coordinates":[7.845778,58.0798]},"properties":{"name":"Strand","source":"OpenStreetMap"}},{"type":"Feature","id":"beach-osm-way-137533436","geometry":{"type":"Point","coordinates":[16.593146,68.71396]},"properties":{"name":"Strand","source":"OpenStreetMap"}},{"type":"Feature","id":"beach-osm-way-137560709","geometry":{"type":"Point","coordinates":[16.591339,68.729382]},"properties":{"name":"Strand","source":"OpenStreetMap"}},{"type":"Feature","id":"beach-osm-way-140007293","geometry":{"type":"Point","coordinates":[10.772261,59.866387]},"properties":{"name":"Strand","source":"OpenStreetMap"}},{"type":"Feature","id":"beach-osm-way-141869116","geometry":{"type":"Point","coordinates":[10.519248,59.726652]},"properties":{"name":"Strand","source":"OpenStreetMap"}},{"type":"Feature","id":"beach-osm-way-148738544","geometry":{"type":"Point","coordinates":[10.614348,59.816456]},"properties":{"name":"Strand","description":"Underlag: gravel","source":"OpenStreetMap"}},{"type":"Feature","id":"beach-osm-way-148738558","geometry":{"type":"Point","coordinates":[10.609267,59.819414]},"properties":{"name":"Strand","description":"Underlag: gravel","source":"OpenStreetMap"}},{"type":"Feature","id":"beach-osm-way-148738591","geometry":{"type":"Point","coordinates":[10.611927,59.816947]},"properties":{"name":"Strand","description":"Underlag: gravel","source":"OpenStreetMap"}},{"type":"Feature","id":"beach-osm-way-148738622","geometry":{"type":"Point","coordinates":[10.614435,59.817092]},"properties":{"name":"Strand","description":"Underlag: gravel","source":"OpenStreetMap"}},{"type":"Feature","id":"beach-osm-way-148738634","geometry":{"type":"Point","coordinates":[10.611843,59.820098]},"properties":{"name":"Strand","description":"Underlag: gravel","source":"OpenStreetMap"}},{"type":"Feature","id":"beach-osm-way-148738641","geometry":{"type":"Point","coordinates":[10.607089,59.818321]},"properties":{"name":"Strand","description":"Underlag: gravel","source":"OpenStreetMap"}},{"type":"Feature","id":"beach-osm-way-161471070","geometry":{"type":"Point","coordinates":[10.418202,59.527556]},"properties":{"name":"Strand","source":"OpenStreetMap"}},{"type":"Feature","id":"beach-osm-way-162891835","geometry":{"type":"Point","coordinates":[5.115355,60.450669]},"properties":{"name":"Strand","source":"OpenStreetMap"}},{"type":"Feature","id":"beach-osm-way-163600620","geometry":{"type":"Point","coordinates":[9.809942,58.9972]},"properties":{"name":"Strand","description":"Underlag: sand","source":"OpenStreetMap"}},{"type":"Feature","id":"beach-osm-way-163605605","geometry":{"type":"Point","coordinates":[9.854798,58.997018]},"properties":{"name":"Strand","description":"Underlag: sand","source":"OpenStreetMap"}},{"type":"Feature","id":"beach-osm-way-165471610","geometry":{"type":"Point","coordinates":[9.3654,58.864885]},"properties":{"name":"Strand","source":"OpenStreetMap"}},{"type":"Feature","id":"beach-osm-way-168078727","geometry":{"type":"Point","coordinates":[5.753274,58.992804]},"properties":{"name":"Strand","description":"Underlag: sand","source":"OpenStreetMap"}},{"type":"Feature","id":"beach-osm-way-168197032","geometry":{"type":"Point","coordinates":[5.737542,59.009798]},"properties":{"name":"Strand","source":"OpenStreetMap"}},{"type":"Feature","id":"beach-osm-way-168197034","geometry":{"type":"Point","coordinates":[5.752583,59.011738]},"properties":{"name":"Strand","description":"Underlag: gravel","source":"OpenStreetMap"}},{"type":"Feature","id":"beach-osm-way-168197037","geometry":{"type":"Point","coordinates":[5.755389,59.00423]},"properties":{"name":"Strand","description":"Underlag: sand","source":"OpenStreetMap"}},{"type":"Feature","id":"beach-osm-way-168197038","geometry":{"type":"Point","coordinates":[5.753469,59.011065]},"properties":{"name":"Strand","description":"Underlag: gravel","source":"OpenStreetMap"}},{"type":"Feature","id":"beach-osm-way-168457780","geometry":{"type":"Point","coordinates":[5.751538,58.996262]},"properties":{"name":"Strand","description":"Underlag: sand","source":"OpenStreetMap"}},{"type":"Feature","id":"beach-osm-way-168584701","geometry":{"type":"Point","coordinates":[13.320961,65.213078]},"properties":{"name":"Strand","description":"Underlag: sand","source":"OpenStreetMap"}},{"type":"Feature","id":"beach-osm-way-168584702","geometry":{"type":"Point","coordinates":[13.321559,65.213752]},"properties":{"name":"Strand","description":"Underlag: sand","source":"OpenStreetMap"}},{"type":"Feature","id":"beach-osm-way-168596612","geometry":{"type":"Point","coordinates":[5.746868,58.998635]},"properties":{"name":"Strand","description":"Underlag: sand","source":"OpenStreetMap"}},{"type":"Feature","id":"beach-osm-way-169500228","geometry":{"type":"Point","coordinates":[5.747031,58.989043]},"properties":{"name":"Strand","description":"Underlag: gravel","source":"OpenStreetMap"}},{"type":"Feature","id":"beach-osm-way-171790484","geometry":{"type":"Point","coordinates":[17.454545,68.449577]},"properties":{"name":"Strand","description":"Underlag: pebblestone","source":"OpenStreetMap"}},{"type":"Feature","id":"beach-osm-way-171984629","geometry":{"type":"Point","coordinates":[10.49477,59.803775]},"properties":{"name":"Strand","source":"OpenStreetMap"}},{"type":"Feature","id":"beach-osm-way-172517272","geometry":{"type":"Point","coordinates":[8.001146,58.143756]},"properties":{"name":"Strand","description":"Underlag: sand","source":"OpenStreetMap"}},{"type":"Feature","id":"beach-osm-way-173471527","geometry":{"type":"Point","coordinates":[9.785952,59.014034]},"properties":{"name":"Strand","description":"Underlag: sand","source":"OpenStreetMap"}},{"type":"Feature","id":"beach-osm-way-173792727","geometry":{"type":"Point","coordinates":[9.830286,59.013586]},"properties":{"name":"Strand","description":"Underlag: sand","source":"OpenStreetMap"}},{"type":"Feature","id":"beach-osm-way-173792728","geometry":{"type":"Point","coordinates":[9.829368,59.012779]},"properties":{"name":"Strand","description":"Underlag: sand","source":"OpenStreetMap"}},{"type":"Feature","id":"beach-osm-way-177386143","geometry":{"type":"Point","coordinates":[5.792221,58.990062]},"properties":{"name":"Strand","source":"OpenStreetMap"}},{"type":"Feature","id":"beach-osm-way-177436495","geometry":{"type":"Point","coordinates":[5.767827,58.987474]},"properties":{"name":"Strand","source":"OpenStreetMap"}},{"type":"Feature","id":"beach-osm-way-181366520","geometry":{"type":"Point","coordinates":[13.976214,66.253024]},"properties":{"name":"Strand","source":"OpenStreetMap"}},{"type":"Feature","id":"beach-osm-way-184497276","geometry":{"type":"Point","coordinates":[5.417482,59.06123]},"properties":{"name":"Strand","source":"OpenStreetMap"}},{"type":"Feature","id":"beach-osm-way-187867655","geometry":{"type":"Point","coordinates":[5.386438,59.010406]},"properties":{"name":"Strand","source":"OpenStreetMap"}},{"type":"Feature","id":"beach-osm-way-200718166","geometry":{"type":"Point","coordinates":[10.443079,59.134842]},"properties":{"name":"Strand","description":"Underlag: sand","source":"OpenStreetMap"}},{"type":"Feature","id":"beach-osm-way-200718817","geometry":{"type":"Point","coordinates":[10.451361,59.136271]},"properties":{"name":"Strand","description":"Underlag: pebblestone","source":"OpenStreetMap"}},{"type":"Feature","id":"beach-osm-way-200722385","geometry":{"type":"Point","coordinates":[10.447785,59.141355]},"properties":{"name":"Strand","description":"Underlag: sand","source":"OpenStreetMap"}},{"type":"Feature","id":"beach-osm-way-200723876","geometry":{"type":"Point","coordinates":[10.451446,59.136725]},"properties":{"name":"Strand","description":"Underlag: gravel","source":"OpenStreetMap"}},{"type":"Feature","id":"beach-osm-way-201127002","geometry":{"type":"Point","coordinates":[10.443784,59.128463]},"properties":{"name":"Strand","description":"Underlag: gravel","source":"OpenStreetMap"}},{"type":"Feature","id":"beach-osm-way-201127005","geometry":{"type":"Point","coordinates":[10.4467,59.128508]},"properties":{"name":"Strand","description":"Underlag: gravel","source":"OpenStreetMap"}},{"type":"Feature","id":"beach-osm-way-201457895","geometry":{"type":"Point","coordinates":[10.440916,59.130345]},"properties":{"name":"Strand","description":"Underlag: gravel","source":"OpenStreetMap"}},{"type":"Feature","id":"beach-osm-way-203657727","geometry":{"type":"Point","coordinates":[10.558136,59.851202]},"properties":{"name":"Strand","source":"OpenStreetMap"}},{"type":"Feature","id":"beach-osm-way-204045249","geometry":{"type":"Point","coordinates":[10.988796,59.876144]},"properties":{"name":"Strand","source":"OpenStreetMap"}},{"type":"Feature","id":"beach-osm-way-215803934","geometry":{"type":"Point","coordinates":[5.598062,60.200861]},"properties":{"name":"Strand","source":"OpenStreetMap"}},{"type":"Feature","id":"beach-osm-way-218791862","geometry":{"type":"Point","coordinates":[13.347651,65.231035]},"properties":{"name":"Strand","description":"Underlag: sand","source":"OpenStreetMap"}},{"type":"Feature","id":"beach-osm-way-225710822","geometry":{"type":"Point","coordinates":[5.579605,60.155015]},"properties":{"name":"Strand","source":"OpenStreetMap"}},{"type":"Feature","id":"beach-osm-way-225710823","geometry":{"type":"Point","coordinates":[5.576851,60.154]},"properties":{"name":"Strand","source":"OpenStreetMap"}},{"type":"Feature","id":"beach-osm-way-232364256","geometry":{"type":"Point","coordinates":[11.373207,62.696741]},"properties":{"name":"Strand","description":"Underlag: sand","source":"OpenStreetMap"}},{"type":"Feature","id":"beach-osm-way-238958755","geometry":{"type":"Point","coordinates":[10.700386,59.902953]},"properties":{"name":"Strand","source":"OpenStreetMap"}},{"type":"Feature","id":"beach-osm-way-238958759","geometry":{"type":"Point","coordinates":[10.701123,59.903534]},"properties":{"name":"Strand","source":"OpenStreetMap"}},{"type":"Feature","id":"beach-osm-way-240398244","geometry":{"type":"Point","coordinates":[10.656435,59.584198]},"properties":{"name":"Strand","description":"Underlag: sand","source":"OpenStreetMap"}},{"type":"Feature","id":"beach-osm-way-259972293","geometry":{"type":"Point","coordinates":[15.098639,69.013649]},"properties":{"name":"Strand","source":"OpenStreetMap"}},{"type":"Feature","id":"beach-osm-way-260447578","geometry":{"type":"Point","coordinates":[6.941228,60.567989]},"properties":{"name":"Strand","description":"Underlag: sand/gravel/stones","source":"OpenStreetMap"}},{"type":"Feature","id":"beach-osm-way-260517532","geometry":{"type":"Point","coordinates":[16.59604,68.964776]},"properties":{"name":"Strand","description":"Underlag: sand","source":"OpenStreetMap"}},{"type":"Feature","id":"beach-osm-way-260517540","geometry":{"type":"Point","coordinates":[16.595723,68.965505]},"properties":{"name":"Strand","description":"Underlag: sand","source":"OpenStreetMap"}},{"type":"Feature","id":"beach-osm-way-265939299","geometry":{"type":"Point","coordinates":[5.288964,59.910081]},"properties":{"name":"Strand","description":"Underlag: gravel","source":"OpenStreetMap"}},{"type":"Feature","id":"beach-osm-way-265939555","geometry":{"type":"Point","coordinates":[5.288298,59.909429]},"properties":{"name":"Strand","description":"Underlag: gravel","source":"OpenStreetMap"}},{"type":"Feature","id":"beach-osm-way-265991154","geometry":{"type":"Point","coordinates":[5.2897,59.914306]},"properties":{"name":"Strand","description":"Underlag: sand","source":"OpenStreetMap"}},{"type":"Feature","id":"beach-osm-way-274870809","geometry":{"type":"Point","coordinates":[11.594294,59.097935]},"properties":{"name":"Strand","source":"OpenStreetMap"}},{"type":"Feature","id":"beach-osm-way-274870810","geometry":{"type":"Point","coordinates":[11.671809,59.054817]},"properties":{"name":"Strand","source":"OpenStreetMap"}},{"type":"Feature","id":"beach-osm-way-290577701","geometry":{"type":"Point","coordinates":[10.634982,59.892028]},"properties":{"name":"Strand","source":"OpenStreetMap"}},{"type":"Feature","id":"beach-osm-way-292114710","geometry":{"type":"Point","coordinates":[10.596246,59.881444]},"properties":{"name":"Strand","source":"OpenStreetMap"}},{"type":"Feature","id":"beach-osm-way-292554482","geometry":{"type":"Point","coordinates":[10.3567,63.432372]},"properties":{"name":"Strand","description":"Underlag: pebblestone","source":"OpenStreetMap"}},{"type":"Feature","id":"beach-osm-way-297370151","geometry":{"type":"Point","coordinates":[5.293613,59.902702]},"properties":{"name":"Strand","description":"Underlag: gravel","source":"OpenStreetMap"}},{"type":"Feature","id":"beach-osm-way-297374823","geometry":{"type":"Point","coordinates":[5.301092,59.90214]},"properties":{"name":"Strand","description":"Underlag: sand","source":"OpenStreetMap"}},{"type":"Feature","id":"beach-osm-way-299276555","geometry":{"type":"Point","coordinates":[6.819603,58.076827]},"properties":{"name":"Strand","description":"Underlag: sand","source":"OpenStreetMap"}},{"type":"Feature","id":"beach-osm-way-305289794","geometry":{"type":"Point","coordinates":[8.317653,62.234152]},"properties":{"name":"Strand","source":"OpenStreetMap"}},{"type":"Feature","id":"beach-osm-way-305597325","geometry":{"type":"Point","coordinates":[8.265674,62.23586]},"properties":{"name":"Strand","source":"OpenStreetMap"}},{"type":"Feature","id":"beach-osm-way-312859203","geometry":{"type":"Point","coordinates":[16.598387,68.455428]},"properties":{"name":"Strand","description":"Underlag: pebblestone","source":"OpenStreetMap"}},{"type":"Feature","id":"beach-osm-way-312859204","geometry":{"type":"Point","coordinates":[16.601561,68.455553]},"properties":{"name":"Strand","description":"Underlag: pebblestone","source":"OpenStreetMap"}},{"type":"Feature","id":"beach-osm-way-319417657","geometry":{"type":"Point","coordinates":[11.58993,59.097194]},"properties":{"name":"Strand","source":"OpenStreetMap"}},{"type":"Feature","id":"beach-osm-way-319417658","geometry":{"type":"Point","coordinates":[11.591872,59.106554]},"properties":{"name":"Strand","source":"OpenStreetMap"}},{"type":"Feature","id":"beach-osm-way-324827200","geometry":{"type":"Point","coordinates":[10.03276,58.986856]},"properties":{"name":"Strand","description":"Underlag: sand","source":"OpenStreetMap"}},{"type":"Feature","id":"beach-osm-way-324827201","geometry":{"type":"Point","coordinates":[10.032733,58.986276]},"properties":{"name":"Strand","description":"Underlag: sand","source":"OpenStreetMap"}},{"type":"Feature","id":"beach-osm-way-324827202","geometry":{"type":"Point","coordinates":[10.033954,58.985181]},"properties":{"name":"Strand","description":"Underlag: sand","source":"OpenStreetMap"}},{"type":"Feature","id":"beach-osm-way-324827203","geometry":{"type":"Point","coordinates":[10.03338,58.98751]},"properties":{"name":"Strand","description":"Underlag: sand","source":"OpenStreetMap"}},{"type":"Feature","id":"beach-osm-way-324827204","geometry":{"type":"Point","coordinates":[10.03304,58.985581]},"properties":{"name":"Strand","description":"Underlag: sand","source":"OpenStreetMap"}},{"type":"Feature","id":"beach-osm-way-324858294","geometry":{"type":"Point","coordinates":[10.04145,58.9935]},"properties":{"name":"Strand","description":"Underlag: sand","source":"OpenStreetMap"}},{"type":"Feature","id":"beach-osm-way-330381736","geometry":{"type":"Point","coordinates":[5.635371,58.970931]},"properties":{"name":"Strand","description":"Underlag: grass","source":"OpenStreetMap"}},{"type":"Feature","id":"beach-osm-way-346373185","geometry":{"type":"Point","coordinates":[10.52432,59.530301]},"properties":{"name":"Strand","source":"OpenStreetMap"}},{"type":"Feature","id":"beach-osm-way-346373186","geometry":{"type":"Point","coordinates":[10.500376,59.52617]},"properties":{"name":"Strand","source":"OpenStreetMap"}},{"type":"Feature","id":"beach-osm-way-346373188","geometry":{"type":"Point","coordinates":[10.50594,59.526948]},"properties":{"name":"Strand","source":"OpenStreetMap"}},{"type":"Feature","id":"beach-osm-way-356198146","geometry":{"type":"Point","coordinates":[9.266341,58.985441]},"properties":{"name":"Strand","description":"Underlag: sand","source":"OpenStreetMap"}},{"type":"Feature","id":"beach-osm-way-356720268","geometry":{"type":"Point","coordinates":[19.699502,69.764458]},"properties":{"name":"Strand","source":"OpenStreetMap"}},{"type":"Feature","id":"beach-osm-way-359861668","geometry":{"type":"Point","coordinates":[17.992375,69.633447]},"properties":{"name":"Strand","description":"Underlag: sand","source":"OpenStreetMap"}},{"type":"Feature","id":"beach-osm-way-366620518","geometry":{"type":"Point","coordinates":[11.032418,59.020769]},"properties":{"name":"Strand","description":"Underlag: sand","source":"OpenStreetMap"}},{"type":"Feature","id":"beach-osm-way-369932474","geometry":{"type":"Point","coordinates":[23.086792,68.946934]},"properties":{"name":"Strand","description":"Underlag: sand","source":"OpenStreetMap"}},{"type":"Feature","id":"beach-osm-way-374893536","geometry":{"type":"Point","coordinates":[8.916981,63.733854]},"properties":{"name":"Strand","source":"OpenStreetMap"}},{"type":"Feature","id":"beach-osm-way-378534565","geometry":{"type":"Point","coordinates":[8.392013,58.255793]},"properties":{"name":"Strand","description":"Underlag: sand","source":"OpenStreetMap"}},{"type":"Feature","id":"beach-osm-way-391080398","geometry":{"type":"Point","coordinates":[8.649629,58.346551]},"properties":{"name":"Strand","description":"Underlag: sand","source":"OpenStreetMap"}},{"type":"Feature","id":"beach-osm-way-401810540","geometry":{"type":"Point","coordinates":[5.36925,60.213208]},"properties":{"name":"Strand","source":"OpenStreetMap"}},{"type":"Feature","id":"beach-osm-way-420073157","geometry":{"type":"Point","coordinates":[11.089516,60.278398]},"properties":{"name":"Strand","description":"Underlag: grass","source":"OpenStreetMap"}},{"type":"Feature","id":"beach-osm-way-422267994","geometry":{"type":"Point","coordinates":[9.673612,60.15596]},"properties":{"name":"Strand","source":"OpenStreetMap"}},{"type":"Feature","id":"beach-osm-way-423486133","geometry":{"type":"Point","coordinates":[11.165249,59.927137]},"properties":{"name":"Strand","source":"OpenStreetMap"}},{"type":"Feature","id":"beach-osm-way-432862539","geometry":{"type":"Point","coordinates":[21.031584,69.999965]},"properties":{"name":"Strand","description":"Underlag: sand","source":"OpenStreetMap"}},{"type":"Feature","id":"beach-osm-way-436401704","geometry":{"type":"Point","coordinates":[10.257269,63.331839]},"properties":{"name":"Strand","source":"OpenStreetMap"}},{"type":"Feature","id":"beach-osm-way-436401706","geometry":{"type":"Point","coordinates":[10.25987,63.332489]},"properties":{"name":"Strand","source":"OpenStreetMap"}},{"type":"Feature","id":"beach-osm-way-437223715","geometry":{"type":"Point","coordinates":[8.113395,58.441343]},"properties":{"name":"Strand","source":"OpenStreetMap"}},{"type":"Feature","id":"beach-osm-way-444763041","geometry":{"type":"Point","coordinates":[9.198322,58.722745]},"properties":{"name":"Strand","source":"OpenStreetMap"}},{"type":"Feature","id":"beach-osm-way-448968282","geometry":{"type":"Point","coordinates":[10.142649,59.367586]},"properties":{"name":"Strand","description":"Underlag: sand","source":"OpenStreetMap"}},{"type":"Feature","id":"beach-osm-way-460892568","geometry":{"type":"Point","coordinates":[11.098639,60.337302]},"properties":{"name":"Strand","source":"OpenStreetMap"}},{"type":"Feature","id":"beach-osm-way-482627374","geometry":{"type":"Point","coordinates":[23.305016,69.990294]},"properties":{"name":"Strand","description":"Underlag: pebblestone","source":"OpenStreetMap"}},{"type":"Feature","id":"beach-osm-way-482695749","geometry":{"type":"Point","coordinates":[5.902045,58.958384]},"properties":{"name":"Strand","description":"Underlag: sand","source":"OpenStreetMap"}},{"type":"Feature","id":"beach-osm-way-485942771","geometry":{"type":"Point","coordinates":[23.242419,69.091508]},"properties":{"name":"Strand","description":"Underlag: sand","source":"OpenStreetMap"}},{"type":"Feature","id":"beach-osm-way-486368113","geometry":{"type":"Point","coordinates":[10.645221,59.508]},"properties":{"name":"Strand","description":"Underlag: sand","source":"OpenStreetMap"}},{"type":"Feature","id":"beach-osm-way-500109236","geometry":{"type":"Point","coordinates":[10.611998,59.445842]},"properties":{"name":"Strand","description":"Underlag: sand","source":"OpenStreetMap"}},{"type":"Feature","id":"beach-osm-way-500426877","geometry":{"type":"Point","coordinates":[10.580364,59.434997]},"properties":{"name":"Strand","description":"Underlag: gravel","source":"OpenStreetMap"}},{"type":"Feature","id":"beach-osm-way-500426880","geometry":{"type":"Point","coordinates":[10.581668,59.435067]},"properties":{"name":"Strand","description":"Underlag: gravel","source":"OpenStreetMap"}},{"type":"Feature","id":"beach-osm-way-500426881","geometry":{"type":"Point","coordinates":[10.582412,59.435578]},"properties":{"name":"Strand","description":"Underlag: gravel","source":"OpenStreetMap"}},{"type":"Feature","id":"beach-osm-way-500426904","geometry":{"type":"Point","coordinates":[10.579811,59.43607]},"properties":{"name":"Strand","description":"Underlag: gravel","source":"OpenStreetMap"}},{"type":"Feature","id":"beach-osm-way-500426920","geometry":{"type":"Point","coordinates":[10.578607,59.434514]},"properties":{"name":"Strand","description":"Underlag: gravel","source":"OpenStreetMap"}},{"type":"Feature","id":"beach-osm-way-500426922","geometry":{"type":"Point","coordinates":[10.577649,59.434449]},"properties":{"name":"Strand","description":"Underlag: gravel","source":"OpenStreetMap"}},{"type":"Feature","id":"beach-osm-way-500888933","geometry":{"type":"Point","coordinates":[10.580926,59.436784]},"properties":{"name":"Strand","description":"Underlag: gravel","source":"OpenStreetMap"}},{"type":"Feature","id":"beach-osm-way-501811076","geometry":{"type":"Point","coordinates":[7.085668,58.149641]},"properties":{"name":"Strand","description":"Underlag: pebblestone","source":"OpenStreetMap"}},{"type":"Feature","id":"beach-osm-way-502112736","geometry":{"type":"Point","coordinates":[7.07417,58.154428]},"properties":{"name":"Strand","description":"Underlag: gravel","source":"OpenStreetMap"}},{"type":"Feature","id":"beach-osm-way-506274904","geometry":{"type":"Point","coordinates":[9.822654,59.37655]},"properties":{"name":"Strand","description":"Underlag: sand","source":"OpenStreetMap"}},{"type":"Feature","id":"beach-osm-way-506274905","geometry":{"type":"Point","coordinates":[9.824596,59.376757]},"properties":{"name":"Strand","description":"Underlag: sand","source":"OpenStreetMap"}},{"type":"Feature","id":"beach-osm-way-506792881","geometry":{"type":"Point","coordinates":[10.589371,59.430333]},"properties":{"name":"Strand","description":"Underlag: gravel","source":"OpenStreetMap"}},{"type":"Feature","id":"beach-osm-way-506935038","geometry":{"type":"Point","coordinates":[14.763238,67.669603]},"properties":{"name":"Strand","source":"OpenStreetMap"}},{"type":"Feature","id":"beach-osm-way-506935040","geometry":{"type":"Point","coordinates":[14.778825,67.666191]},"properties":{"name":"Strand","source":"OpenStreetMap"}},{"type":"Feature","id":"beach-osm-way-506935043","geometry":{"type":"Point","coordinates":[14.776064,67.667544]},"properties":{"name":"Strand","source":"OpenStreetMap"}},{"type":"Feature","id":"beach-osm-way-506935045","geometry":{"type":"Point","coordinates":[14.771128,67.667734]},"properties":{"name":"Strand","source":"OpenStreetMap"}},{"type":"Feature","id":"beach-osm-way-507302759","geometry":{"type":"Point","coordinates":[14.473167,68.756965]},"properties":{"name":"Strand","description":"Underlag: sand","source":"OpenStreetMap"}},{"type":"Feature","id":"beach-osm-way-507334131","geometry":{"type":"Point","coordinates":[10.595298,59.418042]},"properties":{"name":"Strand","description":"Underlag: gravel","source":"OpenStreetMap"}},{"type":"Feature","id":"beach-osm-way-507334142","geometry":{"type":"Point","coordinates":[10.604787,59.417644]},"properties":{"name":"Strand","description":"Underlag: gravel","source":"OpenStreetMap"}},{"type":"Feature","id":"beach-osm-way-507334155","geometry":{"type":"Point","coordinates":[10.599282,59.418412]},"properties":{"name":"Strand","description":"Underlag: gravel","source":"OpenStreetMap"}},{"type":"Feature","id":"beach-osm-way-508188946","geometry":{"type":"Point","coordinates":[10.586991,59.421785]},"properties":{"name":"Strand","description":"Underlag: gravel","source":"OpenStreetMap"}},{"type":"Feature","id":"beach-osm-way-508188955","geometry":{"type":"Point","coordinates":[10.587343,59.421312]},"properties":{"name":"Strand","description":"Underlag: gravel","source":"OpenStreetMap"}},{"type":"Feature","id":"beach-osm-way-508443610","geometry":{"type":"Point","coordinates":[10.58917,59.419232]},"properties":{"name":"Strand","description":"Underlag: gravel","source":"OpenStreetMap"}},{"type":"Feature","id":"beach-osm-way-508443611","geometry":{"type":"Point","coordinates":[10.590921,59.418323]},"properties":{"name":"Strand","description":"Underlag: gravel","source":"OpenStreetMap"}},{"type":"Feature","id":"beach-osm-way-508444285","geometry":{"type":"Point","coordinates":[10.587656,59.420861]},"properties":{"name":"Strand","description":"Underlag: gravel","source":"OpenStreetMap"}},{"type":"Feature","id":"beach-osm-way-508719506","geometry":{"type":"Point","coordinates":[10.609303,59.420406]},"properties":{"name":"Strand","description":"Underlag: gravel","source":"OpenStreetMap"}},{"type":"Feature","id":"beach-osm-way-513406370","geometry":{"type":"Point","coordinates":[11.091481,59.012428]},"properties":{"name":"Strand","description":"Underlag: boulders","source":"OpenStreetMap"}},{"type":"Feature","id":"beach-osm-way-545272670","geometry":{"type":"Point","coordinates":[7.002361,58.000882]},"properties":{"name":"Strand","description":"Underlag: pebblestone","source":"OpenStreetMap"}},{"type":"Feature","id":"beach-osm-way-545342089","geometry":{"type":"Point","coordinates":[8.03145,58.195899]},"properties":{"name":"Strand","description":"Underlag: sand","source":"OpenStreetMap"}},{"type":"Feature","id":"beach-osm-way-545342090","geometry":{"type":"Point","coordinates":[8.033294,58.195846]},"properties":{"name":"Strand","description":"Underlag: sand","source":"OpenStreetMap"}},{"type":"Feature","id":"beach-osm-way-546247650","geometry":{"type":"Point","coordinates":[10.471587,59.245713]},"properties":{"name":"Strand","description":"Underlag: sand","source":"OpenStreetMap"}},{"type":"Feature","id":"beach-osm-way-547474761","geometry":{"type":"Point","coordinates":[7.007832,58.015588]},"properties":{"name":"Strand","description":"Underlag: gravel","source":"OpenStreetMap"}},{"type":"Feature","id":"beach-osm-way-548691731","geometry":{"type":"Point","coordinates":[7.154461,58.042898]},"properties":{"name":"Strand","description":"Underlag: sand","source":"OpenStreetMap"}},{"type":"Feature","id":"beach-osm-way-548997685","geometry":{"type":"Point","coordinates":[9.774704,59.017974]},"properties":{"name":"Strand","description":"Underlag: sand","source":"OpenStreetMap"}},{"type":"Feature","id":"beach-osm-way-551131523","geometry":{"type":"Point","coordinates":[14.393603,67.301286]},"properties":{"name":"Strand","description":"Underlag: sand","source":"OpenStreetMap"}},{"type":"Feature","id":"beach-osm-way-551264474","geometry":{"type":"Point","coordinates":[23.838636,70.720265]},"properties":{"name":"Strand","description":"Underlag: sand","source":"OpenStreetMap"}},{"type":"Feature","id":"beach-osm-way-552122630","geometry":{"type":"Point","coordinates":[10.022888,59.025671]},"properties":{"name":"Strand","description":"Underlag: sand","source":"OpenStreetMap"}},{"type":"Feature","id":"beach-osm-way-563885062","geometry":{"type":"Point","coordinates":[10.604158,59.87449]},"properties":{"name":"Strand","description":"Underlag: grass","source":"OpenStreetMap"}},{"type":"Feature","id":"beach-osm-way-571865369","geometry":{"type":"Point","coordinates":[11.229909,59.921679]},"properties":{"name":"Strand","description":"Underlag: dirt","source":"OpenStreetMap"}},{"type":"Feature","id":"beach-osm-way-576440531","geometry":{"type":"Point","coordinates":[10.593172,59.417231]},"properties":{"name":"Strand","description":"Underlag: gravel","source":"OpenStreetMap"}},{"type":"Feature","id":"beach-osm-way-584278297","geometry":{"type":"Point","coordinates":[7.069552,58.139766]},"properties":{"name":"Strand","description":"Underlag: pebblestone","source":"OpenStreetMap"}},{"type":"Feature","id":"beach-osm-way-591189368","geometry":{"type":"Point","coordinates":[11.958228,61.143635]},"properties":{"name":"Strand","description":"Underlag: sand","source":"OpenStreetMap"}},{"type":"Feature","id":"beach-osm-way-595229193","geometry":{"type":"Point","coordinates":[10.034886,58.989678]},"properties":{"name":"Strand","description":"Underlag: sand","source":"OpenStreetMap"}},{"type":"Feature","id":"beach-osm-way-605089513","geometry":{"type":"Point","coordinates":[6.311733,59.640042]},"properties":{"name":"Strand","source":"OpenStreetMap"}},{"type":"Feature","id":"beach-osm-way-606804636","geometry":{"type":"Point","coordinates":[10.591822,59.438666]},"properties":{"name":"Strand","description":"Underlag: gravel","source":"OpenStreetMap"}},{"type":"Feature","id":"beach-osm-way-607049851","geometry":{"type":"Point","coordinates":[10.044586,59.044569]},"properties":{"name":"Strand","description":"Underlag: sand","source":"OpenStreetMap"}},{"type":"Feature","id":"beach-osm-way-607049852","geometry":{"type":"Point","coordinates":[10.043497,59.045032]},"properties":{"name":"Strand","description":"Underlag: sand","source":"OpenStreetMap"}},{"type":"Feature","id":"beach-osm-way-607049853","geometry":{"type":"Point","coordinates":[10.042523,59.045373]},"properties":{"name":"Strand","description":"Underlag: sand","source":"OpenStreetMap"}},{"type":"Feature","id":"beach-osm-way-607723142","geometry":{"type":"Point","coordinates":[10.63502,59.421745]},"properties":{"name":"Strand","description":"Underlag: sand","source":"OpenStreetMap"}},{"type":"Feature","id":"beach-osm-way-607723144","geometry":{"type":"Point","coordinates":[10.630021,59.420086]},"properties":{"name":"Strand","description":"Underlag: gravel","source":"OpenStreetMap"}},{"type":"Feature","id":"beach-osm-way-609975669","geometry":{"type":"Point","coordinates":[10.052416,58.996464]},"properties":{"name":"Strand","description":"Underlag: sand","source":"OpenStreetMap"}},{"type":"Feature","id":"beach-osm-way-609975670","geometry":{"type":"Point","coordinates":[10.048655,58.994451]},"properties":{"name":"Strand","description":"Underlag: sand","source":"OpenStreetMap"}},{"type":"Feature","id":"beach-osm-way-609975671","geometry":{"type":"Point","coordinates":[10.047399,58.992353]},"properties":{"name":"Strand","description":"Underlag: sand","source":"OpenStreetMap"}},{"type":"Feature","id":"beach-osm-way-609975672","geometry":{"type":"Point","coordinates":[10.047994,58.99175]},"properties":{"name":"Strand","description":"Underlag: sand","source":"OpenStreetMap"}},{"type":"Feature","id":"beach-osm-way-610280991","geometry":{"type":"Point","coordinates":[10.396424,59.07898]},"properties":{"name":"Strand","description":"Underlag: sand","source":"OpenStreetMap"}},{"type":"Feature","id":"beach-osm-way-610876034","geometry":{"type":"Point","coordinates":[10.01558,59.047161]},"properties":{"name":"Strand","description":"Underlag: sand","source":"OpenStreetMap"}},{"type":"Feature","id":"beach-osm-way-611632573","geometry":{"type":"Point","coordinates":[7.744804,58.067362]},"properties":{"name":"Strand","description":"Underlag: sand","source":"OpenStreetMap"}},{"type":"Feature","id":"beach-osm-way-612237024","geometry":{"type":"Point","coordinates":[9.56255,59.533453]},"properties":{"name":"Strand","source":"OpenStreetMap"}},{"type":"Feature","id":"beach-osm-way-614812584","geometry":{"type":"Point","coordinates":[10.684231,59.306204]},"properties":{"name":"Strand","description":"Underlag: sand","source":"OpenStreetMap"}},{"type":"Feature","id":"beach-osm-way-614929284","geometry":{"type":"Point","coordinates":[10.074519,60.385856]},"properties":{"name":"Strand","description":"Underlag: sand","source":"OpenStreetMap"}},{"type":"Feature","id":"beach-osm-way-614929287","geometry":{"type":"Point","coordinates":[10.071677,60.38684]},"properties":{"name":"Strand","description":"Underlag: sand","source":"OpenStreetMap"}},{"type":"Feature","id":"beach-osm-way-616122655","geometry":{"type":"Point","coordinates":[27.632665,71.097971]},"properties":{"name":"Strand","description":"Underlag: sand","source":"OpenStreetMap"}},{"type":"Feature","id":"beach-osm-way-616179339","geometry":{"type":"Point","coordinates":[23.646775,70.675546]},"properties":{"name":"Strand","description":"Underlag: gravel","source":"OpenStreetMap"}},{"type":"Feature","id":"beach-osm-way-617149519","geometry":{"type":"Point","coordinates":[9.257687,59.555002]},"properties":{"name":"Strand","description":"Underlag: sand","source":"OpenStreetMap"}},{"type":"Feature","id":"beach-osm-way-617149559","geometry":{"type":"Point","coordinates":[9.274198,59.555899]},"properties":{"name":"Strand","description":"Underlag: sand","source":"OpenStreetMap"}},{"type":"Feature","id":"beach-osm-way-617995326","geometry":{"type":"Point","coordinates":[8.799672,58.437416]},"properties":{"name":"Strand","description":"Underlag: sand","source":"OpenStreetMap"}},{"type":"Feature","id":"beach-osm-way-624107168","geometry":{"type":"Point","coordinates":[11.702037,59.789373]},"properties":{"name":"Strand","description":"Underlag: sand","source":"OpenStreetMap"}},{"type":"Feature","id":"beach-osm-way-627580286","geometry":{"type":"Point","coordinates":[5.313928,59.929271]},"properties":{"name":"Strand","description":"Underlag: gravel","source":"OpenStreetMap"}},{"type":"Feature","id":"beach-osm-way-631028711","geometry":{"type":"Point","coordinates":[10.267875,59.74727]},"properties":{"name":"Strand","description":"Underlag: sand","source":"OpenStreetMap"}},{"type":"Feature","id":"beach-osm-way-631382791","geometry":{"type":"Point","coordinates":[10.137053,59.735092]},"properties":{"name":"Strand","description":"Underlag: sand","source":"OpenStreetMap"}},{"type":"Feature","id":"beach-osm-way-631382792","geometry":{"type":"Point","coordinates":[10.138484,59.735544]},"properties":{"name":"Strand","description":"Underlag: sand","source":"OpenStreetMap"}},{"type":"Feature","id":"beach-osm-way-640233286","geometry":{"type":"Point","coordinates":[5.304711,60.362085]},"properties":{"name":"Strand","description":"Underlag: sand","source":"OpenStreetMap"}},{"type":"Feature","id":"beach-osm-way-646571109","geometry":{"type":"Point","coordinates":[11.919782,61.997522]},"properties":{"name":"Strand","source":"OpenStreetMap"}},{"type":"Feature","id":"beach-osm-way-650029705","geometry":{"type":"Point","coordinates":[21.213067,70.209451]},"properties":{"name":"Strand","description":"Underlag: sand","source":"OpenStreetMap"}},{"type":"Feature","id":"beach-osm-way-651612852","geometry":{"type":"Point","coordinates":[10.435855,61.126959]},"properties":{"name":"Strand","description":"Underlag: sand","source":"OpenStreetMap"}},{"type":"Feature","id":"beach-osm-way-655252538","geometry":{"type":"Point","coordinates":[25.807194,69.428722]},"properties":{"name":"Strand","description":"Underlag: sand","source":"OpenStreetMap"}},{"type":"Feature","id":"beach-osm-way-655335928","geometry":{"type":"Point","coordinates":[6.128658,62.135326]},"properties":{"name":"Strand","description":"Underlag: ground","source":"OpenStreetMap"}},{"type":"Feature","id":"beach-osm-way-657929326","geometry":{"type":"Point","coordinates":[13.579833,68.129511]},"properties":{"name":"Strand","description":"Underlag: sand","source":"OpenStreetMap"}},{"type":"Feature","id":"beach-osm-way-657931159","geometry":{"type":"Point","coordinates":[13.577555,68.117201]},"properties":{"name":"Strand","description":"Underlag: sand","source":"OpenStreetMap"}},{"type":"Feature","id":"beach-osm-way-657932538","geometry":{"type":"Point","coordinates":[13.580445,68.117948]},"properties":{"name":"Strand","description":"Underlag: sand","source":"OpenStreetMap"}},{"type":"Feature","id":"beach-osm-way-657942610","geometry":{"type":"Point","coordinates":[13.457429,68.139126]},"properties":{"name":"Strand","description":"Underlag: sand","source":"OpenStreetMap"}},{"type":"Feature","id":"beach-osm-way-657943419","geometry":{"type":"Point","coordinates":[13.576059,68.116317]},"properties":{"name":"Strand","description":"Underlag: sand","source":"OpenStreetMap"}},{"type":"Feature","id":"beach-osm-way-657943854","geometry":{"type":"Point","coordinates":[13.568346,68.114922]},"properties":{"name":"Strand","description":"Underlag: sand","source":"OpenStreetMap"}},{"type":"Feature","id":"beach-osm-way-658003166","geometry":{"type":"Point","coordinates":[13.57643,68.100182]},"properties":{"name":"Strand","description":"Underlag: sand","source":"OpenStreetMap"}},{"type":"Feature","id":"beach-osm-way-658179007","geometry":{"type":"Point","coordinates":[13.507187,68.092784]},"properties":{"name":"Strand","description":"Underlag: sand","source":"OpenStreetMap"}},{"type":"Feature","id":"beach-osm-way-658430976","geometry":{"type":"Point","coordinates":[14.156592,68.252698]},"properties":{"name":"Strand","description":"Underlag: sand","source":"OpenStreetMap"}},{"type":"Feature","id":"beach-osm-way-658606594","geometry":{"type":"Point","coordinates":[13.583924,68.126082]},"properties":{"name":"Strand","description":"Underlag: sand","source":"OpenStreetMap"}},{"type":"Feature","id":"beach-osm-way-658745480","geometry":{"type":"Point","coordinates":[13.576205,68.115148]},"properties":{"name":"Strand","description":"Underlag: sand","source":"OpenStreetMap"}},{"type":"Feature","id":"beach-osm-way-658745481","geometry":{"type":"Point","coordinates":[13.597452,68.135004]},"properties":{"name":"Strand","description":"Underlag: sand","source":"OpenStreetMap"}},{"type":"Feature","id":"beach-osm-way-661300078","geometry":{"type":"Point","coordinates":[7.798825,58.585134]},"properties":{"name":"Strand","description":"Underlag: sand","source":"OpenStreetMap"}},{"type":"Feature","id":"beach-osm-way-661300079","geometry":{"type":"Point","coordinates":[7.798636,58.585755]},"properties":{"name":"Strand","description":"Underlag: rock","source":"OpenStreetMap"}},{"type":"Feature","id":"beach-osm-way-662584724","geometry":{"type":"Point","coordinates":[21.22815,70.027506]},"properties":{"name":"Strand","source":"OpenStreetMap"}},{"type":"Feature","id":"beach-osm-way-664860696","geometry":{"type":"Point","coordinates":[9.785552,60.118623]},"properties":{"name":"Strand","description":"Underlag: stone","source":"OpenStreetMap"}},{"type":"Feature","id":"beach-osm-way-676130329","geometry":{"type":"Point","coordinates":[13.418197,68.155692]},"properties":{"name":"Strand","description":"Underlag: sand","source":"OpenStreetMap"}},{"type":"Feature","id":"beach-osm-way-682649586","geometry":{"type":"Point","coordinates":[10.729568,59.31299]},"properties":{"name":"Strand","description":"Underlag: sand","source":"OpenStreetMap"}},{"type":"Feature","id":"beach-osm-way-683196483","geometry":{"type":"Point","coordinates":[29.391611,70.728162]},"properties":{"name":"Strand","description":"Underlag: pebblestone","source":"OpenStreetMap"}},{"type":"Feature","id":"beach-osm-way-683196488","geometry":{"type":"Point","coordinates":[29.378566,70.726017]},"properties":{"name":"Strand","description":"Underlag: pebblestone","source":"OpenStreetMap"}},{"type":"Feature","id":"beach-osm-way-683738951","geometry":{"type":"Point","coordinates":[10.664302,59.329142]},"properties":{"name":"Strand","description":"Underlag: cobblestone","source":"OpenStreetMap"}},{"type":"Feature","id":"beach-osm-way-683738952","geometry":{"type":"Point","coordinates":[10.663297,59.33089]},"properties":{"name":"Strand","description":"Underlag: sand","source":"OpenStreetMap"}},{"type":"Feature","id":"beach-osm-way-685936729","geometry":{"type":"Point","coordinates":[10.850474,60.723058]},"properties":{"name":"Strand","description":"Underlag: sand","source":"OpenStreetMap"}},{"type":"Feature","id":"beach-osm-way-697609466","geometry":{"type":"Point","coordinates":[5.456632,60.435196]},"properties":{"name":"Strand","description":"Underlag: sand","source":"OpenStreetMap"}},{"type":"Feature","id":"beach-osm-way-699959902","geometry":{"type":"Point","coordinates":[10.844776,60.725159]},"properties":{"name":"Strand","source":"OpenStreetMap"}},{"type":"Feature","id":"beach-osm-way-709265567","geometry":{"type":"Point","coordinates":[6.652251,58.851488]},"properties":{"name":"Strand","source":"OpenStreetMap"}},{"type":"Feature","id":"beach-osm-way-710641907","geometry":{"type":"Point","coordinates":[13.668122,66.870295]},"properties":{"name":"Strand","source":"OpenStreetMap"}},{"type":"Feature","id":"beach-osm-way-710690966","geometry":{"type":"Point","coordinates":[13.671853,66.869134]},"properties":{"name":"Strand","description":"Underlag: sand","source":"OpenStreetMap"}},{"type":"Feature","id":"beach-osm-way-712517267","geometry":{"type":"Point","coordinates":[10.898478,59.969027]},"properties":{"name":"Strand","description":"Underlag: sand","source":"OpenStreetMap"}},{"type":"Feature","id":"beach-osm-way-712520678","geometry":{"type":"Point","coordinates":[10.898345,59.968101]},"properties":{"name":"Strand","description":"Underlag: sand","source":"OpenStreetMap"}},{"type":"Feature","id":"beach-osm-way-713012186","geometry":{"type":"Point","coordinates":[7.667856,62.563546]},"properties":{"name":"Strand","description":"Underlag: sand","source":"OpenStreetMap"}},{"type":"Feature","id":"beach-osm-way-713277860","geometry":{"type":"Point","coordinates":[7.780962,58.553675]},"properties":{"name":"Strand","source":"OpenStreetMap"}},{"type":"Feature","id":"beach-osm-way-713733075","geometry":{"type":"Point","coordinates":[19.994255,70.14441]},"properties":{"name":"Strand","description":"Underlag: sand","source":"OpenStreetMap"}},{"type":"Feature","id":"beach-osm-way-713733076","geometry":{"type":"Point","coordinates":[19.992636,70.140636]},"properties":{"name":"Strand","description":"Underlag: sand","source":"OpenStreetMap"}},{"type":"Feature","id":"beach-osm-way-716390373","geometry":{"type":"Point","coordinates":[9.504435,58.946667]},"properties":{"name":"Strand","description":"Underlag: sand","source":"OpenStreetMap"}},{"type":"Feature","id":"beach-osm-way-725431466","geometry":{"type":"Point","coordinates":[10.227411,59.066387]},"properties":{"name":"Strand","description":"Underlag: sand","source":"OpenStreetMap"}},{"type":"Feature","id":"beach-osm-way-725431467","geometry":{"type":"Point","coordinates":[10.227969,59.066034]},"properties":{"name":"Strand","description":"Underlag: pebblestone","source":"OpenStreetMap"}},{"type":"Feature","id":"beach-osm-way-725431468","geometry":{"type":"Point","coordinates":[10.2258,59.059773]},"properties":{"name":"Strand","description":"Underlag: sand","source":"OpenStreetMap"}},{"type":"Feature","id":"beach-osm-way-725431470","geometry":{"type":"Point","coordinates":[10.226398,59.059246]},"properties":{"name":"Strand","description":"Underlag: sand","source":"OpenStreetMap"}},{"type":"Feature","id":"beach-osm-way-725431471","geometry":{"type":"Point","coordinates":[10.225832,59.061553]},"properties":{"name":"Strand","description":"Underlag: sand","source":"OpenStreetMap"}},{"type":"Feature","id":"beach-osm-way-725431472","geometry":{"type":"Point","coordinates":[10.228918,59.060324]},"properties":{"name":"Strand","description":"Underlag: sand","source":"OpenStreetMap"}},{"type":"Feature","id":"beach-osm-way-725431473","geometry":{"type":"Point","coordinates":[10.230566,59.059891]},"properties":{"name":"Strand","description":"Underlag: sand","source":"OpenStreetMap"}},{"type":"Feature","id":"beach-osm-way-725431475","geometry":{"type":"Point","coordinates":[10.229429,59.054028]},"properties":{"name":"Strand","description":"Underlag: sand","source":"OpenStreetMap"}},{"type":"Feature","id":"beach-osm-way-729919337","geometry":{"type":"Point","coordinates":[14.422805,67.30731]},"properties":{"name":"Strand","description":"Underlag: sand","source":"OpenStreetMap"}},{"type":"Feature","id":"beach-osm-way-730151093","geometry":{"type":"Point","coordinates":[22.737163,69.856991]},"properties":{"name":"Strand","description":"Underlag: sand","source":"OpenStreetMap"}},{"type":"Feature","id":"beach-osm-way-758363948","geometry":{"type":"Point","coordinates":[10.61691,59.595994]},"properties":{"name":"Strand","description":"Adgang: customers","source":"OpenStreetMap"}},{"type":"Feature","id":"beach-osm-way-758600784","geometry":{"type":"Point","coordinates":[14.234226,68.204672]},"properties":{"name":"Strand","description":"Underlag: sand","source":"OpenStreetMap"}},{"type":"Feature","id":"beach-osm-way-764003714","geometry":{"type":"Point","coordinates":[16.477733,68.857817]},"properties":{"name":"Strand","description":"Underlag: gravel","source":"OpenStreetMap"}},{"type":"Feature","id":"beach-osm-way-764003716","geometry":{"type":"Point","coordinates":[16.476706,68.858113]},"properties":{"name":"Strand","description":"Underlag: gravel","source":"OpenStreetMap"}},{"type":"Feature","id":"beach-osm-way-764003718","geometry":{"type":"Point","coordinates":[16.485975,68.85578]},"properties":{"name":"Strand","description":"Underlag: gravel","source":"OpenStreetMap"}},{"type":"Feature","id":"beach-osm-way-764003724","geometry":{"type":"Point","coordinates":[16.491081,68.853776]},"properties":{"name":"Strand","description":"Underlag: gravel","source":"OpenStreetMap"}},{"type":"Feature","id":"beach-osm-way-764003727","geometry":{"type":"Point","coordinates":[16.490693,68.853043]},"properties":{"name":"Strand","description":"Underlag: gravel","source":"OpenStreetMap"}},{"type":"Feature","id":"beach-osm-way-767956824","geometry":{"type":"Point","coordinates":[16.632238,68.926343]},"properties":{"name":"Strand","description":"Underlag: sand","source":"OpenStreetMap"}},{"type":"Feature","id":"beach-osm-way-785425936","geometry":{"type":"Point","coordinates":[13.735074,66.168345]},"properties":{"name":"Strand","source":"OpenStreetMap"}},{"type":"Feature","id":"beach-osm-way-793473133","geometry":{"type":"Point","coordinates":[14.804614,67.728867]},"properties":{"name":"Strand","description":"Underlag: sand","source":"OpenStreetMap"}},{"type":"Feature","id":"beach-osm-way-793473137","geometry":{"type":"Point","coordinates":[14.84606,67.720747]},"properties":{"name":"Strand","description":"Underlag: sand","source":"OpenStreetMap"}},{"type":"Feature","id":"beach-osm-way-793473138","geometry":{"type":"Point","coordinates":[14.892719,67.716695]},"properties":{"name":"Strand","description":"Underlag: sand","source":"OpenStreetMap"}},{"type":"Feature","id":"beach-osm-way-793473139","geometry":{"type":"Point","coordinates":[14.888723,67.718852]},"properties":{"name":"Strand","description":"Underlag: sand","source":"OpenStreetMap"}},{"type":"Feature","id":"beach-osm-way-793473141","geometry":{"type":"Point","coordinates":[14.869064,67.721782]},"properties":{"name":"Strand","description":"Underlag: sand","source":"OpenStreetMap"}},{"type":"Feature","id":"beach-osm-way-793473142","geometry":{"type":"Point","coordinates":[14.856576,67.719386]},"properties":{"name":"Strand","description":"Underlag: sand","source":"OpenStreetMap"}},{"type":"Feature","id":"beach-osm-way-795204787","geometry":{"type":"Point","coordinates":[9.745013,63.698788]},"properties":{"name":"Strand","description":"Underlag: pebblestone","source":"OpenStreetMap"}},{"type":"Feature","id":"beach-osm-way-795260710","geometry":{"type":"Point","coordinates":[23.305476,69.989201]},"properties":{"name":"Strand","description":"Underlag: pebblestone","source":"OpenStreetMap"}},{"type":"Feature","id":"beach-osm-way-795285904","geometry":{"type":"Point","coordinates":[23.281943,69.990438]},"properties":{"name":"Strand","description":"Underlag: pebblestone","source":"OpenStreetMap"}},{"type":"Feature","id":"beach-osm-way-795334981","geometry":{"type":"Point","coordinates":[23.295751,69.98643]},"properties":{"name":"Strand","description":"Underlag: sand","source":"OpenStreetMap"}},{"type":"Feature","id":"beach-osm-way-795913808","geometry":{"type":"Point","coordinates":[23.357637,69.980467]},"properties":{"name":"Strand","description":"Underlag: gravel","source":"OpenStreetMap"}},{"type":"Feature","id":"beach-osm-way-796252174","geometry":{"type":"Point","coordinates":[23.250324,69.97092]},"properties":{"name":"Strand","description":"Underlag: pebblestone","source":"OpenStreetMap"}},{"type":"Feature","id":"beach-osm-way-796266084","geometry":{"type":"Point","coordinates":[11.242537,59.485589]},"properties":{"name":"Strand","description":"Underlag: sand","source":"OpenStreetMap"}},{"type":"Feature","id":"beach-osm-way-796854390","geometry":{"type":"Point","coordinates":[23.239678,69.964762]},"properties":{"name":"Strand","description":"Underlag: gravel","source":"OpenStreetMap"}},{"type":"Feature","id":"beach-osm-way-801619559","geometry":{"type":"Point","coordinates":[23.386354,69.97422]},"properties":{"name":"Strand","description":"Underlag: gravel","source":"OpenStreetMap"}},{"type":"Feature","id":"beach-osm-way-801619560","geometry":{"type":"Point","coordinates":[23.390596,69.972251]},"properties":{"name":"Strand","description":"Underlag: pebblestone","source":"OpenStreetMap"}},{"type":"Feature","id":"beach-osm-way-801712324","geometry":{"type":"Point","coordinates":[10.923717,59.057481]},"properties":{"name":"Strand","description":"Underlag: sand","source":"OpenStreetMap"}},{"type":"Feature","id":"beach-osm-way-802160250","geometry":{"type":"Point","coordinates":[23.461777,69.980001]},"properties":{"name":"Strand","description":"Underlag: gravel","source":"OpenStreetMap"}},{"type":"Feature","id":"beach-osm-way-802213721","geometry":{"type":"Point","coordinates":[10.54962,59.53766]},"properties":{"name":"Strand","description":"Adgang: private","source":"OpenStreetMap"}},{"type":"Feature","id":"beach-osm-way-807572115","geometry":{"type":"Point","coordinates":[23.211716,69.958206]},"properties":{"name":"Strand","description":"Underlag: gravel","source":"OpenStreetMap"}},{"type":"Feature","id":"beach-osm-way-808680823","geometry":{"type":"Point","coordinates":[23.482312,69.99496]},"properties":{"name":"Strand","description":"Underlag: gravel","source":"OpenStreetMap"}},{"type":"Feature","id":"beach-osm-way-810313353","geometry":{"type":"Point","coordinates":[23.183462,69.95054]},"properties":{"name":"Strand","description":"Underlag: gravel","source":"OpenStreetMap"}},{"type":"Feature","id":"beach-osm-way-813664589","geometry":{"type":"Point","coordinates":[7.266448,58.044723]},"properties":{"name":"Strand","description":"Underlag: sand","source":"OpenStreetMap"}},{"type":"Feature","id":"beach-osm-way-827701964","geometry":{"type":"Point","coordinates":[5.598017,60.180027]},"properties":{"name":"Strand","source":"OpenStreetMap"}},{"type":"Feature","id":"beach-osm-way-834179178","geometry":{"type":"Point","coordinates":[7.060133,58.098599]},"properties":{"name":"Strand","description":"Underlag: sand","source":"OpenStreetMap"}},{"type":"Feature","id":"beach-osm-way-835350747","geometry":{"type":"Point","coordinates":[6.837665,58.914172]},"properties":{"name":"Strand","description":"Underlag: sand","source":"OpenStreetMap"}},{"type":"Feature","id":"beach-osm-way-835350778","geometry":{"type":"Point","coordinates":[6.83683,58.908672]},"properties":{"name":"Strand","description":"Underlag: sand","source":"OpenStreetMap"}},{"type":"Feature","id":"beach-osm-way-835369016","geometry":{"type":"Point","coordinates":[6.797029,58.809082]},"properties":{"name":"Strand","description":"Underlag: sand","source":"OpenStreetMap"}},{"type":"Feature","id":"beach-osm-way-835663763","geometry":{"type":"Point","coordinates":[11.420187,59.039768]},"properties":{"name":"Strand","source":"OpenStreetMap"}},{"type":"Feature","id":"beach-osm-way-844035785","geometry":{"type":"Point","coordinates":[5.304873,60.167718]},"properties":{"name":"Strand","source":"OpenStreetMap"}},{"type":"Feature","id":"beach-osm-way-844035816","geometry":{"type":"Point","coordinates":[5.304652,60.169321]},"properties":{"name":"Strand","source":"OpenStreetMap"}},{"type":"Feature","id":"beach-osm-way-844038953","geometry":{"type":"Point","coordinates":[5.335328,60.150087]},"properties":{"name":"Strand","source":"OpenStreetMap"}},{"type":"Feature","id":"beach-osm-way-844038957","geometry":{"type":"Point","coordinates":[5.330731,60.152144]},"properties":{"name":"Strand","source":"OpenStreetMap"}},{"type":"Feature","id":"beach-osm-way-844616753","geometry":{"type":"Point","coordinates":[5.631327,60.20865]},"properties":{"name":"Strand","source":"OpenStreetMap"}},{"type":"Feature","id":"beach-osm-way-844616755","geometry":{"type":"Point","coordinates":[5.640232,60.216582]},"properties":{"name":"Strand","source":"OpenStreetMap"}},{"type":"Feature","id":"beach-osm-way-844616757","geometry":{"type":"Point","coordinates":[5.604948,60.18476]},"properties":{"name":"Strand","source":"OpenStreetMap"}},{"type":"Feature","id":"beach-osm-way-857770407","geometry":{"type":"Point","coordinates":[10.594547,59.439132]},"properties":{"name":"Strand","description":"Underlag: gravel","source":"OpenStreetMap"}},{"type":"Feature","id":"beach-osm-way-869113031","geometry":{"type":"Point","coordinates":[12.28125,65.974328]},"properties":{"name":"Strand","description":"Underlag: sand","source":"OpenStreetMap"}},{"type":"Feature","id":"beach-osm-way-870563667","geometry":{"type":"Point","coordinates":[9.843263,59.699685]},"properties":{"name":"Strand","description":"Underlag: sand","source":"OpenStreetMap"}},{"type":"Feature","id":"beach-osm-way-870563668","geometry":{"type":"Point","coordinates":[9.843142,59.696637]},"properties":{"name":"Strand","description":"Underlag: sand","source":"OpenStreetMap"}},{"type":"Feature","id":"beach-osm-way-870563669","geometry":{"type":"Point","coordinates":[9.840897,59.696904]},"properties":{"name":"Strand","description":"Underlag: sand","source":"OpenStreetMap"}},{"type":"Feature","id":"beach-osm-way-878395147","geometry":{"type":"Point","coordinates":[10.733398,59.787704]},"properties":{"name":"Strand","description":"Underlag: fine_gravel","source":"OpenStreetMap"}},{"type":"Feature","id":"beach-osm-way-878718809","geometry":{"type":"Point","coordinates":[5.331654,60.150979]},"properties":{"name":"Strand","source":"OpenStreetMap"}},{"type":"Feature","id":"beach-osm-way-879366959","geometry":{"type":"Point","coordinates":[5.331314,60.151759]},"properties":{"name":"Strand","source":"OpenStreetMap"}},{"type":"Feature","id":"beach-osm-way-879366962","geometry":{"type":"Point","coordinates":[5.321743,60.154676]},"properties":{"name":"Strand","source":"OpenStreetMap"}},{"type":"Feature","id":"beach-osm-way-881969314","geometry":{"type":"Point","coordinates":[9.896952,59.684029]},"properties":{"name":"Strand","description":"Underlag: sand","source":"OpenStreetMap"}},{"type":"Feature","id":"beach-osm-way-890051558","geometry":{"type":"Point","coordinates":[12.025683,60.604699]},"properties":{"name":"Strand","description":"Underlag: sand","source":"OpenStreetMap"}},{"type":"Feature","id":"beach-osm-way-893322002","geometry":{"type":"Point","coordinates":[10.293598,59.8987]},"properties":{"name":"Strand","description":"Underlag: sand","source":"OpenStreetMap"}},{"type":"Feature","id":"beach-osm-way-894409510","geometry":{"type":"Point","coordinates":[10.239325,59.553505]},"properties":{"name":"Strand","description":"Underlag: concrete","source":"OpenStreetMap"}},{"type":"Feature","id":"beach-osm-way-896643167","geometry":{"type":"Point","coordinates":[5.332821,60.151001]},"properties":{"name":"Strand","source":"OpenStreetMap"}},{"type":"Feature","id":"beach-osm-way-906702852","geometry":{"type":"Point","coordinates":[5.662808,60.1554]},"properties":{"name":"Strand","source":"OpenStreetMap"}},{"type":"Feature","id":"beach-osm-way-906702856","geometry":{"type":"Point","coordinates":[5.5838,60.151621]},"properties":{"name":"Strand","source":"OpenStreetMap"}},{"type":"Feature","id":"beach-osm-way-906702857","geometry":{"type":"Point","coordinates":[5.586016,60.151359]},"properties":{"name":"Strand","source":"OpenStreetMap"}},{"type":"Feature","id":"beach-osm-way-906702858","geometry":{"type":"Point","coordinates":[5.589989,60.1507]},"properties":{"name":"Strand","source":"OpenStreetMap"}},{"type":"Feature","id":"beach-osm-way-908866990","geometry":{"type":"Point","coordinates":[5.743334,60.241981]},"properties":{"name":"Strand","source":"OpenStreetMap"}},{"type":"Feature","id":"beach-osm-way-914834521","geometry":{"type":"Point","coordinates":[10.331328,59.479052]},"properties":{"name":"Strand","description":"Underlag: sand","source":"OpenStreetMap"}},{"type":"Feature","id":"beach-osm-way-918340673","geometry":{"type":"Point","coordinates":[5.357009,60.206247]},"properties":{"name":"Strand","source":"OpenStreetMap"}},{"type":"Feature","id":"beach-osm-way-918445683","geometry":{"type":"Point","coordinates":[5.451673,60.141594]},"properties":{"name":"Strand","source":"OpenStreetMap"}},{"type":"Feature","id":"beach-osm-way-918445684","geometry":{"type":"Point","coordinates":[5.453734,60.143587]},"properties":{"name":"Strand","source":"OpenStreetMap"}},{"type":"Feature","id":"beach-osm-way-918445685","geometry":{"type":"Point","coordinates":[5.442993,60.133126]},"properties":{"name":"Strand","source":"OpenStreetMap"}},{"type":"Feature","id":"beach-osm-way-918445686","geometry":{"type":"Point","coordinates":[5.440928,60.133191]},"properties":{"name":"Strand","source":"OpenStreetMap"}},{"type":"Feature","id":"beach-osm-way-919860059","geometry":{"type":"Point","coordinates":[5.399971,60.138486]},"properties":{"name":"Strand","source":"OpenStreetMap"}},{"type":"Feature","id":"beach-osm-way-921216260","geometry":{"type":"Point","coordinates":[7.927277,58.21187]},"properties":{"name":"Strand","description":"Underlag: sand","source":"OpenStreetMap"}},{"type":"Feature","id":"beach-osm-way-922699563","geometry":{"type":"Point","coordinates":[5.725219,59.789658]},"properties":{"name":"Strand","source":"OpenStreetMap"}},{"type":"Feature","id":"beach-osm-way-922699567","geometry":{"type":"Point","coordinates":[5.742814,59.744883]},"properties":{"name":"Strand","source":"OpenStreetMap"}},{"type":"Feature","id":"beach-osm-way-922699569","geometry":{"type":"Point","coordinates":[5.745041,59.759169]},"properties":{"name":"Strand","source":"OpenStreetMap"}},{"type":"Feature","id":"beach-osm-way-922699570","geometry":{"type":"Point","coordinates":[5.741265,59.760257]},"properties":{"name":"Strand","source":"OpenStreetMap"}},{"type":"Feature","id":"beach-osm-way-922699571","geometry":{"type":"Point","coordinates":[5.747585,59.767534]},"properties":{"name":"Strand","source":"OpenStreetMap"}},{"type":"Feature","id":"beach-osm-way-922699572","geometry":{"type":"Point","coordinates":[5.739942,59.779348]},"properties":{"name":"Strand","source":"OpenStreetMap"}},{"type":"Feature","id":"beach-osm-way-922699573","geometry":{"type":"Point","coordinates":[5.732731,59.779023]},"properties":{"name":"Strand","source":"OpenStreetMap"}},{"type":"Feature","id":"beach-osm-way-922699576","geometry":{"type":"Point","coordinates":[5.73152,59.77946]},"properties":{"name":"Strand","source":"OpenStreetMap"}},{"type":"Feature","id":"beach-osm-way-922699577","geometry":{"type":"Point","coordinates":[5.729016,59.785509]},"properties":{"name":"Strand","source":"OpenStreetMap"}},{"type":"Feature","id":"beach-osm-way-922699578","geometry":{"type":"Point","coordinates":[5.730128,59.784451]},"properties":{"name":"Strand","source":"OpenStreetMap"}},{"type":"Feature","id":"beach-osm-way-922699579","geometry":{"type":"Point","coordinates":[5.729947,59.784988]},"properties":{"name":"Strand","source":"OpenStreetMap"}},{"type":"Feature","id":"beach-osm-way-922699580","geometry":{"type":"Point","coordinates":[5.720435,59.789542]},"properties":{"name":"Strand","source":"OpenStreetMap"}},{"type":"Feature","id":"beach-osm-way-922699581","geometry":{"type":"Point","coordinates":[5.718566,59.793776]},"properties":{"name":"Strand","source":"OpenStreetMap"}},{"type":"Feature","id":"beach-osm-way-922699582","geometry":{"type":"Point","coordinates":[5.715285,59.794531]},"properties":{"name":"Strand","source":"OpenStreetMap"}},{"type":"Feature","id":"beach-osm-way-922699584","geometry":{"type":"Point","coordinates":[5.71408,59.794505]},"properties":{"name":"Strand","source":"OpenStreetMap"}},{"type":"Feature","id":"beach-osm-way-922699585","geometry":{"type":"Point","coordinates":[5.706574,59.788918]},"properties":{"name":"Strand","source":"OpenStreetMap"}},{"type":"Feature","id":"beach-osm-way-922699586","geometry":{"type":"Point","coordinates":[5.705462,59.788271]},"properties":{"name":"Strand","source":"OpenStreetMap"}},{"type":"Feature","id":"beach-osm-way-922699588","geometry":{"type":"Point","coordinates":[5.70386,59.787216]},"properties":{"name":"Strand","source":"OpenStreetMap"}},{"type":"Feature","id":"beach-osm-way-922699589","geometry":{"type":"Point","coordinates":[5.703888,59.78547]},"properties":{"name":"Strand","source":"OpenStreetMap"}},{"type":"Feature","id":"beach-osm-way-922699590","geometry":{"type":"Point","coordinates":[5.700567,59.785016]},"properties":{"name":"Strand","source":"OpenStreetMap"}},{"type":"Feature","id":"beach-osm-way-922699591","geometry":{"type":"Point","coordinates":[5.699207,59.784882]},"properties":{"name":"Strand","source":"OpenStreetMap"}},{"type":"Feature","id":"beach-osm-way-922699592","geometry":{"type":"Point","coordinates":[5.698037,59.784617]},"properties":{"name":"Strand","source":"OpenStreetMap"}},{"type":"Feature","id":"beach-osm-way-922699595","geometry":{"type":"Point","coordinates":[5.69758,59.783933]},"properties":{"name":"Strand","source":"OpenStreetMap"}},{"type":"Feature","id":"beach-osm-way-922699597","geometry":{"type":"Point","coordinates":[5.696512,59.782755]},"properties":{"name":"Strand","source":"OpenStreetMap"}},{"type":"Feature","id":"beach-osm-way-922699598","geometry":{"type":"Point","coordinates":[5.693764,59.783318]},"properties":{"name":"Strand","source":"OpenStreetMap"}},{"type":"Feature","id":"beach-osm-way-922699599","geometry":{"type":"Point","coordinates":[5.691517,59.784379]},"properties":{"name":"Strand","source":"OpenStreetMap"}},{"type":"Feature","id":"beach-osm-way-922699600","geometry":{"type":"Point","coordinates":[5.68901,59.785016]},"properties":{"name":"Strand","source":"OpenStreetMap"}},{"type":"Feature","id":"beach-osm-way-922699601","geometry":{"type":"Point","coordinates":[5.688091,59.785182]},"properties":{"name":"Strand","source":"OpenStreetMap"}},{"type":"Feature","id":"beach-osm-way-922699603","geometry":{"type":"Point","coordinates":[5.680831,59.783458]},"properties":{"name":"Strand","source":"OpenStreetMap"}},{"type":"Feature","id":"beach-osm-way-922699604","geometry":{"type":"Point","coordinates":[5.678202,59.78473]},"properties":{"name":"Strand","source":"OpenStreetMap"}},{"type":"Feature","id":"beach-osm-way-922699605","geometry":{"type":"Point","coordinates":[5.67348,59.783518]},"properties":{"name":"Strand","source":"OpenStreetMap"}},{"type":"Feature","id":"beach-osm-way-922699606","geometry":{"type":"Point","coordinates":[5.667906,59.783235]},"properties":{"name":"Strand","source":"OpenStreetMap"}},{"type":"Feature","id":"beach-osm-way-922699607","geometry":{"type":"Point","coordinates":[5.66366,59.784459]},"properties":{"name":"Strand","source":"OpenStreetMap"}},{"type":"Feature","id":"beach-osm-way-922699608","geometry":{"type":"Point","coordinates":[5.671156,59.787456]},"properties":{"name":"Strand","source":"OpenStreetMap"}},{"type":"Feature","id":"beach-osm-way-922699609","geometry":{"type":"Point","coordinates":[5.667932,59.794695]},"properties":{"name":"Strand","source":"OpenStreetMap"}},{"type":"Feature","id":"beach-osm-way-922699610","geometry":{"type":"Point","coordinates":[5.665927,59.795397]},"properties":{"name":"Strand","source":"OpenStreetMap"}},{"type":"Feature","id":"beach-osm-way-922699613","geometry":{"type":"Point","coordinates":[5.662925,59.795786]},"properties":{"name":"Strand","source":"OpenStreetMap"}},{"type":"Feature","id":"beach-osm-way-922699614","geometry":{"type":"Point","coordinates":[5.660162,59.79537]},"properties":{"name":"Strand","source":"OpenStreetMap"}},{"type":"Feature","id":"beach-osm-way-922699615","geometry":{"type":"Point","coordinates":[5.657402,59.795538]},"properties":{"name":"Strand","source":"OpenStreetMap"}},{"type":"Feature","id":"beach-osm-way-922699616","geometry":{"type":"Point","coordinates":[5.654918,59.795768]},"properties":{"name":"Strand","source":"OpenStreetMap"}},{"type":"Feature","id":"beach-osm-way-922699617","geometry":{"type":"Point","coordinates":[5.653398,59.796138]},"properties":{"name":"Strand","source":"OpenStreetMap"}},{"type":"Feature","id":"beach-osm-way-922699618","geometry":{"type":"Point","coordinates":[5.651095,59.796998]},"properties":{"name":"Strand","source":"OpenStreetMap"}},{"type":"Feature","id":"beach-osm-way-922699619","geometry":{"type":"Point","coordinates":[5.649478,59.797487]},"properties":{"name":"Strand","source":"OpenStreetMap"}},{"type":"Feature","id":"beach-osm-way-922699620","geometry":{"type":"Point","coordinates":[5.645967,59.797203]},"properties":{"name":"Strand","source":"OpenStreetMap"}},{"type":"Feature","id":"beach-osm-way-922699621","geometry":{"type":"Point","coordinates":[5.646775,59.797008]},"properties":{"name":"Strand","source":"OpenStreetMap"}},{"type":"Feature","id":"beach-osm-way-922699622","geometry":{"type":"Point","coordinates":[5.648102,59.797617]},"properties":{"name":"Strand","source":"OpenStreetMap"}},{"type":"Feature","id":"beach-osm-way-922699623","geometry":{"type":"Point","coordinates":[5.647284,59.797416]},"properties":{"name":"Strand","source":"OpenStreetMap"}},{"type":"Feature","id":"beach-osm-way-922699624","geometry":{"type":"Point","coordinates":[5.640111,59.80192]},"properties":{"name":"Strand","source":"OpenStreetMap"}},{"type":"Feature","id":"beach-osm-way-922699625","geometry":{"type":"Point","coordinates":[5.630416,59.808698]},"properties":{"name":"Strand","source":"OpenStreetMap"}},{"type":"Feature","id":"beach-osm-way-922699627","geometry":{"type":"Point","coordinates":[5.642715,59.813744]},"properties":{"name":"Strand","source":"OpenStreetMap"}},{"type":"Feature","id":"beach-osm-way-922699629","geometry":{"type":"Point","coordinates":[5.655872,59.811065]},"properties":{"name":"Strand","source":"OpenStreetMap"}},{"type":"Feature","id":"beach-osm-way-922699630","geometry":{"type":"Point","coordinates":[5.656609,59.810778]},"properties":{"name":"Strand","source":"OpenStreetMap"}},{"type":"Feature","id":"beach-osm-way-922699631","geometry":{"type":"Point","coordinates":[5.688461,59.790218]},"properties":{"name":"Strand","source":"OpenStreetMap"}},{"type":"Feature","id":"beach-osm-way-922699632","geometry":{"type":"Point","coordinates":[5.687528,59.79025]},"properties":{"name":"Strand","source":"OpenStreetMap"}},{"type":"Feature","id":"beach-osm-way-922699633","geometry":{"type":"Point","coordinates":[5.686459,59.790439]},"properties":{"name":"Strand","source":"OpenStreetMap"}},{"type":"Feature","id":"beach-osm-way-922699634","geometry":{"type":"Point","coordinates":[5.690855,59.790302]},"properties":{"name":"Strand","source":"OpenStreetMap"}},{"type":"Feature","id":"beach-osm-way-922699635","geometry":{"type":"Point","coordinates":[5.692788,59.790251]},"properties":{"name":"Strand","source":"OpenStreetMap"}},{"type":"Feature","id":"beach-osm-way-922699636","geometry":{"type":"Point","coordinates":[5.697192,59.790141]},"properties":{"name":"Strand","source":"OpenStreetMap"}},{"type":"Feature","id":"beach-osm-way-922699640","geometry":{"type":"Point","coordinates":[5.698466,59.790398]},"properties":{"name":"Strand","source":"OpenStreetMap"}},{"type":"Feature","id":"beach-osm-way-922699641","geometry":{"type":"Point","coordinates":[5.699079,59.791538]},"properties":{"name":"Strand","source":"OpenStreetMap"}},{"type":"Feature","id":"beach-osm-way-922699642","geometry":{"type":"Point","coordinates":[5.699859,59.792263]},"properties":{"name":"Strand","source":"OpenStreetMap"}},{"type":"Feature","id":"beach-osm-way-922699643","geometry":{"type":"Point","coordinates":[5.702581,59.792744]},"properties":{"name":"Strand","source":"OpenStreetMap"}},{"type":"Feature","id":"beach-osm-way-922699645","geometry":{"type":"Point","coordinates":[5.709447,59.802583]},"properties":{"name":"Strand","source":"OpenStreetMap"}},{"type":"Feature","id":"beach-osm-way-922699646","geometry":{"type":"Point","coordinates":[5.702253,59.81042]},"properties":{"name":"Strand","source":"OpenStreetMap"}},{"type":"Feature","id":"beach-osm-way-922699648","geometry":{"type":"Point","coordinates":[5.725344,59.813778]},"properties":{"name":"Strand","source":"OpenStreetMap"}},{"type":"Feature","id":"beach-osm-way-922699649","geometry":{"type":"Point","coordinates":[5.739424,59.807317]},"properties":{"name":"Strand","source":"OpenStreetMap"}},{"type":"Feature","id":"beach-osm-way-922699650","geometry":{"type":"Point","coordinates":[5.738004,59.806553]},"properties":{"name":"Strand","source":"OpenStreetMap"}},{"type":"Feature","id":"beach-osm-way-922699651","geometry":{"type":"Point","coordinates":[5.738345,59.805258]},"properties":{"name":"Strand","source":"OpenStreetMap"}},{"type":"Feature","id":"beach-osm-way-922699653","geometry":{"type":"Point","coordinates":[5.738125,59.797019]},"properties":{"name":"Strand","source":"OpenStreetMap"}},{"type":"Feature","id":"beach-osm-way-922699654","geometry":{"type":"Point","coordinates":[5.741921,59.792103]},"properties":{"name":"Strand","source":"OpenStreetMap"}},{"type":"Feature","id":"beach-osm-way-922699655","geometry":{"type":"Point","coordinates":[5.79888,59.789785]},"properties":{"name":"Strand","source":"OpenStreetMap"}},{"type":"Feature","id":"beach-osm-way-922699656","geometry":{"type":"Point","coordinates":[5.800714,59.789557]},"properties":{"name":"Strand","source":"OpenStreetMap"}},{"type":"Feature","id":"beach-osm-way-922699657","geometry":{"type":"Point","coordinates":[5.802453,59.787374]},"properties":{"name":"Strand","source":"OpenStreetMap"}},{"type":"Feature","id":"beach-osm-way-922699658","geometry":{"type":"Point","coordinates":[5.804359,59.785495]},"properties":{"name":"Strand","source":"OpenStreetMap"}},{"type":"Feature","id":"beach-osm-way-922699659","geometry":{"type":"Point","coordinates":[5.80516,59.785159]},"properties":{"name":"Strand","source":"OpenStreetMap"}},{"type":"Feature","id":"beach-osm-way-922699660","geometry":{"type":"Point","coordinates":[5.80654,59.784362]},"properties":{"name":"Strand","source":"OpenStreetMap"}},{"type":"Feature","id":"beach-osm-way-922699661","geometry":{"type":"Point","coordinates":[5.806996,59.78397]},"properties":{"name":"Strand","source":"OpenStreetMap"}},{"type":"Feature","id":"beach-osm-way-922699662","geometry":{"type":"Point","coordinates":[5.809356,59.782649]},"properties":{"name":"Strand","source":"OpenStreetMap"}},{"type":"Feature","id":"beach-osm-way-922699663","geometry":{"type":"Point","coordinates":[5.811104,59.782598]},"properties":{"name":"Strand","source":"OpenStreetMap"}},{"type":"Feature","id":"beach-osm-way-922699664","geometry":{"type":"Point","coordinates":[5.811995,59.781828]},"properties":{"name":"Strand","source":"OpenStreetMap"}},{"type":"Feature","id":"beach-osm-way-922699665","geometry":{"type":"Point","coordinates":[5.837136,59.766765]},"properties":{"name":"Strand","source":"OpenStreetMap"}},{"type":"Feature","id":"beach-osm-way-922699666","geometry":{"type":"Point","coordinates":[5.839598,59.763759]},"properties":{"name":"Strand","source":"OpenStreetMap"}},{"type":"Feature","id":"beach-osm-way-922699667","geometry":{"type":"Point","coordinates":[5.841624,59.759331]},"properties":{"name":"Strand","source":"OpenStreetMap"}},{"type":"Feature","id":"beach-osm-way-922699668","geometry":{"type":"Point","coordinates":[5.814808,59.75635]},"properties":{"name":"Strand","source":"OpenStreetMap"}},{"type":"Feature","id":"beach-osm-way-922699669","geometry":{"type":"Point","coordinates":[5.812772,59.756472]},"properties":{"name":"Strand","source":"OpenStreetMap"}},{"type":"Feature","id":"beach-osm-way-922699670","geometry":{"type":"Point","coordinates":[5.791992,59.753682]},"properties":{"name":"Strand","source":"OpenStreetMap"}},{"type":"Feature","id":"beach-osm-way-922699671","geometry":{"type":"Point","coordinates":[5.789457,59.753739]},"properties":{"name":"Strand","source":"OpenStreetMap"}},{"type":"Feature","id":"beach-osm-way-922699672","geometry":{"type":"Point","coordinates":[5.778108,59.731151]},"properties":{"name":"Strand","source":"OpenStreetMap"}},{"type":"Feature","id":"beach-osm-way-922699673","geometry":{"type":"Point","coordinates":[5.77288,59.726467]},"properties":{"name":"Strand","source":"OpenStreetMap"}},{"type":"Feature","id":"beach-osm-way-922699674","geometry":{"type":"Point","coordinates":[5.758386,59.724992]},"properties":{"name":"Strand","source":"OpenStreetMap"}},{"type":"Feature","id":"beach-osm-way-922752051","geometry":{"type":"Point","coordinates":[5.829719,59.774069]},"properties":{"name":"Strand","source":"OpenStreetMap"}},{"type":"Feature","id":"beach-osm-way-922752052","geometry":{"type":"Point","coordinates":[5.831967,59.77335]},"properties":{"name":"Strand","source":"OpenStreetMap"}},{"type":"Feature","id":"beach-osm-way-922752053","geometry":{"type":"Point","coordinates":[5.753249,59.723698]},"properties":{"name":"Strand","source":"OpenStreetMap"}},{"type":"Feature","id":"beach-osm-way-922752054","geometry":{"type":"Point","coordinates":[5.744878,59.725934]},"properties":{"name":"Strand","source":"OpenStreetMap"}},{"type":"Feature","id":"beach-osm-way-922752055","geometry":{"type":"Point","coordinates":[5.746506,59.757395]},"properties":{"name":"Strand","source":"OpenStreetMap"}},{"type":"Feature","id":"beach-osm-way-922766768","geometry":{"type":"Point","coordinates":[5.333796,60.15082]},"properties":{"name":"Strand","source":"OpenStreetMap"}},{"type":"Feature","id":"beach-osm-way-922766771","geometry":{"type":"Point","coordinates":[5.334717,60.15082]},"properties":{"name":"Strand","source":"OpenStreetMap"}},{"type":"Feature","id":"beach-osm-way-922766775","geometry":{"type":"Point","coordinates":[5.335625,60.149003]},"properties":{"name":"Strand","source":"OpenStreetMap"}},{"type":"Feature","id":"beach-osm-way-922766778","geometry":{"type":"Point","coordinates":[5.330334,60.15269]},"properties":{"name":"Strand","source":"OpenStreetMap"}},{"type":"Feature","id":"beach-osm-way-922766779","geometry":{"type":"Point","coordinates":[5.329975,60.15384]},"properties":{"name":"Strand","source":"OpenStreetMap"}},{"type":"Feature","id":"beach-osm-way-922766780","geometry":{"type":"Point","coordinates":[5.326667,60.153666]},"properties":{"name":"Strand","source":"OpenStreetMap"}},{"type":"Feature","id":"beach-osm-way-922766783","geometry":{"type":"Point","coordinates":[5.346611,60.146779]},"properties":{"name":"Strand","source":"OpenStreetMap"}},{"type":"Feature","id":"beach-osm-way-922766784","geometry":{"type":"Point","coordinates":[5.35371,60.143215]},"properties":{"name":"Strand","source":"OpenStreetMap"}},{"type":"Feature","id":"beach-osm-way-922766786","geometry":{"type":"Point","coordinates":[5.359666,60.146198]},"properties":{"name":"Strand","source":"OpenStreetMap"}},{"type":"Feature","id":"beach-osm-way-922766787","geometry":{"type":"Point","coordinates":[5.358862,60.145858]},"properties":{"name":"Strand","source":"OpenStreetMap"}},{"type":"Feature","id":"beach-osm-way-922766788","geometry":{"type":"Point","coordinates":[5.360681,60.146333]},"properties":{"name":"Strand","source":"OpenStreetMap"}},{"type":"Feature","id":"beach-osm-way-922766789","geometry":{"type":"Point","coordinates":[5.361209,60.146782]},"properties":{"name":"Strand","source":"OpenStreetMap"}},{"type":"Feature","id":"beach-osm-way-922766790","geometry":{"type":"Point","coordinates":[5.361919,60.147644]},"properties":{"name":"Strand","source":"OpenStreetMap"}},{"type":"Feature","id":"beach-osm-way-922766792","geometry":{"type":"Point","coordinates":[5.358277,60.152645]},"properties":{"name":"Strand","source":"OpenStreetMap"}},{"type":"Feature","id":"beach-osm-way-922766793","geometry":{"type":"Point","coordinates":[5.337085,60.148643]},"properties":{"name":"Strand","source":"OpenStreetMap"}},{"type":"Feature","id":"beach-osm-way-922766795","geometry":{"type":"Point","coordinates":[5.328335,60.153926]},"properties":{"name":"Strand","source":"OpenStreetMap"}},{"type":"Feature","id":"beach-osm-way-922766797","geometry":{"type":"Point","coordinates":[5.327499,60.157228]},"properties":{"name":"Strand","source":"OpenStreetMap"}},{"type":"Feature","id":"beach-osm-way-922766799","geometry":{"type":"Point","coordinates":[5.357147,60.186774]},"properties":{"name":"Strand","source":"OpenStreetMap"}},{"type":"Feature","id":"beach-osm-way-922766800","geometry":{"type":"Point","coordinates":[5.353783,60.187253]},"properties":{"name":"Strand","source":"OpenStreetMap"}},{"type":"Feature","id":"beach-osm-way-922766801","geometry":{"type":"Point","coordinates":[5.340543,60.188301]},"properties":{"name":"Strand","source":"OpenStreetMap"}},{"type":"Feature","id":"beach-osm-way-922766802","geometry":{"type":"Point","coordinates":[5.332579,60.188243]},"properties":{"name":"Strand","source":"OpenStreetMap"}},{"type":"Feature","id":"beach-osm-way-922766803","geometry":{"type":"Point","coordinates":[5.329489,60.188897]},"properties":{"name":"Strand","source":"OpenStreetMap"}},{"type":"Feature","id":"beach-osm-way-922766804","geometry":{"type":"Point","coordinates":[5.330351,60.196072]},"properties":{"name":"Strand","source":"OpenStreetMap"}},{"type":"Feature","id":"beach-osm-way-922766805","geometry":{"type":"Point","coordinates":[5.349816,60.209732]},"properties":{"name":"Strand","source":"OpenStreetMap"}},{"type":"Feature","id":"beach-osm-way-922766807","geometry":{"type":"Point","coordinates":[5.361571,60.209458]},"properties":{"name":"Strand","source":"OpenStreetMap"}},{"type":"Feature","id":"beach-osm-way-922766808","geometry":{"type":"Point","coordinates":[5.36583,60.20857]},"properties":{"name":"Strand","source":"OpenStreetMap"}},{"type":"Feature","id":"beach-osm-way-922766810","geometry":{"type":"Point","coordinates":[5.370488,60.215174]},"properties":{"name":"Strand","source":"OpenStreetMap"}},{"type":"Feature","id":"beach-osm-way-922766811","geometry":{"type":"Point","coordinates":[5.355421,60.218298]},"properties":{"name":"Strand","source":"OpenStreetMap"}},{"type":"Feature","id":"beach-osm-way-922871200","geometry":{"type":"Point","coordinates":[5.668172,60.158029]},"properties":{"name":"Strand","source":"OpenStreetMap"}},{"type":"Feature","id":"beach-osm-way-922871204","geometry":{"type":"Point","coordinates":[5.608884,60.146716]},"properties":{"name":"Strand","source":"OpenStreetMap"}},{"type":"Feature","id":"beach-osm-way-922871205","geometry":{"type":"Point","coordinates":[5.605254,60.145917]},"properties":{"name":"Strand","source":"OpenStreetMap"}},{"type":"Feature","id":"beach-osm-way-922871206","geometry":{"type":"Point","coordinates":[5.60299,60.14291]},"properties":{"name":"Strand","source":"OpenStreetMap"}},{"type":"Feature","id":"beach-osm-way-922871207","geometry":{"type":"Point","coordinates":[5.593358,60.148688]},"properties":{"name":"Strand","source":"OpenStreetMap"}},{"type":"Feature","id":"beach-osm-way-922871212","geometry":{"type":"Point","coordinates":[5.578941,60.155491]},"properties":{"name":"Strand","source":"OpenStreetMap"}},{"type":"Feature","id":"beach-osm-way-922871213","geometry":{"type":"Point","coordinates":[5.578339,60.156544]},"properties":{"name":"Strand","source":"OpenStreetMap"}},{"type":"Feature","id":"beach-osm-way-922871214","geometry":{"type":"Point","coordinates":[5.577993,60.157535]},"properties":{"name":"Strand","source":"OpenStreetMap"}},{"type":"Feature","id":"beach-osm-way-922871215","geometry":{"type":"Point","coordinates":[5.580387,60.158384]},"properties":{"name":"Strand","source":"OpenStreetMap"}},{"type":"Feature","id":"beach-osm-way-922871216","geometry":{"type":"Point","coordinates":[5.582155,60.15939]},"properties":{"name":"Strand","source":"OpenStreetMap"}},{"type":"Feature","id":"beach-osm-way-922876048","geometry":{"type":"Point","coordinates":[5.581918,60.161432]},"properties":{"name":"Strand","source":"OpenStreetMap"}},{"type":"Feature","id":"beach-osm-way-922876051","geometry":{"type":"Point","coordinates":[5.605688,60.187911]},"properties":{"name":"Strand","source":"OpenStreetMap"}},{"type":"Feature","id":"beach-osm-way-922876052","geometry":{"type":"Point","coordinates":[5.604826,60.193098]},"properties":{"name":"Strand","source":"OpenStreetMap"}},{"type":"Feature","id":"beach-osm-way-922876053","geometry":{"type":"Point","coordinates":[5.600476,60.199247]},"properties":{"name":"Strand","source":"OpenStreetMap"}},{"type":"Feature","id":"beach-osm-way-922903445","geometry":{"type":"Point","coordinates":[5.629699,60.206161]},"properties":{"name":"Strand","source":"OpenStreetMap"}},{"type":"Feature","id":"beach-osm-way-922903446","geometry":{"type":"Point","coordinates":[5.636906,60.212924]},"properties":{"name":"Strand","source":"OpenStreetMap"}},{"type":"Feature","id":"beach-osm-way-922903448","geometry":{"type":"Point","coordinates":[5.627008,60.205198]},"properties":{"name":"Strand","source":"OpenStreetMap"}},{"type":"Feature","id":"beach-osm-way-922903449","geometry":{"type":"Point","coordinates":[5.625944,60.204553]},"properties":{"name":"Strand","source":"OpenStreetMap"}},{"type":"Feature","id":"beach-osm-way-922903450","geometry":{"type":"Point","coordinates":[5.624974,60.204269]},"properties":{"name":"Strand","source":"OpenStreetMap"}},{"type":"Feature","id":"beach-osm-way-922903451","geometry":{"type":"Point","coordinates":[5.698245,60.192163]},"properties":{"name":"Strand","source":"OpenStreetMap"}},{"type":"Feature","id":"beach-osm-way-922903452","geometry":{"type":"Point","coordinates":[5.69689,60.192019]},"properties":{"name":"Strand","source":"OpenStreetMap"}},{"type":"Feature","id":"beach-osm-way-922903453","geometry":{"type":"Point","coordinates":[5.694576,60.18851]},"properties":{"name":"Strand","source":"OpenStreetMap"}},{"type":"Feature","id":"beach-osm-way-922903455","geometry":{"type":"Point","coordinates":[5.693622,60.185947]},"properties":{"name":"Strand","source":"OpenStreetMap"}},{"type":"Feature","id":"beach-osm-way-922903456","geometry":{"type":"Point","coordinates":[5.693553,60.184158]},"properties":{"name":"Strand","source":"OpenStreetMap"}},{"type":"Feature","id":"beach-osm-way-922903457","geometry":{"type":"Point","coordinates":[5.665041,60.156106]},"properties":{"name":"Strand","source":"OpenStreetMap"}},{"type":"Feature","id":"beach-osm-way-922903462","geometry":{"type":"Point","coordinates":[5.594152,60.148275]},"properties":{"name":"Strand","source":"OpenStreetMap"}},{"type":"Feature","id":"beach-osm-way-922903465","geometry":{"type":"Point","coordinates":[5.60422,60.19346]},"properties":{"name":"Strand","source":"OpenStreetMap"}},{"type":"Feature","id":"beach-osm-way-922903467","geometry":{"type":"Point","coordinates":[5.668378,60.230267]},"properties":{"name":"Strand","source":"OpenStreetMap"}},{"type":"Feature","id":"beach-osm-way-922903468","geometry":{"type":"Point","coordinates":[5.666363,60.229993]},"properties":{"name":"Strand","source":"OpenStreetMap"}},{"type":"Feature","id":"beach-osm-way-922903470","geometry":{"type":"Point","coordinates":[5.693639,60.228392]},"properties":{"name":"Strand","source":"OpenStreetMap"}},{"type":"Feature","id":"beach-osm-way-922903471","geometry":{"type":"Point","coordinates":[5.693095,60.229836]},"properties":{"name":"Strand","source":"OpenStreetMap"}},{"type":"Feature","id":"beach-osm-way-922903472","geometry":{"type":"Point","coordinates":[5.700594,60.229453]},"properties":{"name":"Strand","source":"OpenStreetMap"}},{"type":"Feature","id":"beach-osm-way-922903473","geometry":{"type":"Point","coordinates":[5.722489,60.231879]},"properties":{"name":"Strand","source":"OpenStreetMap"}},{"type":"Feature","id":"beach-osm-way-922903474","geometry":{"type":"Point","coordinates":[5.734711,60.2338]},"properties":{"name":"Strand","source":"OpenStreetMap"}},{"type":"Feature","id":"beach-osm-way-922903475","geometry":{"type":"Point","coordinates":[5.736593,60.234722]},"properties":{"name":"Strand","source":"OpenStreetMap"}},{"type":"Feature","id":"beach-osm-way-922903477","geometry":{"type":"Point","coordinates":[5.732066,60.245822]},"properties":{"name":"Strand","source":"OpenStreetMap"}},{"type":"Feature","id":"beach-osm-way-922903478","geometry":{"type":"Point","coordinates":[5.476705,60.18192]},"properties":{"name":"Strand","source":"OpenStreetMap"}},{"type":"Feature","id":"beach-osm-way-922903480","geometry":{"type":"Point","coordinates":[5.511815,60.177335]},"properties":{"name":"Strand","source":"OpenStreetMap"}},{"type":"Feature","id":"beach-osm-way-922903481","geometry":{"type":"Point","coordinates":[5.50926,60.177686]},"properties":{"name":"Strand","source":"OpenStreetMap"}},{"type":"Feature","id":"beach-osm-way-922903483","geometry":{"type":"Point","coordinates":[5.510939,60.177525]},"properties":{"name":"Strand","source":"OpenStreetMap"}},{"type":"Feature","id":"beach-osm-way-922903500","geometry":{"type":"Point","coordinates":[5.737704,59.804314]},"properties":{"name":"Strand","source":"OpenStreetMap"}},{"type":"Feature","id":"beach-osm-way-922910659","geometry":{"type":"Point","coordinates":[5.3739,60.132387]},"properties":{"name":"Strand","source":"OpenStreetMap"}},{"type":"Feature","id":"beach-osm-way-922910662","geometry":{"type":"Point","coordinates":[5.378819,60.131325]},"properties":{"name":"Strand","source":"OpenStreetMap"}},{"type":"Feature","id":"beach-osm-way-922910663","geometry":{"type":"Point","coordinates":[5.380621,60.13159]},"properties":{"name":"Strand","source":"OpenStreetMap"}},{"type":"Feature","id":"beach-osm-way-922910664","geometry":{"type":"Point","coordinates":[5.382011,60.13211]},"properties":{"name":"Strand","source":"OpenStreetMap"}},{"type":"Feature","id":"beach-osm-way-922910665","geometry":{"type":"Point","coordinates":[5.382594,60.132638]},"properties":{"name":"Strand","source":"OpenStreetMap"}},{"type":"Feature","id":"beach-osm-way-922910666","geometry":{"type":"Point","coordinates":[5.383951,60.132921]},"properties":{"name":"Strand","source":"OpenStreetMap"}},{"type":"Feature","id":"beach-osm-way-922910668","geometry":{"type":"Point","coordinates":[5.385498,60.137015]},"properties":{"name":"Strand","source":"OpenStreetMap"}},{"type":"Feature","id":"beach-osm-way-922910670","geometry":{"type":"Point","coordinates":[5.384846,60.139927]},"properties":{"name":"Strand","source":"OpenStreetMap"}},{"type":"Feature","id":"beach-osm-way-922910671","geometry":{"type":"Point","coordinates":[5.389295,60.142702]},"properties":{"name":"Strand","source":"OpenStreetMap"}},{"type":"Feature","id":"beach-osm-way-922910698","geometry":{"type":"Point","coordinates":[5.423661,60.1437]},"properties":{"name":"Strand","source":"OpenStreetMap"}},{"type":"Feature","id":"beach-osm-way-922910701","geometry":{"type":"Point","coordinates":[5.419039,60.1435]},"properties":{"name":"Strand","source":"OpenStreetMap"}},{"type":"Feature","id":"beach-osm-way-922910703","geometry":{"type":"Point","coordinates":[5.410414,60.138508]},"properties":{"name":"Strand","source":"OpenStreetMap"}},{"type":"Feature","id":"beach-osm-way-922922286","geometry":{"type":"Point","coordinates":[5.684987,59.987077]},"properties":{"name":"Strand","source":"OpenStreetMap"}},{"type":"Feature","id":"beach-osm-way-922922287","geometry":{"type":"Point","coordinates":[5.718377,60.030301]},"properties":{"name":"Strand","source":"OpenStreetMap"}},{"type":"Feature","id":"beach-osm-way-922922288","geometry":{"type":"Point","coordinates":[5.721772,60.0287]},"properties":{"name":"Strand","source":"OpenStreetMap"}},{"type":"Feature","id":"beach-osm-way-922922289","geometry":{"type":"Point","coordinates":[5.729377,60.010027]},"properties":{"name":"Strand","source":"OpenStreetMap"}},{"type":"Feature","id":"beach-osm-way-922922290","geometry":{"type":"Point","coordinates":[5.730362,60.002852]},"properties":{"name":"Strand","source":"OpenStreetMap"}},{"type":"Feature","id":"beach-osm-way-922922291","geometry":{"type":"Point","coordinates":[5.738061,60.00469]},"properties":{"name":"Strand","source":"OpenStreetMap"}},{"type":"Feature","id":"beach-osm-way-922922301","geometry":{"type":"Point","coordinates":[5.760218,59.990406]},"properties":{"name":"Strand","source":"OpenStreetMap"}},{"type":"Feature","id":"beach-osm-way-922922302","geometry":{"type":"Point","coordinates":[5.777924,59.982474]},"properties":{"name":"Strand","source":"OpenStreetMap"}},{"type":"Feature","id":"beach-osm-way-922922303","geometry":{"type":"Point","coordinates":[5.780872,59.987226]},"properties":{"name":"Strand","source":"OpenStreetMap"}},{"type":"Feature","id":"beach-osm-way-922922304","geometry":{"type":"Point","coordinates":[5.783246,59.98815]},"properties":{"name":"Strand","source":"OpenStreetMap"}},{"type":"Feature","id":"beach-osm-way-922922305","geometry":{"type":"Point","coordinates":[5.786315,59.991382]},"properties":{"name":"Strand","source":"OpenStreetMap"}},{"type":"Feature","id":"beach-osm-way-922925041","geometry":{"type":"Point","coordinates":[5.73088,60.103013]},"properties":{"name":"Strand","source":"OpenStreetMap"}},{"type":"Feature","id":"beach-osm-way-922925043","geometry":{"type":"Point","coordinates":[5.723809,60.10393]},"properties":{"name":"Strand","source":"OpenStreetMap"}},{"type":"Feature","id":"beach-osm-way-922925044","geometry":{"type":"Point","coordinates":[5.721717,60.106042]},"properties":{"name":"Strand","source":"OpenStreetMap"}},{"type":"Feature","id":"beach-osm-way-922925047","geometry":{"type":"Point","coordinates":[5.732414,60.113514]},"properties":{"name":"Strand","source":"OpenStreetMap"}},{"type":"Feature","id":"beach-osm-way-922925050","geometry":{"type":"Point","coordinates":[5.760123,60.130843]},"properties":{"name":"Strand","source":"OpenStreetMap"}},{"type":"Feature","id":"beach-osm-way-922925054","geometry":{"type":"Point","coordinates":[5.746095,60.145927]},"properties":{"name":"Strand","source":"OpenStreetMap"}},{"type":"Feature","id":"beach-osm-way-922925055","geometry":{"type":"Point","coordinates":[5.736664,60.148258]},"properties":{"name":"Strand","source":"OpenStreetMap"}},{"type":"Feature","id":"beach-osm-way-922929405","geometry":{"type":"Point","coordinates":[5.3806,60.221334]},"properties":{"name":"Strand","source":"OpenStreetMap"}},{"type":"Feature","id":"beach-osm-way-922929406","geometry":{"type":"Point","coordinates":[5.381275,60.219457]},"properties":{"name":"Strand","source":"OpenStreetMap"}},{"type":"Feature","id":"beach-osm-way-922929407","geometry":{"type":"Point","coordinates":[5.384642,60.21084]},"properties":{"name":"Strand","source":"OpenStreetMap"}},{"type":"Feature","id":"beach-osm-way-922929409","geometry":{"type":"Point","coordinates":[5.351121,60.207754]},"properties":{"name":"Strand","source":"OpenStreetMap"}},{"type":"Feature","id":"beach-osm-way-922929410","geometry":{"type":"Point","coordinates":[5.348103,60.207819]},"properties":{"name":"Strand","source":"OpenStreetMap"}},{"type":"Feature","id":"beach-osm-way-922929411","geometry":{"type":"Point","coordinates":[5.347714,60.205393]},"properties":{"name":"Strand","source":"OpenStreetMap"}},{"type":"Feature","id":"beach-osm-way-922929412","geometry":{"type":"Point","coordinates":[5.341732,60.205852]},"properties":{"name":"Strand","source":"OpenStreetMap"}},{"type":"Feature","id":"beach-osm-way-922929413","geometry":{"type":"Point","coordinates":[5.338236,60.206042]},"properties":{"name":"Strand","source":"OpenStreetMap"}},{"type":"Feature","id":"beach-osm-way-922929414","geometry":{"type":"Point","coordinates":[5.344022,60.197638]},"properties":{"name":"Strand","source":"OpenStreetMap"}},{"type":"Feature","id":"beach-osm-way-922929415","geometry":{"type":"Point","coordinates":[5.33386,60.200214]},"properties":{"name":"Strand","source":"OpenStreetMap"}},{"type":"Feature","id":"beach-osm-way-922929416","geometry":{"type":"Point","coordinates":[5.332852,60.199099]},"properties":{"name":"Strand","source":"OpenStreetMap"}},{"type":"Feature","id":"beach-osm-way-922929417","geometry":{"type":"Point","coordinates":[5.332325,60.196551]},"properties":{"name":"Strand","source":"OpenStreetMap"}},{"type":"Feature","id":"beach-osm-way-922929418","geometry":{"type":"Point","coordinates":[5.384338,60.175358]},"properties":{"name":"Strand","source":"OpenStreetMap"}},{"type":"Feature","id":"beach-osm-way-922929419","geometry":{"type":"Point","coordinates":[5.38259,60.175074]},"properties":{"name":"Strand","source":"OpenStreetMap"}},{"type":"Feature","id":"beach-osm-way-922929420","geometry":{"type":"Point","coordinates":[5.400445,60.17524]},"properties":{"name":"Strand","source":"OpenStreetMap"}},{"type":"Feature","id":"beach-osm-way-922929422","geometry":{"type":"Point","coordinates":[5.424422,60.158147]},"properties":{"name":"Strand","source":"OpenStreetMap"}},{"type":"Feature","id":"beach-osm-way-922929423","geometry":{"type":"Point","coordinates":[5.424734,60.154727]},"properties":{"name":"Strand","source":"OpenStreetMap"}},{"type":"Feature","id":"beach-osm-way-922929429","geometry":{"type":"Point","coordinates":[5.456011,60.147204]},"properties":{"name":"Strand","source":"OpenStreetMap"}},{"type":"Feature","id":"beach-osm-way-922929430","geometry":{"type":"Point","coordinates":[5.440044,60.149745]},"properties":{"name":"Strand","source":"OpenStreetMap"}},{"type":"Feature","id":"beach-osm-way-927002154","geometry":{"type":"Point","coordinates":[9.234891,60.984551]},"properties":{"name":"Strand","description":"Underlag: sand","source":"OpenStreetMap"}},{"type":"Feature","id":"beach-osm-way-938821143","geometry":{"type":"Point","coordinates":[11.189806,63.711552]},"properties":{"name":"Strand","description":"Underlag: sand","source":"OpenStreetMap"}},{"type":"Feature","id":"beach-osm-way-946154876","geometry":{"type":"Point","coordinates":[10.059257,59.725555]},"properties":{"name":"Strand","description":"Underlag: grass","source":"OpenStreetMap"}},{"type":"Feature","id":"beach-osm-way-951913990","geometry":{"type":"Point","coordinates":[10.162047,59.768861]},"properties":{"name":"Strand","description":"Underlag: sand","source":"OpenStreetMap"}},{"type":"Feature","id":"beach-osm-way-951913991","geometry":{"type":"Point","coordinates":[10.166728,59.770546]},"properties":{"name":"Strand","description":"Underlag: fine_gravel","source":"OpenStreetMap"}},{"type":"Feature","id":"beach-osm-way-952647603","geometry":{"type":"Point","coordinates":[9.072669,61.113796]},"properties":{"name":"Strand","description":"Underlag: gravel","source":"OpenStreetMap"}},{"type":"Feature","id":"beach-osm-way-953830046","geometry":{"type":"Point","coordinates":[8.772397,61.497205]},"properties":{"name":"Strand","description":"Underlag: gravel","source":"OpenStreetMap"}},{"type":"Feature","id":"beach-osm-way-957839917","geometry":{"type":"Point","coordinates":[10.715117,59.879582]},"properties":{"name":"Strand","source":"OpenStreetMap"}},{"type":"Feature","id":"beach-osm-way-957887401","geometry":{"type":"Point","coordinates":[11.594442,59.585584]},"properties":{"name":"Strand","description":"Underlag: sand","source":"OpenStreetMap"}},{"type":"Feature","id":"beach-osm-way-967299447","geometry":{"type":"Point","coordinates":[10.412185,59.60614]},"properties":{"name":"Strand","description":"Underlag: pebblestone","source":"OpenStreetMap"}},{"type":"Feature","id":"beach-osm-way-969495897","geometry":{"type":"Point","coordinates":[7.677382,58.109919]},"properties":{"name":"Strand","description":"Underlag: sand","source":"OpenStreetMap"}},{"type":"Feature","id":"beach-osm-way-982924215","geometry":{"type":"Point","coordinates":[9.464988,60.332302]},"properties":{"name":"Strand","description":"Underlag: sand","source":"OpenStreetMap"}},{"type":"Feature","id":"beach-osm-way-983248691","geometry":{"type":"Point","coordinates":[5.418722,60.133638]},"properties":{"name":"Strand","description":"Underlag: rock","source":"OpenStreetMap"}},{"type":"Feature","id":"beach-osm-way-985509673","geometry":{"type":"Point","coordinates":[10.552582,59.879996]},"properties":{"name":"Strand","description":"Underlag: sand","source":"OpenStreetMap"}},{"type":"Feature","id":"beach-osm-way-985509685","geometry":{"type":"Point","coordinates":[10.558629,59.88269]},"properties":{"name":"Strand","description":"Underlag: sand","source":"OpenStreetMap"}},{"type":"Feature","id":"beach-osm-way-986949307","geometry":{"type":"Point","coordinates":[6.582028,58.209418]},"properties":{"name":"Strand","description":"Underlag: sand","source":"OpenStreetMap"}},{"type":"Feature","id":"beach-osm-way-988073184","geometry":{"type":"Point","coordinates":[6.17641,60.960686]},"properties":{"name":"Strand","description":"Underlag: sand","source":"OpenStreetMap"}},{"type":"Feature","id":"beach-osm-way-1001524629","geometry":{"type":"Point","coordinates":[10.47809,59.253172]},"properties":{"name":"Strand","description":"Underlag: sand","source":"OpenStreetMap"}},{"type":"Feature","id":"beach-osm-way-1013332143","geometry":{"type":"Point","coordinates":[15.024051,67.971338]},"properties":{"name":"Strand","description":"Underlag: sand","source":"OpenStreetMap"}},{"type":"Feature","id":"beach-osm-way-1031381464","geometry":{"type":"Point","coordinates":[6.583767,61.089028]},"properties":{"name":"Strand","description":"Underlag: sand","source":"OpenStreetMap"}},{"type":"Feature","id":"beach-osm-way-1031718056","geometry":{"type":"Point","coordinates":[7.118884,60.865964]},"properties":{"name":"Strand","description":"Underlag: sand","source":"OpenStreetMap"}},{"type":"Feature","id":"beach-osm-way-1038362839","geometry":{"type":"Point","coordinates":[9.598343,59.627976]},"properties":{"name":"Strand","description":"Underlag: sand","source":"OpenStreetMap"}},{"type":"Feature","id":"beach-osm-way-1042226118","geometry":{"type":"Point","coordinates":[6.981328,58.047806]},"properties":{"name":"Strand","description":"Underlag: gravel","source":"OpenStreetMap"}},{"type":"Feature","id":"beach-osm-way-1044588942","geometry":{"type":"Point","coordinates":[27.373634,71.016504]},"properties":{"name":"Strand","description":"Underlag: sand","source":"OpenStreetMap"}},{"type":"Feature","id":"beach-osm-way-1053838983","geometry":{"type":"Point","coordinates":[10.645423,59.507213]},"properties":{"name":"Strand","description":"Underlag: gravel","source":"OpenStreetMap"}},{"type":"Feature","id":"beach-osm-way-1057025325","geometry":{"type":"Point","coordinates":[9.994476,59.185789]},"properties":{"name":"Strand","description":"Underlag: sand","source":"OpenStreetMap"}},{"type":"Feature","id":"beach-osm-way-1059055573","geometry":{"type":"Point","coordinates":[21.11757,69.87694]},"properties":{"name":"Strand","description":"Underlag: sand","source":"OpenStreetMap"}},{"type":"Feature","id":"beach-osm-way-1059362404","geometry":{"type":"Point","coordinates":[11.13048,59.60915]},"properties":{"name":"Strand","description":"Underlag: grass","source":"OpenStreetMap"}},{"type":"Feature","id":"beach-osm-way-1062621059","geometry":{"type":"Point","coordinates":[9.658783,59.047625]},"properties":{"name":"Strand","description":"Underlag: sand","source":"OpenStreetMap"}},{"type":"Feature","id":"beach-osm-way-1073829899","geometry":{"type":"Point","coordinates":[9.916779,59.773131]},"properties":{"name":"Strand","description":"Underlag: sand","source":"OpenStreetMap"}},{"type":"Feature","id":"beach-osm-way-1074584993","geometry":{"type":"Point","coordinates":[18.007831,69.63675]},"properties":{"name":"Strand","description":"Underlag: sand","source":"OpenStreetMap"}},{"type":"Feature","id":"beach-osm-way-1074759881","geometry":{"type":"Point","coordinates":[10.272538,59.709071]},"properties":{"name":"Strand","description":"Underlag: sand","source":"OpenStreetMap"}},{"type":"Feature","id":"beach-osm-way-1085071471","geometry":{"type":"Point","coordinates":[10.358092,60.292911]},"properties":{"name":"Strand","source":"OpenStreetMap"}},{"type":"Feature","id":"beach-osm-way-1085413892","geometry":{"type":"Point","coordinates":[10.610546,59.877039]},"properties":{"name":"Strand","description":"Underlag: sand","source":"OpenStreetMap"}},{"type":"Feature","id":"beach-osm-way-1088444996","geometry":{"type":"Point","coordinates":[10.249431,63.452564]},"properties":{"name":"Strand","description":"Underlag: gravel","source":"OpenStreetMap"}},{"type":"Feature","id":"beach-osm-way-1090205812","geometry":{"type":"Point","coordinates":[6.294327,59.294331]},"properties":{"name":"Strand","description":"Underlag: sand","source":"OpenStreetMap"}},{"type":"Feature","id":"beach-osm-way-1126531477","geometry":{"type":"Point","coordinates":[5.520159,59.886493]},"properties":{"name":"Strand","source":"OpenStreetMap"}},{"type":"Feature","id":"beach-osm-way-1137375304","geometry":{"type":"Point","coordinates":[18.909112,69.631328]},"properties":{"name":"Strand","description":"Underlag: sand","source":"OpenStreetMap"}},{"type":"Feature","id":"beach-osm-way-1148482623","geometry":{"type":"Point","coordinates":[10.700172,59.811467]},"properties":{"name":"Strand","description":"Underlag: sand","source":"OpenStreetMap"}},{"type":"Feature","id":"beach-osm-way-1167623025","geometry":{"type":"Point","coordinates":[8.233515,58.124266]},"properties":{"name":"Strand","description":"Underlag: sand","source":"OpenStreetMap"}},{"type":"Feature","id":"beach-osm-way-1189863500","geometry":{"type":"Point","coordinates":[8.372362,63.536986]},"properties":{"name":"Strand","description":"Underlag: sand","source":"OpenStreetMap"}},{"type":"Feature","id":"beach-osm-way-1189871482","geometry":{"type":"Point","coordinates":[8.803689,63.807442]},"properties":{"name":"Strand","description":"Underlag: sand","source":"OpenStreetMap"}},{"type":"Feature","id":"beach-osm-way-1190059530","geometry":{"type":"Point","coordinates":[8.416819,63.503985]},"properties":{"name":"Strand","description":"Underlag: sand","source":"OpenStreetMap"}},{"type":"Feature","id":"beach-osm-way-1191846962","geometry":{"type":"Point","coordinates":[8.288456,63.469877]},"properties":{"name":"Strand","description":"Underlag: sand","source":"OpenStreetMap"}},{"type":"Feature","id":"beach-osm-way-1193018765","geometry":{"type":"Point","coordinates":[12.219808,65.466642]},"properties":{"name":"Strand","description":"Underlag: gravel","source":"OpenStreetMap"}},{"type":"Feature","id":"beach-osm-way-1193431908","geometry":{"type":"Point","coordinates":[13.982177,67.286539]},"properties":{"name":"Strand","description":"Underlag: sand","source":"OpenStreetMap"}},{"type":"Feature","id":"beach-osm-way-1193431914","geometry":{"type":"Point","coordinates":[13.96457,67.273704]},"properties":{"name":"Strand","description":"Underlag: sand","source":"OpenStreetMap"}},{"type":"Feature","id":"beach-osm-way-1193729808","geometry":{"type":"Point","coordinates":[16.616632,68.955306]},"properties":{"name":"Strand","description":"Underlag: gravel","source":"OpenStreetMap"}},{"type":"Feature","id":"beach-osm-way-1194274463","geometry":{"type":"Point","coordinates":[8.976413,58.564178]},"properties":{"name":"Strand","description":"Adgang: private","source":"OpenStreetMap"}},{"type":"Feature","id":"beach-osm-way-1197185630","geometry":{"type":"Point","coordinates":[12.186238,62.19433]},"properties":{"name":"Strand","description":"Underlag: pebblestone","source":"OpenStreetMap"}},{"type":"Feature","id":"beach-osm-way-1213451376","geometry":{"type":"Point","coordinates":[10.675782,59.437739]},"properties":{"name":"Strand","description":"Underlag: gravel","source":"OpenStreetMap"}},{"type":"Feature","id":"beach-osm-way-1217325189","geometry":{"type":"Point","coordinates":[8.322774,63.430112]},"properties":{"name":"Strand","description":"Underlag: sand","source":"OpenStreetMap"}},{"type":"Feature","id":"beach-osm-way-1217481499","geometry":{"type":"Point","coordinates":[10.185889,59.021163]},"properties":{"name":"Strand","description":"Underlag: sand","source":"OpenStreetMap"}},{"type":"Feature","id":"beach-osm-way-1217481500","geometry":{"type":"Point","coordinates":[10.18607,59.023471]},"properties":{"name":"Strand","description":"Underlag: sand","source":"OpenStreetMap"}},{"type":"Feature","id":"beach-osm-way-1225388536","geometry":{"type":"Point","coordinates":[30.781413,70.42262]},"properties":{"name":"Strand","description":"Underlag: sand","source":"OpenStreetMap"}},{"type":"Feature","id":"beach-osm-way-1235134665","geometry":{"type":"Point","coordinates":[8.480653,59.111331]},"properties":{"name":"Strand","description":"Underlag: sand","source":"OpenStreetMap"}},{"type":"Feature","id":"beach-osm-way-1247456931","geometry":{"type":"Point","coordinates":[8.147479,63.289526]},"properties":{"name":"Strand","description":"Underlag: sand","source":"OpenStreetMap"}},{"type":"Feature","id":"beach-osm-way-1253022244","geometry":{"type":"Point","coordinates":[9.221024,63.558122]},"properties":{"name":"Strand","description":"Underlag: sand","source":"OpenStreetMap"}},{"type":"Feature","id":"beach-osm-way-1265821872","geometry":{"type":"Point","coordinates":[7.798518,63.373214]},"properties":{"name":"Strand","description":"Underlag: sand","source":"OpenStreetMap"}},{"type":"Feature","id":"beach-osm-way-1269159922","geometry":{"type":"Point","coordinates":[9.140922,63.450921]},"properties":{"name":"Strand","description":"Underlag: sand","source":"OpenStreetMap"}},{"type":"Feature","id":"beach-osm-way-1271494257","geometry":{"type":"Point","coordinates":[7.959897,63.513885]},"properties":{"name":"Strand","description":"Underlag: sand","source":"OpenStreetMap"}},{"type":"Feature","id":"beach-osm-way-1272568631","geometry":{"type":"Point","coordinates":[8.878646,63.735858]},"properties":{"name":"Strand","description":"Underlag: sand","source":"OpenStreetMap"}},{"type":"Feature","id":"beach-osm-way-1274518445","geometry":{"type":"Point","coordinates":[9.182637,63.647027]},"properties":{"name":"Strand","description":"Underlag: shingle","source":"OpenStreetMap"}},{"type":"Feature","id":"beach-osm-way-1274518446","geometry":{"type":"Point","coordinates":[9.181276,63.646712]},"properties":{"name":"Strand","description":"Underlag: shingle","source":"OpenStreetMap"}},{"type":"Feature","id":"beach-osm-way-1279880943","geometry":{"type":"Point","coordinates":[8.913961,63.641572]},"properties":{"name":"Strand","description":"Underlag: sand","source":"OpenStreetMap"}},{"type":"Feature","id":"beach-osm-way-1285685896","geometry":{"type":"Point","coordinates":[11.650649,65.040834]},"properties":{"name":"Strand","description":"Underlag: sand","source":"OpenStreetMap"}},{"type":"Feature","id":"beach-osm-way-1288690975","geometry":{"type":"Point","coordinates":[8.772402,63.729291]},"properties":{"name":"Strand","description":"Underlag: sand","source":"OpenStreetMap"}},{"type":"Feature","id":"beach-osm-way-1288702286","geometry":{"type":"Point","coordinates":[8.808681,63.72023]},"properties":{"name":"Strand","description":"Underlag: sand","source":"OpenStreetMap"}},{"type":"Feature","id":"beach-osm-way-1288702287","geometry":{"type":"Point","coordinates":[8.809293,63.719129]},"properties":{"name":"Strand","description":"Underlag: sand","source":"OpenStreetMap"}},{"type":"Feature","id":"beach-osm-way-1288810133","geometry":{"type":"Point","coordinates":[10.296789,59.609798]},"properties":{"name":"Strand","description":"Underlag: ground","source":"OpenStreetMap"}},{"type":"Feature","id":"beach-osm-way-1297383757","geometry":{"type":"Point","coordinates":[8.410332,63.512099]},"properties":{"name":"Strand","description":"Underlag: sand","source":"OpenStreetMap"}},{"type":"Feature","id":"beach-osm-way-1297686326","geometry":{"type":"Point","coordinates":[8.751413,63.701176]},"properties":{"name":"Strand","description":"Underlag: sand","source":"OpenStreetMap"}},{"type":"Feature","id":"beach-osm-way-1297686327","geometry":{"type":"Point","coordinates":[8.752782,63.700618]},"properties":{"name":"Strand","description":"Underlag: sand","source":"OpenStreetMap"}},{"type":"Feature","id":"beach-osm-way-1298501550","geometry":{"type":"Point","coordinates":[9.325786,63.658681]},"properties":{"name":"Strand","description":"Underlag: sand","source":"OpenStreetMap"}},{"type":"Feature","id":"beach-osm-way-1299045110","geometry":{"type":"Point","coordinates":[8.085244,59.181777]},"properties":{"name":"Strand","description":"Underlag: sand","source":"OpenStreetMap"}},{"type":"Feature","id":"beach-osm-way-1299089261","geometry":{"type":"Point","coordinates":[10.705093,59.804227]},"properties":{"name":"Strand","description":"Underlag: pebblestone","source":"OpenStreetMap"}},{"type":"Feature","id":"beach-osm-way-1301608687","geometry":{"type":"Point","coordinates":[10.448174,64.328039]},"properties":{"name":"Strand","description":"Underlag: sand","source":"OpenStreetMap"}},{"type":"Feature","id":"beach-osm-way-1302278327","geometry":{"type":"Point","coordinates":[8.22805,63.383248]},"properties":{"name":"Strand","description":"Underlag: sand","source":"OpenStreetMap"}},{"type":"Feature","id":"beach-osm-way-1304406709","geometry":{"type":"Point","coordinates":[8.081876,59.183158]},"properties":{"name":"Strand","description":"Underlag: sand","source":"OpenStreetMap"}},{"type":"Feature","id":"beach-osm-way-1305536026","geometry":{"type":"Point","coordinates":[10.704675,59.800621]},"properties":{"name":"Strand","description":"Underlag: gravel","source":"OpenStreetMap"}},{"type":"Feature","id":"beach-osm-way-1305536031","geometry":{"type":"Point","coordinates":[10.704531,59.799487]},"properties":{"name":"Strand","description":"Underlag: gravel","source":"OpenStreetMap"}},{"type":"Feature","id":"beach-osm-way-1305536036","geometry":{"type":"Point","coordinates":[10.703965,59.797964]},"properties":{"name":"Strand","description":"Underlag: gravel","source":"OpenStreetMap"}},{"type":"Feature","id":"beach-osm-way-1305536037","geometry":{"type":"Point","coordinates":[10.703627,59.797397]},"properties":{"name":"Strand","description":"Underlag: gravel","source":"OpenStreetMap"}},{"type":"Feature","id":"beach-osm-way-1305536040","geometry":{"type":"Point","coordinates":[10.703563,59.796502]},"properties":{"name":"Strand","description":"Underlag: gravel","source":"OpenStreetMap"}},{"type":"Feature","id":"beach-osm-way-1305536045","geometry":{"type":"Point","coordinates":[10.703883,59.795503]},"properties":{"name":"Strand","description":"Underlag: gravel","source":"OpenStreetMap"}},{"type":"Feature","id":"beach-osm-way-1305581096","geometry":{"type":"Point","coordinates":[10.609569,59.687648]},"properties":{"name":"Strand","description":"Underlag: gravel","source":"OpenStreetMap"}},{"type":"Feature","id":"beach-osm-way-1305581101","geometry":{"type":"Point","coordinates":[10.609878,59.686289]},"properties":{"name":"Strand","description":"Underlag: gravel","source":"OpenStreetMap"}},{"type":"Feature","id":"beach-osm-way-1305581110","geometry":{"type":"Point","coordinates":[10.613471,59.684176]},"properties":{"name":"Strand","description":"Underlag: gravel","source":"OpenStreetMap"}},{"type":"Feature","id":"beach-osm-way-1307544040","geometry":{"type":"Point","coordinates":[11.054032,60.402238]},"properties":{"name":"Strand","description":"Underlag: fine_gravel","source":"OpenStreetMap"}},{"type":"Feature","id":"beach-osm-way-1308415836","geometry":{"type":"Point","coordinates":[10.58198,59.740252]},"properties":{"name":"Strand","description":"Underlag: pebblestone","source":"OpenStreetMap"}},{"type":"Feature","id":"beach-osm-way-1308806756","geometry":{"type":"Point","coordinates":[10.582646,59.745237]},"properties":{"name":"Strand","description":"Underlag: gravel","source":"OpenStreetMap"}},{"type":"Feature","id":"beach-osm-way-1310807744","geometry":{"type":"Point","coordinates":[7.854592,63.425016]},"properties":{"name":"Strand","description":"Underlag: sand","source":"OpenStreetMap"}},{"type":"Feature","id":"beach-osm-way-1334862660","geometry":{"type":"Point","coordinates":[6.81732,62.827807]},"properties":{"name":"Strand","description":"Underlag: sand","source":"OpenStreetMap"}},{"type":"Feature","id":"beach-osm-way-1340288269","geometry":{"type":"Point","coordinates":[9.405495,58.880055]},"properties":{"name":"Strand","description":"Underlag: sand","source":"OpenStreetMap"}},{"type":"Feature","id":"beach-osm-way-1341301016","geometry":{"type":"Point","coordinates":[18.031092,69.630356]},"properties":{"name":"Strand","description":"Underlag: sand","source":"OpenStreetMap"}},{"type":"Feature","id":"beach-osm-way-1341304904","geometry":{"type":"Point","coordinates":[18.034721,69.630982]},"properties":{"name":"Strand","description":"Underlag: sand","source":"OpenStreetMap"}},{"type":"Feature","id":"beach-osm-way-1341552698","geometry":{"type":"Point","coordinates":[8.955804,58.624399]},"properties":{"name":"Strand","description":"Underlag: sand","source":"OpenStreetMap"}},{"type":"Feature","id":"beach-osm-way-1342102519","geometry":{"type":"Point","coordinates":[8.737589,58.438274]},"properties":{"name":"Strand","description":"Underlag: sand","source":"OpenStreetMap"}},{"type":"Feature","id":"beach-osm-way-1347981976","geometry":{"type":"Point","coordinates":[9.999458,59.968863]},"properties":{"name":"Strand","description":"Underlag: sand","source":"OpenStreetMap"}},{"type":"Feature","id":"beach-osm-way-1348197607","geometry":{"type":"Point","coordinates":[10.701192,60.789493]},"properties":{"name":"Strand","description":"Underlag: sand","source":"OpenStreetMap"}},{"type":"Feature","id":"beach-osm-way-1366769764","geometry":{"type":"Point","coordinates":[7.986614,58.152314]},"properties":{"name":"Strand","description":"Underlag: paved","source":"OpenStreetMap"}},{"type":"Feature","id":"beach-osm-way-1369564491","geometry":{"type":"Point","coordinates":[10.668102,59.446236]},"properties":{"name":"Strand","description":"Underlag: gravel","source":"OpenStreetMap"}},{"type":"Feature","id":"beach-osm-way-1369564492","geometry":{"type":"Point","coordinates":[10.668773,59.447908]},"properties":{"name":"Strand","description":"Underlag: gravel","source":"OpenStreetMap"}},{"type":"Feature","id":"beach-osm-way-1369564493","geometry":{"type":"Point","coordinates":[10.668764,59.44853]},"properties":{"name":"Strand","description":"Underlag: sand","source":"OpenStreetMap"}},{"type":"Feature","id":"beach-osm-way-1369564495","geometry":{"type":"Point","coordinates":[10.66884,59.4491]},"properties":{"name":"Strand","description":"Underlag: sand","source":"OpenStreetMap"}},{"type":"Feature","id":"beach-osm-way-1369564497","geometry":{"type":"Point","coordinates":[10.669666,59.45102]},"properties":{"name":"Strand","description":"Underlag: gravel","source":"OpenStreetMap"}},{"type":"Feature","id":"beach-osm-way-1369564498","geometry":{"type":"Point","coordinates":[10.669875,59.452271]},"properties":{"name":"Strand","description":"Underlag: sand","source":"OpenStreetMap"}},{"type":"Feature","id":"beach-osm-way-1369564501","geometry":{"type":"Point","coordinates":[10.67064,59.453446]},"properties":{"name":"Strand","description":"Underlag: gravel","source":"OpenStreetMap"}},{"type":"Feature","id":"beach-osm-way-1369564502","geometry":{"type":"Point","coordinates":[10.67172,59.455171]},"properties":{"name":"Strand","description":"Underlag: gravel","source":"OpenStreetMap"}},{"type":"Feature","id":"beach-osm-way-1369564503","geometry":{"type":"Point","coordinates":[10.672429,59.456413]},"properties":{"name":"Strand","description":"Underlag: gravel","source":"OpenStreetMap"}},{"type":"Feature","id":"beach-osm-way-1375182844","geometry":{"type":"Point","coordinates":[10.678598,59.468351]},"properties":{"name":"Strand","description":"Underlag: sand","source":"OpenStreetMap"}},{"type":"Feature","id":"beach-osm-way-1375182845","geometry":{"type":"Point","coordinates":[10.678512,59.467462]},"properties":{"name":"Strand","description":"Underlag: gravel","source":"OpenStreetMap"}},{"type":"Feature","id":"beach-osm-way-1375182847","geometry":{"type":"Point","coordinates":[10.678091,59.466539]},"properties":{"name":"Strand","description":"Underlag: sand","source":"OpenStreetMap"}},{"type":"Feature","id":"beach-osm-way-1375182851","geometry":{"type":"Point","coordinates":[10.677293,59.465603]},"properties":{"name":"Strand","description":"Underlag: sand","source":"OpenStreetMap"}},{"type":"Feature","id":"beach-osm-way-1375182860","geometry":{"type":"Point","coordinates":[10.67595,59.463656]},"properties":{"name":"Strand","description":"Underlag: gravel","source":"OpenStreetMap"}},{"type":"Feature","id":"beach-osm-way-1375182864","geometry":{"type":"Point","coordinates":[10.674157,59.461412]},"properties":{"name":"Strand","description":"Underlag: gravel","source":"OpenStreetMap"}},{"type":"Feature","id":"beach-osm-way-1375182866","geometry":{"type":"Point","coordinates":[10.673598,59.460098]},"properties":{"name":"Strand","description":"Underlag: gravel","source":"OpenStreetMap"}},{"type":"Feature","id":"beach-osm-way-1375182868","geometry":{"type":"Point","coordinates":[10.673138,59.4594]},"properties":{"name":"Strand","description":"Underlag: gravel","source":"OpenStreetMap"}},{"type":"Feature","id":"beach-osm-way-1375182872","geometry":{"type":"Point","coordinates":[10.67254,59.458057]},"properties":{"name":"Strand","description":"Underlag: gravel","source":"OpenStreetMap"}},{"type":"Feature","id":"beach-osm-way-1375182874","geometry":{"type":"Point","coordinates":[10.672264,59.457438]},"properties":{"name":"Strand","description":"Underlag: sand","source":"OpenStreetMap"}},{"type":"Feature","id":"beach-osm-way-1391776919","geometry":{"type":"Point","coordinates":[8.77492,58.449045]},"properties":{"name":"Strand","description":"Underlag: sand","source":"OpenStreetMap"}},{"type":"Feature","id":"beach-osm-way-1395927829","geometry":{"type":"Point","coordinates":[10.637244,59.424699]},"properties":{"name":"Strand","description":"Underlag: gravel","source":"OpenStreetMap"}},{"type":"Feature","id":"beach-osm-way-1395927831","geometry":{"type":"Point","coordinates":[10.636404,59.423425]},"properties":{"name":"Strand","description":"Underlag: sand","source":"OpenStreetMap"}},{"type":"Feature","id":"beach-osm-way-1395949675","geometry":{"type":"Point","coordinates":[10.635699,59.422833]},"properties":{"name":"Strand","description":"Underlag: gravel","source":"OpenStreetMap"}},{"type":"Feature","id":"beach-osm-way-1414381246","geometry":{"type":"Point","coordinates":[7.017549,58.016894]},"properties":{"name":"Strand","description":"Underlag: sand","source":"OpenStreetMap"}},{"type":"Feature","id":"beach-osm-way-1416269181","geometry":{"type":"Point","coordinates":[12.0607,62.339601]},"properties":{"name":"Strand","source":"OpenStreetMap"}},{"type":"Feature","id":"beach-osm-way-1416344460","geometry":{"type":"Point","coordinates":[12.095954,62.420941]},"properties":{"name":"Strand","source":"OpenStreetMap"}},{"type":"Feature","id":"beach-osm-way-1420155347","geometry":{"type":"Point","coordinates":[11.096203,59.299511]},"properties":{"name":"Strand","description":"Underlag: sand","source":"OpenStreetMap"}},{"type":"Feature","id":"beach-osm-way-1420749812","geometry":{"type":"Point","coordinates":[13.713676,68.299377]},"properties":{"name":"Strand","description":"Underlag: sand","source":"OpenStreetMap"}},{"type":"Feature","id":"beach-osm-way-1421271296","geometry":{"type":"Point","coordinates":[9.166456,63.664173]},"properties":{"name":"Strand","description":"Underlag: sand","source":"OpenStreetMap"}},{"type":"Feature","id":"beach-osm-way-1422868235","geometry":{"type":"Point","coordinates":[5.230588,60.507126]},"properties":{"name":"Strand","description":"Underlag: sand","source":"OpenStreetMap"}},{"type":"Feature","id":"beach-osm-way-1428223104","geometry":{"type":"Point","coordinates":[12.210871,65.462472]},"properties":{"name":"Strand","description":"Underlag: gravel","source":"OpenStreetMap"}},{"type":"Feature","id":"beach-osm-way-1435898368","geometry":{"type":"Point","coordinates":[10.662996,59.460415]},"properties":{"name":"Strand","description":"Underlag: gravel","source":"OpenStreetMap"}},{"type":"Feature","id":"beach-osm-way-1437005516","geometry":{"type":"Point","coordinates":[10.591137,59.889591]},"properties":{"name":"Strand","description":"Underlag: sand","source":"OpenStreetMap"}},{"type":"Feature","id":"beach-osm-way-1437005518","geometry":{"type":"Point","coordinates":[10.58946,59.889224]},"properties":{"name":"Strand","description":"Underlag: sand","source":"OpenStreetMap"}},{"type":"Feature","id":"beach-osm-way-1437005530","geometry":{"type":"Point","coordinates":[10.59039,59.889947]},"properties":{"name":"Strand","description":"Underlag: sand","source":"OpenStreetMap"}},{"type":"Feature","id":"beach-osm-way-1437005538","geometry":{"type":"Point","coordinates":[10.586902,59.888565]},"properties":{"name":"Strand","description":"Underlag: gravel","source":"OpenStreetMap"}},{"type":"Feature","id":"beach-osm-way-1446953298","geometry":{"type":"Point","coordinates":[10.913207,59.902447]},"properties":{"name":"Strand","description":"Underlag: grass","source":"OpenStreetMap"}},{"type":"Feature","id":"beach-osm-way-1447343128","geometry":{"type":"Point","coordinates":[10.432811,59.670771]},"properties":{"name":"Strand","description":"Underlag: sand","source":"OpenStreetMap"}},{"type":"Feature","id":"beach-osm-way-1447343130","geometry":{"type":"Point","coordinates":[10.433464,59.670365]},"properties":{"name":"Strand","description":"Underlag: sand","source":"OpenStreetMap"}},{"type":"Feature","id":"beach-osm-way-1449674890","geometry":{"type":"Point","coordinates":[9.778343,60.127713]},"properties":{"name":"Strand","description":"Underlag: sand","source":"OpenStreetMap"}},{"type":"Feature","id":"beach-osm-way-1450313109","geometry":{"type":"Point","coordinates":[9.41245,58.878333]},"properties":{"name":"Strand","description":"Underlag: sand","source":"OpenStreetMap"}},{"type":"Feature","id":"beach-osm-way-1450881475","geometry":{"type":"Point","coordinates":[10.685957,59.47942]},"properties":{"name":"Strand","description":"Underlag: sand","source":"OpenStreetMap"}},{"type":"Feature","id":"beach-osm-way-1451306975","geometry":{"type":"Point","coordinates":[10.689023,59.483084]},"properties":{"name":"Strand","description":"Underlag: sand","source":"OpenStreetMap"}},{"type":"Feature","id":"beach-osm-way-1451306978","geometry":{"type":"Point","coordinates":[10.688876,59.481917]},"properties":{"name":"Strand","description":"Underlag: gravel","source":"OpenStreetMap"}},{"type":"Feature","id":"beach-osm-way-1458489600","geometry":{"type":"Point","coordinates":[11.761998,65.621982]},"properties":{"name":"Strand","description":"Underlag: gravel","source":"OpenStreetMap"}},{"type":"Feature","id":"beach-osm-way-1473634700","geometry":{"type":"Point","coordinates":[10.129244,59.71965]},"properties":{"name":"Strand","description":"Underlag: grass","source":"OpenStreetMap"}},{"type":"Feature","id":"beach-osm-way-1479857186","geometry":{"type":"Point","coordinates":[18.894151,69.678526]},"properties":{"name":"Strand","description":"Underlag: pebblestone","source":"OpenStreetMap"}},{"type":"Feature","id":"beach-osm-way-1479857188","geometry":{"type":"Point","coordinates":[18.898185,69.678308]},"properties":{"name":"Strand","description":"Underlag: sand","source":"OpenStreetMap"}},{"type":"Feature","id":"beach-osm-way-1480022171","geometry":{"type":"Point","coordinates":[10.700352,59.81432]},"properties":{"name":"Strand","description":"Underlag: pebblestone","source":"OpenStreetMap"}},{"type":"Feature","id":"beach-osm-way-1480367900","geometry":{"type":"Point","coordinates":[10.597317,59.882549]},"properties":{"name":"Strand","description":"Underlag: sand","source":"OpenStreetMap"}},{"type":"Feature","id":"beach-osm-way-1480750157","geometry":{"type":"Point","coordinates":[18.840856,69.639864]},"properties":{"name":"Strand","description":"Underlag: sand","source":"OpenStreetMap"}},{"type":"Feature","id":"beach-osm-way-1480750159","geometry":{"type":"Point","coordinates":[18.84022,69.642007]},"properties":{"name":"Strand","description":"Underlag: sand","source":"OpenStreetMap"}},{"type":"Feature","id":"beach-osm-way-1480750165","geometry":{"type":"Point","coordinates":[18.84676,69.640545]},"properties":{"name":"Strand","description":"Underlag: sand","source":"OpenStreetMap"}},{"type":"Feature","id":"beach-osm-way-1480750166","geometry":{"type":"Point","coordinates":[18.839889,69.643104]},"properties":{"name":"Strand","description":"Underlag: sand","source":"OpenStreetMap"}},{"type":"Feature","id":"beach-osm-way-1480750173","geometry":{"type":"Point","coordinates":[18.850294,69.628323]},"properties":{"name":"Strand","description":"Underlag: sand","source":"OpenStreetMap"}},{"type":"Feature","id":"beach-osm-way-1480750176","geometry":{"type":"Point","coordinates":[18.852796,69.635303]},"properties":{"name":"Strand","description":"Underlag: sand","source":"OpenStreetMap"}},{"type":"Feature","id":"beach-osm-way-1481394674","geometry":{"type":"Point","coordinates":[10.697827,59.825011]},"properties":{"name":"Strand","description":"Underlag: pebblestone","source":"OpenStreetMap"}},{"type":"Feature","id":"beach-osm-way-1483062871","geometry":{"type":"Point","coordinates":[9.742114,59.018763]},"properties":{"name":"Strand","description":"Underlag: sand","source":"OpenStreetMap"}},{"type":"Feature","id":"beach-osm-way-1483062908","geometry":{"type":"Point","coordinates":[9.72671,59.028838]},"properties":{"name":"Strand","description":"Underlag: sand","source":"OpenStreetMap"}},{"type":"Feature","id":"beach-osm-way-1483399976","geometry":{"type":"Point","coordinates":[9.707156,59.052987]},"properties":{"name":"Strand","description":"Underlag: sand","source":"OpenStreetMap"}},{"type":"Feature","id":"beach-osm-way-1485718766","geometry":{"type":"Point","coordinates":[9.294318,63.572983]},"properties":{"name":"Strand","description":"Underlag: sand","source":"OpenStreetMap"}},{"type":"Feature","id":"beach-osm-way-1485718767","geometry":{"type":"Point","coordinates":[9.309881,63.580212]},"properties":{"name":"Strand","description":"Underlag: sand","source":"OpenStreetMap"}},{"type":"Feature","id":"beach-osm-way-1485718768","geometry":{"type":"Point","coordinates":[9.291494,63.568223]},"properties":{"name":"Strand","description":"Underlag: sand","source":"OpenStreetMap"}},{"type":"Feature","id":"beach-osm-way-1485718801","geometry":{"type":"Point","coordinates":[9.338987,63.584429]},"properties":{"name":"Strand","description":"Underlag: sand","source":"OpenStreetMap"}},{"type":"Feature","id":"beach-osm-way-1485718804","geometry":{"type":"Point","coordinates":[9.333676,63.584445]},"properties":{"name":"Strand","description":"Underlag: gravel","source":"OpenStreetMap"}},{"type":"Feature","id":"beach-osm-way-1485718830","geometry":{"type":"Point","coordinates":[9.30119,63.565612]},"properties":{"name":"Strand","description":"Underlag: gravel","source":"OpenStreetMap"}},{"type":"Feature","id":"beach-osm-way-1485718831","geometry":{"type":"Point","coordinates":[9.29761,63.566154]},"properties":{"name":"Strand","description":"Underlag: gravel","source":"OpenStreetMap"}},{"type":"Feature","id":"beach-osm-way-1486007149","geometry":{"type":"Point","coordinates":[9.342249,63.586024]},"properties":{"name":"Strand","description":"Underlag: sand","source":"OpenStreetMap"}},{"type":"Feature","id":"beach-osm-way-1486007165","geometry":{"type":"Point","coordinates":[9.369009,63.585039]},"properties":{"name":"Strand","description":"Underlag: sand","source":"OpenStreetMap"}},{"type":"Feature","id":"beach-osm-way-1486517888","geometry":{"type":"Point","coordinates":[9.29216,63.568688]},"properties":{"name":"Strand","description":"Underlag: sand","source":"OpenStreetMap"}},{"type":"Feature","id":"beach-osm-way-1488538321","geometry":{"type":"Point","coordinates":[9.38669,63.592804]},"properties":{"name":"Strand","description":"Underlag: sand","source":"OpenStreetMap"}},{"type":"Feature","id":"beach-osm-way-1488538377","geometry":{"type":"Point","coordinates":[9.397286,63.593044]},"properties":{"name":"Strand","description":"Underlag: gravel","source":"OpenStreetMap"}},{"type":"Feature","id":"beach-osm-way-1488556766","geometry":{"type":"Point","coordinates":[10.619688,59.687477]},"properties":{"name":"Strand","description":"Underlag: pebblestone","source":"OpenStreetMap"}},{"type":"Feature","id":"beach-osm-way-1488761984","geometry":{"type":"Point","coordinates":[10.620117,59.424353]},"properties":{"name":"Strand","description":"Underlag: sand","source":"OpenStreetMap"}},{"type":"Feature","id":"beach-osm-way-1488830900","geometry":{"type":"Point","coordinates":[10.604179,59.69435]},"properties":{"name":"Strand","description":"Underlag: pebblestone","source":"OpenStreetMap"}},{"type":"Feature","id":"beach-osm-way-1491148986","geometry":{"type":"Point","coordinates":[10.611374,59.421752]},"properties":{"name":"Strand","description":"Underlag: sand","source":"OpenStreetMap"}},{"type":"Feature","id":"beach-osm-way-1491758017","geometry":{"type":"Point","coordinates":[17.537072,68.547117]},"properties":{"name":"Strand","description":"Underlag: sand","source":"OpenStreetMap"}},{"type":"Feature","id":"beach-osm-way-1493583973","geometry":{"type":"Point","coordinates":[10.605799,59.418519]},"properties":{"name":"Strand","description":"Underlag: gravel","source":"OpenStreetMap"}},{"type":"Feature","id":"beach-osm-way-1494520368","geometry":{"type":"Point","coordinates":[10.591468,59.417528]},"properties":{"name":"Strand","description":"Underlag: gravel","source":"OpenStreetMap"}},{"type":"Feature","id":"beach-osm-way-1497953217","geometry":{"type":"Point","coordinates":[5.845214,60.02632]},"properties":{"name":"Strand","description":"Underlag: sand","source":"OpenStreetMap"}},{"type":"Feature","id":"beach-osm-way-1498698360","geometry":{"type":"Point","coordinates":[10.604934,59.440289]},"properties":{"name":"Strand","description":"Underlag: gravel","source":"OpenStreetMap"}},{"type":"Feature","id":"beach-osm-way-1498698367","geometry":{"type":"Point","coordinates":[10.602915,59.440575]},"properties":{"name":"Strand","description":"Underlag: gravel","source":"OpenStreetMap"}},{"type":"Feature","id":"beach-osm-way-1498698368","geometry":{"type":"Point","coordinates":[10.600604,59.439968]},"properties":{"name":"Strand","description":"Underlag: gravel","source":"OpenStreetMap"}},{"type":"Feature","id":"beach-osm-way-1499024449","geometry":{"type":"Point","coordinates":[10.421532,59.557259]},"properties":{"name":"Strand","description":"Underlag: sand","source":"OpenStreetMap"}},{"type":"Feature","id":"beach-osm-way-1513385304","geometry":{"type":"Point","coordinates":[10.618036,59.456121]},"properties":{"name":"Strand","description":"Underlag: gravel","source":"OpenStreetMap"}},{"type":"Feature","id":"beach-osm-way-1513385312","geometry":{"type":"Point","coordinates":[10.616777,59.450411]},"properties":{"name":"Strand","description":"Underlag: gravel","source":"OpenStreetMap"}},{"type":"Feature","id":"beach-osm-relation-1438904","geometry":{"type":"Point","coordinates":[9.695962,59.078851]},"properties":{"name":"Strand","source":"OpenStreetMap"}},{"type":"Feature","id":"beach-osm-relation-2563088","geometry":{"type":"Point","coordinates":[5.499324,58.983316]},"properties":{"name":"Strand","source":"OpenStreetMap"}},{"type":"Feature","id":"beach-osm-relation-3881245","geometry":{"type":"Point","coordinates":[13.501138,66.738106]},"properties":{"name":"Strand","source":"OpenStreetMap"}},{"type":"Feature","id":"beach-osm-relation-4430439","geometry":{"type":"Point","coordinates":[9.753562,59.023947]},"properties":{"name":"Strand","source":"OpenStreetMap"}},{"type":"Feature","id":"beach-osm-relation-4766992","geometry":{"type":"Point","coordinates":[11.885282,62.910045]},"properties":{"name":"Strand","source":"OpenStreetMap"}},{"type":"Feature","id":"beach-osm-relation-4766993","geometry":{"type":"Point","coordinates":[11.888147,62.906255]},"properties":{"name":"Strand","source":"OpenStreetMap"}},{"type":"Feature","id":"beach-osm-relation-4793255","geometry":{"type":"Point","coordinates":[8.996747,58.572006]},"properties":{"name":"Strand","source":"OpenStreetMap"}},{"type":"Feature","id":"beach-osm-relation-4807725","geometry":{"type":"Point","coordinates":[11.312624,63.053443]},"properties":{"name":"Strand","source":"OpenStreetMap"}},{"type":"Feature","id":"beach-osm-relation-4841422","geometry":{"type":"Point","coordinates":[8.457912,62.91569]},"properties":{"name":"Strand","source":"OpenStreetMap"}},{"type":"Feature","id":"beach-osm-relation-5265215","geometry":{"type":"Point","coordinates":[10.322584,63.394837]},"properties":{"name":"Strand","source":"OpenStreetMap"}},{"type":"Feature","id":"beach-osm-relation-5301153","geometry":{"type":"Point","coordinates":[14.106615,68.339563]},"properties":{"name":"Strand","source":"OpenStreetMap"}},{"type":"Feature","id":"beach-osm-relation-5314625","geometry":{"type":"Point","coordinates":[14.34203,68.342024]},"properties":{"name":"Strand","source":"OpenStreetMap"}},{"type":"Feature","id":"beach-osm-relation-5314627","geometry":{"type":"Point","coordinates":[14.338412,68.18923]},"properties":{"name":"Strand","source":"OpenStreetMap"}},{"type":"Feature","id":"beach-osm-relation-5421995","geometry":{"type":"Point","coordinates":[11.778642,62.004507]},"properties":{"name":"Strand","source":"OpenStreetMap"}},{"type":"Feature","id":"beach-osm-relation-5422052","geometry":{"type":"Point","coordinates":[11.795418,61.97781]},"properties":{"name":"Strand","source":"OpenStreetMap"}},{"type":"Feature","id":"beach-osm-relation-5574840","geometry":{"type":"Point","coordinates":[12.696178,67.673645]},"properties":{"name":"Strand","source":"OpenStreetMap"}},{"type":"Feature","id":"beach-osm-relation-5596836","geometry":{"type":"Point","coordinates":[13.690012,68.308768]},"properties":{"name":"Strand","source":"OpenStreetMap"}},{"type":"Feature","id":"beach-osm-relation-5596838","geometry":{"type":"Point","coordinates":[13.682919,68.310139]},"properties":{"name":"Strand","source":"OpenStreetMap"}},{"type":"Feature","id":"beach-osm-relation-5597068","geometry":{"type":"Point","coordinates":[12.837726,67.85654]},"properties":{"name":"Strand","source":"OpenStreetMap"}},{"type":"Feature","id":"beach-osm-relation-5597069","geometry":{"type":"Point","coordinates":[13.319156,68.104525]},"properties":{"name":"Strand","source":"OpenStreetMap"}},{"type":"Feature","id":"beach-osm-relation-5597070","geometry":{"type":"Point","coordinates":[12.845805,67.85685]},"properties":{"name":"Strand","source":"OpenStreetMap"}},{"type":"Feature","id":"beach-osm-relation-5597072","geometry":{"type":"Point","coordinates":[12.847214,67.847418]},"properties":{"name":"Strand","source":"OpenStreetMap"}},{"type":"Feature","id":"beach-osm-relation-5597073","geometry":{"type":"Point","coordinates":[13.164872,68.099658]},"properties":{"name":"Strand","source":"OpenStreetMap"}},{"type":"Feature","id":"beach-osm-relation-5597074","geometry":{"type":"Point","coordinates":[12.659531,67.685675]},"properties":{"name":"Strand","source":"OpenStreetMap"}},{"type":"Feature","id":"beach-osm-relation-5597075","geometry":{"type":"Point","coordinates":[13.315176,68.104803]},"properties":{"name":"Strand","source":"OpenStreetMap"}},{"type":"Feature","id":"beach-osm-relation-5597076","geometry":{"type":"Point","coordinates":[13.304332,68.109643]},"properties":{"name":"Strand","source":"OpenStreetMap"}},{"type":"Feature","id":"beach-osm-relation-5693636","geometry":{"type":"Point","coordinates":[5.048939,61.595614]},"properties":{"name":"Strand","source":"OpenStreetMap"}},{"type":"Feature","id":"beach-osm-relation-6114251","geometry":{"type":"Point","coordinates":[5.261278,60.390648]},"properties":{"name":"Strand","source":"OpenStreetMap"}},{"type":"Feature","id":"beach-osm-relation-6279778","geometry":{"type":"Point","coordinates":[5.134876,60.350494]},"properties":{"name":"Strand","source":"OpenStreetMap"}},{"type":"Feature","id":"beach-osm-relation-6279876","geometry":{"type":"Point","coordinates":[5.059324,60.375793]},"properties":{"name":"Strand","source":"OpenStreetMap"}},{"type":"Feature","id":"beach-osm-relation-6365293","geometry":{"type":"Point","coordinates":[18.089478,69.614592]},"properties":{"name":"Strand","source":"OpenStreetMap"}},{"type":"Feature","id":"beach-osm-relation-7287606","geometry":{"type":"Point","coordinates":[5.913504,58.456565]},"properties":{"name":"Strand","source":"OpenStreetMap"}},{"type":"Feature","id":"beach-osm-relation-7353627","geometry":{"type":"Point","coordinates":[6.177805,62.680805]},"properties":{"name":"Strand","source":"OpenStreetMap"}},{"type":"Feature","id":"beach-osm-relation-7511083","geometry":{"type":"Point","coordinates":[14.629406,67.542368]},"properties":{"name":"Strand","source":"OpenStreetMap"}},{"type":"Feature","id":"beach-osm-relation-7535982","geometry":{"type":"Point","coordinates":[14.30012,67.288252]},"properties":{"name":"Strand","source":"OpenStreetMap"}},{"type":"Feature","id":"beach-osm-relation-7535983","geometry":{"type":"Point","coordinates":[14.294587,67.288234]},"properties":{"name":"Strand","source":"OpenStreetMap"}},{"type":"Feature","id":"beach-osm-relation-7535984","geometry":{"type":"Point","coordinates":[14.2965,67.285651]},"properties":{"name":"Strand","source":"OpenStreetMap"}},{"type":"Feature","id":"beach-osm-relation-7535985","geometry":{"type":"Point","coordinates":[14.291446,67.285134]},"properties":{"name":"Strand","source":"OpenStreetMap"}},{"type":"Feature","id":"beach-osm-relation-7809585","geometry":{"type":"Point","coordinates":[15.99502,68.264492]},"properties":{"name":"Strand","source":"OpenStreetMap"}},{"type":"Feature","id":"beach-osm-relation-7809586","geometry":{"type":"Point","coordinates":[15.987561,68.263702]},"properties":{"name":"Strand","source":"OpenStreetMap"}},{"type":"Feature","id":"beach-osm-relation-7872893","geometry":{"type":"Point","coordinates":[14.761198,68.500116]},"properties":{"name":"Strand","source":"OpenStreetMap"}},{"type":"Feature","id":"beach-osm-relation-8134644","geometry":{"type":"Point","coordinates":[9.32296,58.852041]},"properties":{"name":"Strand","source":"OpenStreetMap"}},{"type":"Feature","id":"beach-osm-relation-8134650","geometry":{"type":"Point","coordinates":[9.314033,58.866262]},"properties":{"name":"Strand","source":"OpenStreetMap"}},{"type":"Feature","id":"beach-osm-relation-8134652","geometry":{"type":"Point","coordinates":[9.312888,58.865568]},"properties":{"name":"Strand","source":"OpenStreetMap"}},{"type":"Feature","id":"beach-osm-relation-8141917","geometry":{"type":"Point","coordinates":[9.371722,58.895522]},"properties":{"name":"Strand","source":"OpenStreetMap"}},{"type":"Feature","id":"beach-osm-relation-8141919","geometry":{"type":"Point","coordinates":[9.374542,58.884024]},"properties":{"name":"Strand","source":"OpenStreetMap"}},{"type":"Feature","id":"beach-osm-relation-8488646","geometry":{"type":"Point","coordinates":[12.026699,60.276142]},"properties":{"name":"Strand","source":"OpenStreetMap"}},{"type":"Feature","id":"beach-osm-relation-8659315","geometry":{"type":"Point","coordinates":[7.249056,61.302463]},"properties":{"name":"Strand","source":"OpenStreetMap"}},{"type":"Feature","id":"beach-osm-relation-8719777","geometry":{"type":"Point","coordinates":[11.780398,61.299942]},"properties":{"name":"Strand","source":"OpenStreetMap"}},{"type":"Feature","id":"beach-osm-relation-8775766","geometry":{"type":"Point","coordinates":[23.260296,69.120401]},"properties":{"name":"Strand","source":"OpenStreetMap"}},{"type":"Feature","id":"beach-osm-relation-8857320","geometry":{"type":"Point","coordinates":[15.274596,68.937842]},"properties":{"name":"Strand","source":"OpenStreetMap"}},{"type":"Feature","id":"beach-osm-relation-8867858","geometry":{"type":"Point","coordinates":[5.348641,62.04668]},"properties":{"name":"Strand","source":"OpenStreetMap"}},{"type":"Feature","id":"beach-osm-relation-8868035","geometry":{"type":"Point","coordinates":[5.160777,62.124062]},"properties":{"name":"Strand","source":"OpenStreetMap"}},{"type":"Feature","id":"beach-osm-relation-8868036","geometry":{"type":"Point","coordinates":[5.111271,62.165471]},"properties":{"name":"Strand","source":"OpenStreetMap"}},{"type":"Feature","id":"beach-osm-relation-9248530","geometry":{"type":"Point","coordinates":[26.662161,70.962888]},"properties":{"name":"Strand","source":"OpenStreetMap"}},{"type":"Feature","id":"beach-osm-relation-9248531","geometry":{"type":"Point","coordinates":[26.576753,70.95026]},"properties":{"name":"Strand","source":"OpenStreetMap"}},{"type":"Feature","id":"beach-osm-relation-9316725","geometry":{"type":"Point","coordinates":[12.062316,59.951551]},"properties":{"name":"Strand","source":"OpenStreetMap"}},{"type":"Feature","id":"beach-osm-relation-9316726","geometry":{"type":"Point","coordinates":[12.061131,59.964254]},"properties":{"name":"Strand","source":"OpenStreetMap"}},{"type":"Feature","id":"beach-osm-relation-9685856","geometry":{"type":"Point","coordinates":[11.79983,59.970343]},"properties":{"name":"Strand","source":"OpenStreetMap"}},{"type":"Feature","id":"beach-osm-relation-9690627","geometry":{"type":"Point","coordinates":[7.134947,62.611349]},"properties":{"name":"Strand","source":"OpenStreetMap"}},{"type":"Feature","id":"beach-osm-relation-9715304","geometry":{"type":"Point","coordinates":[9.851699,63.314711]},"properties":{"name":"Strand","source":"OpenStreetMap"}},{"type":"Feature","id":"beach-osm-relation-9715305","geometry":{"type":"Point","coordinates":[9.842375,63.307936]},"properties":{"name":"Strand","source":"OpenStreetMap"}},{"type":"Feature","id":"beach-osm-relation-9884518","geometry":{"type":"Point","coordinates":[21.209442,69.901995]},"properties":{"name":"Strand","source":"OpenStreetMap"}},{"type":"Feature","id":"beach-osm-relation-9884519","geometry":{"type":"Point","coordinates":[21.204529,69.900903]},"properties":{"name":"Strand","source":"OpenStreetMap"}},{"type":"Feature","id":"beach-osm-relation-10137261","geometry":{"type":"Point","coordinates":[7.017512,58.014574]},"properties":{"name":"Strand","source":"OpenStreetMap"}},{"type":"Feature","id":"beach-osm-relation-10919411","geometry":{"type":"Point","coordinates":[14.08848,64.475149]},"properties":{"name":"Strand","source":"OpenStreetMap"}},{"type":"Feature","id":"beach-osm-relation-11044610","geometry":{"type":"Point","coordinates":[23.125972,69.048015]},"properties":{"name":"Strand","source":"OpenStreetMap"}},{"type":"Feature","id":"beach-osm-relation-11044611","geometry":{"type":"Point","coordinates":[23.131931,69.048554]},"properties":{"name":"Strand","source":"OpenStreetMap"}},{"type":"Feature","id":"beach-osm-relation-11044743","geometry":{"type":"Point","coordinates":[23.096877,69.037613]},"properties":{"name":"Strand","source":"OpenStreetMap"}},{"type":"Feature","id":"beach-osm-relation-11044820","geometry":{"type":"Point","coordinates":[23.203893,69.063563]},"properties":{"name":"Strand","source":"OpenStreetMap"}},{"type":"Feature","id":"beach-osm-relation-11170501","geometry":{"type":"Point","coordinates":[5.790044,59.923099]},"properties":{"name":"Strand","source":"OpenStreetMap"}},{"type":"Feature","id":"beach-osm-relation-11277333","geometry":{"type":"Point","coordinates":[11.467773,60.790594]},"properties":{"name":"Strand","source":"OpenStreetMap"}},{"type":"Feature","id":"beach-osm-relation-11296106","geometry":{"type":"Point","coordinates":[7.430893,58.02372]},"properties":{"name":"Strand","source":"OpenStreetMap"}},{"type":"Feature","id":"beach-osm-relation-11583733","geometry":{"type":"Point","coordinates":[10.718672,59.863219]},"properties":{"name":"Strand","source":"OpenStreetMap"}},{"type":"Feature","id":"beach-osm-relation-11813293","geometry":{"type":"Point","coordinates":[10.491755,61.032897]},"properties":{"name":"Strand","source":"OpenStreetMap"}},{"type":"Feature","id":"beach-osm-relation-12006790","geometry":{"type":"Point","coordinates":[6.418181,60.6221]},"properties":{"name":"Strand","source":"OpenStreetMap"}},{"type":"Feature","id":"beach-osm-relation-12499067","geometry":{"type":"Point","coordinates":[5.620734,60.20328]},"properties":{"name":"Strand","source":"OpenStreetMap"}},{"type":"Feature","id":"beach-osm-relation-12612172","geometry":{"type":"Point","coordinates":[20.946426,70.034054]},"properties":{"name":"Strand","source":"OpenStreetMap"}},{"type":"Feature","id":"beach-osm-relation-12870532","geometry":{"type":"Point","coordinates":[6.806835,62.471918]},"properties":{"name":"Strand","source":"OpenStreetMap"}},{"type":"Feature","id":"beach-osm-relation-12927147","geometry":{"type":"Point","coordinates":[7.74213,61.847593]},"properties":{"name":"Strand","source":"OpenStreetMap"}},{"type":"Feature","id":"beach-osm-relation-13153715","geometry":{"type":"Point","coordinates":[5.817172,58.98387]},"properties":{"name":"Strand","source":"OpenStreetMap"}},{"type":"Feature","id":"beach-osm-relation-13153717","geometry":{"type":"Point","coordinates":[5.816067,58.984487]},"properties":{"name":"Strand","source":"OpenStreetMap"}},{"type":"Feature","id":"beach-osm-relation-13153797","geometry":{"type":"Point","coordinates":[5.809233,58.980443]},"properties":{"name":"Strand","source":"OpenStreetMap"}},{"type":"Feature","id":"beach-osm-relation-13390135","geometry":{"type":"Point","coordinates":[6.306696,61.047549]},"properties":{"name":"Strand","source":"OpenStreetMap"}},{"type":"Feature","id":"beach-osm-relation-13400464","geometry":{"type":"Point","coordinates":[6.773912,61.144856]},"properties":{"name":"Strand","source":"OpenStreetMap"}},{"type":"Feature","id":"beach-osm-relation-13404093","geometry":{"type":"Point","coordinates":[6.620358,61.143982]},"properties":{"name":"Strand","source":"OpenStreetMap"}},{"type":"Feature","id":"beach-osm-relation-14257146","geometry":{"type":"Point","coordinates":[9.951108,63.44817]},"properties":{"name":"Strand","source":"OpenStreetMap"}},{"type":"Feature","id":"beach-osm-relation-14316887","geometry":{"type":"Point","coordinates":[14.792268,67.469886]},"properties":{"name":"Strand","source":"OpenStreetMap"}},{"type":"Feature","id":"beach-osm-relation-14330801","geometry":{"type":"Point","coordinates":[6.581232,62.395763]},"properties":{"name":"Strand","source":"OpenStreetMap"}},{"type":"Feature","id":"beach-osm-relation-14969083","geometry":{"type":"Point","coordinates":[5.785248,58.967353]},"properties":{"name":"Strand","source":"OpenStreetMap"}},{"type":"Feature","id":"beach-osm-relation-14994044","geometry":{"type":"Point","coordinates":[30.730808,70.427771]},"properties":{"name":"Strand","source":"OpenStreetMap"}},{"type":"Feature","id":"beach-osm-relation-15479501","geometry":{"type":"Point","coordinates":[30.791883,69.789404]},"properties":{"name":"Strand","source":"OpenStreetMap"}},{"type":"Feature","id":"beach-osm-relation-15771920","geometry":{"type":"Point","coordinates":[17.957022,69.515826]},"properties":{"name":"Strand","source":"OpenStreetMap"}},{"type":"Feature","id":"beach-osm-relation-15796912","geometry":{"type":"Point","coordinates":[17.860064,69.564534]},"properties":{"name":"Strand","source":"OpenStreetMap"}},{"type":"Feature","id":"beach-osm-relation-15796928","geometry":{"type":"Point","coordinates":[17.849364,69.578329]},"properties":{"name":"Strand","source":"OpenStreetMap"}},{"type":"Feature","id":"beach-osm-relation-15796936","geometry":{"type":"Point","coordinates":[17.784477,69.533318]},"properties":{"name":"Strand","source":"OpenStreetMap"}},{"type":"Feature","id":"beach-osm-relation-15813453","geometry":{"type":"Point","coordinates":[8.713455,58.381239]},"properties":{"name":"Strand","source":"OpenStreetMap"}},{"type":"Feature","id":"beach-osm-relation-15823049","geometry":{"type":"Point","coordinates":[17.301587,69.416568]},"properties":{"name":"Strand","source":"OpenStreetMap"}},{"type":"Feature","id":"beach-osm-relation-15827522","geometry":{"type":"Point","coordinates":[16.9773,69.136948]},"properties":{"name":"Strand","source":"OpenStreetMap"}},{"type":"Feature","id":"beach-osm-relation-15876331","geometry":{"type":"Point","coordinates":[9.320455,59.30578]},"properties":{"name":"Strand","source":"OpenStreetMap"}},{"type":"Feature","id":"beach-osm-relation-16560546","geometry":{"type":"Point","coordinates":[5.752016,58.532839]},"properties":{"name":"Strand","source":"OpenStreetMap"}},{"type":"Feature","id":"beach-osm-relation-16560547","geometry":{"type":"Point","coordinates":[5.707618,58.535857]},"properties":{"name":"Strand","source":"OpenStreetMap"}},{"type":"Feature","id":"beach-osm-relation-16569374","geometry":{"type":"Point","coordinates":[5.60131,58.985496]},"properties":{"name":"Strand","source":"OpenStreetMap"}},{"type":"Feature","id":"beach-osm-relation-16569377","geometry":{"type":"Point","coordinates":[5.591527,59.021097]},"properties":{"name":"Strand","source":"OpenStreetMap"}},{"type":"Feature","id":"beach-osm-relation-16610913","geometry":{"type":"Point","coordinates":[11.784848,60.022712]},"properties":{"name":"Strand","source":"OpenStreetMap"}},{"type":"Feature","id":"beach-osm-relation-16642492","geometry":{"type":"Point","coordinates":[5.588656,58.912538]},"properties":{"name":"Strand","source":"OpenStreetMap"}},{"type":"Feature","id":"beach-osm-relation-16642495","geometry":{"type":"Point","coordinates":[5.603184,58.957389]},"properties":{"name":"Strand","source":"OpenStreetMap"}},{"type":"Feature","id":"beach-osm-relation-16761453","geometry":{"type":"Point","coordinates":[18.870074,69.840443]},"properties":{"name":"Strand","source":"OpenStreetMap"}},{"type":"Feature","id":"beach-osm-relation-16786049","geometry":{"type":"Point","coordinates":[7.468022,61.100477]},"properties":{"name":"Strand","source":"OpenStreetMap"}},{"type":"Feature","id":"beach-osm-relation-16786050","geometry":{"type":"Point","coordinates":[7.469384,61.101393]},"properties":{"name":"Strand","source":"OpenStreetMap"}},{"type":"Feature","id":"beach-osm-relation-16794871","geometry":{"type":"Point","coordinates":[5.264515,60.36556]},"properties":{"name":"Strand","source":"OpenStreetMap"}},{"type":"Feature","id":"beach-osm-relation-16945420","geometry":{"type":"Point","coordinates":[11.879418,62.917696]},"properties":{"name":"Strand","source":"OpenStreetMap"}},{"type":"Feature","id":"beach-osm-relation-17067061","geometry":{"type":"Point","coordinates":[7.212849,60.709555]},"properties":{"name":"Strand","source":"OpenStreetMap"}},{"type":"Feature","id":"beach-osm-relation-17170379","geometry":{"type":"Point","coordinates":[12.926301,67.882279]},"properties":{"name":"Strand","source":"OpenStreetMap"}},{"type":"Feature","id":"beach-osm-relation-17175243","geometry":{"type":"Point","coordinates":[13.744204,66.169138]},"properties":{"name":"Strand","source":"OpenStreetMap"}},{"type":"Feature","id":"beach-osm-relation-17214439","geometry":{"type":"Point","coordinates":[6.94486,59.286237]},"properties":{"name":"Strand","source":"OpenStreetMap"}},{"type":"Feature","id":"beach-osm-relation-17266237","geometry":{"type":"Point","coordinates":[18.939151,69.63914]},"properties":{"name":"Strand","source":"OpenStreetMap"}},{"type":"Feature","id":"beach-osm-relation-17356839","geometry":{"type":"Point","coordinates":[12.113458,59.991265]},"properties":{"name":"Strand","source":"OpenStreetMap"}},{"type":"Feature","id":"beach-osm-relation-17537736","geometry":{"type":"Point","coordinates":[8.469478,59.381887]},"properties":{"name":"Strand","source":"OpenStreetMap"}},{"type":"Feature","id":"beach-osm-relation-17537737","geometry":{"type":"Point","coordinates":[8.467863,59.38186]},"properties":{"name":"Strand","source":"OpenStreetMap"}},{"type":"Feature","id":"beach-osm-relation-17613869","geometry":{"type":"Point","coordinates":[4.96377,60.809022]},"properties":{"name":"Strand","source":"OpenStreetMap"}},{"type":"Feature","id":"beach-osm-relation-17781604","geometry":{"type":"Point","coordinates":[13.156077,68.104502]},"properties":{"name":"Strand","source":"OpenStreetMap"}},{"type":"Feature","id":"beach-osm-relation-17781608","geometry":{"type":"Point","coordinates":[12.859335,67.874735]},"properties":{"name":"Strand","source":"OpenStreetMap"}},{"type":"Feature","id":"beach-osm-relation-17889771","geometry":{"type":"Point","coordinates":[10.603878,59.651178]},"properties":{"name":"Strand","source":"OpenStreetMap"}},{"type":"Feature","id":"beach-osm-relation-17889772","geometry":{"type":"Point","coordinates":[10.603125,59.653764]},"properties":{"name":"Strand","source":"OpenStreetMap"}},{"type":"Feature","id":"beach-osm-relation-17917080","geometry":{"type":"Point","coordinates":[24.028945,69.358739]},"properties":{"name":"Strand","source":"OpenStreetMap"}},{"type":"Feature","id":"beach-osm-relation-17917081","geometry":{"type":"Point","coordinates":[24.021043,69.348497]},"properties":{"name":"Strand","source":"OpenStreetMap"}},{"type":"Feature","id":"beach-osm-relation-18296480","geometry":{"type":"Point","coordinates":[5.891032,58.88534]},"properties":{"name":"Strand","source":"OpenStreetMap"}},{"type":"Feature","id":"beach-osm-relation-18333539","geometry":{"type":"Point","coordinates":[5.779585,58.906134]},"properties":{"name":"Strand","source":"OpenStreetMap"}},{"type":"Feature","id":"beach-osm-relation-18350144","geometry":{"type":"Point","coordinates":[5.776992,58.810966]},"properties":{"name":"Strand","source":"OpenStreetMap"}},{"type":"Feature","id":"beach-osm-relation-18355255","geometry":{"type":"Point","coordinates":[5.736389,58.798564]},"properties":{"name":"Strand","source":"OpenStreetMap"}},{"type":"Feature","id":"beach-osm-relation-18383764","geometry":{"type":"Point","coordinates":[14.71048,68.167778]},"properties":{"name":"Strand","source":"OpenStreetMap"}},{"type":"Feature","id":"beach-osm-relation-18383767","geometry":{"type":"Point","coordinates":[14.702354,68.168094]},"properties":{"name":"Strand","source":"OpenStreetMap"}},{"type":"Feature","id":"beach-osm-relation-18383880","geometry":{"type":"Point","coordinates":[15.872468,69.251449]},"properties":{"name":"Strand","source":"OpenStreetMap"}},{"type":"Feature","id":"beach-osm-relation-18383881","geometry":{"type":"Point","coordinates":[15.940208,69.272317]},"properties":{"name":"Strand","source":"OpenStreetMap"}},{"type":"Feature","id":"beach-osm-relation-18430258","geometry":{"type":"Point","coordinates":[14.397974,68.329128]},"properties":{"name":"Strand","source":"OpenStreetMap"}},{"type":"Feature","id":"beach-osm-relation-18430264","geometry":{"type":"Point","coordinates":[15.150396,68.47835]},"properties":{"name":"Strand","source":"OpenStreetMap"}},{"type":"Feature","id":"beach-osm-relation-18430270","geometry":{"type":"Point","coordinates":[15.444505,68.721952]},"properties":{"name":"Strand","source":"OpenStreetMap"}},{"type":"Feature","id":"beach-osm-relation-18430271","geometry":{"type":"Point","coordinates":[15.107108,68.393445]},"properties":{"name":"Strand","source":"OpenStreetMap"}},{"type":"Feature","id":"beach-osm-relation-18538979","geometry":{"type":"Point","coordinates":[15.308482,68.018469]},"properties":{"name":"Strand","source":"OpenStreetMap"}},{"type":"Feature","id":"beach-osm-relation-18578580","geometry":{"type":"Point","coordinates":[17.230726,69.469229]},"properties":{"name":"Strand","source":"OpenStreetMap"}},{"type":"Feature","id":"beach-osm-relation-18578581","geometry":{"type":"Point","coordinates":[17.227376,69.466188]},"properties":{"name":"Strand","source":"OpenStreetMap"}},{"type":"Feature","id":"beach-osm-relation-18585671","geometry":{"type":"Point","coordinates":[15.916178,69.266147]},"properties":{"name":"Strand","source":"OpenStreetMap"}},{"type":"Feature","id":"beach-osm-relation-18585673","geometry":{"type":"Point","coordinates":[15.866726,69.233034]},"properties":{"name":"Strand","source":"OpenStreetMap"}},{"type":"Feature","id":"beach-osm-relation-18585766","geometry":{"type":"Point","coordinates":[15.670958,69.132545]},"properties":{"name":"Strand","source":"OpenStreetMap"}},{"type":"Feature","id":"beach-osm-relation-18585767","geometry":{"type":"Point","coordinates":[15.663509,69.129698]},"properties":{"name":"Strand","source":"OpenStreetMap"}},{"type":"Feature","id":"beach-osm-relation-18589830","geometry":{"type":"Point","coordinates":[15.567517,69.094834]},"properties":{"name":"Strand","source":"OpenStreetMap"}},{"type":"Feature","id":"beach-osm-relation-18589838","geometry":{"type":"Point","coordinates":[15.440019,68.970877]},"properties":{"name":"Strand","source":"OpenStreetMap"}},{"type":"Feature","id":"beach-osm-relation-18589842","geometry":{"type":"Point","coordinates":[15.41817,68.89826]},"properties":{"name":"Strand","source":"OpenStreetMap"}},{"type":"Feature","id":"beach-osm-relation-18594300","geometry":{"type":"Point","coordinates":[16.073557,69.308866]},"properties":{"name":"Strand","source":"OpenStreetMap"}},{"type":"Feature","id":"beach-osm-relation-18594327","geometry":{"type":"Point","coordinates":[15.945019,69.273006]},"properties":{"name":"Strand","source":"OpenStreetMap"}},{"type":"Feature","id":"beach-osm-relation-18611072","geometry":{"type":"Point","coordinates":[14.696501,68.170329]},"properties":{"name":"Strand","source":"OpenStreetMap"}},{"type":"Feature","id":"beach-osm-relation-18611081","geometry":{"type":"Point","coordinates":[14.11515,68.340331]},"properties":{"name":"Strand","source":"OpenStreetMap"}},{"type":"Feature","id":"beach-osm-relation-18948363","geometry":{"type":"Point","coordinates":[5.16546,59.814194]},"properties":{"name":"Strand","source":"OpenStreetMap"}},{"type":"Feature","id":"beach-osm-relation-18985631","geometry":{"type":"Point","coordinates":[5.840336,58.930163]},"properties":{"name":"Strand","source":"OpenStreetMap"}},{"type":"Feature","id":"beach-osm-relation-19096503","geometry":{"type":"Point","coordinates":[6.099759,58.641314]},"properties":{"name":"Strand","source":"OpenStreetMap"}},{"type":"Feature","id":"beach-osm-relation-19096571","geometry":{"type":"Point","coordinates":[5.775879,58.887292]},"properties":{"name":"Strand","source":"OpenStreetMap"}},{"type":"Feature","id":"beach-osm-relation-19168517","geometry":{"type":"Point","coordinates":[5.749114,58.923988]},"properties":{"name":"Strand","source":"OpenStreetMap"}},{"type":"Feature","id":"beach-osm-relation-19168524","geometry":{"type":"Point","coordinates":[5.748673,58.926856]},"properties":{"name":"Strand","source":"OpenStreetMap"}},{"type":"Feature","id":"beach-osm-relation-19168525","geometry":{"type":"Point","coordinates":[5.74789,58.925818]},"properties":{"name":"Strand","source":"OpenStreetMap"}},{"type":"Feature","id":"beach-osm-relation-19168527","geometry":{"type":"Point","coordinates":[5.745084,58.924307]},"properties":{"name":"Strand","source":"OpenStreetMap"}},{"type":"Feature","id":"beach-osm-relation-19265987","geometry":{"type":"Point","coordinates":[5.252491,59.883396]},"properties":{"name":"Strand","source":"OpenStreetMap"}},{"type":"Feature","id":"beach-osm-relation-19332972","geometry":{"type":"Point","coordinates":[14.470522,67.27301]},"properties":{"name":"Strand","source":"OpenStreetMap"}},{"type":"Feature","id":"beach-osm-relation-19348457","geometry":{"type":"Point","coordinates":[12.156086,63.659388]},"properties":{"name":"Strand","source":"OpenStreetMap"}},{"type":"Feature","id":"beach-osm-relation-19348458","geometry":{"type":"Point","coordinates":[12.220713,63.658325]},"properties":{"name":"Strand","source":"OpenStreetMap"}},{"type":"Feature","id":"beach-osm-relation-19348459","geometry":{"type":"Point","coordinates":[12.166469,63.655794]},"properties":{"name":"Strand","source":"OpenStreetMap"}},{"type":"Feature","id":"beach-osm-relation-19348833","geometry":{"type":"Point","coordinates":[12.236024,63.653768]},"properties":{"name":"Strand","source":"OpenStreetMap"}},{"type":"Feature","id":"beach-osm-relation-19348834","geometry":{"type":"Point","coordinates":[12.246206,63.661182]},"properties":{"name":"Strand","source":"OpenStreetMap"}},{"type":"Feature","id":"beach-osm-relation-19348836","geometry":{"type":"Point","coordinates":[12.244771,63.658856]},"properties":{"name":"Strand","source":"OpenStreetMap"}},{"type":"Feature","id":"beach-osm-relation-19371558","geometry":{"type":"Point","coordinates":[8.986846,59.376492]},"properties":{"name":"Strand","source":"OpenStreetMap"}},{"type":"Feature","id":"beach-osm-relation-19389942","geometry":{"type":"Point","coordinates":[13.313561,68.141491]},"properties":{"name":"Strand","source":"OpenStreetMap"}},{"type":"Feature","id":"beach-osm-relation-19470389","geometry":{"type":"Point","coordinates":[5.243268,59.873458]},"properties":{"name":"Strand","source":"OpenStreetMap"}},{"type":"Feature","id":"beach-osm-relation-19480671","geometry":{"type":"Point","coordinates":[5.244535,59.872803]},"properties":{"name":"Strand","source":"OpenStreetMap"}},{"type":"Feature","id":"beach-osm-relation-19553429","geometry":{"type":"Point","coordinates":[5.27085,59.864708]},"properties":{"name":"Strand","source":"OpenStreetMap"}},{"type":"Feature","id":"beach-osm-relation-19569187","geometry":{"type":"Point","coordinates":[5.268739,59.853908]},"properties":{"name":"Strand","source":"OpenStreetMap"}},{"type":"Feature","id":"beach-osm-relation-19598940","geometry":{"type":"Point","coordinates":[5.268127,59.85277]},"properties":{"name":"Strand","source":"OpenStreetMap"}},{"type":"Feature","id":"beach-osm-relation-19826553","geometry":{"type":"Point","coordinates":[6.172288,58.920866]},"properties":{"name":"Strand","source":"OpenStreetMap"}},{"type":"Feature","id":"beach-osm-relation-19826554","geometry":{"type":"Point","coordinates":[6.172397,58.92135]},"properties":{"name":"Strand","source":"OpenStreetMap"}},{"type":"Feature","id":"beach-osm-relation-19826555","geometry":{"type":"Point","coordinates":[6.172192,58.922122]},"properties":{"name":"Strand","source":"OpenStreetMap"}},{"type":"Feature","id":"beach-osm-relation-20109145","geometry":{"type":"Point","coordinates":[14.437364,68.653048]},"properties":{"name":"Strand","source":"OpenStreetMap"}},{"type":"Feature","id":"beach-osm-relation-20124485","geometry":{"type":"Point","coordinates":[12.099138,66.501595]},"properties":{"name":"Strand","source":"OpenStreetMap"}},{"type":"Feature","id":"beach-osm-relation-20124582","geometry":{"type":"Point","coordinates":[12.323764,66.372042]},"properties":{"name":"Strand","source":"OpenStreetMap"}},{"type":"Feature","id":"beach-osm-relation-20244529","geometry":{"type":"Point","coordinates":[5.214074,59.913954]},"properties":{"name":"Strand","source":"OpenStreetMap"}},{"type":"Feature","id":"beach-osm-relation-20407366","geometry":{"type":"Point","coordinates":[5.213878,59.929384]},"properties":{"name":"Strand","source":"OpenStreetMap"}},{"type":"Feature","id":"beach-osm-node-798876258","geometry":{"type":"Point","coordinates":[10.513098,59.733781]},"properties":{"name":"Strand","source":"OpenStreetMap"}},{"type":"Feature","id":"beach-osm-node-930835450","geometry":{"type":"Point","coordinates":[10.517286,59.85704]},"properties":{"name":"Strand","source":"OpenStreetMap"}},{"type":"Feature","id":"beach-osm-node-941754849","geometry":{"type":"Point","coordinates":[10.526131,59.874097]},"properties":{"name":"Strand","source":"OpenStreetMap"}},{"type":"Feature","id":"beach-osm-node-1389822722","geometry":{"type":"Point","coordinates":[11.528384,59.133887]},"properties":{"name":"Strand","source":"OpenStreetMap"}},{"type":"Feature","id":"beach-osm-node-1874148419","geometry":{"type":"Point","coordinates":[10.552842,60.389602]},"properties":{"name":"Strand","source":"OpenStreetMap"}},{"type":"Feature","id":"beach-osm-node-2054764539","geometry":{"type":"Point","coordinates":[11.080052,59.864715]},"properties":{"name":"Strand","source":"OpenStreetMap"}},{"type":"Feature","id":"beach-osm-node-2382037112","geometry":{"type":"Point","coordinates":[10.397673,59.832714]},"properties":{"name":"Strand","source":"OpenStreetMap"}},{"type":"Feature","id":"beach-osm-node-2402924708","geometry":{"type":"Point","coordinates":[14.598658,68.662265]},"properties":{"name":"Strand","source":"OpenStreetMap"}},{"type":"Feature","id":"beach-osm-node-2430587189","geometry":{"type":"Point","coordinates":[10.522993,60.273841]},"properties":{"name":"Strand","source":"OpenStreetMap"}},{"type":"Feature","id":"beach-osm-node-2444260754","geometry":{"type":"Point","coordinates":[11.207582,64.735069]},"properties":{"name":"Strand","source":"OpenStreetMap"}},{"type":"Feature","id":"beach-osm-node-2444260755","geometry":{"type":"Point","coordinates":[11.212657,64.734104]},"properties":{"name":"Strand","source":"OpenStreetMap"}},{"type":"Feature","id":"beach-osm-node-2533435251","geometry":{"type":"Point","coordinates":[10.387863,59.541598]},"properties":{"name":"Strand","source":"OpenStreetMap"}},{"type":"Feature","id":"beach-osm-node-2989631445","geometry":{"type":"Point","coordinates":[10.470034,59.239644]},"properties":{"name":"Strand","source":"OpenStreetMap"}},{"type":"Feature","id":"beach-osm-node-2989631446","geometry":{"type":"Point","coordinates":[10.468648,59.232902]},"properties":{"name":"Strand","source":"OpenStreetMap"}},{"type":"Feature","id":"beach-osm-node-3301177445","geometry":{"type":"Point","coordinates":[11.28195,63.759572]},"properties":{"name":"Strand","source":"OpenStreetMap"}},{"type":"Feature","id":"beach-osm-node-3301177446","geometry":{"type":"Point","coordinates":[11.22923,63.759601]},"properties":{"name":"Strand","source":"OpenStreetMap"}},{"type":"Feature","id":"beach-osm-node-3641996151","geometry":{"type":"Point","coordinates":[9.581949,60.384408]},"properties":{"name":"Strand","source":"OpenStreetMap"}},{"type":"Feature","id":"beach-osm-node-3664718073","geometry":{"type":"Point","coordinates":[13.952207,67.267675]},"properties":{"name":"Strand","source":"OpenStreetMap"}},{"type":"Feature","id":"beach-osm-node-3687075125","geometry":{"type":"Point","coordinates":[5.470782,59.253599]},"properties":{"name":"Strand","source":"OpenStreetMap"}},{"type":"Feature","id":"beach-osm-node-3695743431","geometry":{"type":"Point","coordinates":[12.684688,67.691737]},"properties":{"name":"Strand","source":"OpenStreetMap"}},{"type":"Feature","id":"beach-osm-node-3695758784","geometry":{"type":"Point","coordinates":[12.669989,67.688821]},"properties":{"name":"Strand","source":"OpenStreetMap"}},{"type":"Feature","id":"beach-osm-node-4080692235","geometry":{"type":"Point","coordinates":[10.171982,59.166078]},"properties":{"name":"Strand","source":"OpenStreetMap"}},{"type":"Feature","id":"beach-osm-node-4227223622","geometry":{"type":"Point","coordinates":[7.838518,58.049351]},"properties":{"name":"Strand","source":"OpenStreetMap"}},{"type":"Feature","id":"beach-osm-node-4227223623","geometry":{"type":"Point","coordinates":[7.840472,58.049954]},"properties":{"name":"Strand","source":"OpenStreetMap"}},{"type":"Feature","id":"beach-osm-node-4227223624","geometry":{"type":"Point","coordinates":[7.840128,58.050811]},"properties":{"name":"Strand","source":"OpenStreetMap"}},{"type":"Feature","id":"beach-osm-node-4227223625","geometry":{"type":"Point","coordinates":[7.845052,58.050855]},"properties":{"name":"Strand","source":"OpenStreetMap"}},{"type":"Feature","id":"beach-osm-node-4342854016","geometry":{"type":"Point","coordinates":[7.104839,61.225125]},"properties":{"name":"Strand","source":"OpenStreetMap"}},{"type":"Feature","id":"beach-osm-node-5009709650","geometry":{"type":"Point","coordinates":[9.067982,61.139876]},"properties":{"name":"Strand","source":"OpenStreetMap"}},{"type":"Feature","id":"beach-osm-node-5112820794","geometry":{"type":"Point","coordinates":[8.637144,59.602247]},"properties":{"name":"Strand","source":"OpenStreetMap"}},{"type":"Feature","id":"beach-osm-node-5882522653","geometry":{"type":"Point","coordinates":[11.463736,60.155597]},"properties":{"name":"Strand","source":"OpenStreetMap"}},{"type":"Feature","id":"beach-osm-node-6884604753","geometry":{"type":"Point","coordinates":[5.715379,61.507645]},"properties":{"name":"Strand","source":"OpenStreetMap"}},{"type":"Feature","id":"beach-osm-node-7141564377","geometry":{"type":"Point","coordinates":[10.239248,59.741669]},"properties":{"name":"Strand","source":"OpenStreetMap"}},{"type":"Feature","id":"beach-osm-node-7745438709","geometry":{"type":"Point","coordinates":[10.287518,59.802829]},"properties":{"name":"Strand","source":"OpenStreetMap"}},{"type":"Feature","id":"beach-osm-node-7842616914","geometry":{"type":"Point","coordinates":[8.081841,58.19041]},"properties":{"name":"Strand","source":"OpenStreetMap"}},{"type":"Feature","id":"beach-osm-node-8377988377","geometry":{"type":"Point","coordinates":[18.956266,69.698785]},"properties":{"name":"Strand","source":"OpenStreetMap"}},{"type":"Feature","id":"beach-osm-node-8393755376","geometry":{"type":"Point","coordinates":[9.904906,63.86706]},"properties":{"name":"Strand","source":"OpenStreetMap"}},{"type":"Feature","id":"beach-osm-node-8745933102","geometry":{"type":"Point","coordinates":[9.715788,59.072924]},"properties":{"name":"Strand","source":"OpenStreetMap"}},{"type":"Feature","id":"beach-osm-node-8745980252","geometry":{"type":"Point","coordinates":[9.716634,59.086643]},"properties":{"name":"Strand","source":"OpenStreetMap"}},{"type":"Feature","id":"beach-osm-node-8745980286","geometry":{"type":"Point","coordinates":[9.716661,59.08161]},"properties":{"name":"Strand","source":"OpenStreetMap"}},{"type":"Feature","id":"beach-osm-node-8745980291","geometry":{"type":"Point","coordinates":[9.716223,59.080839]},"properties":{"name":"Strand","source":"OpenStreetMap"}},{"type":"Feature","id":"beach-osm-node-8746808732","geometry":{"type":"Point","coordinates":[10.22894,59.035625]},"properties":{"name":"Strand","source":"OpenStreetMap"}},{"type":"Feature","id":"beach-osm-node-8792478903","geometry":{"type":"Point","coordinates":[5.156259,60.290225]},"properties":{"name":"Strand","source":"OpenStreetMap"}},{"type":"Feature","id":"beach-osm-node-8792650388","geometry":{"type":"Point","coordinates":[10.290832,59.086352]},"properties":{"name":"Strand","source":"OpenStreetMap"}},{"type":"Feature","id":"beach-osm-node-8792650450","geometry":{"type":"Point","coordinates":[10.299971,59.068426]},"properties":{"name":"Strand","source":"OpenStreetMap"}},{"type":"Feature","id":"beach-osm-node-8792650456","geometry":{"type":"Point","coordinates":[10.301907,59.067343]},"properties":{"name":"Strand","source":"OpenStreetMap"}},{"type":"Feature","id":"beach-osm-node-8792658219","geometry":{"type":"Point","coordinates":[10.286862,59.096034]},"properties":{"name":"Strand","source":"OpenStreetMap"}},{"type":"Feature","id":"beach-osm-node-8792658227","geometry":{"type":"Point","coordinates":[10.286716,59.09554]},"properties":{"name":"Strand","source":"OpenStreetMap"}},{"type":"Feature","id":"beach-osm-node-8872485057","geometry":{"type":"Point","coordinates":[9.09884,59.340246]},"properties":{"name":"Strand","source":"OpenStreetMap"}},{"type":"Feature","id":"beach-osm-node-8888379557","geometry":{"type":"Point","coordinates":[5.290345,60.520846]},"properties":{"name":"Strand","source":"OpenStreetMap"}},{"type":"Feature","id":"beach-osm-node-8920092208","geometry":{"type":"Point","coordinates":[10.740245,61.012424]},"properties":{"name":"Strand","source":"OpenStreetMap"}},{"type":"Feature","id":"beach-osm-node-8933276239","geometry":{"type":"Point","coordinates":[8.901515,59.421608]},"properties":{"name":"Strand","source":"OpenStreetMap"}},{"type":"Feature","id":"beach-osm-node-8933276249","geometry":{"type":"Point","coordinates":[8.902601,59.421482]},"properties":{"name":"Strand","source":"OpenStreetMap"}},{"type":"Feature","id":"beach-osm-node-8933276258","geometry":{"type":"Point","coordinates":[8.840625,59.440298]},"properties":{"name":"Strand","source":"OpenStreetMap"}},{"type":"Feature","id":"beach-osm-node-9044775937","geometry":{"type":"Point","coordinates":[5.390707,59.70657]},"properties":{"name":"Strand","source":"OpenStreetMap"}},{"type":"Feature","id":"beach-osm-node-9066249280","geometry":{"type":"Point","coordinates":[8.779639,58.479284]},"properties":{"name":"Strand","source":"OpenStreetMap"}},{"type":"Feature","id":"beach-osm-node-9124539886","geometry":{"type":"Point","coordinates":[12.072636,60.13786]},"properties":{"name":"Strand","source":"OpenStreetMap"}},{"type":"Feature","id":"beach-osm-node-9124539888","geometry":{"type":"Point","coordinates":[12.0536,60.162984]},"properties":{"name":"Strand","source":"OpenStreetMap"}},{"type":"Feature","id":"beach-osm-node-9124539890","geometry":{"type":"Point","coordinates":[11.979502,60.147638]},"properties":{"name":"Strand","source":"OpenStreetMap"}},{"type":"Feature","id":"beach-osm-node-9124539891","geometry":{"type":"Point","coordinates":[12.048928,60.122758]},"properties":{"name":"Strand","source":"OpenStreetMap"}},{"type":"Feature","id":"beach-osm-node-9290027748","geometry":{"type":"Point","coordinates":[5.539129,59.795584]},"properties":{"name":"Strand","source":"OpenStreetMap"}},{"type":"Feature","id":"beach-osm-node-9954860763","geometry":{"type":"Point","coordinates":[8.474657,59.147963]},"properties":{"name":"Strand","source":"OpenStreetMap"}},{"type":"Feature","id":"beach-osm-node-10025312439","geometry":{"type":"Point","coordinates":[10.216676,59.731994]},"properties":{"name":"Strand","source":"OpenStreetMap"}},{"type":"Feature","id":"beach-osm-node-10050632322","geometry":{"type":"Point","coordinates":[10.300329,59.733232]},"properties":{"name":"Strand","source":"OpenStreetMap"}},{"type":"Feature","id":"beach-osm-node-10766631451","geometry":{"type":"Point","coordinates":[9.370342,58.907405]},"properties":{"name":"Strand","source":"OpenStreetMap"}},{"type":"Feature","id":"beach-osm-node-10895593270","geometry":{"type":"Point","coordinates":[12.363908,66.37003]},"properties":{"name":"Strand","source":"OpenStreetMap"}},{"type":"Feature","id":"beach-osm-node-11056524764","geometry":{"type":"Point","coordinates":[16.730138,68.876152]},"properties":{"name":"Strand","source":"OpenStreetMap"}},{"type":"Feature","id":"beach-osm-node-11066937197","geometry":{"type":"Point","coordinates":[14.510422,67.307287]},"properties":{"name":"Strand","source":"OpenStreetMap"}},{"type":"Feature","id":"beach-osm-node-11071759125","geometry":{"type":"Point","coordinates":[10.625811,63.580584]},"properties":{"name":"Strand","source":"OpenStreetMap"}},{"type":"Feature","id":"beach-osm-node-11083712080","geometry":{"type":"Point","coordinates":[8.180755,60.525702]},"properties":{"name":"Strand","source":"OpenStreetMap"}},{"type":"Feature","id":"beach-osm-node-11093778679","geometry":{"type":"Point","coordinates":[7.214392,61.307945]},"properties":{"name":"Strand","source":"OpenStreetMap"}},{"type":"Feature","id":"beach-osm-node-11182609307","geometry":{"type":"Point","coordinates":[10.703104,63.595528]},"properties":{"name":"Strand","source":"OpenStreetMap"}},{"type":"Feature","id":"beach-osm-node-11241289158","geometry":{"type":"Point","coordinates":[9.292374,59.577133]},"properties":{"name":"Strand","source":"OpenStreetMap"}},{"type":"Feature","id":"beach-osm-node-11417485045","geometry":{"type":"Point","coordinates":[12.055932,60.162874]},"properties":{"name":"Strand","source":"OpenStreetMap"}},{"type":"Feature","id":"beach-osm-node-11417486227","geometry":{"type":"Point","coordinates":[12.057811,60.163792]},"properties":{"name":"Strand","source":"OpenStreetMap"}},{"type":"Feature","id":"beach-osm-node-11417531793","geometry":{"type":"Point","coordinates":[12.058578,60.171762]},"properties":{"name":"Strand","source":"OpenStreetMap"}},{"type":"Feature","id":"beach-osm-node-11417536769","geometry":{"type":"Point","coordinates":[12.060565,60.172455]},"properties":{"name":"Strand","source":"OpenStreetMap"}},{"type":"Feature","id":"beach-osm-node-12028828703","geometry":{"type":"Point","coordinates":[14.387269,68.334552]},"properties":{"name":"Strand","source":"OpenStreetMap"}},{"type":"Feature","id":"beach-osm-node-12065233027","geometry":{"type":"Point","coordinates":[16.792368,69.056265]},"properties":{"name":"Strand","source":"OpenStreetMap"}},{"type":"Feature","id":"beach-osm-node-12097556611","geometry":{"type":"Point","coordinates":[11.277196,63.7393]},"properties":{"name":"Strand","source":"OpenStreetMap"}},{"type":"Feature","id":"beach-osm-node-12299866073","geometry":{"type":"Point","coordinates":[12.558028,60.496468]},"properties":{"name":"Strand","source":"OpenStreetMap"}},{"type":"Feature","id":"beach-osm-node-12912099467","geometry":{"type":"Point","coordinates":[6.774548,58.491156]},"properties":{"name":"Strand","source":"OpenStreetMap"}},{"type":"Feature","id":"beach-osm-node-12951219388","geometry":{"type":"Point","coordinates":[5.680154,59.037426]},"properties":{"name":"Strand","source":"OpenStreetMap"}},{"type":"Feature","id":"beach-osm-node-12951248248","geometry":{"type":"Point","coordinates":[6.880963,58.902047]},"properties":{"name":"Strand","source":"OpenStreetMap"}},{"type":"Feature","id":"beach-osm-node-13017719822","geometry":{"type":"Point","coordinates":[9.584114,62.493867]},"properties":{"name":"Strand","source":"OpenStreetMap"}},{"type":"Feature","id":"beach-osm-node-13054309733","geometry":{"type":"Point","coordinates":[18.867503,69.754404]},"properties":{"name":"Strand","source":"OpenStreetMap"}},{"type":"Feature","id":"beach-osm-node-13063342547","geometry":{"type":"Point","coordinates":[12.107642,62.314856]},"properties":{"name":"Strand","source":"OpenStreetMap"}},{"type":"Feature","id":"beach-osm-node-13068164488","geometry":{"type":"Point","coordinates":[11.852831,62.654798]},"properties":{"name":"Strand","source":"OpenStreetMap"}},{"type":"Feature","id":"beach-osm-node-13068995447","geometry":{"type":"Point","coordinates":[11.646052,60.212072]},"properties":{"name":"Strand","source":"OpenStreetMap"}},{"type":"Feature","id":"beach-osm-node-13238978345","geometry":{"type":"Point","coordinates":[8.89206,58.506118]},"properties":{"name":"Strand","source":"OpenStreetMap"}},{"type":"Feature","id":"beach-osm-node-13245307524","geometry":{"type":"Point","coordinates":[11.140493,63.70542]},"properties":{"name":"Strand","source":"OpenStreetMap"}},{"type":"Feature","id":"beach-osm-node-13667786401","geometry":{"type":"Point","coordinates":[7.59784,61.491984]},"properties":{"name":"Strand","source":"OpenStreetMap"}},{"type":"Feature","id":"beach-osm-way-25819010","geometry":{"type":"Point","coordinates":[8.884508,60.953526]},"properties":{"name":"Strand","source":"OpenStreetMap"}},{"type":"Feature","id":"beach-osm-way-29467656","geometry":{"type":"Point","coordinates":[10.613687,59.422026]},"properties":{"name":"Strand","source":"OpenStreetMap"}},{"type":"Feature","id":"beach-osm-way-30155348","geometry":{"type":"Point","coordinates":[10.657847,59.422893]},"properties":{"name":"Strand","source":"OpenStreetMap"}},{"type":"Feature","id":"beach-osm-way-31767703","geometry":{"type":"Point","coordinates":[10.493359,59.807088]},"properties":{"name":"Strand","source":"OpenStreetMap"}},{"type":"Feature","id":"beach-osm-way-36038171","geometry":{"type":"Point","coordinates":[5.67297,58.941196]},"properties":{"name":"Strand","source":"OpenStreetMap"}},{"type":"Feature","id":"beach-osm-way-38101685","geometry":{"type":"Point","coordinates":[5.876651,59.943603]},"properties":{"name":"Strand","source":"OpenStreetMap"}},{"type":"Feature","id":"beach-osm-way-39177708","geometry":{"type":"Point","coordinates":[10.63632,59.969281]},"properties":{"name":"Strand","source":"OpenStreetMap"}},{"type":"Feature","id":"beach-osm-way-40551864","geometry":{"type":"Point","coordinates":[5.443903,59.419064]},"properties":{"name":"Strand","source":"OpenStreetMap"}},{"type":"Feature","id":"beach-osm-way-41850976","geometry":{"type":"Point","coordinates":[10.519069,59.858218]},"properties":{"name":"Strand","source":"OpenStreetMap"}},{"type":"Feature","id":"beach-osm-way-41850977","geometry":{"type":"Point","coordinates":[10.511765,59.861691]},"properties":{"name":"Strand","source":"OpenStreetMap"}},{"type":"Feature","id":"beach-osm-way-41850980","geometry":{"type":"Point","coordinates":[10.505194,59.870234]},"properties":{"name":"Strand","source":"OpenStreetMap"}},{"type":"Feature","id":"beach-osm-way-42860155","geometry":{"type":"Point","coordinates":[5.859066,59.932628]},"properties":{"name":"Strand","source":"OpenStreetMap"}},{"type":"Feature","id":"beach-osm-way-43089230","geometry":{"type":"Point","coordinates":[5.866298,59.935705]},"properties":{"name":"Strand","source":"OpenStreetMap"}},{"type":"Feature","id":"beach-osm-way-48757569","geometry":{"type":"Point","coordinates":[5.85578,59.930052]},"properties":{"name":"Strand","source":"OpenStreetMap"}},{"type":"Feature","id":"beach-osm-way-54557441","geometry":{"type":"Point","coordinates":[10.465692,59.224694]},"properties":{"name":"Strand","source":"OpenStreetMap"}},{"type":"Feature","id":"beach-osm-way-54557452","geometry":{"type":"Point","coordinates":[10.464822,59.224931]},"properties":{"name":"Strand","source":"OpenStreetMap"}},{"type":"Feature","id":"beach-osm-way-54563706","geometry":{"type":"Point","coordinates":[10.515429,59.293996]},"properties":{"name":"Strand","source":"OpenStreetMap"}},{"type":"Feature","id":"beach-osm-way-60231649","geometry":{"type":"Point","coordinates":[7.806933,58.673464]},"properties":{"name":"Strand","source":"OpenStreetMap"}},{"type":"Feature","id":"beach-osm-way-62086038","geometry":{"type":"Point","coordinates":[6.794033,58.057297]},"properties":{"name":"Strand","source":"OpenStreetMap"}},{"type":"Feature","id":"beach-osm-way-62091990","geometry":{"type":"Point","coordinates":[10.508231,59.866418]},"properties":{"name":"Strand","source":"OpenStreetMap"}},{"type":"Feature","id":"beach-osm-way-71383535","geometry":{"type":"Point","coordinates":[10.429337,59.56167]},"properties":{"name":"Strand","source":"OpenStreetMap"}},{"type":"Feature","id":"beach-osm-way-80602864","geometry":{"type":"Point","coordinates":[5.188047,59.252058]},"properties":{"name":"Strand","source":"OpenStreetMap"}},{"type":"Feature","id":"beach-osm-way-80602865","geometry":{"type":"Point","coordinates":[5.195164,59.246274]},"properties":{"name":"Strand","source":"OpenStreetMap"}},{"type":"Feature","id":"beach-osm-way-80602870","geometry":{"type":"Point","coordinates":[5.19123,59.251932]},"properties":{"name":"Strand","source":"OpenStreetMap"}},{"type":"Feature","id":"beach-osm-way-80602887","geometry":{"type":"Point","coordinates":[5.192377,59.244811]},"properties":{"name":"Strand","source":"OpenStreetMap"}},{"type":"Feature","id":"beach-osm-way-81339055","geometry":{"type":"Point","coordinates":[5.991725,58.869288]},"properties":{"name":"Strand","source":"OpenStreetMap"}},{"type":"Feature","id":"beach-osm-way-88212696","geometry":{"type":"Point","coordinates":[10.383608,63.451807]},"properties":{"name":"Strand","source":"OpenStreetMap"}},{"type":"Feature","id":"beach-osm-way-88212697","geometry":{"type":"Point","coordinates":[10.384309,63.450639]},"properties":{"name":"Strand","source":"OpenStreetMap"}},{"type":"Feature","id":"beach-osm-way-88525155","geometry":{"type":"Point","coordinates":[5.669127,58.94154]},"properties":{"name":"Strand","source":"OpenStreetMap"}},{"type":"Feature","id":"beach-osm-way-91897698","geometry":{"type":"Point","coordinates":[5.745946,58.865769]},"properties":{"name":"Strand","source":"OpenStreetMap"}},{"type":"Feature","id":"beach-osm-way-95896225","geometry":{"type":"Point","coordinates":[5.748378,58.97204]},"properties":{"name":"Strand","source":"OpenStreetMap"}},{"type":"Feature","id":"beach-osm-way-98741458","geometry":{"type":"Point","coordinates":[10.436036,63.451252]},"properties":{"name":"Strand","source":"OpenStreetMap"}},{"type":"Feature","id":"beach-osm-way-104510500","geometry":{"type":"Point","coordinates":[5.727212,58.858138]},"properties":{"name":"Strand","source":"OpenStreetMap"}},{"type":"Feature","id":"beach-osm-way-105407983","geometry":{"type":"Point","coordinates":[5.748793,58.982584]},"properties":{"name":"Strand","source":"OpenStreetMap"}},{"type":"Feature","id":"beach-osm-way-108059530","geometry":{"type":"Point","coordinates":[5.736826,58.922964]},"properties":{"name":"Strand","source":"OpenStreetMap"}},{"type":"Feature","id":"beach-osm-way-109861222","geometry":{"type":"Point","coordinates":[10.945943,59.202236]},"properties":{"name":"Strand","source":"OpenStreetMap"}},{"type":"Feature","id":"beach-osm-way-109973392","geometry":{"type":"Point","coordinates":[16.562738,68.821385]},"properties":{"name":"Strand","source":"OpenStreetMap"}},{"type":"Feature","id":"beach-osm-way-112412585","geometry":{"type":"Point","coordinates":[6.269456,58.766254]},"properties":{"name":"Strand","source":"OpenStreetMap"}},{"type":"Feature","id":"beach-osm-way-113796506","geometry":{"type":"Point","coordinates":[10.557367,59.871036]},"properties":{"name":"Strand","source":"OpenStreetMap"}},{"type":"Feature","id":"beach-osm-way-117006177","geometry":{"type":"Point","coordinates":[10.951352,59.168431]},"properties":{"name":"Strand","source":"OpenStreetMap"}},{"type":"Feature","id":"beach-osm-way-117265824","geometry":{"type":"Point","coordinates":[10.436164,59.583429]},"properties":{"name":"Strand","source":"OpenStreetMap"}},{"type":"Feature","id":"beach-osm-way-118345850","geometry":{"type":"Point","coordinates":[5.257025,59.421474]},"properties":{"name":"Strand","source":"OpenStreetMap"}},{"type":"Feature","id":"beach-osm-way-119398040","geometry":{"type":"Point","coordinates":[7.9059,58.218386]},"properties":{"name":"Strand","source":"OpenStreetMap"}},{"type":"Feature","id":"beach-osm-way-119398055","geometry":{"type":"Point","coordinates":[7.90508,58.223021]},"properties":{"name":"Strand","source":"OpenStreetMap"}},{"type":"Feature","id":"beach-osm-way-124982075","geometry":{"type":"Point","coordinates":[5.917681,58.455824]},"properties":{"name":"Strand","source":"OpenStreetMap"}},{"type":"Feature","id":"beach-osm-way-124982149","geometry":{"type":"Point","coordinates":[5.905561,58.466733]},"properties":{"name":"Strand","source":"OpenStreetMap"}},{"type":"Feature","id":"beach-osm-way-125000086","geometry":{"type":"Point","coordinates":[5.860275,58.479768]},"properties":{"name":"Strand","source":"OpenStreetMap"}},{"type":"Feature","id":"beach-osm-way-126080114","geometry":{"type":"Point","coordinates":[10.209629,59.7411]},"properties":{"name":"Strand","source":"OpenStreetMap"}},{"type":"Feature","id":"beach-osm-way-126292621","geometry":{"type":"Point","coordinates":[10.211498,59.740576]},"properties":{"name":"Strand","source":"OpenStreetMap"}},{"type":"Feature","id":"beach-osm-way-127436559","geometry":{"type":"Point","coordinates":[8.071314,58.198855]},"properties":{"name":"Strand","source":"OpenStreetMap"}},{"type":"Feature","id":"beach-osm-way-127439159","geometry":{"type":"Point","coordinates":[8.070068,58.201612]},"properties":{"name":"Strand","source":"OpenStreetMap"}},{"type":"Feature","id":"beach-osm-way-127440044","geometry":{"type":"Point","coordinates":[8.07069,58.199602]},"properties":{"name":"Strand","source":"OpenStreetMap"}},{"type":"Feature","id":"beach-osm-way-128192962","geometry":{"type":"Point","coordinates":[9.711506,59.110261]},"properties":{"name":"Strand","source":"OpenStreetMap"}},{"type":"Feature","id":"beach-osm-way-131476926","geometry":{"type":"Point","coordinates":[9.302632,58.889814]},"properties":{"name":"Strand","source":"OpenStreetMap"}},{"type":"Feature","id":"beach-osm-way-132979443","geometry":{"type":"Point","coordinates":[7.02088,58.026928]},"properties":{"name":"Strand","source":"OpenStreetMap"}},{"type":"Feature","id":"beach-osm-way-132999376","geometry":{"type":"Point","coordinates":[9.229785,58.915502]},"properties":{"name":"Strand","source":"OpenStreetMap"}},{"type":"Feature","id":"beach-osm-way-134922992","geometry":{"type":"Point","coordinates":[10.771946,59.871296]},"properties":{"name":"Strand","source":"OpenStreetMap"}},{"type":"Feature","id":"beach-osm-way-134923003","geometry":{"type":"Point","coordinates":[10.76853,59.86764]},"properties":{"name":"Strand","source":"OpenStreetMap"}},{"type":"Feature","id":"beach-osm-way-139433941","geometry":{"type":"Point","coordinates":[10.744713,59.890662]},"properties":{"name":"Strand","source":"OpenStreetMap"}},{"type":"Feature","id":"beach-osm-way-139433943","geometry":{"type":"Point","coordinates":[10.738286,59.887776]},"properties":{"name":"Strand","source":"OpenStreetMap"}},{"type":"Feature","id":"beach-osm-way-139433950","geometry":{"type":"Point","coordinates":[10.73786,59.889667]},"properties":{"name":"Strand","source":"OpenStreetMap"}},{"type":"Feature","id":"beach-osm-way-139433952","geometry":{"type":"Point","coordinates":[10.744369,59.88956]},"properties":{"name":"Strand","source":"OpenStreetMap"}},{"type":"Feature","id":"beach-osm-way-139433964","geometry":{"type":"Point","coordinates":[10.744237,59.891171]},"properties":{"name":"Strand","source":"OpenStreetMap"}},{"type":"Feature","id":"beach-osm-way-139433965","geometry":{"type":"Point","coordinates":[10.744636,59.890009]},"properties":{"name":"Strand","source":"OpenStreetMap"}},{"type":"Feature","id":"beach-osm-way-139433969","geometry":{"type":"Point","coordinates":[10.737264,59.887928]},"properties":{"name":"Strand","source":"OpenStreetMap"}},{"type":"Feature","id":"beach-osm-way-139433984","geometry":{"type":"Point","coordinates":[10.735096,59.887667]},"properties":{"name":"Strand","source":"OpenStreetMap"}},{"type":"Feature","id":"beach-osm-way-139433991","geometry":{"type":"Point","coordinates":[10.733658,59.888166]},"properties":{"name":"Strand","source":"OpenStreetMap"}},{"type":"Feature","id":"beach-osm-way-139434112","geometry":{"type":"Point","coordinates":[10.741861,59.888945]},"properties":{"name":"Strand","source":"OpenStreetMap"}},{"type":"Feature","id":"beach-osm-way-139434116","geometry":{"type":"Point","coordinates":[10.743363,59.891287]},"properties":{"name":"Strand","source":"OpenStreetMap"}},{"type":"Feature","id":"beach-osm-way-139434118","geometry":{"type":"Point","coordinates":[10.747789,59.8913]},"properties":{"name":"Strand","source":"OpenStreetMap"}},{"type":"Feature","id":"beach-osm-way-139434121","geometry":{"type":"Point","coordinates":[10.745898,59.890394]},"properties":{"name":"Strand","source":"OpenStreetMap"}},{"type":"Feature","id":"beach-osm-way-139434122","geometry":{"type":"Point","coordinates":[10.735375,59.888935]},"properties":{"name":"Strand","source":"OpenStreetMap"}},{"type":"Feature","id":"beach-osm-way-139891147","geometry":{"type":"Point","coordinates":[10.726263,59.852234]},"properties":{"name":"Strand","source":"OpenStreetMap"}},{"type":"Feature","id":"beach-osm-way-140007292","geometry":{"type":"Point","coordinates":[10.77623,59.869283]},"properties":{"name":"Strand","source":"OpenStreetMap"}},{"type":"Feature","id":"beach-osm-way-140306551","geometry":{"type":"Point","coordinates":[10.754416,59.873523]},"properties":{"name":"Strand","source":"OpenStreetMap"}},{"type":"Feature","id":"beach-osm-way-140429606","geometry":{"type":"Point","coordinates":[10.73862,59.893766]},"properties":{"name":"Strand","source":"OpenStreetMap"}},{"type":"Feature","id":"beach-osm-way-140429609","geometry":{"type":"Point","coordinates":[10.725061,59.894558]},"properties":{"name":"Strand","source":"OpenStreetMap"}},{"type":"Feature","id":"beach-osm-way-140429610","geometry":{"type":"Point","coordinates":[10.729299,59.89162]},"properties":{"name":"Strand","source":"OpenStreetMap"}},{"type":"Feature","id":"beach-osm-way-140429616","geometry":{"type":"Point","coordinates":[10.74157,59.895174]},"properties":{"name":"Strand","source":"OpenStreetMap"}},{"type":"Feature","id":"beach-osm-way-140429628","geometry":{"type":"Point","coordinates":[10.723834,59.895246]},"properties":{"name":"Strand","source":"OpenStreetMap"}},{"type":"Feature","id":"beach-osm-way-140429634","geometry":{"type":"Point","coordinates":[10.725309,59.893788]},"properties":{"name":"Strand","source":"OpenStreetMap"}},{"type":"Feature","id":"beach-osm-way-140429645","geometry":{"type":"Point","coordinates":[10.726239,59.891463]},"properties":{"name":"Strand","source":"OpenStreetMap"}},{"type":"Feature","id":"beach-osm-way-140429646","geometry":{"type":"Point","coordinates":[10.742004,59.896094]},"properties":{"name":"Strand","source":"OpenStreetMap"}},{"type":"Feature","id":"beach-osm-way-142836843","geometry":{"type":"Point","coordinates":[8.032597,58.145755]},"properties":{"name":"Strand","source":"OpenStreetMap"}},{"type":"Feature","id":"beach-osm-way-142839260","geometry":{"type":"Point","coordinates":[8.073846,58.192625]},"properties":{"name":"Strand","source":"OpenStreetMap"}},{"type":"Feature","id":"beach-osm-way-142839778","geometry":{"type":"Point","coordinates":[8.072855,58.190972]},"properties":{"name":"Strand","source":"OpenStreetMap"}},{"type":"Feature","id":"beach-osm-way-142841111","geometry":{"type":"Point","coordinates":[8.028623,58.183166]},"properties":{"name":"Strand","source":"OpenStreetMap"}},{"type":"Feature","id":"beach-osm-way-142841273","geometry":{"type":"Point","coordinates":[8.001083,58.171139]},"properties":{"name":"Strand","source":"OpenStreetMap"}},{"type":"Feature","id":"beach-osm-way-142841691","geometry":{"type":"Point","coordinates":[7.986502,58.154294]},"properties":{"name":"Strand","source":"OpenStreetMap"}},{"type":"Feature","id":"beach-osm-way-142842431","geometry":{"type":"Point","coordinates":[7.988171,58.152476]},"properties":{"name":"Strand","source":"OpenStreetMap"}},{"type":"Feature","id":"beach-osm-way-142842609","geometry":{"type":"Point","coordinates":[7.895047,58.155739]},"properties":{"name":"Strand","source":"OpenStreetMap"}},{"type":"Feature","id":"beach-osm-way-142842985","geometry":{"type":"Point","coordinates":[7.963476,58.117445]},"properties":{"name":"Strand","source":"OpenStreetMap"}},{"type":"Feature","id":"beach-osm-way-142843344","geometry":{"type":"Point","coordinates":[8.008739,58.135824]},"properties":{"name":"Strand","source":"OpenStreetMap"}},{"type":"Feature","id":"beach-osm-way-148637203","geometry":{"type":"Point","coordinates":[10.754261,59.873054]},"properties":{"name":"Strand","source":"OpenStreetMap"}},{"type":"Feature","id":"beach-osm-way-148637205","geometry":{"type":"Point","coordinates":[10.752298,59.861499]},"properties":{"name":"Strand","source":"OpenStreetMap"}},{"type":"Feature","id":"beach-osm-way-148637207","geometry":{"type":"Point","coordinates":[10.755612,59.868789]},"properties":{"name":"Strand","source":"OpenStreetMap"}},{"type":"Feature","id":"beach-osm-way-148637208","geometry":{"type":"Point","coordinates":[10.755963,59.867795]},"properties":{"name":"Strand","source":"OpenStreetMap"}},{"type":"Feature","id":"beach-osm-way-148637209","geometry":{"type":"Point","coordinates":[10.756092,59.866308]},"properties":{"name":"Strand","source":"OpenStreetMap"}},{"type":"Feature","id":"beach-osm-way-148637210","geometry":{"type":"Point","coordinates":[10.753603,59.866078]},"properties":{"name":"Strand","source":"OpenStreetMap"}},{"type":"Feature","id":"beach-osm-way-148637211","geometry":{"type":"Point","coordinates":[10.759061,59.863652]},"properties":{"name":"Strand","source":"OpenStreetMap"}},{"type":"Feature","id":"beach-osm-way-148637212","geometry":{"type":"Point","coordinates":[10.749983,59.863684]},"properties":{"name":"Strand","source":"OpenStreetMap"}},{"type":"Feature","id":"beach-osm-way-148637213","geometry":{"type":"Point","coordinates":[10.749788,59.86447]},"properties":{"name":"Strand","source":"OpenStreetMap"}},{"type":"Feature","id":"beach-osm-way-148637218","geometry":{"type":"Point","coordinates":[10.7527,59.869881]},"properties":{"name":"Strand","source":"OpenStreetMap"}},{"type":"Feature","id":"beach-osm-way-148637219","geometry":{"type":"Point","coordinates":[10.750437,59.862006]},"properties":{"name":"Strand","source":"OpenStreetMap"}},{"type":"Feature","id":"beach-osm-way-148637220","geometry":{"type":"Point","coordinates":[10.753353,59.861616]},"properties":{"name":"Strand","source":"OpenStreetMap"}},{"type":"Feature","id":"beach-osm-way-148637225","geometry":{"type":"Point","coordinates":[10.753594,59.869204]},"properties":{"name":"Strand","source":"OpenStreetMap"}},{"type":"Feature","id":"beach-osm-way-148726985","geometry":{"type":"Point","coordinates":[10.642741,59.843418]},"properties":{"name":"Strand","source":"OpenStreetMap"}},{"type":"Feature","id":"beach-osm-way-148727039","geometry":{"type":"Point","coordinates":[10.64071,59.845491]},"properties":{"name":"Strand","source":"OpenStreetMap"}},{"type":"Feature","id":"beach-osm-way-148727041","geometry":{"type":"Point","coordinates":[10.633815,59.843479]},"properties":{"name":"Strand","source":"OpenStreetMap"}},{"type":"Feature","id":"beach-osm-way-148727055","geometry":{"type":"Point","coordinates":[10.640216,59.846728]},"properties":{"name":"Strand","source":"OpenStreetMap"}},{"type":"Feature","id":"beach-osm-way-148727058","geometry":{"type":"Point","coordinates":[10.633029,59.845404]},"properties":{"name":"Strand","source":"OpenStreetMap"}},{"type":"Feature","id":"beach-osm-way-148727059","geometry":{"type":"Point","coordinates":[10.636992,59.845889]},"properties":{"name":"Strand","source":"OpenStreetMap"}},{"type":"Feature","id":"beach-osm-way-148738542","geometry":{"type":"Point","coordinates":[10.60158,59.81802]},"properties":{"name":"Strand","source":"OpenStreetMap"}},{"type":"Feature","id":"beach-osm-way-148738608","geometry":{"type":"Point","coordinates":[10.609246,59.815886]},"properties":{"name":"Strand","source":"OpenStreetMap"}},{"type":"Feature","id":"beach-osm-way-148738611","geometry":{"type":"Point","coordinates":[10.608275,59.815802]},"properties":{"name":"Strand","source":"OpenStreetMap"}},{"type":"Feature","id":"beach-osm-way-148738644","geometry":{"type":"Point","coordinates":[10.60904,59.815227]},"properties":{"name":"Strand","source":"OpenStreetMap"}},{"type":"Feature","id":"beach-osm-way-148738653","geometry":{"type":"Point","coordinates":[10.61021,59.816203]},"properties":{"name":"Strand","source":"OpenStreetMap"}},{"type":"Feature","id":"beach-osm-way-148738654","geometry":{"type":"Point","coordinates":[10.607192,59.814953]},"properties":{"name":"Strand","source":"OpenStreetMap"}},{"type":"Feature","id":"beach-osm-way-154726798","geometry":{"type":"Point","coordinates":[10.623121,59.874455]},"properties":{"name":"Strand","source":"OpenStreetMap"}},{"type":"Feature","id":"beach-osm-way-155184546","geometry":{"type":"Point","coordinates":[10.722528,59.883251]},"properties":{"name":"Strand","source":"OpenStreetMap"}},{"type":"Feature","id":"beach-osm-way-156700562","geometry":{"type":"Point","coordinates":[10.772698,59.833281]},"properties":{"name":"Strand","source":"OpenStreetMap"}},{"type":"Feature","id":"beach-osm-way-156700574","geometry":{"type":"Point","coordinates":[10.771614,59.831589]},"properties":{"name":"Strand","source":"OpenStreetMap"}},{"type":"Feature","id":"beach-osm-way-156815514","geometry":{"type":"Point","coordinates":[10.563498,59.748984]},"properties":{"name":"Strand","source":"OpenStreetMap"}},{"type":"Feature","id":"beach-osm-way-157302019","geometry":{"type":"Point","coordinates":[10.529491,59.732032]},"properties":{"name":"Strand","source":"OpenStreetMap"}},{"type":"Feature","id":"beach-osm-way-160969288","geometry":{"type":"Point","coordinates":[14.921345,68.571328]},"properties":{"name":"Strand","source":"OpenStreetMap"}},{"type":"Feature","id":"beach-osm-way-160969436","geometry":{"type":"Point","coordinates":[14.923736,68.571557]},"properties":{"name":"Strand","source":"OpenStreetMap"}},{"type":"Feature","id":"beach-osm-way-162112889","geometry":{"type":"Point","coordinates":[10.862126,59.875404]},"properties":{"name":"Strand","source":"OpenStreetMap"}},{"type":"Feature","id":"beach-osm-way-162128488","geometry":{"type":"Point","coordinates":[10.491648,59.823268]},"properties":{"name":"Strand","source":"OpenStreetMap"}},{"type":"Feature","id":"beach-osm-way-162909698","geometry":{"type":"Point","coordinates":[9.539618,59.189886]},"properties":{"name":"Strand","source":"OpenStreetMap"}},{"type":"Feature","id":"beach-osm-way-162975679","geometry":{"type":"Point","coordinates":[12.158946,66.52469]},"properties":{"name":"Strand","source":"OpenStreetMap"}},{"type":"Feature","id":"beach-osm-way-162975683","geometry":{"type":"Point","coordinates":[12.164466,66.52618]},"properties":{"name":"Strand","source":"OpenStreetMap"}},{"type":"Feature","id":"beach-osm-way-162975686","geometry":{"type":"Point","coordinates":[12.161093,66.525985]},"properties":{"name":"Strand","source":"OpenStreetMap"}},{"type":"Feature","id":"beach-osm-way-164157581","geometry":{"type":"Point","coordinates":[12.164709,66.541295]},"properties":{"name":"Strand","source":"OpenStreetMap"}},{"type":"Feature","id":"beach-osm-way-164157634","geometry":{"type":"Point","coordinates":[12.169639,66.536294]},"properties":{"name":"Strand","source":"OpenStreetMap"}},{"type":"Feature","id":"beach-osm-way-164959775","geometry":{"type":"Point","coordinates":[12.251608,66.54341]},"properties":{"name":"Strand","source":"OpenStreetMap"}},{"type":"Feature","id":"beach-osm-way-165385626","geometry":{"type":"Point","coordinates":[17.358925,68.42392]},"properties":{"name":"Strand","source":"OpenStreetMap"}},{"type":"Feature","id":"beach-osm-way-166160488","geometry":{"type":"Point","coordinates":[10.3588,59.809796]},"properties":{"name":"Strand","source":"OpenStreetMap"}},{"type":"Feature","id":"beach-osm-way-167357049","geometry":{"type":"Point","coordinates":[5.767241,58.996363]},"properties":{"name":"Strand","source":"OpenStreetMap"}},{"type":"Feature","id":"beach-osm-way-168589696","geometry":{"type":"Point","coordinates":[5.683414,59.043752]},"properties":{"name":"Strand","source":"OpenStreetMap"}},{"type":"Feature","id":"beach-osm-way-168984984","geometry":{"type":"Point","coordinates":[5.372186,59.327651]},"properties":{"name":"Strand","source":"OpenStreetMap"}},{"type":"Feature","id":"beach-osm-way-169050261","geometry":{"type":"Point","coordinates":[19.661091,69.661806]},"properties":{"name":"Strand","source":"OpenStreetMap"}},{"type":"Feature","id":"beach-osm-way-169720247","geometry":{"type":"Point","coordinates":[13.456868,68.140752]},"properties":{"name":"Strand","source":"OpenStreetMap"}},{"type":"Feature","id":"beach-osm-way-170368645","geometry":{"type":"Point","coordinates":[10.305049,59.084725]},"properties":{"name":"Strand","source":"OpenStreetMap"}},{"type":"Feature","id":"beach-osm-way-170370588","geometry":{"type":"Point","coordinates":[10.279942,59.101807]},"properties":{"name":"Strand","source":"OpenStreetMap"}},{"type":"Feature","id":"beach-osm-way-170474927","geometry":{"type":"Point","coordinates":[10.308696,59.066809]},"properties":{"name":"Strand","source":"OpenStreetMap"}},{"type":"Feature","id":"beach-osm-way-170474928","geometry":{"type":"Point","coordinates":[10.304144,59.058579]},"properties":{"name":"Strand","source":"OpenStreetMap"}},{"type":"Feature","id":"beach-osm-way-170474929","geometry":{"type":"Point","coordinates":[10.30271,59.063334]},"properties":{"name":"Strand","source":"OpenStreetMap"}},{"type":"Feature","id":"beach-osm-way-170474930","geometry":{"type":"Point","coordinates":[10.307702,59.072355]},"properties":{"name":"Strand","source":"OpenStreetMap"}},{"type":"Feature","id":"beach-osm-way-170474933","geometry":{"type":"Point","coordinates":[10.301738,59.061888]},"properties":{"name":"Strand","source":"OpenStreetMap"}},{"type":"Feature","id":"beach-osm-way-170928727","geometry":{"type":"Point","coordinates":[23.383535,69.972126]},"properties":{"name":"Strand","source":"OpenStreetMap"}},{"type":"Feature","id":"beach-osm-way-171827558","geometry":{"type":"Point","coordinates":[17.304295,68.414638]},"properties":{"name":"Strand","source":"OpenStreetMap"}},{"type":"Feature","id":"beach-osm-way-171827560","geometry":{"type":"Point","coordinates":[17.299949,68.416611]},"properties":{"name":"Strand","source":"OpenStreetMap"}},{"type":"Feature","id":"beach-osm-way-172449606","geometry":{"type":"Point","coordinates":[8.049809,58.133453]},"properties":{"name":"Strand","source":"OpenStreetMap"}},{"type":"Feature","id":"beach-osm-way-172451814","geometry":{"type":"Point","coordinates":[8.037571,58.170657]},"properties":{"name":"Strand","source":"OpenStreetMap"}},{"type":"Feature","id":"beach-osm-way-172451816","geometry":{"type":"Point","coordinates":[8.02648,58.166656]},"properties":{"name":"Strand","source":"OpenStreetMap"}},{"type":"Feature","id":"beach-osm-way-172456740","geometry":{"type":"Point","coordinates":[8.050946,58.145739]},"properties":{"name":"Strand","source":"OpenStreetMap"}},{"type":"Feature","id":"beach-osm-way-172462115","geometry":{"type":"Point","coordinates":[8.051088,58.152546]},"properties":{"name":"Strand","source":"OpenStreetMap"}},{"type":"Feature","id":"beach-osm-way-172464451","geometry":{"type":"Point","coordinates":[8.087453,58.11629]},"properties":{"name":"Strand","source":"OpenStreetMap"}},{"type":"Feature","id":"beach-osm-way-172467130","geometry":{"type":"Point","coordinates":[8.082296,58.177375]},"properties":{"name":"Strand","source":"OpenStreetMap"}},{"type":"Feature","id":"beach-osm-way-172532594","geometry":{"type":"Point","coordinates":[10.044598,59.156565]},"properties":{"name":"Strand","source":"OpenStreetMap"}},{"type":"Feature","id":"beach-osm-way-172638629","geometry":{"type":"Point","coordinates":[7.018393,58.021253]},"properties":{"name":"Strand","source":"OpenStreetMap"}},{"type":"Feature","id":"beach-osm-way-172685482","geometry":{"type":"Point","coordinates":[8.003119,58.138626]},"properties":{"name":"Strand","source":"OpenStreetMap"}},{"type":"Feature","id":"beach-osm-way-172690903","geometry":{"type":"Point","coordinates":[6.977131,58.029337]},"properties":{"name":"Strand","source":"OpenStreetMap"}},{"type":"Feature","id":"beach-osm-way-172955884","geometry":{"type":"Point","coordinates":[7.060829,58.117892]},"properties":{"name":"Strand","source":"OpenStreetMap"}},{"type":"Feature","id":"beach-osm-way-172955885","geometry":{"type":"Point","coordinates":[7.060986,58.119516]},"properties":{"name":"Strand","source":"OpenStreetMap"}},{"type":"Feature","id":"beach-osm-way-173455468","geometry":{"type":"Point","coordinates":[9.753799,59.004221]},"properties":{"name":"Strand","source":"OpenStreetMap"}},{"type":"Feature","id":"beach-osm-way-173501747","geometry":{"type":"Point","coordinates":[10.057085,59.032852]},"properties":{"name":"Strand","source":"OpenStreetMap"}},{"type":"Feature","id":"beach-osm-way-174767021","geometry":{"type":"Point","coordinates":[5.572926,62.016497]},"properties":{"name":"Strand","source":"OpenStreetMap"}},{"type":"Feature","id":"beach-osm-way-175819029","geometry":{"type":"Point","coordinates":[6.066262,59.178032]},"properties":{"name":"Strand","source":"OpenStreetMap"}},{"type":"Feature","id":"beach-osm-way-177342206","geometry":{"type":"Point","coordinates":[5.810726,58.987895]},"properties":{"name":"Strand","source":"OpenStreetMap"}},{"type":"Feature","id":"beach-osm-way-177386126","geometry":{"type":"Point","coordinates":[5.788856,58.9914]},"properties":{"name":"Strand","source":"OpenStreetMap"}},{"type":"Feature","id":"beach-osm-way-177386127","geometry":{"type":"Point","coordinates":[5.792293,58.990549]},"properties":{"name":"Strand","source":"OpenStreetMap"}},{"type":"Feature","id":"beach-osm-way-177525190","geometry":{"type":"Point","coordinates":[5.750853,58.986201]},"properties":{"name":"Strand","source":"OpenStreetMap"}},{"type":"Feature","id":"beach-osm-way-179178211","geometry":{"type":"Point","coordinates":[5.75099,58.986887]},"properties":{"name":"Strand","source":"OpenStreetMap"}},{"type":"Feature","id":"beach-osm-way-179319435","geometry":{"type":"Point","coordinates":[5.751356,58.989865]},"properties":{"name":"Strand","source":"OpenStreetMap"}},{"type":"Feature","id":"beach-osm-way-179950245","geometry":{"type":"Point","coordinates":[5.759143,58.988884]},"properties":{"name":"Strand","source":"OpenStreetMap"}},{"type":"Feature","id":"beach-osm-way-179950246","geometry":{"type":"Point","coordinates":[5.758983,58.987423]},"properties":{"name":"Strand","source":"OpenStreetMap"}},{"type":"Feature","id":"beach-osm-way-180479513","geometry":{"type":"Point","coordinates":[10.366967,59.225292]},"properties":{"name":"Strand","source":"OpenStreetMap"}},{"type":"Feature","id":"beach-osm-way-180801115","geometry":{"type":"Point","coordinates":[10.347766,59.217666]},"properties":{"name":"Strand","source":"OpenStreetMap"}},{"type":"Feature","id":"beach-osm-way-180801118","geometry":{"type":"Point","coordinates":[10.350119,59.217226]},"properties":{"name":"Strand","source":"OpenStreetMap"}},{"type":"Feature","id":"beach-osm-way-182984340","geometry":{"type":"Point","coordinates":[12.165501,65.442647]},"properties":{"name":"Strand","source":"OpenStreetMap"}},{"type":"Feature","id":"beach-osm-way-183164548","geometry":{"type":"Point","coordinates":[7.910001,58.071531]},"properties":{"name":"Strand","source":"OpenStreetMap"}},{"type":"Feature","id":"beach-osm-way-183164556","geometry":{"type":"Point","coordinates":[7.905446,58.072186]},"properties":{"name":"Strand","source":"OpenStreetMap"}},{"type":"Feature","id":"beach-osm-way-183499470","geometry":{"type":"Point","coordinates":[5.415337,59.058831]},"properties":{"name":"Strand","source":"OpenStreetMap"}},{"type":"Feature","id":"beach-osm-way-184497248","geometry":{"type":"Point","coordinates":[5.4029,59.059979]},"properties":{"name":"Strand","source":"OpenStreetMap"}},{"type":"Feature","id":"beach-osm-way-184497250","geometry":{"type":"Point","coordinates":[5.409031,59.055092]},"properties":{"name":"Strand","source":"OpenStreetMap"}},{"type":"Feature","id":"beach-osm-way-184497251","geometry":{"type":"Point","coordinates":[5.403387,59.05942]},"properties":{"name":"Strand","source":"OpenStreetMap"}},{"type":"Feature","id":"beach-osm-way-184497254","geometry":{"type":"Point","coordinates":[5.400256,59.056363]},"properties":{"name":"Strand","source":"OpenStreetMap"}},{"type":"Feature","id":"beach-osm-way-184497256","geometry":{"type":"Point","coordinates":[5.398103,59.057186]},"properties":{"name":"Strand","source":"OpenStreetMap"}},{"type":"Feature","id":"beach-osm-way-184576789","geometry":{"type":"Point","coordinates":[5.43646,59.068235]},"properties":{"name":"Strand","source":"OpenStreetMap"}},{"type":"Feature","id":"beach-osm-way-185582650","geometry":{"type":"Point","coordinates":[10.544645,59.891271]},"properties":{"name":"Strand","source":"OpenStreetMap"}},{"type":"Feature","id":"beach-osm-way-185645352","geometry":{"type":"Point","coordinates":[5.393968,59.055072]},"properties":{"name":"Strand","source":"OpenStreetMap"}},{"type":"Feature","id":"beach-osm-way-185645389","geometry":{"type":"Point","coordinates":[5.394872,59.056042]},"properties":{"name":"Strand","source":"OpenStreetMap"}},{"type":"Feature","id":"beach-osm-way-185645445","geometry":{"type":"Point","coordinates":[5.393181,59.056816]},"properties":{"name":"Strand","source":"OpenStreetMap"}},{"type":"Feature","id":"beach-osm-way-185645518","geometry":{"type":"Point","coordinates":[5.392442,59.057192]},"properties":{"name":"Strand","source":"OpenStreetMap"}},{"type":"Feature","id":"beach-osm-way-185645532","geometry":{"type":"Point","coordinates":[5.399361,59.052029]},"properties":{"name":"Strand","source":"OpenStreetMap"}},{"type":"Feature","id":"beach-osm-way-185819396","geometry":{"type":"Point","coordinates":[10.547821,59.876887]},"properties":{"name":"Strand","source":"OpenStreetMap"}},{"type":"Feature","id":"beach-osm-way-185819884","geometry":{"type":"Point","coordinates":[10.607083,59.87502]},"properties":{"name":"Strand","source":"OpenStreetMap"}},{"type":"Feature","id":"beach-osm-way-186871408","geometry":{"type":"Point","coordinates":[8.046084,58.168048]},"properties":{"name":"Strand","source":"OpenStreetMap"}},{"type":"Feature","id":"beach-osm-way-186982158","geometry":{"type":"Point","coordinates":[5.685728,59.075512]},"properties":{"name":"Strand","source":"OpenStreetMap"}},{"type":"Feature","id":"beach-osm-way-186982160","geometry":{"type":"Point","coordinates":[5.68767,59.075429]},"properties":{"name":"Strand","source":"OpenStreetMap"}},{"type":"Feature","id":"beach-osm-way-187833417","geometry":{"type":"Point","coordinates":[5.408055,59.053642]},"properties":{"name":"Strand","source":"OpenStreetMap"}},{"type":"Feature","id":"beach-osm-way-187833471","geometry":{"type":"Point","coordinates":[5.406779,59.054142]},"properties":{"name":"Strand","source":"OpenStreetMap"}},{"type":"Feature","id":"beach-osm-way-187859304","geometry":{"type":"Point","coordinates":[5.399878,59.042441]},"properties":{"name":"Strand","source":"OpenStreetMap"}},{"type":"Feature","id":"beach-osm-way-187859345","geometry":{"type":"Point","coordinates":[5.400377,59.043768]},"properties":{"name":"Strand","source":"OpenStreetMap"}},{"type":"Feature","id":"beach-osm-way-187926804","geometry":{"type":"Point","coordinates":[5.447372,59.040121]},"properties":{"name":"Strand","source":"OpenStreetMap"}},{"type":"Feature","id":"beach-osm-way-187929418","geometry":{"type":"Point","coordinates":[5.454015,59.049225]},"properties":{"name":"Strand","source":"OpenStreetMap"}},{"type":"Feature","id":"beach-osm-way-187929420","geometry":{"type":"Point","coordinates":[5.456727,59.049406]},"properties":{"name":"Strand","source":"OpenStreetMap"}},{"type":"Feature","id":"beach-osm-way-187929422","geometry":{"type":"Point","coordinates":[5.453556,59.048701]},"properties":{"name":"Strand","source":"OpenStreetMap"}},{"type":"Feature","id":"beach-osm-way-187929442","geometry":{"type":"Point","coordinates":[5.455445,59.050607]},"properties":{"name":"Strand","source":"OpenStreetMap"}},{"type":"Feature","id":"beach-osm-way-187929445","geometry":{"type":"Point","coordinates":[5.454617,59.048448]},"properties":{"name":"Strand","source":"OpenStreetMap"}},{"type":"Feature","id":"beach-osm-way-187929460","geometry":{"type":"Point","coordinates":[5.457489,59.051809]},"properties":{"name":"Strand","source":"OpenStreetMap"}},{"type":"Feature","id":"beach-osm-way-187929462","geometry":{"type":"Point","coordinates":[5.460198,59.05275]},"properties":{"name":"Strand","source":"OpenStreetMap"}},{"type":"Feature","id":"beach-osm-way-187929466","geometry":{"type":"Point","coordinates":[5.454333,59.049776]},"properties":{"name":"Strand","source":"OpenStreetMap"}},{"type":"Feature","id":"beach-osm-way-189757184","geometry":{"type":"Point","coordinates":[5.466786,59.065097]},"properties":{"name":"Strand","source":"OpenStreetMap"}},{"type":"Feature","id":"beach-osm-way-189757192","geometry":{"type":"Point","coordinates":[5.4671,59.063832]},"properties":{"name":"Strand","source":"OpenStreetMap"}},{"type":"Feature","id":"beach-osm-way-189764435","geometry":{"type":"Point","coordinates":[5.489501,59.077319]},"properties":{"name":"Strand","source":"OpenStreetMap"}},{"type":"Feature","id":"beach-osm-way-189764454","geometry":{"type":"Point","coordinates":[5.487065,59.074162]},"properties":{"name":"Strand","source":"OpenStreetMap"}},{"type":"Feature","id":"beach-osm-way-189764459","geometry":{"type":"Point","coordinates":[5.489132,59.075042]},"properties":{"name":"Strand","source":"OpenStreetMap"}},{"type":"Feature","id":"beach-osm-way-189770905","geometry":{"type":"Point","coordinates":[5.48876,59.084787]},"properties":{"name":"Strand","source":"OpenStreetMap"}},{"type":"Feature","id":"beach-osm-way-189775694","geometry":{"type":"Point","coordinates":[5.479603,58.961131]},"properties":{"name":"Strand","source":"OpenStreetMap"}},{"type":"Feature","id":"beach-osm-way-189891113","geometry":{"type":"Point","coordinates":[5.782437,58.962334]},"properties":{"name":"Strand","source":"OpenStreetMap"}},{"type":"Feature","id":"beach-osm-way-189891118","geometry":{"type":"Point","coordinates":[5.783436,58.962436]},"properties":{"name":"Strand","source":"OpenStreetMap"}},{"type":"Feature","id":"beach-osm-way-190155386","geometry":{"type":"Point","coordinates":[5.649893,58.973273]},"properties":{"name":"Strand","source":"OpenStreetMap"}},{"type":"Feature","id":"beach-osm-way-190906328","geometry":{"type":"Point","coordinates":[10.509774,59.969504]},"properties":{"name":"Strand","source":"OpenStreetMap"}},{"type":"Feature","id":"beach-osm-way-191504657","geometry":{"type":"Point","coordinates":[16.609243,68.943555]},"properties":{"name":"Strand","source":"OpenStreetMap"}},{"type":"Feature","id":"beach-osm-way-191637751","geometry":{"type":"Point","coordinates":[6.36642,62.695718]},"properties":{"name":"Strand","source":"OpenStreetMap"}},{"type":"Feature","id":"beach-osm-way-191967118","geometry":{"type":"Point","coordinates":[20.984617,70.028062]},"properties":{"name":"Strand","source":"OpenStreetMap"}},{"type":"Feature","id":"beach-osm-way-192107286","geometry":{"type":"Point","coordinates":[6.282293,58.846417]},"properties":{"name":"Strand","source":"OpenStreetMap"}},{"type":"Feature","id":"beach-osm-way-198840401","geometry":{"type":"Point","coordinates":[14.901471,68.873468]},"properties":{"name":"Strand","source":"OpenStreetMap"}},{"type":"Feature","id":"beach-osm-way-198908918","geometry":{"type":"Point","coordinates":[5.253594,60.531464]},"properties":{"name":"Strand","source":"OpenStreetMap"}},{"type":"Feature","id":"beach-osm-way-199745035","geometry":{"type":"Point","coordinates":[7.531304,57.990453]},"properties":{"name":"Strand","source":"OpenStreetMap"}},{"type":"Feature","id":"beach-osm-way-199883990","geometry":{"type":"Point","coordinates":[11.894372,62.412316]},"properties":{"name":"Strand","source":"OpenStreetMap"}},{"type":"Feature","id":"beach-osm-way-205631817","geometry":{"type":"Point","coordinates":[14.291807,67.282035]},"properties":{"name":"Strand","source":"OpenStreetMap"}},{"type":"Feature","id":"beach-osm-way-205631819","geometry":{"type":"Point","coordinates":[14.293145,67.287306]},"properties":{"name":"Strand","source":"OpenStreetMap"}},{"type":"Feature","id":"beach-osm-way-213907385","geometry":{"type":"Point","coordinates":[14.925289,68.353543]},"properties":{"name":"Strand","source":"OpenStreetMap"}},{"type":"Feature","id":"beach-osm-way-214153300","geometry":{"type":"Point","coordinates":[14.948191,68.875229]},"properties":{"name":"Strand","source":"OpenStreetMap"}},{"type":"Feature","id":"beach-osm-way-215296132","geometry":{"type":"Point","coordinates":[26.686327,70.961024]},"properties":{"name":"Strand","source":"OpenStreetMap"}},{"type":"Feature","id":"beach-osm-way-218183940","geometry":{"type":"Point","coordinates":[18.773925,69.543051]},"properties":{"name":"Strand","source":"OpenStreetMap"}},{"type":"Feature","id":"beach-osm-way-221191873","geometry":{"type":"Point","coordinates":[7.530835,62.588148]},"properties":{"name":"Strand","source":"OpenStreetMap"}},{"type":"Feature","id":"beach-osm-way-234579153","geometry":{"type":"Point","coordinates":[5.803301,58.974895]},"properties":{"name":"Strand","source":"OpenStreetMap"}},{"type":"Feature","id":"beach-osm-way-234580340","geometry":{"type":"Point","coordinates":[5.784427,58.961969]},"properties":{"name":"Strand","source":"OpenStreetMap"}},{"type":"Feature","id":"beach-osm-way-235331043","geometry":{"type":"Point","coordinates":[5.794818,59.039459]},"properties":{"name":"Strand","source":"OpenStreetMap"}},{"type":"Feature","id":"beach-osm-way-235331045","geometry":{"type":"Point","coordinates":[5.794544,59.038638]},"properties":{"name":"Strand","source":"OpenStreetMap"}},{"type":"Feature","id":"beach-osm-way-235331046","geometry":{"type":"Point","coordinates":[5.800209,59.041519]},"properties":{"name":"Strand","source":"OpenStreetMap"}},{"type":"Feature","id":"beach-osm-way-235331056","geometry":{"type":"Point","coordinates":[5.799836,59.041945]},"properties":{"name":"Strand","source":"OpenStreetMap"}},{"type":"Feature","id":"beach-osm-way-235873555","geometry":{"type":"Point","coordinates":[5.835466,59.015371]},"properties":{"name":"Strand","source":"OpenStreetMap"}},{"type":"Feature","id":"beach-osm-way-238946427","geometry":{"type":"Point","coordinates":[7.135216,58.078561]},"properties":{"name":"Strand","source":"OpenStreetMap"}},{"type":"Feature","id":"beach-osm-way-239654686","geometry":{"type":"Point","coordinates":[9.589393,58.864702]},"properties":{"name":"Strand","source":"OpenStreetMap"}},{"type":"Feature","id":"beach-osm-way-239657255","geometry":{"type":"Point","coordinates":[9.572694,58.856439]},"properties":{"name":"Strand","source":"OpenStreetMap"}},{"type":"Feature","id":"beach-osm-way-241859429","geometry":{"type":"Point","coordinates":[8.9377,59.100017]},"properties":{"name":"Strand","source":"OpenStreetMap"}},{"type":"Feature","id":"beach-osm-way-243546287","geometry":{"type":"Point","coordinates":[10.830759,59.762394]},"properties":{"name":"Strand","source":"OpenStreetMap"}},{"type":"Feature","id":"beach-osm-way-244691457","geometry":{"type":"Point","coordinates":[11.742056,59.352149]},"properties":{"name":"Strand","source":"OpenStreetMap"}},{"type":"Feature","id":"beach-osm-way-250322544","geometry":{"type":"Point","coordinates":[13.43234,66.00069]},"properties":{"name":"Strand","source":"OpenStreetMap"}},{"type":"Feature","id":"beach-osm-way-250322545","geometry":{"type":"Point","coordinates":[13.425018,66.00328]},"properties":{"name":"Strand","source":"OpenStreetMap"}},{"type":"Feature","id":"beach-osm-way-250322546","geometry":{"type":"Point","coordinates":[13.42876,66.002298]},"properties":{"name":"Strand","source":"OpenStreetMap"}},{"type":"Feature","id":"beach-osm-way-253091188","geometry":{"type":"Point","coordinates":[13.376669,65.326519]},"properties":{"name":"Strand","source":"OpenStreetMap"}},{"type":"Feature","id":"beach-osm-way-253509799","geometry":{"type":"Point","coordinates":[5.783051,59.017829]},"properties":{"name":"Strand","source":"OpenStreetMap"}},{"type":"Feature","id":"beach-osm-way-253509806","geometry":{"type":"Point","coordinates":[5.782229,59.021692]},"properties":{"name":"Strand","source":"OpenStreetMap"}},{"type":"Feature","id":"beach-osm-way-255887461","geometry":{"type":"Point","coordinates":[8.763318,58.424899]},"properties":{"name":"Strand","source":"OpenStreetMap"}},{"type":"Feature","id":"beach-osm-way-255887475","geometry":{"type":"Point","coordinates":[8.762173,58.425675]},"properties":{"name":"Strand","source":"OpenStreetMap"}},{"type":"Feature","id":"beach-osm-way-256682675","geometry":{"type":"Point","coordinates":[7.066666,58.062246]},"properties":{"name":"Strand","source":"OpenStreetMap"}},{"type":"Feature","id":"beach-osm-way-256911198","geometry":{"type":"Point","coordinates":[5.923135,59.475614]},"properties":{"name":"Strand","source":"OpenStreetMap"}},{"type":"Feature","id":"beach-osm-way-257235870","geometry":{"type":"Point","coordinates":[7.743158,63.130044]},"properties":{"name":"Strand","source":"OpenStreetMap"}},{"type":"Feature","id":"beach-osm-way-257241127","geometry":{"type":"Point","coordinates":[7.764692,63.107419]},"properties":{"name":"Strand","source":"OpenStreetMap"}},{"type":"Feature","id":"beach-osm-way-259518643","geometry":{"type":"Point","coordinates":[5.43688,62.156053]},"properties":{"name":"Strand","source":"OpenStreetMap"}},{"type":"Feature","id":"beach-osm-way-260787488","geometry":{"type":"Point","coordinates":[14.406571,68.682508]},"properties":{"name":"Strand","source":"OpenStreetMap"}},{"type":"Feature","id":"beach-osm-way-260787491","geometry":{"type":"Point","coordinates":[14.420289,68.665026]},"properties":{"name":"Strand","source":"OpenStreetMap"}},{"type":"Feature","id":"beach-osm-way-260787494","geometry":{"type":"Point","coordinates":[14.399534,68.684004]},"properties":{"name":"Strand","source":"OpenStreetMap"}},{"type":"Feature","id":"beach-osm-way-260787501","geometry":{"type":"Point","coordinates":[14.423822,68.664714]},"properties":{"name":"Strand","source":"OpenStreetMap"}},{"type":"Feature","id":"beach-osm-way-265389924","geometry":{"type":"Point","coordinates":[5.046967,60.391382]},"properties":{"name":"Strand","source":"OpenStreetMap"}},{"type":"Feature","id":"beach-osm-way-265389926","geometry":{"type":"Point","coordinates":[5.046959,60.385225]},"properties":{"name":"Strand","source":"OpenStreetMap"}},{"type":"Feature","id":"beach-osm-way-267255133","geometry":{"type":"Point","coordinates":[8.831242,58.440444]},"properties":{"name":"Strand","source":"OpenStreetMap"}},{"type":"Feature","id":"beach-osm-way-268045675","geometry":{"type":"Point","coordinates":[10.746953,59.864576]},"properties":{"name":"Strand","source":"OpenStreetMap"}},{"type":"Feature","id":"beach-osm-way-268045681","geometry":{"type":"Point","coordinates":[10.742047,59.862975]},"properties":{"name":"Strand","source":"OpenStreetMap"}},{"type":"Feature","id":"beach-osm-way-271979076","geometry":{"type":"Point","coordinates":[7.955899,58.271431]},"properties":{"name":"Strand","source":"OpenStreetMap"}},{"type":"Feature","id":"beach-osm-way-272135615","geometry":{"type":"Point","coordinates":[7.964526,58.27052]},"properties":{"name":"Strand","source":"OpenStreetMap"}},{"type":"Feature","id":"beach-osm-way-272770433","geometry":{"type":"Point","coordinates":[7.960858,58.258921]},"properties":{"name":"Strand","source":"OpenStreetMap"}},{"type":"Feature","id":"beach-osm-way-277890521","geometry":{"type":"Point","coordinates":[9.297552,59.281836]},"properties":{"name":"Strand","source":"OpenStreetMap"}},{"type":"Feature","id":"beach-osm-way-277990589","geometry":{"type":"Point","coordinates":[7.975564,58.283743]},"properties":{"name":"Strand","source":"OpenStreetMap"}},{"type":"Feature","id":"beach-osm-way-287201154","geometry":{"type":"Point","coordinates":[5.404305,59.185296]},"properties":{"name":"Strand","source":"OpenStreetMap"}},{"type":"Feature","id":"beach-osm-way-287201156","geometry":{"type":"Point","coordinates":[5.407135,59.184656]},"properties":{"name":"Strand","source":"OpenStreetMap"}},{"type":"Feature","id":"beach-osm-way-290489311","geometry":{"type":"Point","coordinates":[30.609067,70.538976]},"properties":{"name":"Strand","source":"OpenStreetMap"}},{"type":"Feature","id":"beach-osm-way-291725779","geometry":{"type":"Point","coordinates":[11.006877,59.032223]},"properties":{"name":"Strand","source":"OpenStreetMap"}},{"type":"Feature","id":"beach-osm-way-292314824","geometry":{"type":"Point","coordinates":[11.085991,59.025213]},"properties":{"name":"Strand","source":"OpenStreetMap"}},{"type":"Feature","id":"beach-osm-way-292468725","geometry":{"type":"Point","coordinates":[11.108354,59.037099]},"properties":{"name":"Strand","source":"OpenStreetMap"}},{"type":"Feature","id":"beach-osm-way-293166617","geometry":{"type":"Point","coordinates":[14.791016,68.433278]},"properties":{"name":"Strand","source":"OpenStreetMap"}},{"type":"Feature","id":"beach-osm-way-293302440","geometry":{"type":"Point","coordinates":[11.046532,59.025075]},"properties":{"name":"Strand","source":"OpenStreetMap"}},{"type":"Feature","id":"beach-osm-way-293302441","geometry":{"type":"Point","coordinates":[11.05377,59.029039]},"properties":{"name":"Strand","source":"OpenStreetMap"}},{"type":"Feature","id":"beach-osm-way-293342631","geometry":{"type":"Point","coordinates":[17.04584,69.01861]},"properties":{"name":"Strand","source":"OpenStreetMap"}},{"type":"Feature","id":"beach-osm-way-293356817","geometry":{"type":"Point","coordinates":[8.143773,58.185858]},"properties":{"name":"Strand","source":"OpenStreetMap"}},{"type":"Feature","id":"beach-osm-way-293510711","geometry":{"type":"Point","coordinates":[11.080168,59.025393]},"properties":{"name":"Strand","source":"OpenStreetMap"}},{"type":"Feature","id":"beach-osm-way-293510718","geometry":{"type":"Point","coordinates":[11.08062,59.028146]},"properties":{"name":"Strand","source":"OpenStreetMap"}},{"type":"Feature","id":"beach-osm-way-293905388","geometry":{"type":"Point","coordinates":[8.875458,60.259655]},"properties":{"name":"Strand","source":"OpenStreetMap"}},{"type":"Feature","id":"beach-osm-way-294051296","geometry":{"type":"Point","coordinates":[11.111227,59.021112]},"properties":{"name":"Strand","source":"OpenStreetMap"}},{"type":"Feature","id":"beach-osm-way-294116813","geometry":{"type":"Point","coordinates":[11.105508,59.016879]},"properties":{"name":"Strand","source":"OpenStreetMap"}},{"type":"Feature","id":"beach-osm-way-294117137","geometry":{"type":"Point","coordinates":[11.08914,59.012556]},"properties":{"name":"Strand","source":"OpenStreetMap"}},{"type":"Feature","id":"beach-osm-way-294344831","geometry":{"type":"Point","coordinates":[11.110476,59.019869]},"properties":{"name":"Strand","source":"OpenStreetMap"}},{"type":"Feature","id":"beach-osm-way-294689742","geometry":{"type":"Point","coordinates":[5.939978,58.904406]},"properties":{"name":"Strand","source":"OpenStreetMap"}},{"type":"Feature","id":"beach-osm-way-295348284","geometry":{"type":"Point","coordinates":[12.215053,65.473651]},"properties":{"name":"Strand","source":"OpenStreetMap"}},{"type":"Feature","id":"beach-osm-way-295348286","geometry":{"type":"Point","coordinates":[12.217314,65.473933]},"properties":{"name":"Strand","source":"OpenStreetMap"}},{"type":"Feature","id":"beach-osm-way-295854438","geometry":{"type":"Point","coordinates":[9.546578,59.292209]},"properties":{"name":"Strand","source":"OpenStreetMap"}},{"type":"Feature","id":"beach-osm-way-296242978","geometry":{"type":"Point","coordinates":[10.888873,59.049968]},"properties":{"name":"Strand","source":"OpenStreetMap"}},{"type":"Feature","id":"beach-osm-way-297759283","geometry":{"type":"Point","coordinates":[9.379899,58.884139]},"properties":{"name":"Strand","source":"OpenStreetMap"}},{"type":"Feature","id":"beach-osm-way-298001304","geometry":{"type":"Point","coordinates":[5.583128,59.591394]},"properties":{"name":"Strand","source":"OpenStreetMap"}},{"type":"Feature","id":"beach-osm-way-298590973","geometry":{"type":"Point","coordinates":[10.650333,63.76656]},"properties":{"name":"Strand","source":"OpenStreetMap"}},{"type":"Feature","id":"beach-osm-way-301831289","geometry":{"type":"Point","coordinates":[10.781538,59.869175]},"properties":{"name":"Strand","source":"OpenStreetMap"}},{"type":"Feature","id":"beach-osm-way-301831291","geometry":{"type":"Point","coordinates":[10.782097,59.868714]},"properties":{"name":"Strand","source":"OpenStreetMap"}},{"type":"Feature","id":"beach-osm-way-302632467","geometry":{"type":"Point","coordinates":[11.127678,59.10042]},"properties":{"name":"Strand","source":"OpenStreetMap"}},{"type":"Feature","id":"beach-osm-way-302707401","geometry":{"type":"Point","coordinates":[11.123683,59.106014]},"properties":{"name":"Strand","source":"OpenStreetMap"}},{"type":"Feature","id":"beach-osm-way-310147981","geometry":{"type":"Point","coordinates":[14.303586,67.282281]},"properties":{"name":"Strand","source":"OpenStreetMap"}},{"type":"Feature","id":"beach-osm-way-312678870","geometry":{"type":"Point","coordinates":[10.177527,60.094496]},"properties":{"name":"Strand","source":"OpenStreetMap"}},{"type":"Feature","id":"beach-osm-way-312678876","geometry":{"type":"Point","coordinates":[10.178736,60.093844]},"properties":{"name":"Strand","source":"OpenStreetMap"}},{"type":"Feature","id":"beach-osm-way-312678878","geometry":{"type":"Point","coordinates":[10.176756,60.09497]},"properties":{"name":"Strand","source":"OpenStreetMap"}},{"type":"Feature","id":"beach-osm-way-313426614","geometry":{"type":"Point","coordinates":[10.204025,64.183735]},"properties":{"name":"Strand","source":"OpenStreetMap"}},{"type":"Feature","id":"beach-osm-way-313426615","geometry":{"type":"Point","coordinates":[10.168724,64.169607]},"properties":{"name":"Strand","source":"OpenStreetMap"}},{"type":"Feature","id":"beach-osm-way-313426616","geometry":{"type":"Point","coordinates":[10.175196,64.147618]},"properties":{"name":"Strand","source":"OpenStreetMap"}},{"type":"Feature","id":"beach-osm-way-313426620","geometry":{"type":"Point","coordinates":[10.188866,64.154202]},"properties":{"name":"Strand","source":"OpenStreetMap"}},{"type":"Feature","id":"beach-osm-way-313426709","geometry":{"type":"Point","coordinates":[10.174628,64.149164]},"properties":{"name":"Strand","source":"OpenStreetMap"}},{"type":"Feature","id":"beach-osm-way-313426713","geometry":{"type":"Point","coordinates":[10.19964,64.190988]},"properties":{"name":"Strand","source":"OpenStreetMap"}},{"type":"Feature","id":"beach-osm-way-313426714","geometry":{"type":"Point","coordinates":[10.201649,64.198494]},"properties":{"name":"Strand","source":"OpenStreetMap"}},{"type":"Feature","id":"beach-osm-way-313446874","geometry":{"type":"Point","coordinates":[10.221498,64.168417]},"properties":{"name":"Strand","source":"OpenStreetMap"}},{"type":"Feature","id":"beach-osm-way-313523171","geometry":{"type":"Point","coordinates":[10.170131,64.076568]},"properties":{"name":"Strand","source":"OpenStreetMap"}},{"type":"Feature","id":"beach-osm-way-319458704","geometry":{"type":"Point","coordinates":[7.952908,58.249551]},"properties":{"name":"Strand","source":"OpenStreetMap"}},{"type":"Feature","id":"beach-osm-way-321826646","geometry":{"type":"Point","coordinates":[11.509946,62.459202]},"properties":{"name":"Strand","source":"OpenStreetMap"}},{"type":"Feature","id":"beach-osm-way-323036756","geometry":{"type":"Point","coordinates":[5.205346,60.005834]},"properties":{"name":"Strand","source":"OpenStreetMap"}},{"type":"Feature","id":"beach-osm-way-330571623","geometry":{"type":"Point","coordinates":[16.609465,68.672952]},"properties":{"name":"Strand","source":"OpenStreetMap"}},{"type":"Feature","id":"beach-osm-way-330571629","geometry":{"type":"Point","coordinates":[16.609007,68.673917]},"properties":{"name":"Strand","source":"OpenStreetMap"}},{"type":"Feature","id":"beach-osm-way-330571631","geometry":{"type":"Point","coordinates":[16.608232,68.671988]},"properties":{"name":"Strand","source":"OpenStreetMap"}},{"type":"Feature","id":"beach-osm-way-331370774","geometry":{"type":"Point","coordinates":[14.019392,68.191006]},"properties":{"name":"Strand","source":"OpenStreetMap"}},{"type":"Feature","id":"beach-osm-way-331762996","geometry":{"type":"Point","coordinates":[11.448109,64.014836]},"properties":{"name":"Strand","source":"OpenStreetMap"}},{"type":"Feature","id":"beach-osm-way-331762997","geometry":{"type":"Point","coordinates":[11.444877,64.01531]},"properties":{"name":"Strand","source":"OpenStreetMap"}},{"type":"Feature","id":"beach-osm-way-331764704","geometry":{"type":"Point","coordinates":[11.46612,64.023938]},"properties":{"name":"Strand","source":"OpenStreetMap"}},{"type":"Feature","id":"beach-osm-way-331847657","geometry":{"type":"Point","coordinates":[8.084138,58.184996]},"properties":{"name":"Strand","source":"OpenStreetMap"}},{"type":"Feature","id":"beach-osm-way-331849857","geometry":{"type":"Point","coordinates":[8.034991,58.144756]},"properties":{"name":"Strand","source":"OpenStreetMap"}},{"type":"Feature","id":"beach-osm-way-333211457","geometry":{"type":"Point","coordinates":[7.582976,63.014464]},"properties":{"name":"Strand","source":"OpenStreetMap"}},{"type":"Feature","id":"beach-osm-way-333640411","geometry":{"type":"Point","coordinates":[11.570053,60.893626]},"properties":{"name":"Strand","source":"OpenStreetMap"}},{"type":"Feature","id":"beach-osm-way-333640415","geometry":{"type":"Point","coordinates":[11.568847,60.897475]},"properties":{"name":"Strand","source":"OpenStreetMap"}},{"type":"Feature","id":"beach-osm-way-333640417","geometry":{"type":"Point","coordinates":[11.56712,60.8948]},"properties":{"name":"Strand","source":"OpenStreetMap"}},{"type":"Feature","id":"beach-osm-way-333694094","geometry":{"type":"Point","coordinates":[11.549913,60.872656]},"properties":{"name":"Strand","source":"OpenStreetMap"}},{"type":"Feature","id":"beach-osm-way-333694786","geometry":{"type":"Point","coordinates":[11.559595,60.880668]},"properties":{"name":"Strand","source":"OpenStreetMap"}},{"type":"Feature","id":"beach-osm-way-336602861","geometry":{"type":"Point","coordinates":[11.59056,64.003848]},"properties":{"name":"Strand","source":"OpenStreetMap"}},{"type":"Feature","id":"beach-osm-way-336602864","geometry":{"type":"Point","coordinates":[11.591448,64.003495]},"properties":{"name":"Strand","source":"OpenStreetMap"}},{"type":"Feature","id":"beach-osm-way-337177435","geometry":{"type":"Point","coordinates":[12.363072,65.935076]},"properties":{"name":"Strand","source":"OpenStreetMap"}},{"type":"Feature","id":"beach-osm-way-337587415","geometry":{"type":"Point","coordinates":[9.207966,62.664205]},"properties":{"name":"Strand","source":"OpenStreetMap"}},{"type":"Feature","id":"beach-osm-way-338691728","geometry":{"type":"Point","coordinates":[12.368674,65.933564]},"properties":{"name":"Strand","source":"OpenStreetMap"}},{"type":"Feature","id":"beach-osm-way-340418040","geometry":{"type":"Point","coordinates":[5.642411,58.931582]},"properties":{"name":"Strand","source":"OpenStreetMap"}},{"type":"Feature","id":"beach-osm-way-342368516","geometry":{"type":"Point","coordinates":[11.249838,59.992137]},"properties":{"name":"Strand","source":"OpenStreetMap"}},{"type":"Feature","id":"beach-osm-way-342368519","geometry":{"type":"Point","coordinates":[11.258602,59.990905]},"properties":{"name":"Strand","source":"OpenStreetMap"}},{"type":"Feature","id":"beach-osm-way-342427769","geometry":{"type":"Point","coordinates":[11.314248,60.024358]},"properties":{"name":"Strand","source":"OpenStreetMap"}},{"type":"Feature","id":"beach-osm-way-345126397","geometry":{"type":"Point","coordinates":[9.125285,58.931008]},"properties":{"name":"Strand","source":"OpenStreetMap"}},{"type":"Feature","id":"beach-osm-way-345132088","geometry":{"type":"Point","coordinates":[9.150864,58.905728]},"properties":{"name":"Strand","source":"OpenStreetMap"}},{"type":"Feature","id":"beach-osm-way-349499795","geometry":{"type":"Point","coordinates":[8.007656,58.149771]},"properties":{"name":"Strand","source":"OpenStreetMap"}},{"type":"Feature","id":"beach-osm-way-350580150","geometry":{"type":"Point","coordinates":[7.975818,58.107442]},"properties":{"name":"Strand","source":"OpenStreetMap"}},{"type":"Feature","id":"beach-osm-way-352365257","geometry":{"type":"Point","coordinates":[14.323122,68.598928]},"properties":{"name":"Strand","source":"OpenStreetMap"}},{"type":"Feature","id":"beach-osm-way-361314526","geometry":{"type":"Point","coordinates":[7.689296,58.355257]},"properties":{"name":"Strand","source":"OpenStreetMap"}},{"type":"Feature","id":"beach-osm-way-363506710","geometry":{"type":"Point","coordinates":[10.710589,63.435598]},"properties":{"name":"Strand","source":"OpenStreetMap"}},{"type":"Feature","id":"beach-osm-way-363506711","geometry":{"type":"Point","coordinates":[10.707966,63.435274]},"properties":{"name":"Strand","source":"OpenStreetMap"}},{"type":"Feature","id":"beach-osm-way-364546846","geometry":{"type":"Point","coordinates":[8.406118,62.229238]},"properties":{"name":"Strand","source":"OpenStreetMap"}},{"type":"Feature","id":"beach-osm-way-364574782","geometry":{"type":"Point","coordinates":[8.089196,58.39559]},"properties":{"name":"Strand","source":"OpenStreetMap"}},{"type":"Feature","id":"beach-osm-way-364575999","geometry":{"type":"Point","coordinates":[8.099708,58.401121]},"properties":{"name":"Strand","source":"OpenStreetMap"}},{"type":"Feature","id":"beach-osm-way-364639843","geometry":{"type":"Point","coordinates":[11.789216,62.009014]},"properties":{"name":"Strand","source":"OpenStreetMap"}},{"type":"Feature","id":"beach-osm-way-364639845","geometry":{"type":"Point","coordinates":[11.789081,62.007505]},"properties":{"name":"Strand","source":"OpenStreetMap"}},{"type":"Feature","id":"beach-osm-way-364640006","geometry":{"type":"Point","coordinates":[11.79414,62.003661]},"properties":{"name":"Strand","source":"OpenStreetMap"}},{"type":"Feature","id":"beach-osm-way-364640827","geometry":{"type":"Point","coordinates":[11.791715,62.037948]},"properties":{"name":"Strand","source":"OpenStreetMap"}},{"type":"Feature","id":"beach-osm-way-364957309","geometry":{"type":"Point","coordinates":[5.323742,60.270017]},"properties":{"name":"Strand","source":"OpenStreetMap"}},{"type":"Feature","id":"beach-osm-way-365147342","geometry":{"type":"Point","coordinates":[8.152055,58.963529]},"properties":{"name":"Strand","source":"OpenStreetMap"}},{"type":"Feature","id":"beach-osm-way-365166734","geometry":{"type":"Point","coordinates":[8.410421,58.816507]},"properties":{"name":"Strand","source":"OpenStreetMap"}},{"type":"Feature","id":"beach-osm-way-365196366","geometry":{"type":"Point","coordinates":[8.505932,58.746775]},"properties":{"name":"Strand","source":"OpenStreetMap"}},{"type":"Feature","id":"beach-osm-way-365210399","geometry":{"type":"Point","coordinates":[8.478806,58.764075]},"properties":{"name":"Strand","source":"OpenStreetMap"}},{"type":"Feature","id":"beach-osm-way-370548019","geometry":{"type":"Point","coordinates":[8.395716,58.256114]},"properties":{"name":"Strand","source":"OpenStreetMap"}},{"type":"Feature","id":"beach-osm-way-370548023","geometry":{"type":"Point","coordinates":[8.392798,58.254597]},"properties":{"name":"Strand","source":"OpenStreetMap"}},{"type":"Feature","id":"beach-osm-way-370646780","geometry":{"type":"Point","coordinates":[8.384769,58.251904]},"properties":{"name":"Strand","source":"OpenStreetMap"}},{"type":"Feature","id":"beach-osm-way-370692225","geometry":{"type":"Point","coordinates":[8.372754,58.239552]},"properties":{"name":"Strand","source":"OpenStreetMap"}},{"type":"Feature","id":"beach-osm-way-374893541","geometry":{"type":"Point","coordinates":[8.896069,63.720251]},"properties":{"name":"Strand","source":"OpenStreetMap"}},{"type":"Feature","id":"beach-osm-way-377745747","geometry":{"type":"Point","coordinates":[9.996485,59.773662]},"properties":{"name":"Strand","source":"OpenStreetMap"}},{"type":"Feature","id":"beach-osm-way-378105311","geometry":{"type":"Point","coordinates":[10.296708,59.943036]},"properties":{"name":"Strand","source":"OpenStreetMap"}},{"type":"Feature","id":"beach-osm-way-379813727","geometry":{"type":"Point","coordinates":[11.189775,64.734334]},"properties":{"name":"Strand","source":"OpenStreetMap"}},{"type":"Feature","id":"beach-osm-way-379813729","geometry":{"type":"Point","coordinates":[11.192235,64.734597]},"properties":{"name":"Strand","source":"OpenStreetMap"}},{"type":"Feature","id":"beach-osm-way-395132378","geometry":{"type":"Point","coordinates":[29.381543,70.006156]},"properties":{"name":"Strand","source":"OpenStreetMap"}},{"type":"Feature","id":"beach-osm-way-395177035","geometry":{"type":"Point","coordinates":[29.646537,69.974001]},"properties":{"name":"Strand","source":"OpenStreetMap"}},{"type":"Feature","id":"beach-osm-way-395363144","geometry":{"type":"Point","coordinates":[6.58068,62.397841]},"properties":{"name":"Strand","source":"OpenStreetMap"}},{"type":"Feature","id":"beach-osm-way-395378757","geometry":{"type":"Point","coordinates":[6.580335,62.394019]},"properties":{"name":"Strand","source":"OpenStreetMap"}},{"type":"Feature","id":"beach-osm-way-401199922","geometry":{"type":"Point","coordinates":[7.899634,58.344388]},"properties":{"name":"Strand","source":"OpenStreetMap"}},{"type":"Feature","id":"beach-osm-way-409132285","geometry":{"type":"Point","coordinates":[8.049471,58.185501]},"properties":{"name":"Strand","source":"OpenStreetMap"}},{"type":"Feature","id":"beach-osm-way-409132286","geometry":{"type":"Point","coordinates":[8.048027,58.18779]},"properties":{"name":"Strand","source":"OpenStreetMap"}},{"type":"Feature","id":"beach-osm-way-409653518","geometry":{"type":"Point","coordinates":[8.420876,58.276776]},"properties":{"name":"Strand","source":"OpenStreetMap"}},{"type":"Feature","id":"beach-osm-way-411483096","geometry":{"type":"Point","coordinates":[8.673743,58.37297]},"properties":{"name":"Strand","source":"OpenStreetMap"}},{"type":"Feature","id":"beach-osm-way-414439656","geometry":{"type":"Point","coordinates":[10.256174,59.725939]},"properties":{"name":"Strand","source":"OpenStreetMap"}},{"type":"Feature","id":"beach-osm-way-414945629","geometry":{"type":"Point","coordinates":[4.969007,60.581759]},"properties":{"name":"Strand","source":"OpenStreetMap"}},{"type":"Feature","id":"beach-osm-way-428766738","geometry":{"type":"Point","coordinates":[9.558446,58.932039]},"properties":{"name":"Strand","source":"OpenStreetMap"}},{"type":"Feature","id":"beach-osm-way-435181611","geometry":{"type":"Point","coordinates":[8.612381,58.332144]},"properties":{"name":"Strand","source":"OpenStreetMap"}},{"type":"Feature","id":"beach-osm-way-435686501","geometry":{"type":"Point","coordinates":[7.544655,58.007463]},"properties":{"name":"Strand","source":"OpenStreetMap"}},{"type":"Feature","id":"beach-osm-way-437059127","geometry":{"type":"Point","coordinates":[9.513479,58.88855]},"properties":{"name":"Strand","source":"OpenStreetMap"}},{"type":"Feature","id":"beach-osm-way-438190847","geometry":{"type":"Point","coordinates":[10.493931,59.850167]},"properties":{"name":"Strand","source":"OpenStreetMap"}},{"type":"Feature","id":"beach-osm-way-438190853","geometry":{"type":"Point","coordinates":[10.496209,59.852083]},"properties":{"name":"Strand","source":"OpenStreetMap"}},{"type":"Feature","id":"beach-osm-way-438190854","geometry":{"type":"Point","coordinates":[10.494678,59.850846]},"properties":{"name":"Strand","source":"OpenStreetMap"}},{"type":"Feature","id":"beach-osm-way-438401634","geometry":{"type":"Point","coordinates":[5.797402,58.804861]},"properties":{"name":"Strand","source":"OpenStreetMap"}},{"type":"Feature","id":"beach-osm-way-439138386","geometry":{"type":"Point","coordinates":[9.528581,59.096171]},"properties":{"name":"Strand","source":"OpenStreetMap"}},{"type":"Feature","id":"beach-osm-way-439293021","geometry":{"type":"Point","coordinates":[10.978686,60.175599]},"properties":{"name":"Strand","source":"OpenStreetMap"}},{"type":"Feature","id":"beach-osm-way-440662016","geometry":{"type":"Point","coordinates":[5.752421,58.952116]},"properties":{"name":"Strand","source":"OpenStreetMap"}},{"type":"Feature","id":"beach-osm-way-444465648","geometry":{"type":"Point","coordinates":[5.748834,58.8893]},"properties":{"name":"Strand","source":"OpenStreetMap"}},{"type":"Feature","id":"beach-osm-way-445362860","geometry":{"type":"Point","coordinates":[10.486203,59.808091]},"properties":{"name":"Strand","source":"OpenStreetMap"}},{"type":"Feature","id":"beach-osm-way-446896538","geometry":{"type":"Point","coordinates":[10.285239,61.365955]},"properties":{"name":"Strand","source":"OpenStreetMap"}},{"type":"Feature","id":"beach-osm-way-446900487","geometry":{"type":"Point","coordinates":[10.281075,61.37028]},"properties":{"name":"Strand","source":"OpenStreetMap"}},{"type":"Feature","id":"beach-osm-way-449271307","geometry":{"type":"Point","coordinates":[18.536929,69.777278]},"properties":{"name":"Strand","source":"OpenStreetMap"}},{"type":"Feature","id":"beach-osm-way-449271308","geometry":{"type":"Point","coordinates":[18.539308,69.778744]},"properties":{"name":"Strand","source":"OpenStreetMap"}},{"type":"Feature","id":"beach-osm-way-457720877","geometry":{"type":"Point","coordinates":[10.731634,59.891685]},"properties":{"name":"Strand","source":"OpenStreetMap"}},{"type":"Feature","id":"beach-osm-way-458883198","geometry":{"type":"Point","coordinates":[9.543541,58.897992]},"properties":{"name":"Strand","source":"OpenStreetMap"}},{"type":"Feature","id":"beach-osm-way-459033341","geometry":{"type":"Point","coordinates":[10.385556,59.53845]},"properties":{"name":"Strand","source":"OpenStreetMap"}},{"type":"Feature","id":"beach-osm-way-460583951","geometry":{"type":"Point","coordinates":[10.637023,59.398336]},"properties":{"name":"Strand","source":"OpenStreetMap"}},{"type":"Feature","id":"beach-osm-way-460894019","geometry":{"type":"Point","coordinates":[11.077955,60.402854]},"properties":{"name":"Strand","source":"OpenStreetMap"}},{"type":"Feature","id":"beach-osm-way-460894647","geometry":{"type":"Point","coordinates":[11.060776,60.408286]},"properties":{"name":"Strand","source":"OpenStreetMap"}},{"type":"Feature","id":"beach-osm-way-460894767","geometry":{"type":"Point","coordinates":[11.063943,60.410855]},"properties":{"name":"Strand","source":"OpenStreetMap"}},{"type":"Feature","id":"beach-osm-way-461410175","geometry":{"type":"Point","coordinates":[7.698818,58.365157]},"properties":{"name":"Strand","source":"OpenStreetMap"}},{"type":"Feature","id":"beach-osm-way-478382725","geometry":{"type":"Point","coordinates":[9.647109,58.90191]},"properties":{"name":"Strand","source":"OpenStreetMap"}},{"type":"Feature","id":"beach-osm-way-478382726","geometry":{"type":"Point","coordinates":[9.642541,58.902883]},"properties":{"name":"Strand","source":"OpenStreetMap"}},{"type":"Feature","id":"beach-osm-way-479772413","geometry":{"type":"Point","coordinates":[9.232012,58.723672]},"properties":{"name":"Strand","source":"OpenStreetMap"}},{"type":"Feature","id":"beach-osm-way-479772420","geometry":{"type":"Point","coordinates":[9.236405,58.724493]},"properties":{"name":"Strand","source":"OpenStreetMap"}},{"type":"Feature","id":"beach-osm-way-484897605","geometry":{"type":"Point","coordinates":[9.231954,58.733617]},"properties":{"name":"Strand","source":"OpenStreetMap"}},{"type":"Feature","id":"beach-osm-way-484899625","geometry":{"type":"Point","coordinates":[9.254565,58.725649]},"properties":{"name":"Strand","source":"OpenStreetMap"}},{"type":"Feature","id":"beach-osm-way-484899626","geometry":{"type":"Point","coordinates":[9.258246,58.726479]},"properties":{"name":"Strand","source":"OpenStreetMap"}},{"type":"Feature","id":"beach-osm-way-485573257","geometry":{"type":"Point","coordinates":[9.269797,58.729866]},"properties":{"name":"Strand","source":"OpenStreetMap"}},{"type":"Feature","id":"beach-osm-way-486219143","geometry":{"type":"Point","coordinates":[7.818194,58.078478]},"properties":{"name":"Strand","source":"OpenStreetMap"}},{"type":"Feature","id":"beach-osm-way-486368110","geometry":{"type":"Point","coordinates":[10.666537,59.500258]},"properties":{"name":"Strand","source":"OpenStreetMap"}},{"type":"Feature","id":"beach-osm-way-486368111","geometry":{"type":"Point","coordinates":[10.652739,59.505952]},"properties":{"name":"Strand","source":"OpenStreetMap"}},{"type":"Feature","id":"beach-osm-way-486368114","geometry":{"type":"Point","coordinates":[10.665244,59.497506]},"properties":{"name":"Strand","source":"OpenStreetMap"}},{"type":"Feature","id":"beach-osm-way-486368116","geometry":{"type":"Point","coordinates":[10.66403,59.496518]},"properties":{"name":"Strand","source":"OpenStreetMap"}},{"type":"Feature","id":"beach-osm-way-486368117","geometry":{"type":"Point","coordinates":[10.654674,59.498152]},"properties":{"name":"Strand","source":"OpenStreetMap"}},{"type":"Feature","id":"beach-osm-way-486369332","geometry":{"type":"Point","coordinates":[10.663626,59.49515]},"properties":{"name":"Strand","source":"OpenStreetMap"}},{"type":"Feature","id":"beach-osm-way-487125702","geometry":{"type":"Point","coordinates":[10.658251,59.464758]},"properties":{"name":"Strand","source":"OpenStreetMap"}},{"type":"Feature","id":"beach-osm-way-487389717","geometry":{"type":"Point","coordinates":[10.673507,59.485092]},"properties":{"name":"Strand","source":"OpenStreetMap"}},{"type":"Feature","id":"beach-osm-way-487814995","geometry":{"type":"Point","coordinates":[10.667372,59.493753]},"properties":{"name":"Strand","source":"OpenStreetMap"}},{"type":"Feature","id":"beach-osm-way-488687686","geometry":{"type":"Point","coordinates":[10.670496,59.490957]},"properties":{"name":"Strand","source":"OpenStreetMap"}},{"type":"Feature","id":"beach-osm-way-488755576","geometry":{"type":"Point","coordinates":[10.653608,59.498834]},"properties":{"name":"Strand","source":"OpenStreetMap"}},{"type":"Feature","id":"beach-osm-way-488869699","geometry":{"type":"Point","coordinates":[10.654123,59.497371]},"properties":{"name":"Strand","source":"OpenStreetMap"}},{"type":"Feature","id":"beach-osm-way-488869701","geometry":{"type":"Point","coordinates":[10.653059,59.496996]},"properties":{"name":"Strand","source":"OpenStreetMap"}},{"type":"Feature","id":"beach-osm-way-488869703","geometry":{"type":"Point","coordinates":[10.652472,59.495348]},"properties":{"name":"Strand","source":"OpenStreetMap"}},{"type":"Feature","id":"beach-osm-way-488871934","geometry":{"type":"Point","coordinates":[10.652382,59.494252]},"properties":{"name":"Strand","source":"OpenStreetMap"}},{"type":"Feature","id":"beach-osm-way-490970662","geometry":{"type":"Point","coordinates":[5.54297,60.209224]},"properties":{"name":"Strand","source":"OpenStreetMap"}},{"type":"Feature","id":"beach-osm-way-491277137","geometry":{"type":"Point","coordinates":[10.675559,59.435685]},"properties":{"name":"Strand","source":"OpenStreetMap"}},{"type":"Feature","id":"beach-osm-way-491277138","geometry":{"type":"Point","coordinates":[10.676337,59.435362]},"properties":{"name":"Strand","source":"OpenStreetMap"}},{"type":"Feature","id":"beach-osm-way-491277139","geometry":{"type":"Point","coordinates":[10.679342,59.437058]},"properties":{"name":"Strand","source":"OpenStreetMap"}},{"type":"Feature","id":"beach-osm-way-491314059","geometry":{"type":"Point","coordinates":[5.281222,60.435091]},"properties":{"name":"Strand","source":"OpenStreetMap"}},{"type":"Feature","id":"beach-osm-way-491621532","geometry":{"type":"Point","coordinates":[5.195712,59.170795]},"properties":{"name":"Strand","source":"OpenStreetMap"}},{"type":"Feature","id":"beach-osm-way-491788580","geometry":{"type":"Point","coordinates":[10.435162,63.450653]},"properties":{"name":"Strand","source":"OpenStreetMap"}},{"type":"Feature","id":"beach-osm-way-494665426","geometry":{"type":"Point","coordinates":[9.506193,58.869715]},"properties":{"name":"Strand","source":"OpenStreetMap"}},{"type":"Feature","id":"beach-osm-way-494985175","geometry":{"type":"Point","coordinates":[9.490928,58.874651]},"properties":{"name":"Strand","source":"OpenStreetMap"}},{"type":"Feature","id":"beach-osm-way-497146405","geometry":{"type":"Point","coordinates":[10.612202,59.443605]},"properties":{"name":"Strand","source":"OpenStreetMap"}},{"type":"Feature","id":"beach-osm-way-497146407","geometry":{"type":"Point","coordinates":[10.611531,59.442173]},"properties":{"name":"Strand","source":"OpenStreetMap"}},{"type":"Feature","id":"beach-osm-way-498751384","geometry":{"type":"Point","coordinates":[10.658078,59.4467]},"properties":{"name":"Strand","source":"OpenStreetMap"}},{"type":"Feature","id":"beach-osm-way-498801321","geometry":{"type":"Point","coordinates":[10.654534,59.444286]},"properties":{"name":"Strand","source":"OpenStreetMap"}},{"type":"Feature","id":"beach-osm-way-500061507","geometry":{"type":"Point","coordinates":[7.076544,60.472742]},"properties":{"name":"Strand","source":"OpenStreetMap"}},{"type":"Feature","id":"beach-osm-way-501792015","geometry":{"type":"Point","coordinates":[10.666694,59.465293]},"properties":{"name":"Strand","source":"OpenStreetMap"}},{"type":"Feature","id":"beach-osm-way-501792022","geometry":{"type":"Point","coordinates":[10.666404,59.463676]},"properties":{"name":"Strand","source":"OpenStreetMap"}},{"type":"Feature","id":"beach-osm-way-501792469","geometry":{"type":"Point","coordinates":[10.659509,59.473223]},"properties":{"name":"Strand","source":"OpenStreetMap"}},{"type":"Feature","id":"beach-osm-way-504372106","geometry":{"type":"Point","coordinates":[9.751247,61.778462]},"properties":{"name":"Strand","source":"OpenStreetMap"}},{"type":"Feature","id":"beach-osm-way-504695748","geometry":{"type":"Point","coordinates":[10.718684,59.869421]},"properties":{"name":"Strand","source":"OpenStreetMap"}},{"type":"Feature","id":"beach-osm-way-504695757","geometry":{"type":"Point","coordinates":[10.727233,59.87039]},"properties":{"name":"Strand","source":"OpenStreetMap"}},{"type":"Feature","id":"beach-osm-way-504791761","geometry":{"type":"Point","coordinates":[6.534163,61.204686]},"properties":{"name":"Strand","source":"OpenStreetMap"}},{"type":"Feature","id":"beach-osm-way-505063697","geometry":{"type":"Point","coordinates":[10.661919,59.908975]},"properties":{"name":"Strand","source":"OpenStreetMap"}},{"type":"Feature","id":"beach-osm-way-505063699","geometry":{"type":"Point","coordinates":[10.661894,59.908345]},"properties":{"name":"Strand","source":"OpenStreetMap"}},{"type":"Feature","id":"beach-osm-way-505098594","geometry":{"type":"Point","coordinates":[15.017569,66.984918]},"properties":{"name":"Strand","source":"OpenStreetMap"}},{"type":"Feature","id":"beach-osm-way-506271532","geometry":{"type":"Point","coordinates":[7.704087,58.36148]},"properties":{"name":"Strand","source":"OpenStreetMap"}},{"type":"Feature","id":"beach-osm-way-506271533","geometry":{"type":"Point","coordinates":[7.703035,58.362221]},"properties":{"name":"Strand","source":"OpenStreetMap"}},{"type":"Feature","id":"beach-osm-way-506785937","geometry":{"type":"Point","coordinates":[10.595871,59.439141]},"properties":{"name":"Strand","source":"OpenStreetMap"}},{"type":"Feature","id":"beach-osm-way-507334133","geometry":{"type":"Point","coordinates":[10.597856,59.418465]},"properties":{"name":"Strand","source":"OpenStreetMap"}},{"type":"Feature","id":"beach-osm-way-508116670","geometry":{"type":"Point","coordinates":[13.91479,67.101777]},"properties":{"name":"Strand","source":"OpenStreetMap"}},{"type":"Feature","id":"beach-osm-way-508443617","geometry":{"type":"Point","coordinates":[10.587737,59.420165]},"properties":{"name":"Strand","source":"OpenStreetMap"}},{"type":"Feature","id":"beach-osm-way-508719501","geometry":{"type":"Point","coordinates":[10.606877,59.419061]},"properties":{"name":"Strand","source":"OpenStreetMap"}},{"type":"Feature","id":"beach-osm-way-510496369","geometry":{"type":"Point","coordinates":[10.644287,59.428547]},"properties":{"name":"Strand","source":"OpenStreetMap"}},{"type":"Feature","id":"beach-osm-way-510874639","geometry":{"type":"Point","coordinates":[23.695548,70.668438]},"properties":{"name":"Strand","source":"OpenStreetMap"}},{"type":"Feature","id":"beach-osm-way-513175217","geometry":{"type":"Point","coordinates":[10.06268,63.492508]},"properties":{"name":"Strand","source":"OpenStreetMap"}},{"type":"Feature","id":"beach-osm-way-513403854","geometry":{"type":"Point","coordinates":[11.015753,59.022115]},"properties":{"name":"Strand","source":"OpenStreetMap"}},{"type":"Feature","id":"beach-osm-way-513403855","geometry":{"type":"Point","coordinates":[11.017263,59.022036]},"properties":{"name":"Strand","source":"OpenStreetMap"}},{"type":"Feature","id":"beach-osm-way-515100305","geometry":{"type":"Point","coordinates":[10.600276,59.706384]},"properties":{"name":"Strand","source":"OpenStreetMap"}},{"type":"Feature","id":"beach-osm-way-515936595","geometry":{"type":"Point","coordinates":[7.208356,58.476932]},"properties":{"name":"Strand","source":"OpenStreetMap"}},{"type":"Feature","id":"beach-osm-way-522867294","geometry":{"type":"Point","coordinates":[15.742659,67.646453]},"properties":{"name":"Strand","source":"OpenStreetMap"}},{"type":"Feature","id":"beach-osm-way-523232946","geometry":{"type":"Point","coordinates":[11.614435,59.724539]},"properties":{"name":"Strand","source":"OpenStreetMap"}},{"type":"Feature","id":"beach-osm-way-524754020","geometry":{"type":"Point","coordinates":[13.563911,68.113919]},"properties":{"name":"Strand","source":"OpenStreetMap"}},{"type":"Feature","id":"beach-osm-way-525247175","geometry":{"type":"Point","coordinates":[11.818298,59.726333]},"properties":{"name":"Strand","source":"OpenStreetMap"}},{"type":"Feature","id":"beach-osm-way-527273271","geometry":{"type":"Point","coordinates":[5.196475,59.168616]},"properties":{"name":"Strand","source":"OpenStreetMap"}},{"type":"Feature","id":"beach-osm-way-529234029","geometry":{"type":"Point","coordinates":[11.056727,59.13697]},"properties":{"name":"Strand","source":"OpenStreetMap"}},{"type":"Feature","id":"beach-osm-way-529390368","geometry":{"type":"Point","coordinates":[10.49254,59.822928]},"properties":{"name":"Strand","source":"OpenStreetMap"}},{"type":"Feature","id":"beach-osm-way-530012429","geometry":{"type":"Point","coordinates":[9.653137,59.151542]},"properties":{"name":"Strand","source":"OpenStreetMap"}},{"type":"Feature","id":"beach-osm-way-533575540","geometry":{"type":"Point","coordinates":[13.72848,64.504079]},"properties":{"name":"Strand","source":"OpenStreetMap"}},{"type":"Feature","id":"beach-osm-way-533575542","geometry":{"type":"Point","coordinates":[13.75348,64.507625]},"properties":{"name":"Strand","source":"OpenStreetMap"}},{"type":"Feature","id":"beach-osm-way-533575545","geometry":{"type":"Point","coordinates":[13.773786,64.509238]},"properties":{"name":"Strand","source":"OpenStreetMap"}},{"type":"Feature","id":"beach-osm-way-533575547","geometry":{"type":"Point","coordinates":[13.88955,64.506624]},"properties":{"name":"Strand","source":"OpenStreetMap"}},{"type":"Feature","id":"beach-osm-way-535333757","geometry":{"type":"Point","coordinates":[14.31201,67.262351]},"properties":{"name":"Strand","source":"OpenStreetMap"}},{"type":"Feature","id":"beach-osm-way-535333758","geometry":{"type":"Point","coordinates":[14.333763,67.256148]},"properties":{"name":"Strand","source":"OpenStreetMap"}},{"type":"Feature","id":"beach-osm-way-535333759","geometry":{"type":"Point","coordinates":[14.346393,67.257641]},"properties":{"name":"Strand","source":"OpenStreetMap"}},{"type":"Feature","id":"beach-osm-way-539480778","geometry":{"type":"Point","coordinates":[14.35896,67.258866]},"properties":{"name":"Strand","source":"OpenStreetMap"}},{"type":"Feature","id":"beach-osm-way-543114773","geometry":{"type":"Point","coordinates":[14.361517,67.277408]},"properties":{"name":"Strand","source":"OpenStreetMap"}},{"type":"Feature","id":"beach-osm-way-544001196","geometry":{"type":"Point","coordinates":[23.255614,69.109139]},"properties":{"name":"Strand","source":"OpenStreetMap"}},{"type":"Feature","id":"beach-osm-way-544882798","geometry":{"type":"Point","coordinates":[23.223711,69.066476]},"properties":{"name":"Strand","source":"OpenStreetMap"}},{"type":"Feature","id":"beach-osm-way-544882799","geometry":{"type":"Point","coordinates":[23.227835,69.065808]},"properties":{"name":"Strand","source":"OpenStreetMap"}},{"type":"Feature","id":"beach-osm-way-544882800","geometry":{"type":"Point","coordinates":[23.230242,69.070018]},"properties":{"name":"Strand","source":"OpenStreetMap"}},{"type":"Feature","id":"beach-osm-way-544888188","geometry":{"type":"Point","coordinates":[23.171151,69.060859]},"properties":{"name":"Strand","source":"OpenStreetMap"}},{"type":"Feature","id":"beach-osm-way-548689920","geometry":{"type":"Point","coordinates":[17.266361,69.412924]},"properties":{"name":"Strand","source":"OpenStreetMap"}},{"type":"Feature","id":"beach-osm-way-548689921","geometry":{"type":"Point","coordinates":[17.251363,69.412873]},"properties":{"name":"Strand","source":"OpenStreetMap"}},{"type":"Feature","id":"beach-osm-way-548689923","geometry":{"type":"Point","coordinates":[17.234262,69.414221]},"properties":{"name":"Strand","source":"OpenStreetMap"}},{"type":"Feature","id":"beach-osm-way-552212178","geometry":{"type":"Point","coordinates":[5.308776,59.292935]},"properties":{"name":"Strand","source":"OpenStreetMap"}},{"type":"Feature","id":"beach-osm-way-557481692","geometry":{"type":"Point","coordinates":[16.521963,69.061529]},"properties":{"name":"Strand","source":"OpenStreetMap"}},{"type":"Feature","id":"beach-osm-way-557481693","geometry":{"type":"Point","coordinates":[16.517919,69.061322]},"properties":{"name":"Strand","source":"OpenStreetMap"}},{"type":"Feature","id":"beach-osm-way-557481695","geometry":{"type":"Point","coordinates":[16.516248,69.059566]},"properties":{"name":"Strand","source":"OpenStreetMap"}},{"type":"Feature","id":"beach-osm-way-557481696","geometry":{"type":"Point","coordinates":[16.517092,69.058555]},"properties":{"name":"Strand","source":"OpenStreetMap"}},{"type":"Feature","id":"beach-osm-way-557481697","geometry":{"type":"Point","coordinates":[16.541151,69.066809]},"properties":{"name":"Strand","source":"OpenStreetMap"}},{"type":"Feature","id":"beach-osm-way-557481698","geometry":{"type":"Point","coordinates":[16.54172,69.066233]},"properties":{"name":"Strand","source":"OpenStreetMap"}},{"type":"Feature","id":"beach-osm-way-557481699","geometry":{"type":"Point","coordinates":[16.543957,69.067392]},"properties":{"name":"Strand","source":"OpenStreetMap"}},{"type":"Feature","id":"beach-osm-way-557481700","geometry":{"type":"Point","coordinates":[16.54692,69.067647]},"properties":{"name":"Strand","source":"OpenStreetMap"}},{"type":"Feature","id":"beach-osm-way-557481702","geometry":{"type":"Point","coordinates":[16.544859,69.066804]},"properties":{"name":"Strand","source":"OpenStreetMap"}},{"type":"Feature","id":"beach-osm-way-557481703","geometry":{"type":"Point","coordinates":[16.544923,69.065265]},"properties":{"name":"Strand","source":"OpenStreetMap"}},{"type":"Feature","id":"beach-osm-way-557481704","geometry":{"type":"Point","coordinates":[16.546129,69.062535]},"properties":{"name":"Strand","source":"OpenStreetMap"}},{"type":"Feature","id":"beach-osm-way-557481706","geometry":{"type":"Point","coordinates":[16.544148,69.061902]},"properties":{"name":"Strand","source":"OpenStreetMap"}},{"type":"Feature","id":"beach-osm-way-557481707","geometry":{"type":"Point","coordinates":[16.540837,69.061012]},"properties":{"name":"Strand","source":"OpenStreetMap"}},{"type":"Feature","id":"beach-osm-way-557481708","geometry":{"type":"Point","coordinates":[16.537019,69.060835]},"properties":{"name":"Strand","source":"OpenStreetMap"}},{"type":"Feature","id":"beach-osm-way-557481709","geometry":{"type":"Point","coordinates":[16.527627,69.061342]},"properties":{"name":"Strand","source":"OpenStreetMap"}},{"type":"Feature","id":"beach-osm-way-557481710","geometry":{"type":"Point","coordinates":[16.529133,69.062757]},"properties":{"name":"Strand","source":"OpenStreetMap"}},{"type":"Feature","id":"beach-osm-way-557481711","geometry":{"type":"Point","coordinates":[16.514435,69.078393]},"properties":{"name":"Strand","source":"OpenStreetMap"}},{"type":"Feature","id":"beach-osm-way-557481713","geometry":{"type":"Point","coordinates":[16.512721,69.077924]},"properties":{"name":"Strand","source":"OpenStreetMap"}},{"type":"Feature","id":"beach-osm-way-557481715","geometry":{"type":"Point","coordinates":[16.51304,69.077327]},"properties":{"name":"Strand","source":"OpenStreetMap"}},{"type":"Feature","id":"beach-osm-way-557481716","geometry":{"type":"Point","coordinates":[16.515293,69.07895]},"properties":{"name":"Strand","source":"OpenStreetMap"}},{"type":"Feature","id":"beach-osm-way-557481717","geometry":{"type":"Point","coordinates":[16.497728,69.074719]},"properties":{"name":"Strand","source":"OpenStreetMap"}},{"type":"Feature","id":"beach-osm-way-561269094","geometry":{"type":"Point","coordinates":[10.418608,59.084019]},"properties":{"name":"Strand","source":"OpenStreetMap"}},{"type":"Feature","id":"beach-osm-way-561269096","geometry":{"type":"Point","coordinates":[10.448984,59.093362]},"properties":{"name":"Strand","source":"OpenStreetMap"}},{"type":"Feature","id":"beach-osm-way-561269104","geometry":{"type":"Point","coordinates":[10.382962,59.11629]},"properties":{"name":"Strand","source":"OpenStreetMap"}},{"type":"Feature","id":"beach-osm-way-561277274","geometry":{"type":"Point","coordinates":[10.406158,59.165582]},"properties":{"name":"Strand","source":"OpenStreetMap"}},{"type":"Feature","id":"beach-osm-way-562080505","geometry":{"type":"Point","coordinates":[10.471864,59.37929]},"properties":{"name":"Strand","source":"OpenStreetMap"}},{"type":"Feature","id":"beach-osm-way-562611363","geometry":{"type":"Point","coordinates":[16.912186,69.37312]},"properties":{"name":"Strand","source":"OpenStreetMap"}},{"type":"Feature","id":"beach-osm-way-562611379","geometry":{"type":"Point","coordinates":[16.924178,69.379128]},"properties":{"name":"Strand","source":"OpenStreetMap"}},{"type":"Feature","id":"beach-osm-way-562845220","geometry":{"type":"Point","coordinates":[10.457673,59.435412]},"properties":{"name":"Strand","source":"OpenStreetMap"}},{"type":"Feature","id":"beach-osm-way-563400232","geometry":{"type":"Point","coordinates":[10.485243,59.404614]},"properties":{"name":"Strand","source":"OpenStreetMap"}},{"type":"Feature","id":"beach-osm-way-564317712","geometry":{"type":"Point","coordinates":[10.476705,59.385256]},"properties":{"name":"Strand","source":"OpenStreetMap"}},{"type":"Feature","id":"beach-osm-way-564461684","geometry":{"type":"Point","coordinates":[10.440262,59.44981]},"properties":{"name":"Strand","source":"OpenStreetMap"}},{"type":"Feature","id":"beach-osm-way-565538834","geometry":{"type":"Point","coordinates":[10.494738,59.426847]},"properties":{"name":"Strand","source":"OpenStreetMap"}},{"type":"Feature","id":"beach-osm-way-570304753","geometry":{"type":"Point","coordinates":[10.853518,59.398675]},"properties":{"name":"Strand","source":"OpenStreetMap"}},{"type":"Feature","id":"beach-osm-way-571281668","geometry":{"type":"Point","coordinates":[10.431448,59.44816]},"properties":{"name":"Strand","source":"OpenStreetMap"}},{"type":"Feature","id":"beach-osm-way-571284705","geometry":{"type":"Point","coordinates":[18.129239,69.623356]},"properties":{"name":"Strand","source":"OpenStreetMap"}},{"type":"Feature","id":"beach-osm-way-571656081","geometry":{"type":"Point","coordinates":[10.732989,59.326223]},"properties":{"name":"Strand","source":"OpenStreetMap"}},{"type":"Feature","id":"beach-osm-way-574796697","geometry":{"type":"Point","coordinates":[6.520427,61.969219]},"properties":{"name":"Strand","source":"OpenStreetMap"}},{"type":"Feature","id":"beach-osm-way-574993883","geometry":{"type":"Point","coordinates":[10.665824,59.328478]},"properties":{"name":"Strand","source":"OpenStreetMap"}},{"type":"Feature","id":"beach-osm-way-574993884","geometry":{"type":"Point","coordinates":[10.667961,59.328344]},"properties":{"name":"Strand","source":"OpenStreetMap"}},{"type":"Feature","id":"beach-osm-way-576862646","geometry":{"type":"Point","coordinates":[9.753769,59.011626]},"properties":{"name":"Strand","source":"OpenStreetMap"}},{"type":"Feature","id":"beach-osm-way-577487025","geometry":{"type":"Point","coordinates":[10.501614,59.278809]},"properties":{"name":"Strand","source":"OpenStreetMap"}},{"type":"Feature","id":"beach-osm-way-577717551","geometry":{"type":"Point","coordinates":[10.514167,59.293653]},"properties":{"name":"Strand","source":"OpenStreetMap"}},{"type":"Feature","id":"beach-osm-way-578377935","geometry":{"type":"Point","coordinates":[10.651434,59.389331]},"properties":{"name":"Strand","source":"OpenStreetMap"}},{"type":"Feature","id":"beach-osm-way-580261388","geometry":{"type":"Point","coordinates":[4.9999,60.641328]},"properties":{"name":"Strand","source":"OpenStreetMap"}},{"type":"Feature","id":"beach-osm-way-582016251","geometry":{"type":"Point","coordinates":[10.472323,59.348578]},"properties":{"name":"Strand","source":"OpenStreetMap"}},{"type":"Feature","id":"beach-osm-way-582016252","geometry":{"type":"Point","coordinates":[10.474217,59.346599]},"properties":{"name":"Strand","source":"OpenStreetMap"}},{"type":"Feature","id":"beach-osm-way-586103913","geometry":{"type":"Point","coordinates":[10.477267,59.387893]},"properties":{"name":"Strand","source":"OpenStreetMap"}},{"type":"Feature","id":"beach-osm-way-589307350","geometry":{"type":"Point","coordinates":[12.862193,67.870538]},"properties":{"name":"Strand","source":"OpenStreetMap"}},{"type":"Feature","id":"beach-osm-way-589316834","geometry":{"type":"Point","coordinates":[12.826216,67.84202]},"properties":{"name":"Strand","source":"OpenStreetMap"}},{"type":"Feature","id":"beach-osm-way-590202196","geometry":{"type":"Point","coordinates":[10.288034,60.081788]},"properties":{"name":"Strand","source":"OpenStreetMap"}},{"type":"Feature","id":"beach-osm-way-590281663","geometry":{"type":"Point","coordinates":[21.183922,69.830469]},"properties":{"name":"Strand","source":"OpenStreetMap"}},{"type":"Feature","id":"beach-osm-way-592837068","geometry":{"type":"Point","coordinates":[6.490875,58.571845]},"properties":{"name":"Strand","source":"OpenStreetMap"}},{"type":"Feature","id":"beach-osm-way-592837070","geometry":{"type":"Point","coordinates":[6.489313,58.572235]},"properties":{"name":"Strand","source":"OpenStreetMap"}},{"type":"Feature","id":"beach-osm-way-594726337","geometry":{"type":"Point","coordinates":[5.261568,60.502036]},"properties":{"name":"Strand","source":"OpenStreetMap"}},{"type":"Feature","id":"beach-osm-way-596668445","geometry":{"type":"Point","coordinates":[5.66072,58.725661]},"properties":{"name":"Strand","source":"OpenStreetMap"}},{"type":"Feature","id":"beach-osm-way-596668447","geometry":{"type":"Point","coordinates":[5.659628,58.724977]},"properties":{"name":"Strand","source":"OpenStreetMap"}},{"type":"Feature","id":"beach-osm-way-597943592","geometry":{"type":"Point","coordinates":[5.764741,58.96741]},"properties":{"name":"Strand","source":"OpenStreetMap"}},{"type":"Feature","id":"beach-osm-way-598400828","geometry":{"type":"Point","coordinates":[5.851808,59.267982]},"properties":{"name":"Strand","source":"OpenStreetMap"}},{"type":"Feature","id":"beach-osm-way-600700233","geometry":{"type":"Point","coordinates":[7.868216,58.214391]},"properties":{"name":"Strand","source":"OpenStreetMap"}},{"type":"Feature","id":"beach-osm-way-600835147","geometry":{"type":"Point","coordinates":[17.91622,69.541397]},"properties":{"name":"Strand","source":"OpenStreetMap"}},{"type":"Feature","id":"beach-osm-way-600835148","geometry":{"type":"Point","coordinates":[17.911321,69.536788]},"properties":{"name":"Strand","source":"OpenStreetMap"}},{"type":"Feature","id":"beach-osm-way-600835691","geometry":{"type":"Point","coordinates":[17.762261,69.541134]},"properties":{"name":"Strand","source":"OpenStreetMap"}},{"type":"Feature","id":"beach-osm-way-600836930","geometry":{"type":"Point","coordinates":[17.736355,69.557519]},"properties":{"name":"Strand","source":"OpenStreetMap"}},{"type":"Feature","id":"beach-osm-way-600838618","geometry":{"type":"Point","coordinates":[17.342301,69.456667]},"properties":{"name":"Strand","source":"OpenStreetMap"}},{"type":"Feature","id":"beach-osm-way-600839097","geometry":{"type":"Point","coordinates":[17.288623,69.408079]},"properties":{"name":"Strand","source":"OpenStreetMap"}},{"type":"Feature","id":"beach-osm-way-600839103","geometry":{"type":"Point","coordinates":[17.29016,69.411064]},"properties":{"name":"Strand","source":"OpenStreetMap"}},{"type":"Feature","id":"beach-osm-way-600839104","geometry":{"type":"Point","coordinates":[17.281538,69.412511]},"properties":{"name":"Strand","source":"OpenStreetMap"}},{"type":"Feature","id":"beach-osm-way-600840486","geometry":{"type":"Point","coordinates":[17.04841,69.044994]},"properties":{"name":"Strand","source":"OpenStreetMap"}},{"type":"Feature","id":"beach-osm-way-600840947","geometry":{"type":"Point","coordinates":[17.493952,69.175956]},"properties":{"name":"Strand","source":"OpenStreetMap"}},{"type":"Feature","id":"beach-osm-way-600840990","geometry":{"type":"Point","coordinates":[17.53962,69.159834]},"properties":{"name":"Strand","source":"OpenStreetMap"}},{"type":"Feature","id":"beach-osm-way-600841373","geometry":{"type":"Point","coordinates":[18.018039,69.474506]},"properties":{"name":"Strand","source":"OpenStreetMap"}},{"type":"Feature","id":"beach-osm-way-600987088","geometry":{"type":"Point","coordinates":[15.258395,68.91856]},"properties":{"name":"Strand","source":"OpenStreetMap"}},{"type":"Feature","id":"beach-osm-way-600988428","geometry":{"type":"Point","coordinates":[14.483395,68.730016]},"properties":{"name":"Strand","source":"OpenStreetMap"}},{"type":"Feature","id":"beach-osm-way-600988451","geometry":{"type":"Point","coordinates":[14.420339,68.697226]},"properties":{"name":"Strand","source":"OpenStreetMap"}},{"type":"Feature","id":"beach-osm-way-601709920","geometry":{"type":"Point","coordinates":[10.468508,59.352518]},"properties":{"name":"Strand","source":"OpenStreetMap"}},{"type":"Feature","id":"beach-osm-way-603951729","geometry":{"type":"Point","coordinates":[14.889616,68.499896]},"properties":{"name":"Strand","source":"OpenStreetMap"}},{"type":"Feature","id":"beach-osm-way-603951730","geometry":{"type":"Point","coordinates":[14.910617,68.504165]},"properties":{"name":"Strand","source":"OpenStreetMap"}},{"type":"Feature","id":"beach-osm-way-603951852","geometry":{"type":"Point","coordinates":[14.875864,68.500506]},"properties":{"name":"Strand","source":"OpenStreetMap"}},{"type":"Feature","id":"beach-osm-way-603951925","geometry":{"type":"Point","coordinates":[14.740353,68.500607]},"properties":{"name":"Strand","source":"OpenStreetMap"}},{"type":"Feature","id":"beach-osm-way-603952227","geometry":{"type":"Point","coordinates":[14.655402,68.540724]},"properties":{"name":"Strand","source":"OpenStreetMap"}},{"type":"Feature","id":"beach-osm-way-603953527","geometry":{"type":"Point","coordinates":[14.682949,68.420962]},"properties":{"name":"Strand","source":"OpenStreetMap"}},{"type":"Feature","id":"beach-osm-way-603953529","geometry":{"type":"Point","coordinates":[14.705664,68.4142]},"properties":{"name":"Strand","source":"OpenStreetMap"}},{"type":"Feature","id":"beach-osm-way-603953531","geometry":{"type":"Point","coordinates":[14.705565,68.415524]},"properties":{"name":"Strand","source":"OpenStreetMap"}},{"type":"Feature","id":"beach-osm-way-603953532","geometry":{"type":"Point","coordinates":[14.690646,68.413396]},"properties":{"name":"Strand","source":"OpenStreetMap"}},{"type":"Feature","id":"beach-osm-way-603954274","geometry":{"type":"Point","coordinates":[14.599966,68.431602]},"properties":{"name":"Strand","source":"OpenStreetMap"}},{"type":"Feature","id":"beach-osm-way-603966666","geometry":{"type":"Point","coordinates":[15.150055,68.421214]},"properties":{"name":"Strand","source":"OpenStreetMap"}},{"type":"Feature","id":"beach-osm-way-603966932","geometry":{"type":"Point","coordinates":[15.158308,68.478803]},"properties":{"name":"Strand","source":"OpenStreetMap"}},{"type":"Feature","id":"beach-osm-way-603967046","geometry":{"type":"Point","coordinates":[15.193716,68.488457]},"properties":{"name":"Strand","source":"OpenStreetMap"}},{"type":"Feature","id":"beach-osm-way-603967047","geometry":{"type":"Point","coordinates":[15.194829,68.486077]},"properties":{"name":"Strand","source":"OpenStreetMap"}},{"type":"Feature","id":"beach-osm-way-603968083","geometry":{"type":"Point","coordinates":[15.2134,68.490344]},"properties":{"name":"Strand","source":"OpenStreetMap"}},{"type":"Feature","id":"beach-osm-way-603968085","geometry":{"type":"Point","coordinates":[15.207927,68.491356]},"properties":{"name":"Strand","source":"OpenStreetMap"}},{"type":"Feature","id":"beach-osm-way-603969553","geometry":{"type":"Point","coordinates":[15.188829,68.504825]},"properties":{"name":"Strand","source":"OpenStreetMap"}},{"type":"Feature","id":"beach-osm-way-603969554","geometry":{"type":"Point","coordinates":[15.193306,68.506804]},"properties":{"name":"Strand","source":"OpenStreetMap"}},{"type":"Feature","id":"beach-osm-way-603969555","geometry":{"type":"Point","coordinates":[15.193266,68.505699]},"properties":{"name":"Strand","source":"OpenStreetMap"}},{"type":"Feature","id":"beach-osm-way-603969556","geometry":{"type":"Point","coordinates":[15.189975,68.505064]},"properties":{"name":"Strand","source":"OpenStreetMap"}},{"type":"Feature","id":"beach-osm-way-603969888","geometry":{"type":"Point","coordinates":[15.047686,68.457451]},"properties":{"name":"Strand","source":"OpenStreetMap"}},{"type":"Feature","id":"beach-osm-way-603970665","geometry":{"type":"Point","coordinates":[13.88862,68.339287]},"properties":{"name":"Strand","source":"OpenStreetMap"}},{"type":"Feature","id":"beach-osm-way-603971084","geometry":{"type":"Point","coordinates":[13.876851,68.330923]},"properties":{"name":"Strand","source":"OpenStreetMap"}},{"type":"Feature","id":"beach-osm-way-603971300","geometry":{"type":"Point","coordinates":[13.872626,68.317092]},"properties":{"name":"Strand","source":"OpenStreetMap"}},{"type":"Feature","id":"beach-osm-way-603971301","geometry":{"type":"Point","coordinates":[13.870293,68.315873]},"properties":{"name":"Strand","source":"OpenStreetMap"}},{"type":"Feature","id":"beach-osm-way-603972182","geometry":{"type":"Point","coordinates":[13.616103,68.126528]},"properties":{"name":"Strand","source":"OpenStreetMap"}},{"type":"Feature","id":"beach-osm-way-603972183","geometry":{"type":"Point","coordinates":[13.615049,68.128036]},"properties":{"name":"Strand","source":"OpenStreetMap"}},{"type":"Feature","id":"beach-osm-way-603972831","geometry":{"type":"Point","coordinates":[13.941607,68.191262]},"properties":{"name":"Strand","source":"OpenStreetMap"}},{"type":"Feature","id":"beach-osm-way-603978166","geometry":{"type":"Point","coordinates":[13.306798,68.13559]},"properties":{"name":"Strand","source":"OpenStreetMap"}},{"type":"Feature","id":"beach-osm-way-603978937","geometry":{"type":"Point","coordinates":[13.37021,68.164238]},"properties":{"name":"Strand","source":"OpenStreetMap"}},{"type":"Feature","id":"beach-osm-way-605367074","geometry":{"type":"Point","coordinates":[11.054371,59.500132]},"properties":{"name":"Strand","source":"OpenStreetMap"}},{"type":"Feature","id":"beach-osm-way-605510029","geometry":{"type":"Point","coordinates":[6.32044,59.641549]},"properties":{"name":"Strand","source":"OpenStreetMap"}},{"type":"Feature","id":"beach-osm-way-605557473","geometry":{"type":"Point","coordinates":[10.653086,59.409539]},"properties":{"name":"Strand","source":"OpenStreetMap"}},{"type":"Feature","id":"beach-osm-way-605587754","geometry":{"type":"Point","coordinates":[10.653864,59.37021]},"properties":{"name":"Strand","source":"OpenStreetMap"}},{"type":"Feature","id":"beach-osm-way-605587756","geometry":{"type":"Point","coordinates":[10.652317,59.37186]},"properties":{"name":"Strand","source":"OpenStreetMap"}},{"type":"Feature","id":"beach-osm-way-605901567","geometry":{"type":"Point","coordinates":[5.675098,58.996063]},"properties":{"name":"Strand","source":"OpenStreetMap"}},{"type":"Feature","id":"beach-osm-way-606517319","geometry":{"type":"Point","coordinates":[5.742505,58.875369]},"properties":{"name":"Strand","source":"OpenStreetMap"}},{"type":"Feature","id":"beach-osm-way-606804631","geometry":{"type":"Point","coordinates":[10.593502,59.43907]},"properties":{"name":"Strand","source":"OpenStreetMap"}},{"type":"Feature","id":"beach-osm-way-607305730","geometry":{"type":"Point","coordinates":[11.490638,64.017362]},"properties":{"name":"Strand","source":"OpenStreetMap"}},{"type":"Feature","id":"beach-osm-way-608121905","geometry":{"type":"Point","coordinates":[10.648432,59.396588]},"properties":{"name":"Strand","source":"OpenStreetMap"}},{"type":"Feature","id":"beach-osm-way-608435992","geometry":{"type":"Point","coordinates":[17.79689,69.544008]},"properties":{"name":"Strand","source":"OpenStreetMap"}},{"type":"Feature","id":"beach-osm-way-608436237","geometry":{"type":"Point","coordinates":[7.873493,58.224174]},"properties":{"name":"Strand","source":"OpenStreetMap"}},{"type":"Feature","id":"beach-osm-way-609160102","geometry":{"type":"Point","coordinates":[10.722092,59.333608]},"properties":{"name":"Strand","source":"OpenStreetMap"}},{"type":"Feature","id":"beach-osm-way-610023887","geometry":{"type":"Point","coordinates":[7.801349,58.687238]},"properties":{"name":"Strand","source":"OpenStreetMap"}},{"type":"Feature","id":"beach-osm-way-611979841","geometry":{"type":"Point","coordinates":[14.192496,68.221538]},"properties":{"name":"Strand","source":"OpenStreetMap"}},{"type":"Feature","id":"beach-osm-way-612092147","geometry":{"type":"Point","coordinates":[5.725849,58.779303]},"properties":{"name":"Strand","source":"OpenStreetMap"}},{"type":"Feature","id":"beach-osm-way-613370975","geometry":{"type":"Point","coordinates":[6.162652,59.232858]},"properties":{"name":"Strand","source":"OpenStreetMap"}},{"type":"Feature","id":"beach-osm-way-613714588","geometry":{"type":"Point","coordinates":[9.027836,58.886838]},"properties":{"name":"Strand","source":"OpenStreetMap"}},{"type":"Feature","id":"beach-osm-way-613716136","geometry":{"type":"Point","coordinates":[10.748311,59.328584]},"properties":{"name":"Strand","source":"OpenStreetMap"}},{"type":"Feature","id":"beach-osm-way-613722120","geometry":{"type":"Point","coordinates":[10.73161,59.323632]},"properties":{"name":"Strand","source":"OpenStreetMap"}},{"type":"Feature","id":"beach-osm-way-613738915","geometry":{"type":"Point","coordinates":[10.701881,59.306997]},"properties":{"name":"Strand","source":"OpenStreetMap"}},{"type":"Feature","id":"beach-osm-way-613738917","geometry":{"type":"Point","coordinates":[10.702683,59.307483]},"properties":{"name":"Strand","source":"OpenStreetMap"}},{"type":"Feature","id":"beach-osm-way-613738918","geometry":{"type":"Point","coordinates":[10.703575,59.306757]},"properties":{"name":"Strand","source":"OpenStreetMap"}},{"type":"Feature","id":"beach-osm-way-613768897","geometry":{"type":"Point","coordinates":[10.701834,59.306008]},"properties":{"name":"Strand","source":"OpenStreetMap"}},{"type":"Feature","id":"beach-osm-way-613805124","geometry":{"type":"Point","coordinates":[10.681832,59.282188]},"properties":{"name":"Strand","source":"OpenStreetMap"}},{"type":"Feature","id":"beach-osm-way-613805125","geometry":{"type":"Point","coordinates":[10.68097,59.281729]},"properties":{"name":"Strand","source":"OpenStreetMap"}},{"type":"Feature","id":"beach-osm-way-613805127","geometry":{"type":"Point","coordinates":[10.677599,59.279983]},"properties":{"name":"Strand","source":"OpenStreetMap"}},{"type":"Feature","id":"beach-osm-way-613805133","geometry":{"type":"Point","coordinates":[10.675413,59.280087]},"properties":{"name":"Strand","source":"OpenStreetMap"}},{"type":"Feature","id":"beach-osm-way-613805135","geometry":{"type":"Point","coordinates":[10.678644,59.283162]},"properties":{"name":"Strand","source":"OpenStreetMap"}},{"type":"Feature","id":"beach-osm-way-613805140","geometry":{"type":"Point","coordinates":[10.679267,59.281298]},"properties":{"name":"Strand","source":"OpenStreetMap"}},{"type":"Feature","id":"beach-osm-way-613806973","geometry":{"type":"Point","coordinates":[10.676253,59.288774]},"properties":{"name":"Strand","source":"OpenStreetMap"}},{"type":"Feature","id":"beach-osm-way-613806975","geometry":{"type":"Point","coordinates":[10.677052,59.287759]},"properties":{"name":"Strand","source":"OpenStreetMap"}},{"type":"Feature","id":"beach-osm-way-613816960","geometry":{"type":"Point","coordinates":[10.673251,59.321931]},"properties":{"name":"Strand","source":"OpenStreetMap"}},{"type":"Feature","id":"beach-osm-way-613816961","geometry":{"type":"Point","coordinates":[10.674434,59.321847]},"properties":{"name":"Strand","source":"OpenStreetMap"}},{"type":"Feature","id":"beach-osm-way-613816963","geometry":{"type":"Point","coordinates":[10.674836,59.32136]},"properties":{"name":"Strand","source":"OpenStreetMap"}},{"type":"Feature","id":"beach-osm-way-613816964","geometry":{"type":"Point","coordinates":[10.671594,59.323653]},"properties":{"name":"Strand","source":"OpenStreetMap"}},{"type":"Feature","id":"beach-osm-way-613816965","geometry":{"type":"Point","coordinates":[10.671999,59.322982]},"properties":{"name":"Strand","source":"OpenStreetMap"}},{"type":"Feature","id":"beach-osm-way-613987920","geometry":{"type":"Point","coordinates":[10.412564,59.603384]},"properties":{"name":"Strand","source":"OpenStreetMap"}},{"type":"Feature","id":"beach-osm-way-613987921","geometry":{"type":"Point","coordinates":[10.414479,59.61084]},"properties":{"name":"Strand","source":"OpenStreetMap"}},{"type":"Feature","id":"beach-osm-way-614264673","geometry":{"type":"Point","coordinates":[10.670189,59.305399]},"properties":{"name":"Strand","source":"OpenStreetMap"}},{"type":"Feature","id":"beach-osm-way-614464621","geometry":{"type":"Point","coordinates":[10.676811,59.316754]},"properties":{"name":"Strand","source":"OpenStreetMap"}},{"type":"Feature","id":"beach-osm-way-614464623","geometry":{"type":"Point","coordinates":[10.678394,59.318636]},"properties":{"name":"Strand","source":"OpenStreetMap"}},{"type":"Feature","id":"beach-osm-way-614464624","geometry":{"type":"Point","coordinates":[10.67829,59.317878]},"properties":{"name":"Strand","source":"OpenStreetMap"}},{"type":"Feature","id":"beach-osm-way-614464627","geometry":{"type":"Point","coordinates":[10.680776,59.319608]},"properties":{"name":"Strand","source":"OpenStreetMap"}},{"type":"Feature","id":"beach-osm-way-614464628","geometry":{"type":"Point","coordinates":[10.681493,59.32089]},"properties":{"name":"Strand","source":"OpenStreetMap"}},{"type":"Feature","id":"beach-osm-way-614533059","geometry":{"type":"Point","coordinates":[10.282172,61.367722]},"properties":{"name":"Strand","source":"OpenStreetMap"}},{"type":"Feature","id":"beach-osm-way-615184830","geometry":{"type":"Point","coordinates":[10.719438,59.313216]},"properties":{"name":"Strand","source":"OpenStreetMap"}},{"type":"Feature","id":"beach-osm-way-615233060","geometry":{"type":"Point","coordinates":[10.71992,59.316596]},"properties":{"name":"Strand","source":"OpenStreetMap"}},{"type":"Feature","id":"beach-osm-way-615257618","geometry":{"type":"Point","coordinates":[10.675897,59.321157]},"properties":{"name":"Strand","source":"OpenStreetMap"}},{"type":"Feature","id":"beach-osm-way-615469723","geometry":{"type":"Point","coordinates":[10.75595,59.309772]},"properties":{"name":"Strand","source":"OpenStreetMap"}},{"type":"Feature","id":"beach-osm-way-615469728","geometry":{"type":"Point","coordinates":[10.75393,59.309771]},"properties":{"name":"Strand","source":"OpenStreetMap"}},{"type":"Feature","id":"beach-osm-way-615469742","geometry":{"type":"Point","coordinates":[10.753516,59.30599]},"properties":{"name":"Strand","source":"OpenStreetMap"}},{"type":"Feature","id":"beach-osm-way-615469751","geometry":{"type":"Point","coordinates":[10.754428,59.307159]},"properties":{"name":"Strand","source":"OpenStreetMap"}},{"type":"Feature","id":"beach-osm-way-616022055","geometry":{"type":"Point","coordinates":[14.712469,68.514605]},"properties":{"name":"Strand","source":"OpenStreetMap"}},{"type":"Feature","id":"beach-osm-way-616336651","geometry":{"type":"Point","coordinates":[10.659063,59.353621]},"properties":{"name":"Strand","source":"OpenStreetMap"}},{"type":"Feature","id":"beach-osm-way-617377238","geometry":{"type":"Point","coordinates":[8.496972,63.342676]},"properties":{"name":"Strand","source":"OpenStreetMap"}},{"type":"Feature","id":"beach-osm-way-617479102","geometry":{"type":"Point","coordinates":[7.867722,63.123347]},"properties":{"name":"Strand","source":"OpenStreetMap"}},{"type":"Feature","id":"beach-osm-way-617781177","geometry":{"type":"Point","coordinates":[10.749624,59.312726]},"properties":{"name":"Strand","source":"OpenStreetMap"}},{"type":"Feature","id":"beach-osm-way-617781186","geometry":{"type":"Point","coordinates":[10.751094,59.312727]},"properties":{"name":"Strand","source":"OpenStreetMap"}},{"type":"Feature","id":"beach-osm-way-617781211","geometry":{"type":"Point","coordinates":[10.74814,59.312396]},"properties":{"name":"Strand","source":"OpenStreetMap"}},{"type":"Feature","id":"beach-osm-way-617781231","geometry":{"type":"Point","coordinates":[10.752481,59.313168]},"properties":{"name":"Strand","source":"OpenStreetMap"}},{"type":"Feature","id":"beach-osm-way-617781235","geometry":{"type":"Point","coordinates":[10.753064,59.312639]},"properties":{"name":"Strand","source":"OpenStreetMap"}},{"type":"Feature","id":"beach-osm-way-617843440","geometry":{"type":"Point","coordinates":[10.758055,59.31067]},"properties":{"name":"Strand","source":"OpenStreetMap"}},{"type":"Feature","id":"beach-osm-way-618256262","geometry":{"type":"Point","coordinates":[10.741889,59.323639]},"properties":{"name":"Strand","source":"OpenStreetMap"}},{"type":"Feature","id":"beach-osm-way-618798143","geometry":{"type":"Point","coordinates":[10.695224,59.312007]},"properties":{"name":"Strand","source":"OpenStreetMap"}},{"type":"Feature","id":"beach-osm-way-619437981","geometry":{"type":"Point","coordinates":[10.724238,59.304865]},"properties":{"name":"Strand","source":"OpenStreetMap"}},{"type":"Feature","id":"beach-osm-way-619437986","geometry":{"type":"Point","coordinates":[10.72263,59.305593]},"properties":{"name":"Strand","source":"OpenStreetMap"}},{"type":"Feature","id":"beach-osm-way-619437993","geometry":{"type":"Point","coordinates":[10.725574,59.311349]},"properties":{"name":"Strand","source":"OpenStreetMap"}},{"type":"Feature","id":"beach-osm-way-619437994","geometry":{"type":"Point","coordinates":[10.726589,59.311966]},"properties":{"name":"Strand","source":"OpenStreetMap"}},{"type":"Feature","id":"beach-osm-way-619446811","geometry":{"type":"Point","coordinates":[10.743377,59.309887]},"properties":{"name":"Strand","source":"OpenStreetMap"}},{"type":"Feature","id":"beach-osm-way-619446814","geometry":{"type":"Point","coordinates":[10.744297,59.310064]},"properties":{"name":"Strand","source":"OpenStreetMap"}},{"type":"Feature","id":"beach-osm-way-620661428","geometry":{"type":"Point","coordinates":[5.745028,58.923365]},"properties":{"name":"Strand","source":"OpenStreetMap"}},{"type":"Feature","id":"beach-osm-way-620661436","geometry":{"type":"Point","coordinates":[5.747106,58.922854]},"properties":{"name":"Strand","source":"OpenStreetMap"}},{"type":"Feature","id":"beach-osm-way-620661437","geometry":{"type":"Point","coordinates":[5.748384,58.922777]},"properties":{"name":"Strand","source":"OpenStreetMap"}},{"type":"Feature","id":"beach-osm-way-620846611","geometry":{"type":"Point","coordinates":[10.7238,59.317872]},"properties":{"name":"Strand","source":"OpenStreetMap"}},{"type":"Feature","id":"beach-osm-way-620846630","geometry":{"type":"Point","coordinates":[10.719154,59.316053]},"properties":{"name":"Strand","source":"OpenStreetMap"}},{"type":"Feature","id":"beach-osm-way-620856120","geometry":{"type":"Point","coordinates":[10.726428,59.314094]},"properties":{"name":"Strand","source":"OpenStreetMap"}},{"type":"Feature","id":"beach-osm-way-620856124","geometry":{"type":"Point","coordinates":[10.725576,59.314371]},"properties":{"name":"Strand","source":"OpenStreetMap"}},{"type":"Feature","id":"beach-osm-way-620856129","geometry":{"type":"Point","coordinates":[10.721986,59.313451]},"properties":{"name":"Strand","source":"OpenStreetMap"}},{"type":"Feature","id":"beach-osm-way-621104788","geometry":{"type":"Point","coordinates":[10.728548,59.313972]},"properties":{"name":"Strand","source":"OpenStreetMap"}},{"type":"Feature","id":"beach-osm-way-622327514","geometry":{"type":"Point","coordinates":[10.957381,59.081714]},"properties":{"name":"Strand","source":"OpenStreetMap"}},{"type":"Feature","id":"beach-osm-way-623045879","geometry":{"type":"Point","coordinates":[8.080476,58.130337]},"properties":{"name":"Strand","source":"OpenStreetMap"}},{"type":"Feature","id":"beach-osm-way-623067126","geometry":{"type":"Point","coordinates":[10.667851,59.297956]},"properties":{"name":"Strand","source":"OpenStreetMap"}},{"type":"Feature","id":"beach-osm-way-623067133","geometry":{"type":"Point","coordinates":[10.661489,59.299971]},"properties":{"name":"Strand","source":"OpenStreetMap"}},{"type":"Feature","id":"beach-osm-way-623067139","geometry":{"type":"Point","coordinates":[10.674467,59.302832]},"properties":{"name":"Strand","source":"OpenStreetMap"}},{"type":"Feature","id":"beach-osm-way-623067144","geometry":{"type":"Point","coordinates":[10.664606,59.30515]},"properties":{"name":"Strand","source":"OpenStreetMap"}},{"type":"Feature","id":"beach-osm-way-623067145","geometry":{"type":"Point","coordinates":[10.66056,59.300558]},"properties":{"name":"Strand","source":"OpenStreetMap"}},{"type":"Feature","id":"beach-osm-way-623380191","geometry":{"type":"Point","coordinates":[10.679868,59.288727]},"properties":{"name":"Strand","source":"OpenStreetMap"}},{"type":"Feature","id":"beach-osm-way-623380195","geometry":{"type":"Point","coordinates":[10.679248,59.29126]},"properties":{"name":"Strand","source":"OpenStreetMap"}},{"type":"Feature","id":"beach-osm-way-623380201","geometry":{"type":"Point","coordinates":[10.673784,59.290309]},"properties":{"name":"Strand","source":"OpenStreetMap"}},{"type":"Feature","id":"beach-osm-way-623380205","geometry":{"type":"Point","coordinates":[10.673708,59.291246]},"properties":{"name":"Strand","source":"OpenStreetMap"}},{"type":"Feature","id":"beach-osm-way-623434444","geometry":{"type":"Point","coordinates":[10.467025,59.068799]},"properties":{"name":"Strand","source":"OpenStreetMap"}},{"type":"Feature","id":"beach-osm-way-623554938","geometry":{"type":"Point","coordinates":[10.454596,59.080657]},"properties":{"name":"Strand","source":"OpenStreetMap"}},{"type":"Feature","id":"beach-osm-way-623774289","geometry":{"type":"Point","coordinates":[10.463606,59.08426]},"properties":{"name":"Strand","source":"OpenStreetMap"}},{"type":"Feature","id":"beach-osm-way-623774290","geometry":{"type":"Point","coordinates":[10.4665,59.085127]},"properties":{"name":"Strand","source":"OpenStreetMap"}},{"type":"Feature","id":"beach-osm-way-623774292","geometry":{"type":"Point","coordinates":[10.468497,59.083438]},"properties":{"name":"Strand","source":"OpenStreetMap"}},{"type":"Feature","id":"beach-osm-way-623774296","geometry":{"type":"Point","coordinates":[10.470909,59.082092]},"properties":{"name":"Strand","source":"OpenStreetMap"}},{"type":"Feature","id":"beach-osm-way-623774297","geometry":{"type":"Point","coordinates":[10.47141,59.081377]},"properties":{"name":"Strand","source":"OpenStreetMap"}},{"type":"Feature","id":"beach-osm-way-623820426","geometry":{"type":"Point","coordinates":[10.443548,59.097837]},"properties":{"name":"Strand","source":"OpenStreetMap"}},{"type":"Feature","id":"beach-osm-way-623822019","geometry":{"type":"Point","coordinates":[10.450067,59.087439]},"properties":{"name":"Strand","source":"OpenStreetMap"}},{"type":"Feature","id":"beach-osm-way-623822406","geometry":{"type":"Point","coordinates":[10.458846,59.081067]},"properties":{"name":"Strand","source":"OpenStreetMap"}},{"type":"Feature","id":"beach-osm-way-623822408","geometry":{"type":"Point","coordinates":[10.458897,59.080354]},"properties":{"name":"Strand","source":"OpenStreetMap"}},{"type":"Feature","id":"beach-osm-way-625278450","geometry":{"type":"Point","coordinates":[10.502042,59.248235]},"properties":{"name":"Strand","source":"OpenStreetMap"}},{"type":"Feature","id":"beach-osm-way-625760525","geometry":{"type":"Point","coordinates":[11.863525,60.055978]},"properties":{"name":"Strand","source":"OpenStreetMap"}},{"type":"Feature","id":"beach-osm-way-626457573","geometry":{"type":"Point","coordinates":[10.458407,59.08371]},"properties":{"name":"Strand","source":"OpenStreetMap"}},{"type":"Feature","id":"beach-osm-way-626457586","geometry":{"type":"Point","coordinates":[10.460784,59.085686]},"properties":{"name":"Strand","source":"OpenStreetMap"}},{"type":"Feature","id":"beach-osm-way-626886848","geometry":{"type":"Point","coordinates":[10.472502,59.07363]},"properties":{"name":"Strand","source":"OpenStreetMap"}},{"type":"Feature","id":"beach-osm-way-626888105","geometry":{"type":"Point","coordinates":[10.470164,59.077291]},"properties":{"name":"Strand","source":"OpenStreetMap"}},{"type":"Feature","id":"beach-osm-way-627106775","geometry":{"type":"Point","coordinates":[10.463382,59.071664]},"properties":{"name":"Strand","source":"OpenStreetMap"}},{"type":"Feature","id":"beach-osm-way-627113098","geometry":{"type":"Point","coordinates":[10.462997,59.073618]},"properties":{"name":"Strand","source":"OpenStreetMap"}},{"type":"Feature","id":"beach-osm-way-627113099","geometry":{"type":"Point","coordinates":[10.463834,59.072767]},"properties":{"name":"Strand","source":"OpenStreetMap"}},{"type":"Feature","id":"beach-osm-way-627113102","geometry":{"type":"Point","coordinates":[10.461057,59.075696]},"properties":{"name":"Strand","source":"OpenStreetMap"}},{"type":"Feature","id":"beach-osm-way-627145031","geometry":{"type":"Point","coordinates":[10.444527,59.054956]},"properties":{"name":"Strand","source":"OpenStreetMap"}},{"type":"Feature","id":"beach-osm-way-627145035","geometry":{"type":"Point","coordinates":[10.446743,59.054308]},"properties":{"name":"Strand","source":"OpenStreetMap"}},{"type":"Feature","id":"beach-osm-way-627150542","geometry":{"type":"Point","coordinates":[10.465446,59.069102]},"properties":{"name":"Strand","source":"OpenStreetMap"}},{"type":"Feature","id":"beach-osm-way-627159164","geometry":{"type":"Point","coordinates":[10.460708,59.076523]},"properties":{"name":"Strand","source":"OpenStreetMap"}},{"type":"Feature","id":"beach-osm-way-627159169","geometry":{"type":"Point","coordinates":[10.459673,59.077898]},"properties":{"name":"Strand","source":"OpenStreetMap"}},{"type":"Feature","id":"beach-osm-way-627159171","geometry":{"type":"Point","coordinates":[10.458952,59.078334]},"properties":{"name":"Strand","source":"OpenStreetMap"}},{"type":"Feature","id":"beach-osm-way-627170788","geometry":{"type":"Point","coordinates":[10.459162,59.078785]},"properties":{"name":"Strand","source":"OpenStreetMap"}},{"type":"Feature","id":"beach-osm-way-627170790","geometry":{"type":"Point","coordinates":[10.459131,59.079417]},"properties":{"name":"Strand","source":"OpenStreetMap"}},{"type":"Feature","id":"beach-osm-way-627806067","geometry":{"type":"Point","coordinates":[10.649594,59.399096]},"properties":{"name":"Strand","source":"OpenStreetMap"}},{"type":"Feature","id":"beach-osm-way-628752338","geometry":{"type":"Point","coordinates":[10.46206,59.074679]},"properties":{"name":"Strand","source":"OpenStreetMap"}},{"type":"Feature","id":"beach-osm-way-629260895","geometry":{"type":"Point","coordinates":[10.274532,59.049687]},"properties":{"name":"Strand","source":"OpenStreetMap"}},{"type":"Feature","id":"beach-osm-way-629914558","geometry":{"type":"Point","coordinates":[5.981862,61.910867]},"properties":{"name":"Strand","source":"OpenStreetMap"}},{"type":"Feature","id":"beach-osm-way-630617805","geometry":{"type":"Point","coordinates":[10.56558,59.208044]},"properties":{"name":"Strand","source":"OpenStreetMap"}},{"type":"Feature","id":"beach-osm-way-631353065","geometry":{"type":"Point","coordinates":[10.442679,61.103438]},"properties":{"name":"Strand","source":"OpenStreetMap"}},{"type":"Feature","id":"beach-osm-way-631600029","geometry":{"type":"Point","coordinates":[7.111975,58.057889]},"properties":{"name":"Strand","source":"OpenStreetMap"}},{"type":"Feature","id":"beach-osm-way-631600030","geometry":{"type":"Point","coordinates":[7.113169,58.058305]},"properties":{"name":"Strand","source":"OpenStreetMap"}},{"type":"Feature","id":"beach-osm-way-632328873","geometry":{"type":"Point","coordinates":[5.696243,59.096783]},"properties":{"name":"Strand","source":"OpenStreetMap"}},{"type":"Feature","id":"beach-osm-way-636631138","geometry":{"type":"Point","coordinates":[10.411351,59.601867]},"properties":{"name":"Strand","source":"OpenStreetMap"}},{"type":"Feature","id":"beach-osm-way-636824815","geometry":{"type":"Point","coordinates":[10.742296,59.437093]},"properties":{"name":"Strand","source":"OpenStreetMap"}},{"type":"Feature","id":"beach-osm-way-637106374","geometry":{"type":"Point","coordinates":[10.709138,59.419436]},"properties":{"name":"Strand","source":"OpenStreetMap"}},{"type":"Feature","id":"beach-osm-way-637106376","geometry":{"type":"Point","coordinates":[10.707651,59.419104]},"properties":{"name":"Strand","source":"OpenStreetMap"}},{"type":"Feature","id":"beach-osm-way-638026544","geometry":{"type":"Point","coordinates":[4.89988,60.330203]},"properties":{"name":"Strand","source":"OpenStreetMap"}},{"type":"Feature","id":"beach-osm-way-639020972","geometry":{"type":"Point","coordinates":[8.944482,58.620706]},"properties":{"name":"Strand","source":"OpenStreetMap"}},{"type":"Feature","id":"beach-osm-way-640387585","geometry":{"type":"Point","coordinates":[10.679674,59.513776]},"properties":{"name":"Strand","source":"OpenStreetMap"}},{"type":"Feature","id":"beach-osm-way-640387588","geometry":{"type":"Point","coordinates":[10.681191,59.516009]},"properties":{"name":"Strand","source":"OpenStreetMap"}},{"type":"Feature","id":"beach-osm-way-640387590","geometry":{"type":"Point","coordinates":[10.681004,59.514542]},"properties":{"name":"Strand","source":"OpenStreetMap"}},{"type":"Feature","id":"beach-osm-way-640399384","geometry":{"type":"Point","coordinates":[10.682952,59.51012]},"properties":{"name":"Strand","source":"OpenStreetMap"}},{"type":"Feature","id":"beach-osm-way-640833129","geometry":{"type":"Point","coordinates":[16.853053,69.020252]},"properties":{"name":"Strand","source":"OpenStreetMap"}},{"type":"Feature","id":"beach-osm-way-640834299","geometry":{"type":"Point","coordinates":[16.868051,69.023587]},"properties":{"name":"Strand","source":"OpenStreetMap"}},{"type":"Feature","id":"beach-osm-way-640834300","geometry":{"type":"Point","coordinates":[16.866451,69.023388]},"properties":{"name":"Strand","source":"OpenStreetMap"}},{"type":"Feature","id":"beach-osm-way-640921360","geometry":{"type":"Point","coordinates":[6.366954,58.298666]},"properties":{"name":"Strand","source":"OpenStreetMap"}},{"type":"Feature","id":"beach-osm-way-642119487","geometry":{"type":"Point","coordinates":[10.714693,59.326266]},"properties":{"name":"Strand","source":"OpenStreetMap"}},{"type":"Feature","id":"beach-osm-way-642119495","geometry":{"type":"Point","coordinates":[10.70594,59.321534]},"properties":{"name":"Strand","source":"OpenStreetMap"}},{"type":"Feature","id":"beach-osm-way-642192869","geometry":{"type":"Point","coordinates":[9.653053,63.607545]},"properties":{"name":"Strand","source":"OpenStreetMap"}},{"type":"Feature","id":"beach-osm-way-643107342","geometry":{"type":"Point","coordinates":[10.726092,59.428374]},"properties":{"name":"Strand","source":"OpenStreetMap"}},{"type":"Feature","id":"beach-osm-way-646398807","geometry":{"type":"Point","coordinates":[10.779935,59.31122]},"properties":{"name":"Strand","source":"OpenStreetMap"}},{"type":"Feature","id":"beach-osm-way-646398811","geometry":{"type":"Point","coordinates":[10.779661,59.310359]},"properties":{"name":"Strand","source":"OpenStreetMap"}},{"type":"Feature","id":"beach-osm-way-646571144","geometry":{"type":"Point","coordinates":[11.935729,61.954476]},"properties":{"name":"Strand","source":"OpenStreetMap"}},{"type":"Feature","id":"beach-osm-way-646845749","geometry":{"type":"Point","coordinates":[10.946462,60.754274]},"properties":{"name":"Strand","source":"OpenStreetMap"}},{"type":"Feature","id":"beach-osm-way-648012233","geometry":{"type":"Point","coordinates":[10.938117,60.751431]},"properties":{"name":"Strand","source":"OpenStreetMap"}},{"type":"Feature","id":"beach-osm-way-649874123","geometry":{"type":"Point","coordinates":[10.090481,61.280502]},"properties":{"name":"Strand","source":"OpenStreetMap"}},{"type":"Feature","id":"beach-osm-way-649874821","geometry":{"type":"Point","coordinates":[10.089794,61.279257]},"properties":{"name":"Strand","source":"OpenStreetMap"}},{"type":"Feature","id":"beach-osm-way-649876034","geometry":{"type":"Point","coordinates":[10.085325,61.286331]},"properties":{"name":"Strand","source":"OpenStreetMap"}},{"type":"Feature","id":"beach-osm-way-649876735","geometry":{"type":"Point","coordinates":[10.088174,61.286448]},"properties":{"name":"Strand","source":"OpenStreetMap"}},{"type":"Feature","id":"beach-osm-way-653541910","geometry":{"type":"Point","coordinates":[9.182743,59.38527]},"properties":{"name":"Strand","source":"OpenStreetMap"}},{"type":"Feature","id":"beach-osm-way-654283049","geometry":{"type":"Point","coordinates":[8.47328,63.34433]},"properties":{"name":"Strand","source":"OpenStreetMap"}},{"type":"Feature","id":"beach-osm-way-654441281","geometry":{"type":"Point","coordinates":[10.903182,60.760907]},"properties":{"name":"Strand","source":"OpenStreetMap"}},{"type":"Feature","id":"beach-osm-way-654441282","geometry":{"type":"Point","coordinates":[10.90126,60.761573]},"properties":{"name":"Strand","source":"OpenStreetMap"}},{"type":"Feature","id":"beach-osm-way-654552652","geometry":{"type":"Point","coordinates":[10.727287,59.2618]},"properties":{"name":"Strand","source":"OpenStreetMap"}},{"type":"Feature","id":"beach-osm-way-654552694","geometry":{"type":"Point","coordinates":[10.728811,59.262894]},"properties":{"name":"Strand","source":"OpenStreetMap"}},{"type":"Feature","id":"beach-osm-way-654552710","geometry":{"type":"Point","coordinates":[10.730592,59.258494]},"properties":{"name":"Strand","source":"OpenStreetMap"}},{"type":"Feature","id":"beach-osm-way-654552714","geometry":{"type":"Point","coordinates":[10.731551,59.260426]},"properties":{"name":"Strand","source":"OpenStreetMap"}},{"type":"Feature","id":"beach-osm-way-655999705","geometry":{"type":"Point","coordinates":[5.456104,61.585157]},"properties":{"name":"Strand","source":"OpenStreetMap"}},{"type":"Feature","id":"beach-osm-way-658523894","geometry":{"type":"Point","coordinates":[10.691867,59.306734]},"properties":{"name":"Strand","source":"OpenStreetMap"}},{"type":"Feature","id":"beach-osm-way-658759561","geometry":{"type":"Point","coordinates":[13.580688,68.094035]},"properties":{"name":"Strand","source":"OpenStreetMap"}},{"type":"Feature","id":"beach-osm-way-658882840","geometry":{"type":"Point","coordinates":[13.576652,68.129282]},"properties":{"name":"Strand","source":"OpenStreetMap"}},{"type":"Feature","id":"beach-osm-way-658953272","geometry":{"type":"Point","coordinates":[14.419634,67.267931]},"properties":{"name":"Strand","source":"OpenStreetMap"}},{"type":"Feature","id":"beach-osm-way-659327134","geometry":{"type":"Point","coordinates":[13.160322,68.104857]},"properties":{"name":"Strand","source":"OpenStreetMap"}},{"type":"Feature","id":"beach-osm-way-659614164","geometry":{"type":"Point","coordinates":[10.354663,63.41776]},"properties":{"name":"Strand","source":"OpenStreetMap"}},{"type":"Feature","id":"beach-osm-way-660471544","geometry":{"type":"Point","coordinates":[5.438005,59.422474]},"properties":{"name":"Strand","source":"OpenStreetMap"}},{"type":"Feature","id":"beach-osm-way-662578876","geometry":{"type":"Point","coordinates":[16.868565,69.025137]},"properties":{"name":"Strand","source":"OpenStreetMap"}},{"type":"Feature","id":"beach-osm-way-662581387","geometry":{"type":"Point","coordinates":[16.874648,69.029597]},"properties":{"name":"Strand","source":"OpenStreetMap"}},{"type":"Feature","id":"beach-osm-way-662581396","geometry":{"type":"Point","coordinates":[16.874065,69.028792]},"properties":{"name":"Strand","source":"OpenStreetMap"}},{"type":"Feature","id":"beach-osm-way-662581400","geometry":{"type":"Point","coordinates":[16.871886,69.028544]},"properties":{"name":"Strand","source":"OpenStreetMap"}},{"type":"Feature","id":"beach-osm-way-662843659","geometry":{"type":"Point","coordinates":[12.658549,67.66682]},"properties":{"name":"Strand","source":"OpenStreetMap"}},{"type":"Feature","id":"beach-osm-way-662843671","geometry":{"type":"Point","coordinates":[13.954468,66.960863]},"properties":{"name":"Strand","source":"OpenStreetMap"}},{"type":"Feature","id":"beach-osm-way-662864469","geometry":{"type":"Point","coordinates":[13.949958,66.958738]},"properties":{"name":"Strand","source":"OpenStreetMap"}},{"type":"Feature","id":"beach-osm-way-663501077","geometry":{"type":"Point","coordinates":[10.0458,59.731813]},"properties":{"name":"Strand","source":"OpenStreetMap"}},{"type":"Feature","id":"beach-osm-way-664307841","geometry":{"type":"Point","coordinates":[13.543173,68.065177]},"properties":{"name":"Strand","source":"OpenStreetMap"}},{"type":"Feature","id":"beach-osm-way-664312118","geometry":{"type":"Point","coordinates":[13.577527,68.117894]},"properties":{"name":"Strand","source":"OpenStreetMap"}},{"type":"Feature","id":"beach-osm-way-666410502","geometry":{"type":"Point","coordinates":[14.39531,68.208023]},"properties":{"name":"Strand","source":"OpenStreetMap"}},{"type":"Feature","id":"beach-osm-way-666438365","geometry":{"type":"Point","coordinates":[13.729697,68.287004]},"properties":{"name":"Strand","source":"OpenStreetMap"}},{"type":"Feature","id":"beach-osm-way-666512169","geometry":{"type":"Point","coordinates":[10.968651,59.330806]},"properties":{"name":"Strand","source":"OpenStreetMap"}},{"type":"Feature","id":"beach-osm-way-666657807","geometry":{"type":"Point","coordinates":[13.792989,68.253257]},"properties":{"name":"Strand","source":"OpenStreetMap"}},{"type":"Feature","id":"beach-osm-way-667245526","geometry":{"type":"Point","coordinates":[13.903349,68.182342]},"properties":{"name":"Strand","source":"OpenStreetMap"}},{"type":"Feature","id":"beach-osm-way-667570196","geometry":{"type":"Point","coordinates":[15.542332,66.576911]},"properties":{"name":"Strand","source":"OpenStreetMap"}},{"type":"Feature","id":"beach-osm-way-669928935","geometry":{"type":"Point","coordinates":[11.114648,59.165308]},"properties":{"name":"Strand","source":"OpenStreetMap"}},{"type":"Feature","id":"beach-osm-way-669928946","geometry":{"type":"Point","coordinates":[11.105684,59.175481]},"properties":{"name":"Strand","source":"OpenStreetMap"}},{"type":"Feature","id":"beach-osm-way-669928968","geometry":{"type":"Point","coordinates":[11.112445,59.16719]},"properties":{"name":"Strand","source":"OpenStreetMap"}},{"type":"Feature","id":"beach-osm-way-670632864","geometry":{"type":"Point","coordinates":[13.023969,67.890115]},"properties":{"name":"Strand","source":"OpenStreetMap"}},{"type":"Feature","id":"beach-osm-way-670824769","geometry":{"type":"Point","coordinates":[10.654529,59.598749]},"properties":{"name":"Strand","source":"OpenStreetMap"}},{"type":"Feature","id":"beach-osm-way-671110497","geometry":{"type":"Point","coordinates":[10.853926,59.363551]},"properties":{"name":"Strand","source":"OpenStreetMap"}},{"type":"Feature","id":"beach-osm-way-671110501","geometry":{"type":"Point","coordinates":[10.852044,59.367282]},"properties":{"name":"Strand","source":"OpenStreetMap"}},{"type":"Feature","id":"beach-osm-way-671141166","geometry":{"type":"Point","coordinates":[10.827693,59.17013]},"properties":{"name":"Strand","source":"OpenStreetMap"}},{"type":"Feature","id":"beach-osm-way-671388961","geometry":{"type":"Point","coordinates":[14.543471,66.274741]},"properties":{"name":"Strand","source":"OpenStreetMap"}},{"type":"Feature","id":"beach-osm-way-671578398","geometry":{"type":"Point","coordinates":[10.66955,59.326132]},"properties":{"name":"Strand","source":"OpenStreetMap"}},{"type":"Feature","id":"beach-osm-way-671578399","geometry":{"type":"Point","coordinates":[10.670571,59.324716]},"properties":{"name":"Strand","source":"OpenStreetMap"}},{"type":"Feature","id":"beach-osm-way-671578400","geometry":{"type":"Point","coordinates":[10.670122,59.32521]},"properties":{"name":"Strand","source":"OpenStreetMap"}},{"type":"Feature","id":"beach-osm-way-671792372","geometry":{"type":"Point","coordinates":[10.662169,59.348742]},"properties":{"name":"Strand","source":"OpenStreetMap"}},{"type":"Feature","id":"beach-osm-way-672023774","geometry":{"type":"Point","coordinates":[10.682638,59.308582]},"properties":{"name":"Strand","source":"OpenStreetMap"}},{"type":"Feature","id":"beach-osm-way-672023775","geometry":{"type":"Point","coordinates":[10.682201,59.308114]},"properties":{"name":"Strand","source":"OpenStreetMap"}},{"type":"Feature","id":"beach-osm-way-672673670","geometry":{"type":"Point","coordinates":[10.71616,59.32922]},"properties":{"name":"Strand","source":"OpenStreetMap"}},{"type":"Feature","id":"beach-osm-way-672847304","geometry":{"type":"Point","coordinates":[10.664091,59.35769]},"properties":{"name":"Strand","source":"OpenStreetMap"}},{"type":"Feature","id":"beach-osm-way-673085177","geometry":{"type":"Point","coordinates":[13.641668,68.117534]},"properties":{"name":"Strand","source":"OpenStreetMap"}},{"type":"Feature","id":"beach-osm-way-673088074","geometry":{"type":"Point","coordinates":[13.616287,68.127126]},"properties":{"name":"Strand","source":"OpenStreetMap"}},{"type":"Feature","id":"beach-osm-way-673088076","geometry":{"type":"Point","coordinates":[13.612898,68.125276]},"properties":{"name":"Strand","source":"OpenStreetMap"}},{"type":"Feature","id":"beach-osm-way-673246201","geometry":{"type":"Point","coordinates":[7.363954,58.056839]},"properties":{"name":"Strand","source":"OpenStreetMap"}},{"type":"Feature","id":"beach-osm-way-673977593","geometry":{"type":"Point","coordinates":[10.488884,61.025197]},"properties":{"name":"Strand","source":"OpenStreetMap"}},{"type":"Feature","id":"beach-osm-way-674138176","geometry":{"type":"Point","coordinates":[7.785115,58.552509]},"properties":{"name":"Strand","source":"OpenStreetMap"}},{"type":"Feature","id":"beach-osm-way-674271709","geometry":{"type":"Point","coordinates":[6.999752,58.022179]},"properties":{"name":"Strand","source":"OpenStreetMap"}},{"type":"Feature","id":"beach-osm-way-674491348","geometry":{"type":"Point","coordinates":[13.72021,68.291282]},"properties":{"name":"Strand","source":"OpenStreetMap"}},{"type":"Feature","id":"beach-osm-way-674491349","geometry":{"type":"Point","coordinates":[13.722304,68.290686]},"properties":{"name":"Strand","source":"OpenStreetMap"}},{"type":"Feature","id":"beach-osm-way-674499431","geometry":{"type":"Point","coordinates":[13.53255,68.096929]},"properties":{"name":"Strand","source":"OpenStreetMap"}},{"type":"Feature","id":"beach-osm-way-674619264","geometry":{"type":"Point","coordinates":[10.900543,59.172318]},"properties":{"name":"Strand","source":"OpenStreetMap"}},{"type":"Feature","id":"beach-osm-way-674619273","geometry":{"type":"Point","coordinates":[10.901599,59.168843]},"properties":{"name":"Strand","source":"OpenStreetMap"}},{"type":"Feature","id":"beach-osm-way-674935940","geometry":{"type":"Point","coordinates":[10.959927,59.084462]},"properties":{"name":"Strand","source":"OpenStreetMap"}},{"type":"Feature","id":"beach-osm-way-674935971","geometry":{"type":"Point","coordinates":[10.958076,59.083316]},"properties":{"name":"Strand","source":"OpenStreetMap"}},{"type":"Feature","id":"beach-osm-way-675178672","geometry":{"type":"Point","coordinates":[10.917494,59.055998]},"properties":{"name":"Strand","source":"OpenStreetMap"}},{"type":"Feature","id":"beach-osm-way-675178676","geometry":{"type":"Point","coordinates":[10.923206,59.05178]},"properties":{"name":"Strand","source":"OpenStreetMap"}},{"type":"Feature","id":"beach-osm-way-675597672","geometry":{"type":"Point","coordinates":[10.91115,59.064322]},"properties":{"name":"Strand","source":"OpenStreetMap"}},{"type":"Feature","id":"beach-osm-way-675674644","geometry":{"type":"Point","coordinates":[10.904366,59.065567]},"properties":{"name":"Strand","source":"OpenStreetMap"}},{"type":"Feature","id":"beach-osm-way-675896334","geometry":{"type":"Point","coordinates":[13.626187,68.233616]},"properties":{"name":"Strand","source":"OpenStreetMap"}},{"type":"Feature","id":"beach-osm-way-675896335","geometry":{"type":"Point","coordinates":[13.627912,68.234552]},"properties":{"name":"Strand","source":"OpenStreetMap"}},{"type":"Feature","id":"beach-osm-way-675896336","geometry":{"type":"Point","coordinates":[13.631047,68.233623]},"properties":{"name":"Strand","source":"OpenStreetMap"}},{"type":"Feature","id":"beach-osm-way-675896338","geometry":{"type":"Point","coordinates":[13.63263,68.233108]},"properties":{"name":"Strand","source":"OpenStreetMap"}},{"type":"Feature","id":"beach-osm-way-675896339","geometry":{"type":"Point","coordinates":[13.637908,68.233229]},"properties":{"name":"Strand","source":"OpenStreetMap"}},{"type":"Feature","id":"beach-osm-way-675896344","geometry":{"type":"Point","coordinates":[13.594194,68.238198]},"properties":{"name":"Strand","source":"OpenStreetMap"}},{"type":"Feature","id":"beach-osm-way-675975461","geometry":{"type":"Point","coordinates":[11.987723,61.107951]},"properties":{"name":"Strand","source":"OpenStreetMap"}},{"type":"Feature","id":"beach-osm-way-676030272","geometry":{"type":"Point","coordinates":[10.781308,59.320781]},"properties":{"name":"Strand","source":"OpenStreetMap"}},{"type":"Feature","id":"beach-osm-way-676030273","geometry":{"type":"Point","coordinates":[10.783208,59.320472]},"properties":{"name":"Strand","source":"OpenStreetMap"}},{"type":"Feature","id":"beach-osm-way-676049022","geometry":{"type":"Point","coordinates":[11.968597,61.113514]},"properties":{"name":"Strand","source":"OpenStreetMap"}},{"type":"Feature","id":"beach-osm-way-676121410","geometry":{"type":"Point","coordinates":[13.34263,68.115459]},"properties":{"name":"Strand","source":"OpenStreetMap"}},{"type":"Feature","id":"beach-osm-way-676130301","geometry":{"type":"Point","coordinates":[13.39057,68.125657]},"properties":{"name":"Strand","source":"OpenStreetMap"}},{"type":"Feature","id":"beach-osm-way-676130325","geometry":{"type":"Point","coordinates":[13.456078,68.13812]},"properties":{"name":"Strand","source":"OpenStreetMap"}},{"type":"Feature","id":"beach-osm-way-677063957","geometry":{"type":"Point","coordinates":[10.458117,61.110521]},"properties":{"name":"Strand","source":"OpenStreetMap"}},{"type":"Feature","id":"beach-osm-way-677489477","geometry":{"type":"Point","coordinates":[10.74395,59.27226]},"properties":{"name":"Strand","source":"OpenStreetMap"}},{"type":"Feature","id":"beach-osm-way-677625289","geometry":{"type":"Point","coordinates":[10.735051,59.241591]},"properties":{"name":"Strand","source":"OpenStreetMap"}},{"type":"Feature","id":"beach-osm-way-678633209","geometry":{"type":"Point","coordinates":[10.652187,59.408188]},"properties":{"name":"Strand","source":"OpenStreetMap"}},{"type":"Feature","id":"beach-osm-way-678633212","geometry":{"type":"Point","coordinates":[10.651242,59.406332]},"properties":{"name":"Strand","source":"OpenStreetMap"}},{"type":"Feature","id":"beach-osm-way-678659782","geometry":{"type":"Point","coordinates":[10.650162,59.40362]},"properties":{"name":"Strand","source":"OpenStreetMap"}},{"type":"Feature","id":"beach-osm-way-678659786","geometry":{"type":"Point","coordinates":[10.650439,59.404176]},"properties":{"name":"Strand","source":"OpenStreetMap"}},{"type":"Feature","id":"beach-osm-way-678659794","geometry":{"type":"Point","coordinates":[10.650102,59.400039]},"properties":{"name":"Strand","source":"OpenStreetMap"}},{"type":"Feature","id":"beach-osm-way-678659795","geometry":{"type":"Point","coordinates":[10.650499,59.401201]},"properties":{"name":"Strand","source":"OpenStreetMap"}},{"type":"Feature","id":"beach-osm-way-678659798","geometry":{"type":"Point","coordinates":[10.650522,59.401676]},"properties":{"name":"Strand","source":"OpenStreetMap"}},{"type":"Feature","id":"beach-osm-way-678896653","geometry":{"type":"Point","coordinates":[10.632796,59.464913]},"properties":{"name":"Strand","source":"OpenStreetMap"}},{"type":"Feature","id":"beach-osm-way-678897471","geometry":{"type":"Point","coordinates":[10.62944,59.462117]},"properties":{"name":"Strand","source":"OpenStreetMap"}},{"type":"Feature","id":"beach-osm-way-680025820","geometry":{"type":"Point","coordinates":[7.060564,58.0582]},"properties":{"name":"Strand","source":"OpenStreetMap"}},{"type":"Feature","id":"beach-osm-way-680549752","geometry":{"type":"Point","coordinates":[10.242918,59.097422]},"properties":{"name":"Strand","source":"OpenStreetMap"}},{"type":"Feature","id":"beach-osm-way-680549753","geometry":{"type":"Point","coordinates":[10.241784,59.096261]},"properties":{"name":"Strand","source":"OpenStreetMap"}},{"type":"Feature","id":"beach-osm-way-680549754","geometry":{"type":"Point","coordinates":[10.239802,59.096127]},"properties":{"name":"Strand","source":"OpenStreetMap"}},{"type":"Feature","id":"beach-osm-way-680563514","geometry":{"type":"Point","coordinates":[18.820505,70.010609]},"properties":{"name":"Strand","source":"OpenStreetMap"}},{"type":"Feature","id":"beach-osm-way-682179198","geometry":{"type":"Point","coordinates":[7.461579,58.018078]},"properties":{"name":"Strand","source":"OpenStreetMap"}},{"type":"Feature","id":"beach-osm-way-682543450","geometry":{"type":"Point","coordinates":[8.848585,62.222964]},"properties":{"name":"Strand","source":"OpenStreetMap"}},{"type":"Feature","id":"beach-osm-way-682543451","geometry":{"type":"Point","coordinates":[8.846577,62.222382]},"properties":{"name":"Strand","source":"OpenStreetMap"}},{"type":"Feature","id":"beach-osm-way-682682407","geometry":{"type":"Point","coordinates":[10.759846,59.309551]},"properties":{"name":"Strand","source":"OpenStreetMap"}},{"type":"Feature","id":"beach-osm-way-682731732","geometry":{"type":"Point","coordinates":[13.178785,65.843776]},"properties":{"name":"Strand","source":"OpenStreetMap"}},{"type":"Feature","id":"beach-osm-way-683738932","geometry":{"type":"Point","coordinates":[10.669295,59.32727]},"properties":{"name":"Strand","source":"OpenStreetMap"}},{"type":"Feature","id":"beach-osm-way-683738986","geometry":{"type":"Point","coordinates":[10.662198,59.335269]},"properties":{"name":"Strand","source":"OpenStreetMap"}},{"type":"Feature","id":"beach-osm-way-683738989","geometry":{"type":"Point","coordinates":[10.66101,59.335597]},"properties":{"name":"Strand","source":"OpenStreetMap"}},{"type":"Feature","id":"beach-osm-way-683742910","geometry":{"type":"Point","coordinates":[10.682738,59.311585]},"properties":{"name":"Strand","source":"OpenStreetMap"}},{"type":"Feature","id":"beach-osm-way-683742913","geometry":{"type":"Point","coordinates":[10.682622,59.312634]},"properties":{"name":"Strand","source":"OpenStreetMap"}},{"type":"Feature","id":"beach-osm-way-683742924","geometry":{"type":"Point","coordinates":[10.695076,59.309014]},"properties":{"name":"Strand","source":"OpenStreetMap"}},{"type":"Feature","id":"beach-osm-way-683742927","geometry":{"type":"Point","coordinates":[10.694328,59.30876]},"properties":{"name":"Strand","source":"OpenStreetMap"}},{"type":"Feature","id":"beach-osm-way-683748516","geometry":{"type":"Point","coordinates":[10.64952,59.319687]},"properties":{"name":"Strand","source":"OpenStreetMap"}},{"type":"Feature","id":"beach-osm-way-683748517","geometry":{"type":"Point","coordinates":[10.653112,59.31936]},"properties":{"name":"Strand","source":"OpenStreetMap"}},{"type":"Feature","id":"beach-osm-way-683748518","geometry":{"type":"Point","coordinates":[10.646355,59.319652]},"properties":{"name":"Strand","source":"OpenStreetMap"}},{"type":"Feature","id":"beach-osm-way-683748520","geometry":{"type":"Point","coordinates":[10.644686,59.319402]},"properties":{"name":"Strand","source":"OpenStreetMap"}},{"type":"Feature","id":"beach-osm-way-684720934","geometry":{"type":"Point","coordinates":[10.813367,59.394668]},"properties":{"name":"Strand","source":"OpenStreetMap"}},{"type":"Feature","id":"beach-osm-way-685118233","geometry":{"type":"Point","coordinates":[5.899323,59.493054]},"properties":{"name":"Strand","source":"OpenStreetMap"}},{"type":"Feature","id":"beach-osm-way-685289720","geometry":{"type":"Point","coordinates":[28.337538,70.510578]},"properties":{"name":"Strand","source":"OpenStreetMap"}},{"type":"Feature","id":"beach-osm-way-685289722","geometry":{"type":"Point","coordinates":[28.322268,70.506868]},"properties":{"name":"Strand","source":"OpenStreetMap"}},{"type":"Feature","id":"beach-osm-way-685289723","geometry":{"type":"Point","coordinates":[28.316311,70.505667]},"properties":{"name":"Strand","source":"OpenStreetMap"}},{"type":"Feature","id":"beach-osm-way-685289724","geometry":{"type":"Point","coordinates":[28.300588,70.503138]},"properties":{"name":"Strand","source":"OpenStreetMap"}},{"type":"Feature","id":"beach-osm-way-685293910","geometry":{"type":"Point","coordinates":[28.424446,70.866022]},"properties":{"name":"Strand","source":"OpenStreetMap"}},{"type":"Feature","id":"beach-osm-way-685293911","geometry":{"type":"Point","coordinates":[28.422486,70.863947]},"properties":{"name":"Strand","source":"OpenStreetMap"}},{"type":"Feature","id":"beach-osm-way-685477257","geometry":{"type":"Point","coordinates":[26.615718,70.445897]},"properties":{"name":"Strand","source":"OpenStreetMap"}},{"type":"Feature","id":"beach-osm-way-685477273","geometry":{"type":"Point","coordinates":[26.561819,70.430377]},"properties":{"name":"Strand","source":"OpenStreetMap"}},{"type":"Feature","id":"beach-osm-way-686326785","geometry":{"type":"Point","coordinates":[10.684635,59.489879]},"properties":{"name":"Strand","source":"OpenStreetMap"}},{"type":"Feature","id":"beach-osm-way-686956365","geometry":{"type":"Point","coordinates":[11.076178,59.295837]},"properties":{"name":"Strand","source":"OpenStreetMap"}},{"type":"Feature","id":"beach-osm-way-687404922","geometry":{"type":"Point","coordinates":[6.098087,62.144324]},"properties":{"name":"Strand","source":"OpenStreetMap"}},{"type":"Feature","id":"beach-osm-way-687846271","geometry":{"type":"Point","coordinates":[5.136287,61.498067]},"properties":{"name":"Strand","source":"OpenStreetMap"}},{"type":"Feature","id":"beach-osm-way-689316949","geometry":{"type":"Point","coordinates":[14.513726,68.404835]},"properties":{"name":"Strand","source":"OpenStreetMap"}},{"type":"Feature","id":"beach-osm-way-691103282","geometry":{"type":"Point","coordinates":[5.975355,58.724027]},"properties":{"name":"Strand","source":"OpenStreetMap"}},{"type":"Feature","id":"beach-osm-way-693736638","geometry":{"type":"Point","coordinates":[10.80305,59.196321]},"properties":{"name":"Strand","source":"OpenStreetMap"}},{"type":"Feature","id":"beach-osm-way-693752727","geometry":{"type":"Point","coordinates":[10.804705,59.207498]},"properties":{"name":"Strand","source":"OpenStreetMap"}},{"type":"Feature","id":"beach-osm-way-694121845","geometry":{"type":"Point","coordinates":[5.784533,58.995775]},"properties":{"name":"Strand","source":"OpenStreetMap"}},{"type":"Feature","id":"beach-osm-way-697089504","geometry":{"type":"Point","coordinates":[10.651264,59.580204]},"properties":{"name":"Strand","source":"OpenStreetMap"}},{"type":"Feature","id":"beach-osm-way-697125228","geometry":{"type":"Point","coordinates":[10.652356,59.599618]},"properties":{"name":"Strand","source":"OpenStreetMap"}},{"type":"Feature","id":"beach-osm-way-697125232","geometry":{"type":"Point","coordinates":[10.651829,59.605501]},"properties":{"name":"Strand","source":"OpenStreetMap"}},{"type":"Feature","id":"beach-osm-way-698605893","geometry":{"type":"Point","coordinates":[10.762155,59.300798]},"properties":{"name":"Strand","source":"OpenStreetMap"}},{"type":"Feature","id":"beach-osm-way-698605894","geometry":{"type":"Point","coordinates":[10.765357,59.303113]},"properties":{"name":"Strand","source":"OpenStreetMap"}},{"type":"Feature","id":"beach-osm-way-698883150","geometry":{"type":"Point","coordinates":[10.732283,59.430718]},"properties":{"name":"Strand","source":"OpenStreetMap"}},{"type":"Feature","id":"beach-osm-way-699196722","geometry":{"type":"Point","coordinates":[8.924945,58.626294]},"properties":{"name":"Strand","source":"OpenStreetMap"}},{"type":"Feature","id":"beach-osm-way-699685165","geometry":{"type":"Point","coordinates":[10.648771,63.538748]},"properties":{"name":"Strand","source":"OpenStreetMap"}},{"type":"Feature","id":"beach-osm-way-699685167","geometry":{"type":"Point","coordinates":[10.647324,63.539345]},"properties":{"name":"Strand","source":"OpenStreetMap"}},{"type":"Feature","id":"beach-osm-way-700410732","geometry":{"type":"Point","coordinates":[6.529439,58.22866]},"properties":{"name":"Strand","source":"OpenStreetMap"}},{"type":"Feature","id":"beach-osm-way-700851888","geometry":{"type":"Point","coordinates":[10.736087,59.40147]},"properties":{"name":"Strand","source":"OpenStreetMap"}},{"type":"Feature","id":"beach-osm-way-701126364","geometry":{"type":"Point","coordinates":[8.38088,58.244128]},"properties":{"name":"Strand","source":"OpenStreetMap"}},{"type":"Feature","id":"beach-osm-way-701192593","geometry":{"type":"Point","coordinates":[6.744198,58.759856]},"properties":{"name":"Strand","source":"OpenStreetMap"}},{"type":"Feature","id":"beach-osm-way-701524948","geometry":{"type":"Point","coordinates":[10.766359,59.425377]},"properties":{"name":"Strand","source":"OpenStreetMap"}},{"type":"Feature","id":"beach-osm-way-701747546","geometry":{"type":"Point","coordinates":[10.627768,59.461105]},"properties":{"name":"Strand","source":"OpenStreetMap"}},{"type":"Feature","id":"beach-osm-way-701747549","geometry":{"type":"Point","coordinates":[10.628489,59.461562]},"properties":{"name":"Strand","source":"OpenStreetMap"}},{"type":"Feature","id":"beach-osm-way-701748010","geometry":{"type":"Point","coordinates":[10.886541,59.45189]},"properties":{"name":"Strand","source":"OpenStreetMap"}},{"type":"Feature","id":"beach-osm-way-703388798","geometry":{"type":"Point","coordinates":[10.437285,61.045224]},"properties":{"name":"Strand","source":"OpenStreetMap"}},{"type":"Feature","id":"beach-osm-way-704493274","geometry":{"type":"Point","coordinates":[10.756558,59.44047]},"properties":{"name":"Strand","source":"OpenStreetMap"}},{"type":"Feature","id":"beach-osm-way-704677528","geometry":{"type":"Point","coordinates":[6.716784,58.290826]},"properties":{"name":"Strand","source":"OpenStreetMap"}},{"type":"Feature","id":"beach-osm-way-704914877","geometry":{"type":"Point","coordinates":[10.66008,59.345702]},"properties":{"name":"Strand","source":"OpenStreetMap"}},{"type":"Feature","id":"beach-osm-way-706925887","geometry":{"type":"Point","coordinates":[7.630639,62.567625]},"properties":{"name":"Strand","source":"OpenStreetMap"}},{"type":"Feature","id":"beach-osm-way-708111480","geometry":{"type":"Point","coordinates":[6.441179,58.293669]},"properties":{"name":"Strand","source":"OpenStreetMap"}},{"type":"Feature","id":"beach-osm-way-708311614","geometry":{"type":"Point","coordinates":[6.659653,58.287636]},"properties":{"name":"Strand","source":"OpenStreetMap"}},{"type":"Feature","id":"beach-osm-way-710286418","geometry":{"type":"Point","coordinates":[8.651373,59.484857]},"properties":{"name":"Strand","source":"OpenStreetMap"}},{"type":"Feature","id":"beach-osm-way-710730809","geometry":{"type":"Point","coordinates":[7.303734,58.080545]},"properties":{"name":"Strand","source":"OpenStreetMap"}},{"type":"Feature","id":"beach-osm-way-710730810","geometry":{"type":"Point","coordinates":[7.310031,58.088741]},"properties":{"name":"Strand","source":"OpenStreetMap"}},{"type":"Feature","id":"beach-osm-way-712514397","geometry":{"type":"Point","coordinates":[5.857515,58.479732]},"properties":{"name":"Strand","source":"OpenStreetMap"}},{"type":"Feature","id":"beach-osm-way-715100497","geometry":{"type":"Point","coordinates":[7.261568,58.079703]},"properties":{"name":"Strand","source":"OpenStreetMap"}},{"type":"Feature","id":"beach-osm-way-715157407","geometry":{"type":"Point","coordinates":[8.746728,58.920681]},"properties":{"name":"Strand","source":"OpenStreetMap"}},{"type":"Feature","id":"beach-osm-way-717935821","geometry":{"type":"Point","coordinates":[13.322584,65.216192]},"properties":{"name":"Strand","source":"OpenStreetMap"}},{"type":"Feature","id":"beach-osm-way-717935822","geometry":{"type":"Point","coordinates":[13.323192,65.218045]},"properties":{"name":"Strand","source":"OpenStreetMap"}},{"type":"Feature","id":"beach-osm-way-720612581","geometry":{"type":"Point","coordinates":[11.24823,59.669084]},"properties":{"name":"Strand","source":"OpenStreetMap"}},{"type":"Feature","id":"beach-osm-way-722704121","geometry":{"type":"Point","coordinates":[8.76977,58.482317]},"properties":{"name":"Strand","source":"OpenStreetMap"}},{"type":"Feature","id":"beach-osm-way-722865495","geometry":{"type":"Point","coordinates":[10.675515,59.523332]},"properties":{"name":"Strand","source":"OpenStreetMap"}},{"type":"Feature","id":"beach-osm-way-722865504","geometry":{"type":"Point","coordinates":[10.67315,59.522946]},"properties":{"name":"Strand","source":"OpenStreetMap"}},{"type":"Feature","id":"beach-osm-way-722865506","geometry":{"type":"Point","coordinates":[10.671824,59.522552]},"properties":{"name":"Strand","source":"OpenStreetMap"}},{"type":"Feature","id":"beach-osm-way-722865509","geometry":{"type":"Point","coordinates":[10.67689,59.52315]},"properties":{"name":"Strand","source":"OpenStreetMap"}},{"type":"Feature","id":"beach-osm-way-722865519","geometry":{"type":"Point","coordinates":[10.670156,59.522116]},"properties":{"name":"Strand","source":"OpenStreetMap"}},{"type":"Feature","id":"beach-osm-way-722865536","geometry":{"type":"Point","coordinates":[10.678441,59.524797]},"properties":{"name":"Strand","source":"OpenStreetMap"}},{"type":"Feature","id":"beach-osm-way-722865539","geometry":{"type":"Point","coordinates":[10.680102,59.526048]},"properties":{"name":"Strand","source":"OpenStreetMap"}},{"type":"Feature","id":"beach-osm-way-729560919","geometry":{"type":"Point","coordinates":[8.729717,59.454735]},"properties":{"name":"Strand","source":"OpenStreetMap"}},{"type":"Feature","id":"beach-osm-way-729974739","geometry":{"type":"Point","coordinates":[30.090955,70.077166]},"properties":{"name":"Strand","source":"OpenStreetMap"}},{"type":"Feature","id":"beach-osm-way-730914695","geometry":{"type":"Point","coordinates":[6.088679,59.170221]},"properties":{"name":"Strand","source":"OpenStreetMap"}},{"type":"Feature","id":"beach-osm-way-730968692","geometry":{"type":"Point","coordinates":[5.74647,58.983838]},"properties":{"name":"Strand","source":"OpenStreetMap"}},{"type":"Feature","id":"beach-osm-way-730968693","geometry":{"type":"Point","coordinates":[5.738796,58.988192]},"properties":{"name":"Strand","source":"OpenStreetMap"}},{"type":"Feature","id":"beach-osm-way-732109260","geometry":{"type":"Point","coordinates":[5.295834,60.545553]},"properties":{"name":"Strand","source":"OpenStreetMap"}},{"type":"Feature","id":"beach-osm-way-732991959","geometry":{"type":"Point","coordinates":[5.110008,60.45011]},"properties":{"name":"Strand","source":"OpenStreetMap"}},{"type":"Feature","id":"beach-osm-way-734828003","geometry":{"type":"Point","coordinates":[5.716479,61.506651]},"properties":{"name":"Strand","source":"OpenStreetMap"}},{"type":"Feature","id":"beach-osm-way-741770814","geometry":{"type":"Point","coordinates":[13.322122,68.0988]},"properties":{"name":"Strand","source":"OpenStreetMap"}},{"type":"Feature","id":"beach-osm-way-746435802","geometry":{"type":"Point","coordinates":[5.83114,58.768262]},"properties":{"name":"Strand","source":"OpenStreetMap"}},{"type":"Feature","id":"beach-osm-way-746438637","geometry":{"type":"Point","coordinates":[5.841058,58.76324]},"properties":{"name":"Strand","source":"OpenStreetMap"}},{"type":"Feature","id":"beach-osm-way-746663002","geometry":{"type":"Point","coordinates":[10.63245,59.653721]},"properties":{"name":"Strand","source":"OpenStreetMap"}},{"type":"Feature","id":"beach-osm-way-754636205","geometry":{"type":"Point","coordinates":[10.630924,61.219843]},"properties":{"name":"Strand","source":"OpenStreetMap"}},{"type":"Feature","id":"beach-osm-way-755775266","geometry":{"type":"Point","coordinates":[5.923613,59.046443]},"properties":{"name":"Strand","source":"OpenStreetMap"}},{"type":"Feature","id":"beach-osm-way-756236476","geometry":{"type":"Point","coordinates":[5.866712,58.477891]},"properties":{"name":"Strand","source":"OpenStreetMap"}},{"type":"Feature","id":"beach-osm-way-758347225","geometry":{"type":"Point","coordinates":[11.003655,59.307508]},"properties":{"name":"Strand","source":"OpenStreetMap"}},{"type":"Feature","id":"beach-osm-way-760150351","geometry":{"type":"Point","coordinates":[5.965214,58.90428]},"properties":{"name":"Strand","source":"OpenStreetMap"}},{"type":"Feature","id":"beach-osm-way-761675712","geometry":{"type":"Point","coordinates":[10.656961,59.376869]},"properties":{"name":"Strand","source":"OpenStreetMap"}},{"type":"Feature","id":"beach-osm-way-761675713","geometry":{"type":"Point","coordinates":[10.658637,59.378451]},"properties":{"name":"Strand","source":"OpenStreetMap"}},{"type":"Feature","id":"beach-osm-way-764609919","geometry":{"type":"Point","coordinates":[7.731785,63.101484]},"properties":{"name":"Strand","source":"OpenStreetMap"}},{"type":"Feature","id":"beach-osm-way-765124946","geometry":{"type":"Point","coordinates":[10.342318,63.407569]},"properties":{"name":"Strand","source":"OpenStreetMap"}},{"type":"Feature","id":"beach-osm-way-766360431","geometry":{"type":"Point","coordinates":[16.655875,68.957694]},"properties":{"name":"Strand","source":"OpenStreetMap"}},{"type":"Feature","id":"beach-osm-way-766529242","geometry":{"type":"Point","coordinates":[11.064076,59.33217]},"properties":{"name":"Strand","source":"OpenStreetMap"}},{"type":"Feature","id":"beach-osm-way-766644986","geometry":{"type":"Point","coordinates":[10.745714,59.290353]},"properties":{"name":"Strand","source":"OpenStreetMap"}},{"type":"Feature","id":"beach-osm-way-766651806","geometry":{"type":"Point","coordinates":[10.74502,59.288962]},"properties":{"name":"Strand","source":"OpenStreetMap"}},{"type":"Feature","id":"beach-osm-way-766651807","geometry":{"type":"Point","coordinates":[10.745202,59.288386]},"properties":{"name":"Strand","source":"OpenStreetMap"}},{"type":"Feature","id":"beach-osm-way-766651811","geometry":{"type":"Point","coordinates":[10.742352,59.28869]},"properties":{"name":"Strand","source":"OpenStreetMap"}},{"type":"Feature","id":"beach-osm-way-766651827","geometry":{"type":"Point","coordinates":[10.743506,59.287207]},"properties":{"name":"Strand","source":"OpenStreetMap"}},{"type":"Feature","id":"beach-osm-way-766651843","geometry":{"type":"Point","coordinates":[10.742425,59.287158]},"properties":{"name":"Strand","source":"OpenStreetMap"}},{"type":"Feature","id":"beach-osm-way-766651848","geometry":{"type":"Point","coordinates":[10.745866,59.289264]},"properties":{"name":"Strand","source":"OpenStreetMap"}},{"type":"Feature","id":"beach-osm-way-766658785","geometry":{"type":"Point","coordinates":[10.727885,59.276125]},"properties":{"name":"Strand","source":"OpenStreetMap"}},{"type":"Feature","id":"beach-osm-way-766661530","geometry":{"type":"Point","coordinates":[10.730655,59.269493]},"properties":{"name":"Strand","source":"OpenStreetMap"}},{"type":"Feature","id":"beach-osm-way-766661534","geometry":{"type":"Point","coordinates":[10.729863,59.269805]},"properties":{"name":"Strand","source":"OpenStreetMap"}},{"type":"Feature","id":"beach-osm-way-767956823","geometry":{"type":"Point","coordinates":[16.572133,68.857556]},"properties":{"name":"Strand","source":"OpenStreetMap"}},{"type":"Feature","id":"beach-osm-way-770839488","geometry":{"type":"Point","coordinates":[10.634917,59.515359]},"properties":{"name":"Strand","source":"OpenStreetMap"}},{"type":"Feature","id":"beach-osm-way-770839489","geometry":{"type":"Point","coordinates":[10.634502,59.513996]},"properties":{"name":"Strand","source":"OpenStreetMap"}},{"type":"Feature","id":"beach-osm-way-770839491","geometry":{"type":"Point","coordinates":[10.648142,59.512691]},"properties":{"name":"Strand","source":"OpenStreetMap"}},{"type":"Feature","id":"beach-osm-way-770839496","geometry":{"type":"Point","coordinates":[10.644578,59.511247]},"properties":{"name":"Strand","source":"OpenStreetMap"}},{"type":"Feature","id":"beach-osm-way-770839498","geometry":{"type":"Point","coordinates":[10.638759,59.50943]},"properties":{"name":"Strand","source":"OpenStreetMap"}},{"type":"Feature","id":"beach-osm-way-770839501","geometry":{"type":"Point","coordinates":[10.63556,59.512522]},"properties":{"name":"Strand","source":"OpenStreetMap"}},{"type":"Feature","id":"beach-osm-way-770839504","geometry":{"type":"Point","coordinates":[10.635413,59.513246]},"properties":{"name":"Strand","source":"OpenStreetMap"}},{"type":"Feature","id":"beach-osm-way-770842523","geometry":{"type":"Point","coordinates":[10.674215,59.515785]},"properties":{"name":"Strand","source":"OpenStreetMap"}},{"type":"Feature","id":"beach-osm-way-771391937","geometry":{"type":"Point","coordinates":[7.735867,63.107351]},"properties":{"name":"Strand","source":"OpenStreetMap"}},{"type":"Feature","id":"beach-osm-way-773004067","geometry":{"type":"Point","coordinates":[7.100497,61.894979]},"properties":{"name":"Strand","source":"OpenStreetMap"}},{"type":"Feature","id":"beach-osm-way-776082293","geometry":{"type":"Point","coordinates":[6.722242,58.593712]},"properties":{"name":"Strand","source":"OpenStreetMap"}},{"type":"Feature","id":"beach-osm-way-776652337","geometry":{"type":"Point","coordinates":[10.246774,59.101737]},"properties":{"name":"Strand","source":"OpenStreetMap"}},{"type":"Feature","id":"beach-osm-way-776652338","geometry":{"type":"Point","coordinates":[10.243734,59.100278]},"properties":{"name":"Strand","source":"OpenStreetMap"}},{"type":"Feature","id":"beach-osm-way-776652339","geometry":{"type":"Point","coordinates":[10.254913,59.069378]},"properties":{"name":"Strand","source":"OpenStreetMap"}},{"type":"Feature","id":"beach-osm-way-778032713","geometry":{"type":"Point","coordinates":[10.684193,59.896823]},"properties":{"name":"Strand","source":"OpenStreetMap"}},{"type":"Feature","id":"beach-osm-way-778656128","geometry":{"type":"Point","coordinates":[30.329997,70.172579]},"properties":{"name":"Strand","source":"OpenStreetMap"}},{"type":"Feature","id":"beach-osm-way-779268596","geometry":{"type":"Point","coordinates":[10.627582,59.507782]},"properties":{"name":"Strand","source":"OpenStreetMap"}},{"type":"Feature","id":"beach-osm-way-779268597","geometry":{"type":"Point","coordinates":[10.6292,59.508675]},"properties":{"name":"Strand","source":"OpenStreetMap"}},{"type":"Feature","id":"beach-osm-way-779294185","geometry":{"type":"Point","coordinates":[10.617893,59.571399]},"properties":{"name":"Strand","source":"OpenStreetMap"}},{"type":"Feature","id":"beach-osm-way-781608638","geometry":{"type":"Point","coordinates":[17.40492,68.992963]},"properties":{"name":"Strand","source":"OpenStreetMap"}},{"type":"Feature","id":"beach-osm-way-784420484","geometry":{"type":"Point","coordinates":[10.780258,59.210674]},"properties":{"name":"Strand","source":"OpenStreetMap"}},{"type":"Feature","id":"beach-osm-way-784626111","geometry":{"type":"Point","coordinates":[23.792728,69.244309]},"properties":{"name":"Strand","source":"OpenStreetMap"}},{"type":"Feature","id":"beach-osm-way-785419526","geometry":{"type":"Point","coordinates":[6.0333,59.012961]},"properties":{"name":"Strand","source":"OpenStreetMap"}},{"type":"Feature","id":"beach-osm-way-787374151","geometry":{"type":"Point","coordinates":[23.040964,69.940656]},"properties":{"name":"Strand","source":"OpenStreetMap"}},{"type":"Feature","id":"beach-osm-way-787960117","geometry":{"type":"Point","coordinates":[12.720057,66.264621]},"properties":{"name":"Strand","source":"OpenStreetMap"}},{"type":"Feature","id":"beach-osm-way-791257052","geometry":{"type":"Point","coordinates":[10.739437,59.233394]},"properties":{"name":"Strand","source":"OpenStreetMap"}},{"type":"Feature","id":"beach-osm-way-791257053","geometry":{"type":"Point","coordinates":[10.742335,59.233476]},"properties":{"name":"Strand","source":"OpenStreetMap"}},{"type":"Feature","id":"beach-osm-way-791257055","geometry":{"type":"Point","coordinates":[10.743531,59.233244]},"properties":{"name":"Strand","source":"OpenStreetMap"}},{"type":"Feature","id":"beach-osm-way-791257057","geometry":{"type":"Point","coordinates":[10.745469,59.232551]},"properties":{"name":"Strand","source":"OpenStreetMap"}},{"type":"Feature","id":"beach-osm-way-791257063","geometry":{"type":"Point","coordinates":[10.736265,59.230878]},"properties":{"name":"Strand","source":"OpenStreetMap"}},{"type":"Feature","id":"beach-osm-way-791257067","geometry":{"type":"Point","coordinates":[10.734032,59.23128]},"properties":{"name":"Strand","source":"OpenStreetMap"}},{"type":"Feature","id":"beach-osm-way-791536382","geometry":{"type":"Point","coordinates":[10.735196,59.245862]},"properties":{"name":"Strand","source":"OpenStreetMap"}},{"type":"Feature","id":"beach-osm-way-791682915","geometry":{"type":"Point","coordinates":[10.731588,59.232344]},"properties":{"name":"Strand","source":"OpenStreetMap"}},{"type":"Feature","id":"beach-osm-way-792519330","geometry":{"type":"Point","coordinates":[10.806791,59.19736]},"properties":{"name":"Strand","source":"OpenStreetMap"}},{"type":"Feature","id":"beach-osm-way-792819062","geometry":{"type":"Point","coordinates":[10.746879,59.223446]},"properties":{"name":"Strand","source":"OpenStreetMap"}},{"type":"Feature","id":"beach-osm-way-793413757","geometry":{"type":"Point","coordinates":[8.754398,58.468624]},"properties":{"name":"Strand","source":"OpenStreetMap"}},{"type":"Feature","id":"beach-osm-way-793801683","geometry":{"type":"Point","coordinates":[8.758209,58.485203]},"properties":{"name":"Strand","source":"OpenStreetMap"}},{"type":"Feature","id":"beach-osm-way-795204782","geometry":{"type":"Point","coordinates":[9.735123,63.696769]},"properties":{"name":"Strand","source":"OpenStreetMap"}},{"type":"Feature","id":"beach-osm-way-795204783","geometry":{"type":"Point","coordinates":[9.737055,63.696822]},"properties":{"name":"Strand","source":"OpenStreetMap"}},{"type":"Feature","id":"beach-osm-way-795204784","geometry":{"type":"Point","coordinates":[9.738263,63.697006]},"properties":{"name":"Strand","source":"OpenStreetMap"}},{"type":"Feature","id":"beach-osm-way-795295457","geometry":{"type":"Point","coordinates":[10.808815,59.195653]},"properties":{"name":"Strand","source":"OpenStreetMap"}},{"type":"Feature","id":"beach-osm-way-795946490","geometry":{"type":"Point","coordinates":[10.655244,59.596498]},"properties":{"name":"Strand","source":"OpenStreetMap"}},{"type":"Feature","id":"beach-osm-way-796260425","geometry":{"type":"Point","coordinates":[10.653136,59.592966]},"properties":{"name":"Strand","source":"OpenStreetMap"}},{"type":"Feature","id":"beach-osm-way-796260426","geometry":{"type":"Point","coordinates":[10.652526,59.59225]},"properties":{"name":"Strand","source":"OpenStreetMap"}},{"type":"Feature","id":"beach-osm-way-797826029","geometry":{"type":"Point","coordinates":[10.651478,59.615507]},"properties":{"name":"Strand","source":"OpenStreetMap"}},{"type":"Feature","id":"beach-osm-way-797826030","geometry":{"type":"Point","coordinates":[10.652431,59.616244]},"properties":{"name":"Strand","source":"OpenStreetMap"}},{"type":"Feature","id":"beach-osm-way-797911489","geometry":{"type":"Point","coordinates":[10.794192,59.189511]},"properties":{"name":"Strand","source":"OpenStreetMap"}},{"type":"Feature","id":"beach-osm-way-798628131","geometry":{"type":"Point","coordinates":[10.523349,59.882691]},"properties":{"name":"Strand","source":"OpenStreetMap"}},{"type":"Feature","id":"beach-osm-way-799483621","geometry":{"type":"Point","coordinates":[10.558265,59.887409]},"properties":{"name":"Strand","source":"OpenStreetMap"}},{"type":"Feature","id":"beach-osm-way-799718279","geometry":{"type":"Point","coordinates":[10.829054,59.154553]},"properties":{"name":"Strand","source":"OpenStreetMap"}},{"type":"Feature","id":"beach-osm-way-800520143","geometry":{"type":"Point","coordinates":[7.444938,58.034007]},"properties":{"name":"Strand","source":"OpenStreetMap"}},{"type":"Feature","id":"beach-osm-way-801744951","geometry":{"type":"Point","coordinates":[11.201613,59.097224]},"properties":{"name":"Strand","source":"OpenStreetMap"}},{"type":"Feature","id":"beach-osm-way-802132081","geometry":{"type":"Point","coordinates":[10.856378,59.174331]},"properties":{"name":"Strand","source":"OpenStreetMap"}},{"type":"Feature","id":"beach-osm-way-802200141","geometry":{"type":"Point","coordinates":[13.191539,65.855299]},"properties":{"name":"Strand","source":"OpenStreetMap"}},{"type":"Feature","id":"beach-osm-way-802470394","geometry":{"type":"Point","coordinates":[5.492844,60.453656]},"properties":{"name":"Strand","source":"OpenStreetMap"}},{"type":"Feature","id":"beach-osm-way-803885282","geometry":{"type":"Point","coordinates":[5.715612,59.003858]},"properties":{"name":"Strand","source":"OpenStreetMap"}},{"type":"Feature","id":"beach-osm-way-809255068","geometry":{"type":"Point","coordinates":[10.269227,59.046195]},"properties":{"name":"Strand","source":"OpenStreetMap"}},{"type":"Feature","id":"beach-osm-way-813638545","geometry":{"type":"Point","coordinates":[9.065821,63.415378]},"properties":{"name":"Strand","source":"OpenStreetMap"}},{"type":"Feature","id":"beach-osm-way-815960026","geometry":{"type":"Point","coordinates":[10.211451,59.756807]},"properties":{"name":"Strand","source":"OpenStreetMap"}},{"type":"Feature","id":"beach-osm-way-819257368","geometry":{"type":"Point","coordinates":[10.466956,63.447725]},"properties":{"name":"Strand","source":"OpenStreetMap"}},{"type":"Feature","id":"beach-osm-way-819257380","geometry":{"type":"Point","coordinates":[10.468566,63.444556]},"properties":{"name":"Strand","source":"OpenStreetMap"}},{"type":"Feature","id":"beach-osm-way-819370451","geometry":{"type":"Point","coordinates":[11.047055,59.335819]},"properties":{"name":"Strand","source":"OpenStreetMap"}},{"type":"Feature","id":"beach-osm-way-820261729","geometry":{"type":"Point","coordinates":[7.948653,59.882318]},"properties":{"name":"Strand","source":"OpenStreetMap"}},{"type":"Feature","id":"beach-osm-way-820261732","geometry":{"type":"Point","coordinates":[7.913267,59.890179]},"properties":{"name":"Strand","source":"OpenStreetMap"}},{"type":"Feature","id":"beach-osm-way-820261734","geometry":{"type":"Point","coordinates":[7.917264,59.891556]},"properties":{"name":"Strand","source":"OpenStreetMap"}},{"type":"Feature","id":"beach-osm-way-820425476","geometry":{"type":"Point","coordinates":[5.837514,58.955867]},"properties":{"name":"Strand","source":"OpenStreetMap"}},{"type":"Feature","id":"beach-osm-way-824364744","geometry":{"type":"Point","coordinates":[13.351547,65.104233]},"properties":{"name":"Strand","source":"OpenStreetMap"}},{"type":"Feature","id":"beach-osm-way-824364746","geometry":{"type":"Point","coordinates":[13.34952,65.10266]},"properties":{"name":"Strand","source":"OpenStreetMap"}},{"type":"Feature","id":"beach-osm-way-827762789","geometry":{"type":"Point","coordinates":[7.217465,62.739418]},"properties":{"name":"Strand","source":"OpenStreetMap"}},{"type":"Feature","id":"beach-osm-way-830440825","geometry":{"type":"Point","coordinates":[10.31073,60.598457]},"properties":{"name":"Strand","source":"OpenStreetMap"}},{"type":"Feature","id":"beach-osm-way-830800008","geometry":{"type":"Point","coordinates":[10.723095,60.410789]},"properties":{"name":"Strand","source":"OpenStreetMap"}},{"type":"Feature","id":"beach-osm-way-832482619","geometry":{"type":"Point","coordinates":[10.90525,59.403799]},"properties":{"name":"Strand","source":"OpenStreetMap"}},{"type":"Feature","id":"beach-osm-way-832975704","geometry":{"type":"Point","coordinates":[5.213293,60.724518]},"properties":{"name":"Strand","source":"OpenStreetMap"}},{"type":"Feature","id":"beach-osm-way-833187327","geometry":{"type":"Point","coordinates":[7.155586,58.044601]},"properties":{"name":"Strand","source":"OpenStreetMap"}},{"type":"Feature","id":"beach-osm-way-833450752","geometry":{"type":"Point","coordinates":[10.674669,59.487064]},"properties":{"name":"Strand","source":"OpenStreetMap"}},{"type":"Feature","id":"beach-osm-way-834038418","geometry":{"type":"Point","coordinates":[10.26683,59.713202]},"properties":{"name":"Strand","source":"OpenStreetMap"}},{"type":"Feature","id":"beach-osm-way-834187329","geometry":{"type":"Point","coordinates":[10.650463,59.381479]},"properties":{"name":"Strand","source":"OpenStreetMap"}},{"type":"Feature","id":"beach-osm-way-835617477","geometry":{"type":"Point","coordinates":[8.610712,58.332782]},"properties":{"name":"Strand","source":"OpenStreetMap"}},{"type":"Feature","id":"beach-osm-way-835617478","geometry":{"type":"Point","coordinates":[8.611506,58.331884]},"properties":{"name":"Strand","source":"OpenStreetMap"}},{"type":"Feature","id":"beach-osm-way-837235471","geometry":{"type":"Point","coordinates":[16.879402,68.368473]},"properties":{"name":"Strand","source":"OpenStreetMap"}},{"type":"Feature","id":"beach-osm-way-837821688","geometry":{"type":"Point","coordinates":[10.709512,59.78154]},"properties":{"name":"Strand","source":"OpenStreetMap"}},{"type":"Feature","id":"beach-osm-way-839066091","geometry":{"type":"Point","coordinates":[6.715364,60.522032]},"properties":{"name":"Strand","source":"OpenStreetMap"}},{"type":"Feature","id":"beach-osm-way-840867752","geometry":{"type":"Point","coordinates":[9.283051,60.970748]},"properties":{"name":"Strand","source":"OpenStreetMap"}},{"type":"Feature","id":"beach-osm-way-845130528","geometry":{"type":"Point","coordinates":[10.61325,59.97123]},"properties":{"name":"Strand","source":"OpenStreetMap"}},{"type":"Feature","id":"beach-osm-way-845848894","geometry":{"type":"Point","coordinates":[11.164626,59.189903]},"properties":{"name":"Strand","source":"OpenStreetMap"}},{"type":"Feature","id":"beach-osm-way-846884052","geometry":{"type":"Point","coordinates":[6.148595,60.369192]},"properties":{"name":"Strand","source":"OpenStreetMap"}},{"type":"Feature","id":"beach-osm-way-851662112","geometry":{"type":"Point","coordinates":[6.623156,60.259717]},"properties":{"name":"Strand","source":"OpenStreetMap"}},{"type":"Feature","id":"beach-osm-way-852161439","geometry":{"type":"Point","coordinates":[7.480494,58.809716]},"properties":{"name":"Strand","source":"OpenStreetMap"}},{"type":"Feature","id":"beach-osm-way-853243909","geometry":{"type":"Point","coordinates":[18.981544,69.690683]},"properties":{"name":"Strand","source":"OpenStreetMap"}},{"type":"Feature","id":"beach-osm-way-853542728","geometry":{"type":"Point","coordinates":[11.039995,59.022498]},"properties":{"name":"Strand","source":"OpenStreetMap"}},{"type":"Feature","id":"beach-osm-way-854596884","geometry":{"type":"Point","coordinates":[10.422275,59.081879]},"properties":{"name":"Strand","source":"OpenStreetMap"}},{"type":"Feature","id":"beach-osm-way-854875835","geometry":{"type":"Point","coordinates":[5.043736,61.585542]},"properties":{"name":"Strand","source":"OpenStreetMap"}},{"type":"Feature","id":"beach-osm-way-855387519","geometry":{"type":"Point","coordinates":[10.450139,59.093977]},"properties":{"name":"Strand","source":"OpenStreetMap"}},{"type":"Feature","id":"beach-osm-way-855658642","geometry":{"type":"Point","coordinates":[11.227427,59.658703]},"properties":{"name":"Strand","source":"OpenStreetMap"}},{"type":"Feature","id":"beach-osm-way-860678943","geometry":{"type":"Point","coordinates":[22.110064,70.599055]},"properties":{"name":"Strand","source":"OpenStreetMap"}},{"type":"Feature","id":"beach-osm-way-860678944","geometry":{"type":"Point","coordinates":[22.12012,70.599624]},"properties":{"name":"Strand","source":"OpenStreetMap"}},{"type":"Feature","id":"beach-osm-way-860678945","geometry":{"type":"Point","coordinates":[22.17479,70.611426]},"properties":{"name":"Strand","source":"OpenStreetMap"}},{"type":"Feature","id":"beach-osm-way-860678946","geometry":{"type":"Point","coordinates":[22.158532,70.48494]},"properties":{"name":"Strand","source":"OpenStreetMap"}},{"type":"Feature","id":"beach-osm-way-863801222","geometry":{"type":"Point","coordinates":[10.885551,59.374616]},"properties":{"name":"Strand","source":"OpenStreetMap"}},{"type":"Feature","id":"beach-osm-way-865613828","geometry":{"type":"Point","coordinates":[17.24012,69.46314]},"properties":{"name":"Strand","source":"OpenStreetMap"}},{"type":"Feature","id":"beach-osm-way-865748835","geometry":{"type":"Point","coordinates":[17.661514,69.258344]},"properties":{"name":"Strand","source":"OpenStreetMap"}},{"type":"Feature","id":"beach-osm-way-866260029","geometry":{"type":"Point","coordinates":[10.356452,59.684964]},"properties":{"name":"Strand","source":"OpenStreetMap"}},{"type":"Feature","id":"beach-osm-way-866315263","geometry":{"type":"Point","coordinates":[5.173091,61.302993]},"properties":{"name":"Strand","source":"OpenStreetMap"}},{"type":"Feature","id":"beach-osm-way-866388910","geometry":{"type":"Point","coordinates":[4.992035,61.254694]},"properties":{"name":"Strand","source":"OpenStreetMap"}},{"type":"Feature","id":"beach-osm-way-866962597","geometry":{"type":"Point","coordinates":[10.759855,59.308574]},"properties":{"name":"Strand","source":"OpenStreetMap"}},{"type":"Feature","id":"beach-osm-way-871569317","geometry":{"type":"Point","coordinates":[10.734287,59.305325]},"properties":{"name":"Strand","source":"OpenStreetMap"}},{"type":"Feature","id":"beach-osm-way-871569318","geometry":{"type":"Point","coordinates":[10.733454,59.305546]},"properties":{"name":"Strand","source":"OpenStreetMap"}},{"type":"Feature","id":"beach-osm-way-871632410","geometry":{"type":"Point","coordinates":[10.73225,59.305661]},"properties":{"name":"Strand","source":"OpenStreetMap"}},{"type":"Feature","id":"beach-osm-way-871632412","geometry":{"type":"Point","coordinates":[10.72843,59.306215]},"properties":{"name":"Strand","source":"OpenStreetMap"}},{"type":"Feature","id":"beach-osm-way-871875216","geometry":{"type":"Point","coordinates":[5.982036,58.93011]},"properties":{"name":"Strand","source":"OpenStreetMap"}},{"type":"Feature","id":"beach-osm-way-872273520","geometry":{"type":"Point","coordinates":[10.477483,59.25997]},"properties":{"name":"Strand","source":"OpenStreetMap"}},{"type":"Feature","id":"beach-osm-way-875501661","geometry":{"type":"Point","coordinates":[11.241141,59.483722]},"properties":{"name":"Strand","source":"OpenStreetMap"}},{"type":"Feature","id":"beach-osm-way-875524943","geometry":{"type":"Point","coordinates":[11.20218,59.523833]},"properties":{"name":"Strand","source":"OpenStreetMap"}},{"type":"Feature","id":"beach-osm-way-875634135","geometry":{"type":"Point","coordinates":[9.599323,59.627402]},"properties":{"name":"Strand","source":"OpenStreetMap"}},{"type":"Feature","id":"beach-osm-way-877580526","geometry":{"type":"Point","coordinates":[5.405902,61.367206]},"properties":{"name":"Strand","source":"OpenStreetMap"}},{"type":"Feature","id":"beach-osm-way-879335965","geometry":{"type":"Point","coordinates":[5.47136,60.183741]},"properties":{"name":"Strand","source":"OpenStreetMap"}},{"type":"Feature","id":"beach-osm-way-881977244","geometry":{"type":"Point","coordinates":[10.148438,59.750492]},"properties":{"name":"Strand","source":"OpenStreetMap"}},{"type":"Feature","id":"beach-osm-way-881977245","geometry":{"type":"Point","coordinates":[10.146171,59.750479]},"properties":{"name":"Strand","source":"OpenStreetMap"}},{"type":"Feature","id":"beach-osm-way-884127830","geometry":{"type":"Point","coordinates":[10.652566,59.371402]},"properties":{"name":"Strand","source":"OpenStreetMap"}},{"type":"Feature","id":"beach-osm-way-884127832","geometry":{"type":"Point","coordinates":[10.654582,59.370746]},"properties":{"name":"Strand","source":"OpenStreetMap"}},{"type":"Feature","id":"beach-osm-way-884127835","geometry":{"type":"Point","coordinates":[10.655194,59.371181]},"properties":{"name":"Strand","source":"OpenStreetMap"}},{"type":"Feature","id":"beach-osm-way-887951041","geometry":{"type":"Point","coordinates":[10.66004,59.536869]},"properties":{"name":"Strand","source":"OpenStreetMap"}},{"type":"Feature","id":"beach-osm-way-892411375","geometry":{"type":"Point","coordinates":[5.457806,60.172104]},"properties":{"name":"Strand","source":"OpenStreetMap"}},{"type":"Feature","id":"beach-osm-way-893102948","geometry":{"type":"Point","coordinates":[11.85604,62.56254]},"properties":{"name":"Strand","source":"OpenStreetMap"}},{"type":"Feature","id":"beach-osm-way-893399322","geometry":{"type":"Point","coordinates":[10.410156,59.607729]},"properties":{"name":"Strand","source":"OpenStreetMap"}},{"type":"Feature","id":"beach-osm-way-893984708","geometry":{"type":"Point","coordinates":[14.342117,68.624135]},"properties":{"name":"Strand","source":"OpenStreetMap"}},{"type":"Feature","id":"beach-osm-way-894617876","geometry":{"type":"Point","coordinates":[10.362535,59.502057]},"properties":{"name":"Strand","source":"OpenStreetMap"}},{"type":"Feature","id":"beach-osm-way-895068808","geometry":{"type":"Point","coordinates":[10.431011,59.860137]},"properties":{"name":"Strand","source":"OpenStreetMap"}},{"type":"Feature","id":"beach-osm-way-895262296","geometry":{"type":"Point","coordinates":[4.955486,60.579528]},"properties":{"name":"Strand","source":"OpenStreetMap"}},{"type":"Feature","id":"beach-osm-way-896293882","geometry":{"type":"Point","coordinates":[5.112076,60.448814]},"properties":{"name":"Strand","source":"OpenStreetMap"}},{"type":"Feature","id":"beach-osm-way-896306417","geometry":{"type":"Point","coordinates":[5.503375,60.191412]},"properties":{"name":"Strand","source":"OpenStreetMap"}},{"type":"Feature","id":"beach-osm-way-898628382","geometry":{"type":"Point","coordinates":[5.290836,60.320261]},"properties":{"name":"Strand","source":"OpenStreetMap"}},{"type":"Feature","id":"beach-osm-way-898628383","geometry":{"type":"Point","coordinates":[5.292363,60.320247]},"properties":{"name":"Strand","source":"OpenStreetMap"}},{"type":"Feature","id":"beach-osm-way-898628398","geometry":{"type":"Point","coordinates":[5.33472,60.342087]},"properties":{"name":"Strand","source":"OpenStreetMap"}},{"type":"Feature","id":"beach-osm-way-899250460","geometry":{"type":"Point","coordinates":[10.778447,59.102486]},"properties":{"name":"Strand","source":"OpenStreetMap"}},{"type":"Feature","id":"beach-osm-way-900420291","geometry":{"type":"Point","coordinates":[7.538972,58.007346]},"properties":{"name":"Strand","source":"OpenStreetMap"}},{"type":"Feature","id":"beach-osm-way-900420298","geometry":{"type":"Point","coordinates":[7.538189,58.006681]},"properties":{"name":"Strand","source":"OpenStreetMap"}},{"type":"Feature","id":"beach-osm-way-901213414","geometry":{"type":"Point","coordinates":[7.542149,58.009242]},"properties":{"name":"Strand","source":"OpenStreetMap"}},{"type":"Feature","id":"beach-osm-way-902239617","geometry":{"type":"Point","coordinates":[6.203993,60.386918]},"properties":{"name":"Strand","source":"OpenStreetMap"}},{"type":"Feature","id":"beach-osm-way-904439363","geometry":{"type":"Point","coordinates":[5.4208,60.13371]},"properties":{"name":"Strand","source":"OpenStreetMap"}},{"type":"Feature","id":"beach-osm-way-904439371","geometry":{"type":"Point","coordinates":[5.417894,60.133416]},"properties":{"name":"Strand","source":"OpenStreetMap"}},{"type":"Feature","id":"beach-osm-way-904439396","geometry":{"type":"Point","coordinates":[5.435368,60.136075]},"properties":{"name":"Strand","source":"OpenStreetMap"}},{"type":"Feature","id":"beach-osm-way-904439400","geometry":{"type":"Point","coordinates":[5.428642,60.142914]},"properties":{"name":"Strand","source":"OpenStreetMap"}},{"type":"Feature","id":"beach-osm-way-906834374","geometry":{"type":"Point","coordinates":[5.494713,59.795083]},"properties":{"name":"Strand","source":"OpenStreetMap"}},{"type":"Feature","id":"beach-osm-way-907009692","geometry":{"type":"Point","coordinates":[5.219554,60.095312]},"properties":{"name":"Strand","source":"OpenStreetMap"}},{"type":"Feature","id":"beach-osm-way-910027234","geometry":{"type":"Point","coordinates":[10.73149,59.279287]},"properties":{"name":"Strand","source":"OpenStreetMap"}},{"type":"Feature","id":"beach-osm-way-911242761","geometry":{"type":"Point","coordinates":[10.766166,59.192462]},"properties":{"name":"Strand","source":"OpenStreetMap"}},{"type":"Feature","id":"beach-osm-way-911823911","geometry":{"type":"Point","coordinates":[10.787782,59.202991]},"properties":{"name":"Strand","source":"OpenStreetMap"}},{"type":"Feature","id":"beach-osm-way-912518522","geometry":{"type":"Point","coordinates":[5.481024,60.243353]},"properties":{"name":"Strand","source":"OpenStreetMap"}},{"type":"Feature","id":"beach-osm-way-913857738","geometry":{"type":"Point","coordinates":[6.653625,60.317869]},"properties":{"name":"Strand","source":"OpenStreetMap"}},{"type":"Feature","id":"beach-osm-way-913861997","geometry":{"type":"Point","coordinates":[6.655775,60.329479]},"properties":{"name":"Strand","source":"OpenStreetMap"}},{"type":"Feature","id":"beach-osm-way-914257099","geometry":{"type":"Point","coordinates":[6.189845,59.158511]},"properties":{"name":"Strand","source":"OpenStreetMap"}},{"type":"Feature","id":"beach-osm-way-914445736","geometry":{"type":"Point","coordinates":[5.471942,60.184351]},"properties":{"name":"Strand","source":"OpenStreetMap"}},{"type":"Feature","id":"beach-osm-way-917539661","geometry":{"type":"Point","coordinates":[9.812607,59.037083]},"properties":{"name":"Strand","source":"OpenStreetMap"}},{"type":"Feature","id":"beach-osm-way-918354484","geometry":{"type":"Point","coordinates":[5.343686,60.194497]},"properties":{"name":"Strand","source":"OpenStreetMap"}},{"type":"Feature","id":"beach-osm-way-918445624","geometry":{"type":"Point","coordinates":[5.569196,60.260939]},"properties":{"name":"Strand","source":"OpenStreetMap"}},{"type":"Feature","id":"beach-osm-way-918445644","geometry":{"type":"Point","coordinates":[5.461307,60.175428]},"properties":{"name":"Strand","source":"OpenStreetMap"}},{"type":"Feature","id":"beach-osm-way-918445691","geometry":{"type":"Point","coordinates":[5.412069,60.153218]},"properties":{"name":"Strand","source":"OpenStreetMap"}},{"type":"Feature","id":"beach-osm-way-919776390","geometry":{"type":"Point","coordinates":[5.489819,60.18915]},"properties":{"name":"Strand","source":"OpenStreetMap"}},{"type":"Feature","id":"beach-osm-way-919776391","geometry":{"type":"Point","coordinates":[5.488867,60.188798]},"properties":{"name":"Strand","source":"OpenStreetMap"}},{"type":"Feature","id":"beach-osm-way-919776393","geometry":{"type":"Point","coordinates":[5.500643,60.19218]},"properties":{"name":"Strand","source":"OpenStreetMap"}},{"type":"Feature","id":"beach-osm-way-919776396","geometry":{"type":"Point","coordinates":[5.502476,60.191673]},"properties":{"name":"Strand","source":"OpenStreetMap"}},{"type":"Feature","id":"beach-osm-way-919790790","geometry":{"type":"Point","coordinates":[5.62658,60.318962]},"properties":{"name":"Strand","source":"OpenStreetMap"}},{"type":"Feature","id":"beach-osm-way-919790792","geometry":{"type":"Point","coordinates":[5.628976,60.320094]},"properties":{"name":"Strand","source":"OpenStreetMap"}},{"type":"Feature","id":"beach-osm-way-919790795","geometry":{"type":"Point","coordinates":[5.629584,60.321287]},"properties":{"name":"Strand","source":"OpenStreetMap"}},{"type":"Feature","id":"beach-osm-way-919790796","geometry":{"type":"Point","coordinates":[5.6309,60.323228]},"properties":{"name":"Strand","source":"OpenStreetMap"}},{"type":"Feature","id":"beach-osm-way-919811496","geometry":{"type":"Point","coordinates":[5.763392,60.395173]},"properties":{"name":"Strand","source":"OpenStreetMap"}},{"type":"Feature","id":"beach-osm-way-919811498","geometry":{"type":"Point","coordinates":[5.763945,60.394667]},"properties":{"name":"Strand","source":"OpenStreetMap"}},{"type":"Feature","id":"beach-osm-way-919821645","geometry":{"type":"Point","coordinates":[5.627384,60.066668]},"properties":{"name":"Strand","source":"OpenStreetMap"}},{"type":"Feature","id":"beach-osm-way-919821646","geometry":{"type":"Point","coordinates":[5.62852,60.066752]},"properties":{"name":"Strand","source":"OpenStreetMap"}},{"type":"Feature","id":"beach-osm-way-919821647","geometry":{"type":"Point","coordinates":[5.629337,60.066111]},"properties":{"name":"Strand","source":"OpenStreetMap"}},{"type":"Feature","id":"beach-osm-way-919821649","geometry":{"type":"Point","coordinates":[5.633808,60.061097]},"properties":{"name":"Strand","source":"OpenStreetMap"}},{"type":"Feature","id":"beach-osm-way-919821650","geometry":{"type":"Point","coordinates":[5.624282,60.053862]},"properties":{"name":"Strand","source":"OpenStreetMap"}},{"type":"Feature","id":"beach-osm-way-919821651","geometry":{"type":"Point","coordinates":[5.623572,60.054144]},"properties":{"name":"Strand","source":"OpenStreetMap"}},{"type":"Feature","id":"beach-osm-way-919821652","geometry":{"type":"Point","coordinates":[5.662895,60.064523]},"properties":{"name":"Strand","source":"OpenStreetMap"}},{"type":"Feature","id":"beach-osm-way-919822800","geometry":{"type":"Point","coordinates":[5.58696,60.0724]},"properties":{"name":"Strand","source":"OpenStreetMap"}},{"type":"Feature","id":"beach-osm-way-919828777","geometry":{"type":"Point","coordinates":[5.479084,59.999977]},"properties":{"name":"Strand","source":"OpenStreetMap"}},{"type":"Feature","id":"beach-osm-way-919828780","geometry":{"type":"Point","coordinates":[5.47994,59.999567]},"properties":{"name":"Strand","source":"OpenStreetMap"}},{"type":"Feature","id":"beach-osm-way-919860072","geometry":{"type":"Point","coordinates":[5.401993,60.135397]},"properties":{"name":"Strand","source":"OpenStreetMap"}},{"type":"Feature","id":"beach-osm-way-919860117","geometry":{"type":"Point","coordinates":[5.41781,60.136766]},"properties":{"name":"Strand","source":"OpenStreetMap"}},{"type":"Feature","id":"beach-osm-way-921834435","geometry":{"type":"Point","coordinates":[7.345117,58.236962]},"properties":{"name":"Strand","source":"OpenStreetMap"}},{"type":"Feature","id":"beach-osm-way-922259913","geometry":{"type":"Point","coordinates":[11.217469,59.729696]},"properties":{"name":"Strand","source":"OpenStreetMap"}},{"type":"Feature","id":"beach-osm-way-922699568","geometry":{"type":"Point","coordinates":[5.749296,59.756584]},"properties":{"name":"Strand","source":"OpenStreetMap"}},{"type":"Feature","id":"beach-osm-way-922699626","geometry":{"type":"Point","coordinates":[5.631406,59.810061]},"properties":{"name":"Strand","source":"OpenStreetMap"}},{"type":"Feature","id":"beach-osm-way-922699628","geometry":{"type":"Point","coordinates":[5.657735,59.812068]},"properties":{"name":"Strand","source":"OpenStreetMap"}},{"type":"Feature","id":"beach-osm-way-922699647","geometry":{"type":"Point","coordinates":[5.70133,59.812548]},"properties":{"name":"Strand","source":"OpenStreetMap"}},{"type":"Feature","id":"beach-osm-way-922699652","geometry":{"type":"Point","coordinates":[5.73756,59.803662]},"properties":{"name":"Strand","source":"OpenStreetMap"}},{"type":"Feature","id":"beach-osm-way-922706751","geometry":{"type":"Point","coordinates":[5.741058,59.86361]},"properties":{"name":"Strand","source":"OpenStreetMap"}},{"type":"Feature","id":"beach-osm-way-922706752","geometry":{"type":"Point","coordinates":[5.730753,59.861534]},"properties":{"name":"Strand","source":"OpenStreetMap"}},{"type":"Feature","id":"beach-osm-way-922706753","geometry":{"type":"Point","coordinates":[5.72678,59.85951]},"properties":{"name":"Strand","source":"OpenStreetMap"}},{"type":"Feature","id":"beach-osm-way-922706754","geometry":{"type":"Point","coordinates":[5.711906,59.856556]},"properties":{"name":"Strand","source":"OpenStreetMap"}},{"type":"Feature","id":"beach-osm-way-922706755","geometry":{"type":"Point","coordinates":[5.682622,59.849986]},"properties":{"name":"Strand","source":"OpenStreetMap"}},{"type":"Feature","id":"beach-osm-way-922706756","geometry":{"type":"Point","coordinates":[5.760898,59.869622]},"properties":{"name":"Strand","source":"OpenStreetMap"}},{"type":"Feature","id":"beach-osm-way-922706761","geometry":{"type":"Point","coordinates":[5.758488,59.872957]},"properties":{"name":"Strand","source":"OpenStreetMap"}},{"type":"Feature","id":"beach-osm-way-922706778","geometry":{"type":"Point","coordinates":[5.739751,59.867193]},"properties":{"name":"Strand","source":"OpenStreetMap"}},{"type":"Feature","id":"beach-osm-way-922707572","geometry":{"type":"Point","coordinates":[5.859869,59.933417]},"properties":{"name":"Strand","source":"OpenStreetMap"}},{"type":"Feature","id":"beach-osm-way-922712703","geometry":{"type":"Point","coordinates":[6.00116,59.987666]},"properties":{"name":"Strand","source":"OpenStreetMap"}},{"type":"Feature","id":"beach-osm-way-922712704","geometry":{"type":"Point","coordinates":[6.002616,59.987556]},"properties":{"name":"Strand","source":"OpenStreetMap"}},{"type":"Feature","id":"beach-osm-way-922766785","geometry":{"type":"Point","coordinates":[5.356253,60.144025]},"properties":{"name":"Strand","source":"OpenStreetMap"}},{"type":"Feature","id":"beach-osm-way-922766791","geometry":{"type":"Point","coordinates":[5.36252,60.148701]},"properties":{"name":"Strand","source":"OpenStreetMap"}},{"type":"Feature","id":"beach-osm-way-922876054","geometry":{"type":"Point","coordinates":[5.603174,60.204259]},"properties":{"name":"Strand","source":"OpenStreetMap"}},{"type":"Feature","id":"beach-osm-way-922903469","geometry":{"type":"Point","coordinates":[5.684431,60.230494]},"properties":{"name":"Strand","source":"OpenStreetMap"}},{"type":"Feature","id":"beach-osm-way-922903501","geometry":{"type":"Point","coordinates":[5.71038,59.784704]},"properties":{"name":"Strand","source":"OpenStreetMap"}},{"type":"Feature","id":"beach-osm-way-922903502","geometry":{"type":"Point","coordinates":[5.711541,59.781869]},"properties":{"name":"Strand","source":"OpenStreetMap"}},{"type":"Feature","id":"beach-osm-way-922903503","geometry":{"type":"Point","coordinates":[5.712289,59.780981]},"properties":{"name":"Strand","source":"OpenStreetMap"}},{"type":"Feature","id":"beach-osm-way-922903504","geometry":{"type":"Point","coordinates":[5.71303,59.782172]},"properties":{"name":"Strand","source":"OpenStreetMap"}},{"type":"Feature","id":"beach-osm-way-922910667","geometry":{"type":"Point","coordinates":[5.385765,60.135904]},"properties":{"name":"Strand","source":"OpenStreetMap"}},{"type":"Feature","id":"beach-osm-way-922910672","geometry":{"type":"Point","coordinates":[5.379843,60.14533]},"properties":{"name":"Strand","source":"OpenStreetMap"}},{"type":"Feature","id":"beach-osm-way-922910673","geometry":{"type":"Point","coordinates":[5.367643,60.144344]},"properties":{"name":"Strand","source":"OpenStreetMap"}},{"type":"Feature","id":"beach-osm-way-922910674","geometry":{"type":"Point","coordinates":[5.364603,60.141962]},"properties":{"name":"Strand","source":"OpenStreetMap"}},{"type":"Feature","id":"beach-osm-way-922910675","geometry":{"type":"Point","coordinates":[5.363636,60.14131]},"properties":{"name":"Strand","source":"OpenStreetMap"}},{"type":"Feature","id":"beach-osm-way-922910676","geometry":{"type":"Point","coordinates":[5.353039,60.136634]},"properties":{"name":"Strand","source":"OpenStreetMap"}},{"type":"Feature","id":"beach-osm-way-922910677","geometry":{"type":"Point","coordinates":[5.353516,60.135201]},"properties":{"name":"Strand","source":"OpenStreetMap"}},{"type":"Feature","id":"beach-osm-way-922910678","geometry":{"type":"Point","coordinates":[5.356705,60.133549]},"properties":{"name":"Strand","source":"OpenStreetMap"}},{"type":"Feature","id":"beach-osm-way-922910679","geometry":{"type":"Point","coordinates":[5.362148,60.132128]},"properties":{"name":"Strand","source":"OpenStreetMap"}},{"type":"Feature","id":"beach-osm-way-922910681","geometry":{"type":"Point","coordinates":[5.367879,60.130635]},"properties":{"name":"Strand","source":"OpenStreetMap"}},{"type":"Feature","id":"beach-osm-way-922910682","geometry":{"type":"Point","coordinates":[5.368106,60.132828]},"properties":{"name":"Strand","source":"OpenStreetMap"}},{"type":"Feature","id":"beach-osm-way-922910683","geometry":{"type":"Point","coordinates":[5.36926,60.133003]},"properties":{"name":"Strand","source":"OpenStreetMap"}},{"type":"Feature","id":"beach-osm-way-922910685","geometry":{"type":"Point","coordinates":[5.370071,60.133274]},"properties":{"name":"Strand","source":"OpenStreetMap"}},{"type":"Feature","id":"beach-osm-way-922910686","geometry":{"type":"Point","coordinates":[5.370917,60.134304]},"properties":{"name":"Strand","source":"OpenStreetMap"}},{"type":"Feature","id":"beach-osm-way-922910687","geometry":{"type":"Point","coordinates":[5.371534,60.134691]},"properties":{"name":"Strand","source":"OpenStreetMap"}},{"type":"Feature","id":"beach-osm-way-922910689","geometry":{"type":"Point","coordinates":[5.373175,60.134673]},"properties":{"name":"Strand","source":"OpenStreetMap"}},{"type":"Feature","id":"beach-osm-way-922910690","geometry":{"type":"Point","coordinates":[5.374609,60.134503]},"properties":{"name":"Strand","source":"OpenStreetMap"}},{"type":"Feature","id":"beach-osm-way-922910691","geometry":{"type":"Point","coordinates":[5.41113,60.140494]},"properties":{"name":"Strand","source":"OpenStreetMap"}},{"type":"Feature","id":"beach-osm-way-922910692","geometry":{"type":"Point","coordinates":[5.411689,60.140994]},"properties":{"name":"Strand","source":"OpenStreetMap"}},{"type":"Feature","id":"beach-osm-way-922910693","geometry":{"type":"Point","coordinates":[5.412966,60.140934]},"properties":{"name":"Strand","source":"OpenStreetMap"}},{"type":"Feature","id":"beach-osm-way-922910694","geometry":{"type":"Point","coordinates":[5.41415,60.140834]},"properties":{"name":"Strand","source":"OpenStreetMap"}},{"type":"Feature","id":"beach-osm-way-922910695","geometry":{"type":"Point","coordinates":[5.416242,60.142169]},"properties":{"name":"Strand","source":"OpenStreetMap"}},{"type":"Feature","id":"beach-osm-way-922910699","geometry":{"type":"Point","coordinates":[5.417159,60.14336]},"properties":{"name":"Strand","source":"OpenStreetMap"}},{"type":"Feature","id":"beach-osm-way-922910700","geometry":{"type":"Point","coordinates":[5.418114,60.143633]},"properties":{"name":"Strand","source":"OpenStreetMap"}},{"type":"Feature","id":"beach-osm-way-922910702","geometry":{"type":"Point","coordinates":[5.411438,60.139009]},"properties":{"name":"Strand","source":"OpenStreetMap"}},{"type":"Feature","id":"beach-osm-way-922922278","geometry":{"type":"Point","coordinates":[5.699106,60.012848]},"properties":{"name":"Strand","source":"OpenStreetMap"}},{"type":"Feature","id":"beach-osm-way-922922279","geometry":{"type":"Point","coordinates":[5.697673,60.012026]},"properties":{"name":"Strand","source":"OpenStreetMap"}},{"type":"Feature","id":"beach-osm-way-922922280","geometry":{"type":"Point","coordinates":[5.696609,60.011526]},"properties":{"name":"Strand","source":"OpenStreetMap"}},{"type":"Feature","id":"beach-osm-way-922922281","geometry":{"type":"Point","coordinates":[5.695566,60.011098]},"properties":{"name":"Strand","source":"OpenStreetMap"}},{"type":"Feature","id":"beach-osm-way-922922283","geometry":{"type":"Point","coordinates":[5.694929,60.010052]},"properties":{"name":"Strand","source":"OpenStreetMap"}},{"type":"Feature","id":"beach-osm-way-922922284","geometry":{"type":"Point","coordinates":[5.695128,60.007986]},"properties":{"name":"Strand","source":"OpenStreetMap"}},{"type":"Feature","id":"beach-osm-way-922922285","geometry":{"type":"Point","coordinates":[5.70238,59.998402]},"properties":{"name":"Strand","source":"OpenStreetMap"}},{"type":"Feature","id":"beach-osm-way-922922292","geometry":{"type":"Point","coordinates":[5.743151,60.002646]},"properties":{"name":"Strand","source":"OpenStreetMap"}},{"type":"Feature","id":"beach-osm-way-922922293","geometry":{"type":"Point","coordinates":[5.745842,60.002457]},"properties":{"name":"Strand","source":"OpenStreetMap"}},{"type":"Feature","id":"beach-osm-way-922922294","geometry":{"type":"Point","coordinates":[5.747519,60.003359]},"properties":{"name":"Strand","source":"OpenStreetMap"}},{"type":"Feature","id":"beach-osm-way-922922296","geometry":{"type":"Point","coordinates":[5.748694,60.003721]},"properties":{"name":"Strand","source":"OpenStreetMap"}},{"type":"Feature","id":"beach-osm-way-922922297","geometry":{"type":"Point","coordinates":[5.750309,60.004337]},"properties":{"name":"Strand","source":"OpenStreetMap"}},{"type":"Feature","id":"beach-osm-way-922922298","geometry":{"type":"Point","coordinates":[5.751288,60.00486]},"properties":{"name":"Strand","source":"OpenStreetMap"}},{"type":"Feature","id":"beach-osm-way-922922299","geometry":{"type":"Point","coordinates":[5.760489,60.011478]},"properties":{"name":"Strand","source":"OpenStreetMap"}},{"type":"Feature","id":"beach-osm-way-922925042","geometry":{"type":"Point","coordinates":[5.727218,60.102774]},"properties":{"name":"Strand","source":"OpenStreetMap"}},{"type":"Feature","id":"beach-osm-way-922925045","geometry":{"type":"Point","coordinates":[5.728805,60.107848]},"properties":{"name":"Strand","source":"OpenStreetMap"}},{"type":"Feature","id":"beach-osm-way-922925046","geometry":{"type":"Point","coordinates":[5.730859,60.109151]},"properties":{"name":"Strand","source":"OpenStreetMap"}},{"type":"Feature","id":"beach-osm-way-922925048","geometry":{"type":"Point","coordinates":[5.745118,60.121512]},"properties":{"name":"Strand","source":"OpenStreetMap"}},{"type":"Feature","id":"beach-osm-way-922925049","geometry":{"type":"Point","coordinates":[5.744135,60.122003]},"properties":{"name":"Strand","source":"OpenStreetMap"}},{"type":"Feature","id":"beach-osm-way-922925051","geometry":{"type":"Point","coordinates":[5.757168,60.134697]},"properties":{"name":"Strand","source":"OpenStreetMap"}},{"type":"Feature","id":"beach-osm-way-922925052","geometry":{"type":"Point","coordinates":[5.759287,60.137698]},"properties":{"name":"Strand","source":"OpenStreetMap"}},{"type":"Feature","id":"beach-osm-way-922925053","geometry":{"type":"Point","coordinates":[5.755879,60.139584]},"properties":{"name":"Strand","source":"OpenStreetMap"}},{"type":"Feature","id":"beach-osm-way-922925056","geometry":{"type":"Point","coordinates":[5.732934,60.151204]},"properties":{"name":"Strand","source":"OpenStreetMap"}},{"type":"Feature","id":"beach-osm-way-922925057","geometry":{"type":"Point","coordinates":[5.734098,60.150724]},"properties":{"name":"Strand","source":"OpenStreetMap"}},{"type":"Feature","id":"beach-osm-way-922925058","geometry":{"type":"Point","coordinates":[5.731583,60.151164]},"properties":{"name":"Strand","source":"OpenStreetMap"}},{"type":"Feature","id":"beach-osm-way-922925059","geometry":{"type":"Point","coordinates":[5.727923,60.15543]},"properties":{"name":"Strand","source":"OpenStreetMap"}},{"type":"Feature","id":"beach-osm-way-922925060","geometry":{"type":"Point","coordinates":[5.723544,60.168725]},"properties":{"name":"Strand","source":"OpenStreetMap"}},{"type":"Feature","id":"beach-osm-way-922925061","geometry":{"type":"Point","coordinates":[5.722302,60.16978]},"properties":{"name":"Strand","source":"OpenStreetMap"}},{"type":"Feature","id":"beach-osm-way-922925062","geometry":{"type":"Point","coordinates":[5.722248,60.170572]},"properties":{"name":"Strand","source":"OpenStreetMap"}},{"type":"Feature","id":"beach-osm-way-922925064","geometry":{"type":"Point","coordinates":[5.74017,60.17681]},"properties":{"name":"Strand","source":"OpenStreetMap"}},{"type":"Feature","id":"beach-osm-way-922925065","geometry":{"type":"Point","coordinates":[5.739481,60.177238]},"properties":{"name":"Strand","source":"OpenStreetMap"}},{"type":"Feature","id":"beach-osm-way-922925067","geometry":{"type":"Point","coordinates":[5.744563,60.17928]},"properties":{"name":"Strand","source":"OpenStreetMap"}},{"type":"Feature","id":"beach-osm-way-922925068","geometry":{"type":"Point","coordinates":[5.741936,60.090451]},"properties":{"name":"Strand","source":"OpenStreetMap"}},{"type":"Feature","id":"beach-osm-way-922929408","geometry":{"type":"Point","coordinates":[5.365854,60.20071]},"properties":{"name":"Strand","source":"OpenStreetMap"}},{"type":"Feature","id":"beach-osm-way-922929421","geometry":{"type":"Point","coordinates":[5.419615,60.158979]},"properties":{"name":"Strand","source":"OpenStreetMap"}},{"type":"Feature","id":"beach-osm-way-922929424","geometry":{"type":"Point","coordinates":[5.432034,60.147745]},"properties":{"name":"Strand","source":"OpenStreetMap"}},{"type":"Feature","id":"beach-osm-way-922929425","geometry":{"type":"Point","coordinates":[5.430751,60.143504]},"properties":{"name":"Strand","source":"OpenStreetMap"}},{"type":"Feature","id":"beach-osm-way-922929427","geometry":{"type":"Point","coordinates":[5.436388,60.135156]},"properties":{"name":"Strand","source":"OpenStreetMap"}},{"type":"Feature","id":"beach-osm-way-922929428","geometry":{"type":"Point","coordinates":[5.438454,60.133528]},"properties":{"name":"Strand","source":"OpenStreetMap"}},{"type":"Feature","id":"beach-osm-way-922929431","geometry":{"type":"Point","coordinates":[5.455347,60.169244]},"properties":{"name":"Strand","source":"OpenStreetMap"}},{"type":"Feature","id":"beach-osm-way-923375536","geometry":{"type":"Point","coordinates":[10.858765,59.873473]},"properties":{"name":"Strand","source":"OpenStreetMap"}},{"type":"Feature","id":"beach-osm-way-923663179","geometry":{"type":"Point","coordinates":[10.204248,59.023549]},"properties":{"name":"Strand","source":"OpenStreetMap"}},{"type":"Feature","id":"beach-osm-way-923663181","geometry":{"type":"Point","coordinates":[10.210955,59.027577]},"properties":{"name":"Strand","source":"OpenStreetMap"}},{"type":"Feature","id":"beach-osm-way-926328808","geometry":{"type":"Point","coordinates":[17.409437,68.447314]},"properties":{"name":"Strand","source":"OpenStreetMap"}},{"type":"Feature","id":"beach-osm-way-927002148","geometry":{"type":"Point","coordinates":[9.23988,60.98254]},"properties":{"name":"Strand","source":"OpenStreetMap"}},{"type":"Feature","id":"beach-osm-way-928906212","geometry":{"type":"Point","coordinates":[17.392919,68.443742]},"properties":{"name":"Strand","source":"OpenStreetMap"}},{"type":"Feature","id":"beach-osm-way-928906214","geometry":{"type":"Point","coordinates":[17.403514,68.446542]},"properties":{"name":"Strand","source":"OpenStreetMap"}},{"type":"Feature","id":"beach-osm-way-931932895","geometry":{"type":"Point","coordinates":[5.632087,60.059516]},"properties":{"name":"Strand","source":"OpenStreetMap"}},{"type":"Feature","id":"beach-osm-way-931932896","geometry":{"type":"Point","coordinates":[5.626036,60.05323]},"properties":{"name":"Strand","source":"OpenStreetMap"}},{"type":"Feature","id":"beach-osm-way-932359073","geometry":{"type":"Point","coordinates":[11.012827,59.02178]},"properties":{"name":"Strand","source":"OpenStreetMap"}},{"type":"Feature","id":"beach-osm-way-935134591","geometry":{"type":"Point","coordinates":[5.5898,60.073098]},"properties":{"name":"Strand","source":"OpenStreetMap"}},{"type":"Feature","id":"beach-osm-way-935135042","geometry":{"type":"Point","coordinates":[5.573816,60.065785]},"properties":{"name":"Strand","source":"OpenStreetMap"}},{"type":"Feature","id":"beach-osm-way-938212218","geometry":{"type":"Point","coordinates":[6.717731,58.669934]},"properties":{"name":"Strand","source":"OpenStreetMap"}},{"type":"Feature","id":"beach-osm-way-938525240","geometry":{"type":"Point","coordinates":[11.5594,60.87748]},"properties":{"name":"Strand","source":"OpenStreetMap"}},{"type":"Feature","id":"beach-osm-way-940542964","geometry":{"type":"Point","coordinates":[5.465382,60.18064]},"properties":{"name":"Strand","source":"OpenStreetMap"}},{"type":"Feature","id":"beach-osm-way-940971873","geometry":{"type":"Point","coordinates":[11.1696,59.111694]},"properties":{"name":"Strand","source":"OpenStreetMap"}},{"type":"Feature","id":"beach-osm-way-943850136","geometry":{"type":"Point","coordinates":[10.719178,59.334681]},"properties":{"name":"Strand","source":"OpenStreetMap"}},{"type":"Feature","id":"beach-osm-way-943850142","geometry":{"type":"Point","coordinates":[10.727004,59.336417]},"properties":{"name":"Strand","source":"OpenStreetMap"}},{"type":"Feature","id":"beach-osm-way-943850144","geometry":{"type":"Point","coordinates":[10.727441,59.33719]},"properties":{"name":"Strand","source":"OpenStreetMap"}},{"type":"Feature","id":"beach-osm-way-945010297","geometry":{"type":"Point","coordinates":[7.22276,62.740595]},"properties":{"name":"Strand","source":"OpenStreetMap"}},{"type":"Feature","id":"beach-osm-way-945871240","geometry":{"type":"Point","coordinates":[7.223585,62.740856]},"properties":{"name":"Strand","source":"OpenStreetMap"}},{"type":"Feature","id":"beach-osm-way-946369646","geometry":{"type":"Point","coordinates":[7.086305,62.733641]},"properties":{"name":"Strand","source":"OpenStreetMap"}},{"type":"Feature","id":"beach-osm-way-947373191","geometry":{"type":"Point","coordinates":[5.47816,60.181837]},"properties":{"name":"Strand","source":"OpenStreetMap"}},{"type":"Feature","id":"beach-osm-way-948521412","geometry":{"type":"Point","coordinates":[11.069716,59.130813]},"properties":{"name":"Strand","source":"OpenStreetMap"}},{"type":"Feature","id":"beach-osm-way-948521415","geometry":{"type":"Point","coordinates":[11.068598,59.123984]},"properties":{"name":"Strand","source":"OpenStreetMap"}},{"type":"Feature","id":"beach-osm-way-948521418","geometry":{"type":"Point","coordinates":[11.078689,59.125468]},"properties":{"name":"Strand","source":"OpenStreetMap"}},{"type":"Feature","id":"beach-osm-way-948521422","geometry":{"type":"Point","coordinates":[11.103621,59.132852]},"properties":{"name":"Strand","source":"OpenStreetMap"}},{"type":"Feature","id":"beach-osm-way-951230935","geometry":{"type":"Point","coordinates":[26.541527,70.455222]},"properties":{"name":"Strand","source":"OpenStreetMap"}},{"type":"Feature","id":"beach-osm-way-951230936","geometry":{"type":"Point","coordinates":[26.532655,70.45377]},"properties":{"name":"Strand","source":"OpenStreetMap"}},{"type":"Feature","id":"beach-osm-way-951346235","geometry":{"type":"Point","coordinates":[22.104922,70.480024]},"properties":{"name":"Strand","source":"OpenStreetMap"}},{"type":"Feature","id":"beach-osm-way-951547224","geometry":{"type":"Point","coordinates":[11.045524,59.135782]},"properties":{"name":"Strand","source":"OpenStreetMap"}},{"type":"Feature","id":"beach-osm-way-951717180","geometry":{"type":"Point","coordinates":[10.45024,59.094773]},"properties":{"name":"Strand","source":"OpenStreetMap"}},{"type":"Feature","id":"beach-osm-way-951717181","geometry":{"type":"Point","coordinates":[10.44858,59.096061]},"properties":{"name":"Strand","source":"OpenStreetMap"}},{"type":"Feature","id":"beach-osm-way-953377861","geometry":{"type":"Point","coordinates":[10.443943,59.106569]},"properties":{"name":"Strand","source":"OpenStreetMap"}},{"type":"Feature","id":"beach-osm-way-953757651","geometry":{"type":"Point","coordinates":[10.717579,59.333172]},"properties":{"name":"Strand","source":"OpenStreetMap"}},{"type":"Feature","id":"beach-osm-way-954239149","geometry":{"type":"Point","coordinates":[10.359745,59.684006]},"properties":{"name":"Strand","source":"OpenStreetMap"}},{"type":"Feature","id":"beach-osm-way-954239151","geometry":{"type":"Point","coordinates":[10.354363,59.685524]},"properties":{"name":"Strand","source":"OpenStreetMap"}},{"type":"Feature","id":"beach-osm-way-954239152","geometry":{"type":"Point","coordinates":[10.355175,59.685302]},"properties":{"name":"Strand","source":"OpenStreetMap"}},{"type":"Feature","id":"beach-osm-way-955728831","geometry":{"type":"Point","coordinates":[10.481975,59.814274]},"properties":{"name":"Strand","source":"OpenStreetMap"}},{"type":"Feature","id":"beach-osm-way-957804795","geometry":{"type":"Point","coordinates":[10.48603,59.817793]},"properties":{"name":"Strand","source":"OpenStreetMap"}},{"type":"Feature","id":"beach-osm-way-957839881","geometry":{"type":"Point","coordinates":[10.725537,59.886271]},"properties":{"name":"Strand","source":"OpenStreetMap"}},{"type":"Feature","id":"beach-osm-way-957839898","geometry":{"type":"Point","coordinates":[10.713242,59.884214]},"properties":{"name":"Strand","source":"OpenStreetMap"}},{"type":"Feature","id":"beach-osm-way-957839900","geometry":{"type":"Point","coordinates":[10.711294,59.882349]},"properties":{"name":"Strand","source":"OpenStreetMap"}},{"type":"Feature","id":"beach-osm-way-957839901","geometry":{"type":"Point","coordinates":[10.715006,59.881439]},"properties":{"name":"Strand","source":"OpenStreetMap"}},{"type":"Feature","id":"beach-osm-way-957839903","geometry":{"type":"Point","coordinates":[10.713989,59.882894]},"properties":{"name":"Strand","source":"OpenStreetMap"}},{"type":"Feature","id":"beach-osm-way-957839913","geometry":{"type":"Point","coordinates":[10.721093,59.882766]},"properties":{"name":"Strand","source":"OpenStreetMap"}},{"type":"Feature","id":"beach-osm-way-957839922","geometry":{"type":"Point","coordinates":[10.71497,59.880199]},"properties":{"name":"Strand","source":"OpenStreetMap"}},{"type":"Feature","id":"beach-osm-way-957839925","geometry":{"type":"Point","coordinates":[10.715612,59.87892]},"properties":{"name":"Strand","source":"OpenStreetMap"}},{"type":"Feature","id":"beach-osm-way-957842162","geometry":{"type":"Point","coordinates":[10.724433,59.881505]},"properties":{"name":"Strand","source":"OpenStreetMap"}},{"type":"Feature","id":"beach-osm-way-957842166","geometry":{"type":"Point","coordinates":[10.723804,59.881935]},"properties":{"name":"Strand","source":"OpenStreetMap"}},{"type":"Feature","id":"beach-osm-way-958402280","geometry":{"type":"Point","coordinates":[5.686239,60.07651]},"properties":{"name":"Strand","source":"OpenStreetMap"}},{"type":"Feature","id":"beach-osm-way-958402281","geometry":{"type":"Point","coordinates":[5.686103,60.075943]},"properties":{"name":"Strand","source":"OpenStreetMap"}},{"type":"Feature","id":"beach-osm-way-958402282","geometry":{"type":"Point","coordinates":[5.686534,60.075209]},"properties":{"name":"Strand","source":"OpenStreetMap"}},{"type":"Feature","id":"beach-osm-way-958402284","geometry":{"type":"Point","coordinates":[5.688858,60.073718]},"properties":{"name":"Strand","source":"OpenStreetMap"}},{"type":"Feature","id":"beach-osm-way-958402285","geometry":{"type":"Point","coordinates":[5.691604,60.072596]},"properties":{"name":"Strand","source":"OpenStreetMap"}},{"type":"Feature","id":"beach-osm-way-958402286","geometry":{"type":"Point","coordinates":[5.697937,60.072578]},"properties":{"name":"Strand","source":"OpenStreetMap"}},{"type":"Feature","id":"beach-osm-way-958402287","geometry":{"type":"Point","coordinates":[5.696321,60.068887]},"properties":{"name":"Strand","source":"OpenStreetMap"}},{"type":"Feature","id":"beach-osm-way-958402288","geometry":{"type":"Point","coordinates":[5.703427,60.051323]},"properties":{"name":"Strand","source":"OpenStreetMap"}},{"type":"Feature","id":"beach-osm-way-958402289","geometry":{"type":"Point","coordinates":[5.702938,60.056942]},"properties":{"name":"Strand","source":"OpenStreetMap"}},{"type":"Feature","id":"beach-osm-way-958402291","geometry":{"type":"Point","coordinates":[5.641706,60.073597]},"properties":{"name":"Strand","source":"OpenStreetMap"}},{"type":"Feature","id":"beach-osm-way-958402294","geometry":{"type":"Point","coordinates":[5.688121,60.078096]},"properties":{"name":"Strand","source":"OpenStreetMap"}},{"type":"Feature","id":"beach-osm-way-958402295","geometry":{"type":"Point","coordinates":[5.68436,60.079407]},"properties":{"name":"Strand","source":"OpenStreetMap"}},{"type":"Feature","id":"beach-osm-way-958402296","geometry":{"type":"Point","coordinates":[5.686465,60.079289]},"properties":{"name":"Strand","source":"OpenStreetMap"}},{"type":"Feature","id":"beach-osm-way-958402297","geometry":{"type":"Point","coordinates":[5.681736,60.078788]},"properties":{"name":"Strand","source":"OpenStreetMap"}},{"type":"Feature","id":"beach-osm-way-958402298","geometry":{"type":"Point","coordinates":[5.67828,60.079449]},"properties":{"name":"Strand","source":"OpenStreetMap"}},{"type":"Feature","id":"beach-osm-way-958402299","geometry":{"type":"Point","coordinates":[5.610808,60.055724]},"properties":{"name":"Strand","source":"OpenStreetMap"}},{"type":"Feature","id":"beach-osm-way-958402300","geometry":{"type":"Point","coordinates":[5.51751,60.051719]},"properties":{"name":"Strand","source":"OpenStreetMap"}},{"type":"Feature","id":"beach-osm-way-958402301","geometry":{"type":"Point","coordinates":[5.488923,60.051833]},"properties":{"name":"Strand","source":"OpenStreetMap"}},{"type":"Feature","id":"beach-osm-way-958402302","geometry":{"type":"Point","coordinates":[5.475026,60.009957]},"properties":{"name":"Strand","source":"OpenStreetMap"}},{"type":"Feature","id":"beach-osm-way-963371273","geometry":{"type":"Point","coordinates":[16.647297,68.934068]},"properties":{"name":"Strand","source":"OpenStreetMap"}},{"type":"Feature","id":"beach-osm-way-963422766","geometry":{"type":"Point","coordinates":[16.612333,68.950238]},"properties":{"name":"Strand","source":"OpenStreetMap"}},{"type":"Feature","id":"beach-osm-way-963430319","geometry":{"type":"Point","coordinates":[16.370632,68.986859]},"properties":{"name":"Strand","source":"OpenStreetMap"}},{"type":"Feature","id":"beach-osm-way-963430343","geometry":{"type":"Point","coordinates":[16.572547,68.944363]},"properties":{"name":"Strand","source":"OpenStreetMap"}},{"type":"Feature","id":"beach-osm-way-963430363","geometry":{"type":"Point","coordinates":[16.568276,68.954576]},"properties":{"name":"Strand","source":"OpenStreetMap"}},{"type":"Feature","id":"beach-osm-way-963430365","geometry":{"type":"Point","coordinates":[16.588898,68.968743]},"properties":{"name":"Strand","source":"OpenStreetMap"}},{"type":"Feature","id":"beach-osm-way-963430366","geometry":{"type":"Point","coordinates":[16.590345,68.96897]},"properties":{"name":"Strand","source":"OpenStreetMap"}},{"type":"Feature","id":"beach-osm-way-964304626","geometry":{"type":"Point","coordinates":[16.744778,68.962366]},"properties":{"name":"Strand","source":"OpenStreetMap"}},{"type":"Feature","id":"beach-osm-way-964323356","geometry":{"type":"Point","coordinates":[16.71933,68.964578]},"properties":{"name":"Strand","source":"OpenStreetMap"}},{"type":"Feature","id":"beach-osm-way-964379476","geometry":{"type":"Point","coordinates":[5.227891,62.103866]},"properties":{"name":"Strand","source":"OpenStreetMap"}},{"type":"Feature","id":"beach-osm-way-964379477","geometry":{"type":"Point","coordinates":[5.258694,62.090844]},"properties":{"name":"Strand","source":"OpenStreetMap"}},{"type":"Feature","id":"beach-osm-way-964379478","geometry":{"type":"Point","coordinates":[5.242731,62.100292]},"properties":{"name":"Strand","source":"OpenStreetMap"}},{"type":"Feature","id":"beach-osm-way-964379479","geometry":{"type":"Point","coordinates":[5.229612,62.103718]},"properties":{"name":"Strand","source":"OpenStreetMap"}},{"type":"Feature","id":"beach-osm-way-964379480","geometry":{"type":"Point","coordinates":[5.22269,62.103688]},"properties":{"name":"Strand","source":"OpenStreetMap"}},{"type":"Feature","id":"beach-osm-way-964379481","geometry":{"type":"Point","coordinates":[5.206277,62.102573]},"properties":{"name":"Strand","source":"OpenStreetMap"}},{"type":"Feature","id":"beach-osm-way-964379482","geometry":{"type":"Point","coordinates":[5.175493,62.10257]},"properties":{"name":"Strand","source":"OpenStreetMap"}},{"type":"Feature","id":"beach-osm-way-964379483","geometry":{"type":"Point","coordinates":[5.169358,62.102544]},"properties":{"name":"Strand","source":"OpenStreetMap"}},{"type":"Feature","id":"beach-osm-way-964379484","geometry":{"type":"Point","coordinates":[5.143663,62.102256]},"properties":{"name":"Strand","source":"OpenStreetMap"}},{"type":"Feature","id":"beach-osm-way-964389709","geometry":{"type":"Point","coordinates":[5.173209,62.102527]},"properties":{"name":"Strand","source":"OpenStreetMap"}},{"type":"Feature","id":"beach-osm-way-964614416","geometry":{"type":"Point","coordinates":[16.57869,68.989507]},"properties":{"name":"Strand","source":"OpenStreetMap"}},{"type":"Feature","id":"beach-osm-way-964634653","geometry":{"type":"Point","coordinates":[16.471611,69.013577]},"properties":{"name":"Strand","source":"OpenStreetMap"}},{"type":"Feature","id":"beach-osm-way-964634706","geometry":{"type":"Point","coordinates":[16.458383,69.002999]},"properties":{"name":"Strand","source":"OpenStreetMap"}},{"type":"Feature","id":"beach-osm-way-965129915","geometry":{"type":"Point","coordinates":[16.55251,69.022251]},"properties":{"name":"Strand","source":"OpenStreetMap"}},{"type":"Feature","id":"beach-osm-way-965129917","geometry":{"type":"Point","coordinates":[16.558122,69.027203]},"properties":{"name":"Strand","source":"OpenStreetMap"}},{"type":"Feature","id":"beach-osm-way-965129918","geometry":{"type":"Point","coordinates":[16.558515,69.028127]},"properties":{"name":"Strand","source":"OpenStreetMap"}},{"type":"Feature","id":"beach-osm-way-965129919","geometry":{"type":"Point","coordinates":[16.558537,69.029163]},"properties":{"name":"Strand","source":"OpenStreetMap"}},{"type":"Feature","id":"beach-osm-way-965133511","geometry":{"type":"Point","coordinates":[16.518266,69.035488]},"properties":{"name":"Strand","source":"OpenStreetMap"}},{"type":"Feature","id":"beach-osm-way-965133521","geometry":{"type":"Point","coordinates":[16.522056,69.034324]},"properties":{"name":"Strand","source":"OpenStreetMap"}},{"type":"Feature","id":"beach-osm-way-965133523","geometry":{"type":"Point","coordinates":[16.524571,69.033986]},"properties":{"name":"Strand","source":"OpenStreetMap"}},{"type":"Feature","id":"beach-osm-way-965133533","geometry":{"type":"Point","coordinates":[16.513016,69.031844]},"properties":{"name":"Strand","source":"OpenStreetMap"}},{"type":"Feature","id":"beach-osm-way-965133537","geometry":{"type":"Point","coordinates":[16.495717,69.024892]},"properties":{"name":"Strand","source":"OpenStreetMap"}},{"type":"Feature","id":"beach-osm-way-965135036","geometry":{"type":"Point","coordinates":[16.526232,69.034187]},"properties":{"name":"Strand","source":"OpenStreetMap"}},{"type":"Feature","id":"beach-osm-way-965136080","geometry":{"type":"Point","coordinates":[16.53373,69.034308]},"properties":{"name":"Strand","source":"OpenStreetMap"}},{"type":"Feature","id":"beach-osm-way-965136081","geometry":{"type":"Point","coordinates":[16.53594,69.034141]},"properties":{"name":"Strand","source":"OpenStreetMap"}},{"type":"Feature","id":"beach-osm-way-965145494","geometry":{"type":"Point","coordinates":[16.554218,69.032668]},"properties":{"name":"Strand","source":"OpenStreetMap"}},{"type":"Feature","id":"beach-osm-way-965145511","geometry":{"type":"Point","coordinates":[16.547248,69.034786]},"properties":{"name":"Strand","source":"OpenStreetMap"}},{"type":"Feature","id":"beach-osm-way-965145512","geometry":{"type":"Point","coordinates":[16.545863,69.034636]},"properties":{"name":"Strand","source":"OpenStreetMap"}},{"type":"Feature","id":"beach-osm-way-965145513","geometry":{"type":"Point","coordinates":[16.543765,69.034707]},"properties":{"name":"Strand","source":"OpenStreetMap"}},{"type":"Feature","id":"beach-osm-way-965145514","geometry":{"type":"Point","coordinates":[16.541883,69.034573]},"properties":{"name":"Strand","source":"OpenStreetMap"}},{"type":"Feature","id":"beach-osm-way-965145978","geometry":{"type":"Point","coordinates":[16.555271,69.024638]},"properties":{"name":"Strand","source":"OpenStreetMap"}},{"type":"Feature","id":"beach-osm-way-965172339","geometry":{"type":"Point","coordinates":[16.548138,69.062115]},"properties":{"name":"Strand","source":"OpenStreetMap"}},{"type":"Feature","id":"beach-osm-way-965172341","geometry":{"type":"Point","coordinates":[16.545382,69.057917]},"properties":{"name":"Strand","source":"OpenStreetMap"}},{"type":"Feature","id":"beach-osm-way-965172342","geometry":{"type":"Point","coordinates":[16.543598,69.057007]},"properties":{"name":"Strand","source":"OpenStreetMap"}},{"type":"Feature","id":"beach-osm-way-965172348","geometry":{"type":"Point","coordinates":[16.540674,69.056166]},"properties":{"name":"Strand","source":"OpenStreetMap"}},{"type":"Feature","id":"beach-osm-way-965172351","geometry":{"type":"Point","coordinates":[16.516128,69.054474]},"properties":{"name":"Strand","source":"OpenStreetMap"}},{"type":"Feature","id":"beach-osm-way-965185026","geometry":{"type":"Point","coordinates":[16.503466,69.071864]},"properties":{"name":"Strand","source":"OpenStreetMap"}},{"type":"Feature","id":"beach-osm-way-965185078","geometry":{"type":"Point","coordinates":[16.519921,69.071784]},"properties":{"name":"Strand","source":"OpenStreetMap"}},{"type":"Feature","id":"beach-osm-way-965185084","geometry":{"type":"Point","coordinates":[16.51401,69.068767]},"properties":{"name":"Strand","source":"OpenStreetMap"}},{"type":"Feature","id":"beach-osm-way-965190560","geometry":{"type":"Point","coordinates":[16.522209,69.078685]},"properties":{"name":"Strand","source":"OpenStreetMap"}},{"type":"Feature","id":"beach-osm-way-965190564","geometry":{"type":"Point","coordinates":[16.514278,69.07492]},"properties":{"name":"Strand","source":"OpenStreetMap"}},{"type":"Feature","id":"beach-osm-way-965211601","geometry":{"type":"Point","coordinates":[16.493851,69.080024]},"properties":{"name":"Strand","source":"OpenStreetMap"}},{"type":"Feature","id":"beach-osm-way-965428701","geometry":{"type":"Point","coordinates":[10.59998,59.711108]},"properties":{"name":"Strand","source":"OpenStreetMap"}},{"type":"Feature","id":"beach-osm-way-965428702","geometry":{"type":"Point","coordinates":[10.599622,59.707582]},"properties":{"name":"Strand","source":"OpenStreetMap"}},{"type":"Feature","id":"beach-osm-way-965555225","geometry":{"type":"Point","coordinates":[10.85235,59.404779]},"properties":{"name":"Strand","source":"OpenStreetMap"}},{"type":"Feature","id":"beach-osm-way-965599350","geometry":{"type":"Point","coordinates":[7.462136,58.037443]},"properties":{"name":"Strand","source":"OpenStreetMap"}},{"type":"Feature","id":"beach-osm-way-966012194","geometry":{"type":"Point","coordinates":[16.38026,69.017194]},"properties":{"name":"Strand","source":"OpenStreetMap"}},{"type":"Feature","id":"beach-osm-way-966014804","geometry":{"type":"Point","coordinates":[16.384036,69.012409]},"properties":{"name":"Strand","source":"OpenStreetMap"}},{"type":"Feature","id":"beach-osm-way-966148834","geometry":{"type":"Point","coordinates":[16.242117,68.970729]},"properties":{"name":"Strand","source":"OpenStreetMap"}},{"type":"Feature","id":"beach-osm-way-966148835","geometry":{"type":"Point","coordinates":[16.250669,68.971024]},"properties":{"name":"Strand","source":"OpenStreetMap"}},{"type":"Feature","id":"beach-osm-way-966148836","geometry":{"type":"Point","coordinates":[16.242894,68.972163]},"properties":{"name":"Strand","source":"OpenStreetMap"}},{"type":"Feature","id":"beach-osm-way-966148838","geometry":{"type":"Point","coordinates":[16.24066,68.975585]},"properties":{"name":"Strand","source":"OpenStreetMap"}},{"type":"Feature","id":"beach-osm-way-966148839","geometry":{"type":"Point","coordinates":[16.237412,68.972395]},"properties":{"name":"Strand","source":"OpenStreetMap"}},{"type":"Feature","id":"beach-osm-way-966148840","geometry":{"type":"Point","coordinates":[16.237683,68.973001]},"properties":{"name":"Strand","source":"OpenStreetMap"}},{"type":"Feature","id":"beach-osm-way-966148854","geometry":{"type":"Point","coordinates":[16.239408,68.960834]},"properties":{"name":"Strand","source":"OpenStreetMap"}},{"type":"Feature","id":"beach-osm-way-966148859","geometry":{"type":"Point","coordinates":[16.233872,68.960293]},"properties":{"name":"Strand","source":"OpenStreetMap"}},{"type":"Feature","id":"beach-osm-way-966148861","geometry":{"type":"Point","coordinates":[16.239807,68.964476]},"properties":{"name":"Strand","source":"OpenStreetMap"}},{"type":"Feature","id":"beach-osm-way-966193407","geometry":{"type":"Point","coordinates":[16.239127,68.970972]},"properties":{"name":"Strand","source":"OpenStreetMap"}},{"type":"Feature","id":"beach-osm-way-966193411","geometry":{"type":"Point","coordinates":[16.244441,68.970075]},"properties":{"name":"Strand","source":"OpenStreetMap"}},{"type":"Feature","id":"beach-osm-way-966193416","geometry":{"type":"Point","coordinates":[16.249826,68.972903]},"properties":{"name":"Strand","source":"OpenStreetMap"}},{"type":"Feature","id":"beach-osm-way-966193420","geometry":{"type":"Point","coordinates":[16.241183,68.973272]},"properties":{"name":"Strand","source":"OpenStreetMap"}},{"type":"Feature","id":"beach-osm-way-967067644","geometry":{"type":"Point","coordinates":[8.777994,59.070171]},"properties":{"name":"Strand","source":"OpenStreetMap"}},{"type":"Feature","id":"beach-osm-way-967345784","geometry":{"type":"Point","coordinates":[10.592195,59.68994]},"properties":{"name":"Strand","source":"OpenStreetMap"}},{"type":"Feature","id":"beach-osm-way-967347735","geometry":{"type":"Point","coordinates":[10.554174,59.716147]},"properties":{"name":"Strand","source":"OpenStreetMap"}},{"type":"Feature","id":"beach-osm-way-969779926","geometry":{"type":"Point","coordinates":[10.642766,59.636796]},"properties":{"name":"Strand","source":"OpenStreetMap"}},{"type":"Feature","id":"beach-osm-way-969779928","geometry":{"type":"Point","coordinates":[10.642422,59.63465]},"properties":{"name":"Strand","source":"OpenStreetMap"}},{"type":"Feature","id":"beach-osm-way-969779930","geometry":{"type":"Point","coordinates":[10.647495,59.626283]},"properties":{"name":"Strand","source":"OpenStreetMap"}},{"type":"Feature","id":"beach-osm-way-970591386","geometry":{"type":"Point","coordinates":[10.517308,59.293901]},"properties":{"name":"Strand","source":"OpenStreetMap"}},{"type":"Feature","id":"beach-osm-way-970595134","geometry":{"type":"Point","coordinates":[10.496204,59.327833]},"properties":{"name":"Strand","source":"OpenStreetMap"}},{"type":"Feature","id":"beach-osm-way-971758573","geometry":{"type":"Point","coordinates":[5.85809,58.971117]},"properties":{"name":"Strand","source":"OpenStreetMap"}},{"type":"Feature","id":"beach-osm-way-972696100","geometry":{"type":"Point","coordinates":[10.503217,61.00053]},"properties":{"name":"Strand","source":"OpenStreetMap"}},{"type":"Feature","id":"beach-osm-way-972696103","geometry":{"type":"Point","coordinates":[10.500211,61.001519]},"properties":{"name":"Strand","source":"OpenStreetMap"}},{"type":"Feature","id":"beach-osm-way-972700636","geometry":{"type":"Point","coordinates":[10.349031,63.422698]},"properties":{"name":"Strand","source":"OpenStreetMap"}},{"type":"Feature","id":"beach-osm-way-972729376","geometry":{"type":"Point","coordinates":[10.500704,61.019539]},"properties":{"name":"Strand","source":"OpenStreetMap"}},{"type":"Feature","id":"beach-osm-way-972729384","geometry":{"type":"Point","coordinates":[10.542898,61.007006]},"properties":{"name":"Strand","source":"OpenStreetMap"}},{"type":"Feature","id":"beach-osm-way-973593996","geometry":{"type":"Point","coordinates":[9.746052,59.034649]},"properties":{"name":"Strand","source":"OpenStreetMap"}},{"type":"Feature","id":"beach-osm-way-975991578","geometry":{"type":"Point","coordinates":[5.195839,59.247466]},"properties":{"name":"Strand","source":"OpenStreetMap"}},{"type":"Feature","id":"beach-osm-way-977437661","geometry":{"type":"Point","coordinates":[10.715424,60.818696]},"properties":{"name":"Strand","source":"OpenStreetMap"}},{"type":"Feature","id":"beach-osm-way-977861818","geometry":{"type":"Point","coordinates":[5.612465,60.054917]},"properties":{"name":"Strand","source":"OpenStreetMap"}},{"type":"Feature","id":"beach-osm-way-978456831","geometry":{"type":"Point","coordinates":[10.499169,59.795177]},"properties":{"name":"Strand","source":"OpenStreetMap"}},{"type":"Feature","id":"beach-osm-way-978657066","geometry":{"type":"Point","coordinates":[10.50084,59.793953]},"properties":{"name":"Strand","source":"OpenStreetMap"}},{"type":"Feature","id":"beach-osm-way-978657067","geometry":{"type":"Point","coordinates":[10.502244,59.794007]},"properties":{"name":"Strand","source":"OpenStreetMap"}},{"type":"Feature","id":"beach-osm-way-978863530","geometry":{"type":"Point","coordinates":[10.720095,60.818245]},"properties":{"name":"Strand","source":"OpenStreetMap"}},{"type":"Feature","id":"beach-osm-way-979838476","geometry":{"type":"Point","coordinates":[10.924253,60.759832]},"properties":{"name":"Strand","source":"OpenStreetMap"}},{"type":"Feature","id":"beach-osm-way-980366191","geometry":{"type":"Point","coordinates":[10.713732,60.773257]},"properties":{"name":"Strand","source":"OpenStreetMap"}},{"type":"Feature","id":"beach-osm-way-980388811","geometry":{"type":"Point","coordinates":[10.674003,60.891066]},"properties":{"name":"Strand","source":"OpenStreetMap"}},{"type":"Feature","id":"beach-osm-way-980740127","geometry":{"type":"Point","coordinates":[11.237758,60.425069]},"properties":{"name":"Strand","source":"OpenStreetMap"}},{"type":"Feature","id":"beach-osm-way-980740151","geometry":{"type":"Point","coordinates":[10.938732,60.731562]},"properties":{"name":"Strand","source":"OpenStreetMap"}},{"type":"Feature","id":"beach-osm-way-981842280","geometry":{"type":"Point","coordinates":[11.016629,60.711656]},"properties":{"name":"Strand","source":"OpenStreetMap"}},{"type":"Feature","id":"beach-osm-way-981842286","geometry":{"type":"Point","coordinates":[11.015246,60.711415]},"properties":{"name":"Strand","source":"OpenStreetMap"}},{"type":"Feature","id":"beach-osm-way-981842287","geometry":{"type":"Point","coordinates":[11.015637,60.710153]},"properties":{"name":"Strand","source":"OpenStreetMap"}},{"type":"Feature","id":"beach-osm-way-981875919","geometry":{"type":"Point","coordinates":[11.017436,60.728895]},"properties":{"name":"Strand","source":"OpenStreetMap"}},{"type":"Feature","id":"beach-osm-way-981875920","geometry":{"type":"Point","coordinates":[11.017997,60.724296]},"properties":{"name":"Strand","source":"OpenStreetMap"}},{"type":"Feature","id":"beach-osm-way-981875921","geometry":{"type":"Point","coordinates":[11.017203,60.717219]},"properties":{"name":"Strand","source":"OpenStreetMap"}},{"type":"Feature","id":"beach-osm-way-981875924","geometry":{"type":"Point","coordinates":[11.014902,60.714149]},"properties":{"name":"Strand","source":"OpenStreetMap"}},{"type":"Feature","id":"beach-osm-way-981875925","geometry":{"type":"Point","coordinates":[11.01163,60.713126]},"properties":{"name":"Strand","source":"OpenStreetMap"}},{"type":"Feature","id":"beach-osm-way-981875927","geometry":{"type":"Point","coordinates":[11.009435,60.713464]},"properties":{"name":"Strand","source":"OpenStreetMap"}},{"type":"Feature","id":"beach-osm-way-981875929","geometry":{"type":"Point","coordinates":[10.995186,60.714692]},"properties":{"name":"Strand","source":"OpenStreetMap"}},{"type":"Feature","id":"beach-osm-way-981875930","geometry":{"type":"Point","coordinates":[10.988708,60.716149]},"properties":{"name":"Strand","source":"OpenStreetMap"}},{"type":"Feature","id":"beach-osm-way-981875935","geometry":{"type":"Point","coordinates":[10.983819,60.717774]},"properties":{"name":"Strand","source":"OpenStreetMap"}},{"type":"Feature","id":"beach-osm-way-981875936","geometry":{"type":"Point","coordinates":[10.982893,60.718061]},"properties":{"name":"Strand","source":"OpenStreetMap"}},{"type":"Feature","id":"beach-osm-way-981875938","geometry":{"type":"Point","coordinates":[10.979717,60.719039]},"properties":{"name":"Strand","source":"OpenStreetMap"}},{"type":"Feature","id":"beach-osm-way-981875940","geometry":{"type":"Point","coordinates":[10.97044,60.721327]},"properties":{"name":"Strand","source":"OpenStreetMap"}},{"type":"Feature","id":"beach-osm-way-981875943","geometry":{"type":"Point","coordinates":[10.969362,60.721603]},"properties":{"name":"Strand","source":"OpenStreetMap"}},{"type":"Feature","id":"beach-osm-way-981875946","geometry":{"type":"Point","coordinates":[10.967547,60.722169]},"properties":{"name":"Strand","source":"OpenStreetMap"}},{"type":"Feature","id":"beach-osm-way-981875948","geometry":{"type":"Point","coordinates":[10.962587,60.723624]},"properties":{"name":"Strand","source":"OpenStreetMap"}},{"type":"Feature","id":"beach-osm-way-981875950","geometry":{"type":"Point","coordinates":[10.959205,60.725055]},"properties":{"name":"Strand","source":"OpenStreetMap"}},{"type":"Feature","id":"beach-osm-way-981875953","geometry":{"type":"Point","coordinates":[10.957872,60.725557]},"properties":{"name":"Strand","source":"OpenStreetMap"}},{"type":"Feature","id":"beach-osm-way-981875957","geometry":{"type":"Point","coordinates":[10.951728,60.72747]},"properties":{"name":"Strand","source":"OpenStreetMap"}},{"type":"Feature","id":"beach-osm-way-981875959","geometry":{"type":"Point","coordinates":[10.949664,60.728053]},"properties":{"name":"Strand","source":"OpenStreetMap"}},{"type":"Feature","id":"beach-osm-way-981875960","geometry":{"type":"Point","coordinates":[10.948491,60.728392]},"properties":{"name":"Strand","source":"OpenStreetMap"}},{"type":"Feature","id":"beach-osm-way-981875961","geometry":{"type":"Point","coordinates":[10.946431,60.728975]},"properties":{"name":"Strand","source":"OpenStreetMap"}},{"type":"Feature","id":"beach-osm-way-981875963","geometry":{"type":"Point","coordinates":[10.93351,60.734181]},"properties":{"name":"Strand","source":"OpenStreetMap"}},{"type":"Feature","id":"beach-osm-way-981875964","geometry":{"type":"Point","coordinates":[10.93488,60.733154]},"properties":{"name":"Strand","source":"OpenStreetMap"}},{"type":"Feature","id":"beach-osm-way-981875969","geometry":{"type":"Point","coordinates":[10.931428,60.735289]},"properties":{"name":"Strand","source":"OpenStreetMap"}},{"type":"Feature","id":"beach-osm-way-981875970","geometry":{"type":"Point","coordinates":[10.92964,60.736211]},"properties":{"name":"Strand","source":"OpenStreetMap"}},{"type":"Feature","id":"beach-osm-way-981875977","geometry":{"type":"Point","coordinates":[10.917923,60.742265]},"properties":{"name":"Strand","source":"OpenStreetMap"}},{"type":"Feature","id":"beach-osm-way-981875983","geometry":{"type":"Point","coordinates":[10.936599,60.747876]},"properties":{"name":"Strand","source":"OpenStreetMap"}},{"type":"Feature","id":"beach-osm-way-981875985","geometry":{"type":"Point","coordinates":[10.940044,60.751458]},"properties":{"name":"Strand","source":"OpenStreetMap"}},{"type":"Feature","id":"beach-osm-way-982174201","geometry":{"type":"Point","coordinates":[10.746762,59.284824]},"properties":{"name":"Strand","source":"OpenStreetMap"}},{"type":"Feature","id":"beach-osm-way-982174228","geometry":{"type":"Point","coordinates":[10.733242,59.281149]},"properties":{"name":"Strand","source":"OpenStreetMap"}},{"type":"Feature","id":"beach-osm-way-982174230","geometry":{"type":"Point","coordinates":[10.732422,59.280574]},"properties":{"name":"Strand","source":"OpenStreetMap"}},{"type":"Feature","id":"beach-osm-way-982335907","geometry":{"type":"Point","coordinates":[10.909495,60.84632]},"properties":{"name":"Strand","source":"OpenStreetMap"}},{"type":"Feature","id":"beach-osm-way-982335938","geometry":{"type":"Point","coordinates":[10.926223,60.830276]},"properties":{"name":"Strand","source":"OpenStreetMap"}},{"type":"Feature","id":"beach-osm-way-982336131","geometry":{"type":"Point","coordinates":[10.964536,60.768708]},"properties":{"name":"Strand","source":"OpenStreetMap"}},{"type":"Feature","id":"beach-osm-way-982907066","geometry":{"type":"Point","coordinates":[10.886144,60.887847]},"properties":{"name":"Strand","source":"OpenStreetMap"}},{"type":"Feature","id":"beach-osm-way-983024266","geometry":{"type":"Point","coordinates":[10.989983,60.82656]},"properties":{"name":"Strand","source":"OpenStreetMap"}},{"type":"Feature","id":"beach-osm-way-983024274","geometry":{"type":"Point","coordinates":[10.988148,60.826887]},"properties":{"name":"Strand","source":"OpenStreetMap"}},{"type":"Feature","id":"beach-osm-way-983024341","geometry":{"type":"Point","coordinates":[10.987524,60.827531]},"properties":{"name":"Strand","source":"OpenStreetMap"}},{"type":"Feature","id":"beach-osm-way-983024363","geometry":{"type":"Point","coordinates":[10.983854,60.828335]},"properties":{"name":"Strand","source":"OpenStreetMap"}},{"type":"Feature","id":"beach-osm-way-983024491","geometry":{"type":"Point","coordinates":[10.946265,60.855902]},"properties":{"name":"Strand","source":"OpenStreetMap"}},{"type":"Feature","id":"beach-osm-way-983188467","geometry":{"type":"Point","coordinates":[9.154041,63.377055]},"properties":{"name":"Strand","source":"OpenStreetMap"}},{"type":"Feature","id":"beach-osm-way-983197925","geometry":{"type":"Point","coordinates":[9.265552,63.348473]},"properties":{"name":"Strand","source":"OpenStreetMap"}},{"type":"Feature","id":"beach-osm-way-983197926","geometry":{"type":"Point","coordinates":[9.151134,63.375966]},"properties":{"name":"Strand","source":"OpenStreetMap"}},{"type":"Feature","id":"beach-osm-way-983256081","geometry":{"type":"Point","coordinates":[5.39892,60.136095]},"properties":{"name":"Strand","source":"OpenStreetMap"}},{"type":"Feature","id":"beach-osm-way-983256891","geometry":{"type":"Point","coordinates":[5.400172,60.146173]},"properties":{"name":"Strand","source":"OpenStreetMap"}},{"type":"Feature","id":"beach-osm-way-983267474","geometry":{"type":"Point","coordinates":[5.360531,60.136718]},"properties":{"name":"Strand","source":"OpenStreetMap"}},{"type":"Feature","id":"beach-osm-way-983267480","geometry":{"type":"Point","coordinates":[5.362951,60.135173]},"properties":{"name":"Strand","source":"OpenStreetMap"}},{"type":"Feature","id":"beach-osm-way-983403508","geometry":{"type":"Point","coordinates":[11.077958,60.789442]},"properties":{"name":"Strand","source":"OpenStreetMap"}},{"type":"Feature","id":"beach-osm-way-983403512","geometry":{"type":"Point","coordinates":[11.075497,60.788364]},"properties":{"name":"Strand","source":"OpenStreetMap"}},{"type":"Feature","id":"beach-osm-way-983404254","geometry":{"type":"Point","coordinates":[11.056962,60.793651]},"properties":{"name":"Strand","source":"OpenStreetMap"}},{"type":"Feature","id":"beach-osm-way-983404264","geometry":{"type":"Point","coordinates":[11.03478,60.791826]},"properties":{"name":"Strand","source":"OpenStreetMap"}},{"type":"Feature","id":"beach-osm-way-983404280","geometry":{"type":"Point","coordinates":[11.024958,60.800722]},"properties":{"name":"Strand","source":"OpenStreetMap"}},{"type":"Feature","id":"beach-osm-way-983404282","geometry":{"type":"Point","coordinates":[11.025388,60.804135]},"properties":{"name":"Strand","source":"OpenStreetMap"}},{"type":"Feature","id":"beach-osm-way-983404294","geometry":{"type":"Point","coordinates":[11.021572,60.808274]},"properties":{"name":"Strand","source":"OpenStreetMap"}},{"type":"Feature","id":"beach-osm-way-983404309","geometry":{"type":"Point","coordinates":[11.004695,60.820837]},"properties":{"name":"Strand","source":"OpenStreetMap"}},{"type":"Feature","id":"beach-osm-way-983404318","geometry":{"type":"Point","coordinates":[11.001632,60.821911]},"properties":{"name":"Strand","source":"OpenStreetMap"}},{"type":"Feature","id":"beach-osm-way-983404322","geometry":{"type":"Point","coordinates":[11.000781,60.822886]},"properties":{"name":"Strand","source":"OpenStreetMap"}},{"type":"Feature","id":"beach-osm-way-983731466","geometry":{"type":"Point","coordinates":[11.006223,60.820427]},"properties":{"name":"Strand","source":"OpenStreetMap"}},{"type":"Feature","id":"beach-osm-way-983731468","geometry":{"type":"Point","coordinates":[11.006744,60.819091]},"properties":{"name":"Strand","source":"OpenStreetMap"}},{"type":"Feature","id":"beach-osm-way-983731493","geometry":{"type":"Point","coordinates":[11.081415,60.772472]},"properties":{"name":"Strand","source":"OpenStreetMap"}},{"type":"Feature","id":"beach-osm-way-984091792","geometry":{"type":"Point","coordinates":[11.211272,60.586776]},"properties":{"name":"Strand","source":"OpenStreetMap"}},{"type":"Feature","id":"beach-osm-way-984091793","geometry":{"type":"Point","coordinates":[11.216446,60.583566]},"properties":{"name":"Strand","source":"OpenStreetMap"}},{"type":"Feature","id":"beach-osm-way-984091807","geometry":{"type":"Point","coordinates":[11.17765,60.611309]},"properties":{"name":"Strand","source":"OpenStreetMap"}},{"type":"Feature","id":"beach-osm-way-984091814","geometry":{"type":"Point","coordinates":[11.171914,60.612135]},"properties":{"name":"Strand","source":"OpenStreetMap"}},{"type":"Feature","id":"beach-osm-way-984091817","geometry":{"type":"Point","coordinates":[11.167172,60.615582]},"properties":{"name":"Strand","source":"OpenStreetMap"}},{"type":"Feature","id":"beach-osm-way-984091821","geometry":{"type":"Point","coordinates":[11.13879,60.660515]},"properties":{"name":"Strand","source":"OpenStreetMap"}},{"type":"Feature","id":"beach-osm-way-984091843","geometry":{"type":"Point","coordinates":[11.12448,60.669056]},"properties":{"name":"Strand","source":"OpenStreetMap"}},{"type":"Feature","id":"beach-osm-way-984091844","geometry":{"type":"Point","coordinates":[11.120608,60.669852]},"properties":{"name":"Strand","source":"OpenStreetMap"}},{"type":"Feature","id":"beach-osm-way-984091849","geometry":{"type":"Point","coordinates":[11.116896,60.673994]},"properties":{"name":"Strand","source":"OpenStreetMap"}},{"type":"Feature","id":"beach-osm-way-984091850","geometry":{"type":"Point","coordinates":[11.115723,60.67995]},"properties":{"name":"Strand","source":"OpenStreetMap"}},{"type":"Feature","id":"beach-osm-way-984091851","geometry":{"type":"Point","coordinates":[11.115641,60.677578]},"properties":{"name":"Strand","source":"OpenStreetMap"}},{"type":"Feature","id":"beach-osm-way-984091864","geometry":{"type":"Point","coordinates":[11.108816,60.697664]},"properties":{"name":"Strand","source":"OpenStreetMap"}},{"type":"Feature","id":"beach-osm-way-984091906","geometry":{"type":"Point","coordinates":[11.104233,60.711348]},"properties":{"name":"Strand","source":"OpenStreetMap"}},{"type":"Feature","id":"beach-osm-way-984091907","geometry":{"type":"Point","coordinates":[11.104471,60.711795]},"properties":{"name":"Strand","source":"OpenStreetMap"}},{"type":"Feature","id":"beach-osm-way-984091934","geometry":{"type":"Point","coordinates":[11.096417,60.724708]},"properties":{"name":"Strand","source":"OpenStreetMap"}},{"type":"Feature","id":"beach-osm-way-984091935","geometry":{"type":"Point","coordinates":[11.096618,60.725617]},"properties":{"name":"Strand","source":"OpenStreetMap"}},{"type":"Feature","id":"beach-osm-way-984091936","geometry":{"type":"Point","coordinates":[11.096694,60.726548]},"properties":{"name":"Strand","source":"OpenStreetMap"}},{"type":"Feature","id":"beach-osm-way-984091939","geometry":{"type":"Point","coordinates":[11.093954,60.726735]},"properties":{"name":"Strand","source":"OpenStreetMap"}},{"type":"Feature","id":"beach-osm-way-984091940","geometry":{"type":"Point","coordinates":[11.094646,60.729012]},"properties":{"name":"Strand","source":"OpenStreetMap"}},{"type":"Feature","id":"beach-osm-way-984507138","geometry":{"type":"Point","coordinates":[11.234997,60.483945]},"properties":{"name":"Strand","source":"OpenStreetMap"}},{"type":"Feature","id":"beach-osm-way-984507159","geometry":{"type":"Point","coordinates":[11.241921,60.513101]},"properties":{"name":"Strand","source":"OpenStreetMap"}},{"type":"Feature","id":"beach-osm-way-984507162","geometry":{"type":"Point","coordinates":[11.241502,60.512689]},"properties":{"name":"Strand","source":"OpenStreetMap"}},{"type":"Feature","id":"beach-osm-way-984507226","geometry":{"type":"Point","coordinates":[11.246292,60.551409]},"properties":{"name":"Strand","source":"OpenStreetMap"}},{"type":"Feature","id":"beach-osm-way-984507262","geometry":{"type":"Point","coordinates":[11.25172,60.562686]},"properties":{"name":"Strand","source":"OpenStreetMap"}},{"type":"Feature","id":"beach-osm-way-984507281","geometry":{"type":"Point","coordinates":[11.253129,60.564664]},"properties":{"name":"Strand","source":"OpenStreetMap"}},{"type":"Feature","id":"beach-osm-way-984507284","geometry":{"type":"Point","coordinates":[11.254581,60.565777]},"properties":{"name":"Strand","source":"OpenStreetMap"}},{"type":"Feature","id":"beach-osm-way-984507299","geometry":{"type":"Point","coordinates":[11.256146,60.567239]},"properties":{"name":"Strand","source":"OpenStreetMap"}},{"type":"Feature","id":"beach-osm-way-984507355","geometry":{"type":"Point","coordinates":[11.267372,60.57793]},"properties":{"name":"Strand","source":"OpenStreetMap"}},{"type":"Feature","id":"beach-osm-way-984507359","geometry":{"type":"Point","coordinates":[11.268742,60.579355]},"properties":{"name":"Strand","source":"OpenStreetMap"}},{"type":"Feature","id":"beach-osm-way-984507402","geometry":{"type":"Point","coordinates":[11.284467,60.591047]},"properties":{"name":"Strand","source":"OpenStreetMap"}},{"type":"Feature","id":"beach-osm-way-984507430","geometry":{"type":"Point","coordinates":[11.284825,60.591932]},"properties":{"name":"Strand","source":"OpenStreetMap"}},{"type":"Feature","id":"beach-osm-way-984507448","geometry":{"type":"Point","coordinates":[11.28786,60.595323]},"properties":{"name":"Strand","source":"OpenStreetMap"}},{"type":"Feature","id":"beach-osm-way-984507476","geometry":{"type":"Point","coordinates":[11.2887,60.59679]},"properties":{"name":"Strand","source":"OpenStreetMap"}},{"type":"Feature","id":"beach-osm-way-984507487","geometry":{"type":"Point","coordinates":[11.289786,60.602095]},"properties":{"name":"Strand","source":"OpenStreetMap"}},{"type":"Feature","id":"beach-osm-way-984507489","geometry":{"type":"Point","coordinates":[11.288428,60.602829]},"properties":{"name":"Strand","source":"OpenStreetMap"}},{"type":"Feature","id":"beach-osm-way-984507497","geometry":{"type":"Point","coordinates":[11.287377,60.603194]},"properties":{"name":"Strand","source":"OpenStreetMap"}},{"type":"Feature","id":"beach-osm-way-984507500","geometry":{"type":"Point","coordinates":[11.286458,60.603512]},"properties":{"name":"Strand","source":"OpenStreetMap"}},{"type":"Feature","id":"beach-osm-way-984507504","geometry":{"type":"Point","coordinates":[11.282916,60.604996]},"properties":{"name":"Strand","source":"OpenStreetMap"}},{"type":"Feature","id":"beach-osm-way-984507506","geometry":{"type":"Point","coordinates":[11.276506,60.607637]},"properties":{"name":"Strand","source":"OpenStreetMap"}},{"type":"Feature","id":"beach-osm-way-984777266","geometry":{"type":"Point","coordinates":[11.239716,60.439287]},"properties":{"name":"Strand","source":"OpenStreetMap"}},{"type":"Feature","id":"beach-osm-way-984777324","geometry":{"type":"Point","coordinates":[11.240208,60.44588]},"properties":{"name":"Strand","source":"OpenStreetMap"}},{"type":"Feature","id":"beach-osm-way-984975056","geometry":{"type":"Point","coordinates":[11.198963,60.414491]},"properties":{"name":"Strand","source":"OpenStreetMap"}},{"type":"Feature","id":"beach-osm-way-984975057","geometry":{"type":"Point","coordinates":[11.200128,60.41403]},"properties":{"name":"Strand","source":"OpenStreetMap"}},{"type":"Feature","id":"beach-osm-way-984975087","geometry":{"type":"Point","coordinates":[11.220092,60.398596]},"properties":{"name":"Strand","source":"OpenStreetMap"}},{"type":"Feature","id":"beach-osm-way-984975088","geometry":{"type":"Point","coordinates":[11.233396,60.397242]},"properties":{"name":"Strand","source":"OpenStreetMap"}},{"type":"Feature","id":"beach-osm-way-984996804","geometry":{"type":"Point","coordinates":[11.177136,60.472589]},"properties":{"name":"Strand","source":"OpenStreetMap"}},{"type":"Feature","id":"beach-osm-way-984996832","geometry":{"type":"Point","coordinates":[11.194052,60.454121]},"properties":{"name":"Strand","source":"OpenStreetMap"}},{"type":"Feature","id":"beach-osm-way-985009045","geometry":{"type":"Point","coordinates":[10.690012,60.920102]},"properties":{"name":"Strand","source":"OpenStreetMap"}},{"type":"Feature","id":"beach-osm-way-985009054","geometry":{"type":"Point","coordinates":[10.689589,60.920778]},"properties":{"name":"Strand","source":"OpenStreetMap"}},{"type":"Feature","id":"beach-osm-way-985357803","geometry":{"type":"Point","coordinates":[10.442711,61.121825]},"properties":{"name":"Strand","source":"OpenStreetMap"}},{"type":"Feature","id":"beach-osm-way-985357804","geometry":{"type":"Point","coordinates":[10.441598,61.123162]},"properties":{"name":"Strand","source":"OpenStreetMap"}},{"type":"Feature","id":"beach-osm-way-985360507","geometry":{"type":"Point","coordinates":[11.16939,60.478204]},"properties":{"name":"Strand","source":"OpenStreetMap"}},{"type":"Feature","id":"beach-osm-way-985368118","geometry":{"type":"Point","coordinates":[11.167572,60.495208]},"properties":{"name":"Strand","source":"OpenStreetMap"}},{"type":"Feature","id":"beach-osm-way-985368125","geometry":{"type":"Point","coordinates":[11.164278,60.494502]},"properties":{"name":"Strand","source":"OpenStreetMap"}},{"type":"Feature","id":"beach-osm-way-985404227","geometry":{"type":"Point","coordinates":[11.190286,60.532138]},"properties":{"name":"Strand","source":"OpenStreetMap"}},{"type":"Feature","id":"beach-osm-way-985404294","geometry":{"type":"Point","coordinates":[11.180427,60.511629]},"properties":{"name":"Strand","source":"OpenStreetMap"}},{"type":"Feature","id":"beach-osm-way-985703548","geometry":{"type":"Point","coordinates":[10.99296,60.653405]},"properties":{"name":"Strand","source":"OpenStreetMap"}},{"type":"Feature","id":"beach-osm-way-986022326","geometry":{"type":"Point","coordinates":[10.831335,60.739853]},"properties":{"name":"Strand","source":"OpenStreetMap"}},{"type":"Feature","id":"beach-osm-way-986067130","geometry":{"type":"Point","coordinates":[10.729791,60.764292]},"properties":{"name":"Strand","source":"OpenStreetMap"}},{"type":"Feature","id":"beach-osm-way-986067131","geometry":{"type":"Point","coordinates":[10.729084,60.764632]},"properties":{"name":"Strand","source":"OpenStreetMap"}},{"type":"Feature","id":"beach-osm-way-986793299","geometry":{"type":"Point","coordinates":[10.670097,60.949345]},"properties":{"name":"Strand","source":"OpenStreetMap"}},{"type":"Feature","id":"beach-osm-way-986876656","geometry":{"type":"Point","coordinates":[7.213472,62.996644]},"properties":{"name":"Strand","source":"OpenStreetMap"}},{"type":"Feature","id":"beach-osm-way-986876657","geometry":{"type":"Point","coordinates":[7.203035,62.994326]},"properties":{"name":"Strand","source":"OpenStreetMap"}},{"type":"Feature","id":"beach-osm-way-986876658","geometry":{"type":"Point","coordinates":[7.197394,62.994792]},"properties":{"name":"Strand","source":"OpenStreetMap"}},{"type":"Feature","id":"beach-osm-way-986876659","geometry":{"type":"Point","coordinates":[7.195534,62.993692]},"properties":{"name":"Strand","source":"OpenStreetMap"}},{"type":"Feature","id":"beach-osm-way-986876660","geometry":{"type":"Point","coordinates":[7.093166,62.962748]},"properties":{"name":"Strand","source":"OpenStreetMap"}},{"type":"Feature","id":"beach-osm-way-986876661","geometry":{"type":"Point","coordinates":[7.08199,62.965078]},"properties":{"name":"Strand","source":"OpenStreetMap"}},{"type":"Feature","id":"beach-osm-way-986876662","geometry":{"type":"Point","coordinates":[7.073148,62.967281]},"properties":{"name":"Strand","source":"OpenStreetMap"}},{"type":"Feature","id":"beach-osm-way-987332589","geometry":{"type":"Point","coordinates":[10.743229,60.875328]},"properties":{"name":"Strand","source":"OpenStreetMap"}},{"type":"Feature","id":"beach-osm-way-987637196","geometry":{"type":"Point","coordinates":[10.516828,61.013432]},"properties":{"name":"Strand","source":"OpenStreetMap"}},{"type":"Feature","id":"beach-osm-way-987637247","geometry":{"type":"Point","coordinates":[10.937874,60.761706]},"properties":{"name":"Strand","source":"OpenStreetMap"}},{"type":"Feature","id":"beach-osm-way-988582302","geometry":{"type":"Point","coordinates":[10.546402,59.877129]},"properties":{"name":"Strand","source":"OpenStreetMap"}},{"type":"Feature","id":"beach-osm-way-988582311","geometry":{"type":"Point","coordinates":[10.555677,59.877524]},"properties":{"name":"Strand","source":"OpenStreetMap"}},{"type":"Feature","id":"beach-osm-way-989061052","geometry":{"type":"Point","coordinates":[5.266035,60.245301]},"properties":{"name":"Strand","source":"OpenStreetMap"}},{"type":"Feature","id":"beach-osm-way-989152971","geometry":{"type":"Point","coordinates":[5.273825,60.255796]},"properties":{"name":"Strand","source":"OpenStreetMap"}},{"type":"Feature","id":"beach-osm-way-989389157","geometry":{"type":"Point","coordinates":[5.337833,60.223728]},"properties":{"name":"Strand","source":"OpenStreetMap"}},{"type":"Feature","id":"beach-osm-way-989389159","geometry":{"type":"Point","coordinates":[5.339776,60.229216]},"properties":{"name":"Strand","source":"OpenStreetMap"}},{"type":"Feature","id":"beach-osm-way-989721567","geometry":{"type":"Point","coordinates":[10.91159,60.868096]},"properties":{"name":"Strand","source":"OpenStreetMap"}},{"type":"Feature","id":"beach-osm-way-989723040","geometry":{"type":"Point","coordinates":[10.926312,60.829688]},"properties":{"name":"Strand","source":"OpenStreetMap"}},{"type":"Feature","id":"beach-osm-way-989724789","geometry":{"type":"Point","coordinates":[10.84319,60.769361]},"properties":{"name":"Strand","source":"OpenStreetMap"}},{"type":"Feature","id":"beach-osm-way-989729015","geometry":{"type":"Point","coordinates":[10.696214,60.916719]},"properties":{"name":"Strand","source":"OpenStreetMap"}},{"type":"Feature","id":"beach-osm-way-989729016","geometry":{"type":"Point","coordinates":[10.69517,60.917081]},"properties":{"name":"Strand","source":"OpenStreetMap"}},{"type":"Feature","id":"beach-osm-way-989729017","geometry":{"type":"Point","coordinates":[10.693465,60.917502]},"properties":{"name":"Strand","source":"OpenStreetMap"}},{"type":"Feature","id":"beach-osm-way-991000141","geometry":{"type":"Point","coordinates":[11.017361,60.709553]},"properties":{"name":"Strand","source":"OpenStreetMap"}},{"type":"Feature","id":"beach-osm-way-991000142","geometry":{"type":"Point","coordinates":[11.017782,60.71125]},"properties":{"name":"Strand","source":"OpenStreetMap"}},{"type":"Feature","id":"beach-osm-way-991000145","geometry":{"type":"Point","coordinates":[10.802886,60.772589]},"properties":{"name":"Strand","source":"OpenStreetMap"}},{"type":"Feature","id":"beach-osm-way-991000146","geometry":{"type":"Point","coordinates":[10.781231,60.779616]},"properties":{"name":"Strand","source":"OpenStreetMap"}},{"type":"Feature","id":"beach-osm-way-991000169","geometry":{"type":"Point","coordinates":[10.705955,60.9125]},"properties":{"name":"Strand","source":"OpenStreetMap"}},{"type":"Feature","id":"beach-osm-way-991000170","geometry":{"type":"Point","coordinates":[10.688976,60.921142]},"properties":{"name":"Strand","source":"OpenStreetMap"}},{"type":"Feature","id":"beach-osm-way-991669807","geometry":{"type":"Point","coordinates":[10.625166,59.472345]},"properties":{"name":"Strand","source":"OpenStreetMap"}},{"type":"Feature","id":"beach-osm-way-991673786","geometry":{"type":"Point","coordinates":[10.836198,59.403715]},"properties":{"name":"Strand","source":"OpenStreetMap"}},{"type":"Feature","id":"beach-osm-way-991789959","geometry":{"type":"Point","coordinates":[10.85852,60.718485]},"properties":{"name":"Strand","source":"OpenStreetMap"}},{"type":"Feature","id":"beach-osm-way-991953456","geometry":{"type":"Point","coordinates":[10.694688,59.899133]},"properties":{"name":"Strand","source":"OpenStreetMap"}},{"type":"Feature","id":"beach-osm-way-991953459","geometry":{"type":"Point","coordinates":[10.693883,59.898269]},"properties":{"name":"Strand","source":"OpenStreetMap"}},{"type":"Feature","id":"beach-osm-way-991953460","geometry":{"type":"Point","coordinates":[10.692956,59.898981]},"properties":{"name":"Strand","source":"OpenStreetMap"}},{"type":"Feature","id":"beach-osm-way-993499664","geometry":{"type":"Point","coordinates":[10.679853,60.938577]},"properties":{"name":"Strand","source":"OpenStreetMap"}},{"type":"Feature","id":"beach-osm-way-994833192","geometry":{"type":"Point","coordinates":[10.697831,59.316842]},"properties":{"name":"Strand","source":"OpenStreetMap"}},{"type":"Feature","id":"beach-osm-way-994995997","geometry":{"type":"Point","coordinates":[14.757494,67.475261]},"properties":{"name":"Strand","source":"OpenStreetMap"}},{"type":"Feature","id":"beach-osm-way-996338806","geometry":{"type":"Point","coordinates":[5.380783,60.159577]},"properties":{"name":"Strand","source":"OpenStreetMap"}},{"type":"Feature","id":"beach-osm-way-996338807","geometry":{"type":"Point","coordinates":[5.381904,60.159724]},"properties":{"name":"Strand","source":"OpenStreetMap"}},{"type":"Feature","id":"beach-osm-way-996338808","geometry":{"type":"Point","coordinates":[5.383229,60.160305]},"properties":{"name":"Strand","source":"OpenStreetMap"}},{"type":"Feature","id":"beach-osm-way-996338809","geometry":{"type":"Point","coordinates":[5.384632,60.162259]},"properties":{"name":"Strand","source":"OpenStreetMap"}},{"type":"Feature","id":"beach-osm-way-996338810","geometry":{"type":"Point","coordinates":[5.380213,60.16408]},"properties":{"name":"Strand","source":"OpenStreetMap"}},{"type":"Feature","id":"beach-osm-way-996370836","geometry":{"type":"Point","coordinates":[5.369615,60.210638]},"properties":{"name":"Strand","source":"OpenStreetMap"}},{"type":"Feature","id":"beach-osm-way-1000296622","geometry":{"type":"Point","coordinates":[5.611602,60.284959]},"properties":{"name":"Strand","source":"OpenStreetMap"}},{"type":"Feature","id":"beach-osm-way-1000296636","geometry":{"type":"Point","coordinates":[5.608675,60.281368]},"properties":{"name":"Strand","source":"OpenStreetMap"}},{"type":"Feature","id":"beach-osm-way-1000296651","geometry":{"type":"Point","coordinates":[5.60276,60.278421]},"properties":{"name":"Strand","source":"OpenStreetMap"}},{"type":"Feature","id":"beach-osm-way-1000296657","geometry":{"type":"Point","coordinates":[5.596026,60.275123]},"properties":{"name":"Strand","source":"OpenStreetMap"}},{"type":"Feature","id":"beach-osm-way-1000296663","geometry":{"type":"Point","coordinates":[5.592903,60.273913]},"properties":{"name":"Strand","source":"OpenStreetMap"}},{"type":"Feature","id":"beach-osm-way-1000296678","geometry":{"type":"Point","coordinates":[5.579364,60.267586]},"properties":{"name":"Strand","source":"OpenStreetMap"}},{"type":"Feature","id":"beach-osm-way-1001187745","geometry":{"type":"Point","coordinates":[5.378775,60.221861]},"properties":{"name":"Strand","source":"OpenStreetMap"}},{"type":"Feature","id":"beach-osm-way-1001191000","geometry":{"type":"Point","coordinates":[5.390577,60.22284]},"properties":{"name":"Strand","source":"OpenStreetMap"}},{"type":"Feature","id":"beach-osm-way-1001191014","geometry":{"type":"Point","coordinates":[5.38758,60.219914]},"properties":{"name":"Strand","source":"OpenStreetMap"}},{"type":"Feature","id":"beach-osm-way-1001191015","geometry":{"type":"Point","coordinates":[5.388808,60.220634]},"properties":{"name":"Strand","source":"OpenStreetMap"}},{"type":"Feature","id":"beach-osm-way-1002098086","geometry":{"type":"Point","coordinates":[10.52255,59.858598]},"properties":{"name":"Strand","source":"OpenStreetMap"}},{"type":"Feature","id":"beach-osm-way-1002100263","geometry":{"type":"Point","coordinates":[10.513532,59.860589]},"properties":{"name":"Strand","source":"OpenStreetMap"}},{"type":"Feature","id":"beach-osm-way-1002100265","geometry":{"type":"Point","coordinates":[10.511926,59.860392]},"properties":{"name":"Strand","source":"OpenStreetMap"}},{"type":"Feature","id":"beach-osm-way-1002100266","geometry":{"type":"Point","coordinates":[10.545112,59.869332]},"properties":{"name":"Strand","source":"OpenStreetMap"}},{"type":"Feature","id":"beach-osm-way-1002100267","geometry":{"type":"Point","coordinates":[10.544407,59.868915]},"properties":{"name":"Strand","source":"OpenStreetMap"}},{"type":"Feature","id":"beach-osm-way-1002100268","geometry":{"type":"Point","coordinates":[10.543553,59.868451]},"properties":{"name":"Strand","source":"OpenStreetMap"}},{"type":"Feature","id":"beach-osm-way-1002100269","geometry":{"type":"Point","coordinates":[10.537587,59.86374]},"properties":{"name":"Strand","source":"OpenStreetMap"}},{"type":"Feature","id":"beach-osm-way-1002100271","geometry":{"type":"Point","coordinates":[10.536621,59.863189]},"properties":{"name":"Strand","source":"OpenStreetMap"}},{"type":"Feature","id":"beach-osm-way-1002100272","geometry":{"type":"Point","coordinates":[10.534115,59.862304]},"properties":{"name":"Strand","source":"OpenStreetMap"}},{"type":"Feature","id":"beach-osm-way-1002100273","geometry":{"type":"Point","coordinates":[10.52832,59.860218]},"properties":{"name":"Strand","source":"OpenStreetMap"}},{"type":"Feature","id":"beach-osm-way-1002100274","geometry":{"type":"Point","coordinates":[10.527351,59.859928]},"properties":{"name":"Strand","source":"OpenStreetMap"}},{"type":"Feature","id":"beach-osm-way-1002100275","geometry":{"type":"Point","coordinates":[10.526073,59.859583]},"properties":{"name":"Strand","source":"OpenStreetMap"}},{"type":"Feature","id":"beach-osm-way-1004685998","geometry":{"type":"Point","coordinates":[5.400556,60.159022]},"properties":{"name":"Strand","source":"OpenStreetMap"}},{"type":"Feature","id":"beach-osm-way-1004993994","geometry":{"type":"Point","coordinates":[10.725588,59.2704]},"properties":{"name":"Strand","source":"OpenStreetMap"}},{"type":"Feature","id":"beach-osm-way-1004993995","geometry":{"type":"Point","coordinates":[10.726396,59.272327]},"properties":{"name":"Strand","source":"OpenStreetMap"}},{"type":"Feature","id":"beach-osm-way-1004994006","geometry":{"type":"Point","coordinates":[10.72734,59.268412]},"properties":{"name":"Strand","source":"OpenStreetMap"}},{"type":"Feature","id":"beach-osm-way-1008182625","geometry":{"type":"Point","coordinates":[5.380806,60.17479]},"properties":{"name":"Strand","source":"OpenStreetMap"}},{"type":"Feature","id":"beach-osm-way-1014060191","geometry":{"type":"Point","coordinates":[9.238103,58.715736]},"properties":{"name":"Strand","source":"OpenStreetMap"}},{"type":"Feature","id":"beach-osm-way-1018382763","geometry":{"type":"Point","coordinates":[8.799795,61.49867]},"properties":{"name":"Strand","source":"OpenStreetMap"}},{"type":"Feature","id":"beach-osm-way-1019473351","geometry":{"type":"Point","coordinates":[14.33828,67.25701]},"properties":{"name":"Strand","source":"OpenStreetMap"}},{"type":"Feature","id":"beach-osm-way-1019473352","geometry":{"type":"Point","coordinates":[14.344714,67.257472]},"properties":{"name":"Strand","source":"OpenStreetMap"}},{"type":"Feature","id":"beach-osm-way-1019473377","geometry":{"type":"Point","coordinates":[14.347119,67.257003]},"properties":{"name":"Strand","source":"OpenStreetMap"}},{"type":"Feature","id":"beach-osm-way-1020234547","geometry":{"type":"Point","coordinates":[10.763994,59.235797]},"properties":{"name":"Strand","source":"OpenStreetMap"}},{"type":"Feature","id":"beach-osm-way-1020579199","geometry":{"type":"Point","coordinates":[14.206569,65.035118]},"properties":{"name":"Strand","source":"OpenStreetMap"}},{"type":"Feature","id":"beach-osm-way-1021657053","geometry":{"type":"Point","coordinates":[10.73474,59.26441]},"properties":{"name":"Strand","source":"OpenStreetMap"}},{"type":"Feature","id":"beach-osm-way-1021657054","geometry":{"type":"Point","coordinates":[10.735141,59.264864]},"properties":{"name":"Strand","source":"OpenStreetMap"}},{"type":"Feature","id":"beach-osm-way-1025840846","geometry":{"type":"Point","coordinates":[6.144529,58.905942]},"properties":{"name":"Strand","source":"OpenStreetMap"}},{"type":"Feature","id":"beach-osm-way-1025967443","geometry":{"type":"Point","coordinates":[6.15262,58.904893]},"properties":{"name":"Strand","source":"OpenStreetMap"}},{"type":"Feature","id":"beach-osm-way-1026523278","geometry":{"type":"Point","coordinates":[11.003058,60.82122]},"properties":{"name":"Strand","source":"OpenStreetMap"}},{"type":"Feature","id":"beach-osm-way-1028621092","geometry":{"type":"Point","coordinates":[5.681776,60.245036]},"properties":{"name":"Strand","source":"OpenStreetMap"}},{"type":"Feature","id":"beach-osm-way-1028621107","geometry":{"type":"Point","coordinates":[5.692734,60.24416]},"properties":{"name":"Strand","source":"OpenStreetMap"}},{"type":"Feature","id":"beach-osm-way-1029686209","geometry":{"type":"Point","coordinates":[6.008502,59.981955]},"properties":{"name":"Strand","source":"OpenStreetMap"}},{"type":"Feature","id":"beach-osm-way-1029694047","geometry":{"type":"Point","coordinates":[5.984891,60.003695]},"properties":{"name":"Strand","source":"OpenStreetMap"}},{"type":"Feature","id":"beach-osm-way-1029694055","geometry":{"type":"Point","coordinates":[5.984281,59.992943]},"properties":{"name":"Strand","source":"OpenStreetMap"}},{"type":"Feature","id":"beach-osm-way-1029694056","geometry":{"type":"Point","coordinates":[5.98353,59.995887]},"properties":{"name":"Strand","source":"OpenStreetMap"}},{"type":"Feature","id":"beach-osm-way-1029694057","geometry":{"type":"Point","coordinates":[5.982017,60.0006]},"properties":{"name":"Strand","source":"OpenStreetMap"}},{"type":"Feature","id":"beach-osm-way-1029694085","geometry":{"type":"Point","coordinates":[5.983178,59.996753]},"properties":{"name":"Strand","source":"OpenStreetMap"}},{"type":"Feature","id":"beach-osm-way-1029694087","geometry":{"type":"Point","coordinates":[5.982946,59.997202]},"properties":{"name":"Strand","source":"OpenStreetMap"}},{"type":"Feature","id":"beach-osm-way-1030403081","geometry":{"type":"Point","coordinates":[5.751772,59.832256]},"properties":{"name":"Strand","source":"OpenStreetMap"}},{"type":"Feature","id":"beach-osm-way-1030403084","geometry":{"type":"Point","coordinates":[5.761586,59.833138]},"properties":{"name":"Strand","source":"OpenStreetMap"}},{"type":"Feature","id":"beach-osm-way-1030403085","geometry":{"type":"Point","coordinates":[5.767711,59.833509]},"properties":{"name":"Strand","source":"OpenStreetMap"}},{"type":"Feature","id":"beach-osm-way-1030403086","geometry":{"type":"Point","coordinates":[5.777056,59.83158]},"properties":{"name":"Strand","source":"OpenStreetMap"}},{"type":"Feature","id":"beach-osm-way-1030403091","geometry":{"type":"Point","coordinates":[5.78061,59.830631]},"properties":{"name":"Strand","source":"OpenStreetMap"}},{"type":"Feature","id":"beach-osm-way-1030403092","geometry":{"type":"Point","coordinates":[5.779199,59.830974]},"properties":{"name":"Strand","source":"OpenStreetMap"}},{"type":"Feature","id":"beach-osm-way-1030403093","geometry":{"type":"Point","coordinates":[5.78159,59.830189]},"properties":{"name":"Strand","source":"OpenStreetMap"}},{"type":"Feature","id":"beach-osm-way-1030403094","geometry":{"type":"Point","coordinates":[5.788678,59.826908]},"properties":{"name":"Strand","source":"OpenStreetMap"}},{"type":"Feature","id":"beach-osm-way-1030405137","geometry":{"type":"Point","coordinates":[5.786812,59.823749]},"properties":{"name":"Strand","source":"OpenStreetMap"}},{"type":"Feature","id":"beach-osm-way-1030405139","geometry":{"type":"Point","coordinates":[5.78523,59.823914]},"properties":{"name":"Strand","source":"OpenStreetMap"}},{"type":"Feature","id":"beach-osm-way-1031615269","geometry":{"type":"Point","coordinates":[10.675972,60.947769]},"properties":{"name":"Strand","source":"OpenStreetMap"}},{"type":"Feature","id":"beach-osm-way-1031672649","geometry":{"type":"Point","coordinates":[7.201906,61.313121]},"properties":{"name":"Strand","source":"OpenStreetMap"}},{"type":"Feature","id":"beach-osm-way-1031686795","geometry":{"type":"Point","coordinates":[7.247734,61.299798]},"properties":{"name":"Strand","source":"OpenStreetMap"}},{"type":"Feature","id":"beach-osm-way-1031686844","geometry":{"type":"Point","coordinates":[7.247862,61.301124]},"properties":{"name":"Strand","source":"OpenStreetMap"}},{"type":"Feature","id":"beach-osm-way-1031686867","geometry":{"type":"Point","coordinates":[7.248563,61.301967]},"properties":{"name":"Strand","source":"OpenStreetMap"}},{"type":"Feature","id":"beach-osm-way-1031686868","geometry":{"type":"Point","coordinates":[7.250173,61.303017]},"properties":{"name":"Strand","source":"OpenStreetMap"}},{"type":"Feature","id":"beach-osm-way-1031686877","geometry":{"type":"Point","coordinates":[7.25431,61.303475]},"properties":{"name":"Strand","source":"OpenStreetMap"}},{"type":"Feature","id":"beach-osm-way-1032993934","geometry":{"type":"Point","coordinates":[7.077961,61.231445]},"properties":{"name":"Strand","source":"OpenStreetMap"}},{"type":"Feature","id":"beach-osm-way-1033922044","geometry":{"type":"Point","coordinates":[13.429802,66.845323]},"properties":{"name":"Strand","source":"OpenStreetMap"}},{"type":"Feature","id":"beach-osm-way-1034527668","geometry":{"type":"Point","coordinates":[10.5396,59.898064]},"properties":{"name":"Strand","source":"OpenStreetMap"}},{"type":"Feature","id":"beach-osm-way-1041764536","geometry":{"type":"Point","coordinates":[5.531755,60.221416]},"properties":{"name":"Strand","source":"OpenStreetMap"}},{"type":"Feature","id":"beach-osm-way-1043545058","geometry":{"type":"Point","coordinates":[7.47024,58.029599]},"properties":{"name":"Strand","source":"OpenStreetMap"}},{"type":"Feature","id":"beach-osm-way-1053947695","geometry":{"type":"Point","coordinates":[5.529168,59.827622]},"properties":{"name":"Strand","source":"OpenStreetMap"}},{"type":"Feature","id":"beach-osm-way-1055013241","geometry":{"type":"Point","coordinates":[10.653895,59.505271]},"properties":{"name":"Strand","source":"OpenStreetMap"}},{"type":"Feature","id":"beach-osm-way-1055013242","geometry":{"type":"Point","coordinates":[10.65539,59.505095]},"properties":{"name":"Strand","source":"OpenStreetMap"}},{"type":"Feature","id":"beach-osm-way-1055013244","geometry":{"type":"Point","coordinates":[10.657274,59.504976]},"properties":{"name":"Strand","source":"OpenStreetMap"}},{"type":"Feature","id":"beach-osm-way-1055013245","geometry":{"type":"Point","coordinates":[10.658205,59.504365]},"properties":{"name":"Strand","source":"OpenStreetMap"}},{"type":"Feature","id":"beach-osm-way-1056823245","geometry":{"type":"Point","coordinates":[10.84372,59.080088]},"properties":{"name":"Strand","source":"OpenStreetMap"}},{"type":"Feature","id":"beach-osm-way-1057651082","geometry":{"type":"Point","coordinates":[10.795309,63.412802]},"properties":{"name":"Strand","source":"OpenStreetMap"}},{"type":"Feature","id":"beach-osm-way-1057652753","geometry":{"type":"Point","coordinates":[6.494627,58.553647]},"properties":{"name":"Strand","source":"OpenStreetMap"}},{"type":"Feature","id":"beach-osm-way-1059869010","geometry":{"type":"Point","coordinates":[10.660204,59.476798]},"properties":{"name":"Strand","source":"OpenStreetMap"}},{"type":"Feature","id":"beach-osm-way-1059869014","geometry":{"type":"Point","coordinates":[10.67342,59.488298]},"properties":{"name":"Strand","source":"OpenStreetMap"}},{"type":"Feature","id":"beach-osm-way-1062605567","geometry":{"type":"Point","coordinates":[24.042651,71.007931]},"properties":{"name":"Strand","source":"OpenStreetMap"}},{"type":"Feature","id":"beach-osm-way-1062607544","geometry":{"type":"Point","coordinates":[23.354811,70.571892]},"properties":{"name":"Strand","source":"OpenStreetMap"}},{"type":"Feature","id":"beach-osm-way-1063027594","geometry":{"type":"Point","coordinates":[7.190572,58.113656]},"properties":{"name":"Strand","source":"OpenStreetMap"}},{"type":"Feature","id":"beach-osm-way-1063027595","geometry":{"type":"Point","coordinates":[7.190259,58.112988]},"properties":{"name":"Strand","source":"OpenStreetMap"}},{"type":"Feature","id":"beach-osm-way-1064157560","geometry":{"type":"Point","coordinates":[7.188622,58.109636]},"properties":{"name":"Strand","source":"OpenStreetMap"}},{"type":"Feature","id":"beach-osm-way-1064276389","geometry":{"type":"Point","coordinates":[10.399514,59.266092]},"properties":{"name":"Strand","source":"OpenStreetMap"}},{"type":"Feature","id":"beach-osm-way-1069101028","geometry":{"type":"Point","coordinates":[5.094148,61.130097]},"properties":{"name":"Strand","source":"OpenStreetMap"}},{"type":"Feature","id":"beach-osm-way-1069642751","geometry":{"type":"Point","coordinates":[5.128005,60.455974]},"properties":{"name":"Strand","source":"OpenStreetMap"}},{"type":"Feature","id":"beach-osm-way-1076002277","geometry":{"type":"Point","coordinates":[9.678014,58.972622]},"properties":{"name":"Strand","source":"OpenStreetMap"}},{"type":"Feature","id":"beach-osm-way-1076002278","geometry":{"type":"Point","coordinates":[9.681242,58.973247]},"properties":{"name":"Strand","source":"OpenStreetMap"}},{"type":"Feature","id":"beach-osm-way-1076002280","geometry":{"type":"Point","coordinates":[9.688637,58.970122]},"properties":{"name":"Strand","source":"OpenStreetMap"}},{"type":"Feature","id":"beach-osm-way-1078617036","geometry":{"type":"Point","coordinates":[9.866934,58.974926]},"properties":{"name":"Strand","source":"OpenStreetMap"}},{"type":"Feature","id":"beach-osm-way-1080017797","geometry":{"type":"Point","coordinates":[8.400146,58.25877]},"properties":{"name":"Strand","source":"OpenStreetMap"}},{"type":"Feature","id":"beach-osm-way-1081608809","geometry":{"type":"Point","coordinates":[7.728999,58.150757]},"properties":{"name":"Strand","source":"OpenStreetMap"}},{"type":"Feature","id":"beach-osm-way-1082054517","geometry":{"type":"Point","coordinates":[10.227153,59.037559]},"properties":{"name":"Strand","source":"OpenStreetMap"}},{"type":"Feature","id":"beach-osm-way-1082054535","geometry":{"type":"Point","coordinates":[10.228789,59.046768]},"properties":{"name":"Strand","source":"OpenStreetMap"}},{"type":"Feature","id":"beach-osm-way-1083032830","geometry":{"type":"Point","coordinates":[5.652483,60.055841]},"properties":{"name":"Strand","source":"OpenStreetMap"}},{"type":"Feature","id":"beach-osm-way-1083257729","geometry":{"type":"Point","coordinates":[5.29037,60.450299]},"properties":{"name":"Strand","source":"OpenStreetMap"}},{"type":"Feature","id":"beach-osm-way-1084140161","geometry":{"type":"Point","coordinates":[10.686875,60.8068]},"properties":{"name":"Strand","source":"OpenStreetMap"}},{"type":"Feature","id":"beach-osm-way-1084140175","geometry":{"type":"Point","coordinates":[10.697739,60.873043]},"properties":{"name":"Strand","source":"OpenStreetMap"}},{"type":"Feature","id":"beach-osm-way-1084140176","geometry":{"type":"Point","coordinates":[10.695066,60.876728]},"properties":{"name":"Strand","source":"OpenStreetMap"}},{"type":"Feature","id":"beach-osm-way-1084140177","geometry":{"type":"Point","coordinates":[10.671159,60.892175]},"properties":{"name":"Strand","source":"OpenStreetMap"}},{"type":"Feature","id":"beach-osm-way-1084140186","geometry":{"type":"Point","coordinates":[10.66366,60.916453]},"properties":{"name":"Strand","source":"OpenStreetMap"}},{"type":"Feature","id":"beach-osm-way-1084140187","geometry":{"type":"Point","coordinates":[10.775445,60.782856]},"properties":{"name":"Strand","source":"OpenStreetMap"}},{"type":"Feature","id":"beach-osm-way-1084667168","geometry":{"type":"Point","coordinates":[6.425488,59.392269]},"properties":{"name":"Strand","source":"OpenStreetMap"}},{"type":"Feature","id":"beach-osm-way-1084717770","geometry":{"type":"Point","coordinates":[10.434372,60.479256]},"properties":{"name":"Strand","source":"OpenStreetMap"}},{"type":"Feature","id":"beach-osm-way-1086282908","geometry":{"type":"Point","coordinates":[10.361911,59.455746]},"properties":{"name":"Strand","source":"OpenStreetMap"}},{"type":"Feature","id":"beach-osm-way-1088832136","geometry":{"type":"Point","coordinates":[7.809095,58.075685]},"properties":{"name":"Strand","source":"OpenStreetMap"}},{"type":"Feature","id":"beach-osm-way-1089537205","geometry":{"type":"Point","coordinates":[10.663579,60.9069]},"properties":{"name":"Strand","source":"OpenStreetMap"}},{"type":"Feature","id":"beach-osm-way-1089893955","geometry":{"type":"Point","coordinates":[10.304854,59.075986]},"properties":{"name":"Strand","source":"OpenStreetMap"}},{"type":"Feature","id":"beach-osm-way-1090147260","geometry":{"type":"Point","coordinates":[6.087064,58.901046]},"properties":{"name":"Strand","source":"OpenStreetMap"}},{"type":"Feature","id":"beach-osm-way-1090198408","geometry":{"type":"Point","coordinates":[5.939299,59.034782]},"properties":{"name":"Strand","source":"OpenStreetMap"}},{"type":"Feature","id":"beach-osm-way-1090198409","geometry":{"type":"Point","coordinates":[5.939759,59.034246]},"properties":{"name":"Strand","source":"OpenStreetMap"}},{"type":"Feature","id":"beach-osm-way-1090198412","geometry":{"type":"Point","coordinates":[5.95154,59.024663]},"properties":{"name":"Strand","source":"OpenStreetMap"}},{"type":"Feature","id":"beach-osm-way-1090201283","geometry":{"type":"Point","coordinates":[5.913732,59.059016]},"properties":{"name":"Strand","source":"OpenStreetMap"}},{"type":"Feature","id":"beach-osm-way-1090201284","geometry":{"type":"Point","coordinates":[5.914588,59.056678]},"properties":{"name":"Strand","source":"OpenStreetMap"}},{"type":"Feature","id":"beach-osm-way-1090201286","geometry":{"type":"Point","coordinates":[5.914988,59.05494]},"properties":{"name":"Strand","source":"OpenStreetMap"}},{"type":"Feature","id":"beach-osm-way-1090203136","geometry":{"type":"Point","coordinates":[6.160562,59.150811]},"properties":{"name":"Strand","source":"OpenStreetMap"}},{"type":"Feature","id":"beach-osm-way-1090203138","geometry":{"type":"Point","coordinates":[6.164058,59.149052]},"properties":{"name":"Strand","source":"OpenStreetMap"}},{"type":"Feature","id":"beach-osm-way-1090205195","geometry":{"type":"Point","coordinates":[6.172678,59.233995]},"properties":{"name":"Strand","source":"OpenStreetMap"}},{"type":"Feature","id":"beach-osm-way-1090205539","geometry":{"type":"Point","coordinates":[6.160696,59.262825]},"properties":{"name":"Strand","source":"OpenStreetMap"}},{"type":"Feature","id":"beach-osm-way-1090205540","geometry":{"type":"Point","coordinates":[6.159496,59.262643]},"properties":{"name":"Strand","source":"OpenStreetMap"}},{"type":"Feature","id":"beach-osm-way-1090207223","geometry":{"type":"Point","coordinates":[6.344512,59.313291]},"properties":{"name":"Strand","source":"OpenStreetMap"}},{"type":"Feature","id":"beach-osm-way-1090208230","geometry":{"type":"Point","coordinates":[6.219303,59.354056]},"properties":{"name":"Strand","source":"OpenStreetMap"}},{"type":"Feature","id":"beach-osm-way-1090211396","geometry":{"type":"Point","coordinates":[6.411569,60.627795]},"properties":{"name":"Strand","source":"OpenStreetMap"}},{"type":"Feature","id":"beach-osm-way-1090212505","geometry":{"type":"Point","coordinates":[6.844838,60.879781]},"properties":{"name":"Strand","source":"OpenStreetMap"}},{"type":"Feature","id":"beach-osm-way-1090216414","geometry":{"type":"Point","coordinates":[7.104934,60.951638]},"properties":{"name":"Strand","source":"OpenStreetMap"}},{"type":"Feature","id":"beach-osm-way-1090260598","geometry":{"type":"Point","coordinates":[7.172166,61.20166]},"properties":{"name":"Strand","source":"OpenStreetMap"}},{"type":"Feature","id":"beach-osm-way-1090361987","geometry":{"type":"Point","coordinates":[10.318437,63.450482]},"properties":{"name":"Strand","source":"OpenStreetMap"}},{"type":"Feature","id":"beach-osm-way-1090468320","geometry":{"type":"Point","coordinates":[6.810521,61.757024]},"properties":{"name":"Strand","source":"OpenStreetMap"}},{"type":"Feature","id":"beach-osm-way-1090480224","geometry":{"type":"Point","coordinates":[9.496793,61.433034]},"properties":{"name":"Strand","source":"OpenStreetMap"}},{"type":"Feature","id":"beach-osm-way-1095123510","geometry":{"type":"Point","coordinates":[5.377475,60.141589]},"properties":{"name":"Strand","source":"OpenStreetMap"}},{"type":"Feature","id":"beach-osm-way-1095126410","geometry":{"type":"Point","coordinates":[5.3752,60.148646]},"properties":{"name":"Strand","source":"OpenStreetMap"}},{"type":"Feature","id":"beach-osm-way-1104843079","geometry":{"type":"Point","coordinates":[10.394243,59.554401]},"properties":{"name":"Strand","source":"OpenStreetMap"}},{"type":"Feature","id":"beach-osm-way-1104843081","geometry":{"type":"Point","coordinates":[10.395584,59.554923]},"properties":{"name":"Strand","source":"OpenStreetMap"}},{"type":"Feature","id":"beach-osm-way-1106355724","geometry":{"type":"Point","coordinates":[13.569867,68.115181]},"properties":{"name":"Strand","source":"OpenStreetMap"}},{"type":"Feature","id":"beach-osm-way-1106355725","geometry":{"type":"Point","coordinates":[13.571291,68.115548]},"properties":{"name":"Strand","source":"OpenStreetMap"}},{"type":"Feature","id":"beach-osm-way-1107940788","geometry":{"type":"Point","coordinates":[10.536698,59.51875]},"properties":{"name":"Strand","source":"OpenStreetMap"}},{"type":"Feature","id":"beach-osm-way-1110568065","geometry":{"type":"Point","coordinates":[5.521593,60.08457]},"properties":{"name":"Strand","source":"OpenStreetMap"}},{"type":"Feature","id":"beach-osm-way-1110568066","geometry":{"type":"Point","coordinates":[5.52287,60.084738]},"properties":{"name":"Strand","source":"OpenStreetMap"}},{"type":"Feature","id":"beach-osm-way-1110568067","geometry":{"type":"Point","coordinates":[5.52612,60.0867]},"properties":{"name":"Strand","source":"OpenStreetMap"}},{"type":"Feature","id":"beach-osm-way-1110634899","geometry":{"type":"Point","coordinates":[9.522911,60.225852]},"properties":{"name":"Strand","source":"OpenStreetMap"}},{"type":"Feature","id":"beach-osm-way-1111864450","geometry":{"type":"Point","coordinates":[13.456326,68.14398]},"properties":{"name":"Strand","source":"OpenStreetMap"}},{"type":"Feature","id":"beach-osm-way-1127828514","geometry":{"type":"Point","coordinates":[18.019724,69.590088]},"properties":{"name":"Strand","source":"OpenStreetMap"}},{"type":"Feature","id":"beach-osm-way-1128633904","geometry":{"type":"Point","coordinates":[9.241185,58.721261]},"properties":{"name":"Strand","source":"OpenStreetMap"}},{"type":"Feature","id":"beach-osm-way-1128821851","geometry":{"type":"Point","coordinates":[10.134229,59.174253]},"properties":{"name":"Strand","source":"OpenStreetMap"}},{"type":"Feature","id":"beach-osm-way-1130580964","geometry":{"type":"Point","coordinates":[13.803911,68.103184]},"properties":{"name":"Strand","source":"OpenStreetMap"}},{"type":"Feature","id":"beach-osm-way-1147656709","geometry":{"type":"Point","coordinates":[14.990533,68.569824]},"properties":{"name":"Strand","source":"OpenStreetMap"}},{"type":"Feature","id":"beach-osm-way-1147656710","geometry":{"type":"Point","coordinates":[14.991523,68.56955]},"properties":{"name":"Strand","source":"OpenStreetMap"}},{"type":"Feature","id":"beach-osm-way-1147671811","geometry":{"type":"Point","coordinates":[14.781428,68.497651]},"properties":{"name":"Strand","source":"OpenStreetMap"}},{"type":"Feature","id":"beach-osm-way-1147956259","geometry":{"type":"Point","coordinates":[10.089831,60.355663]},"properties":{"name":"Strand","source":"OpenStreetMap"}},{"type":"Feature","id":"beach-osm-way-1148454571","geometry":{"type":"Point","coordinates":[10.691776,59.843574]},"properties":{"name":"Strand","source":"OpenStreetMap"}},{"type":"Feature","id":"beach-osm-way-1148454572","geometry":{"type":"Point","coordinates":[10.691703,59.844114]},"properties":{"name":"Strand","source":"OpenStreetMap"}},{"type":"Feature","id":"beach-osm-way-1153452243","geometry":{"type":"Point","coordinates":[5.312243,60.156798]},"properties":{"name":"Strand","source":"OpenStreetMap"}},{"type":"Feature","id":"beach-osm-way-1159345449","geometry":{"type":"Point","coordinates":[6.407509,61.731802]},"properties":{"name":"Strand","source":"OpenStreetMap"}},{"type":"Feature","id":"beach-osm-way-1159345450","geometry":{"type":"Point","coordinates":[6.406233,61.730772]},"properties":{"name":"Strand","source":"OpenStreetMap"}},{"type":"Feature","id":"beach-osm-way-1159345451","geometry":{"type":"Point","coordinates":[6.406512,61.730041]},"properties":{"name":"Strand","source":"OpenStreetMap"}},{"type":"Feature","id":"beach-osm-way-1162757983","geometry":{"type":"Point","coordinates":[5.697649,59.116462]},"properties":{"name":"Strand","source":"OpenStreetMap"}},{"type":"Feature","id":"beach-osm-way-1172656004","geometry":{"type":"Point","coordinates":[10.652328,59.617589]},"properties":{"name":"Strand","source":"OpenStreetMap"}},{"type":"Feature","id":"beach-osm-way-1172738213","geometry":{"type":"Point","coordinates":[9.587801,60.040115]},"properties":{"name":"Strand","source":"OpenStreetMap"}},{"type":"Feature","id":"beach-osm-way-1184654952","geometry":{"type":"Point","coordinates":[10.177744,59.021319]},"properties":{"name":"Strand","source":"OpenStreetMap"}},{"type":"Feature","id":"beach-osm-way-1185678138","geometry":{"type":"Point","coordinates":[10.283752,59.132838]},"properties":{"name":"Strand","source":"OpenStreetMap"}},{"type":"Feature","id":"beach-osm-way-1186983835","geometry":{"type":"Point","coordinates":[5.734331,59.005859]},"properties":{"name":"Strand","source":"OpenStreetMap"}},{"type":"Feature","id":"beach-osm-way-1190068388","geometry":{"type":"Point","coordinates":[8.307618,63.515867]},"properties":{"name":"Strand","source":"OpenStreetMap"}},{"type":"Feature","id":"beach-osm-way-1190230647","geometry":{"type":"Point","coordinates":[5.072074,61.5934]},"properties":{"name":"Strand","source":"OpenStreetMap"}},{"type":"Feature","id":"beach-osm-way-1190668436","geometry":{"type":"Point","coordinates":[10.209905,59.032324]},"properties":{"name":"Strand","source":"OpenStreetMap"}},{"type":"Feature","id":"beach-osm-way-1192419564","geometry":{"type":"Point","coordinates":[7.064781,58.668326]},"properties":{"name":"Strand","source":"OpenStreetMap"}},{"type":"Feature","id":"beach-osm-way-1192831698","geometry":{"type":"Point","coordinates":[10.069846,59.02733]},"properties":{"name":"Strand","source":"OpenStreetMap"}},{"type":"Feature","id":"beach-osm-way-1193456286","geometry":{"type":"Point","coordinates":[8.466531,63.613168]},"properties":{"name":"Strand","source":"OpenStreetMap"}},{"type":"Feature","id":"beach-osm-way-1196014243","geometry":{"type":"Point","coordinates":[28.807771,70.868492]},"properties":{"name":"Strand","source":"OpenStreetMap"}},{"type":"Feature","id":"beach-osm-way-1197228417","geometry":{"type":"Point","coordinates":[7.686332,58.168271]},"properties":{"name":"Strand","source":"OpenStreetMap"}},{"type":"Feature","id":"beach-osm-way-1197334258","geometry":{"type":"Point","coordinates":[10.256669,59.087312]},"properties":{"name":"Strand","source":"OpenStreetMap"}},{"type":"Feature","id":"beach-osm-way-1197348406","geometry":{"type":"Point","coordinates":[10.258794,59.072236]},"properties":{"name":"Strand","source":"OpenStreetMap"}},{"type":"Feature","id":"beach-osm-way-1197482301","geometry":{"type":"Point","coordinates":[10.261659,59.077778]},"properties":{"name":"Strand","source":"OpenStreetMap"}},{"type":"Feature","id":"beach-osm-way-1199295616","geometry":{"type":"Point","coordinates":[10.661871,59.43992]},"properties":{"name":"Strand","source":"OpenStreetMap"}},{"type":"Feature","id":"beach-osm-way-1199617219","geometry":{"type":"Point","coordinates":[10.134425,59.7498]},"properties":{"name":"Strand","source":"OpenStreetMap"}},{"type":"Feature","id":"beach-osm-way-1202738893","geometry":{"type":"Point","coordinates":[11.580631,59.612257]},"properties":{"name":"Strand","source":"OpenStreetMap"}},{"type":"Feature","id":"beach-osm-way-1213567789","geometry":{"type":"Point","coordinates":[6.016088,60.269423]},"properties":{"name":"Strand","source":"OpenStreetMap"}},{"type":"Feature","id":"beach-osm-way-1214049803","geometry":{"type":"Point","coordinates":[10.447525,59.451826]},"properties":{"name":"Strand","source":"OpenStreetMap"}},{"type":"Feature","id":"beach-osm-way-1214049809","geometry":{"type":"Point","coordinates":[10.437635,59.450106]},"properties":{"name":"Strand","source":"OpenStreetMap"}},{"type":"Feature","id":"beach-osm-way-1217429745","geometry":{"type":"Point","coordinates":[10.131154,59.011348]},"properties":{"name":"Strand","source":"OpenStreetMap"}},{"type":"Feature","id":"beach-osm-way-1217429746","geometry":{"type":"Point","coordinates":[10.131598,59.014227]},"properties":{"name":"Strand","source":"OpenStreetMap"}},{"type":"Feature","id":"beach-osm-way-1217429753","geometry":{"type":"Point","coordinates":[10.131265,59.017918]},"properties":{"name":"Strand","source":"OpenStreetMap"}},{"type":"Feature","id":"beach-osm-way-1220643158","geometry":{"type":"Point","coordinates":[10.464497,59.22295]},"properties":{"name":"Strand","source":"OpenStreetMap"}},{"type":"Feature","id":"beach-osm-way-1225721176","geometry":{"type":"Point","coordinates":[8.930738,63.608491]},"properties":{"name":"Strand","source":"OpenStreetMap"}},{"type":"Feature","id":"beach-osm-way-1236070544","geometry":{"type":"Point","coordinates":[10.558115,59.539327]},"properties":{"name":"Strand","source":"OpenStreetMap"}},{"type":"Feature","id":"beach-osm-way-1237932637","geometry":{"type":"Point","coordinates":[6.082087,58.631691]},"properties":{"name":"Strand","source":"OpenStreetMap"}},{"type":"Feature","id":"beach-osm-way-1241229498","geometry":{"type":"Point","coordinates":[18.505251,69.854732]},"properties":{"name":"Strand","source":"OpenStreetMap"}},{"type":"Feature","id":"beach-osm-way-1241229499","geometry":{"type":"Point","coordinates":[18.524803,69.857081]},"properties":{"name":"Strand","source":"OpenStreetMap"}},{"type":"Feature","id":"beach-osm-way-1241229502","geometry":{"type":"Point","coordinates":[18.550518,69.823889]},"properties":{"name":"Strand","source":"OpenStreetMap"}},{"type":"Feature","id":"beach-osm-way-1243852869","geometry":{"type":"Point","coordinates":[7.774349,58.050384]},"properties":{"name":"Strand","source":"OpenStreetMap"}},{"type":"Feature","id":"beach-osm-way-1245410213","geometry":{"type":"Point","coordinates":[18.968503,69.66453]},"properties":{"name":"Strand","source":"OpenStreetMap"}},{"type":"Feature","id":"beach-osm-way-1246174770","geometry":{"type":"Point","coordinates":[10.635513,59.891488]},"properties":{"name":"Strand","source":"OpenStreetMap"}},{"type":"Feature","id":"beach-osm-way-1248635531","geometry":{"type":"Point","coordinates":[5.902828,58.448326]},"properties":{"name":"Strand","source":"OpenStreetMap"}},{"type":"Feature","id":"beach-osm-way-1251351378","geometry":{"type":"Point","coordinates":[5.135799,62.012224]},"properties":{"name":"Strand","source":"OpenStreetMap"}},{"type":"Feature","id":"beach-osm-way-1251351379","geometry":{"type":"Point","coordinates":[5.135063,62.012881]},"properties":{"name":"Strand","source":"OpenStreetMap"}},{"type":"Feature","id":"beach-osm-way-1251351382","geometry":{"type":"Point","coordinates":[5.111277,62.015767]},"properties":{"name":"Strand","source":"OpenStreetMap"}},{"type":"Feature","id":"beach-osm-way-1251351383","geometry":{"type":"Point","coordinates":[5.109542,62.015943]},"properties":{"name":"Strand","source":"OpenStreetMap"}},{"type":"Feature","id":"beach-osm-way-1251351384","geometry":{"type":"Point","coordinates":[5.09416,62.009513]},"properties":{"name":"Strand","source":"OpenStreetMap"}},{"type":"Feature","id":"beach-osm-way-1251351385","geometry":{"type":"Point","coordinates":[5.092747,62.007239]},"properties":{"name":"Strand","source":"OpenStreetMap"}},{"type":"Feature","id":"beach-osm-way-1255273314","geometry":{"type":"Point","coordinates":[8.854537,58.62666]},"properties":{"name":"Strand","source":"OpenStreetMap"}},{"type":"Feature","id":"beach-osm-way-1255414351","geometry":{"type":"Point","coordinates":[14.521663,68.403965]},"properties":{"name":"Strand","source":"OpenStreetMap"}},{"type":"Feature","id":"beach-osm-way-1256579051","geometry":{"type":"Point","coordinates":[10.606214,59.69293]},"properties":{"name":"Strand","source":"OpenStreetMap"}},{"type":"Feature","id":"beach-osm-way-1263304808","geometry":{"type":"Point","coordinates":[6.035487,59.336494]},"properties":{"name":"Strand","source":"OpenStreetMap"}},{"type":"Feature","id":"beach-osm-way-1265082571","geometry":{"type":"Point","coordinates":[10.615779,59.683194]},"properties":{"name":"Strand","source":"OpenStreetMap"}},{"type":"Feature","id":"beach-osm-way-1267582839","geometry":{"type":"Point","coordinates":[8.069002,59.199428]},"properties":{"name":"Strand","source":"OpenStreetMap"}},{"type":"Feature","id":"beach-osm-way-1272893286","geometry":{"type":"Point","coordinates":[10.861762,60.715819]},"properties":{"name":"Strand","source":"OpenStreetMap"}},{"type":"Feature","id":"beach-osm-way-1278498751","geometry":{"type":"Point","coordinates":[10.648716,59.558302]},"properties":{"name":"Strand","source":"OpenStreetMap"}},{"type":"Feature","id":"beach-osm-way-1278498753","geometry":{"type":"Point","coordinates":[10.651613,59.56494]},"properties":{"name":"Strand","source":"OpenStreetMap"}},{"type":"Feature","id":"beach-osm-way-1279578973","geometry":{"type":"Point","coordinates":[5.06464,61.346751]},"properties":{"name":"Strand","source":"OpenStreetMap"}},{"type":"Feature","id":"beach-osm-way-1279578974","geometry":{"type":"Point","coordinates":[5.075478,61.346544]},"properties":{"name":"Strand","source":"OpenStreetMap"}},{"type":"Feature","id":"beach-osm-way-1279578975","geometry":{"type":"Point","coordinates":[5.070175,61.347518]},"properties":{"name":"Strand","source":"OpenStreetMap"}},{"type":"Feature","id":"beach-osm-way-1279578976","geometry":{"type":"Point","coordinates":[5.290964,61.171592]},"properties":{"name":"Strand","source":"OpenStreetMap"}},{"type":"Feature","id":"beach-osm-way-1279578978","geometry":{"type":"Point","coordinates":[5.025438,61.288268]},"properties":{"name":"Strand","source":"OpenStreetMap"}},{"type":"Feature","id":"beach-osm-way-1279578979","geometry":{"type":"Point","coordinates":[5.170239,61.33617]},"properties":{"name":"Strand","source":"OpenStreetMap"}},{"type":"Feature","id":"beach-osm-way-1279578980","geometry":{"type":"Point","coordinates":[5.170743,61.338134]},"properties":{"name":"Strand","source":"OpenStreetMap"}},{"type":"Feature","id":"beach-osm-way-1279578981","geometry":{"type":"Point","coordinates":[5.16074,61.333741]},"properties":{"name":"Strand","source":"OpenStreetMap"}},{"type":"Feature","id":"beach-osm-way-1279732416","geometry":{"type":"Point","coordinates":[10.475983,63.391577]},"properties":{"name":"Strand","source":"OpenStreetMap"}},{"type":"Feature","id":"beach-osm-way-1282075603","geometry":{"type":"Point","coordinates":[7.144104,58.042136]},"properties":{"name":"Strand","source":"OpenStreetMap"}},{"type":"Feature","id":"beach-osm-way-1286235412","geometry":{"type":"Point","coordinates":[9.175338,58.692533]},"properties":{"name":"Strand","source":"OpenStreetMap"}},{"type":"Feature","id":"beach-osm-way-1286235416","geometry":{"type":"Point","coordinates":[9.163956,58.69259]},"properties":{"name":"Strand","source":"OpenStreetMap"}},{"type":"Feature","id":"beach-osm-way-1287315647","geometry":{"type":"Point","coordinates":[7.475367,59.240103]},"properties":{"name":"Strand","source":"OpenStreetMap"}},{"type":"Feature","id":"beach-osm-way-1290549454","geometry":{"type":"Point","coordinates":[17.771223,68.869561]},"properties":{"name":"Strand","source":"OpenStreetMap"}},{"type":"Feature","id":"beach-osm-way-1290549455","geometry":{"type":"Point","coordinates":[17.772599,68.869638]},"properties":{"name":"Strand","source":"OpenStreetMap"}},{"type":"Feature","id":"beach-osm-way-1291033053","geometry":{"type":"Point","coordinates":[7.315145,58.07135]},"properties":{"name":"Strand","source":"OpenStreetMap"}},{"type":"Feature","id":"beach-osm-way-1292265309","geometry":{"type":"Point","coordinates":[9.752126,61.592212]},"properties":{"name":"Strand","source":"OpenStreetMap"}},{"type":"Feature","id":"beach-osm-way-1292265311","geometry":{"type":"Point","coordinates":[9.753001,61.591791]},"properties":{"name":"Strand","source":"OpenStreetMap"}},{"type":"Feature","id":"beach-osm-way-1292265312","geometry":{"type":"Point","coordinates":[9.751334,61.59267]},"properties":{"name":"Strand","source":"OpenStreetMap"}},{"type":"Feature","id":"beach-osm-way-1292961567","geometry":{"type":"Point","coordinates":[9.726368,61.615006]},"properties":{"name":"Strand","source":"OpenStreetMap"}},{"type":"Feature","id":"beach-osm-way-1295206497","geometry":{"type":"Point","coordinates":[6.914923,60.566142]},"properties":{"name":"Strand","source":"OpenStreetMap"}},{"type":"Feature","id":"beach-osm-way-1295378278","geometry":{"type":"Point","coordinates":[8.078642,63.14397]},"properties":{"name":"Strand","source":"OpenStreetMap"}},{"type":"Feature","id":"beach-osm-way-1299298547","geometry":{"type":"Point","coordinates":[8.08307,59.16596]},"properties":{"name":"Strand","source":"OpenStreetMap"}},{"type":"Feature","id":"beach-osm-way-1299298548","geometry":{"type":"Point","coordinates":[8.08316,59.168159]},"properties":{"name":"Strand","source":"OpenStreetMap"}},{"type":"Feature","id":"beach-osm-way-1299494116","geometry":{"type":"Point","coordinates":[13.016652,67.894902]},"properties":{"name":"Strand","source":"OpenStreetMap"}},{"type":"Feature","id":"beach-osm-way-1301513780","geometry":{"type":"Point","coordinates":[6.373309,60.617504]},"properties":{"name":"Strand","source":"OpenStreetMap"}},{"type":"Feature","id":"beach-osm-way-1301513781","geometry":{"type":"Point","coordinates":[5.058951,61.117049]},"properties":{"name":"Strand","source":"OpenStreetMap"}},{"type":"Feature","id":"beach-osm-way-1303509338","geometry":{"type":"Point","coordinates":[12.529766,65.055897]},"properties":{"name":"Strand","source":"OpenStreetMap"}},{"type":"Feature","id":"beach-osm-way-1304646383","geometry":{"type":"Point","coordinates":[10.603565,59.650169]},"properties":{"name":"Strand","source":"OpenStreetMap"}},{"type":"Feature","id":"beach-osm-way-1304646386","geometry":{"type":"Point","coordinates":[10.603368,59.652543]},"properties":{"name":"Strand","source":"OpenStreetMap"}},{"type":"Feature","id":"beach-osm-way-1304646396","geometry":{"type":"Point","coordinates":[10.602937,59.655092]},"properties":{"name":"Strand","source":"OpenStreetMap"}},{"type":"Feature","id":"beach-osm-way-1304646397","geometry":{"type":"Point","coordinates":[10.602561,59.656711]},"properties":{"name":"Strand","source":"OpenStreetMap"}},{"type":"Feature","id":"beach-osm-way-1304785495","geometry":{"type":"Point","coordinates":[10.773971,59.841998]},"properties":{"name":"Strand","source":"OpenStreetMap"}},{"type":"Feature","id":"beach-osm-way-1304786171","geometry":{"type":"Point","coordinates":[10.543197,59.887328]},"properties":{"name":"Strand","source":"OpenStreetMap"}},{"type":"Feature","id":"beach-osm-way-1305307962","geometry":{"type":"Point","coordinates":[15.189749,68.47204]},"properties":{"name":"Strand","source":"OpenStreetMap"}},{"type":"Feature","id":"beach-osm-way-1305536028","geometry":{"type":"Point","coordinates":[10.704406,59.800094]},"properties":{"name":"Strand","source":"OpenStreetMap"}},{"type":"Feature","id":"beach-osm-way-1305621976","geometry":{"type":"Point","coordinates":[10.617193,59.686037]},"properties":{"name":"Strand","source":"OpenStreetMap"}},{"type":"Feature","id":"beach-osm-way-1306875718","geometry":{"type":"Point","coordinates":[10.19005,60.121467]},"properties":{"name":"Strand","source":"OpenStreetMap"}},{"type":"Feature","id":"beach-osm-way-1308498364","geometry":{"type":"Point","coordinates":[8.493221,59.206436]},"properties":{"name":"Strand","source":"OpenStreetMap"}},{"type":"Feature","id":"beach-osm-way-1308498365","geometry":{"type":"Point","coordinates":[8.491151,59.207141]},"properties":{"name":"Strand","source":"OpenStreetMap"}},{"type":"Feature","id":"beach-osm-way-1311758818","geometry":{"type":"Point","coordinates":[12.306539,64.627517]},"properties":{"name":"Strand","source":"OpenStreetMap"}},{"type":"Feature","id":"beach-osm-way-1313723687","geometry":{"type":"Point","coordinates":[10.58982,59.733266]},"properties":{"name":"Strand","source":"OpenStreetMap"}},{"type":"Feature","id":"beach-osm-way-1313723690","geometry":{"type":"Point","coordinates":[10.590648,59.732657]},"properties":{"name":"Strand","source":"OpenStreetMap"}},{"type":"Feature","id":"beach-osm-way-1315537909","geometry":{"type":"Point","coordinates":[5.763907,58.873452]},"properties":{"name":"Strand","source":"OpenStreetMap"}},{"type":"Feature","id":"beach-osm-way-1315537910","geometry":{"type":"Point","coordinates":[5.764331,58.872552]},"properties":{"name":"Strand","source":"OpenStreetMap"}},{"type":"Feature","id":"beach-osm-way-1320808060","geometry":{"type":"Point","coordinates":[10.466702,63.450235]},"properties":{"name":"Strand","source":"OpenStreetMap"}},{"type":"Feature","id":"beach-osm-way-1331979833","geometry":{"type":"Point","coordinates":[10.680186,59.852798]},"properties":{"name":"Strand","source":"OpenStreetMap"}},{"type":"Feature","id":"beach-osm-way-1341552690","geometry":{"type":"Point","coordinates":[8.954628,58.61048]},"properties":{"name":"Strand","source":"OpenStreetMap"}},{"type":"Feature","id":"beach-osm-way-1342772852","geometry":{"type":"Point","coordinates":[5.182729,60.397689]},"properties":{"name":"Strand","source":"OpenStreetMap"}},{"type":"Feature","id":"beach-osm-way-1347160609","geometry":{"type":"Point","coordinates":[17.729894,68.899665]},"properties":{"name":"Strand","source":"OpenStreetMap"}},{"type":"Feature","id":"beach-osm-way-1347160610","geometry":{"type":"Point","coordinates":[17.727353,68.899534]},"properties":{"name":"Strand","source":"OpenStreetMap"}},{"type":"Feature","id":"beach-osm-way-1349022556","geometry":{"type":"Point","coordinates":[11.964213,60.167878]},"properties":{"name":"Strand","source":"OpenStreetMap"}},{"type":"Feature","id":"beach-osm-way-1351204087","geometry":{"type":"Point","coordinates":[9.133055,63.570601]},"properties":{"name":"Strand","source":"OpenStreetMap"}},{"type":"Feature","id":"beach-osm-way-1353241626","geometry":{"type":"Point","coordinates":[5.734797,58.941038]},"properties":{"name":"Strand","source":"OpenStreetMap"}},{"type":"Feature","id":"beach-osm-way-1356916981","geometry":{"type":"Point","coordinates":[5.46136,60.357615]},"properties":{"name":"Strand","source":"OpenStreetMap"}},{"type":"Feature","id":"beach-osm-way-1359725971","geometry":{"type":"Point","coordinates":[7.193096,58.050326]},"properties":{"name":"Strand","source":"OpenStreetMap"}},{"type":"Feature","id":"beach-osm-way-1360221817","geometry":{"type":"Point","coordinates":[30.987566,70.306998]},"properties":{"name":"Strand","source":"OpenStreetMap"}},{"type":"Feature","id":"beach-osm-way-1365741829","geometry":{"type":"Point","coordinates":[10.682387,59.498152]},"properties":{"name":"Strand","source":"OpenStreetMap"}},{"type":"Feature","id":"beach-osm-way-1365741833","geometry":{"type":"Point","coordinates":[10.682983,59.49093]},"properties":{"name":"Strand","source":"OpenStreetMap"}},{"type":"Feature","id":"beach-osm-way-1366693657","geometry":{"type":"Point","coordinates":[9.225921,58.709623]},"properties":{"name":"Strand","source":"OpenStreetMap"}},{"type":"Feature","id":"beach-osm-way-1367362492","geometry":{"type":"Point","coordinates":[5.623499,58.956287]},"properties":{"name":"Strand","source":"OpenStreetMap"}},{"type":"Feature","id":"beach-osm-way-1369686990","geometry":{"type":"Point","coordinates":[10.583153,59.761499]},"properties":{"name":"Strand","source":"OpenStreetMap"}},{"type":"Feature","id":"beach-osm-way-1375183766","geometry":{"type":"Point","coordinates":[15.469124,66.784947]},"properties":{"name":"Strand","source":"OpenStreetMap"}},{"type":"Feature","id":"beach-osm-way-1376961182","geometry":{"type":"Point","coordinates":[11.598269,60.895403]},"properties":{"name":"Strand","source":"OpenStreetMap"}},{"type":"Feature","id":"beach-osm-way-1377058713","geometry":{"type":"Point","coordinates":[10.710174,59.775856]},"properties":{"name":"Strand","source":"OpenStreetMap"}},{"type":"Feature","id":"beach-osm-way-1378913881","geometry":{"type":"Point","coordinates":[10.493769,59.435468]},"properties":{"name":"Strand","source":"OpenStreetMap"}},{"type":"Feature","id":"beach-osm-way-1381182485","geometry":{"type":"Point","coordinates":[10.706065,59.789789]},"properties":{"name":"Strand","source":"OpenStreetMap"}},{"type":"Feature","id":"beach-osm-way-1381182488","geometry":{"type":"Point","coordinates":[10.708112,59.785502]},"properties":{"name":"Strand","source":"OpenStreetMap"}},{"type":"Feature","id":"beach-osm-way-1381182497","geometry":{"type":"Point","coordinates":[10.706946,59.788419]},"properties":{"name":"Strand","source":"OpenStreetMap"}},{"type":"Feature","id":"beach-osm-way-1381182499","geometry":{"type":"Point","coordinates":[10.70772,59.786646]},"properties":{"name":"Strand","source":"OpenStreetMap"}},{"type":"Feature","id":"beach-osm-way-1381182501","geometry":{"type":"Point","coordinates":[10.707376,59.787493]},"properties":{"name":"Strand","source":"OpenStreetMap"}},{"type":"Feature","id":"beach-osm-way-1381449475","geometry":{"type":"Point","coordinates":[10.704609,59.793041]},"properties":{"name":"Strand","source":"OpenStreetMap"}},{"type":"Feature","id":"beach-osm-way-1382930965","geometry":{"type":"Point","coordinates":[7.530804,59.231013]},"properties":{"name":"Strand","source":"OpenStreetMap"}},{"type":"Feature","id":"beach-osm-way-1383230760","geometry":{"type":"Point","coordinates":[10.70519,59.803645]},"properties":{"name":"Strand","source":"OpenStreetMap"}},{"type":"Feature","id":"beach-osm-way-1384095023","geometry":{"type":"Point","coordinates":[10.699757,59.810717]},"properties":{"name":"Strand","source":"OpenStreetMap"}},{"type":"Feature","id":"beach-osm-way-1384095032","geometry":{"type":"Point","coordinates":[10.703897,59.807162]},"properties":{"name":"Strand","source":"OpenStreetMap"}},{"type":"Feature","id":"beach-osm-way-1385086934","geometry":{"type":"Point","coordinates":[9.684878,59.684482]},"properties":{"name":"Strand","source":"OpenStreetMap"}},{"type":"Feature","id":"beach-osm-way-1385499443","geometry":{"type":"Point","coordinates":[5.973684,62.246883]},"properties":{"name":"Strand","source":"OpenStreetMap"}},{"type":"Feature","id":"beach-osm-way-1388854267","geometry":{"type":"Point","coordinates":[5.779312,58.724371]},"properties":{"name":"Strand","source":"OpenStreetMap"}},{"type":"Feature","id":"beach-osm-way-1391299955","geometry":{"type":"Point","coordinates":[10.36868,59.804055]},"properties":{"name":"Strand","source":"OpenStreetMap"}},{"type":"Feature","id":"beach-osm-way-1393486277","geometry":{"type":"Point","coordinates":[10.391247,59.696747]},"properties":{"name":"Strand","source":"OpenStreetMap"}},{"type":"Feature","id":"beach-osm-way-1393486278","geometry":{"type":"Point","coordinates":[10.391402,59.69588]},"properties":{"name":"Strand","source":"OpenStreetMap"}},{"type":"Feature","id":"beach-osm-way-1393486280","geometry":{"type":"Point","coordinates":[10.399488,59.69178]},"properties":{"name":"Strand","source":"OpenStreetMap"}},{"type":"Feature","id":"beach-osm-way-1393486285","geometry":{"type":"Point","coordinates":[10.394602,59.690496]},"properties":{"name":"Strand","source":"OpenStreetMap"}},{"type":"Feature","id":"beach-osm-way-1393486286","geometry":{"type":"Point","coordinates":[10.394683,59.691798]},"properties":{"name":"Strand","source":"OpenStreetMap"}},{"type":"Feature","id":"beach-osm-way-1393486287","geometry":{"type":"Point","coordinates":[10.394592,59.6932]},"properties":{"name":"Strand","source":"OpenStreetMap"}},{"type":"Feature","id":"beach-osm-way-1393486288","geometry":{"type":"Point","coordinates":[10.393494,59.694249]},"properties":{"name":"Strand","source":"OpenStreetMap"}},{"type":"Feature","id":"beach-osm-way-1395517926","geometry":{"type":"Point","coordinates":[5.617782,59.078946]},"properties":{"name":"Strand","source":"OpenStreetMap"}},{"type":"Feature","id":"beach-osm-way-1395533731","geometry":{"type":"Point","coordinates":[6.080014,62.207161]},"properties":{"name":"Strand","source":"OpenStreetMap"}},{"type":"Feature","id":"beach-osm-way-1413109290","geometry":{"type":"Point","coordinates":[12.095524,62.428011]},"properties":{"name":"Strand","source":"OpenStreetMap"}},{"type":"Feature","id":"beach-osm-way-1413109292","geometry":{"type":"Point","coordinates":[12.092922,62.427004]},"properties":{"name":"Strand","source":"OpenStreetMap"}},{"type":"Feature","id":"beach-osm-way-1413109293","geometry":{"type":"Point","coordinates":[12.082658,62.433973]},"properties":{"name":"Strand","source":"OpenStreetMap"}},{"type":"Feature","id":"beach-osm-way-1413459029","geometry":{"type":"Point","coordinates":[5.882482,58.969216]},"properties":{"name":"Strand","source":"OpenStreetMap"}},{"type":"Feature","id":"beach-osm-way-1413459030","geometry":{"type":"Point","coordinates":[5.883964,58.969479]},"properties":{"name":"Strand","source":"OpenStreetMap"}},{"type":"Feature","id":"beach-osm-way-1415274663","geometry":{"type":"Point","coordinates":[10.372037,59.250866]},"properties":{"name":"Strand","source":"OpenStreetMap"}},{"type":"Feature","id":"beach-osm-way-1416107526","geometry":{"type":"Point","coordinates":[10.37159,59.247667]},"properties":{"name":"Strand","source":"OpenStreetMap"}},{"type":"Feature","id":"beach-osm-way-1416573746","geometry":{"type":"Point","coordinates":[6.91206,61.350661]},"properties":{"name":"Strand","source":"OpenStreetMap"}},{"type":"Feature","id":"beach-osm-way-1419071954","geometry":{"type":"Point","coordinates":[17.971365,69.63165]},"properties":{"name":"Strand","source":"OpenStreetMap"}},{"type":"Feature","id":"beach-osm-way-1419071960","geometry":{"type":"Point","coordinates":[17.973502,69.631754]},"properties":{"name":"Strand","source":"OpenStreetMap"}},{"type":"Feature","id":"beach-osm-way-1419645313","geometry":{"type":"Point","coordinates":[10.582519,59.755718]},"properties":{"name":"Strand","source":"OpenStreetMap"}},{"type":"Feature","id":"beach-osm-way-1419723134","geometry":{"type":"Point","coordinates":[10.401631,59.569609]},"properties":{"name":"Strand","source":"OpenStreetMap"}},{"type":"Feature","id":"beach-osm-way-1419906876","geometry":{"type":"Point","coordinates":[18.007525,69.637248]},"properties":{"name":"Strand","source":"OpenStreetMap"}},{"type":"Feature","id":"beach-osm-way-1420062108","geometry":{"type":"Point","coordinates":[10.299283,59.544196]},"properties":{"name":"Strand","source":"OpenStreetMap"}},{"type":"Feature","id":"beach-osm-way-1420062199","geometry":{"type":"Point","coordinates":[10.301711,59.543109]},"properties":{"name":"Strand","source":"OpenStreetMap"}},{"type":"Feature","id":"beach-osm-way-1420613095","geometry":{"type":"Point","coordinates":[5.345643,61.130644]},"properties":{"name":"Strand","source":"OpenStreetMap"}},{"type":"Feature","id":"beach-osm-way-1420819162","geometry":{"type":"Point","coordinates":[10.424463,59.559841]},"properties":{"name":"Strand","source":"OpenStreetMap"}},{"type":"Feature","id":"beach-osm-way-1421126856","geometry":{"type":"Point","coordinates":[5.662993,58.910286]},"properties":{"name":"Strand","source":"OpenStreetMap"}},{"type":"Feature","id":"beach-osm-way-1421126857","geometry":{"type":"Point","coordinates":[5.662106,58.909758]},"properties":{"name":"Strand","source":"OpenStreetMap"}},{"type":"Feature","id":"beach-osm-way-1422859019","geometry":{"type":"Point","coordinates":[10.188182,59.724761]},"properties":{"name":"Strand","source":"OpenStreetMap"}},{"type":"Feature","id":"beach-osm-way-1423006022","geometry":{"type":"Point","coordinates":[10.183748,59.747259]},"properties":{"name":"Strand","source":"OpenStreetMap"}},{"type":"Feature","id":"beach-osm-way-1424614088","geometry":{"type":"Point","coordinates":[8.313026,63.445524]},"properties":{"name":"Strand","source":"OpenStreetMap"}},{"type":"Feature","id":"beach-osm-way-1424614096","geometry":{"type":"Point","coordinates":[8.30687,63.445591]},"properties":{"name":"Strand","source":"OpenStreetMap"}},{"type":"Feature","id":"beach-osm-way-1424639640","geometry":{"type":"Point","coordinates":[8.322461,63.43093]},"properties":{"name":"Strand","source":"OpenStreetMap"}},{"type":"Feature","id":"beach-osm-way-1424853784","geometry":{"type":"Point","coordinates":[13.572513,68.115379]},"properties":{"name":"Strand","source":"OpenStreetMap"}},{"type":"Feature","id":"beach-osm-way-1424853785","geometry":{"type":"Point","coordinates":[13.57405,68.114719]},"properties":{"name":"Strand","source":"OpenStreetMap"}},{"type":"Feature","id":"beach-osm-way-1425045815","geometry":{"type":"Point","coordinates":[10.58776,59.733699]},"properties":{"name":"Strand","source":"OpenStreetMap"}},{"type":"Feature","id":"beach-osm-way-1427146152","geometry":{"type":"Point","coordinates":[11.343555,59.736031]},"properties":{"name":"Strand","source":"OpenStreetMap"}},{"type":"Feature","id":"beach-osm-way-1427947866","geometry":{"type":"Point","coordinates":[9.419316,63.65819]},"properties":{"name":"Strand","source":"OpenStreetMap"}},{"type":"Feature","id":"beach-osm-way-1427947898","geometry":{"type":"Point","coordinates":[9.412911,63.657718]},"properties":{"name":"Strand","source":"OpenStreetMap"}},{"type":"Feature","id":"beach-osm-way-1427947905","geometry":{"type":"Point","coordinates":[9.434376,63.673513]},"properties":{"name":"Strand","source":"OpenStreetMap"}},{"type":"Feature","id":"beach-osm-way-1427947916","geometry":{"type":"Point","coordinates":[9.431778,63.671675]},"properties":{"name":"Strand","source":"OpenStreetMap"}},{"type":"Feature","id":"beach-osm-way-1427947928","geometry":{"type":"Point","coordinates":[9.430976,63.669001]},"properties":{"name":"Strand","source":"OpenStreetMap"}},{"type":"Feature","id":"beach-osm-way-1427947933","geometry":{"type":"Point","coordinates":[9.410543,63.658855]},"properties":{"name":"Strand","source":"OpenStreetMap"}},{"type":"Feature","id":"beach-osm-way-1428521619","geometry":{"type":"Point","coordinates":[9.432692,63.658019]},"properties":{"name":"Strand","source":"OpenStreetMap"}},{"type":"Feature","id":"beach-osm-way-1428521633","geometry":{"type":"Point","coordinates":[9.43228,63.657291]},"properties":{"name":"Strand","source":"OpenStreetMap"}},{"type":"Feature","id":"beach-osm-way-1428774734","geometry":{"type":"Point","coordinates":[17.816164,68.86301]},"properties":{"name":"Strand","source":"OpenStreetMap"}},{"type":"Feature","id":"beach-osm-way-1431939734","geometry":{"type":"Point","coordinates":[9.2127,58.978171]},"properties":{"name":"Strand","source":"OpenStreetMap"}},{"type":"Feature","id":"beach-osm-way-1435261072","geometry":{"type":"Point","coordinates":[17.088767,69.103023]},"properties":{"name":"Strand","source":"OpenStreetMap"}},{"type":"Feature","id":"beach-osm-way-1435267026","geometry":{"type":"Point","coordinates":[17.082308,69.104016]},"properties":{"name":"Strand","source":"OpenStreetMap"}},{"type":"Feature","id":"beach-osm-way-1435898365","geometry":{"type":"Point","coordinates":[10.663924,59.460473]},"properties":{"name":"Strand","source":"OpenStreetMap"}},{"type":"Feature","id":"beach-osm-way-1437005537","geometry":{"type":"Point","coordinates":[10.58702,59.888014]},"properties":{"name":"Strand","source":"OpenStreetMap"}},{"type":"Feature","id":"beach-osm-way-1452945369","geometry":{"type":"Point","coordinates":[10.76332,59.113401]},"properties":{"name":"Strand","source":"OpenStreetMap"}},{"type":"Feature","id":"beach-osm-way-1452968141","geometry":{"type":"Point","coordinates":[10.761462,59.113858]},"properties":{"name":"Strand","source":"OpenStreetMap"}},{"type":"Feature","id":"beach-osm-way-1452968145","geometry":{"type":"Point","coordinates":[10.760078,59.114213]},"properties":{"name":"Strand","source":"OpenStreetMap"}},{"type":"Feature","id":"beach-osm-way-1452969250","geometry":{"type":"Point","coordinates":[10.768068,59.111008]},"properties":{"name":"Strand","source":"OpenStreetMap"}},{"type":"Feature","id":"beach-osm-way-1452969252","geometry":{"type":"Point","coordinates":[10.769317,59.110909]},"properties":{"name":"Strand","source":"OpenStreetMap"}},{"type":"Feature","id":"beach-osm-way-1452969253","geometry":{"type":"Point","coordinates":[10.771471,59.110512]},"properties":{"name":"Strand","source":"OpenStreetMap"}},{"type":"Feature","id":"beach-osm-way-1452969254","geometry":{"type":"Point","coordinates":[10.772422,59.110161]},"properties":{"name":"Strand","source":"OpenStreetMap"}},{"type":"Feature","id":"beach-osm-way-1452969255","geometry":{"type":"Point","coordinates":[10.773235,59.10951]},"properties":{"name":"Strand","source":"OpenStreetMap"}},{"type":"Feature","id":"beach-osm-way-1453718908","geometry":{"type":"Point","coordinates":[9.234691,58.728699]},"properties":{"name":"Strand","source":"OpenStreetMap"}},{"type":"Feature","id":"beach-osm-way-1455033043","geometry":{"type":"Point","coordinates":[6.817653,58.263072]},"properties":{"name":"Strand","source":"OpenStreetMap"}},{"type":"Feature","id":"beach-osm-way-1458088352","geometry":{"type":"Point","coordinates":[10.48788,63.43994]},"properties":{"name":"Strand","source":"OpenStreetMap"}},{"type":"Feature","id":"beach-osm-way-1458690433","geometry":{"type":"Point","coordinates":[10.454857,63.4562]},"properties":{"name":"Strand","source":"OpenStreetMap"}},{"type":"Feature","id":"beach-osm-way-1459492273","geometry":{"type":"Point","coordinates":[9.151318,58.697076]},"properties":{"name":"Strand","source":"OpenStreetMap"}},{"type":"Feature","id":"beach-osm-way-1459787145","geometry":{"type":"Point","coordinates":[9.262432,58.729993]},"properties":{"name":"Strand","source":"OpenStreetMap"}},{"type":"Feature","id":"beach-osm-way-1460862052","geometry":{"type":"Point","coordinates":[10.902741,59.203464]},"properties":{"name":"Strand","source":"OpenStreetMap"}},{"type":"Feature","id":"beach-osm-way-1462452285","geometry":{"type":"Point","coordinates":[8.792061,59.428142]},"properties":{"name":"Strand","source":"OpenStreetMap"}},{"type":"Feature","id":"beach-osm-way-1462452858","geometry":{"type":"Point","coordinates":[8.79315,59.427339]},"properties":{"name":"Strand","source":"OpenStreetMap"}},{"type":"Feature","id":"beach-osm-way-1462452861","geometry":{"type":"Point","coordinates":[8.794005,59.427357]},"properties":{"name":"Strand","source":"OpenStreetMap"}},{"type":"Feature","id":"beach-osm-way-1466128829","geometry":{"type":"Point","coordinates":[8.789375,59.440849]},"properties":{"name":"Strand","source":"OpenStreetMap"}},{"type":"Feature","id":"beach-osm-way-1469423433","geometry":{"type":"Point","coordinates":[11.238209,60.434062]},"properties":{"name":"Strand","source":"OpenStreetMap"}},{"type":"Feature","id":"beach-osm-way-1475160830","geometry":{"type":"Point","coordinates":[6.656315,58.413276]},"properties":{"name":"Strand","source":"OpenStreetMap"}},{"type":"Feature","id":"beach-osm-way-1476912678","geometry":{"type":"Point","coordinates":[12.172547,62.370989]},"properties":{"name":"Strand","source":"OpenStreetMap"}},{"type":"Feature","id":"beach-osm-way-1476912680","geometry":{"type":"Point","coordinates":[12.179557,62.366582]},"properties":{"name":"Strand","source":"OpenStreetMap"}},{"type":"Feature","id":"beach-osm-way-1476912689","geometry":{"type":"Point","coordinates":[12.163659,62.368965]},"properties":{"name":"Strand","source":"OpenStreetMap"}},{"type":"Feature","id":"beach-osm-way-1480022150","geometry":{"type":"Point","coordinates":[10.701169,59.812384]},"properties":{"name":"Strand","source":"OpenStreetMap"}},{"type":"Feature","id":"beach-osm-way-1480022151","geometry":{"type":"Point","coordinates":[10.700797,59.812837]},"properties":{"name":"Strand","source":"OpenStreetMap"}},{"type":"Feature","id":"beach-osm-way-1480022153","geometry":{"type":"Point","coordinates":[10.700443,59.8136]},"properties":{"name":"Strand","source":"OpenStreetMap"}},{"type":"Feature","id":"beach-osm-way-1480022159","geometry":{"type":"Point","coordinates":[10.699927,59.816262]},"properties":{"name":"Strand","source":"OpenStreetMap"}},{"type":"Feature","id":"beach-osm-way-1480022163","geometry":{"type":"Point","coordinates":[10.700096,59.815248]},"properties":{"name":"Strand","source":"OpenStreetMap"}},{"type":"Feature","id":"beach-osm-way-1480032425","geometry":{"type":"Point","coordinates":[10.699637,59.81705]},"properties":{"name":"Strand","source":"OpenStreetMap"}},{"type":"Feature","id":"beach-osm-way-1480032429","geometry":{"type":"Point","coordinates":[10.699454,59.817813]},"properties":{"name":"Strand","source":"OpenStreetMap"}},{"type":"Feature","id":"beach-osm-way-1480040728","geometry":{"type":"Point","coordinates":[10.697877,59.821751]},"properties":{"name":"Strand","source":"OpenStreetMap"}},{"type":"Feature","id":"beach-osm-way-1480040729","geometry":{"type":"Point","coordinates":[10.698291,59.821083]},"properties":{"name":"Strand","source":"OpenStreetMap"}},{"type":"Feature","id":"beach-osm-way-1480040736","geometry":{"type":"Point","coordinates":[10.698842,59.820035]},"properties":{"name":"Strand","source":"OpenStreetMap"}},{"type":"Feature","id":"beach-osm-way-1481394676","geometry":{"type":"Point","coordinates":[10.698008,59.824564]},"properties":{"name":"Strand","source":"OpenStreetMap"}},{"type":"Feature","id":"beach-osm-way-1481394679","geometry":{"type":"Point","coordinates":[10.697802,59.823756]},"properties":{"name":"Strand","source":"OpenStreetMap"}},{"type":"Feature","id":"beach-osm-way-1481464781","geometry":{"type":"Point","coordinates":[10.696434,59.828082]},"properties":{"name":"Strand","source":"OpenStreetMap"}},{"type":"Feature","id":"beach-osm-way-1482335803","geometry":{"type":"Point","coordinates":[6.281483,58.84117]},"properties":{"name":"Strand","source":"OpenStreetMap"}},{"type":"Feature","id":"beach-osm-way-1482962157","geometry":{"type":"Point","coordinates":[10.510715,59.763312]},"properties":{"name":"Strand","source":"OpenStreetMap"}},{"type":"Feature","id":"beach-osm-way-1483062890","geometry":{"type":"Point","coordinates":[9.738154,59.022406]},"properties":{"name":"Strand","source":"OpenStreetMap"}},{"type":"Feature","id":"beach-osm-way-1486801326","geometry":{"type":"Point","coordinates":[10.498477,59.48845]},"properties":{"name":"Strand","source":"OpenStreetMap"}},{"type":"Feature","id":"beach-osm-way-1486801327","geometry":{"type":"Point","coordinates":[10.499367,59.489253]},"properties":{"name":"Strand","source":"OpenStreetMap"}},{"type":"Feature","id":"beach-osm-way-1487604313","geometry":{"type":"Point","coordinates":[9.258638,59.391555]},"properties":{"name":"Strand","source":"OpenStreetMap"}},{"type":"Feature","id":"beach-osm-way-1488556731","geometry":{"type":"Point","coordinates":[10.621858,59.690027]},"properties":{"name":"Strand","source":"OpenStreetMap"}},{"type":"Feature","id":"beach-osm-way-1488556761","geometry":{"type":"Point","coordinates":[10.620752,59.688755]},"properties":{"name":"Strand","source":"OpenStreetMap"}},{"type":"Feature","id":"beach-osm-way-1488672562","geometry":{"type":"Point","coordinates":[10.606512,59.691601]},"properties":{"name":"Strand","source":"OpenStreetMap"}},{"type":"Feature","id":"beach-osm-way-1488672565","geometry":{"type":"Point","coordinates":[10.607073,59.690703]},"properties":{"name":"Strand","source":"OpenStreetMap"}},{"type":"Feature","id":"beach-osm-way-1488672569","geometry":{"type":"Point","coordinates":[10.607974,59.689485]},"properties":{"name":"Strand","source":"OpenStreetMap"}},{"type":"Feature","id":"beach-osm-way-1488672574","geometry":{"type":"Point","coordinates":[10.609242,59.688477]},"properties":{"name":"Strand","source":"OpenStreetMap"}},{"type":"Feature","id":"beach-osm-way-1488672575","geometry":{"type":"Point","coordinates":[10.608963,59.688986]},"properties":{"name":"Strand","source":"OpenStreetMap"}},{"type":"Feature","id":"beach-osm-way-1488830898","geometry":{"type":"Point","coordinates":[10.604364,59.694975]},"properties":{"name":"Strand","source":"OpenStreetMap"}},{"type":"Feature","id":"beach-osm-way-1488830906","geometry":{"type":"Point","coordinates":[10.605244,59.693372]},"properties":{"name":"Strand","source":"OpenStreetMap"}},{"type":"Feature","id":"beach-osm-way-1489059398","geometry":{"type":"Point","coordinates":[10.603852,59.697244]},"properties":{"name":"Strand","source":"OpenStreetMap"}},{"type":"Feature","id":"beach-osm-way-1489059404","geometry":{"type":"Point","coordinates":[10.604057,59.696654]},"properties":{"name":"Strand","source":"OpenStreetMap"}},{"type":"Feature","id":"beach-osm-way-1489932016","geometry":{"type":"Point","coordinates":[10.037538,59.593075]},"properties":{"name":"Strand","source":"OpenStreetMap"}},{"type":"Feature","id":"beach-osm-way-1491319461","geometry":{"type":"Point","coordinates":[12.096299,62.423725]},"properties":{"name":"Strand","source":"OpenStreetMap"}},{"type":"Feature","id":"beach-osm-way-1491319463","geometry":{"type":"Point","coordinates":[12.087039,62.425678]},"properties":{"name":"Strand","source":"OpenStreetMap"}},{"type":"Feature","id":"beach-osm-way-1492400155","geometry":{"type":"Point","coordinates":[10.13228,59.557524]},"properties":{"name":"Strand","source":"OpenStreetMap"}},{"type":"Feature","id":"beach-osm-way-1492433393","geometry":{"type":"Point","coordinates":[9.688667,59.262245]},"properties":{"name":"Strand","source":"OpenStreetMap"}},{"type":"Feature","id":"beach-osm-way-1493752849","geometry":{"type":"Point","coordinates":[6.423734,59.875542]},"properties":{"name":"Strand","source":"OpenStreetMap"}},{"type":"Feature","id":"beach-osm-way-1493990833","geometry":{"type":"Point","coordinates":[10.603138,59.697533]},"properties":{"name":"Strand","source":"OpenStreetMap"}},{"type":"Feature","id":"beach-osm-way-1493990834","geometry":{"type":"Point","coordinates":[10.603301,59.698769]},"properties":{"name":"Strand","source":"OpenStreetMap"}},{"type":"Feature","id":"beach-osm-way-1494527803","geometry":{"type":"Point","coordinates":[9.86681,58.969668]},"properties":{"name":"Strand","source":"OpenStreetMap"}},{"type":"Feature","id":"beach-osm-way-1494527804","geometry":{"type":"Point","coordinates":[9.86626,58.970148]},"properties":{"name":"Strand","source":"OpenStreetMap"}},{"type":"Feature","id":"beach-osm-way-1494527805","geometry":{"type":"Point","coordinates":[9.86561,58.9706]},"properties":{"name":"Strand","source":"OpenStreetMap"}},{"type":"Feature","id":"beach-osm-way-1494531609","geometry":{"type":"Point","coordinates":[9.904024,58.970546]},"properties":{"name":"Strand","source":"OpenStreetMap"}},{"type":"Feature","id":"beach-osm-way-1494539394","geometry":{"type":"Point","coordinates":[9.969492,58.982537]},"properties":{"name":"Strand","source":"OpenStreetMap"}},{"type":"Feature","id":"beach-osm-way-1494539737","geometry":{"type":"Point","coordinates":[9.985198,58.979478]},"properties":{"name":"Strand","source":"OpenStreetMap"}},{"type":"Feature","id":"beach-osm-way-1494539738","geometry":{"type":"Point","coordinates":[9.983107,58.978407]},"properties":{"name":"Strand","source":"OpenStreetMap"}},{"type":"Feature","id":"beach-osm-way-1494692225","geometry":{"type":"Point","coordinates":[4.837677,61.074505]},"properties":{"name":"Strand","source":"OpenStreetMap"}},{"type":"Feature","id":"beach-osm-way-1495945415","geometry":{"type":"Point","coordinates":[10.602206,59.699522]},"properties":{"name":"Strand","source":"OpenStreetMap"}},{"type":"Feature","id":"beach-osm-way-1496030671","geometry":{"type":"Point","coordinates":[11.619809,59.874805]},"properties":{"name":"Strand","source":"OpenStreetMap"}},{"type":"Feature","id":"beach-osm-way-1496030682","geometry":{"type":"Point","coordinates":[11.62191,59.875058]},"properties":{"name":"Strand","source":"OpenStreetMap"}},{"type":"Feature","id":"beach-osm-way-1496065536","geometry":{"type":"Point","coordinates":[10.60135,59.701228]},"properties":{"name":"Strand","source":"OpenStreetMap"}},{"type":"Feature","id":"beach-osm-way-1496075956","geometry":{"type":"Point","coordinates":[10.600861,59.702876]},"properties":{"name":"Strand","source":"OpenStreetMap"}},{"type":"Feature","id":"beach-osm-way-1496203759","geometry":{"type":"Point","coordinates":[10.600226,59.703377]},"properties":{"name":"Strand","source":"OpenStreetMap"}},{"type":"Feature","id":"beach-osm-way-1499159576","geometry":{"type":"Point","coordinates":[10.309032,59.535075]},"properties":{"name":"Strand","source":"OpenStreetMap"}},{"type":"Feature","id":"beach-osm-way-1501038195","geometry":{"type":"Point","coordinates":[10.628196,59.701906]},"properties":{"name":"Strand","source":"OpenStreetMap"}},{"type":"Feature","id":"beach-osm-way-1501038197","geometry":{"type":"Point","coordinates":[10.629616,59.702425]},"properties":{"name":"Strand","source":"OpenStreetMap"}},{"type":"Feature","id":"beach-osm-way-1501038215","geometry":{"type":"Point","coordinates":[10.631925,59.702576]},"properties":{"name":"Strand","source":"OpenStreetMap"}},{"type":"Feature","id":"beach-osm-way-1501065032","geometry":{"type":"Point","coordinates":[6.141448,58.989596]},"properties":{"name":"Strand","source":"OpenStreetMap"}},{"type":"Feature","id":"beach-osm-way-1501090169","geometry":{"type":"Point","coordinates":[10.624644,59.698962]},"properties":{"name":"Strand","source":"OpenStreetMap"}},{"type":"Feature","id":"beach-osm-way-1501090174","geometry":{"type":"Point","coordinates":[10.623864,59.698059]},"properties":{"name":"Strand","source":"OpenStreetMap"}},{"type":"Feature","id":"beach-osm-way-1501090175","geometry":{"type":"Point","coordinates":[10.623744,59.697492]},"properties":{"name":"Strand","source":"OpenStreetMap"}},{"type":"Feature","id":"beach-osm-way-1501090206","geometry":{"type":"Point","coordinates":[10.621884,59.690558]},"properties":{"name":"Strand","source":"OpenStreetMap"}},{"type":"Feature","id":"beach-osm-way-1501090208","geometry":{"type":"Point","coordinates":[10.622057,59.691217]},"properties":{"name":"Strand","source":"OpenStreetMap"}},{"type":"Feature","id":"beach-osm-way-1501117221","geometry":{"type":"Point","coordinates":[10.63594,59.703543]},"properties":{"name":"Strand","source":"OpenStreetMap"}},{"type":"Feature","id":"beach-osm-way-1501117222","geometry":{"type":"Point","coordinates":[10.637096,59.70409]},"properties":{"name":"Strand","source":"OpenStreetMap"}},{"type":"Feature","id":"beach-osm-way-1501117224","geometry":{"type":"Point","coordinates":[10.639586,59.704718]},"properties":{"name":"Strand","source":"OpenStreetMap"}},{"type":"Feature","id":"beach-osm-way-1501117240","geometry":{"type":"Point","coordinates":[10.634124,59.702996]},"properties":{"name":"Strand","source":"OpenStreetMap"}},{"type":"Feature","id":"beach-osm-way-1503652093","geometry":{"type":"Point","coordinates":[10.599478,59.712166]},"properties":{"name":"Strand","source":"OpenStreetMap"}},{"type":"Feature","id":"beach-osm-way-1503652094","geometry":{"type":"Point","coordinates":[10.60004,59.711622]},"properties":{"name":"Strand","source":"OpenStreetMap"}},{"type":"Feature","id":"beach-osm-way-1503652105","geometry":{"type":"Point","coordinates":[10.599619,59.709823]},"properties":{"name":"Strand","source":"OpenStreetMap"}},{"type":"Feature","id":"beach-osm-way-1503652109","geometry":{"type":"Point","coordinates":[10.59935,59.708957]},"properties":{"name":"Strand","source":"OpenStreetMap"}},{"type":"Feature","id":"beach-osm-way-1507906471","geometry":{"type":"Point","coordinates":[9.298375,58.893789]},"properties":{"name":"Strand","source":"OpenStreetMap"}},{"type":"Feature","id":"beach-osm-way-1508658904","geometry":{"type":"Point","coordinates":[9.40784,58.878381]},"properties":{"name":"Strand","source":"OpenStreetMap"}},{"type":"Feature","id":"beach-osm-way-1509418104","geometry":{"type":"Point","coordinates":[10.456492,59.15974]},"properties":{"name":"Strand","source":"OpenStreetMap"}},{"type":"Feature","id":"beach-osm-way-1509418106","geometry":{"type":"Point","coordinates":[10.457889,59.164096]},"properties":{"name":"Strand","source":"OpenStreetMap"}},{"type":"Feature","id":"beach-osm-way-1509487287","geometry":{"type":"Point","coordinates":[9.08712,61.767255]},"properties":{"name":"Strand","source":"OpenStreetMap"}},{"type":"Feature","id":"beach-osm-way-1513385303","geometry":{"type":"Point","coordinates":[10.617526,59.453707]},"properties":{"name":"Strand","source":"OpenStreetMap"}},{"type":"Feature","id":"beach-osm-way-1513385306","geometry":{"type":"Point","coordinates":[10.618328,59.457175]},"properties":{"name":"Strand","source":"OpenStreetMap"}}]}