{"type":"FeatureCollection","generator":"CCW UT.no + OSM campgrounds v1","timestamp":"2026-05-14T16:28:00.260Z","attribution":"UT.no/DNT, OpenStreetMap contributors (ODbL)","features":[{"type":"Feature","id":"camp-ut-146545320","geometry":{"type":"Point","coordinates":[9.708984,61.215549]},"properties":{"name":"Leirplass ved Mjødokka","description":"Svært lett tilgjengelig plass rett ved vegen, men med idyllisk plassering i vannkanten ved Mjødokka, som for øvrig er et godt fiskevann hvor det er tillatt med stangfiske fra land.","elevation":786,"source":"UT.no/DNT"}},{"type":"Feature","id":"camp-ut-146545321","geometry":{"type":"Point","coordinates":[9.833667,61.182768]},"properties":{"name":"Leirplass ved Ormtjønnet","description":"Svært lett tilgjengelig plass rett ved vegen, men med idyllisk plassering i vannkanten ved Ormtjønnet og utsikt over til det fine kulturlandskapet ved Ormtjønnsetra.","elevation":837,"source":"UT.no/DNT"}},{"type":"Feature","id":"camp-ut-145298510","geometry":{"type":"Point","coordinates":[5.490994,60.270159]},"properties":{"name":"Ytsta Raudlivatn","description":"Ytsta Raudlivatn er et nydelig friluftsområde på Søfteland som både egner seg for korte dagsturer med barn, og er en flott plass for telting.","elevation":51,"source":"UT.no/DNT"}},{"type":"Feature","id":"camp-ut-145284575","geometry":{"type":"Point","coordinates":[10.286661,63.443064]},"properties":{"name":"Rasteplass ved Holstdammen","description":"Holstdammen ligger i den nordre delen av Bymarka i Trondheim, og byr på mange fine rasteplasser rundt vannet.","elevation":204,"source":"UT.no/DNT"}},{"type":"Feature","id":"camp-ut-145338674","geometry":{"type":"Point","coordinates":[10.213106,63.404809]},"properties":{"name":"Telttplass ved Kvistningen","description":"Kvistningen er et av de større vannene i Bymarka, og ligger like ved den høyeste toppen i Bymarka; Storheia.","elevation":436,"source":"UT.no/DNT"}},{"type":"Feature","id":"camp-ut-145519735","geometry":{"type":"Point","coordinates":[10.548298,59.716161]},"properties":{"name":"Teltplass ved Bjørnehue på Håøya","description":"Kanskje den fineste teltplassen på norddelen av Håøya - når det er rolige vindforhold, vel og merke.","elevation":1,"source":"UT.no/DNT"}},{"type":"Feature","id":"camp-ut-14587187","geometry":{"type":"Point","coordinates":[12.026896,60.828237]},"properties":{"name":"Kynnbrua","description":"På Kynnbrua finner du stor plass for parkering som også brukes til camping, campingvogner og bobil.","elevation":282,"source":"UT.no/DNT"}},{"type":"Feature","id":"camp-ut-145297859","geometry":{"type":"Point","coordinates":[5.653078,60.810646]},"properties":{"name":"Fossvatnet i Dyrkolbotn","description":"Vil du ha ein telttur i høgfjellterreng, med fiskestang i sekken, er dette turen for deg.","elevation":405,"source":"UT.no/DNT"}},{"type":"Feature","id":"camp-ut-142780258","geometry":{"type":"Point","coordinates":[11.617999,60.365464]},"properties":{"name":"Rovøya","description":"En av de største øyene, og er tildels dekket av skog med svaberg rundt nesten hele øya.","elevation":136,"source":"UT.no/DNT"}},{"type":"Feature","id":"camp-ut-146545323","geometry":{"type":"Point","coordinates":[9.570622,61.291756]},"properties":{"name":"Revsjøen Friluftsområde","description":"Et større område med spredt fjellbjørkeskog tilrettelagt for enkelt campingliv.","elevation":987,"source":"UT.no/DNT"}},{"type":"Feature","id":"camp-ut-145725873","geometry":{"type":"Point","coordinates":[10.747359,60.028149]},"properties":{"name":"Fagervann","description":"Idylliske Fagervann er et populært turmål for både dags- og overnattingsturer.","elevation":420,"source":"UT.no/DNT"}},{"type":"Feature","id":"camp-ut-14630775","geometry":{"type":"Point","coordinates":[12.109573,60.787811]},"properties":{"name":"Kynnbrukoia - leirplass ved Kynna","description":"Flott leirplass helt inntil Kynna med utebord, bålring m/grillrist og utedo.","elevation":282,"source":"UT.no/DNT"}},{"type":"Feature","id":"camp-ut-145323366","geometry":{"type":"Point","coordinates":[10.281807,63.425272]},"properties":{"name":"Leirplass ved Kobberdammen","description":"Kobberdammen ligger i Bymarka i Trondheim, mellom Gråkallen og Geitfjellet.","elevation":289,"source":"UT.no/DNT"}},{"type":"Feature","id":"camp-ut-14630785","geometry":{"type":"Point","coordinates":[12.097192,60.793015]},"properties":{"name":"Jernverket - leirplass ved Kynna","description":"Fin liten leirplass ved Kynna med utebord, bålring med grillrist og utedo.","elevation":282,"source":"UT.no/DNT"}},{"type":"Feature","id":"camp-ut-14630793","geometry":{"type":"Point","coordinates":[12.220316,60.736541]},"properties":{"name":"Leirplass Kynndammen Åsnes","description":"Kynndammen Sør er det naturlige endepunktet for en padletur på Kynna.","elevation":279,"source":"UT.no/DNT"}},{"type":"Feature","id":"camp-ut-144957346","geometry":{"type":"Point","coordinates":[11.559537,59.43192]},"properties":{"name":"Teltplass Frønesjøen","description":"På øya i sørenden av Frønesjøen finner du en teltplass (sør på øya).","elevation":184,"source":"UT.no/DNT"}},{"type":"Feature","id":"camp-ut-145284031","geometry":{"type":"Point","coordinates":[10.28907,63.385431]},"properties":{"name":"Leirplass ved Leirsjøen","description":"Leirsjøen er et supert turmål i Bymarka, med mange fine teltplasser.","elevation":199,"source":"UT.no/DNT"}},{"type":"Feature","id":"camp-ut-146890480","geometry":{"type":"Point","coordinates":[7.902349,63.376835]},"properties":{"name":"Kvistvågen fritidspark","description":"Parken har fine områder for telting og det finnes også et toalett.","elevation":2,"source":"UT.no/DNT"}},{"type":"Feature","id":"camp-ut-146890603","geometry":{"type":"Point","coordinates":[8.054717,63.32741]},"properties":{"name":"Eco Camp Norway","description":"Vandrehjem med mulighet for telting på en tidligere fotballbane.","elevation":3,"source":"UT.no/DNT"}},{"type":"Feature","id":"camp-ut-145729991","geometry":{"type":"Point","coordinates":[10.815304,60.069256]},"properties":{"name":"Ørfiske","description":"Ørfiske er et populært turmål ikke langt fra Rotnes i Nittedal.","elevation":341,"source":"UT.no/DNT"}},{"type":"Feature","id":"camp-ut-146561688","geometry":{"type":"Point","coordinates":[9.73745,61.217197]},"properties":{"name":"Karssjøen","description":"Idyllisk plass med stor gresslette i nordvestenden av vannet.","elevation":781,"source":"UT.no/DNT"}},{"type":"Feature","id":"camp-ut-14593417","geometry":{"type":"Point","coordinates":[11.995826,60.841141]},"properties":{"name":"Leirplass ved Silksjøen - Kynna","description":"Leirplassen ligger fint til innerst i viken nord i Silksjøen.","elevation":279,"source":"UT.no/DNT"}},{"type":"Feature","id":"camp-ut-146889539","geometry":{"type":"Point","coordinates":[9.753481,59.010957]},"properties":{"name":"Langøya","description":"Langøya er et nydelig friluftsområde hvor det er lov å telte.","elevation":4,"source":"UT.no/DNT"}},{"type":"Feature","id":"camp-ut-145586733","geometry":{"type":"Point","coordinates":[10.067549,59.396637]},"properties":{"name":"Merkedammen","description":"Helt nord i Tønsberg kommune finner du flotte Merkedammen.","elevation":326,"source":"UT.no/DNT"}},{"type":"Feature","id":"camp-ut-145262313","geometry":{"type":"Point","coordinates":[8.104489,63.464313]},"properties":{"name":"Smøla kajakks padlecamp","description":"Teltplass med tilgang på dusj, toalett og strøm i låven.","elevation":2,"source":"UT.no/DNT"}},{"type":"Feature","id":"camp-ut-145095360","geometry":{"type":"Point","coordinates":[12.155572,60.765826]},"properties":{"name":"Leirplass Kynna - Breifløyta","description":"Leirplass langs Breifløyta, Kynna like sør for Sævsjøen.","elevation":280,"source":"UT.no/DNT"}},{"type":"Feature","id":"camp-ut-145275946","geometry":{"type":"Point","coordinates":[10.491921,59.273126]},"properties":{"name":"Furustrand camping","description":"Familiecamping med hytter og plass til bobiler og telt","elevation":2,"source":"UT.no/DNT"}},{"type":"Feature","id":"camp-ut-145275945","geometry":{"type":"Point","coordinates":[10.46349,59.225572]},"properties":{"name":"Fjærholmen familiecamping","description":"Fjærholmen har en idyllisk beliggenhet ved sjøen, ca.","elevation":1,"source":"UT.no/DNT"}},{"type":"Feature","id":"camp-ut-145521771","geometry":{"type":"Point","coordinates":[6.427365,59.014491]},"properties":{"name":"Flørli 4444 Camping","description":"Camping i Flørli er tillatt på sletta ved fjorden.","elevation":7,"source":"UT.no/DNT"}},{"type":"Feature","id":"camp-ut-14593408","geometry":{"type":"Point","coordinates":[12.153239,60.770639]},"properties":{"name":"Leirplass ved Sævsjøen","description":"Dette er fin leirplass med plass til mange telt.","elevation":278,"source":"UT.no/DNT"}},{"type":"Feature","id":"camp-ut-145275932","geometry":{"type":"Point","coordinates":[10.496207,59.209167]},"properties":{"name":"Teltplass Hvalø","description":"Mulighet for oppsett av flere telt nær strand","elevation":2,"source":"UT.no/DNT"}},{"type":"Feature","id":"camp-ut-146634088","geometry":{"type":"Point","coordinates":[11.464074,60.815902]},"properties":{"name":"Stålsætertjernet","description":"Turforslaget finner du her: Stålsætertjernet","elevation":274,"source":"UT.no/DNT"}},{"type":"Feature","id":"camp-ut-141417","geometry":{"type":"Point","coordinates":[16.999755,68.823571]},"properties":{"name":"Mangelåsvannet","description":"Idyllisk lite vann mot slutten av turløypa","elevation":169,"source":"UT.no/DNT"}},{"type":"Feature","id":"camp-ut-141341514","geometry":{"type":"Point","coordinates":[10.357447,59.468006]},"properties":{"name":"Ruseberget","description":"Stor åpen plass med utsikt over Breiangen.","elevation":7,"source":"UT.no/DNT"}},{"type":"Feature","id":"camp-ut-142780255","geometry":{"type":"Point","coordinates":[11.622205,60.376815]},"properties":{"name":"Engeholmen","description":"Sjarmerende øy med noe spesiell utforming.","elevation":131,"source":"UT.no/DNT"}},{"type":"Feature","id":"camp-ut-145262310","geometry":{"type":"Point","coordinates":[8.228357,63.383039]},"properties":{"name":"Dyrøya","description":"Teltplass med bålplass og bademuligheter.","elevation":1,"source":"UT.no/DNT"}},{"type":"Feature","id":"camp-ut-146889606","geometry":{"type":"Point","coordinates":[8.4515,59.38365]},"properties":{"name":"Odden","description":"Teltplass ved Odden i Kviteseid kommune.","elevation":79,"source":"UT.no/DNT"}},{"type":"Feature","id":"camp-ut-14630769","geometry":{"type":"Point","coordinates":[12.04771,60.821326]},"properties":{"name":"Leirplass ved Holsjøen - Kynna","description":"Stor og populær leirplass ved Holsjøen.","elevation":282,"source":"UT.no/DNT"}},{"type":"Feature","id":"camp-ut-145411070","geometry":{"type":"Point","coordinates":[7.999613,63.46421]},"properties":{"name":"Teltplass Skjøttøya","description":"Mulighet for telting i le for vind.","elevation":3,"source":"UT.no/DNT"}},{"type":"Feature","id":"camp-ut-146748096","geometry":{"type":"Point","coordinates":[7.578109,62.18625]},"properties":{"name":"Teltplass ved Reindalseter","description":"Stor teltplass under furutrær.","elevation":705,"source":"UT.no/DNT"}},{"type":"Feature","id":"camp-ut-146889607","geometry":{"type":"Point","coordinates":[9.32134,59.305918]},"properties":{"name":"Valebø Brygge","description":"Teltplass ved Valebø Brygge.","elevation":18,"source":"UT.no/DNT"}},{"type":"Feature","id":"camp-ut-146545322","geometry":{"type":"Point","coordinates":[9.644411,61.302537]},"properties":{"name":"Leirplass ved Øvre Ongsjøen","description":"Enkel bålplass med benker.","elevation":1004,"source":"UT.no/DNT"}},{"type":"Feature","id":"camp-ut-141171","geometry":{"type":"Point","coordinates":[15.139847,67.398533]},"properties":{"name":"Teltplass over Heggmovatnet","description":"Utsikt over Heggmovatnet.","elevation":380,"source":"UT.no/DNT"}},{"type":"Feature","id":"camp-ut-146167110","geometry":{"type":"Point","coordinates":[8.047067,63.301132]},"properties":{"name":"Teltplass på Svelunn","description":"Teltplass i ei vik med åpning mot nordøst.","source":"UT.no/DNT"}},{"type":"Feature","id":"camp-ut-145275934","geometry":{"type":"Point","coordinates":[10.447398,59.113999]},"properties":{"name":"Teltplass Froungen","elevation":4,"source":"UT.no/DNT"}},{"type":"Feature","id":"camp-ut-145275933","geometry":{"type":"Point","coordinates":[10.464372,59.119028]},"properties":{"name":"Teltplass Ildverket","elevation":1,"source":"UT.no/DNT"}},{"type":"Feature","id":"camp-ut-145275936","geometry":{"type":"Point","coordinates":[10.465656,59.138046]},"properties":{"name":"Teltplass Søndre Mostein","elevation":1,"source":"UT.no/DNT"}},{"type":"Feature","id":"camp-ut-145275942","geometry":{"type":"Point","coordinates":[10.525537,59.189297]},"properties":{"name":"Teltplass Skjellerøy","elevation":2,"source":"UT.no/DNT"}},{"type":"Feature","id":"camp-ut-145275938","geometry":{"type":"Point","coordinates":[10.566694,59.207142]},"properties":{"name":"Teltplass Østre Bolæren","elevation":9,"source":"UT.no/DNT"}},{"type":"Feature","id":"camp-ut-145275940","geometry":{"type":"Point","coordinates":[10.534037,59.218204]},"properties":{"name":"Teltplass Vestre Bolæren","elevation":4,"source":"UT.no/DNT"}},{"type":"Feature","id":"camp-ut-145275937","geometry":{"type":"Point","coordinates":[10.468993,59.140873]},"properties":{"name":"Teltplass Nordre Mostein","elevation":5,"source":"UT.no/DNT"}},{"type":"Feature","id":"camp-ut-145275941","geometry":{"type":"Point","coordinates":[10.513203,59.196414]},"properties":{"name":"Teltplass Gåsøy","elevation":3,"source":"UT.no/DNT"}},{"type":"Feature","id":"camp-osm-way-327626468","geometry":{"type":"Point","coordinates":[6.135507,58.897627]},"properties":{"name":"Landa Park","description":"Entsorgung ud Frischwasser für Wohnmobile","source":"OpenStreetMap","osm_ref":"way-327626468"}},{"type":"Feature","id":"camp-osm-way-354958701","geometry":{"type":"Point","coordinates":[29.099243,70.856825]},"properties":{"name":"Berlevåg Motell & Camping","description":"Sjønær campingplass i Berlevåg med oppstillingsplasser for bobil, campingvogn og telt. Strømuttak, servicehus med dusj/toalett, kjøkken og vaskemuligheter. Kort vei til sentrum og havna.. Adgang: customers","source":"OpenStreetMap","osm_ref":"way-354958701"}},{"type":"Feature","id":"camp-osm-way-370733943","geometry":{"type":"Point","coordinates":[8.390752,58.256385]},"properties":{"name":"Tingsaker Familiecamping","description":"Tingsaker Familiecamping er en campingplass for hele familien og er gunstig lokalisert i forhold til de flotteste attraksjonene på Sørlandet. 1 km til Lillesand Sentrum og ca. 20 km til Dyreparken.","source":"OpenStreetMap","osm_ref":"way-370733943"}},{"type":"Feature","id":"camp-osm-way-1299298541","geometry":{"type":"Point","coordinates":[8.08796,59.179171]},"properties":{"name":"Fyresdal Kurs- og Leirsted","description":"It is possible to pay for the stay at the Spar convenience store in Fyresdal city center.","source":"OpenStreetMap","osm_ref":"way-1299298541"}},{"type":"Feature","id":"camp-osm-way-1423955295","geometry":{"type":"Point","coordinates":[5.552865,60.567434]},"properties":{"name":"Selvika Rasteplass","description":"Not originally created for camping, but is is allowed. Beautiful view of the lake","source":"OpenStreetMap","osm_ref":"way-1423955295"}},{"type":"Feature","id":"camp-osm-way-1424118033","geometry":{"type":"Point","coordinates":[13.15149,67.961818]},"properties":{"name":"Akkarvikodden Teltplass","description":"Informal tent site","source":"OpenStreetMap","osm_ref":"way-1424118033"}},{"type":"Feature","id":"camp-osm-node-9849873043","geometry":{"type":"Point","coordinates":[6.945578,62.923503]},"properties":{"name":"Vips Camping","description":"Private Camping. No toilets, primarily for self contained Camper Vans and Caravans.  Tent camping tolerated upon friendly asking.  Very Basic water supply available.","source":"OpenStreetMap","osm_ref":"node-9849873043"}},{"type":"Feature","id":"camp-osm-node-5645732025","geometry":{"type":"Point","coordinates":[10.351802,59.25855]},"properties":{"name":"Gapahuken","description":"fireplace, roof, no toilet","source":"OpenStreetMap","osm_ref":"node-5645732025"}},{"type":"Feature","id":"camp-osm-node-3663316208","geometry":{"type":"Point","coordinates":[20.701699,69.785383]},"properties":{"name":"Rotsundelv Camping","description":"Open in June-August some time.","source":"OpenStreetMap","osm_ref":"node-3663316208"}},{"type":"Feature","id":"camp-osm-way-106403160","geometry":{"type":"Point","coordinates":[6.333963,58.923012]},"properties":{"name":"Røssdalen","description":"Park like natural camp site","source":"OpenStreetMap","osm_ref":"way-106403160"}},{"type":"Feature","id":"camp-osm-way-1084223424","geometry":{"type":"Point","coordinates":[9.043718,59.301098]},"properties":{"name":"Hogga sluse camping","description":"Self-service camping site with toilet and shower","source":"OpenStreetMap","osm_ref":"way-1084223424"}},{"type":"Feature","id":"camp-osm-node-11980826587","geometry":{"type":"Point","coordinates":[9.99167,59.42638]},"properties":{"name":"Brufoss Camping and Fossekroa","description":"Camping, Hytte, Kroa","source":"OpenStreetMap","osm_ref":"node-11980826587"}},{"type":"Feature","id":"camp-osm-way-244568674","geometry":{"type":"Point","coordinates":[9.003121,60.702102]},"properties":{"name":"Gol Campingsenter","description":"Pluscamp","source":"OpenStreetMap","osm_ref":"way-244568674"}},{"type":"Feature","id":"camp-osm-way-493281401","geometry":{"type":"Point","coordinates":[20.534873,69.527352]},"properties":{"name":"Riddu hovedcamp","description":"Main campsite for people over the age of 18 sleeping in tents.","source":"OpenStreetMap","osm_ref":"way-493281401"}},{"type":"Feature","id":"camp-osm-way-1304785009","geometry":{"type":"Point","coordinates":[10.751693,59.86511]},"properties":{"name":"Solvik Camping","description":"Private campsite for use by members of Solviks Venner, an organisation for people with disabilities. Not available for members of the public.. Adgang: private","source":"OpenStreetMap","osm_ref":"way-1304785009"}},{"type":"Feature","id":"camp-osm-node-3663317176","geometry":{"type":"Point","coordinates":[6.53724,61.055288]},"properties":{"name":"Tistel Camping og Feriehytter","description":"Small wood cabins and grass area for tent camping. Services: Toilets, shower (5 NOK), washing machine, small camping cooking stove, sink, small grill","source":"OpenStreetMap","osm_ref":"node-3663317176"}},{"type":"Feature","id":"camp-osm-way-1168588146","geometry":{"type":"Point","coordinates":[8.788946,59.754083]},"properties":{"name":"Tuddal Camping","description":"NAF camp","source":"OpenStreetMap","osm_ref":"way-1168588146"}},{"type":"Feature","id":"camp-osm-node-11034660283","geometry":{"type":"Point","coordinates":[8.632178,61.622393]},"properties":{"name":"Glitterheim campsite","description":"DNT campsite of Glitterheim hyte","source":"OpenStreetMap","osm_ref":"node-11034660283"}},{"type":"Feature","id":"camp-osm-node-1298793574","geometry":{"type":"Point","coordinates":[7.737309,63.125624]},"properties":{"name":"Atlanten Motell og Camping","source":"OpenStreetMap","osm_ref":"node-1298793574"}},{"type":"Feature","id":"camp-osm-node-1356457893","geometry":{"type":"Point","coordinates":[15.738004,66.742329]},"properties":{"name":"Graddis Fjellstue & Camping","source":"OpenStreetMap","osm_ref":"node-1356457893"}},{"type":"Feature","id":"camp-osm-node-3663314939","geometry":{"type":"Point","coordinates":[9.003976,60.234965]},"properties":{"name":"Fjordgløtt Camping og Hyttesenter","source":"OpenStreetMap","osm_ref":"node-3663314939"}},{"type":"Feature","id":"camp-osm-node-3663314950","geometry":{"type":"Point","coordinates":[7.465558,59.729103]},"properties":{"name":"Flothyl Camping","source":"OpenStreetMap","osm_ref":"node-3663314950"}},{"type":"Feature","id":"camp-osm-node-3663315018","geometry":{"type":"Point","coordinates":[10.072612,59.021569]},"properties":{"name":"Gon Camping","description":"Adgang: customers","source":"OpenStreetMap","osm_ref":"node-3663315018"}},{"type":"Feature","id":"camp-osm-node-3663315374","geometry":{"type":"Point","coordinates":[14.4447,68.216913]},"properties":{"name":"Kabelvåg Feriehus & Camping","source":"OpenStreetMap","osm_ref":"node-3663315374"}},{"type":"Feature","id":"camp-osm-node-3663316728","geometry":{"type":"Point","coordinates":[20.013872,69.321463]},"properties":{"name":"Lyngentourist","source":"OpenStreetMap","osm_ref":"node-3663316728"}},{"type":"Feature","id":"camp-osm-node-3663317738","geometry":{"type":"Point","coordinates":[5.479101,59.692187]},"properties":{"name":"Valevåg Camping og Hyttetun","source":"OpenStreetMap","osm_ref":"node-3663317738"}},{"type":"Feature","id":"camp-osm-node-3663317793","geometry":{"type":"Point","coordinates":[6.422286,60.624692]},"properties":{"name":"Voss Camping","source":"OpenStreetMap","osm_ref":"node-3663317793"}},{"type":"Feature","id":"camp-osm-node-4258561215","geometry":{"type":"Point","coordinates":[14.303201,68.277767]},"properties":{"name":"Rystad Lofoten camping","source":"OpenStreetMap","osm_ref":"node-4258561215"}},{"type":"Feature","id":"camp-osm-node-5712390705","geometry":{"type":"Point","coordinates":[19.809079,69.66787]},"properties":{"name":"Svensby Tursenter","source":"OpenStreetMap","osm_ref":"node-5712390705"}},{"type":"Feature","id":"camp-osm-node-6695813212","geometry":{"type":"Point","coordinates":[8.2,58.188239]},"properties":{"name":"Isefjærleiren","source":"OpenStreetMap","osm_ref":"node-6695813212"}},{"type":"Feature","id":"camp-osm-node-7198921966","geometry":{"type":"Point","coordinates":[7.800619,59.634004]},"properties":{"name":"Mjonøy Camping","source":"OpenStreetMap","osm_ref":"node-7198921966"}},{"type":"Feature","id":"camp-osm-node-9506903309","geometry":{"type":"Point","coordinates":[9.077647,59.201382]},"properties":{"name":"Villmarkseventyret","source":"OpenStreetMap","osm_ref":"node-9506903309"}},{"type":"Feature","id":"camp-osm-node-11071753982","geometry":{"type":"Point","coordinates":[17.442197,69.515715]},"properties":{"name":"Camp Mefjord","source":"OpenStreetMap","osm_ref":"node-11071753982"}},{"type":"Feature","id":"camp-osm-node-12163729754","geometry":{"type":"Point","coordinates":[9.855513,63.259548]},"properties":{"name":"Lauvåsen Gård - Camping og Hytter","source":"OpenStreetMap","osm_ref":"node-12163729754"}},{"type":"Feature","id":"camp-osm-way-28473177","geometry":{"type":"Point","coordinates":[10.77142,59.898241]},"properties":{"name":"Ekeberg Camping","source":"OpenStreetMap","osm_ref":"way-28473177"}},{"type":"Feature","id":"camp-osm-way-41822596","geometry":{"type":"Point","coordinates":[5.480207,59.436525]},"properties":{"name":"Grindafjord Feriesenter","description":"Adgang: customers","source":"OpenStreetMap","osm_ref":"way-41822596"}},{"type":"Feature","id":"camp-osm-way-97569553","geometry":{"type":"Point","coordinates":[19.015418,69.648139]},"properties":{"name":"Tromsø Lodge & Camping","source":"OpenStreetMap","osm_ref":"way-97569553"}},{"type":"Feature","id":"camp-osm-way-132561878","geometry":{"type":"Point","coordinates":[8.03051,58.147794]},"properties":{"name":"Roligheden","source":"OpenStreetMap","osm_ref":"way-132561878"}},{"type":"Feature","id":"camp-osm-way-152445125","geometry":{"type":"Point","coordinates":[8.008479,59.440792]},"properties":{"name":"Buøy Camping Dalen","source":"OpenStreetMap","osm_ref":"way-152445125"}},{"type":"Feature","id":"camp-osm-way-156178673","geometry":{"type":"Point","coordinates":[9.088915,59.297586]},"properties":{"name":"Telemark Kanalcamping","source":"OpenStreetMap","osm_ref":"way-156178673"}},{"type":"Feature","id":"camp-osm-way-163203089","geometry":{"type":"Point","coordinates":[15.603764,68.882847]},"properties":{"name":"Andøy Friluftssenter","source":"OpenStreetMap","osm_ref":"way-163203089"}},{"type":"Feature","id":"camp-osm-way-164038186","geometry":{"type":"Point","coordinates":[17.033131,69.190906]},"properties":{"name":"Flakstadvåg Camping og Sjøfiske","source":"OpenStreetMap","osm_ref":"way-164038186"}},{"type":"Feature","id":"camp-osm-way-164044040","geometry":{"type":"Point","coordinates":[17.882176,69.449726]},"properties":{"name":"Fjordbotn Camping","source":"OpenStreetMap","osm_ref":"way-164044040"}},{"type":"Feature","id":"camp-osm-way-164113252","geometry":{"type":"Point","coordinates":[13.164028,68.098778]},"properties":{"name":"Fredvang Strand og Skjærgårdscamping","source":"OpenStreetMap","osm_ref":"way-164113252"}},{"type":"Feature","id":"camp-osm-way-164376186","geometry":{"type":"Point","coordinates":[14.216692,68.224319]},"properties":{"name":"Lyngvær Lofoten Bobilcamping","source":"OpenStreetMap","osm_ref":"way-164376186"}},{"type":"Feature","id":"camp-osm-way-164644776","geometry":{"type":"Point","coordinates":[13.052562,67.900681]},"properties":{"name":"Moskenes Camping","source":"OpenStreetMap","osm_ref":"way-164644776"}},{"type":"Feature","id":"camp-osm-way-168823665","geometry":{"type":"Point","coordinates":[25.891996,71.027326]},"properties":{"name":"Nordkapp Camping","source":"OpenStreetMap","osm_ref":"way-168823665"}},{"type":"Feature","id":"camp-osm-way-168896005","geometry":{"type":"Point","coordinates":[17.45728,69.19807]},"properties":{"name":"Norwegian Wild / Tranøybotn Camping","source":"OpenStreetMap","osm_ref":"way-168896005"}},{"type":"Feature","id":"camp-osm-way-169777896","geometry":{"type":"Point","coordinates":[14.425681,68.205249]},"properties":{"name":"Sandvika","source":"OpenStreetMap","osm_ref":"way-169777896"}},{"type":"Feature","id":"camp-osm-way-181008707","geometry":{"type":"Point","coordinates":[13.885026,68.203891]},"properties":{"name":"Brustranda Fjordcamping","source":"OpenStreetMap","osm_ref":"way-181008707"}},{"type":"Feature","id":"camp-osm-way-199793456","geometry":{"type":"Point","coordinates":[13.502038,66.738695]},"properties":{"name":"Furøy Camping","source":"OpenStreetMap","osm_ref":"way-199793456"}},{"type":"Feature","id":"camp-osm-way-231459819","geometry":{"type":"Point","coordinates":[29.331587,70.119588]},"properties":{"name":"Vestre Jakobselv Camping","source":"OpenStreetMap","osm_ref":"way-231459819"}},{"type":"Feature","id":"camp-osm-way-244071151","geometry":{"type":"Point","coordinates":[6.095154,58.998317]},"properties":{"name":"Preikestolen Camping","source":"OpenStreetMap","osm_ref":"way-244071151"}},{"type":"Feature","id":"camp-osm-way-255123472","geometry":{"type":"Point","coordinates":[25.792903,71.095865]},"properties":{"name":"Hytte Camp Nordkapp - former Nordkapp Caravan og Camping","description":"Adgang: customers","source":"OpenStreetMap","osm_ref":"way-255123472"}},{"type":"Feature","id":"camp-osm-way-261934162","geometry":{"type":"Point","coordinates":[25.066999,70.478251]},"properties":{"name":"Russenes Camping","source":"OpenStreetMap","osm_ref":"way-261934162"}},{"type":"Feature","id":"camp-osm-way-272626431","geometry":{"type":"Point","coordinates":[7.79446,58.585607]},"properties":{"name":"Odden Camping","source":"OpenStreetMap","osm_ref":"way-272626431"}},{"type":"Feature","id":"camp-osm-way-338216968","geometry":{"type":"Point","coordinates":[28.227407,70.166904]},"properties":{"name":"Tana Familiecamping","description":"Adgang: customers","source":"OpenStreetMap","osm_ref":"way-338216968"}},{"type":"Feature","id":"camp-osm-way-363478474","geometry":{"type":"Point","coordinates":[17.117382,69.340689]},"properties":{"name":"Senja Fjordcamp","source":"OpenStreetMap","osm_ref":"way-363478474"}},{"type":"Feature","id":"camp-osm-way-393740357","geometry":{"type":"Point","coordinates":[7.359211,62.904132]},"properties":{"name":"Skogly Camping","source":"OpenStreetMap","osm_ref":"way-393740357"}},{"type":"Feature","id":"camp-osm-way-418100297","geometry":{"type":"Point","coordinates":[15.086127,68.892221]},"properties":{"name":"Oppmyre Camping","source":"OpenStreetMap","osm_ref":"way-418100297"}},{"type":"Feature","id":"camp-osm-way-421638720","geometry":{"type":"Point","coordinates":[5.073013,61.347346]},"properties":{"name":"Aksvoll Camping","source":"OpenStreetMap","osm_ref":"way-421638720"}},{"type":"Feature","id":"camp-osm-way-425549396","geometry":{"type":"Point","coordinates":[13.651447,68.307233]},"properties":{"name":"Eggum Outfield Camping","source":"OpenStreetMap","osm_ref":"way-425549396"}},{"type":"Feature","id":"camp-osm-way-426602072","geometry":{"type":"Point","coordinates":[14.926835,68.572095]},"properties":{"name":"Børøya Camping","source":"OpenStreetMap","osm_ref":"way-426602072"}},{"type":"Feature","id":"camp-osm-way-431428115","geometry":{"type":"Point","coordinates":[11.579524,64.474821]},"properties":{"name":"Namsos camping","source":"OpenStreetMap","osm_ref":"way-431428115"}},{"type":"Feature","id":"camp-osm-way-439496728","geometry":{"type":"Point","coordinates":[9.210085,59.565153]},"properties":{"name":"Notodden Camping","source":"OpenStreetMap","osm_ref":"way-439496728"}},{"type":"Feature","id":"camp-osm-way-443259068","geometry":{"type":"Point","coordinates":[5.996165,58.4787]},"properties":{"name":"Steinsnes Naf Camping","source":"OpenStreetMap","osm_ref":"way-443259068"}},{"type":"Feature","id":"camp-osm-way-670906519","geometry":{"type":"Point","coordinates":[8.096882,61.916518]},"properties":{"name":"Dønfoss Camping","source":"OpenStreetMap","osm_ref":"way-670906519"}},{"type":"Feature","id":"camp-osm-way-674138179","geometry":{"type":"Point","coordinates":[7.784524,58.553424]},"properties":{"name":"Hornnes Camping","source":"OpenStreetMap","osm_ref":"way-674138179"}},{"type":"Feature","id":"camp-osm-way-783362402","geometry":{"type":"Point","coordinates":[9.585132,62.49591]},"properties":{"name":"Magalaupe Camping","source":"OpenStreetMap","osm_ref":"way-783362402"}},{"type":"Feature","id":"camp-osm-way-868119012","geometry":{"type":"Point","coordinates":[7.483168,58.807283]},"properties":{"name":"Bortelid Camping","source":"OpenStreetMap","osm_ref":"way-868119012"}},{"type":"Feature","id":"camp-osm-way-957212382","geometry":{"type":"Point","coordinates":[13.291506,68.103836]},"properties":{"name":"Lofoten Beach Camp","source":"OpenStreetMap","osm_ref":"way-957212382"}},{"type":"Feature","id":"camp-osm-way-976332630","geometry":{"type":"Point","coordinates":[6.700053,62.699026]},"properties":{"name":"Sandneset Camping","description":"Adgang: permissive","source":"OpenStreetMap","osm_ref":"way-976332630"}},{"type":"Feature","id":"camp-osm-way-1030152541","geometry":{"type":"Point","coordinates":[5.457994,60.372792]},"properties":{"name":"Lone Camping","source":"OpenStreetMap","osm_ref":"way-1030152541"}},{"type":"Feature","id":"camp-osm-way-1091574629","geometry":{"type":"Point","coordinates":[10.408383,59.065602]},"properties":{"name":"Verdens Ende Camping","source":"OpenStreetMap","osm_ref":"way-1091574629"}},{"type":"Feature","id":"camp-osm-way-1093241201","geometry":{"type":"Point","coordinates":[17.303565,69.444007]},"properties":{"name":"Skaland Camping","source":"OpenStreetMap","osm_ref":"way-1093241201"}},{"type":"Feature","id":"camp-osm-way-1217423715","geometry":{"type":"Point","coordinates":[10.177029,59.024242]},"properties":{"name":"Ula Camping og Hyttegrend","source":"OpenStreetMap","osm_ref":"way-1217423715"}},{"type":"Feature","id":"camp-osm-way-1500973003","geometry":{"type":"Point","coordinates":[10.557483,59.85155]},"properties":{"name":"Tomm Murstad Sjøleir","description":"Adgang: permit","source":"OpenStreetMap","osm_ref":"way-1500973003"}},{"type":"Feature","id":"camp-osm-relation-9184205","geometry":{"type":"Point","coordinates":[5.435585,60.35253]},"properties":{"name":"Bratland Camping","source":"OpenStreetMap","osm_ref":"relation-9184205"}},{"type":"Feature","id":"camp-osm-relation-11295010","geometry":{"type":"Point","coordinates":[7.442461,58.020012]},"properties":{"name":"Top Camp Sjøsanden Feriepark","source":"OpenStreetMap","osm_ref":"relation-11295010"}},{"type":"Feature","id":"camp-osm-relation-12327727","geometry":{"type":"Point","coordinates":[8.571653,61.839203]},"properties":{"name":"Nordal Turistsenter","source":"OpenStreetMap","osm_ref":"relation-12327727"}},{"type":"Feature","id":"camp-osm-relation-16430729","geometry":{"type":"Point","coordinates":[9.541695,63.231783]},"properties":{"name":"Høgkjølen Fjellcamp","source":"OpenStreetMap","osm_ref":"relation-16430729"}},{"type":"Feature","id":"camp-osm-relation-18165116","geometry":{"type":"Point","coordinates":[7.203276,62.099505]},"properties":{"name":"Geiranger Camping","description":"Adgang: customers","source":"OpenStreetMap","osm_ref":"relation-18165116"}},{"type":"Feature","id":"camp-osm-relation-20104186","geometry":{"type":"Point","coordinates":[8.793917,59.427068]},"properties":{"name":"Telnessanden Camping","source":"OpenStreetMap","osm_ref":"relation-20104186"}},{"type":"Feature","id":"camp-osm-node-3663315327","geometry":{"type":"Point","coordinates":[11.20122,64.295016]},"properties":{"name":"Holmset Camping og Hytter","source":"OpenStreetMap","osm_ref":"node-3663315327"}},{"type":"Feature","id":"camp-osm-node-3663315421","geometry":{"type":"Point","coordinates":[5.070938,61.59319]},"properties":{"name":"Krokane Camping","source":"OpenStreetMap","osm_ref":"node-3663315421"}},{"type":"Feature","id":"camp-osm-node-3663316156","geometry":{"type":"Point","coordinates":[11.790181,61.300987]},"properties":{"name":"Osensjøen Camping","source":"OpenStreetMap","osm_ref":"node-3663316156"}},{"type":"Feature","id":"camp-osm-node-3663317807","geometry":{"type":"Point","coordinates":[13.888453,66.233062]},"properties":{"name":"Yttervik Camping","source":"OpenStreetMap","osm_ref":"node-3663317807"}},{"type":"Feature","id":"camp-osm-node-5713142269","geometry":{"type":"Point","coordinates":[14.548624,68.247644]},"properties":{"name":"Lofoten Feriesenter","source":"OpenStreetMap","osm_ref":"node-5713142269"}},{"type":"Feature","id":"camp-osm-node-7840362570","geometry":{"type":"Point","coordinates":[6.269538,61.326082]},"properties":{"name":"Hov Hyttegrend","source":"OpenStreetMap","osm_ref":"node-7840362570"}},{"type":"Feature","id":"camp-osm-node-11030586259","geometry":{"type":"Point","coordinates":[5.158975,62.163182]},"properties":{"name":"Stad Bygdehus Camping","source":"OpenStreetMap","osm_ref":"node-11030586259"}},{"type":"Feature","id":"camp-osm-way-70278597","geometry":{"type":"Point","coordinates":[6.459231,60.832417]},"properties":{"name":"Myrkdalen Camping","source":"OpenStreetMap","osm_ref":"way-70278597"}},{"type":"Feature","id":"camp-osm-way-156153657","geometry":{"type":"Point","coordinates":[6.797194,58.279071]},"properties":{"name":"Svindland Camping","source":"OpenStreetMap","osm_ref":"way-156153657"}},{"type":"Feature","id":"camp-osm-way-163302290","geometry":{"type":"Point","coordinates":[17.704149,69.231949]},"properties":{"name":"Senja Camping","source":"OpenStreetMap","osm_ref":"way-163302290"}},{"type":"Feature","id":"camp-osm-way-173011010","geometry":{"type":"Point","coordinates":[13.21784,66.509843]},"properties":{"name":"Polar Camp","source":"OpenStreetMap","osm_ref":"way-173011010"}},{"type":"Feature","id":"camp-osm-way-218031737","geometry":{"type":"Point","coordinates":[25.785491,71.093466]},"properties":{"name":"Hytte Camp Nordkapp","description":"Adgang: customers","source":"OpenStreetMap","osm_ref":"way-218031737"}},{"type":"Feature","id":"camp-osm-way-244107365","geometry":{"type":"Point","coordinates":[8.382947,58.214615]},"properties":{"name":"Justøyfamiliens Bibelcamping","source":"OpenStreetMap","osm_ref":"way-244107365"}},{"type":"Feature","id":"camp-osm-way-289948169","geometry":{"type":"Point","coordinates":[7.822865,58.075299]},"properties":{"name":"Åros Feriesenter","source":"OpenStreetMap","osm_ref":"way-289948169"}},{"type":"Feature","id":"camp-osm-way-561884725","geometry":{"type":"Point","coordinates":[10.466534,59.377516]},"properties":{"name":"Borre Familiecamping","source":"OpenStreetMap","osm_ref":"way-561884725"}},{"type":"Feature","id":"camp-osm-way-818388329","geometry":{"type":"Point","coordinates":[6.830061,60.87399]},"properties":{"name":"Resepsjon;Gudvangen Camping","source":"OpenStreetMap","osm_ref":"way-818388329"}},{"type":"Feature","id":"camp-osm-way-1469518699","geometry":{"type":"Point","coordinates":[9.234693,60.981432]},"properties":{"name":"Fagernes Campingpark","source":"OpenStreetMap","osm_ref":"way-1469518699"}},{"type":"Feature","id":"camp-osm-node-3663314311","geometry":{"type":"Point","coordinates":[5.351693,61.031696]},"properties":{"name":"Botnen Camping","source":"OpenStreetMap","osm_ref":"node-3663314311"}},{"type":"Feature","id":"camp-osm-node-3663315537","geometry":{"type":"Point","coordinates":[11.586319,64.825609]},"properties":{"name":"Kvisterø Fjordcamping","source":"OpenStreetMap","osm_ref":"node-3663315537"}},{"type":"Feature","id":"camp-osm-node-3663315601","geometry":{"type":"Point","coordinates":[7.215059,61.307625]},"properties":{"name":"Lyngmo Ungdomssenter og Camping","source":"OpenStreetMap","osm_ref":"node-3663315601"}},{"type":"Feature","id":"camp-osm-node-3663316155","geometry":{"type":"Point","coordinates":[10.497996,64.299415]},"properties":{"name":"Osen Fjordcamping","source":"OpenStreetMap","osm_ref":"node-3663316155"}},{"type":"Feature","id":"camp-osm-node-3663316375","geometry":{"type":"Point","coordinates":[14.717852,68.321984]},"properties":{"name":"Sildpollnes Sjøcamp","source":"OpenStreetMap","osm_ref":"node-3663316375"}},{"type":"Feature","id":"camp-osm-node-3663317730","geometry":{"type":"Point","coordinates":[10.98071,59.318227]},"properties":{"name":"Utne Camping","source":"OpenStreetMap","osm_ref":"node-3663317730"}},{"type":"Feature","id":"camp-osm-node-3663318225","geometry":{"type":"Point","coordinates":[5.566289,58.868707]},"properties":{"name":"Ølberg Camping og Friområde","source":"OpenStreetMap","osm_ref":"node-3663318225"}},{"type":"Feature","id":"camp-osm-node-5005807960","geometry":{"type":"Point","coordinates":[11.428077,64.433933]},"properties":{"name":"Selnes Camping","source":"OpenStreetMap","osm_ref":"node-5005807960"}},{"type":"Feature","id":"camp-osm-node-11978711969","geometry":{"type":"Point","coordinates":[15.387988,66.814433]},"properties":{"name":"Hestbrinken","description":"Underlag: ground","source":"OpenStreetMap","osm_ref":"node-11978711969"}},{"type":"Feature","id":"camp-osm-way-29230271","geometry":{"type":"Point","coordinates":[19.96286,69.266043]},"properties":{"name":"Hatteng Grillbar & Camping","source":"OpenStreetMap","osm_ref":"way-29230271"}},{"type":"Feature","id":"camp-osm-way-68992022","geometry":{"type":"Point","coordinates":[6.870401,58.88816]},"properties":{"name":"Sageneset Feriesenter","source":"OpenStreetMap","osm_ref":"way-68992022"}},{"type":"Feature","id":"camp-osm-way-162253040","geometry":{"type":"Point","coordinates":[14.621517,67.235518]},"properties":{"name":"Saltstraumen Camping","source":"OpenStreetMap","osm_ref":"way-162253040"}},{"type":"Feature","id":"camp-osm-way-164394723","geometry":{"type":"Point","coordinates":[14.496596,68.335205]},"properties":{"name":"Sandsletta Camping","source":"OpenStreetMap","osm_ref":"way-164394723"}},{"type":"Feature","id":"camp-osm-way-172480482","geometry":{"type":"Point","coordinates":[23.467484,69.979377]},"properties":{"name":"Solvang Camping Alta","source":"OpenStreetMap","osm_ref":"way-172480482"}},{"type":"Feature","id":"camp-osm-way-172887925","geometry":{"type":"Point","coordinates":[11.506321,64.022737]},"properties":{"name":"Guldbergaunet Sommerhotell & Camping","source":"OpenStreetMap","osm_ref":"way-172887925"}},{"type":"Feature","id":"camp-osm-way-187767440","geometry":{"type":"Point","coordinates":[7.128103,58.042667]},"properties":{"name":"Spangereid Camping","source":"OpenStreetMap","osm_ref":"way-187767440"}},{"type":"Feature","id":"camp-osm-way-260795971","geometry":{"type":"Point","coordinates":[14.698632,68.765297]},"properties":{"name":"Fjordcamp","source":"OpenStreetMap","osm_ref":"way-260795971"}},{"type":"Feature","id":"camp-osm-way-334419189","geometry":{"type":"Point","coordinates":[15.315164,66.938235]},"properties":{"name":"Nordnes Kro og Camping","source":"OpenStreetMap","osm_ref":"way-334419189"}},{"type":"Feature","id":"camp-osm-way-344169394","geometry":{"type":"Point","coordinates":[29.254267,69.70449]},"properties":{"name":"Neiden Fjellstue","source":"OpenStreetMap","osm_ref":"way-344169394"}},{"type":"Feature","id":"camp-osm-way-363472359","geometry":{"type":"Point","coordinates":[19.380029,69.777245]},"properties":{"name":"Æra","source":"OpenStreetMap","osm_ref":"way-363472359"}},{"type":"Feature","id":"camp-osm-way-494266607","geometry":{"type":"Point","coordinates":[8.906214,59.420436]},"properties":{"name":"Sanda Camping og Hytteutleie","source":"OpenStreetMap","osm_ref":"way-494266607"}},{"type":"Feature","id":"camp-osm-way-560564262","geometry":{"type":"Point","coordinates":[10.440214,61.126646]},"properties":{"name":"Lillehammer Turistsenter","source":"OpenStreetMap","osm_ref":"way-560564262"}},{"type":"Feature","id":"camp-osm-way-777520105","geometry":{"type":"Point","coordinates":[12.044439,65.215095]},"properties":{"name":"Vennesund Camping","source":"OpenStreetMap","osm_ref":"way-777520105"}},{"type":"Feature","id":"camp-osm-way-790405249","geometry":{"type":"Point","coordinates":[15.00236,67.122524]},"properties":{"name":"Misvær Camping","source":"OpenStreetMap","osm_ref":"way-790405249"}},{"type":"Feature","id":"camp-osm-way-1092984030","geometry":{"type":"Point","coordinates":[17.977289,69.633273]},"properties":{"name":"Utsikten Bobil Camping","source":"OpenStreetMap","osm_ref":"way-1092984030"}},{"type":"Feature","id":"camp-osm-way-1193628010","geometry":{"type":"Point","coordinates":[11.994191,59.93526]},"properties":{"name":"Camping Bobil","source":"OpenStreetMap","osm_ref":"way-1193628010"}},{"type":"Feature","id":"camp-osm-way-1420675078","geometry":{"type":"Point","coordinates":[10.225163,61.783202]},"properties":{"name":"Solhaug Camping","source":"OpenStreetMap","osm_ref":"way-1420675078"}},{"type":"Feature","id":"camp-osm-relation-7418964","geometry":{"type":"Point","coordinates":[7.267007,61.631273]},"properties":{"name":"Jostedal Camping","source":"OpenStreetMap","osm_ref":"relation-7418964"}},{"type":"Feature","id":"camp-osm-node-3663314565","geometry":{"type":"Point","coordinates":[9.120694,62.072897]},"properties":{"name":"Domaas Gård Hyttetun & Caravancamp","source":"OpenStreetMap","osm_ref":"node-3663314565"}},{"type":"Feature","id":"camp-osm-node-3663314619","geometry":{"type":"Point","coordinates":[28.673738,70.176614]},"properties":{"name":"Varjjat Ferie og Fritid","source":"OpenStreetMap","osm_ref":"node-3663314619"}},{"type":"Feature","id":"camp-osm-node-3663314947","geometry":{"type":"Point","coordinates":[7.473946,59.241708]},"properties":{"name":"Flateland Camping","source":"OpenStreetMap","osm_ref":"node-3663314947"}},{"type":"Feature","id":"camp-osm-node-3663315236","geometry":{"type":"Point","coordinates":[6.790838,61.740941]},"properties":{"name":"Gryta Camping","source":"OpenStreetMap","osm_ref":"node-3663315236"}},{"type":"Feature","id":"camp-osm-node-3663316020","geometry":{"type":"Point","coordinates":[13.172773,64.938699]},"properties":{"name":"Nyheim Camping","source":"OpenStreetMap","osm_ref":"node-3663316020"}},{"type":"Feature","id":"camp-osm-node-3663316328","geometry":{"type":"Point","coordinates":[19.057814,69.18139]},"properties":{"name":"Sagelvvatn Vertshus & Camping","source":"OpenStreetMap","osm_ref":"node-3663316328"}},{"type":"Feature","id":"camp-osm-node-3663317127","geometry":{"type":"Point","coordinates":[11.666482,59.513829]},"properties":{"name":"Sukken Camping","source":"OpenStreetMap","osm_ref":"node-3663317127"}},{"type":"Feature","id":"camp-osm-node-3663317186","geometry":{"type":"Point","coordinates":[12.099547,65.393457]},"properties":{"name":"Torghatten Camping","source":"OpenStreetMap","osm_ref":"node-3663317186"}},{"type":"Feature","id":"camp-osm-node-3663317767","geometry":{"type":"Point","coordinates":[8.512766,59.187916]},"properties":{"name":"Vik Camping","source":"OpenStreetMap","osm_ref":"node-3663317767"}},{"type":"Feature","id":"camp-osm-node-5452345563","geometry":{"type":"Point","coordinates":[7.244054,61.30212]},"properties":{"name":"Eplet (Camping)","source":"OpenStreetMap","osm_ref":"node-5452345563"}},{"type":"Feature","id":"camp-osm-node-12007008527","geometry":{"type":"Point","coordinates":[14.042611,66.986914]},"properties":{"name":"Skaugvoll camping","source":"OpenStreetMap","osm_ref":"node-12007008527"}},{"type":"Feature","id":"camp-osm-node-12862838448","geometry":{"type":"Point","coordinates":[11.341722,60.112118]},"properties":{"name":"Lavvo","source":"OpenStreetMap","osm_ref":"node-12862838448"}},{"type":"Feature","id":"camp-osm-way-37737059","geometry":{"type":"Point","coordinates":[6.77915,60.441456]},"properties":{"name":"Ringøy Camping","source":"OpenStreetMap","osm_ref":"way-37737059"}},{"type":"Feature","id":"camp-osm-way-111633890","geometry":{"type":"Point","coordinates":[10.135285,59.750426]},"properties":{"name":"Drammen Camping","source":"OpenStreetMap","osm_ref":"way-111633890"}},{"type":"Feature","id":"camp-osm-way-163267188","geometry":{"type":"Point","coordinates":[15.864484,69.204403]},"properties":{"name":"Stave Camping","source":"OpenStreetMap","osm_ref":"way-163267188"}},{"type":"Feature","id":"camp-osm-way-168104727","geometry":{"type":"Point","coordinates":[6.796753,58.067215]},"properties":{"name":"Lomsesanden Familiecamping","source":"OpenStreetMap","osm_ref":"way-168104727"}},{"type":"Feature","id":"camp-osm-way-169743790","geometry":{"type":"Point","coordinates":[14.109683,68.338878]},"properties":{"name":"Hov Feriegård Og Camping","source":"OpenStreetMap","osm_ref":"way-169743790"}},{"type":"Feature","id":"camp-osm-way-172484495","geometry":{"type":"Point","coordinates":[23.261777,69.929455]},"properties":{"name":"Alta River Camping","source":"OpenStreetMap","osm_ref":"way-172484495"}},{"type":"Feature","id":"camp-osm-way-172548573","geometry":{"type":"Point","coordinates":[12.459785,65.95404]},"properties":{"name":"Sandnessjøen Camping","source":"OpenStreetMap","osm_ref":"way-172548573"}},{"type":"Feature","id":"camp-osm-way-173013796","geometry":{"type":"Point","coordinates":[13.629703,66.914838]},"properties":{"name":"Reipå Camping","source":"OpenStreetMap","osm_ref":"way-173013796"}},{"type":"Feature","id":"camp-osm-way-180472671","geometry":{"type":"Point","coordinates":[24.904632,70.176312]},"properties":{"name":"Stabbursdalen Resort","source":"OpenStreetMap","osm_ref":"way-180472671"}},{"type":"Feature","id":"camp-osm-way-202737478","geometry":{"type":"Point","coordinates":[9.549031,62.220362]},"properties":{"name":"Snøhetta Camping","source":"OpenStreetMap","osm_ref":"way-202737478"}},{"type":"Feature","id":"camp-osm-way-229778219","geometry":{"type":"Point","coordinates":[12.314141,64.459915]},"properties":{"name":"Langnes Camping","source":"OpenStreetMap","osm_ref":"way-229778219"}},{"type":"Feature","id":"camp-osm-way-237685291","geometry":{"type":"Point","coordinates":[7.496753,58.043573]},"properties":{"name":"Sandnes Camping Mandal","source":"OpenStreetMap","osm_ref":"way-237685291"}},{"type":"Feature","id":"camp-osm-way-361337441","geometry":{"type":"Point","coordinates":[10.291853,63.044515]},"properties":{"name":"Vårvolden","source":"OpenStreetMap","osm_ref":"way-361337441"}},{"type":"Feature","id":"camp-osm-way-457837093","geometry":{"type":"Point","coordinates":[7.108038,60.862982]},"properties":{"name":"Flåm Camping og Hostel","source":"OpenStreetMap","osm_ref":"way-457837093"}},{"type":"Feature","id":"camp-osm-way-520897538","geometry":{"type":"Point","coordinates":[12.229555,59.932406]},"properties":{"name":"Montebello Camping og Turistsenter","source":"OpenStreetMap","osm_ref":"way-520897538"}},{"type":"Feature","id":"camp-osm-way-593405076","geometry":{"type":"Point","coordinates":[15.408983,67.103871]},"properties":{"name":"Rognan Fjordcamp","source":"OpenStreetMap","osm_ref":"way-593405076"}},{"type":"Feature","id":"camp-osm-way-729560924","geometry":{"type":"Point","coordinates":[8.729565,59.45569]},"properties":{"name":"Sanden Camping","source":"OpenStreetMap","osm_ref":"way-729560924"}},{"type":"Feature","id":"camp-osm-way-781584060","geometry":{"type":"Point","coordinates":[7.822646,61.067888]},"properties":{"name":"Borgund Hyttesenter og Camping","source":"OpenStreetMap","osm_ref":"way-781584060"}},{"type":"Feature","id":"camp-osm-way-837332328","geometry":{"type":"Point","coordinates":[7.796242,62.5729]},"properties":{"name":"Romsdalseggen Camping","source":"OpenStreetMap","osm_ref":"way-837332328"}},{"type":"Feature","id":"camp-osm-way-1170501548","geometry":{"type":"Point","coordinates":[8.818743,59.989293]},"properties":{"name":"Sandviken Camping","source":"OpenStreetMap","osm_ref":"way-1170501548"}},{"type":"Feature","id":"camp-osm-way-1201001781","geometry":{"type":"Point","coordinates":[9.05836,60.779878]},"properties":{"name":"Tubbehaugen","source":"OpenStreetMap","osm_ref":"way-1201001781"}},{"type":"Feature","id":"camp-osm-way-1217814875","geometry":{"type":"Point","coordinates":[10.242017,59.097481]},"properties":{"name":"Asnes Camping","source":"OpenStreetMap","osm_ref":"way-1217814875"}},{"type":"Feature","id":"camp-osm-way-1312690044","geometry":{"type":"Point","coordinates":[7.181205,62.10791]},"properties":{"name":"Solhaug Camping","source":"OpenStreetMap","osm_ref":"way-1312690044"}},{"type":"Feature","id":"camp-osm-way-1424118783","geometry":{"type":"Point","coordinates":[14.2355,68.203842]},"properties":{"name":"Rørvika Camp Site","source":"OpenStreetMap","osm_ref":"way-1424118783"}},{"type":"Feature","id":"camp-osm-relation-8224285","geometry":{"type":"Point","coordinates":[8.799193,59.925505]},"properties":{"name":"Tinnsjø kro & camping","source":"OpenStreetMap","osm_ref":"relation-8224285"}},{"type":"Feature","id":"camp-osm-node-1356457938","geometry":{"type":"Point","coordinates":[9.187628,60.340482]},"properties":{"name":"Haglebu Turistheim","source":"OpenStreetMap","osm_ref":"node-1356457938"}},{"type":"Feature","id":"camp-osm-node-3663314301","geometry":{"type":"Point","coordinates":[10.642395,59.962711]},"properties":{"name":"Bogstad Camp & Turistsenter","source":"OpenStreetMap","osm_ref":"node-3663314301"}},{"type":"Feature","id":"camp-osm-node-3663315382","geometry":{"type":"Point","coordinates":[11.682531,59.241873]},"properties":{"name":"Kirkeng Camping","source":"OpenStreetMap","osm_ref":"node-3663315382"}},{"type":"Feature","id":"camp-osm-node-3663315568","geometry":{"type":"Point","coordinates":[11.278614,63.739398]},"properties":{"name":"Levanger Camping","source":"OpenStreetMap","osm_ref":"node-3663315568"}},{"type":"Feature","id":"camp-osm-node-3663315576","geometry":{"type":"Point","coordinates":[7.089855,57.995805]},"properties":{"name":"Lindesnes Camping og Hytteutleie","source":"OpenStreetMap","osm_ref":"node-3663315576"}},{"type":"Feature","id":"camp-osm-node-3663315944","geometry":{"type":"Point","coordinates":[7.721554,62.544682]},"properties":{"name":"Mjelva Camping & Hytter","source":"OpenStreetMap","osm_ref":"node-3663315944"}},{"type":"Feature","id":"camp-osm-node-3663315961","geometry":{"type":"Point","coordinates":[12.2571,65.499901]},"properties":{"name":"Mosheim Camping","source":"OpenStreetMap","osm_ref":"node-3663315961"}},{"type":"Feature","id":"camp-osm-node-3663316014","geometry":{"type":"Point","coordinates":[9.262849,59.38772]},"properties":{"name":"Norsjø Ferieland","source":"OpenStreetMap","osm_ref":"node-3663316014"}},{"type":"Feature","id":"camp-osm-node-3663316023","geometry":{"type":"Point","coordinates":[6.544177,60.053505]},"properties":{"name":"Trolltunga Camping","source":"OpenStreetMap","osm_ref":"node-3663316023"}},{"type":"Feature","id":"camp-osm-node-3663316344","geometry":{"type":"Point","coordinates":[5.179035,59.192934]},"properties":{"name":"Sandhåland Camping","source":"OpenStreetMap","osm_ref":"node-3663316344"}},{"type":"Feature","id":"camp-osm-node-3663316367","geometry":{"type":"Point","coordinates":[6.810845,59.829754]},"properties":{"name":"Seim Camping","source":"OpenStreetMap","osm_ref":"node-3663316367"}},{"type":"Feature","id":"camp-osm-node-3663316420","geometry":{"type":"Point","coordinates":[8.230652,58.12563]},"properties":{"name":"Skottevik Feriesenter","source":"OpenStreetMap","osm_ref":"node-3663316420"}},{"type":"Feature","id":"camp-osm-node-3663317805","geometry":{"type":"Point","coordinates":[6.061833,59.07403]},"properties":{"name":"Wathne Camping","source":"OpenStreetMap","osm_ref":"node-3663317805"}},{"type":"Feature","id":"camp-osm-node-3663317820","geometry":{"type":"Point","coordinates":[10.877679,63.66478]},"properties":{"name":"Åsholmen Camping","source":"OpenStreetMap","osm_ref":"node-3663317820"}},{"type":"Feature","id":"camp-osm-node-3681224833","geometry":{"type":"Point","coordinates":[12.048414,65.075964]},"properties":{"name":"Kjelleidet Camping","source":"OpenStreetMap","osm_ref":"node-3681224833"}},{"type":"Feature","id":"camp-osm-node-8094798031","geometry":{"type":"Point","coordinates":[4.8765,61.762065]},"properties":{"name":"Botnelabo","source":"OpenStreetMap","osm_ref":"node-8094798031"}},{"type":"Feature","id":"camp-osm-node-9775357280","geometry":{"type":"Point","coordinates":[6.379843,59.875975]},"properties":{"name":"Åkrafjorden Glamping","description":"Adgang: customers","source":"OpenStreetMap","osm_ref":"node-9775357280"}},{"type":"Feature","id":"camp-osm-node-9897010859","geometry":{"type":"Point","coordinates":[8.726015,61.152058]},"properties":{"name":"Rogn Camping","source":"OpenStreetMap","osm_ref":"node-9897010859"}},{"type":"Feature","id":"camp-osm-node-12115211607","geometry":{"type":"Point","coordinates":[9.131736,62.071713]},"properties":{"name":"Ljoshaugen camping","source":"OpenStreetMap","osm_ref":"node-12115211607"}},{"type":"Feature","id":"camp-osm-way-64845689","geometry":{"type":"Point","coordinates":[6.757746,61.423605]},"properties":{"name":"Bøyum Camping","source":"OpenStreetMap","osm_ref":"way-64845689"}},{"type":"Feature","id":"camp-osm-way-127064349","geometry":{"type":"Point","coordinates":[9.844792,58.985226]},"properties":{"name":"Omlidstranda Camping","source":"OpenStreetMap","osm_ref":"way-127064349"}},{"type":"Feature","id":"camp-osm-way-162909746","geometry":{"type":"Point","coordinates":[16.06687,69.304495]},"properties":{"name":"Andenes Camping","source":"OpenStreetMap","osm_ref":"way-162909746"}},{"type":"Feature","id":"camp-osm-way-175424875","geometry":{"type":"Point","coordinates":[10.708534,63.433715]},"properties":{"name":"Storsand Gård Camping","source":"OpenStreetMap","osm_ref":"way-175424875"}},{"type":"Feature","id":"camp-osm-way-272488893","geometry":{"type":"Point","coordinates":[6.192096,60.368227]},"properties":{"name":"Hardanger Feriesenter","source":"OpenStreetMap","osm_ref":"way-272488893"}},{"type":"Feature","id":"camp-osm-way-325147376","geometry":{"type":"Point","coordinates":[23.037983,68.997641]},"properties":{"name":"Arctic Motell","source":"OpenStreetMap","osm_ref":"way-325147376"}},{"type":"Feature","id":"camp-osm-way-463202438","geometry":{"type":"Point","coordinates":[7.880736,58.314694]},"properties":{"name":"Bjønndalen Camp","source":"OpenStreetMap","osm_ref":"way-463202438"}},{"type":"Feature","id":"camp-osm-way-737540133","geometry":{"type":"Point","coordinates":[7.071924,60.469063]},"properties":{"name":"Kjærtveit Camping","source":"OpenStreetMap","osm_ref":"way-737540133"}},{"type":"Feature","id":"camp-osm-way-772972402","geometry":{"type":"Point","coordinates":[7.757108,62.493648]},"properties":{"name":"Trollveggen Camping","source":"OpenStreetMap","osm_ref":"way-772972402"}},{"type":"Feature","id":"camp-osm-way-1076210617","geometry":{"type":"Point","coordinates":[5.568903,58.868944]},"properties":{"name":"Ølberg camping","source":"OpenStreetMap","osm_ref":"way-1076210617"}},{"type":"Feature","id":"camp-osm-relation-8040000","geometry":{"type":"Point","coordinates":[5.516356,59.775965]},"properties":{"name":"Sponavik camping","source":"OpenStreetMap","osm_ref":"relation-8040000"}},{"type":"Feature","id":"camp-osm-relation-15822878","geometry":{"type":"Point","coordinates":[6.869953,60.917813]},"properties":{"name":"Nærøyfjorden Camping","source":"OpenStreetMap","osm_ref":"relation-15822878"}},{"type":"Feature","id":"camp-osm-relation-16783921","geometry":{"type":"Point","coordinates":[7.870096,61.093422]},"properties":{"name":"Steinklepp Camping","source":"OpenStreetMap","osm_ref":"relation-16783921"}},{"type":"Feature","id":"camp-osm-node-3663314250","geometry":{"type":"Point","coordinates":[6.30936,58.361859]},"properties":{"name":"Bakkaåno Camping & Gjestegård","source":"OpenStreetMap","osm_ref":"node-3663314250"}},{"type":"Feature","id":"camp-osm-node-3663315566","geometry":{"type":"Point","coordinates":[11.69697,65.081515]},"properties":{"name":"Leka Motell og Camping","source":"OpenStreetMap","osm_ref":"node-3663315566"}},{"type":"Feature","id":"camp-osm-node-3663315624","geometry":{"type":"Point","coordinates":[9.459148,59.704421]},"properties":{"name":"Max Kro & Camping","source":"OpenStreetMap","osm_ref":"node-3663315624"}},{"type":"Feature","id":"camp-osm-node-3663315927","geometry":{"type":"Point","coordinates":[6.816302,61.664648]},"properties":{"name":"Melkevoll Bretun","source":"OpenStreetMap","osm_ref":"node-3663315927"}},{"type":"Feature","id":"camp-osm-node-3663316003","geometry":{"type":"Point","coordinates":[8.529038,61.84984]},"properties":{"name":"Nissegården Hytter og Aktiviteter","source":"OpenStreetMap","osm_ref":"node-3663316003"}},{"type":"Feature","id":"camp-osm-node-3663316410","geometry":{"type":"Point","coordinates":[10.244999,61.844497]},"properties":{"name":"Skogli hytteutleie og Camping Atna","source":"OpenStreetMap","osm_ref":"node-3663316410"}},{"type":"Feature","id":"camp-osm-node-5777403952","geometry":{"type":"Point","coordinates":[20.4918,69.745496]},"properties":{"name":"Artic-Lyngen","source":"OpenStreetMap","osm_ref":"node-5777403952"}},{"type":"Feature","id":"camp-osm-node-6684194085","geometry":{"type":"Point","coordinates":[17.393364,69.479191]},"properties":{"name":"Ersfjordstranda friluftsområde","source":"OpenStreetMap","osm_ref":"node-6684194085"}},{"type":"Feature","id":"camp-osm-node-10798697323","geometry":{"type":"Point","coordinates":[29.872094,70.061036]},"properties":{"name":"Varanger Panorama Camping","source":"OpenStreetMap","osm_ref":"node-10798697323"}},{"type":"Feature","id":"camp-osm-way-37610673","geometry":{"type":"Point","coordinates":[6.71828,60.374475]},"properties":{"name":"Kinsarvik Camping","source":"OpenStreetMap","osm_ref":"way-37610673"}},{"type":"Feature","id":"camp-osm-way-37736854","geometry":{"type":"Point","coordinates":[7.121952,60.425723]},"properties":{"name":"Sæbø Camping","source":"OpenStreetMap","osm_ref":"way-37736854"}},{"type":"Feature","id":"camp-osm-way-75923474","geometry":{"type":"Point","coordinates":[10.211123,63.324647]},"properties":{"name":"Øysand","source":"OpenStreetMap","osm_ref":"way-75923474"}},{"type":"Feature","id":"camp-osm-way-163267189","geometry":{"type":"Point","coordinates":[15.861548,69.204375]},"properties":{"name":"Stave Camping","source":"OpenStreetMap","osm_ref":"way-163267189"}},{"type":"Feature","id":"camp-osm-way-168636200","geometry":{"type":"Point","coordinates":[15.107721,69.019726]},"properties":{"name":"Stø Bobilcamp","source":"OpenStreetMap","osm_ref":"way-168636200"}},{"type":"Feature","id":"camp-osm-way-175780266","geometry":{"type":"Point","coordinates":[8.531317,63.142352]},"properties":{"name":"Valsøytunet","source":"OpenStreetMap","osm_ref":"way-175780266"}},{"type":"Feature","id":"camp-osm-way-189113660","geometry":{"type":"Point","coordinates":[14.923734,68.552341]},"properties":{"name":"Stokmarknes Camping","source":"OpenStreetMap","osm_ref":"way-189113660"}},{"type":"Feature","id":"camp-osm-way-240514804","geometry":{"type":"Point","coordinates":[13.350083,66.782633]},"properties":{"name":"Åmnes Camping","source":"OpenStreetMap","osm_ref":"way-240514804"}},{"type":"Feature","id":"camp-osm-way-317768663","geometry":{"type":"Point","coordinates":[11.351649,62.567661]},"properties":{"name":"Røros camping (previously Håneset camping)","source":"OpenStreetMap","osm_ref":"way-317768663"}},{"type":"Feature","id":"camp-osm-way-370747016","geometry":{"type":"Point","coordinates":[10.7002,60.916142]},"properties":{"name":"Steinvik Camping og Hyttegrend","source":"OpenStreetMap","osm_ref":"way-370747016"}},{"type":"Feature","id":"camp-osm-way-396985502","geometry":{"type":"Point","coordinates":[13.571394,66.056194]},"properties":{"name":"Osen","source":"OpenStreetMap","osm_ref":"way-396985502"}},{"type":"Feature","id":"camp-osm-way-399737293","geometry":{"type":"Point","coordinates":[8.082564,58.19234]},"properties":{"name":"Hamre Familiecamping","source":"OpenStreetMap","osm_ref":"way-399737293"}},{"type":"Feature","id":"camp-osm-way-633925979","geometry":{"type":"Point","coordinates":[7.551167,59.734066]},"properties":{"name":"Tallaksbru Camping","source":"OpenStreetMap","osm_ref":"way-633925979"}},{"type":"Feature","id":"camp-osm-way-678688902","geometry":{"type":"Point","coordinates":[7.347252,62.952317]},"properties":{"name":"Akslia Camping","source":"OpenStreetMap","osm_ref":"way-678688902"}},{"type":"Feature","id":"camp-osm-way-783369435","geometry":{"type":"Point","coordinates":[9.10563,62.542125]},"properties":{"name":"Gjøra Kro & Camping","source":"OpenStreetMap","osm_ref":"way-783369435"}},{"type":"Feature","id":"camp-osm-way-788179121","geometry":{"type":"Point","coordinates":[9.919476,59.772677]},"properties":{"name":"Hokksund Camping","source":"OpenStreetMap","osm_ref":"way-788179121"}},{"type":"Feature","id":"camp-osm-way-832396284","geometry":{"type":"Point","coordinates":[8.720747,62.977261]},"properties":{"name":"Brekkøya Camping","source":"OpenStreetMap","osm_ref":"way-832396284"}},{"type":"Feature","id":"camp-osm-way-833005135","geometry":{"type":"Point","coordinates":[10.265885,63.151773]},"properties":{"name":"Valdøyan Camping","source":"OpenStreetMap","osm_ref":"way-833005135"}},{"type":"Feature","id":"camp-osm-way-856718347","geometry":{"type":"Point","coordinates":[9.701601,59.009752]},"properties":{"name":"Rognstranda Camping","source":"OpenStreetMap","osm_ref":"way-856718347"}},{"type":"Feature","id":"camp-osm-way-866303888","geometry":{"type":"Point","coordinates":[4.948367,61.272341]},"properties":{"name":"Lammetun Ferie og Fritid","description":"Adgang: customers","source":"OpenStreetMap","osm_ref":"way-866303888"}},{"type":"Feature","id":"camp-osm-way-1020277829","geometry":{"type":"Point","coordinates":[6.911598,61.851557]},"properties":{"name":"Sande Camping","source":"OpenStreetMap","osm_ref":"way-1020277829"}},{"type":"Feature","id":"camp-osm-way-1202388625","geometry":{"type":"Point","coordinates":[22.022177,70.008664]},"properties":{"name":"Arctic FjordCamp","source":"OpenStreetMap","osm_ref":"way-1202388625"}},{"type":"Feature","id":"camp-osm-way-1307063653","geometry":{"type":"Point","coordinates":[5.464072,59.223086]},"properties":{"name":"Austre Bokn Camping","source":"OpenStreetMap","osm_ref":"way-1307063653"}},{"type":"Feature","id":"camp-osm-way-1420252256","geometry":{"type":"Point","coordinates":[9.346454,62.587114]},"properties":{"name":"Furulund Camping","source":"OpenStreetMap","osm_ref":"way-1420252256"}},{"type":"Feature","id":"camp-osm-relation-17476301","geometry":{"type":"Point","coordinates":[10.201726,63.450189]},"properties":{"name":"Flakk Camping","source":"OpenStreetMap","osm_ref":"relation-17476301"}},{"type":"Feature","id":"camp-osm-relation-20425104","geometry":{"type":"Point","coordinates":[10.237594,59.559391]},"properties":{"name":"Holm Brygge","source":"OpenStreetMap","osm_ref":"relation-20425104"}},{"type":"Feature","id":"camp-osm-node-285932712","geometry":{"type":"Point","coordinates":[8.632609,61.489293]},"properties":{"name":"Memurubu","source":"OpenStreetMap","osm_ref":"node-285932712"}},{"type":"Feature","id":"camp-osm-node-3110881016","geometry":{"type":"Point","coordinates":[19.016531,69.648302]},"properties":{"name":"Tromsdalen Lodge & Camping","source":"OpenStreetMap","osm_ref":"node-3110881016"}},{"type":"Feature","id":"camp-osm-node-3663314970","geometry":{"type":"Point","coordinates":[9.750265,63.087165]},"properties":{"name":"Frilsjøen Camping","source":"OpenStreetMap","osm_ref":"node-3663314970"}},{"type":"Feature","id":"camp-osm-node-3663315314","geometry":{"type":"Point","coordinates":[6.170126,59.233303]},"properties":{"name":"Hjelmeland Camping og Hostel","source":"OpenStreetMap","osm_ref":"node-3663315314"}},{"type":"Feature","id":"camp-osm-node-3663315347","geometry":{"type":"Point","coordinates":[10.439067,61.222556]},"properties":{"name":"Hunderfossen Camping","source":"OpenStreetMap","osm_ref":"node-3663315347"}},{"type":"Feature","id":"camp-osm-node-3663315361","geometry":{"type":"Point","coordinates":[6.714196,61.618468]},"properties":{"name":"Høyseth Camping","source":"OpenStreetMap","osm_ref":"node-3663315361"}},{"type":"Feature","id":"camp-osm-node-3663315420","geometry":{"type":"Point","coordinates":[18.217016,69.120216]},"properties":{"name":"Krogstadtunet","source":"OpenStreetMap","osm_ref":"node-3663315420"}},{"type":"Feature","id":"camp-osm-node-3663315608","geometry":{"type":"Point","coordinates":[6.81019,61.813233]},"properties":{"name":"Løken Camping","source":"OpenStreetMap","osm_ref":"node-3663315608"}},{"type":"Feature","id":"camp-osm-node-3663315975","geometry":{"type":"Point","coordinates":[15.855858,67.708512]},"properties":{"name":"Mørsvikbotn Camping","source":"OpenStreetMap","osm_ref":"node-3663315975"}},{"type":"Feature","id":"camp-osm-node-3663316011","geometry":{"type":"Point","coordinates":[5.452345,61.940815]},"properties":{"name":"Fjordsight Resort","source":"OpenStreetMap","osm_ref":"node-3663316011"}},{"type":"Feature","id":"camp-osm-node-3663316012","geometry":{"type":"Point","coordinates":[9.017305,60.169111]},"properties":{"name":"Norefjord Camping","source":"OpenStreetMap","osm_ref":"node-3663316012"}},{"type":"Feature","id":"camp-osm-node-3663316404","geometry":{"type":"Point","coordinates":[5.627935,59.423168]},"properties":{"name":"Skjoldastraumen Camping & Marina","source":"OpenStreetMap","osm_ref":"node-3663316404"}},{"type":"Feature","id":"camp-osm-node-3663316418","geometry":{"type":"Point","coordinates":[5.008869,60.321707]},"properties":{"name":"Skogtun Camping","source":"OpenStreetMap","osm_ref":"node-3663316418"}},{"type":"Feature","id":"camp-osm-node-3663316814","geometry":{"type":"Point","coordinates":[12.087246,64.174867]},"properties":{"name":"Strindmo Gård og Camping","source":"OpenStreetMap","osm_ref":"node-3663316814"}},{"type":"Feature","id":"camp-osm-node-3663317197","geometry":{"type":"Point","coordinates":[7.671107,62.499071]},"properties":{"name":"Trollstigen Camping & Gjestegård","source":"OpenStreetMap","osm_ref":"node-3663317197"}},{"type":"Feature","id":"camp-osm-node-9911142848","geometry":{"type":"Point","coordinates":[11.432358,64.688007]},"properties":{"name":"Salsnes camping","source":"OpenStreetMap","osm_ref":"node-9911142848"}},{"type":"Feature","id":"camp-osm-node-12042085604","geometry":{"type":"Point","coordinates":[17.106708,69.381859]},"properties":{"name":"Ballesvika","source":"OpenStreetMap","osm_ref":"node-12042085604"}},{"type":"Feature","id":"camp-osm-node-13011888523","geometry":{"type":"Point","coordinates":[13.88436,65.668157]},"properties":{"name":"Villmarksgård Camping","source":"OpenStreetMap","osm_ref":"node-13011888523"}},{"type":"Feature","id":"camp-osm-way-172488980","geometry":{"type":"Point","coordinates":[23.272992,69.927416]},"properties":{"name":"Alta Strand","source":"OpenStreetMap","osm_ref":"way-172488980"}},{"type":"Feature","id":"camp-osm-way-199040661","geometry":{"type":"Point","coordinates":[6.724824,60.376873]},"properties":{"name":"Mikkelparken Ferietun","source":"OpenStreetMap","osm_ref":"way-199040661"}},{"type":"Feature","id":"camp-osm-way-199549529","geometry":{"type":"Point","coordinates":[5.624339,62.404219]},"properties":{"name":"Goksøyr camping","source":"OpenStreetMap","osm_ref":"way-199549529"}},{"type":"Feature","id":"camp-osm-way-202582264","geometry":{"type":"Point","coordinates":[9.629146,62.548173]},"properties":{"name":"Granmo Camping","source":"OpenStreetMap","osm_ref":"way-202582264"}},{"type":"Feature","id":"camp-osm-way-202875973","geometry":{"type":"Point","coordinates":[10.77455,62.279983]},"properties":{"name":"Tynset Rom og Camping","source":"OpenStreetMap","osm_ref":"way-202875973"}},{"type":"Feature","id":"camp-osm-way-255123461","geometry":{"type":"Point","coordinates":[25.811415,71.107697]},"properties":{"name":"BaseCamp NorthCape","source":"OpenStreetMap","osm_ref":"way-255123461"}},{"type":"Feature","id":"camp-osm-way-301800215","geometry":{"type":"Point","coordinates":[7.774621,58.551015]},"properties":{"name":"Mineralparken","source":"OpenStreetMap","osm_ref":"way-301800215"}},{"type":"Feature","id":"camp-osm-way-329845443","geometry":{"type":"Point","coordinates":[22.091381,70.029245]},"properties":{"name":"Alteidet Camping","source":"OpenStreetMap","osm_ref":"way-329845443"}},{"type":"Feature","id":"camp-osm-way-397613437","geometry":{"type":"Point","coordinates":[13.399835,65.444552]},"properties":{"name":"Svenningdal Camping","source":"OpenStreetMap","osm_ref":"way-397613437"}},{"type":"Feature","id":"camp-osm-way-430898574","geometry":{"type":"Point","coordinates":[7.691399,62.518178]},"properties":{"name":"Trollstigen-Resort","source":"OpenStreetMap","osm_ref":"way-430898574"}},{"type":"Feature","id":"camp-osm-way-508256596","geometry":{"type":"Point","coordinates":[8.709988,59.902221]},"properties":{"name":"Rjukan Hytte og Caravanpark","source":"OpenStreetMap","osm_ref":"way-508256596"}},{"type":"Feature","id":"camp-osm-way-710286415","geometry":{"type":"Point","coordinates":[8.65178,59.485948]},"properties":{"name":"Seljord Camping","source":"OpenStreetMap","osm_ref":"way-710286415"}},{"type":"Feature","id":"camp-osm-way-788054452","geometry":{"type":"Point","coordinates":[12.271627,65.956566]},"properties":{"name":"Herøy Caravan","source":"OpenStreetMap","osm_ref":"way-788054452"}},{"type":"Feature","id":"camp-osm-way-896249788","geometry":{"type":"Point","coordinates":[19.591788,68.995357]},"properties":{"name":"Rostadalen Camping","source":"OpenStreetMap","osm_ref":"way-896249788"}},{"type":"Feature","id":"camp-osm-way-1035868031","geometry":{"type":"Point","coordinates":[7.205781,60.899866]},"properties":{"name":"Lunde Camping","source":"OpenStreetMap","osm_ref":"way-1035868031"}},{"type":"Feature","id":"camp-osm-way-1155106976","geometry":{"type":"Point","coordinates":[10.2933,63.040489]},"properties":{"name":"Støren Camping","source":"OpenStreetMap","osm_ref":"way-1155106976"}},{"type":"Feature","id":"camp-osm-way-1290820833","geometry":{"type":"Point","coordinates":[8.849415,63.620427]},"properties":{"name":"Strømsvik Fiskecamp","source":"OpenStreetMap","osm_ref":"way-1290820833"}},{"type":"Feature","id":"camp-osm-way-1315209084","geometry":{"type":"Point","coordinates":[6.568447,62.213115]},"properties":{"name":"Urke Camping","source":"OpenStreetMap","osm_ref":"way-1315209084"}},{"type":"Feature","id":"camp-osm-way-1356652332","geometry":{"type":"Point","coordinates":[5.729026,62.087139]},"properties":{"name":"Notaplassen harbor","description":"Adgang: customers","source":"OpenStreetMap","osm_ref":"way-1356652332"}},{"type":"Feature","id":"camp-osm-relation-3773221","geometry":{"type":"Point","coordinates":[10.143637,62.91749]},"properties":{"name":"Gullvåg Camping","source":"OpenStreetMap","osm_ref":"relation-3773221"}},{"type":"Feature","id":"camp-osm-relation-5742957","geometry":{"type":"Point","coordinates":[7.122076,61.211809]},"properties":{"name":"Kjørnes Camping","source":"OpenStreetMap","osm_ref":"relation-5742957"}},{"type":"Feature","id":"camp-osm-relation-5838003","geometry":{"type":"Point","coordinates":[6.616071,58.114832]},"properties":{"name":"Lista Flypark Camping","source":"OpenStreetMap","osm_ref":"relation-5838003"}},{"type":"Feature","id":"camp-osm-relation-9388930","geometry":{"type":"Point","coordinates":[7.702589,62.551936]},"properties":{"name":"Åndalsnes Camping & Motell","source":"OpenStreetMap","osm_ref":"relation-9388930"}},{"type":"Feature","id":"camp-osm-relation-11629760","geometry":{"type":"Point","coordinates":[14.424102,66.402032]},"properties":{"name":"Storli Camping","source":"OpenStreetMap","osm_ref":"relation-11629760"}},{"type":"Feature","id":"camp-osm-relation-13404092","geometry":{"type":"Point","coordinates":[6.622418,61.145145]},"properties":{"name":"Tveit Camping","source":"OpenStreetMap","osm_ref":"relation-13404092"}},{"type":"Feature","id":"camp-osm-relation-19687720","geometry":{"type":"Point","coordinates":[5.892763,61.44992]},"properties":{"name":"Førde Gjestehus og Camping","source":"OpenStreetMap","osm_ref":"relation-19687720"}},{"type":"Feature","id":"camp-osm-relation-20252132","geometry":{"type":"Point","coordinates":[6.5074,61.72967]},"properties":{"name":"Byrkjelo Camping","source":"OpenStreetMap","osm_ref":"relation-20252132"}},{"type":"Feature","id":"camp-osm-node-451952330","geometry":{"type":"Point","coordinates":[5.799041,58.889119]},"properties":{"name":"Gramstad","source":"OpenStreetMap","osm_ref":"node-451952330"}},{"type":"Feature","id":"camp-osm-node-3118626866","geometry":{"type":"Point","coordinates":[4.903445,60.920253]},"properties":{"name":"Mjømna Kystcamp","source":"OpenStreetMap","osm_ref":"node-3118626866"}},{"type":"Feature","id":"camp-osm-node-3663314323","geometry":{"type":"Point","coordinates":[20.361005,69.322711]},"properties":{"name":"Brennfjell camping","source":"OpenStreetMap","osm_ref":"node-3663314323"}},{"type":"Feature","id":"camp-osm-node-3663314936","geometry":{"type":"Point","coordinates":[5.443357,59.512961]},"properties":{"name":"Camp Ålfjorden","source":"OpenStreetMap","osm_ref":"node-3663314936"}},{"type":"Feature","id":"camp-osm-node-3663314949","geometry":{"type":"Point","coordinates":[11.338587,63.458461]},"properties":{"name":"Flora Camping","source":"OpenStreetMap","osm_ref":"node-3663314949"}},{"type":"Feature","id":"camp-osm-node-3663315238","geometry":{"type":"Point","coordinates":[7.470626,62.328781]},"properties":{"name":"Gudbrandsjuvet Camping","source":"OpenStreetMap","osm_ref":"node-3663315238"}},{"type":"Feature","id":"camp-osm-node-3663315291","geometry":{"type":"Point","coordinates":[9.869384,61.575975]},"properties":{"name":"Heggerud Gård og Camping","source":"OpenStreetMap","osm_ref":"node-3663315291"}},{"type":"Feature","id":"camp-osm-node-3663315559","geometry":{"type":"Point","coordinates":[5.706405,62.313845]},"properties":{"name":"Lanternen","source":"OpenStreetMap","osm_ref":"node-3663315559"}},{"type":"Feature","id":"camp-osm-node-3663315592","geometry":{"type":"Point","coordinates":[6.548609,60.427273]},"properties":{"name":"Lothe Camping og Badeplass - Closed","source":"OpenStreetMap","osm_ref":"node-3663315592"}},{"type":"Feature","id":"camp-osm-node-3663315932","geometry":{"type":"Point","coordinates":[6.098903,60.675871]},"properties":{"name":"Mestad Camping","source":"OpenStreetMap","osm_ref":"node-3663315932"}},{"type":"Feature","id":"camp-osm-node-3663315984","geometry":{"type":"Point","coordinates":[5.171614,60.843171]},"properties":{"name":"Nautesund Camping Og Hytter","source":"OpenStreetMap","osm_ref":"node-3663315984"}},{"type":"Feature","id":"camp-osm-node-3663316180","geometry":{"type":"Point","coordinates":[8.392031,61.717537]},"properties":{"name":"Raubergstulen Motell & Camping","source":"OpenStreetMap","osm_ref":"node-3663316180"}},{"type":"Feature","id":"camp-osm-node-3663316220","geometry":{"type":"Point","coordinates":[14.323986,66.357375]},"properties":{"name":"Røssvoll Camping","source":"OpenStreetMap","osm_ref":"node-3663316220"}},{"type":"Feature","id":"camp-osm-node-3663316372","geometry":{"type":"Point","coordinates":[8.64062,59.481422]},"properties":{"name":"Seljord Ferieland","source":"OpenStreetMap","osm_ref":"node-3663316372"}},{"type":"Feature","id":"camp-osm-node-3663316412","geometry":{"type":"Point","coordinates":[7.329709,62.329329]},"properties":{"name":"Skoglund Camping I","source":"OpenStreetMap","osm_ref":"node-3663316412"}},{"type":"Feature","id":"camp-osm-node-3663316416","geometry":{"type":"Point","coordinates":[12.354248,65.471651]},"properties":{"name":"Skogmo Familiecamping","source":"OpenStreetMap","osm_ref":"node-3663316416"}},{"type":"Feature","id":"camp-osm-node-3663316423","geometry":{"type":"Point","coordinates":[6.817955,59.831886]},"properties":{"name":"Skysstasjonen Røldal","source":"OpenStreetMap","osm_ref":"node-3663316423"}},{"type":"Feature","id":"camp-osm-node-3663316725","geometry":{"type":"Point","coordinates":[9.4577,61.548829]},"properties":{"name":"Skåbu Hytter og Camping","source":"OpenStreetMap","osm_ref":"node-3663316725"}},{"type":"Feature","id":"camp-osm-node-3663316754","geometry":{"type":"Point","coordinates":[7.140384,62.195626]},"properties":{"name":"Solvang Camping","source":"OpenStreetMap","osm_ref":"node-3663316754"}},{"type":"Feature","id":"camp-osm-node-3663316779","geometry":{"type":"Point","coordinates":[5.135205,61.917001]},"properties":{"name":"Steinvik Camping","source":"OpenStreetMap","osm_ref":"node-3663316779"}},{"type":"Feature","id":"camp-osm-node-3663316782","geometry":{"type":"Point","coordinates":[11.578615,63.773164]},"properties":{"name":"Stiklestad Camping","source":"OpenStreetMap","osm_ref":"node-3663316782"}},{"type":"Feature","id":"camp-osm-node-3663316787","geometry":{"type":"Point","coordinates":[6.985456,62.378272]},"properties":{"name":"Stordal camping","source":"OpenStreetMap","osm_ref":"node-3663316787"}},{"type":"Feature","id":"camp-osm-node-3663316803","geometry":{"type":"Point","coordinates":[8.334894,61.880049]},"properties":{"name":"Storøya Camping","source":"OpenStreetMap","osm_ref":"node-3663316803"}},{"type":"Feature","id":"camp-osm-node-3663317166","geometry":{"type":"Point","coordinates":[8.767323,62.980358]},"properties":{"name":"Tellesbø Fiskecamp","source":"OpenStreetMap","osm_ref":"node-3663317166"}},{"type":"Feature","id":"camp-osm-node-3663317190","geometry":{"type":"Point","coordinates":[12.965265,65.327202]},"properties":{"name":"Tosbotn Camping","source":"OpenStreetMap","osm_ref":"node-3663317190"}},{"type":"Feature","id":"camp-osm-node-3663317216","geometry":{"type":"Point","coordinates":[6.164863,59.102757]},"properties":{"name":"Tysdal Camping","source":"OpenStreetMap","osm_ref":"node-3663317216"}},{"type":"Feature","id":"camp-osm-node-3663317218","geometry":{"type":"Point","coordinates":[15.874466,67.90705]},"properties":{"name":"Tømmerneset Camping","source":"OpenStreetMap","osm_ref":"node-3663317218"}},{"type":"Feature","id":"camp-osm-node-3663317781","geometry":{"type":"Point","coordinates":[8.943662,62.993732]},"properties":{"name":"Vindøla Camping","source":"OpenStreetMap","osm_ref":"node-3663317781"}},{"type":"Feature","id":"camp-osm-node-3711795250","geometry":{"type":"Point","coordinates":[6.41808,58.876653]},"properties":{"name":"Månavatn","source":"OpenStreetMap","osm_ref":"node-3711795250"}},{"type":"Feature","id":"camp-osm-node-4246222484","geometry":{"type":"Point","coordinates":[10.546529,64.135823]},"properties":{"name":"Lonin Gård og Camping","source":"OpenStreetMap","osm_ref":"node-4246222484"}},{"type":"Feature","id":"camp-osm-node-4347088958","geometry":{"type":"Point","coordinates":[6.125826,61.90454]},"properties":{"name":"Nesjartun Camping","source":"OpenStreetMap","osm_ref":"node-4347088958"}},{"type":"Feature","id":"camp-osm-node-5709045206","geometry":{"type":"Point","coordinates":[14.337446,68.18945]},"properties":{"name":"Kalle","source":"OpenStreetMap","osm_ref":"node-5709045206"}},{"type":"Feature","id":"camp-osm-node-6596037246","geometry":{"type":"Point","coordinates":[13.531284,68.077232]},"properties":{"name":"Sjøstrand Rorbuer","source":"OpenStreetMap","osm_ref":"node-6596037246"}},{"type":"Feature","id":"camp-osm-node-6716474992","geometry":{"type":"Point","coordinates":[6.460104,59.480692]},"properties":{"name":"Lindum Camping","source":"OpenStreetMap","osm_ref":"node-6716474992"}},{"type":"Feature","id":"camp-osm-node-8202098444","geometry":{"type":"Point","coordinates":[9.897768,59.68434]},"properties":{"name":"Søndre Hamre Camping","source":"OpenStreetMap","osm_ref":"node-8202098444"}},{"type":"Feature","id":"camp-osm-node-8414460718","geometry":{"type":"Point","coordinates":[4.936286,61.836276]},"properties":{"name":"Iglandsvik marina","description":"Adgang: customers","source":"OpenStreetMap","osm_ref":"node-8414460718"}},{"type":"Feature","id":"camp-osm-node-11963282851","geometry":{"type":"Point","coordinates":[15.093439,66.462599]},"properties":{"name":"Krokstrand Fjellpark","source":"OpenStreetMap","osm_ref":"node-11963282851"}},{"type":"Feature","id":"camp-osm-node-13069471167","geometry":{"type":"Point","coordinates":[8.409667,61.631451]},"properties":{"name":"Spiterstulen","source":"OpenStreetMap","osm_ref":"node-13069471167"}},{"type":"Feature","id":"camp-osm-way-38498761","geometry":{"type":"Point","coordinates":[10.463228,61.101481]},"properties":{"name":"Lillehammer Camping","source":"OpenStreetMap","osm_ref":"way-38498761"}},{"type":"Feature","id":"camp-osm-way-160270590","geometry":{"type":"Point","coordinates":[5.18146,62.160444]},"properties":{"name":"Vestkapp Camping","source":"OpenStreetMap","osm_ref":"way-160270590"}},{"type":"Feature","id":"camp-osm-way-162909745","geometry":{"type":"Point","coordinates":[15.96532,69.275916]},"properties":{"name":"Midnattsol Camping","source":"OpenStreetMap","osm_ref":"way-162909745"}},{"type":"Feature","id":"camp-osm-way-164080669","geometry":{"type":"Point","coordinates":[17.913851,68.679424]},"properties":{"name":"Lapphaugen Turiststasjon","source":"OpenStreetMap","osm_ref":"way-164080669"}},{"type":"Feature","id":"camp-osm-way-172489100","geometry":{"type":"Point","coordinates":[23.270267,69.92794]},"properties":{"name":"Camp Alta","source":"OpenStreetMap","osm_ref":"way-172489100"}},{"type":"Feature","id":"camp-osm-way-175726712","geometry":{"type":"Point","coordinates":[15.390003,68.702721]},"properties":{"name":"Sortland Camping og Motell","source":"OpenStreetMap","osm_ref":"way-175726712"}},{"type":"Feature","id":"camp-osm-way-186400087","geometry":{"type":"Point","coordinates":[6.197043,62.469318]},"properties":{"name":"Volsdalen Camping","source":"OpenStreetMap","osm_ref":"way-186400087"}},{"type":"Feature","id":"camp-osm-way-244936669","geometry":{"type":"Point","coordinates":[11.743267,59.369177]},"properties":{"name":"Rørvik Camping","source":"OpenStreetMap","osm_ref":"way-244936669"}},{"type":"Feature","id":"camp-osm-way-316260197","geometry":{"type":"Point","coordinates":[21.184764,69.830803]},"properties":{"name":"Sandnes Camping","source":"OpenStreetMap","osm_ref":"way-316260197"}},{"type":"Feature","id":"camp-osm-way-325094733","geometry":{"type":"Point","coordinates":[23.088351,68.946922]},"properties":{"name":"Kautokeino Fritidssenter og Camping","source":"OpenStreetMap","osm_ref":"way-325094733"}},{"type":"Feature","id":"camp-osm-way-330586898","geometry":{"type":"Point","coordinates":[16.517189,68.568973]},"properties":{"name":"Sandtorgholmen Camping & Marina","source":"OpenStreetMap","osm_ref":"way-330586898"}},{"type":"Feature","id":"camp-osm-way-330638854","geometry":{"type":"Point","coordinates":[15.729965,68.532319]},"properties":{"name":"Gullesfjordbotn Camping","source":"OpenStreetMap","osm_ref":"way-330638854"}},{"type":"Feature","id":"camp-osm-way-355135948","geometry":{"type":"Point","coordinates":[27.107619,70.460199]},"properties":{"name":"Ifjord Camping & Cafe","source":"OpenStreetMap","osm_ref":"way-355135948"}},{"type":"Feature","id":"camp-osm-way-370446805","geometry":{"type":"Point","coordinates":[10.556951,60.374981]},"properties":{"name":"Nordtangen leirsted","source":"OpenStreetMap","osm_ref":"way-370446805"}},{"type":"Feature","id":"camp-osm-way-398373809","geometry":{"type":"Point","coordinates":[11.577337,64.109606]},"properties":{"name":"Føllingstua","source":"OpenStreetMap","osm_ref":"way-398373809"}},{"type":"Feature","id":"camp-osm-way-427011832","geometry":{"type":"Point","coordinates":[6.307374,58.362541]},"properties":{"name":"Bakkaåno Camping & Gjestegård","source":"OpenStreetMap","osm_ref":"way-427011832"}},{"type":"Feature","id":"camp-osm-way-477627449","geometry":{"type":"Point","coordinates":[9.742348,63.699834]},"properties":{"name":"Austrått Camping","source":"OpenStreetMap","osm_ref":"way-477627449"}},{"type":"Feature","id":"camp-osm-way-565155810","geometry":{"type":"Point","coordinates":[6.311423,59.640896]},"properties":{"name":"Sauda Fjord Camping","source":"OpenStreetMap","osm_ref":"way-565155810"}},{"type":"Feature","id":"camp-osm-way-580264006","geometry":{"type":"Point","coordinates":[20.266243,69.392506]},"properties":{"name":"Skibotn Camping","source":"OpenStreetMap","osm_ref":"way-580264006"}},{"type":"Feature","id":"camp-osm-way-648848584","geometry":{"type":"Point","coordinates":[11.410827,63.838748]},"properties":{"name":"Koa Camping","source":"OpenStreetMap","osm_ref":"way-648848584"}},{"type":"Feature","id":"camp-osm-way-653541909","geometry":{"type":"Point","coordinates":[9.183078,59.38306]},"properties":{"name":"Teksten Barnas Camping","source":"OpenStreetMap","osm_ref":"way-653541909"}},{"type":"Feature","id":"camp-osm-way-672728331","geometry":{"type":"Point","coordinates":[7.294669,62.316844]},"properties":{"name":"Valldal Camping","source":"OpenStreetMap","osm_ref":"way-672728331"}},{"type":"Feature","id":"camp-osm-way-775414565","geometry":{"type":"Point","coordinates":[8.454264,61.871959]},"properties":{"name":"Gjeilo Camping","source":"OpenStreetMap","osm_ref":"way-775414565"}},{"type":"Feature","id":"camp-osm-way-777543773","geometry":{"type":"Point","coordinates":[12.104014,65.306296]},"properties":{"name":"Bjørnvika Natursenter","source":"OpenStreetMap","osm_ref":"way-777543773"}},{"type":"Feature","id":"camp-osm-way-825173090","geometry":{"type":"Point","coordinates":[7.444545,58.019838]},"properties":{"name":"Teltområde","source":"OpenStreetMap","osm_ref":"way-825173090"}},{"type":"Feature","id":"camp-osm-way-942158435","geometry":{"type":"Point","coordinates":[5.017623,60.562373]},"properties":{"name":"Io Friluftsområde","source":"OpenStreetMap","osm_ref":"way-942158435"}},{"type":"Feature","id":"camp-osm-way-1311504075","geometry":{"type":"Point","coordinates":[8.237643,60.544015]},"properties":{"name":"Øen Turistsenter og Geilo Vandrerhjem","source":"OpenStreetMap","osm_ref":"way-1311504075"}},{"type":"Feature","id":"camp-osm-way-1324190998","geometry":{"type":"Point","coordinates":[11.783847,61.908378]},"properties":{"name":"Isterfossen Camp & fritid","source":"OpenStreetMap","osm_ref":"way-1324190998"}},{"type":"Feature","id":"camp-osm-way-1412492790","geometry":{"type":"Point","coordinates":[6.466345,59.414109]},"properties":{"name":"Gullingen Turistsenter","source":"OpenStreetMap","osm_ref":"way-1412492790"}},{"type":"Feature","id":"camp-osm-way-1418163870","geometry":{"type":"Point","coordinates":[7.105021,60.951012]},"properties":{"name":"Undredal Camping","source":"OpenStreetMap","osm_ref":"way-1418163870"}},{"type":"Feature","id":"camp-osm-relation-6122542","geometry":{"type":"Point","coordinates":[5.714585,58.952382]},"properties":{"name":"Stavanger Camping Mosvangen","source":"OpenStreetMap","osm_ref":"relation-6122542"}},{"type":"Feature","id":"camp-osm-relation-7296897","geometry":{"type":"Point","coordinates":[7.265541,62.313524]},"properties":{"name":"Jemtegård Feriesenter","source":"OpenStreetMap","osm_ref":"relation-7296897"}},{"type":"Feature","id":"camp-osm-relation-16624612","geometry":{"type":"Point","coordinates":[6.886111,61.933613]},"properties":{"name":"Mindresunde Camping","source":"OpenStreetMap","osm_ref":"relation-16624612"}},{"type":"Feature","id":"camp-osm-relation-17897347","geometry":{"type":"Point","coordinates":[8.27239,61.883721]},"properties":{"name":"Mogard Gardsmat","source":"OpenStreetMap","osm_ref":"relation-17897347"}},{"type":"Feature","id":"camp-osm-relation-20411234","geometry":{"type":"Point","coordinates":[8.863166,59.435139]},"properties":{"name":"Hegna Camping","source":"OpenStreetMap","osm_ref":"relation-20411234"}},{"type":"Feature","id":"camp-osm-node-937032309","geometry":{"type":"Point","coordinates":[10.237278,61.833918]},"properties":{"name":"Rondetunet friluftsenter","description":"Adgang: permissive","source":"OpenStreetMap","osm_ref":"node-937032309"}},{"type":"Feature","id":"camp-osm-node-3472679542","geometry":{"type":"Point","coordinates":[11.309227,60.093732]},"properties":{"name":"Bålplass","source":"OpenStreetMap","osm_ref":"node-3472679542"}},{"type":"Feature","id":"camp-osm-node-3663314233","geometry":{"type":"Point","coordinates":[7.266224,61.17723]},"properties":{"name":"Amlesanden","source":"OpenStreetMap","osm_ref":"node-3663314233"}},{"type":"Feature","id":"camp-osm-node-3663314245","geometry":{"type":"Point","coordinates":[9.389925,60.916391]},"properties":{"name":"Aurdal Fjordcamping og Hytter","source":"OpenStreetMap","osm_ref":"node-3663314245"}},{"type":"Feature","id":"camp-osm-node-3663314260","geometry":{"type":"Point","coordinates":[8.920257,61.240743]},"properties":{"name":"Beitostølen Camping og Hytter","source":"OpenStreetMap","osm_ref":"node-3663314260"}},{"type":"Feature","id":"camp-osm-node-3663314274","geometry":{"type":"Point","coordinates":[5.353116,61.171294]},"properties":{"name":"Birkeland Camping","source":"OpenStreetMap","osm_ref":"node-3663314274"}},{"type":"Feature","id":"camp-osm-node-3663314324","geometry":{"type":"Point","coordinates":[9.648386,58.973406]},"properties":{"name":"Brevigstrand Skjærgårdscamping","source":"OpenStreetMap","osm_ref":"node-3663314324"}},{"type":"Feature","id":"camp-osm-node-3663314546","geometry":{"type":"Point","coordinates":[9.063204,59.444464]},"properties":{"name":"Bø Camping","source":"OpenStreetMap","osm_ref":"node-3663314546"}},{"type":"Feature","id":"camp-osm-node-3663314556","geometry":{"type":"Point","coordinates":[7.255048,62.068615]},"properties":{"name":"Dalen Gaard Camping & Hytter","source":"OpenStreetMap","osm_ref":"node-3663314556"}},{"type":"Feature","id":"camp-osm-node-3663314587","geometry":{"type":"Point","coordinates":[28.193429,70.199407]},"properties":{"name":"Tana Hotel og Camping","source":"OpenStreetMap","osm_ref":"node-3663314587"}},{"type":"Feature","id":"camp-osm-node-3663314604","geometry":{"type":"Point","coordinates":[7.796015,58.46663]},"properties":{"name":"Kilefjorden Camping","source":"OpenStreetMap","osm_ref":"node-3663314604"}},{"type":"Feature","id":"camp-osm-node-3663314618","geometry":{"type":"Point","coordinates":[7.775991,58.575184]},"properties":{"name":"Fennefoss Camping og Hytteutleie","source":"OpenStreetMap","osm_ref":"node-3663314618"}},{"type":"Feature","id":"camp-osm-node-3663314946","geometry":{"type":"Point","coordinates":[8.408162,58.642526]},"properties":{"name":"Flateland Camping og badeplass","source":"OpenStreetMap","osm_ref":"node-3663314946"}},{"type":"Feature","id":"camp-osm-node-3663315010","geometry":{"type":"Point","coordinates":[7.379434,62.333405]},"properties":{"name":"Gjerde camping","source":"OpenStreetMap","osm_ref":"node-3663315010"}},{"type":"Feature","id":"camp-osm-node-3663315248","geometry":{"type":"Point","coordinates":[9.541621,59.189836]},"properties":{"name":"Gåsodden Camping","source":"OpenStreetMap","osm_ref":"node-3663315248"}},{"type":"Feature","id":"camp-osm-node-3663315267","geometry":{"type":"Point","coordinates":[14.664436,68.280131]},"properties":{"name":"Hammerstad Camping","source":"OpenStreetMap","osm_ref":"node-3663315267"}},{"type":"Feature","id":"camp-osm-node-3663315332","geometry":{"type":"Point","coordinates":[9.212515,61.863507]},"properties":{"name":"Holungsøy Camping","source":"OpenStreetMap","osm_ref":"node-3663315332"}},{"type":"Feature","id":"camp-osm-node-3663315352","geometry":{"type":"Point","coordinates":[10.928019,59.079968]},"properties":{"name":"Hvaler Camping","source":"OpenStreetMap","osm_ref":"node-3663315352"}},{"type":"Feature","id":"camp-osm-node-3663315414","geometry":{"type":"Point","coordinates":[7.584821,62.56818]},"properties":{"name":"Korsbakken Camping","source":"OpenStreetMap","osm_ref":"node-3663315414"}},{"type":"Feature","id":"camp-osm-node-3663315530","geometry":{"type":"Point","coordinates":[6.609856,60.471861]},"properties":{"name":"Kvanndal Camping","source":"OpenStreetMap","osm_ref":"node-3663315530"}},{"type":"Feature","id":"camp-osm-node-3663315540","geometry":{"type":"Point","coordinates":[12.94356,66.014323]},"properties":{"name":"Kvitneset Camping","source":"OpenStreetMap","osm_ref":"node-3663315540"}},{"type":"Feature","id":"camp-osm-node-3663315563","geometry":{"type":"Point","coordinates":[9.286791,60.969401]},"properties":{"name":"Leira Camping & Hyttesenter","source":"OpenStreetMap","osm_ref":"node-3663315563"}},{"type":"Feature","id":"camp-osm-node-3663315577","geometry":{"type":"Point","coordinates":[9.166305,60.526227]},"properties":{"name":"Liodden Camping","source":"OpenStreetMap","osm_ref":"node-3663315577"}},{"type":"Feature","id":"camp-osm-node-3663315585","geometry":{"type":"Point","coordinates":[14.42605,68.206418]},"properties":{"name":"Skårungen","source":"OpenStreetMap","osm_ref":"node-3663315585"}},{"type":"Feature","id":"camp-osm-node-3663315613","geometry":{"type":"Point","coordinates":[10.284694,61.367198]},"properties":{"name":"Mageli Camping og Hytter","source":"OpenStreetMap","osm_ref":"node-3663315613"}},{"type":"Feature","id":"camp-osm-node-3663315954","geometry":{"type":"Point","coordinates":[11.889536,62.914556]},"properties":{"name":"Moheim Camping","source":"OpenStreetMap","osm_ref":"node-3663315954"}},{"type":"Feature","id":"camp-osm-node-3663315962","geometry":{"type":"Point","coordinates":[13.219684,65.8342]},"properties":{"name":"Mosjøen Camping AS","source":"OpenStreetMap","osm_ref":"node-3663315962"}},{"type":"Feature","id":"camp-osm-node-3663315976","geometry":{"type":"Point","coordinates":[5.988107,60.377531]},"properties":{"name":"NAF Kro & Camping","source":"OpenStreetMap","osm_ref":"node-3663315976"}},{"type":"Feature","id":"camp-osm-node-3663315994","geometry":{"type":"Point","coordinates":[5.8037,61.06734]},"properties":{"name":"Nesheim Camping","source":"OpenStreetMap","osm_ref":"node-3663315994"}},{"type":"Feature","id":"camp-osm-node-3663315998","geometry":{"type":"Point","coordinates":[6.800376,61.843795]},"properties":{"name":"Nesset Fjordcamping","source":"OpenStreetMap","osm_ref":"node-3663315998"}},{"type":"Feature","id":"camp-osm-node-3663316004","geometry":{"type":"Point","coordinates":[8.472507,59.11917]},"properties":{"name":"Nisser Hyttegrend og Camping","source":"OpenStreetMap","osm_ref":"node-3663316004"}},{"type":"Feature","id":"camp-osm-node-3663316021","geometry":{"type":"Point","coordinates":[7.606991,61.489953]},"properties":{"name":"Nymoen Leirplass","source":"OpenStreetMap","osm_ref":"node-3663316021"}},{"type":"Feature","id":"camp-osm-node-3663316024","geometry":{"type":"Point","coordinates":[9.857736,58.965917]},"properties":{"name":"Oddane Sand Camping","source":"OpenStreetMap","osm_ref":"node-3663316024"}},{"type":"Feature","id":"camp-osm-node-3663316129","geometry":{"type":"Point","coordinates":[10.184906,60.094843]},"properties":{"name":"Odin Camping AS","source":"OpenStreetMap","osm_ref":"node-3663316129"}},{"type":"Feature","id":"camp-osm-node-3663316133","geometry":{"type":"Point","coordinates":[5.772929,58.531715]},"properties":{"name":"Ogna Camping AS","source":"OpenStreetMap","osm_ref":"node-3663316133"}},{"type":"Feature","id":"camp-osm-node-3663316363","geometry":{"type":"Point","coordinates":[6.310104,59.640555]},"properties":{"name":"Sauda Fjord Camping","source":"OpenStreetMap","osm_ref":"node-3663316363"}},{"type":"Feature","id":"camp-osm-node-3663316370","geometry":{"type":"Point","coordinates":[5.35623,62.0411]},"properties":{"name":"Selje Camp & Hyttesenter","source":"OpenStreetMap","osm_ref":"node-3663316370"}},{"type":"Feature","id":"camp-osm-node-3663316391","geometry":{"type":"Point","coordinates":[8.826932,59.988612]},"properties":{"name":"Sjøtveit camping","source":"OpenStreetMap","osm_ref":"node-3663316391"}},{"type":"Feature","id":"camp-osm-node-3663316746","geometry":{"type":"Point","coordinates":[6.690651,62.48479]},"properties":{"name":"Solnørvika Fritid","source":"OpenStreetMap","osm_ref":"node-3663316746"}},{"type":"Feature","id":"camp-osm-node-3663316771","geometry":{"type":"Point","coordinates":[9.328735,60.427858]},"properties":{"name":"Stavn Campingsenter","source":"OpenStreetMap","osm_ref":"node-3663316771"}},{"type":"Feature","id":"camp-osm-node-3663316799","geometry":{"type":"Point","coordinates":[11.209087,61.691941]},"properties":{"name":"Storsjøsenteret","source":"OpenStreetMap","osm_ref":"node-3663316799"}},{"type":"Feature","id":"camp-osm-node-3663316805","geometry":{"type":"Point","coordinates":[6.948594,62.306068]},"properties":{"name":"Stranda Feriesenter","source":"OpenStreetMap","osm_ref":"node-3663316805"}},{"type":"Feature","id":"camp-osm-node-3663317162","geometry":{"type":"Point","coordinates":[6.498963,60.750392]},"properties":{"name":"Taulen Camping","source":"OpenStreetMap","osm_ref":"node-3663317162"}},{"type":"Feature","id":"camp-osm-node-3663317187","geometry":{"type":"Point","coordinates":[7.044147,62.837702]},"properties":{"name":"Tornes Fjordcamping","source":"OpenStreetMap","osm_ref":"node-3663317187"}},{"type":"Feature","id":"camp-osm-node-3663317749","geometry":{"type":"Point","coordinates":[7.649356,61.485496]},"properties":{"name":"Vassbakken kro og camping","source":"OpenStreetMap","osm_ref":"node-3663317749"}},{"type":"Feature","id":"camp-osm-node-3663317753","geometry":{"type":"Point","coordinates":[11.951382,65.643585]},"properties":{"name":"Vega Camping","source":"OpenStreetMap","osm_ref":"node-3663317753"}},{"type":"Feature","id":"camp-osm-node-3663317772","geometry":{"type":"Point","coordinates":[5.900213,59.49463]},"properties":{"name":"Vikedal camping","source":"OpenStreetMap","osm_ref":"node-3663317772"}},{"type":"Feature","id":"camp-osm-node-3663317792","geometry":{"type":"Point","coordinates":[9.767342,63.19874]},"properties":{"name":"Vormstad Camping","source":"OpenStreetMap","osm_ref":"node-3663317792"}},{"type":"Feature","id":"camp-osm-node-4315294514","geometry":{"type":"Point","coordinates":[17.5009,68.474066]},"properties":{"name":"Øyjord Camping","source":"OpenStreetMap","osm_ref":"node-4315294514"}},{"type":"Feature","id":"camp-osm-node-9919673933","geometry":{"type":"Point","coordinates":[7.233434,60.891541]},"properties":{"name":"Skaim Hytter","description":"Adgang: no","source":"OpenStreetMap","osm_ref":"node-9919673933"}},{"type":"Feature","id":"camp-osm-node-10888164266","geometry":{"type":"Point","coordinates":[8.433778,59.38616]},"properties":{"name":"Kassnes","source":"OpenStreetMap","osm_ref":"node-10888164266"}},{"type":"Feature","id":"camp-osm-node-12658326316","geometry":{"type":"Point","coordinates":[9.793818,61.875466]},"properties":{"name":"Rondvassbu","source":"OpenStreetMap","osm_ref":"node-12658326316"}},{"type":"Feature","id":"camp-osm-node-12952364541","geometry":{"type":"Point","coordinates":[11.813415,65.678137]},"properties":{"name":"Basecamp Vega","source":"OpenStreetMap","osm_ref":"node-12952364541"}},{"type":"Feature","id":"camp-osm-way-54557570","geometry":{"type":"Point","coordinates":[10.462532,59.224655]},"properties":{"name":"Nøtterøy Familiecamping Fjærholmen","source":"OpenStreetMap","osm_ref":"way-54557570"}},{"type":"Feature","id":"camp-osm-way-162259105","geometry":{"type":"Point","coordinates":[14.599085,67.235715]},"properties":{"name":"Camp Saltstraumen Elvegård","description":"Adgang: residents","source":"OpenStreetMap","osm_ref":"way-162259105"}},{"type":"Feature","id":"camp-osm-way-168895960","geometry":{"type":"Point","coordinates":[17.592343,69.159029]},"properties":{"name":"Skatvik Camping","source":"OpenStreetMap","osm_ref":"way-168895960"}},{"type":"Feature","id":"camp-osm-way-199805838","geometry":{"type":"Point","coordinates":[8.845566,61.488926]},"properties":{"name":"Besseggen Fjellpark AS","source":"OpenStreetMap","osm_ref":"way-199805838"}},{"type":"Feature","id":"camp-osm-way-248530619","geometry":{"type":"Point","coordinates":[11.987258,61.103278]},"properties":{"name":"Sjøenden Camping","source":"OpenStreetMap","osm_ref":"way-248530619"}},{"type":"Feature","id":"camp-osm-way-294787632","geometry":{"type":"Point","coordinates":[9.222671,61.998989]},"properties":{"name":"Toftemo Turiststasjon","source":"OpenStreetMap","osm_ref":"way-294787632"}},{"type":"Feature","id":"camp-osm-way-312329189","geometry":{"type":"Point","coordinates":[9.358396,61.918739]},"properties":{"name":"Vollheim Camping og Hytter","source":"OpenStreetMap","osm_ref":"way-312329189"}},{"type":"Feature","id":"camp-osm-way-330378785","geometry":{"type":"Point","coordinates":[18.636315,69.042332]},"properties":{"name":"Målselvfossen Feriesenter Nedre","source":"OpenStreetMap","osm_ref":"way-330378785"}},{"type":"Feature","id":"camp-osm-way-331666343","geometry":{"type":"Point","coordinates":[14.514231,67.34252]},"properties":{"name":"Geitvågen Bad & Camping","source":"OpenStreetMap","osm_ref":"way-331666343"}},{"type":"Feature","id":"camp-osm-way-397590720","geometry":{"type":"Point","coordinates":[13.393816,65.509009]},"properties":{"name":"Storforsen Camping","source":"OpenStreetMap","osm_ref":"way-397590720"}},{"type":"Feature","id":"camp-osm-way-417638049","geometry":{"type":"Point","coordinates":[20.823287,69.489973]},"properties":{"name":"Basecamp Birtavarre","source":"OpenStreetMap","osm_ref":"way-417638049"}},{"type":"Feature","id":"camp-osm-way-614558427","geometry":{"type":"Point","coordinates":[12.273423,61.304118]},"properties":{"name":"Trysilelva camping","source":"OpenStreetMap","osm_ref":"way-614558427"}},{"type":"Feature","id":"camp-osm-way-626862544","geometry":{"type":"Point","coordinates":[7.506751,60.827549]},"properties":{"name":"Østerbø Fjellstove Camping","source":"OpenStreetMap","osm_ref":"way-626862544"}},{"type":"Feature","id":"camp-osm-way-670917825","geometry":{"type":"Point","coordinates":[6.921158,61.930218]},"properties":{"name":"Strynsvatn camping","source":"OpenStreetMap","osm_ref":"way-670917825"}},{"type":"Feature","id":"camp-osm-way-676077200","geometry":{"type":"Point","coordinates":[7.707728,62.52677]},"properties":{"name":"Trollstigen Resort","source":"OpenStreetMap","osm_ref":"way-676077200"}},{"type":"Feature","id":"camp-osm-way-677731134","geometry":{"type":"Point","coordinates":[7.531026,62.587639]},"properties":{"name":"Saltkjelsnes Camping","source":"OpenStreetMap","osm_ref":"way-677731134"}},{"type":"Feature","id":"camp-osm-way-710545435","geometry":{"type":"Point","coordinates":[5.164026,62.126994]},"properties":{"name":"Hoddevik Strandcamp","source":"OpenStreetMap","osm_ref":"way-710545435"}},{"type":"Feature","id":"camp-osm-way-773004071","geometry":{"type":"Point","coordinates":[7.101592,61.895028]},"properties":{"name":"Grande Camping","source":"OpenStreetMap","osm_ref":"way-773004071"}},{"type":"Feature","id":"camp-osm-way-779087071","geometry":{"type":"Point","coordinates":[11.260758,62.503695]},"properties":{"name":"Røste Hyttetun & Camping","source":"OpenStreetMap","osm_ref":"way-779087071"}},{"type":"Feature","id":"camp-osm-way-799195252","geometry":{"type":"Point","coordinates":[9.933852,63.132318]},"properties":{"name":"Svorksjøen Camping","source":"OpenStreetMap","osm_ref":"way-799195252"}},{"type":"Feature","id":"camp-osm-way-818388307","geometry":{"type":"Point","coordinates":[6.829211,60.87149]},"properties":{"name":"Reception;Vang Camping","source":"OpenStreetMap","osm_ref":"way-818388307"}},{"type":"Feature","id":"camp-osm-way-956101675","geometry":{"type":"Point","coordinates":[12.26009,61.2358]},"properties":{"name":"Sæteråsen Hytter & Camping","source":"OpenStreetMap","osm_ref":"way-956101675"}},{"type":"Feature","id":"camp-osm-way-1154988913","geometry":{"type":"Point","coordinates":[6.849198,61.928756]},"properties":{"name":"Kleivenes Camping","source":"OpenStreetMap","osm_ref":"way-1154988913"}},{"type":"Feature","id":"camp-osm-way-1202387935","geometry":{"type":"Point","coordinates":[23.036908,68.999115]},"properties":{"name":"Duottar","source":"OpenStreetMap","osm_ref":"way-1202387935"}},{"type":"Feature","id":"camp-osm-way-1295386637","geometry":{"type":"Point","coordinates":[9.837527,63.299058]},"properties":{"name":"Orkla Camping","source":"OpenStreetMap","osm_ref":"way-1295386637"}},{"type":"Feature","id":"camp-osm-way-1298947079","geometry":{"type":"Point","coordinates":[10.699806,59.812088]},"properties":{"name":"Kirkevik","source":"OpenStreetMap","osm_ref":"way-1298947079"}},{"type":"Feature","id":"camp-osm-way-1491755799","geometry":{"type":"Point","coordinates":[17.537864,68.547626]},"properties":{"name":"Bjerkvik Camping","description":"Adgang: customers","source":"OpenStreetMap","osm_ref":"way-1491755799"}},{"type":"Feature","id":"camp-osm-relation-7285532","geometry":{"type":"Point","coordinates":[7.256525,62.301899]},"properties":{"name":"Elvebakken Camping","source":"OpenStreetMap","osm_ref":"relation-7285532"}},{"type":"Feature","id":"camp-osm-relation-10742639","geometry":{"type":"Point","coordinates":[11.944142,62.16658]},"properties":{"name":"Femund Lodge","source":"OpenStreetMap","osm_ref":"relation-10742639"}},{"type":"Feature","id":"camp-osm-relation-11123220","geometry":{"type":"Point","coordinates":[8.559168,61.834005]},"properties":{"name":"Lom Camping","source":"OpenStreetMap","osm_ref":"relation-11123220"}},{"type":"Feature","id":"camp-osm-relation-11138222","geometry":{"type":"Point","coordinates":[8.113857,61.911539]},"properties":{"name":"Furuly Camping","source":"OpenStreetMap","osm_ref":"relation-11138222"}},{"type":"Feature","id":"camp-osm-relation-11714534","geometry":{"type":"Point","coordinates":[11.58916,64.871918]},"properties":{"name":"Kolvereid Familiecamping","source":"OpenStreetMap","osm_ref":"relation-11714534"}},{"type":"Feature","id":"camp-osm-relation-11716874","geometry":{"type":"Point","coordinates":[13.234405,68.09256]},"properties":{"name":"Ramberg Gjestegård","source":"OpenStreetMap","osm_ref":"relation-11716874"}},{"type":"Feature","id":"camp-osm-relation-12870534","geometry":{"type":"Point","coordinates":[6.813116,62.472494]},"properties":{"name":"Sjøholt camping","source":"OpenStreetMap","osm_ref":"relation-12870534"}},{"type":"Feature","id":"camp-osm-relation-13660913","geometry":{"type":"Point","coordinates":[7.159759,61.919975]},"properties":{"name":"Nygård Kro & Camping","source":"OpenStreetMap","osm_ref":"relation-13660913"}},{"type":"Feature","id":"camp-osm-node-1395441931","geometry":{"type":"Point","coordinates":[8.402001,61.625615]},"properties":{"name":"Spiterstulen","source":"OpenStreetMap","osm_ref":"node-1395441931"}},{"type":"Feature","id":"camp-osm-node-1696761394","geometry":{"type":"Point","coordinates":[20.745056,69.162736]},"properties":{"name":"Perskogens camping","source":"OpenStreetMap","osm_ref":"node-1696761394"}},{"type":"Feature","id":"camp-osm-node-1702968471","geometry":{"type":"Point","coordinates":[5.705357,58.800436]},"properties":{"name":"Zulu","source":"OpenStreetMap","osm_ref":"node-1702968471"}},{"type":"Feature","id":"camp-osm-node-2335229720","geometry":{"type":"Point","coordinates":[10.518835,63.409369]},"properties":{"name":"Steinalderplassen","source":"OpenStreetMap","osm_ref":"node-2335229720"}},{"type":"Feature","id":"camp-osm-node-2714124301","geometry":{"type":"Point","coordinates":[10.295516,63.568135]},"properties":{"name":"Fosenkoia","description":"Med bålplass","source":"OpenStreetMap","osm_ref":"node-2714124301"}},{"type":"Feature","id":"camp-osm-node-3118621457","geometry":{"type":"Point","coordinates":[8.50667,62.835221]},"properties":{"name":"Fugelvåg Camping","source":"OpenStreetMap","osm_ref":"node-3118621457"}},{"type":"Feature","id":"camp-osm-node-3663314290","geometry":{"type":"Point","coordinates":[9.209309,60.863636]},"properties":{"name":"Bjørkestølen Familieamping","source":"OpenStreetMap","osm_ref":"node-3663314290"}},{"type":"Feature","id":"camp-osm-node-3663314595","geometry":{"type":"Point","coordinates":[15.130714,66.446825]},"properties":{"name":"Elvmøthei Fjellgård","source":"OpenStreetMap","osm_ref":"node-3663314595"}},{"type":"Feature","id":"camp-osm-node-3663314596","geometry":{"type":"Point","coordinates":[10.051702,61.5517]},"properties":{"name":"Enden Camping","source":"OpenStreetMap","osm_ref":"node-3663314596"}},{"type":"Feature","id":"camp-osm-node-3663314598","geometry":{"type":"Point","coordinates":[10.901897,59.184607]},"properties":{"name":"Enhus Camping","source":"OpenStreetMap","osm_ref":"node-3663314598"}},{"type":"Feature","id":"camp-osm-node-3663314932","geometry":{"type":"Point","coordinates":[9.70411,59.016133]},"properties":{"name":"Fjellstad Camping Og Hyttesenter","source":"OpenStreetMap","osm_ref":"node-3663314932"}},{"type":"Feature","id":"camp-osm-node-3663314954","geometry":{"type":"Point","coordinates":[6.322228,60.288381]},"properties":{"name":"Folgefonn Hytte og Gardscamping","source":"OpenStreetMap","osm_ref":"node-3663314954"}},{"type":"Feature","id":"camp-osm-node-3663314961","geometry":{"type":"Point","coordinates":[9.176912,61.0331]},"properties":{"name":"Fossen Camping","source":"OpenStreetMap","osm_ref":"node-3663314961"}},{"type":"Feature","id":"camp-osm-node-3663314969","geometry":{"type":"Point","coordinates":[10.267106,61.55934]},"properties":{"name":"Friisvegen Turistsenter Måsåplassen","source":"OpenStreetMap","osm_ref":"node-3663314969"}},{"type":"Feature","id":"camp-osm-node-3663314994","geometry":{"type":"Point","coordinates":[7.887464,62.782462]},"properties":{"name":"Gammelsetra Camping","source":"OpenStreetMap","osm_ref":"node-3663314994"}},{"type":"Feature","id":"camp-osm-node-3663314996","geometry":{"type":"Point","coordinates":[9.641944,63.283453]},"properties":{"name":"Gangåsvatnet Camping","source":"OpenStreetMap","osm_ref":"node-3663314996"}},{"type":"Feature","id":"camp-osm-node-3663315011","geometry":{"type":"Point","coordinates":[7.566457,62.579034]},"properties":{"name":"Gjerdset Turistsenter","source":"OpenStreetMap","osm_ref":"node-3663315011"}},{"type":"Feature","id":"camp-osm-node-3663315225","geometry":{"type":"Point","coordinates":[6.731044,60.554547]},"properties":{"name":"Granvin Hytter & Camping","source":"OpenStreetMap","osm_ref":"node-3663315225"}},{"type":"Feature","id":"camp-osm-node-3663315295","geometry":{"type":"Point","coordinates":[8.917934,61.562518]},"properties":{"name":"Jotunheimen Caravan Camp","source":"OpenStreetMap","osm_ref":"node-3663315295"}},{"type":"Feature","id":"camp-osm-node-3663315296","geometry":{"type":"Point","coordinates":[10.048661,61.550446]},"properties":{"name":"Heimtun Camping","source":"OpenStreetMap","osm_ref":"node-3663315296"}},{"type":"Feature","id":"camp-osm-node-3663315303","geometry":{"type":"Point","coordinates":[7.537214,62.670904]},"properties":{"name":"Herje Caravan & Hyttesenter","source":"OpenStreetMap","osm_ref":"node-3663315303"}},{"type":"Feature","id":"camp-osm-node-3663315346","geometry":{"type":"Point","coordinates":[11.119511,62.446081]},"properties":{"name":"Hummelfjell Camping","source":"OpenStreetMap","osm_ref":"node-3663315346"}},{"type":"Feature","id":"camp-osm-node-3663315412","geometry":{"type":"Point","coordinates":[11.017102,61.571877]},"properties":{"name":"Koppang Camping & Hytteutleie","source":"OpenStreetMap","osm_ref":"node-3663315412"}},{"type":"Feature","id":"camp-osm-node-3663315550","geometry":{"type":"Point","coordinates":[9.639606,60.778601]},"properties":{"name":"Langedrag Camping","source":"OpenStreetMap","osm_ref":"node-3663315550"}},{"type":"Feature","id":"camp-osm-node-3663315599","geometry":{"type":"Point","coordinates":[7.049548,58.123094]},"properties":{"name":"KVS Camping","source":"OpenStreetMap","osm_ref":"node-3663315599"}},{"type":"Feature","id":"camp-osm-node-3663315602","geometry":{"type":"Point","coordinates":[10.293506,60.719055]},"properties":{"name":"Lyngstrand Camping","source":"OpenStreetMap","osm_ref":"node-3663315602"}},{"type":"Feature","id":"camp-osm-node-3663315607","geometry":{"type":"Point","coordinates":[7.469887,61.100387]},"properties":{"name":"Lærdal Ferie- og Fritidspark","source":"OpenStreetMap","osm_ref":"node-3663315607"}},{"type":"Feature","id":"camp-osm-node-3663315942","geometry":{"type":"Point","coordinates":[7.69188,62.700271]},"properties":{"name":"Mittet Camping","source":"OpenStreetMap","osm_ref":"node-3663315942"}},{"type":"Feature","id":"camp-osm-node-3663315967","geometry":{"type":"Point","coordinates":[8.902535,62.617666]},"properties":{"name":"Myren Camping","source":"OpenStreetMap","osm_ref":"node-3663315967"}},{"type":"Feature","id":"camp-osm-node-3663316015","geometry":{"type":"Point","coordinates":[8.282603,63.245517]},"properties":{"name":"Nothaugen Fiskecamping","source":"OpenStreetMap","osm_ref":"node-3663316015"}},{"type":"Feature","id":"camp-osm-node-3663316126","geometry":{"type":"Point","coordinates":[10.390299,61.275474]},"properties":{"name":"Odden Camping","source":"OpenStreetMap","osm_ref":"node-3663316126"}},{"type":"Feature","id":"camp-osm-node-3663316189","geometry":{"type":"Point","coordinates":[25.661614,70.741398]},"properties":{"name":"Repvåg Camping og Kafe","source":"OpenStreetMap","osm_ref":"node-3663316189"}},{"type":"Feature","id":"camp-osm-node-3663316195","geometry":{"type":"Point","coordinates":[8.707443,59.90238]},"properties":{"name":"Rjukan Hytte og Caravanpark","source":"OpenStreetMap","osm_ref":"node-3663316195"}},{"type":"Feature","id":"camp-osm-node-3663316211","geometry":{"type":"Point","coordinates":[7.480994,62.63944]},"properties":{"name":"Rødven Feriesenter","source":"OpenStreetMap","osm_ref":"node-3663316211"}},{"type":"Feature","id":"camp-osm-node-3663316330","geometry":{"type":"Point","coordinates":[11.082009,62.940844]},"properties":{"name":"Saksgård Camping","source":"OpenStreetMap","osm_ref":"node-3663316330"}},{"type":"Feature","id":"camp-osm-node-3663316334","geometry":{"type":"Point","coordinates":[6.820572,59.830861]},"properties":{"name":"Saltvold Camping","source":"OpenStreetMap","osm_ref":"node-3663316334"}},{"type":"Feature","id":"camp-osm-node-3663316356","geometry":{"type":"Point","coordinates":[13.404139,65.940993]},"properties":{"name":"Sandvik gjestegård","source":"OpenStreetMap","osm_ref":"node-3663316356"}},{"type":"Feature","id":"camp-osm-node-3663316379","geometry":{"type":"Point","coordinates":[9.004097,61.633565]},"properties":{"name":"Sjodalen Hyttetun","source":"OpenStreetMap","osm_ref":"node-3663316379"}},{"type":"Feature","id":"camp-osm-node-3663316406","geometry":{"type":"Point","coordinates":[8.270695,61.882635]},"properties":{"name":"Skjåk Turistheim / Skeid Kro","source":"OpenStreetMap","osm_ref":"node-3663316406"}},{"type":"Feature","id":"camp-osm-node-3663316747","geometry":{"type":"Point","coordinates":[10.030108,58.984386]},"properties":{"name":"Solplassen og Rakke Camping","source":"OpenStreetMap","osm_ref":"node-3663316747"}},{"type":"Feature","id":"camp-osm-node-3663316760","geometry":{"type":"Point","coordinates":[11.457167,63.774882]},"properties":{"name":"Soria Moria Camping","source":"OpenStreetMap","osm_ref":"node-3663316760"}},{"type":"Feature","id":"camp-osm-node-3663316794","geometry":{"type":"Point","coordinates":[27.746608,70.067523]},"properties":{"name":"Storfossen Camping","source":"OpenStreetMap","osm_ref":"node-3663316794"}},{"type":"Feature","id":"camp-osm-node-3663317129","geometry":{"type":"Point","coordinates":[16.063739,67.099041]},"properties":{"name":"Sulitjelma Turistsenter","source":"OpenStreetMap","osm_ref":"node-3663317129"}},{"type":"Feature","id":"camp-osm-node-3663317168","geometry":{"type":"Point","coordinates":[5.991984,58.869331]},"properties":{"name":"Tengesdalsvatnet","source":"OpenStreetMap","osm_ref":"node-3663317168"}},{"type":"Feature","id":"camp-osm-node-3663317728","geometry":{"type":"Point","coordinates":[6.927201,61.339199]},"properties":{"name":"Uteplassen Sogndal","source":"OpenStreetMap","osm_ref":"node-3663317728"}},{"type":"Feature","id":"camp-osm-node-3663317732","geometry":{"type":"Point","coordinates":[10.262818,60.029567]},"properties":{"name":"Utvika Camping","source":"OpenStreetMap","osm_ref":"node-3663317732"}},{"type":"Feature","id":"camp-osm-node-3663317754","geometry":{"type":"Point","coordinates":[6.561368,61.215902]},"properties":{"name":"Veganeset Camping","source":"OpenStreetMap","osm_ref":"node-3663317754"}},{"type":"Feature","id":"camp-osm-node-3663317768","geometry":{"type":"Point","coordinates":[6.578382,61.088693]},"properties":{"name":"Vik Camping","source":"OpenStreetMap","osm_ref":"node-3663317768"}},{"type":"Feature","id":"camp-osm-node-3663317808","geometry":{"type":"Point","coordinates":[10.221436,63.957019]},"properties":{"name":"Åfjord Laksecamping","source":"OpenStreetMap","osm_ref":"node-3663317808"}},{"type":"Feature","id":"camp-osm-node-3663317819","geometry":{"type":"Point","coordinates":[9.109278,59.411134]},"properties":{"name":"Åsgrav Familiecamping","source":"OpenStreetMap","osm_ref":"node-3663317819"}},{"type":"Feature","id":"camp-osm-node-3663318230","geometry":{"type":"Point","coordinates":[9.626136,60.222106]},"properties":{"name":"Ørpen Camping","source":"OpenStreetMap","osm_ref":"node-3663318230"}},{"type":"Feature","id":"camp-osm-node-3711795249","geometry":{"type":"Point","coordinates":[6.423595,58.88154]},"properties":{"name":"Månastøl","source":"OpenStreetMap","osm_ref":"node-3711795249"}},{"type":"Feature","id":"camp-osm-node-3711795251","geometry":{"type":"Point","coordinates":[6.443544,58.891124]},"properties":{"name":"Stølsvik","source":"OpenStreetMap","osm_ref":"node-3711795251"}},{"type":"Feature","id":"camp-osm-node-4323047377","geometry":{"type":"Point","coordinates":[10.816985,64.495367]},"properties":{"name":"Climb Flatanger","source":"OpenStreetMap","osm_ref":"node-4323047377"}},{"type":"Feature","id":"camp-osm-node-10888164241","geometry":{"type":"Point","coordinates":[8.306365,59.404681]},"properties":{"name":"Lindeviki kanocamp","source":"OpenStreetMap","osm_ref":"node-10888164241"}},{"type":"Feature","id":"camp-osm-node-10888164267","geometry":{"type":"Point","coordinates":[8.494073,59.366556]},"properties":{"name":"Jerpøy","source":"OpenStreetMap","osm_ref":"node-10888164267"}},{"type":"Feature","id":"camp-osm-node-10888164273","geometry":{"type":"Point","coordinates":[8.452384,59.383509]},"properties":{"name":"Odden","source":"OpenStreetMap","osm_ref":"node-10888164273"}},{"type":"Feature","id":"camp-osm-way-69725217","geometry":{"type":"Point","coordinates":[7.927466,62.721239]},"properties":{"name":"Visa Camping","source":"OpenStreetMap","osm_ref":"way-69725217"}},{"type":"Feature","id":"camp-osm-way-70034203","geometry":{"type":"Point","coordinates":[10.84963,60.722236]},"properties":{"name":"Hekshusstranda Camping","source":"OpenStreetMap","osm_ref":"way-70034203"}},{"type":"Feature","id":"camp-osm-way-111460028","geometry":{"type":"Point","coordinates":[5.72509,58.539292]},"properties":{"name":"Brusand Camping","source":"OpenStreetMap","osm_ref":"way-111460028"}},{"type":"Feature","id":"camp-osm-way-127068466","geometry":{"type":"Point","coordinates":[9.854129,58.999272]},"properties":{"name":"Blokkebukta camping","source":"OpenStreetMap","osm_ref":"way-127068466"}},{"type":"Feature","id":"camp-osm-way-164064254","geometry":{"type":"Point","coordinates":[17.552167,69.0741]},"properties":{"name":"Dyrøy Camping","source":"OpenStreetMap","osm_ref":"way-164064254"}},{"type":"Feature","id":"camp-osm-way-168318331","geometry":{"type":"Point","coordinates":[6.796564,58.18656]},"properties":{"name":"Åpta Camping og Misjonssenter","source":"OpenStreetMap","osm_ref":"way-168318331"}},{"type":"Feature","id":"camp-osm-way-198197920","geometry":{"type":"Point","coordinates":[10.061439,60.834976]},"properties":{"name":"Dokka Camping","source":"OpenStreetMap","osm_ref":"way-198197920"}},{"type":"Feature","id":"camp-osm-way-199532915","geometry":{"type":"Point","coordinates":[9.510872,61.771858]},"properties":{"name":"Otta Camping og Motell","source":"OpenStreetMap","osm_ref":"way-199532915"}},{"type":"Feature","id":"camp-osm-way-228011536","geometry":{"type":"Point","coordinates":[14.178237,66.316598]},"properties":{"name":"Mo i Rana Camping","source":"OpenStreetMap","osm_ref":"way-228011536"}},{"type":"Feature","id":"camp-osm-way-252828378","geometry":{"type":"Point","coordinates":[17.656626,68.472359]},"properties":{"name":"Hærsletta Camping","source":"OpenStreetMap","osm_ref":"way-252828378"}},{"type":"Feature","id":"camp-osm-way-279206462","geometry":{"type":"Point","coordinates":[15.336687,67.24566]},"properties":{"name":"Lundhøgda Camping","source":"OpenStreetMap","osm_ref":"way-279206462"}},{"type":"Feature","id":"camp-osm-way-329900784","geometry":{"type":"Point","coordinates":[21.37777,69.900001]},"properties":{"name":"Oksfjord Camping","source":"OpenStreetMap","osm_ref":"way-329900784"}},{"type":"Feature","id":"camp-osm-way-329957351","geometry":{"type":"Point","coordinates":[21.208045,69.839346]},"properties":{"name":"Fosselv Camping","source":"OpenStreetMap","osm_ref":"way-329957351"}},{"type":"Feature","id":"camp-osm-way-330486839","geometry":{"type":"Point","coordinates":[17.982724,68.689088]},"properties":{"name":"Fossbakken Veikro & Camping AS","source":"OpenStreetMap","osm_ref":"way-330486839"}},{"type":"Feature","id":"camp-osm-way-346655494","geometry":{"type":"Point","coordinates":[11.122264,63.460888]},"properties":{"name":"Hembre Camping","source":"OpenStreetMap","osm_ref":"way-346655494"}},{"type":"Feature","id":"camp-osm-way-353640845","geometry":{"type":"Point","coordinates":[6.568482,59.991898]},"properties":{"name":"Hildal Camping","source":"OpenStreetMap","osm_ref":"way-353640845"}},{"type":"Feature","id":"camp-osm-way-362455991","geometry":{"type":"Point","coordinates":[9.084242,61.730953]},"properties":{"name":"Randsverk Camping","source":"OpenStreetMap","osm_ref":"way-362455991"}},{"type":"Feature","id":"camp-osm-way-364668275","geometry":{"type":"Point","coordinates":[5.557601,58.800786]},"properties":{"name":"Bore Strandcamping","source":"OpenStreetMap","osm_ref":"way-364668275"}},{"type":"Feature","id":"camp-osm-way-397026525","geometry":{"type":"Point","coordinates":[13.361112,65.908305]},"properties":{"name":"Aspneset Camping","source":"OpenStreetMap","osm_ref":"way-397026525"}},{"type":"Feature","id":"camp-osm-way-431584524","geometry":{"type":"Point","coordinates":[12.143363,65.187283]},"properties":{"name":"Holm Camping","source":"OpenStreetMap","osm_ref":"way-431584524"}},{"type":"Feature","id":"camp-osm-way-432848165","geometry":{"type":"Point","coordinates":[20.98265,70.027622]},"properties":{"name":"Skjervøy fiskecamp","source":"OpenStreetMap","osm_ref":"way-432848165"}},{"type":"Feature","id":"camp-osm-way-437181595","geometry":{"type":"Point","coordinates":[7.218083,62.095071]},"properties":{"name":"Vinje Camping","source":"OpenStreetMap","osm_ref":"way-437181595"}},{"type":"Feature","id":"camp-osm-way-439442724","geometry":{"type":"Point","coordinates":[7.184771,62.114978]},"properties":{"name":"Geirangerfjorden Feriesenter","source":"OpenStreetMap","osm_ref":"way-439442724"}},{"type":"Feature","id":"camp-osm-way-505590218","geometry":{"type":"Point","coordinates":[9.245653,60.018004]},"properties":{"name":"Holman Camping","source":"OpenStreetMap","osm_ref":"way-505590218"}},{"type":"Feature","id":"camp-osm-way-510196277","geometry":{"type":"Point","coordinates":[15.377942,67.059903]},"properties":{"name":"Medby Camping","source":"OpenStreetMap","osm_ref":"way-510196277"}},{"type":"Feature","id":"camp-osm-way-513708696","geometry":{"type":"Point","coordinates":[8.729472,58.427796]},"properties":{"name":"Nidelv Brygge og Camping","source":"OpenStreetMap","osm_ref":"way-513708696"}},{"type":"Feature","id":"camp-osm-way-610402173","geometry":{"type":"Point","coordinates":[6.897257,61.854965]},"properties":{"name":"Loenvatn Feriesenter","source":"OpenStreetMap","osm_ref":"way-610402173"}},{"type":"Feature","id":"camp-osm-way-612311647","geometry":{"type":"Point","coordinates":[10.184751,60.096427]},"properties":{"name":"Odin Camping","source":"OpenStreetMap","osm_ref":"way-612311647"}},{"type":"Feature","id":"camp-osm-way-654315931","geometry":{"type":"Point","coordinates":[11.060442,64.634047]},"properties":{"name":"Aglen Camping A/S","source":"OpenStreetMap","osm_ref":"way-654315931"}},{"type":"Feature","id":"camp-osm-way-777161302","geometry":{"type":"Point","coordinates":[6.92849,62.903653]},"properties":{"name":"Bud Camping","source":"OpenStreetMap","osm_ref":"way-777161302"}},{"type":"Feature","id":"camp-osm-way-784581724","geometry":{"type":"Point","coordinates":[10.089638,61.336552]},"properties":{"name":"Segalstad Seter","source":"OpenStreetMap","osm_ref":"way-784581724"}},{"type":"Feature","id":"camp-osm-way-842095853","geometry":{"type":"Point","coordinates":[10.701822,61.100382]},"properties":{"name":"Camp Sjusjøen","source":"OpenStreetMap","osm_ref":"way-842095853"}},{"type":"Feature","id":"camp-osm-way-1020263332","geometry":{"type":"Point","coordinates":[7.16699,61.917531]},"properties":{"name":"Folven camping","source":"OpenStreetMap","osm_ref":"way-1020263332"}},{"type":"Feature","id":"camp-osm-way-1083614822","geometry":{"type":"Point","coordinates":[6.948098,62.900085]},"properties":{"name":"Blåhammer Camping","description":"Adgang: customers","source":"OpenStreetMap","osm_ref":"way-1083614822"}},{"type":"Feature","id":"camp-osm-way-1171561020","geometry":{"type":"Point","coordinates":[10.953879,59.07906]},"properties":{"name":"Listranda Familiecamping","source":"OpenStreetMap","osm_ref":"way-1171561020"}},{"type":"Feature","id":"camp-osm-way-1186728407","geometry":{"type":"Point","coordinates":[5.202203,61.223129]},"properties":{"name":"Sognhostel","source":"OpenStreetMap","osm_ref":"way-1186728407"}},{"type":"Feature","id":"camp-osm-way-1192395517","geometry":{"type":"Point","coordinates":[10.457295,61.021872]},"properties":{"name":"Furuodden Camping","source":"OpenStreetMap","osm_ref":"way-1192395517"}},{"type":"Feature","id":"camp-osm-way-1193543328","geometry":{"type":"Point","coordinates":[16.472453,69.014401]},"properties":{"name":"Øyriket Camping & Marina","source":"OpenStreetMap","osm_ref":"way-1193543328"}},{"type":"Feature","id":"camp-osm-way-1281318420","geometry":{"type":"Point","coordinates":[21.960241,69.837096]},"properties":{"name":"Sekkemo Camping","source":"OpenStreetMap","osm_ref":"way-1281318420"}},{"type":"Feature","id":"camp-osm-way-1296717788","geometry":{"type":"Point","coordinates":[25.00279,70.052395]},"properties":{"name":"Fjordutsikten Motell & Camping","source":"OpenStreetMap","osm_ref":"way-1296717788"}},{"type":"Feature","id":"camp-osm-relation-1061516","geometry":{"type":"Point","coordinates":[7.390735,59.580681]},"properties":{"name":"Hovden Fjellstoge","source":"OpenStreetMap","osm_ref":"relation-1061516"}},{"type":"Feature","id":"camp-osm-relation-10251584","geometry":{"type":"Point","coordinates":[6.65643,60.33622]},"properties":{"name":"Lofthus Camping","source":"OpenStreetMap","osm_ref":"relation-10251584"}},{"type":"Feature","id":"camp-osm-relation-12870642","geometry":{"type":"Point","coordinates":[6.873658,62.083486]},"properties":{"name":"Hellesylt Camping","source":"OpenStreetMap","osm_ref":"relation-12870642"}},{"type":"Feature","id":"camp-osm-node-331143839","geometry":{"type":"Point","coordinates":[10.704438,59.45382]},"properties":{"name":"Lurvelegg","source":"OpenStreetMap","osm_ref":"node-331143839"}},{"type":"Feature","id":"camp-osm-node-443146867","geometry":{"type":"Point","coordinates":[7.831239,63.110453]},"properties":{"name":"Byskogen Camping","source":"OpenStreetMap","osm_ref":"node-443146867"}},{"type":"Feature","id":"camp-osm-node-840701301","geometry":{"type":"Point","coordinates":[9.08922,61.77181]},"properties":{"name":"Skarå camping","source":"OpenStreetMap","osm_ref":"node-840701301"}},{"type":"Feature","id":"camp-osm-node-2315990983","geometry":{"type":"Point","coordinates":[10.479223,63.384484]},"properties":{"name":"Bålplassen","source":"OpenStreetMap","osm_ref":"node-2315990983"}},{"type":"Feature","id":"camp-osm-node-2714141787","geometry":{"type":"Point","coordinates":[9.443468,63.123743]},"properties":{"name":"Kåsen","description":"Med bålplass","source":"OpenStreetMap","osm_ref":"node-2714141787"}},{"type":"Feature","id":"camp-osm-node-2714141795","geometry":{"type":"Point","coordinates":[9.197342,63.020181]},"properties":{"name":"Rindalsløa","description":"Med bålplass","source":"OpenStreetMap","osm_ref":"node-2714141795"}},{"type":"Feature","id":"camp-osm-node-2714141800","geometry":{"type":"Point","coordinates":[9.115975,63.147041]},"properties":{"name":"Stakkslettbua","description":"Med bålplass","source":"OpenStreetMap","osm_ref":"node-2714141800"}},{"type":"Feature","id":"camp-osm-node-2714156606","geometry":{"type":"Point","coordinates":[11.186559,62.412245]},"properties":{"name":"Øvensenget","description":"Med bålplass","source":"OpenStreetMap","osm_ref":"node-2714156606"}},{"type":"Feature","id":"camp-osm-node-3474584325","geometry":{"type":"Point","coordinates":[11.335782,60.111801]},"properties":{"name":"Bålplass","source":"OpenStreetMap","osm_ref":"node-3474584325"}},{"type":"Feature","id":"camp-osm-node-3663314244","geometry":{"type":"Point","coordinates":[10.830357,61.722652]},"properties":{"name":"Atna Camping","source":"OpenStreetMap","osm_ref":"node-3663314244"}},{"type":"Feature","id":"camp-osm-node-3663314309","geometry":{"type":"Point","coordinates":[7.779899,58.417294]},"properties":{"name":"Bornes Camping","source":"OpenStreetMap","osm_ref":"node-3663314309"}},{"type":"Feature","id":"camp-osm-node-3663314613","geometry":{"type":"Point","coordinates":[15.420838,67.239703]},"properties":{"name":"Fauske Camping & Motell A/S","source":"OpenStreetMap","osm_ref":"node-3663314613"}},{"type":"Feature","id":"camp-osm-node-3663314926","geometry":{"type":"Point","coordinates":[5.858271,59.159941]},"properties":{"name":"Finnøy Fjordsenter","source":"OpenStreetMap","osm_ref":"node-3663314926"}},{"type":"Feature","id":"camp-osm-node-3663315000","geometry":{"type":"Point","coordinates":[5.701831,60.367562]},"properties":{"name":"Gaupholm camping","source":"OpenStreetMap","osm_ref":"node-3663315000"}},{"type":"Feature","id":"camp-osm-node-3663315256","geometry":{"type":"Point","coordinates":[9.183619,60.340669]},"properties":{"name":"Haglebu Feriesenter","source":"OpenStreetMap","osm_ref":"node-3663315256"}},{"type":"Feature","id":"camp-osm-node-3663315259","geometry":{"type":"Point","coordinates":[8.456613,60.415236]},"properties":{"name":"Hallandtunet Camping","source":"OpenStreetMap","osm_ref":"node-3663315259"}},{"type":"Feature","id":"camp-osm-node-3663315264","geometry":{"type":"Point","coordinates":[15.643825,68.082265]},"properties":{"name":"Hamarøy Fiskecamping","source":"OpenStreetMap","osm_ref":"node-3663315264"}},{"type":"Feature","id":"camp-osm-node-3663315265","geometry":{"type":"Point","coordinates":[9.004598,60.771744]},"properties":{"name":"Hammarstad Camping Gol","source":"OpenStreetMap","osm_ref":"node-3663315265"}},{"type":"Feature","id":"camp-osm-node-3663315343","geometry":{"type":"Point","coordinates":[8.829882,58.437235]},"properties":{"name":"Canvas Hove","source":"OpenStreetMap","osm_ref":"node-3663315343"}},{"type":"Feature","id":"camp-osm-node-3663315370","geometry":{"type":"Point","coordinates":[15.630877,66.773092]},"properties":{"name":"Junkerdal Turistsenter","source":"OpenStreetMap","osm_ref":"node-3663315370"}},{"type":"Feature","id":"camp-osm-node-3663315525","geometry":{"type":"Point","coordinates":[16.083762,69.152947]},"properties":{"name":"Kvalnesbrygga Camp & Dykkersenter","source":"OpenStreetMap","osm_ref":"node-3663315525"}},{"type":"Feature","id":"camp-osm-node-3663315543","geometry":{"type":"Point","coordinates":[8.499417,59.163505]},"properties":{"name":"Kyrkjeneset Camping","source":"OpenStreetMap","osm_ref":"node-3663315543"}},{"type":"Feature","id":"camp-osm-node-3663315549","geometry":{"type":"Point","coordinates":[10.262225,59.079083]},"properties":{"name":"Langeby","source":"OpenStreetMap","osm_ref":"node-3663315549"}},{"type":"Feature","id":"camp-osm-node-3663315551","geometry":{"type":"Point","coordinates":[5.508139,59.900773]},"properties":{"name":"Langenuen Motel & Camping","source":"OpenStreetMap","osm_ref":"node-3663315551"}},{"type":"Feature","id":"camp-osm-node-3663315564","geometry":{"type":"Point","coordinates":[8.315877,61.712668]},"properties":{"name":"Leirmoen Camping","source":"OpenStreetMap","osm_ref":"node-3663315564"}},{"type":"Feature","id":"camp-osm-node-3663315591","geometry":{"type":"Point","coordinates":[7.843928,58.744577]},"properties":{"name":"Longerak Hyttesenter og Camping","source":"OpenStreetMap","osm_ref":"node-3663315591"}},{"type":"Feature","id":"camp-osm-node-3663315609","geometry":{"type":"Point","coordinates":[20.547358,69.542525]},"properties":{"name":"Løkvollstranda Camping","source":"OpenStreetMap","osm_ref":"node-3663315609"}},{"type":"Feature","id":"camp-osm-node-3663315974","geometry":{"type":"Point","coordinates":[8.367996,58.260709]},"properties":{"name":"Møglestu Gård Camping","source":"OpenStreetMap","osm_ref":"node-3663315974"}},{"type":"Feature","id":"camp-osm-node-3663315985","geometry":{"type":"Point","coordinates":[8.491893,59.324967]},"properties":{"name":"Nedre Strand Hytteutleie og Familicamping","source":"OpenStreetMap","osm_ref":"node-3663315985"}},{"type":"Feature","id":"camp-osm-node-3663315993","geometry":{"type":"Point","coordinates":[9.455296,59.852691]},"properties":{"name":"Neset Skydsstasjn","source":"OpenStreetMap","osm_ref":"node-3663315993"}},{"type":"Feature","id":"camp-osm-node-3663316013","geometry":{"type":"Point","coordinates":[5.739602,61.165714]},"properties":{"name":"Norevikane","source":"OpenStreetMap","osm_ref":"node-3663316013"}},{"type":"Feature","id":"camp-osm-node-3663316128","geometry":{"type":"Point","coordinates":[6.193886,60.347531]},"properties":{"name":"Oddland Camping","source":"OpenStreetMap","osm_ref":"node-3663316128"}},{"type":"Feature","id":"camp-osm-node-3663316131","geometry":{"type":"Point","coordinates":[12.465656,65.872446]},"properties":{"name":"Offersøy Camping","source":"OpenStreetMap","osm_ref":"node-3663316131"}},{"type":"Feature","id":"camp-osm-node-3663316188","geometry":{"type":"Point","coordinates":[24.389662,70.447542]},"properties":{"name":"Repparfjord Camping og Misjonssenter","source":"OpenStreetMap","osm_ref":"node-3663316188"}},{"type":"Feature","id":"camp-osm-node-3663316348","geometry":{"type":"Point","coordinates":[5.696842,58.858507]},"properties":{"name":"Sandnes hytter og camping - Vølstadskogen","source":"OpenStreetMap","osm_ref":"node-3663316348"}},{"type":"Feature","id":"camp-osm-node-3663316376","geometry":{"type":"Point","coordinates":[6.888229,58.914106]},"properties":{"name":"Sinnes Gård","source":"OpenStreetMap","osm_ref":"node-3663316376"}},{"type":"Feature","id":"camp-osm-node-3663316382","geometry":{"type":"Point","coordinates":[6.571746,62.376657]},"properties":{"name":"Sjøbakken Camping I","source":"OpenStreetMap","osm_ref":"node-3663316382"}},{"type":"Feature","id":"camp-osm-node-3663316384","geometry":{"type":"Point","coordinates":[13.069102,66.154572]},"properties":{"name":"Sjøbakken Gårdsferie Fiske-camping","source":"OpenStreetMap","osm_ref":"node-3663316384"}},{"type":"Feature","id":"camp-osm-node-3663316386","geometry":{"type":"Point","coordinates":[10.661331,59.478111]},"properties":{"name":"Sjøhaug Naturistsenter","source":"OpenStreetMap","osm_ref":"node-3663316386"}},{"type":"Feature","id":"camp-osm-node-3663316767","geometry":{"type":"Point","coordinates":[13.000771,66.515754]},"properties":{"name":"Staulvika Camping","description":"Adgang: private","source":"OpenStreetMap","osm_ref":"node-3663316767"}},{"type":"Feature","id":"camp-osm-node-3663316770","geometry":{"type":"Point","coordinates":[9.331516,60.425736]},"properties":{"name":"Stavn Camping og Hytter","source":"OpenStreetMap","osm_ref":"node-3663316770"}},{"type":"Feature","id":"camp-osm-node-3663316781","geometry":{"type":"Point","coordinates":[10.95287,64.593818]},"properties":{"name":"Nord-Flatanger Sjøhus","source":"OpenStreetMap","osm_ref":"node-3663316781"}},{"type":"Feature","id":"camp-osm-node-3663316813","geometry":{"type":"Point","coordinates":[9.975156,58.98559]},"properties":{"name":"Stretere Camping AS","source":"OpenStreetMap","osm_ref":"node-3663316813"}},{"type":"Feature","id":"camp-osm-node-3663317126","geometry":{"type":"Point","coordinates":[7.697581,58.932078]},"properties":{"name":"Støylen Camping","source":"OpenStreetMap","osm_ref":"node-3663317126"}},{"type":"Feature","id":"camp-osm-node-3663317150","geometry":{"type":"Point","coordinates":[11.66337,62.102868]},"properties":{"name":"Sømådalen Camping","source":"OpenStreetMap","osm_ref":"node-3663317150"}},{"type":"Feature","id":"camp-osm-node-3663317177","geometry":{"type":"Point","coordinates":[16.301968,68.547315]},"properties":{"name":"Tjeldsund bo og Camping","source":"OpenStreetMap","osm_ref":"node-3663317177"}},{"type":"Feature","id":"camp-osm-node-3663317757","geometry":{"type":"Point","coordinates":[7.612666,59.73268]},"properties":{"name":"Velemoen Camping","source":"OpenStreetMap","osm_ref":"node-3663317757"}},{"type":"Feature","id":"camp-osm-node-3663317779","geometry":{"type":"Point","coordinates":[7.332791,61.119512]},"properties":{"name":"Vindedal Camping og hytter","source":"OpenStreetMap","osm_ref":"node-3663317779"}},{"type":"Feature","id":"camp-osm-node-3663317795","geometry":{"type":"Point","coordinates":[6.223774,58.330995]},"properties":{"name":"Vågan Camping","source":"OpenStreetMap","osm_ref":"node-3663317795"}},{"type":"Feature","id":"camp-osm-node-3663317813","geometry":{"type":"Point","coordinates":[15.771203,69.06031]},"properties":{"name":"Ånes Camping","source":"OpenStreetMap","osm_ref":"node-3663317813"}},{"type":"Feature","id":"camp-osm-node-3674387092","geometry":{"type":"Point","coordinates":[11.9508,61.930817]},"properties":{"name":"Dalsvika Fricamp","source":"OpenStreetMap","osm_ref":"node-3674387092"}},{"type":"Feature","id":"camp-osm-node-3920631585","geometry":{"type":"Point","coordinates":[9.408645,58.901491]},"properties":{"name":"Lovisenberg Familiecamping","source":"OpenStreetMap","osm_ref":"node-3920631585"}},{"type":"Feature","id":"camp-osm-node-4476491897","geometry":{"type":"Point","coordinates":[5.495229,61.245452]},"properties":{"name":"Yndestad Gard","source":"OpenStreetMap","osm_ref":"node-4476491897"}},{"type":"Feature","id":"camp-osm-node-6708477193","geometry":{"type":"Point","coordinates":[6.921946,61.931835]},"properties":{"name":"Strynsvatn Camping","source":"OpenStreetMap","osm_ref":"node-6708477193"}},{"type":"Feature","id":"camp-osm-node-7796713080","geometry":{"type":"Point","coordinates":[9.006498,61.811849]},"properties":{"name":"Grov Camping","source":"OpenStreetMap","osm_ref":"node-7796713080"}},{"type":"Feature","id":"camp-osm-node-9188722988","geometry":{"type":"Point","coordinates":[16.485551,67.98201]},"properties":{"name":"Sámi Safari Camp","description":"Adgang: private","source":"OpenStreetMap","osm_ref":"node-9188722988"}},{"type":"Feature","id":"camp-osm-node-12873443596","geometry":{"type":"Point","coordinates":[8.992706,60.543363]},"properties":{"name":"Bjørnerud Fjellgård","source":"OpenStreetMap","osm_ref":"node-12873443596"}},{"type":"Feature","id":"camp-osm-node-12943901096","geometry":{"type":"Point","coordinates":[11.506135,60.526175]},"properties":{"name":"Rasen leirsted","description":"Adgang: permissive","source":"OpenStreetMap","osm_ref":"node-12943901096"}},{"type":"Feature","id":"camp-osm-way-26553594","geometry":{"type":"Point","coordinates":[9.796001,61.880424]},"properties":{"name":"Rondvassbu","source":"OpenStreetMap","osm_ref":"way-26553594"}},{"type":"Feature","id":"camp-osm-way-29491139","geometry":{"type":"Point","coordinates":[29.15628,69.21293]},"properties":{"name":"Øvre Pasvik Camping","source":"OpenStreetMap","osm_ref":"way-29491139"}},{"type":"Feature","id":"camp-osm-way-69920894","geometry":{"type":"Point","coordinates":[6.47331,62.20802]},"properties":{"name":"Hjørundfjord Camping","source":"OpenStreetMap","osm_ref":"way-69920894"}},{"type":"Feature","id":"camp-osm-way-118242098","geometry":{"type":"Point","coordinates":[10.475227,59.524456]},"properties":{"name":"Knatvoldstranda Camping","source":"OpenStreetMap","osm_ref":"way-118242098"}},{"type":"Feature","id":"camp-osm-way-156155188","geometry":{"type":"Point","coordinates":[9.068245,58.726237]},"properties":{"name":"Moen Camping","source":"OpenStreetMap","osm_ref":"way-156155188"}},{"type":"Feature","id":"camp-osm-way-169194044","geometry":{"type":"Point","coordinates":[7.036803,58.134661]},"properties":{"name":"Camp Lyngdal","source":"OpenStreetMap","osm_ref":"way-169194044"}},{"type":"Feature","id":"camp-osm-way-213844276","geometry":{"type":"Point","coordinates":[13.752233,68.15888]},"properties":{"name":"Lofoten Camp Storfjord","source":"OpenStreetMap","osm_ref":"way-213844276"}},{"type":"Feature","id":"camp-osm-way-244067336","geometry":{"type":"Point","coordinates":[7.69664,58.941846]},"properties":{"name":"Reiårsfossen Camp","source":"OpenStreetMap","osm_ref":"way-244067336"}},{"type":"Feature","id":"camp-osm-way-260447512","geometry":{"type":"Point","coordinates":[6.908834,60.565042]},"properties":{"name":"Ulvik Camping","source":"OpenStreetMap","osm_ref":"way-260447512"}},{"type":"Feature","id":"camp-osm-way-295927836","geometry":{"type":"Point","coordinates":[9.175287,62.030157]},"properties":{"name":"Bjørkhol Camping","source":"OpenStreetMap","osm_ref":"way-295927836"}},{"type":"Feature","id":"camp-osm-way-295927839","geometry":{"type":"Point","coordinates":[9.155275,62.041091]},"properties":{"name":"Faksfall Camping","source":"OpenStreetMap","osm_ref":"way-295927839"}},{"type":"Feature","id":"camp-osm-way-296084674","geometry":{"type":"Point","coordinates":[9.202262,62.014535]},"properties":{"name":"Holum Camping","source":"OpenStreetMap","osm_ref":"way-296084674"}},{"type":"Feature","id":"camp-osm-way-299738523","geometry":{"type":"Point","coordinates":[9.316625,61.928415]},"properties":{"name":"Dovreskogen Camping","source":"OpenStreetMap","osm_ref":"way-299738523"}},{"type":"Feature","id":"camp-osm-way-304849086","geometry":{"type":"Point","coordinates":[8.423206,62.22801]},"properties":{"name":"Aaheim Camping","source":"OpenStreetMap","osm_ref":"way-304849086"}},{"type":"Feature","id":"camp-osm-way-305044838","geometry":{"type":"Point","coordinates":[8.407809,62.2299]},"properties":{"name":"Lesjaskogvatnet Camping","source":"OpenStreetMap","osm_ref":"way-305044838"}},{"type":"Feature","id":"camp-osm-way-310909592","geometry":{"type":"Point","coordinates":[9.546892,62.195904]},"properties":{"name":"Hageseter Turisthytte","source":"OpenStreetMap","osm_ref":"way-310909592"}},{"type":"Feature","id":"camp-osm-way-325323213","geometry":{"type":"Point","coordinates":[25.48799,69.468416]},"properties":{"name":"Karasjok Camping","source":"OpenStreetMap","osm_ref":"way-325323213"}},{"type":"Feature","id":"camp-osm-way-361451916","geometry":{"type":"Point","coordinates":[15.979734,67.978114]},"properties":{"name":"Notvann camping","source":"OpenStreetMap","osm_ref":"way-361451916"}},{"type":"Feature","id":"camp-osm-way-397581677","geometry":{"type":"Point","coordinates":[13.385733,65.59374]},"properties":{"name":"Haugen Camping I","source":"OpenStreetMap","osm_ref":"way-397581677"}},{"type":"Feature","id":"camp-osm-way-398057715","geometry":{"type":"Point","coordinates":[12.268822,64.262725]},"properties":{"name":"Vegset Camping og Kiosk","source":"OpenStreetMap","osm_ref":"way-398057715"}},{"type":"Feature","id":"camp-osm-way-418088287","geometry":{"type":"Point","coordinates":[15.291476,68.871371]},"properties":{"name":"Toftenes Sjøhus-camping","source":"OpenStreetMap","osm_ref":"way-418088287"}},{"type":"Feature","id":"camp-osm-way-425353169","geometry":{"type":"Point","coordinates":[7.511448,58.235384]},"properties":{"name":"VillmarksCamp Mjåland Gård","source":"OpenStreetMap","osm_ref":"way-425353169"}},{"type":"Feature","id":"camp-osm-way-426552928","geometry":{"type":"Point","coordinates":[15.235646,68.531535]},"properties":{"name":"Møysalen Nasjonalparksenter (MNS) Camping","source":"OpenStreetMap","osm_ref":"way-426552928"}},{"type":"Feature","id":"camp-osm-way-426586071","geometry":{"type":"Point","coordinates":[15.6406,68.309955]},"properties":{"name":"Offersøy Feriesenter","source":"OpenStreetMap","osm_ref":"way-426586071"}},{"type":"Feature","id":"camp-osm-way-428777926","geometry":{"type":"Point","coordinates":[15.596202,67.346229]},"properties":{"name":"Strømhaug Camping","source":"OpenStreetMap","osm_ref":"way-428777926"}},{"type":"Feature","id":"camp-osm-way-444558894","geometry":{"type":"Point","coordinates":[9.415732,59.787094]},"properties":{"name":"Borge Fjellhandel Og Camping","source":"OpenStreetMap","osm_ref":"way-444558894"}},{"type":"Feature","id":"camp-osm-way-477832350","geometry":{"type":"Point","coordinates":[8.21922,60.61842]},"properties":{"name":"Birkelund Camping","source":"OpenStreetMap","osm_ref":"way-477832350"}},{"type":"Feature","id":"camp-osm-way-504769106","geometry":{"type":"Point","coordinates":[8.235518,60.542386]},"properties":{"name":"Geilo Hytter og Camping","source":"OpenStreetMap","osm_ref":"way-504769106"}},{"type":"Feature","id":"camp-osm-way-580264017","geometry":{"type":"Point","coordinates":[20.29498,69.379838]},"properties":{"name":"Olderelv Camping","source":"OpenStreetMap","osm_ref":"way-580264017"}},{"type":"Feature","id":"camp-osm-way-580264028","geometry":{"type":"Point","coordinates":[20.266362,69.378157]},"properties":{"name":"Strandbu Camping","source":"OpenStreetMap","osm_ref":"way-580264028"}},{"type":"Feature","id":"camp-osm-way-608253684","geometry":{"type":"Point","coordinates":[10.100541,60.07486]},"properties":{"name":"Hollerud Camping","source":"OpenStreetMap","osm_ref":"way-608253684"}},{"type":"Feature","id":"camp-osm-way-618354574","geometry":{"type":"Point","coordinates":[5.414444,60.347357]},"properties":{"name":"Grimen Motell & Camping A/S","source":"OpenStreetMap","osm_ref":"way-618354574"}},{"type":"Feature","id":"camp-osm-way-619269511","geometry":{"type":"Point","coordinates":[9.731907,61.746476]},"properties":{"name":"Bjørgebu Camping","source":"OpenStreetMap","osm_ref":"way-619269511"}},{"type":"Feature","id":"camp-osm-way-642927760","geometry":{"type":"Point","coordinates":[23.622825,69.426318]},"properties":{"name":"Masi Turistsenter","source":"OpenStreetMap","osm_ref":"way-642927760"}},{"type":"Feature","id":"camp-osm-way-683303436","geometry":{"type":"Point","coordinates":[7.233523,62.742018]},"properties":{"name":"Kviltorp Camping","source":"OpenStreetMap","osm_ref":"way-683303436"}},{"type":"Feature","id":"camp-osm-way-840309102","geometry":{"type":"Point","coordinates":[5.152228,60.18494]},"properties":{"name":"Kleppe Båtlag","source":"OpenStreetMap","osm_ref":"way-840309102"}},{"type":"Feature","id":"camp-osm-way-1086355686","geometry":{"type":"Point","coordinates":[10.359996,59.456597]},"properties":{"name":"Sand Bade- og Campingplass","source":"OpenStreetMap","osm_ref":"way-1086355686"}},{"type":"Feature","id":"camp-osm-way-1192395534","geometry":{"type":"Point","coordinates":[10.500082,61.00112]},"properties":{"name":"Flutua Camping","source":"OpenStreetMap","osm_ref":"way-1192395534"}},{"type":"Feature","id":"camp-osm-way-1499437414","geometry":{"type":"Point","coordinates":[6.715404,58.28922]},"properties":{"name":"Egenes Camping, Ferie og Fritidssenter","source":"OpenStreetMap","osm_ref":"way-1499437414"}},{"type":"Feature","id":"camp-osm-relation-5864062","geometry":{"type":"Point","coordinates":[14.726717,66.995413]},"properties":{"name":"Frantzen Gjestgiveri","source":"OpenStreetMap","osm_ref":"relation-5864062"}},{"type":"Feature","id":"camp-osm-relation-7284629","geometry":{"type":"Point","coordinates":[7.409817,62.230985]},"properties":{"name":"Tafjord Camping","source":"OpenStreetMap","osm_ref":"relation-7284629"}},{"type":"Feature","id":"camp-osm-relation-7284631","geometry":{"type":"Point","coordinates":[7.419953,62.233504]},"properties":{"name":"Båthamn Camping Tafjord","source":"OpenStreetMap","osm_ref":"relation-7284631"}},{"type":"Feature","id":"camp-osm-relation-10014156","geometry":{"type":"Point","coordinates":[12.059377,60.101112]},"properties":{"name":"Sjøstrand Camping","source":"OpenStreetMap","osm_ref":"relation-10014156"}},{"type":"Feature","id":"camp-osm-relation-11005025","geometry":{"type":"Point","coordinates":[6.724848,61.906238]},"properties":{"name":"Stryn Camping","source":"OpenStreetMap","osm_ref":"relation-11005025"}},{"type":"Feature","id":"camp-osm-relation-11870889","geometry":{"type":"Point","coordinates":[8.064713,58.119971]},"properties":{"name":"Kristiansand Feriesenter Dvergnestangen","source":"OpenStreetMap","osm_ref":"relation-11870889"}},{"type":"Feature","id":"camp-osm-relation-12412003","geometry":{"type":"Point","coordinates":[8.279793,61.880581]},"properties":{"name":"Bispen Camping","source":"OpenStreetMap","osm_ref":"relation-12412003"}},{"type":"Feature","id":"camp-osm-relation-12872112","geometry":{"type":"Point","coordinates":[6.876353,61.868878]},"properties":{"name":"Tjugen Camping","source":"OpenStreetMap","osm_ref":"relation-12872112"}},{"type":"Feature","id":"camp-osm-relation-12874275","geometry":{"type":"Point","coordinates":[13.903558,68.284548]},"properties":{"name":"Lofoten Turistsenter","source":"OpenStreetMap","osm_ref":"relation-12874275"}},{"type":"Feature","id":"camp-osm-relation-13767584","geometry":{"type":"Point","coordinates":[12.358742,60.19583]},"properties":{"name":"Dragonmoen Camping","source":"OpenStreetMap","osm_ref":"relation-13767584"}},{"type":"Feature","id":"camp-osm-relation-13773580","geometry":{"type":"Point","coordinates":[7.073106,58.661978]},"properties":{"name":"Knaben Camp","source":"OpenStreetMap","osm_ref":"relation-13773580"}},{"type":"Feature","id":"camp-osm-relation-14431508","geometry":{"type":"Point","coordinates":[17.857581,68.866389]},"properties":{"name":"Elvelund Camping","source":"OpenStreetMap","osm_ref":"relation-14431508"}},{"type":"Feature","id":"camp-osm-relation-15740010","geometry":{"type":"Point","coordinates":[9.318006,59.462614]},"properties":{"name":"Glamping Norge","source":"OpenStreetMap","osm_ref":"relation-15740010"}},{"type":"Feature","id":"camp-osm-relation-19414024","geometry":{"type":"Point","coordinates":[10.641191,60.451226]},"properties":{"name":"Lygna Camp","source":"OpenStreetMap","osm_ref":"relation-19414024"}},{"type":"Feature","id":"camp-osm-node-834391938","geometry":{"type":"Point","coordinates":[7.006168,61.803031]},"properties":{"name":"Bodal","source":"OpenStreetMap","osm_ref":"node-834391938"}},{"type":"Feature","id":"camp-osm-node-942875600","geometry":{"type":"Point","coordinates":[9.704842,62.827588]},"properties":{"name":"Granasjøen","source":"OpenStreetMap","osm_ref":"node-942875600"}},{"type":"Feature","id":"camp-osm-node-1813509397","geometry":{"type":"Point","coordinates":[9.597909,62.059146]},"properties":{"name":"Pundarvangen","source":"OpenStreetMap","osm_ref":"node-1813509397"}},{"type":"Feature","id":"camp-osm-node-2336143089","geometry":{"type":"Point","coordinates":[10.486414,63.391957]},"properties":{"name":"Estenstaddammen","source":"OpenStreetMap","osm_ref":"node-2336143089"}},{"type":"Feature","id":"camp-osm-node-2713689086","geometry":{"type":"Point","coordinates":[10.947345,63.337191]},"properties":{"name":"Røssvollen","description":"Med bålplass","source":"OpenStreetMap","osm_ref":"node-2713689086"}},{"type":"Feature","id":"camp-osm-node-2714156594","geometry":{"type":"Point","coordinates":[11.534517,63.108808]},"properties":{"name":"Hognabu","description":"Med bålplass","source":"OpenStreetMap","osm_ref":"node-2714156594"}},{"type":"Feature","id":"camp-osm-node-3663312922","geometry":{"type":"Point","coordinates":[27.835152,71.038117]},"properties":{"name":"Adventure Camp Mehamn","source":"OpenStreetMap","osm_ref":"node-3663312922"}},{"type":"Feature","id":"camp-osm-node-3663314237","geometry":{"type":"Point","coordinates":[9.960176,58.977577]},"properties":{"name":"Anvikstranda Camping","source":"OpenStreetMap","osm_ref":"node-3663314237"}},{"type":"Feature","id":"camp-osm-node-3663314246","geometry":{"type":"Point","coordinates":[6.290451,62.083216]},"properties":{"name":"Aurstad Hytter og Camping","source":"OpenStreetMap","osm_ref":"node-3663314246"}},{"type":"Feature","id":"camp-osm-node-3663314249","geometry":{"type":"Point","coordinates":[10.420993,63.983296]},"properties":{"name":"Bakkan gård","source":"OpenStreetMap","osm_ref":"node-3663314249"}},{"type":"Feature","id":"camp-osm-node-3663314251","geometry":{"type":"Point","coordinates":[11.450924,59.013997]},"properties":{"name":"Bakke Camping","source":"OpenStreetMap","osm_ref":"node-3663314251"}},{"type":"Feature","id":"camp-osm-node-3663314252","geometry":{"type":"Point","coordinates":[7.832434,62.449785]},"properties":{"name":"Bakken Camping","source":"OpenStreetMap","osm_ref":"node-3663314252"}},{"type":"Feature","id":"camp-osm-node-3663314257","geometry":{"type":"Point","coordinates":[8.184883,59.423704]},"properties":{"name":"Bandak Camping","source":"OpenStreetMap","osm_ref":"node-3663314257"}},{"type":"Feature","id":"camp-osm-node-3663314258","geometry":{"type":"Point","coordinates":[18.361033,68.876467]},"properties":{"name":"Bardu Camping & Turistsenter","source":"OpenStreetMap","osm_ref":"node-3663314258"}},{"type":"Feature","id":"camp-osm-node-3663314259","geometry":{"type":"Point","coordinates":[14.775183,66.923121]},"properties":{"name":"Beiarn Turistsenter","source":"OpenStreetMap","osm_ref":"node-3663314259"}},{"type":"Feature","id":"camp-osm-node-3663314269","geometry":{"type":"Point","coordinates":[8.853029,61.514363]},"properties":{"name":"Bessheim Fjellstue og Hytter","source":"OpenStreetMap","osm_ref":"node-3663314269"}},{"type":"Feature","id":"camp-osm-node-3663314270","geometry":{"type":"Point","coordinates":[9.090117,59.410472]},"properties":{"name":"Beverøya Camping","source":"OpenStreetMap","osm_ref":"node-3663314270"}},{"type":"Feature","id":"camp-osm-node-3663314271","geometry":{"type":"Point","coordinates":[11.038181,59.139281]},"properties":{"name":"Bevø Camping","source":"OpenStreetMap","osm_ref":"node-3663314271"}},{"type":"Feature","id":"camp-osm-node-3663314272","geometry":{"type":"Point","coordinates":[8.595477,58.350566]},"properties":{"name":"Bie Apartment & Feriesenter","source":"OpenStreetMap","osm_ref":"node-3663314272"}},{"type":"Feature","id":"camp-osm-node-3663314281","geometry":{"type":"Point","coordinates":[6.085696,58.602126]},"properties":{"name":"Bjerkreim Camping Gjedrem","source":"OpenStreetMap","osm_ref":"node-3663314281"}},{"type":"Feature","id":"camp-osm-node-3663314282","geometry":{"type":"Point","coordinates":[8.203911,62.258425]},"properties":{"name":"Bjorli Camping og Kafeteria","source":"OpenStreetMap","osm_ref":"node-3663314282"}},{"type":"Feature","id":"camp-osm-node-3663314283","geometry":{"type":"Point","coordinates":[7.224741,62.814543]},"properties":{"name":"Bjølstad Camping","source":"OpenStreetMap","osm_ref":"node-3663314283"}},{"type":"Feature","id":"camp-osm-node-3663314295","geometry":{"type":"Point","coordinates":[9.085359,59.804717]},"properties":{"name":"Blefjell Camping","source":"OpenStreetMap","osm_ref":"node-3663314295"}},{"type":"Feature","id":"camp-osm-node-3663314313","geometry":{"type":"Point","coordinates":[9.470135,62.612952]},"properties":{"name":"Breesgård Camping","source":"OpenStreetMap","osm_ref":"node-3663314313"}},{"type":"Feature","id":"camp-osm-node-3663314316","geometry":{"type":"Point","coordinates":[9.739462,63.626427]},"properties":{"name":"Breivika Camping","source":"OpenStreetMap","osm_ref":"node-3663314316"}},{"type":"Feature","id":"camp-osm-node-3663314317","geometry":{"type":"Point","coordinates":[8.873917,60.683128]},"properties":{"name":"Brekko Camping","source":"OpenStreetMap","osm_ref":"node-3663314317"}},{"type":"Feature","id":"camp-osm-node-3663314320","geometry":{"type":"Point","coordinates":[10.150984,62.140422]},"properties":{"name":"Brendryen Camping","source":"OpenStreetMap","osm_ref":"node-3663314320"}},{"type":"Feature","id":"camp-osm-node-3663314531","geometry":{"type":"Point","coordinates":[5.22469,60.678297]},"properties":{"name":"Bruvoll Camping & Hytter","source":"OpenStreetMap","osm_ref":"node-3663314531"}},{"type":"Feature","id":"camp-osm-node-3663314537","geometry":{"type":"Point","coordinates":[9.403129,61.527625]},"properties":{"name":"Bustad Hyttetun","source":"OpenStreetMap","osm_ref":"node-3663314537"}},{"type":"Feature","id":"camp-osm-node-3663314538","geometry":{"type":"Point","coordinates":[10.089696,60.44091]},"properties":{"name":"Buttingsrud Camping","source":"OpenStreetMap","osm_ref":"node-3663314538"}},{"type":"Feature","id":"camp-osm-node-3663314540","geometry":{"type":"Point","coordinates":[7.392926,59.389477]},"properties":{"name":"Byklestøylane Camping","source":"OpenStreetMap","osm_ref":"node-3663314540"}},{"type":"Feature","id":"camp-osm-node-3663314548","geometry":{"type":"Point","coordinates":[8.544141,61.130627]},"properties":{"name":"Bøflaten Camping","source":"OpenStreetMap","osm_ref":"node-3663314548"}},{"type":"Feature","id":"camp-osm-node-3663314561","geometry":{"type":"Point","coordinates":[6.607049,61.126876]},"properties":{"name":"Djuvik Camping","source":"OpenStreetMap","osm_ref":"node-3663314561"}},{"type":"Feature","id":"camp-osm-node-3663314567","geometry":{"type":"Point","coordinates":[9.966575,58.968443]},"properties":{"name":"Donavall Camping","source":"OpenStreetMap","osm_ref":"node-3663314567"}},{"type":"Feature","id":"camp-osm-node-3663314574","geometry":{"type":"Point","coordinates":[12.249353,60.649797]},"properties":{"name":"Dæsbekken Villmarksenter","source":"OpenStreetMap","osm_ref":"node-3663314574"}},{"type":"Feature","id":"camp-osm-node-3663314576","geometry":{"type":"Point","coordinates":[5.747802,61.330499]},"properties":{"name":"Døskelandlia Camping","source":"OpenStreetMap","osm_ref":"node-3663314576"}},{"type":"Feature","id":"camp-osm-node-3663314577","geometry":{"type":"Point","coordinates":[16.283088,68.36413]},"properties":{"name":"Hav camping","source":"OpenStreetMap","osm_ref":"node-3663314577"}},{"type":"Feature","id":"camp-osm-node-3663314580","geometry":{"type":"Point","coordinates":[7.154907,62.238991]},"properties":{"name":"Eidsdal Camping","source":"OpenStreetMap","osm_ref":"node-3663314580"}},{"type":"Feature","id":"camp-osm-node-3663314582","geometry":{"type":"Point","coordinates":[8.180323,62.480038]},"properties":{"name":"Eikesdal Camping","source":"OpenStreetMap","osm_ref":"node-3663314582"}},{"type":"Feature","id":"camp-osm-node-3663314583","geometry":{"type":"Point","coordinates":[6.551877,60.183157]},"properties":{"name":"Eikhamrane Camping","source":"OpenStreetMap","osm_ref":"node-3663314583"}},{"type":"Feature","id":"camp-osm-node-3663314586","geometry":{"type":"Point","coordinates":[10.168993,61.501728]},"properties":{"name":"Elstad Camping","source":"OpenStreetMap","osm_ref":"node-3663314586"}},{"type":"Feature","id":"camp-osm-node-3663314599","geometry":{"type":"Point","coordinates":[11.014733,63.452005]},"properties":{"name":"Ertsgaard Camping","source":"OpenStreetMap","osm_ref":"node-3663314599"}},{"type":"Feature","id":"camp-osm-node-3663314602","geometry":{"type":"Point","coordinates":[9.750381,60.832438]},"properties":{"name":"Etna Familiecamping","source":"OpenStreetMap","osm_ref":"node-3663314602"}},{"type":"Feature","id":"camp-osm-node-3663314603","geometry":{"type":"Point","coordinates":[5.952681,59.661422]},"properties":{"name":"Etne Camping","source":"OpenStreetMap","osm_ref":"node-3663314603"}},{"type":"Feature","id":"camp-osm-node-3663314605","geometry":{"type":"Point","coordinates":[7.822884,58.605342]},"properties":{"name":"Evjetun Leirsted","source":"OpenStreetMap","osm_ref":"node-3663314605"}},{"type":"Feature","id":"camp-osm-node-3663314607","geometry":{"type":"Point","coordinates":[11.678854,63.442552]},"properties":{"name":"Fagerlia Camping","source":"OpenStreetMap","osm_ref":"node-3663314607"}},{"type":"Feature","id":"camp-osm-node-3663314615","geometry":{"type":"Point","coordinates":[11.959723,61.969702]},"properties":{"name":"Femund Canoe Camp","source":"OpenStreetMap","osm_ref":"node-3663314615"}},{"type":"Feature","id":"camp-osm-node-3663314617","geometry":{"type":"Point","coordinates":[11.939122,61.919992]},"properties":{"name":"Femundtunet","source":"OpenStreetMap","osm_ref":"node-3663314617"}},{"type":"Feature","id":"camp-osm-node-3663314620","geometry":{"type":"Point","coordinates":[7.149674,60.416309]},"properties":{"name":"Finnasteinflåten Camping","source":"OpenStreetMap","osm_ref":"node-3663314620"}},{"type":"Feature","id":"camp-osm-node-3663314623","geometry":{"type":"Point","coordinates":[12.401068,60.41762]},"properties":{"name":"Finnskogen Kro og Motell","source":"OpenStreetMap","osm_ref":"node-3663314623"}},{"type":"Feature","id":"camp-osm-node-3663314624","geometry":{"type":"Point","coordinates":[12.262425,60.429117]},"properties":{"name":"Finnskogen Turist & Villmarksenter AS","source":"OpenStreetMap","osm_ref":"node-3663314624"}},{"type":"Feature","id":"camp-osm-node-3663314925","geometry":{"type":"Point","coordinates":[18.123762,69.239663]},"properties":{"name":"Finnsnes Feriesenter","source":"OpenStreetMap","osm_ref":"node-3663314925"}},{"type":"Feature","id":"camp-osm-node-3663314930","geometry":{"type":"Point","coordinates":[6.631707,61.165859]},"properties":{"name":"Fjellheim Camping","source":"OpenStreetMap","osm_ref":"node-3663314930"}},{"type":"Feature","id":"camp-osm-node-3663314934","geometry":{"type":"Point","coordinates":[9.811912,62.177522]},"properties":{"name":"Fjellsyn Camping","source":"OpenStreetMap","osm_ref":"node-3663314934"}},{"type":"Feature","id":"camp-osm-node-3663314941","geometry":{"type":"Point","coordinates":[10.875549,64.92611]},"properties":{"name":"Fjukstad camping","source":"OpenStreetMap","osm_ref":"node-3663314941"}},{"type":"Feature","id":"camp-osm-node-3663314952","geometry":{"type":"Point","coordinates":[12.330448,64.692938]},"properties":{"name":"Flåt Camping","source":"OpenStreetMap","osm_ref":"node-3663314952"}},{"type":"Feature","id":"camp-osm-node-3663314953","geometry":{"type":"Point","coordinates":[5.850202,62.403093]},"properties":{"name":"Flø Feriesenter AS","source":"OpenStreetMap","osm_ref":"node-3663314953"}},{"type":"Feature","id":"camp-osm-node-3663314964","geometry":{"type":"Point","coordinates":[8.135377,59.320457]},"properties":{"name":"Fossumsanden Camping","source":"OpenStreetMap","osm_ref":"node-3663314964"}},{"type":"Feature","id":"camp-osm-node-3663314971","geometry":{"type":"Point","coordinates":[11.509111,60.168392]},"properties":{"name":"Frognerstrand Camping AS","source":"OpenStreetMap","osm_ref":"node-3663314971"}},{"type":"Feature","id":"camp-osm-node-3663314975","geometry":{"type":"Point","coordinates":[10.756012,59.317858]},"properties":{"name":"Fuglevikstranda Familiecamping","source":"OpenStreetMap","osm_ref":"node-3663314975"}},{"type":"Feature","id":"camp-osm-node-3663314976","geometry":{"type":"Point","coordinates":[8.609242,62.664528]},"properties":{"name":"Furu Camping","source":"OpenStreetMap","osm_ref":"node-3663314976"}},{"type":"Feature","id":"camp-osm-node-3663314977","geometry":{"type":"Point","coordinates":[8.6171,62.664327]},"properties":{"name":"Furu Laksvald Og Campingsenter","source":"OpenStreetMap","osm_ref":"node-3663314977"}},{"type":"Feature","id":"camp-osm-node-3663314978","geometry":{"type":"Point","coordinates":[9.37032,62.153582]},"properties":{"name":"Furuhaugli Turisthytter","source":"OpenStreetMap","osm_ref":"node-3663314978"}},{"type":"Feature","id":"camp-osm-node-3663314986","geometry":{"type":"Point","coordinates":[5.595395,60.201636]},"properties":{"name":"Fusa Camping","source":"OpenStreetMap","osm_ref":"node-3663314986"}},{"type":"Feature","id":"camp-osm-node-3663314993","geometry":{"type":"Point","coordinates":[9.695697,61.031146]},"properties":{"name":"Gamlestølen Turistsenter","source":"OpenStreetMap","osm_ref":"node-3663314993"}},{"type":"Feature","id":"camp-osm-node-3663314999","geometry":{"type":"Point","coordinates":[8.740219,59.431347]},"properties":{"name":"Garvikstrondi Camping","source":"OpenStreetMap","osm_ref":"node-3663314999"}},{"type":"Feature","id":"camp-osm-node-3663315006","geometry":{"type":"Point","coordinates":[6.287186,58.821972]},"properties":{"name":"Giljastølen Camping","source":"OpenStreetMap","osm_ref":"node-3663315006"}},{"type":"Feature","id":"camp-osm-node-3663315007","geometry":{"type":"Point","coordinates":[10.989968,63.888344]},"properties":{"name":"Gipling Caravan & Fritid","source":"OpenStreetMap","osm_ref":"node-3663315007"}},{"type":"Feature","id":"camp-osm-node-3663315013","geometry":{"type":"Point","coordinates":[9.119715,58.650174]},"properties":{"name":"Gjeving Marina Camping","source":"OpenStreetMap","osm_ref":"node-3663315013"}},{"type":"Feature","id":"camp-osm-node-3663315015","geometry":{"type":"Point","coordinates":[6.195797,61.767808]},"properties":{"name":"Gloppen Camping og Fritidssenter","source":"OpenStreetMap","osm_ref":"node-3663315015"}},{"type":"Feature","id":"camp-osm-node-3663315226","geometry":{"type":"Point","coordinates":[5.905384,59.49988]},"properties":{"name":"Grimaas Camping og Fiske","source":"OpenStreetMap","osm_ref":"node-3663315226"}},{"type":"Feature","id":"camp-osm-node-3663315228","geometry":{"type":"Point","coordinates":[10.172099,62.155589]},"properties":{"name":"Grimsbu Turistsenter","source":"OpenStreetMap","osm_ref":"node-3663315228"}},{"type":"Feature","id":"camp-osm-node-3663315234","geometry":{"type":"Point","coordinates":[7.992052,59.572572]},"properties":{"name":"Groven Camping og Hyttegrend","source":"OpenStreetMap","osm_ref":"node-3663315234"}},{"type":"Feature","id":"camp-osm-node-3663315237","geometry":{"type":"Point","coordinates":[11.445588,63.059264]},"properties":{"name":"Græslifoss Fiskecamp","source":"OpenStreetMap","osm_ref":"node-3663315237"}},{"type":"Feature","id":"camp-osm-node-3663315240","geometry":{"type":"Point","coordinates":[11.610504,63.443608]},"properties":{"name":"Gudå Camping & Kiosk","source":"OpenStreetMap","osm_ref":"node-3663315240"}},{"type":"Feature","id":"camp-osm-node-3663315258","geometry":{"type":"Point","coordinates":[10.073904,62.866043]},"properties":{"name":"Halland Camping","source":"OpenStreetMap","osm_ref":"node-3663315258"}},{"type":"Feature","id":"camp-osm-node-3663315260","geometry":{"type":"Point","coordinates":[8.541412,60.624386]},"properties":{"name":"Hallingdal Feriepark","source":"OpenStreetMap","osm_ref":"node-3663315260"}},{"type":"Feature","id":"camp-osm-node-3663315261","geometry":{"type":"Point","coordinates":[9.749581,62.613182]},"properties":{"name":"Halsetløkka Oppdal Camping","source":"OpenStreetMap","osm_ref":"node-3663315261"}},{"type":"Feature","id":"camp-osm-node-3663315263","geometry":{"type":"Point","coordinates":[9.556185,60.011193]},"properties":{"name":"Halvorseth Camping","source":"OpenStreetMap","osm_ref":"node-3663315263"}},{"type":"Feature","id":"camp-osm-node-3663315270","geometry":{"type":"Point","coordinates":[9.780673,59.573732]},"properties":{"name":"Hamremoen Gård","source":"OpenStreetMap","osm_ref":"node-3663315270"}},{"type":"Feature","id":"camp-osm-node-3663315274","geometry":{"type":"Point","coordinates":[11.077584,60.401389]},"properties":{"name":"Haraldvangen AS","source":"OpenStreetMap","osm_ref":"node-3663315274"}},{"type":"Feature","id":"camp-osm-node-3663315282","geometry":{"type":"Point","coordinates":[5.977108,58.433776]},"properties":{"name":"Hauen Camping","source":"OpenStreetMap","osm_ref":"node-3663315282"}},{"type":"Feature","id":"camp-osm-node-3663315286","geometry":{"type":"Point","coordinates":[6.910962,58.922821]},"properties":{"name":"Haugen Hytteutleie og Camping","source":"OpenStreetMap","osm_ref":"node-3663315286"}},{"type":"Feature","id":"camp-osm-node-3663315287","geometry":{"type":"Point","coordinates":[8.50584,58.944441]},"properties":{"name":"Haugsjåsund Camping","source":"OpenStreetMap","osm_ref":"node-3663315287"}},{"type":"Feature","id":"camp-osm-node-3663315290","geometry":{"type":"Point","coordinates":[9.606764,63.620005]},"properties":{"name":"Hegg Camping","source":"OpenStreetMap","osm_ref":"node-3663315290"}},{"type":"Feature","id":"camp-osm-node-3663315300","geometry":{"type":"Point","coordinates":[6.080251,61.996898]},"properties":{"name":"Helset Hytter og Camping","source":"OpenStreetMap","osm_ref":"node-3663315300"}},{"type":"Feature","id":"camp-osm-node-3663315302","geometry":{"type":"Point","coordinates":[6.804796,60.860978]},"properties":{"name":"Hemre Camping","source":"OpenStreetMap","osm_ref":"node-3663315302"}},{"type":"Feature","id":"camp-osm-node-3663315305","geometry":{"type":"Point","coordinates":[5.602596,59.325898]},"properties":{"name":"Hervik Camping","source":"OpenStreetMap","osm_ref":"node-3663315305"}},{"type":"Feature","id":"camp-osm-node-3663315307","geometry":{"type":"Point","coordinates":[5.692651,62.341793]},"properties":{"name":"Herøy Kystcamp","source":"OpenStreetMap","osm_ref":"node-3663315307"}},{"type":"Feature","id":"camp-osm-node-3663315313","geometry":{"type":"Point","coordinates":[9.106366,63.524515]},"properties":{"name":"Hitra Camping og Kro","source":"OpenStreetMap","osm_ref":"node-3663315313"}},{"type":"Feature","id":"camp-osm-node-3663315324","geometry":{"type":"Point","coordinates":[18.103632,69.350268]},"properties":{"name":"Holmen Leirsted","source":"OpenStreetMap","osm_ref":"node-3663315324"}},{"type":"Feature","id":"camp-osm-node-3663315325","geometry":{"type":"Point","coordinates":[6.961746,61.936093]},"properties":{"name":"Holmevik Camping og Hytter","source":"OpenStreetMap","osm_ref":"node-3663315325"}},{"type":"Feature","id":"camp-osm-node-3663315326","geometry":{"type":"Point","coordinates":[9.994758,59.188742]},"properties":{"name":"Holmfoss Hytteutleie Og Camping","source":"OpenStreetMap","osm_ref":"node-3663315326"}},{"type":"Feature","id":"camp-osm-node-3663315349","geometry":{"type":"Point","coordinates":[10.727992,59.315592]},"properties":{"name":"Huseby Camping","source":"OpenStreetMap","osm_ref":"node-3663315349"}},{"type":"Feature","id":"camp-osm-node-3663315353","geometry":{"type":"Point","coordinates":[8.000938,59.581249]},"properties":{"name":"Hyllandsfoss Camping","source":"OpenStreetMap","osm_ref":"node-3663315353"}},{"type":"Feature","id":"camp-osm-node-3663315356","geometry":{"type":"Point","coordinates":[7.453618,58.353815]},"properties":{"name":"Høgetveits Naturcamp","source":"OpenStreetMap","osm_ref":"node-3663315356"}},{"type":"Feature","id":"camp-osm-node-3663315358","geometry":{"type":"Point","coordinates":[12.239327,65.972435]},"properties":{"name":"Høgtun Sjøcamping","source":"OpenStreetMap","osm_ref":"node-3663315358"}},{"type":"Feature","id":"camp-osm-node-3663315359","geometry":{"type":"Point","coordinates":[9.310106,59.834812]},"properties":{"name":"Høimyr Fjellcamping","source":"OpenStreetMap","osm_ref":"node-3663315359"}},{"type":"Feature","id":"camp-osm-node-3663315360","geometry":{"type":"Point","coordinates":[11.187342,59.189153]},"properties":{"name":"Høysand Camping","source":"OpenStreetMap","osm_ref":"node-3663315360"}},{"type":"Feature","id":"camp-osm-node-3663315365","geometry":{"type":"Point","coordinates":[11.616623,62.145079]},"properties":{"name":"Johnsgård Turistsenter","source":"OpenStreetMap","osm_ref":"node-3663315365"}},{"type":"Feature","id":"camp-osm-node-3663315367","geometry":{"type":"Point","coordinates":[11.872943,62.232425]},"properties":{"name":"Jonasvollen Camping","source":"OpenStreetMap","osm_ref":"node-3663315367"}},{"type":"Feature","id":"camp-osm-node-3663315369","geometry":{"type":"Point","coordinates":[9.120658,61.729664]},"properties":{"name":"Jotunheimen Feriesenter","source":"OpenStreetMap","osm_ref":"node-3663315369"}},{"type":"Feature","id":"camp-osm-node-3663315372","geometry":{"type":"Point","coordinates":[6.084317,61.488001]},"properties":{"name":"Jølstraholmen Camping","source":"OpenStreetMap","osm_ref":"node-3663315372"}},{"type":"Feature","id":"camp-osm-node-3663315373","geometry":{"type":"Point","coordinates":[6.113331,61.491683]},"properties":{"name":"Jølvassbu Camping","source":"OpenStreetMap","osm_ref":"node-3663315373"}},{"type":"Feature","id":"camp-osm-node-3663315375","geometry":{"type":"Point","coordinates":[6.883047,58.885757]},"properties":{"name":"Kalveløa Camping","source":"OpenStreetMap","osm_ref":"node-3663315375"}},{"type":"Feature","id":"camp-osm-node-3663315378","geometry":{"type":"Point","coordinates":[8.817647,59.325615]},"properties":{"name":"Kilen Feriesenter","source":"OpenStreetMap","osm_ref":"node-3663315378"}},{"type":"Feature","id":"camp-osm-node-3663315384","geometry":{"type":"Point","coordinates":[9.694399,61.666645]},"properties":{"name":"Kirketeigen Ungdomssenter og Camping","source":"OpenStreetMap","osm_ref":"node-3663315384"}},{"type":"Feature","id":"camp-osm-node-3663315386","geometry":{"type":"Point","coordinates":[14.30922,67.072682]},"properties":{"name":"Kjellingstraumen Fjordcamp","source":"OpenStreetMap","osm_ref":"node-3663315386"}},{"type":"Feature","id":"camp-osm-node-3663315388","geometry":{"type":"Point","coordinates":[6.649013,59.053786]},"properties":{"name":"Kjerag Lysebotn Camping Resort","source":"OpenStreetMap","osm_ref":"node-3663315388"}},{"type":"Feature","id":"camp-osm-node-3663315391","geometry":{"type":"Point","coordinates":[9.960499,58.978704]},"properties":{"name":"Kjærstranda Familiecamping","source":"OpenStreetMap","osm_ref":"node-3663315391"}},{"type":"Feature","id":"camp-osm-node-3663315393","geometry":{"type":"Point","coordinates":[9.621388,58.947048]},"properties":{"name":"Kjønnøya camping","source":"OpenStreetMap","osm_ref":"node-3663315393"}},{"type":"Feature","id":"camp-osm-node-3663315398","geometry":{"type":"Point","coordinates":[5.425378,59.195263]},"properties":{"name":"Kleivå Gardscamping","source":"OpenStreetMap","osm_ref":"node-3663315398"}},{"type":"Feature","id":"camp-osm-node-3663315405","geometry":{"type":"Point","coordinates":[9.970368,58.985642]},"properties":{"name":"Kolbensrød Camping","source":"OpenStreetMap","osm_ref":"node-3663315405"}},{"type":"Feature","id":"camp-osm-node-3663315409","geometry":{"type":"Point","coordinates":[5.845202,58.775898]},"properties":{"name":"Kongeparken camping","source":"OpenStreetMap","osm_ref":"node-3663315409"}},{"type":"Feature","id":"camp-osm-node-3663315415","geometry":{"type":"Point","coordinates":[10.816399,63.583821]},"properties":{"name":"Korsnes Camping","source":"OpenStreetMap","osm_ref":"node-3663315415"}},{"type":"Feature","id":"camp-osm-node-3663315416","geometry":{"type":"Point","coordinates":[4.991791,61.254056]},"properties":{"name":"Korssund Camping & Marina","source":"OpenStreetMap","osm_ref":"node-3663315416"}},{"type":"Feature","id":"camp-osm-node-3663315417","geometry":{"type":"Point","coordinates":[9.348916,58.841953]},"properties":{"name":"Kragerøfjorden Camping","source":"OpenStreetMap","osm_ref":"node-3663315417"}},{"type":"Feature","id":"camp-osm-node-3663315424","geometry":{"type":"Point","coordinates":[10.449992,59.08305]},"properties":{"name":"Kruge Leirskole Og Hytteutleie","source":"OpenStreetMap","osm_ref":"node-3663315424"}},{"type":"Feature","id":"camp-osm-node-3663315529","geometry":{"type":"Point","coordinates":[9.048104,60.784007]},"properties":{"name":"Kvanhøgd Turistsenter","source":"OpenStreetMap","osm_ref":"node-3663315529"}},{"type":"Feature","id":"camp-osm-node-3663315531","geometry":{"type":"Point","coordinates":[8.560335,62.890309]},"properties":{"name":"Kvanne Camping","source":"OpenStreetMap","osm_ref":"node-3663315531"}},{"type":"Feature","id":"camp-osm-node-3663315533","geometry":{"type":"Point","coordinates":[10.897112,62.370098]},"properties":{"name":"Kvennan Camping","source":"OpenStreetMap","osm_ref":"node-3663315533"}},{"type":"Feature","id":"camp-osm-node-3663315535","geometry":{"type":"Point","coordinates":[11.352697,61.073611]},"properties":{"name":"Kvile Camping","source":"OpenStreetMap","osm_ref":"node-3663315535"}},{"type":"Feature","id":"camp-osm-node-3663315538","geometry":{"type":"Point","coordinates":[7.985257,63.065174]},"properties":{"name":"Kvisvik Camping","source":"OpenStreetMap","osm_ref":"node-3663315538"}},{"type":"Feature","id":"camp-osm-node-3663315544","geometry":{"type":"Point","coordinates":[6.111299,59.745241]},"properties":{"name":"Kyrping Camping","source":"OpenStreetMap","osm_ref":"node-3663315544"}},{"type":"Feature","id":"camp-osm-node-3663315555","geometry":{"type":"Point","coordinates":[10.362474,63.981828]},"properties":{"name":"Langnesodden Camping","source":"OpenStreetMap","osm_ref":"node-3663315555"}},{"type":"Feature","id":"camp-osm-node-3663315556","geometry":{"type":"Point","coordinates":[10.729874,62.044884]},"properties":{"name":"Langodden Gard","source":"OpenStreetMap","osm_ref":"node-3663315556"}},{"type":"Feature","id":"camp-osm-node-3663315561","geometry":{"type":"Point","coordinates":[10.686167,59.310423]},"properties":{"name":"Larkollen Camping","source":"OpenStreetMap","osm_ref":"node-3663315561"}},{"type":"Feature","id":"camp-osm-node-3663315570","geometry":{"type":"Point","coordinates":[13.723001,64.443365]},"properties":{"name":"Lierne Gjestegård","source":"OpenStreetMap","osm_ref":"node-3663315570"}},{"type":"Feature","id":"camp-osm-node-3663315574","geometry":{"type":"Point","coordinates":[11.852612,64.444597]},"properties":{"name":"Lilleøen Gård","source":"OpenStreetMap","osm_ref":"node-3663315574"}},{"type":"Feature","id":"camp-osm-node-3663315580","geometry":{"type":"Point","coordinates":[9.767666,61.531182]},"properties":{"name":"Livoll Ungdomssenter","source":"OpenStreetMap","osm_ref":"node-3663315580"}},{"type":"Feature","id":"camp-osm-node-3663315594","geometry":{"type":"Point","coordinates":[10.292988,63.153787]},"properties":{"name":"Lundamo Camping","source":"OpenStreetMap","osm_ref":"node-3663315594"}},{"type":"Feature","id":"camp-osm-node-3663315597","geometry":{"type":"Point","coordinates":[9.965245,58.982211]},"properties":{"name":"Lydhusstranda Camping","source":"OpenStreetMap","osm_ref":"node-3663315597"}},{"type":"Feature","id":"camp-osm-node-3663315600","geometry":{"type":"Point","coordinates":[7.06397,58.128593]},"properties":{"name":"Lyngdal Campingpark","source":"OpenStreetMap","osm_ref":"node-3663315600"}},{"type":"Feature","id":"camp-osm-node-3663315605","geometry":{"type":"Point","coordinates":[7.407342,63.037521]},"properties":{"name":"Lysøen rorbuer","source":"OpenStreetMap","osm_ref":"node-3663315605"}},{"type":"Feature","id":"camp-osm-node-3663315606","geometry":{"type":"Point","coordinates":[9.062075,60.792089]},"properties":{"name":"Lægeret Fritidssenter","source":"OpenStreetMap","osm_ref":"node-3663315606"}},{"type":"Feature","id":"camp-osm-node-3663315610","geometry":{"type":"Point","coordinates":[10.439307,59.446711]},"properties":{"name":"Løvøya Camping & Båthavn","source":"OpenStreetMap","osm_ref":"node-3663315610"}},{"type":"Feature","id":"camp-osm-node-3663315611","geometry":{"type":"Point","coordinates":[8.522392,59.275951]},"properties":{"name":"Løyne Camping og Hytteutleie","source":"OpenStreetMap","osm_ref":"node-3663315611"}},{"type":"Feature","id":"camp-osm-node-3663315614","geometry":{"type":"Point","coordinates":[8.08664,63.109649]},"properties":{"name":"Magnillen Camping","source":"OpenStreetMap","osm_ref":"node-3663315614"}},{"type":"Feature","id":"camp-osm-node-3663315618","geometry":{"type":"Point","coordinates":[11.032301,63.225003]},"properties":{"name":"Marienborg Gjestgiveri & Camping","source":"OpenStreetMap","osm_ref":"node-3663315618"}},{"type":"Feature","id":"camp-osm-node-3663315619","geometry":{"type":"Point","coordinates":[11.02504,63.228248]},"properties":{"name":"Marienborg Gjestgiveri & Camping","source":"OpenStreetMap","osm_ref":"node-3663315619"}},{"type":"Feature","id":"camp-osm-node-3663315620","geometry":{"type":"Point","coordinates":[8.0348,61.110142]},"properties":{"name":"Maristuen Fjellferie AS","source":"OpenStreetMap","osm_ref":"node-3663315620"}},{"type":"Feature","id":"camp-osm-node-3663315623","geometry":{"type":"Point","coordinates":[7.336394,60.412299]},"properties":{"name":"Maursæth Turistsenter","source":"OpenStreetMap","osm_ref":"node-3663315623"}},{"type":"Feature","id":"camp-osm-node-3663315926","geometry":{"type":"Point","coordinates":[5.465139,59.310606]},"properties":{"name":"Melkevik Camping","source":"OpenStreetMap","osm_ref":"node-3663315926"}},{"type":"Feature","id":"camp-osm-node-3663315929","geometry":{"type":"Point","coordinates":[13.349066,66.823758]},"properties":{"name":"Meløy Skjærgårdsferie","source":"OpenStreetMap","osm_ref":"node-3663315929"}},{"type":"Feature","id":"camp-osm-node-3663315946","geometry":{"type":"Point","coordinates":[9.437028,63.460492]},"properties":{"name":"Mjønesaune Camping","source":"OpenStreetMap","osm_ref":"node-3663315946"}},{"type":"Feature","id":"camp-osm-node-3663315952","geometry":{"type":"Point","coordinates":[8.618979,60.844618]},"properties":{"name":"Moen Hytter & Camping","source":"OpenStreetMap","osm_ref":"node-3663315952"}},{"type":"Feature","id":"camp-osm-node-3663315959","geometry":{"type":"Point","coordinates":[9.715851,60.712014]},"properties":{"name":"Morudstranda Kolonicamping","source":"OpenStreetMap","osm_ref":"node-3663315959"}},{"type":"Feature","id":"camp-osm-node-3663315960","geometry":{"type":"Point","coordinates":[8.5435,58.314582]},"properties":{"name":"Morvigsanden Camping","source":"OpenStreetMap","osm_ref":"node-3663315960"}},{"type":"Feature","id":"camp-osm-node-3663315964","geometry":{"type":"Point","coordinates":[10.393092,59.078527]},"properties":{"name":"Mostranda Camping","source":"OpenStreetMap","osm_ref":"node-3663315964"}},{"type":"Feature","id":"camp-osm-node-3663315966","geometry":{"type":"Point","coordinates":[7.116981,60.425035]},"properties":{"name":"Myklatun Camping","source":"OpenStreetMap","osm_ref":"node-3663315966"}},{"type":"Feature","id":"camp-osm-node-3663315969","geometry":{"type":"Point","coordinates":[10.933607,59.101835]},"properties":{"name":"Myrvold Feriehjem","source":"OpenStreetMap","osm_ref":"node-3663315969"}},{"type":"Feature","id":"camp-osm-node-3663315973","geometry":{"type":"Point","coordinates":[7.438633,62.536413]},"properties":{"name":"Måna Camping","source":"OpenStreetMap","osm_ref":"node-3663315973"}},{"type":"Feature","id":"camp-osm-node-3663315981","geometry":{"type":"Point","coordinates":[10.020102,59.977362]},"properties":{"name":"Natvedt Camping","source":"OpenStreetMap","osm_ref":"node-3663315981"}},{"type":"Feature","id":"camp-osm-node-3663315982","geometry":{"type":"Point","coordinates":[15.015563,67.772836]},"properties":{"name":"Naustvik Camping","source":"OpenStreetMap","osm_ref":"node-3663315982"}},{"type":"Feature","id":"camp-osm-node-3663315986","geometry":{"type":"Point","coordinates":[5.8519,59.34503]},"properties":{"name":"Nedstrand Feriesenter (Neglected)","source":"OpenStreetMap","osm_ref":"node-3663315986"}},{"type":"Feature","id":"camp-osm-node-3663315989","geometry":{"type":"Point","coordinates":[10.641154,59.482127]},"properties":{"name":"Nes Camping","source":"OpenStreetMap","osm_ref":"node-3663315989"}},{"type":"Feature","id":"camp-osm-node-3663315991","geometry":{"type":"Point","coordinates":[9.117948,60.560488]},"properties":{"name":"Nesbyen Camping","source":"OpenStreetMap","osm_ref":"node-3663315991"}},{"type":"Feature","id":"camp-osm-node-3663315996","geometry":{"type":"Point","coordinates":[12.082135,62.964937]},"properties":{"name":"Nesjø Båtutleie","source":"OpenStreetMap","osm_ref":"node-3663315996"}},{"type":"Feature","id":"camp-osm-node-3663315997","geometry":{"type":"Point","coordinates":[15.416272,68.006737]},"properties":{"name":"Ness Camping","source":"OpenStreetMap","osm_ref":"node-3663315997"}},{"type":"Feature","id":"camp-osm-node-3663316005","geometry":{"type":"Point","coordinates":[11.812165,59.746329]},"properties":{"name":"Nord Steinby Kro og Camping","source":"OpenStreetMap","osm_ref":"node-3663316005"}},{"type":"Feature","id":"camp-osm-node-3663316135","geometry":{"type":"Point","coordinates":[9.659697,63.811647]},"properties":{"name":"Oksvoll Camping","source":"OpenStreetMap","osm_ref":"node-3663316135"}},{"type":"Feature","id":"camp-osm-node-3663316137","geometry":{"type":"Point","coordinates":[11.292517,59.688887]},"properties":{"name":"Olberg Camping","source":"OpenStreetMap","osm_ref":"node-3663316137"}},{"type":"Feature","id":"camp-osm-node-3663316142","geometry":{"type":"Point","coordinates":[6.807823,61.75752]},"properties":{"name":"Oldevatn Camping","source":"OpenStreetMap","osm_ref":"node-3663316142"}},{"type":"Feature","id":"camp-osm-node-3663316143","geometry":{"type":"Point","coordinates":[11.669225,60.881469]},"properties":{"name":"Ole Reistad Senter","source":"OpenStreetMap","osm_ref":"node-3663316143"}},{"type":"Feature","id":"camp-osm-node-3663316146","geometry":{"type":"Point","coordinates":[8.366277,58.623931]},"properties":{"name":"Omnes Camping og Hytter","source":"OpenStreetMap","osm_ref":"node-3663316146"}},{"type":"Feature","id":"camp-osm-node-3663316149","geometry":{"type":"Point","coordinates":[10.180659,60.09427]},"properties":{"name":"Onsakervika Camping","source":"OpenStreetMap","osm_ref":"node-3663316149"}},{"type":"Feature","id":"camp-osm-node-3663316158","geometry":{"type":"Point","coordinates":[11.913793,61.172941]},"properties":{"name":"Osensjøen Turistsenter","source":"OpenStreetMap","osm_ref":"node-3663316158"}},{"type":"Feature","id":"camp-osm-node-3663316162","geometry":{"type":"Point","coordinates":[9.551225,61.794297]},"properties":{"name":"Otta Turistsenter","source":"OpenStreetMap","osm_ref":"node-3663316162"}},{"type":"Feature","id":"camp-osm-node-3663316166","geometry":{"type":"Point","coordinates":[10.360199,61.279966]},"properties":{"name":"Pluscamp Rustberg","source":"OpenStreetMap","osm_ref":"node-3663316166"}},{"type":"Feature","id":"camp-osm-node-3663316169","geometry":{"type":"Point","coordinates":[18.111311,68.692079]},"properties":{"name":"Polar Park","source":"OpenStreetMap","osm_ref":"node-3663316169"}},{"type":"Feature","id":"camp-osm-node-3663316170","geometry":{"type":"Point","coordinates":[8.922553,61.549714]},"properties":{"name":"Postfuru camping","source":"OpenStreetMap","osm_ref":"node-3663316170"}},{"type":"Feature","id":"camp-osm-node-3663316182","geometry":{"type":"Point","coordinates":[6.408008,61.731327]},"properties":{"name":"Reed Camping & Fritid","source":"OpenStreetMap","osm_ref":"node-3663316182"}},{"type":"Feature","id":"camp-osm-node-3663316183","geometry":{"type":"Point","coordinates":[5.08615,62.001629]},"properties":{"name":"Refviksanden","source":"OpenStreetMap","osm_ref":"node-3663316183"}},{"type":"Feature","id":"camp-osm-node-3663316186","geometry":{"type":"Point","coordinates":[7.236262,62.252121]},"properties":{"name":"Relling Camping","source":"OpenStreetMap","osm_ref":"node-3663316186"}},{"type":"Feature","id":"camp-osm-node-3663316187","geometry":{"type":"Point","coordinates":[11.37939,61.138475]},"properties":{"name":"Rena Camping","source":"OpenStreetMap","osm_ref":"node-3663316187"}},{"type":"Feature","id":"camp-osm-node-3663316203","geometry":{"type":"Point","coordinates":[10.092088,61.644124]},"properties":{"name":"Rondevegen Turistsenter","source":"OpenStreetMap","osm_ref":"node-3663316203"}},{"type":"Feature","id":"camp-osm-node-3663316205","geometry":{"type":"Point","coordinates":[5.989833,60.006973]},"properties":{"name":"Rosendal Hyttetun","source":"OpenStreetMap","osm_ref":"node-3663316205"}},{"type":"Feature","id":"camp-osm-node-3663316207","geometry":{"type":"Point","coordinates":[10.556219,61.095337]},"properties":{"name":"Roterud Fritidsgard","source":"OpenStreetMap","osm_ref":"node-3663316207"}},{"type":"Feature","id":"camp-osm-node-3663316214","geometry":{"type":"Point","coordinates":[6.827641,59.830822]},"properties":{"name":"Røldal Hyttegrend & Camping","source":"OpenStreetMap","osm_ref":"node-3663316214"}},{"type":"Feature","id":"camp-osm-node-3663316217","geometry":{"type":"Point","coordinates":[10.476359,59.397659]},"properties":{"name":"Rørestrand Camping","source":"OpenStreetMap","osm_ref":"node-3663316217"}},{"type":"Feature","id":"camp-osm-node-3663316221","geometry":{"type":"Point","coordinates":[12.110728,67.509466]},"properties":{"name":"Røst Havfiske Camping","source":"OpenStreetMap","osm_ref":"node-3663316221"}},{"type":"Feature","id":"camp-osm-node-3663316222","geometry":{"type":"Point","coordinates":[10.762419,59.315684]},"properties":{"name":"Røstad Familiecamping","source":"OpenStreetMap","osm_ref":"node-3663316222"}},{"type":"Feature","id":"camp-osm-node-3663316326","geometry":{"type":"Point","coordinates":[12.244854,65.200352]},"properties":{"name":"Røytvoll båt og hytteutleie","source":"OpenStreetMap","osm_ref":"node-3663316326"}},{"type":"Feature","id":"camp-osm-node-3663316327","geometry":{"type":"Point","coordinates":[8.521168,59.014226]},"properties":{"name":"Saga camping","source":"OpenStreetMap","osm_ref":"node-3663316327"}},{"type":"Feature","id":"camp-osm-node-3663316338","geometry":{"type":"Point","coordinates":[8.904948,59.419167]},"properties":{"name":"Sanda Camping og Hytteutleie","source":"OpenStreetMap","osm_ref":"node-3663316338"}},{"type":"Feature","id":"camp-osm-node-3663316354","geometry":{"type":"Point","coordinates":[5.661999,59.355377]},"properties":{"name":"Sandvik Camping","source":"OpenStreetMap","osm_ref":"node-3663316354"}},{"type":"Feature","id":"camp-osm-node-3663316355","geometry":{"type":"Point","coordinates":[7.300774,61.400458]},"properties":{"name":"Sandvik Camping 1","source":"OpenStreetMap","osm_ref":"node-3663316355"}},{"type":"Feature","id":"camp-osm-node-3663316361","geometry":{"type":"Point","coordinates":[6.988679,58.325442]},"properties":{"name":"Sarons Dal Camping","source":"OpenStreetMap","osm_ref":"node-3663316361"}},{"type":"Feature","id":"camp-osm-node-3663316366","geometry":{"type":"Point","coordinates":[6.689765,60.569592]},"properties":{"name":"Seim Camping Granvin","source":"OpenStreetMap","osm_ref":"node-3663316366"}},{"type":"Feature","id":"camp-osm-node-3663316369","geometry":{"type":"Point","coordinates":[11.088074,63.251307]},"properties":{"name":"Selbu Camping","source":"OpenStreetMap","osm_ref":"node-3663316369"}},{"type":"Feature","id":"camp-osm-node-3663316374","geometry":{"type":"Point","coordinates":[12.05345,60.118357]},"properties":{"name":"Sigernessjøen Familiecamping","source":"OpenStreetMap","osm_ref":"node-3663316374"}},{"type":"Feature","id":"camp-osm-node-3663316378","geometry":{"type":"Point","coordinates":[9.551474,61.708223]},"properties":{"name":"Sjoa Raftingsenter NWR","source":"OpenStreetMap","osm_ref":"node-3663316378"}},{"type":"Feature","id":"camp-osm-node-3663316380","geometry":{"type":"Point","coordinates":[9.079335,60.599171]},"properties":{"name":"Sjong Campingsenter","source":"OpenStreetMap","osm_ref":"node-3663316380"}},{"type":"Feature","id":"camp-osm-node-3663316383","geometry":{"type":"Point","coordinates":[10.260405,59.086336]},"properties":{"name":"Sjøbakken Camping","source":"OpenStreetMap","osm_ref":"node-3663316383"}},{"type":"Feature","id":"camp-osm-node-3663316392","geometry":{"type":"Point","coordinates":[8.937881,58.543054]},"properties":{"name":"Sjøverstø Feriested","source":"OpenStreetMap","osm_ref":"node-3663316392"}},{"type":"Feature","id":"camp-osm-node-3663316395","geometry":{"type":"Point","coordinates":[9.083515,60.087344]},"properties":{"name":"Skahjem Camping closed","source":"OpenStreetMap","osm_ref":"node-3663316395"}},{"type":"Feature","id":"camp-osm-node-3663316397","geometry":{"type":"Point","coordinates":[13.378789,66.769117]},"properties":{"name":"Skarsvatnet Camping","source":"OpenStreetMap","osm_ref":"node-3663316397"}},{"type":"Feature","id":"camp-osm-node-3663316402","geometry":{"type":"Point","coordinates":[7.592449,63.080973]},"properties":{"name":"Skjerneset Bryggecamping","source":"OpenStreetMap","osm_ref":"node-3663316402"}},{"type":"Feature","id":"camp-osm-node-3663316403","geometry":{"type":"Point","coordinates":[20.983983,70.028512]},"properties":{"name":"Skjervøy Fiskecamp","source":"OpenStreetMap","osm_ref":"node-3663316403"}},{"type":"Feature","id":"camp-osm-node-3663316405","geometry":{"type":"Point","coordinates":[7.773956,62.014579]},"properties":{"name":"Skjåk Sæter","source":"OpenStreetMap","osm_ref":"node-3663316405"}},{"type":"Feature","id":"camp-osm-node-3663316407","geometry":{"type":"Point","coordinates":[10.830079,64.898066]},"properties":{"name":"Skjærgårdscamping","source":"OpenStreetMap","osm_ref":"node-3663316407"}},{"type":"Feature","id":"camp-osm-node-3663316421","geometry":{"type":"Point","coordinates":[11.198264,61.137896]},"properties":{"name":"Skramstadseter Fjellstue","source":"OpenStreetMap","osm_ref":"node-3663316421"}},{"type":"Feature","id":"camp-osm-node-3663316424","geometry":{"type":"Point","coordinates":[9.375552,61.48281]},"properties":{"name":"Skåbu Hyttegrend","source":"OpenStreetMap","osm_ref":"node-3663316424"}},{"type":"Feature","id":"camp-osm-node-3663316731","geometry":{"type":"Point","coordinates":[9.103293,61.871522]},"properties":{"name":"Smedsmo Camping","source":"OpenStreetMap","osm_ref":"node-3663316731"}},{"type":"Feature","id":"camp-osm-node-3663316737","geometry":{"type":"Point","coordinates":[12.368314,64.262245]},"properties":{"name":"Snåsa Hotell / Camp","source":"OpenStreetMap","osm_ref":"node-3663316737"}},{"type":"Feature","id":"camp-osm-node-3663316738","geometry":{"type":"Point","coordinates":[7.735973,62.531481]},"properties":{"name":"Soggebrua Camping","source":"OpenStreetMap","osm_ref":"node-3663316738"}},{"type":"Feature","id":"camp-osm-node-3663316739","geometry":{"type":"Point","coordinates":[5.676769,59.052089]},"properties":{"name":"Sokn Camping & Marina","source":"OpenStreetMap","osm_ref":"node-3663316739"}},{"type":"Feature","id":"camp-osm-node-3663316749","geometry":{"type":"Point","coordinates":[8.2038,63.228126]},"properties":{"name":"Solskjel Camping","source":"OpenStreetMap","osm_ref":"node-3663316749"}},{"type":"Feature","id":"camp-osm-node-3663316751","geometry":{"type":"Point","coordinates":[7.283691,58.055298]},"properties":{"name":"Solstrand Camping","source":"OpenStreetMap","osm_ref":"node-3663316751"}},{"type":"Feature","id":"camp-osm-node-3663316763","geometry":{"type":"Point","coordinates":[10.070734,60.494794]},"properties":{"name":"Sperillen Camping","source":"OpenStreetMap","osm_ref":"node-3663316763"}},{"type":"Feature","id":"camp-osm-node-3663316766","geometry":{"type":"Point","coordinates":[6.896058,62.075625]},"properties":{"name":"Stadheimfossen Camping & Hytter","source":"OpenStreetMap","osm_ref":"node-3663316766"}},{"type":"Feature","id":"camp-osm-node-3663316783","geometry":{"type":"Point","coordinates":[9.951398,64.054148]},"properties":{"name":"Stokkøya Sjøsenter","source":"OpenStreetMap","osm_ref":"node-3663316783"}},{"type":"Feature","id":"camp-osm-node-3663316785","geometry":{"type":"Point","coordinates":[9.961936,58.97638]},"properties":{"name":"Stolpestad Camping","source":"OpenStreetMap","osm_ref":"node-3663316785"}},{"type":"Feature","id":"camp-osm-node-3663316801","geometry":{"type":"Point","coordinates":[23.712379,70.65932]},"properties":{"name":"Storvannet NAF Camping","source":"OpenStreetMap","osm_ref":"node-3663316801"}},{"type":"Feature","id":"camp-osm-node-3663316807","geometry":{"type":"Point","coordinates":[9.284283,60.970613]},"properties":{"name":"Strandefjorden Fritidspark","source":"OpenStreetMap","osm_ref":"node-3663316807"}},{"type":"Feature","id":"camp-osm-node-3663316809","geometry":{"type":"Point","coordinates":[9.282809,60.964397]},"properties":{"name":"Strandheim Hyttetun og Camping","source":"OpenStreetMap","osm_ref":"node-3663316809"}},{"type":"Feature","id":"camp-osm-node-3663316821","geometry":{"type":"Point","coordinates":[11.884789,62.895933]},"properties":{"name":"Stugudal Camping","source":"OpenStreetMap","osm_ref":"node-3663316821"}},{"type":"Feature","id":"camp-osm-node-3663317130","geometry":{"type":"Point","coordinates":[6.268133,60.118297]},"properties":{"name":"Sundal Camping","source":"OpenStreetMap","osm_ref":"node-3663317130"}},{"type":"Feature","id":"camp-osm-node-3663317132","geometry":{"type":"Point","coordinates":[9.079924,60.598714]},"properties":{"name":"Sutøya Feriepark","source":"OpenStreetMap","osm_ref":"node-3663317132"}},{"type":"Feature","id":"camp-osm-node-3663317134","geometry":{"type":"Point","coordinates":[10.675674,60.888782]},"properties":{"name":"Sveastranda Camping","source":"OpenStreetMap","osm_ref":"node-3663317134"}},{"type":"Feature","id":"camp-osm-node-3663317135","geometry":{"type":"Point","coordinates":[10.381906,59.134382]},"properties":{"name":"Svelvikstranda Camping","source":"OpenStreetMap","osm_ref":"node-3663317135"}},{"type":"Feature","id":"camp-osm-node-3663317138","geometry":{"type":"Point","coordinates":[11.522898,58.91171]},"properties":{"name":"Svingen Camping","source":"OpenStreetMap","osm_ref":"node-3663317138"}},{"type":"Feature","id":"camp-osm-node-3663317143","geometry":{"type":"Point","coordinates":[9.544885,61.72829]},"properties":{"name":"Sæta Camping","source":"OpenStreetMap","osm_ref":"node-3663317143"}},{"type":"Feature","id":"camp-osm-node-3663317145","geometry":{"type":"Point","coordinates":[11.000288,62.400795]},"properties":{"name":"Setersegga Camping","source":"OpenStreetMap","osm_ref":"node-3663317145"}},{"type":"Feature","id":"camp-osm-node-3663317147","geometry":{"type":"Point","coordinates":[11.730818,61.834963]},"properties":{"name":"Sølenstua","source":"OpenStreetMap","osm_ref":"node-3663317147"}},{"type":"Feature","id":"camp-osm-node-3663317148","geometry":{"type":"Point","coordinates":[11.732475,61.837235]},"properties":{"name":"Sølenstua","source":"OpenStreetMap","osm_ref":"node-3663317148"}},{"type":"Feature","id":"camp-osm-node-3663317151","geometry":{"type":"Point","coordinates":[5.903109,59.493269]},"properties":{"name":"Søndenaastranden camping","source":"OpenStreetMap","osm_ref":"node-3663317151"}},{"type":"Feature","id":"camp-osm-node-3663317154","geometry":{"type":"Point","coordinates":[9.163339,58.691469]},"properties":{"name":"Sørlandet Feriesenter","source":"OpenStreetMap","osm_ref":"node-3663317154"}},{"type":"Feature","id":"camp-osm-node-3663317164","geometry":{"type":"Point","coordinates":[8.130188,59.316303]},"properties":{"name":"Telemark Camping","source":"OpenStreetMap","osm_ref":"node-3663317164"}},{"type":"Feature","id":"camp-osm-node-3663317184","geometry":{"type":"Point","coordinates":[5.043757,60.174999]},"properties":{"name":"Tofterøy Camping","source":"OpenStreetMap","osm_ref":"node-3663317184"}},{"type":"Feature","id":"camp-osm-node-3663317185","geometry":{"type":"Point","coordinates":[6.730956,58.666849]},"properties":{"name":"Tonstadli Ferie-, Kurst- og Misjonssenter","source":"OpenStreetMap","osm_ref":"node-3663317185"}},{"type":"Feature","id":"camp-osm-node-3663317189","geometry":{"type":"Point","coordinates":[9.874707,59.018791]},"properties":{"name":"Torpevannet Feriepark","source":"OpenStreetMap","osm_ref":"node-3663317189"}},{"type":"Feature","id":"camp-osm-node-3663317194","geometry":{"type":"Point","coordinates":[8.793138,60.668994]},"properties":{"name":"Trillhus Camping","source":"OpenStreetMap","osm_ref":"node-3663317194"}},{"type":"Feature","id":"camp-osm-node-3663317195","geometry":{"type":"Point","coordinates":[6.426097,59.193802]},"properties":{"name":"Trodla-tysdal Turiststasjon","source":"OpenStreetMap","osm_ref":"node-3663317195"}},{"type":"Feature","id":"camp-osm-node-3663317196","geometry":{"type":"Point","coordinates":[9.47783,62.616432]},"properties":{"name":"Trollheimsporten Turistsenter","source":"OpenStreetMap","osm_ref":"node-3663317196"}},{"type":"Feature","id":"camp-osm-node-3663317199","geometry":{"type":"Point","coordinates":[4.805757,60.637246]},"properties":{"name":"Trollvatn Camping","source":"OpenStreetMap","osm_ref":"node-3663317199"}},{"type":"Feature","id":"camp-osm-node-3663317203","geometry":{"type":"Point","coordinates":[12.283307,61.293019]},"properties":{"name":"Trysil Hyttegrend, Motell og Camping","source":"OpenStreetMap","osm_ref":"node-3663317203"}},{"type":"Feature","id":"camp-osm-node-3663317205","geometry":{"type":"Point","coordinates":[9.962234,63.346813]},"properties":{"name":"Tråsåvika Camping","source":"OpenStreetMap","osm_ref":"node-3663317205"}},{"type":"Feature","id":"camp-osm-node-3663317206","geometry":{"type":"Point","coordinates":[8.53367,62.659954]},"properties":{"name":"Trædal Hotell & Turistsenter","source":"OpenStreetMap","osm_ref":"node-3663317206"}},{"type":"Feature","id":"camp-osm-node-3663317207","geometry":{"type":"Point","coordinates":[9.225498,63.094256]},"properties":{"name":"Trøknaholt Camping","source":"OpenStreetMap","osm_ref":"node-3663317207"}},{"type":"Feature","id":"camp-osm-node-3663317209","geometry":{"type":"Point","coordinates":[8.74444,60.454402]},"properties":{"name":"Tunhovd Familiecamping","source":"OpenStreetMap","osm_ref":"node-3663317209"}},{"type":"Feature","id":"camp-osm-node-3663317219","geometry":{"type":"Point","coordinates":[21.299499,69.656191]},"properties":{"name":"Tørfoss Fiskecamp","source":"OpenStreetMap","osm_ref":"node-3663317219"}},{"type":"Feature","id":"camp-osm-node-3663317223","geometry":{"type":"Point","coordinates":[15.866226,68.116158]},"properties":{"name":"Ulvsvåg Gjestgiveri AS","source":"OpenStreetMap","osm_ref":"node-3663317223"}},{"type":"Feature","id":"camp-osm-node-3663317224","geometry":{"type":"Point","coordinates":[7.26999,58.268047]},"properties":{"name":"Undeland Misjonsgård","source":"OpenStreetMap","osm_ref":"node-3663317224"}},{"type":"Feature","id":"camp-osm-node-3663317729","geometry":{"type":"Point","coordinates":[7.851638,61.325291]},"properties":{"name":"Utladalen Camping","source":"OpenStreetMap","osm_ref":"node-3663317729"}},{"type":"Feature","id":"camp-osm-node-3663317746","geometry":{"type":"Point","coordinates":[8.989551,60.996403]},"properties":{"name":"Vaset-Senteret Kjøpesenter & Camping","source":"OpenStreetMap","osm_ref":"node-3663317746"}},{"type":"Feature","id":"camp-osm-node-3663317747","geometry":{"type":"Point","coordinates":[9.181529,60.853732]},"properties":{"name":"Vasetdansen Camping","source":"OpenStreetMap","osm_ref":"node-3663317747"}},{"type":"Feature","id":"camp-osm-node-3663317752","geometry":{"type":"Point","coordinates":[6.21657,58.744762]},"properties":{"name":"Veen Gardscamping","source":"OpenStreetMap","osm_ref":"node-3663317752"}},{"type":"Feature","id":"camp-osm-node-3663317759","geometry":{"type":"Point","coordinates":[9.273843,63.352117]},"properties":{"name":"Ven Camping","source":"OpenStreetMap","osm_ref":"node-3663317759"}},{"type":"Feature","id":"camp-osm-node-3663317762","geometry":{"type":"Point","coordinates":[10.732508,59.628718]},"properties":{"name":"Vestby Hyttepark","source":"OpenStreetMap","osm_ref":"node-3663317762"}},{"type":"Feature","id":"camp-osm-node-3663317766","geometry":{"type":"Point","coordinates":[5.443202,59.530248]},"properties":{"name":"Victors Naturpark & Båtutleie","source":"OpenStreetMap","osm_ref":"node-3663317766"}},{"type":"Feature","id":"camp-osm-node-3663317769","geometry":{"type":"Point","coordinates":[7.285853,62.292895]},"properties":{"name":"Vika Ferie og Fritid","source":"OpenStreetMap","osm_ref":"node-3663317769"}},{"type":"Feature","id":"camp-osm-node-3663317770","geometry":{"type":"Point","coordinates":[6.686365,62.48333]},"properties":{"name":"Vika Feriesenter","source":"OpenStreetMap","osm_ref":"node-3663317770"}},{"type":"Feature","id":"camp-osm-node-3663317771","geometry":{"type":"Point","coordinates":[5.579671,60.698846]},"properties":{"name":"Vike Camping","source":"OpenStreetMap","osm_ref":"node-3663317771"}},{"type":"Feature","id":"camp-osm-node-3663317774","geometry":{"type":"Point","coordinates":[7.392092,61.398378]},"properties":{"name":"Viki Fjordcamping","source":"OpenStreetMap","osm_ref":"node-3663317774"}},{"type":"Feature","id":"camp-osm-node-3663317775","geometry":{"type":"Point","coordinates":[6.602285,61.858399]},"properties":{"name":"Viking Camping","source":"OpenStreetMap","osm_ref":"node-3663317775"}},{"type":"Feature","id":"camp-osm-node-3663317777","geometry":{"type":"Point","coordinates":[6.214623,61.359337]},"properties":{"name":"Viksdalen Camping","source":"OpenStreetMap","osm_ref":"node-3663317777"}},{"type":"Feature","id":"camp-osm-node-3663317778","geometry":{"type":"Point","coordinates":[11.387943,60.855761]},"properties":{"name":"Villmarksporten","source":"OpenStreetMap","osm_ref":"node-3663317778"}},{"type":"Feature","id":"camp-osm-node-3663317780","geometry":{"type":"Point","coordinates":[9.825715,59.300121]},"properties":{"name":"Vindfjelltunet Gjestegaard","source":"OpenStreetMap","osm_ref":"node-3663317780"}},{"type":"Feature","id":"camp-osm-node-3663317782","geometry":{"type":"Point","coordinates":[10.778553,63.492006]},"properties":{"name":"Vinge Camping","source":"OpenStreetMap","osm_ref":"node-3663317782"}},{"type":"Feature","id":"camp-osm-node-3663317788","geometry":{"type":"Point","coordinates":[9.090447,59.051362]},"properties":{"name":"Voje Camping","source":"OpenStreetMap","osm_ref":"node-3663317788"}},{"type":"Feature","id":"camp-osm-node-3663317796","geometry":{"type":"Point","coordinates":[8.763257,63.479142]},"properties":{"name":"Vågen Camping","source":"OpenStreetMap","osm_ref":"node-3663317796"}},{"type":"Feature","id":"camp-osm-node-3663317797","geometry":{"type":"Point","coordinates":[5.919898,61.732395]},"properties":{"name":"Vågen Motell & Camping","source":"OpenStreetMap","osm_ref":"node-3663317797"}},{"type":"Feature","id":"camp-osm-node-3663317798","geometry":{"type":"Point","coordinates":[6.036646,59.477735]},"properties":{"name":"Vågen Naturcamping","source":"OpenStreetMap","osm_ref":"node-3663317798"}},{"type":"Feature","id":"camp-osm-node-3663317799","geometry":{"type":"Point","coordinates":[4.955007,60.671221]},"properties":{"name":"Vågenes Camping","source":"OpenStreetMap","osm_ref":"node-3663317799"}},{"type":"Feature","id":"camp-osm-node-3663317803","geometry":{"type":"Point","coordinates":[10.259755,59.07129]},"properties":{"name":"Vøra Camping og Badeplass","source":"OpenStreetMap","osm_ref":"node-3663317803"}},{"type":"Feature","id":"camp-osm-node-3663317809","geometry":{"type":"Point","coordinates":[8.591778,60.642262]},"properties":{"name":"Ål Camping","source":"OpenStreetMap","osm_ref":"node-3663317809"}},{"type":"Feature","id":"camp-osm-node-3663317817","geometry":{"type":"Point","coordinates":[6.071836,61.870139]},"properties":{"name":"Årskogvika Camping","source":"OpenStreetMap","osm_ref":"node-3663317817"}},{"type":"Feature","id":"camp-osm-node-3663318231","geometry":{"type":"Point","coordinates":[6.120976,62.189442]},"properties":{"name":"Ørsta Camping","source":"OpenStreetMap","osm_ref":"node-3663318231"}},{"type":"Feature","id":"camp-osm-node-3663318242","geometry":{"type":"Point","coordinates":[7.195516,58.26207]},"properties":{"name":"Kvåsfossen Camping","source":"OpenStreetMap","osm_ref":"node-3663318242"}},{"type":"Feature","id":"camp-osm-node-3663318243","geometry":{"type":"Point","coordinates":[8.262332,59.010013]},"properties":{"name":"Øyne Camping","source":"OpenStreetMap","osm_ref":"node-3663318243"}},{"type":"Feature","id":"camp-osm-node-5062438789","geometry":{"type":"Point","coordinates":[8.033063,61.573807]},"properties":{"name":"Krossbu","source":"OpenStreetMap","osm_ref":"node-5062438789"}},{"type":"Feature","id":"camp-osm-node-8071939168","geometry":{"type":"Point","coordinates":[7.98631,63.183875]},"properties":{"name":"Tunga villmarksleir","description":"Adgang: permissive","source":"OpenStreetMap","osm_ref":"node-8071939168"}},{"type":"Feature","id":"camp-osm-node-9024975407","geometry":{"type":"Point","coordinates":[6.537434,58.22582]},"properties":{"name":"Små Hytter","source":"OpenStreetMap","osm_ref":"node-9024975407"}},{"type":"Feature","id":"camp-osm-node-9376091023","geometry":{"type":"Point","coordinates":[30.003448,70.532885]},"properties":{"name":"Båtsfjord Farmen Syltefjord Camping","source":"OpenStreetMap","osm_ref":"node-9376091023"}},{"type":"Feature","id":"camp-osm-node-9905694817","geometry":{"type":"Point","coordinates":[5.988267,59.733668]},"properties":{"name":"Tungesvik Gard","source":"OpenStreetMap","osm_ref":"node-9905694817"}},{"type":"Feature","id":"camp-osm-node-9954856737","geometry":{"type":"Point","coordinates":[8.473059,59.147724]},"properties":{"name":"Sandnesodden Camping","source":"OpenStreetMap","osm_ref":"node-9954856737"}},{"type":"Feature","id":"camp-osm-node-11067095567","geometry":{"type":"Point","coordinates":[11.674534,58.970758]},"properties":{"name":"Bokerødstranda Camping","source":"OpenStreetMap","osm_ref":"node-11067095567"}},{"type":"Feature","id":"camp-osm-node-12020709786","geometry":{"type":"Point","coordinates":[6.880193,58.886342]},"properties":{"name":"Holmen Camping","description":"Adgang: private","source":"OpenStreetMap","osm_ref":"node-12020709786"}},{"type":"Feature","id":"camp-osm-node-12927634601","geometry":{"type":"Point","coordinates":[6.718618,58.587925]},"properties":{"name":"Haughom Camping","source":"OpenStreetMap","osm_ref":"node-12927634601"}},{"type":"Feature","id":"camp-osm-way-26373621","geometry":{"type":"Point","coordinates":[6.580207,58.221139]},"properties":{"name":"Hidra Camping","source":"OpenStreetMap","osm_ref":"way-26373621"}},{"type":"Feature","id":"camp-osm-way-26938348","geometry":{"type":"Point","coordinates":[10.615914,59.59482]},"properties":{"name":"Solbergstøa camping og hytter","source":"OpenStreetMap","osm_ref":"way-26938348"}},{"type":"Feature","id":"camp-osm-way-35479989","geometry":{"type":"Point","coordinates":[5.754084,59.857566]},"properties":{"name":"Husnes Camping AS","source":"OpenStreetMap","osm_ref":"way-35479989"}},{"type":"Feature","id":"camp-osm-way-42254828","geometry":{"type":"Point","coordinates":[5.857253,59.930379]},"properties":{"name":"Rabben Feriesenter AS","source":"OpenStreetMap","osm_ref":"way-42254828"}},{"type":"Feature","id":"camp-osm-way-45959499","geometry":{"type":"Point","coordinates":[10.509601,59.740695]},"properties":{"name":"Ramton Camping","source":"OpenStreetMap","osm_ref":"way-45959499"}},{"type":"Feature","id":"camp-osm-way-51570650","geometry":{"type":"Point","coordinates":[10.24051,59.556534]},"properties":{"name":"Holmsåsen Camping","source":"OpenStreetMap","osm_ref":"way-51570650"}},{"type":"Feature","id":"camp-osm-way-53014273","geometry":{"type":"Point","coordinates":[10.964501,59.199941]},"properties":{"name":"Fredrikstad Motel & Camping","source":"OpenStreetMap","osm_ref":"way-53014273"}},{"type":"Feature","id":"camp-osm-way-54563514","geometry":{"type":"Point","coordinates":[10.499603,59.293154]},"properties":{"name":"Skallevold Camping","source":"OpenStreetMap","osm_ref":"way-54563514"}},{"type":"Feature","id":"camp-osm-way-68732303","geometry":{"type":"Point","coordinates":[14.613364,67.004136]},"properties":{"name":"Kvæl Camping","source":"OpenStreetMap","osm_ref":"way-68732303"}},{"type":"Feature","id":"camp-osm-way-75641776","geometry":{"type":"Point","coordinates":[13.023934,66.202642]},"properties":{"name":"Topcamp Havblikk Camping","source":"OpenStreetMap","osm_ref":"way-75641776"}},{"type":"Feature","id":"camp-osm-way-127048245","geometry":{"type":"Point","coordinates":[9.946294,58.971093]},"properties":{"name":"Brunvall gård","source":"OpenStreetMap","osm_ref":"way-127048245"}},{"type":"Feature","id":"camp-osm-way-152333884","geometry":{"type":"Point","coordinates":[6.937126,59.014705]},"properties":{"name":"Suleskard Fjellsenter","source":"OpenStreetMap","osm_ref":"way-152333884"}},{"type":"Feature","id":"camp-osm-way-153674479","geometry":{"type":"Point","coordinates":[11.260165,60.614598]},"properties":{"name":"Tangenodden Camping","source":"OpenStreetMap","osm_ref":"way-153674479"}},{"type":"Feature","id":"camp-osm-way-155253964","geometry":{"type":"Point","coordinates":[6.743131,58.759705]},"properties":{"name":"Lindeland Camping","source":"OpenStreetMap","osm_ref":"way-155253964"}},{"type":"Feature","id":"camp-osm-way-156233905","geometry":{"type":"Point","coordinates":[10.00205,59.622039]},"properties":{"name":"Eikernveien Camping","source":"OpenStreetMap","osm_ref":"way-156233905"}},{"type":"Feature","id":"camp-osm-way-159679701","geometry":{"type":"Point","coordinates":[6.801474,61.185984]},"properties":{"name":"Systrond Motell, Hyttesenter og Camping","source":"OpenStreetMap","osm_ref":"way-159679701"}},{"type":"Feature","id":"camp-osm-way-178429878","geometry":{"type":"Point","coordinates":[8.187299,62.902054]},"properties":{"name":"Tingvoll Camping AS","source":"OpenStreetMap","osm_ref":"way-178429878"}},{"type":"Feature","id":"camp-osm-way-196532507","geometry":{"type":"Point","coordinates":[10.636256,63.544528]},"properties":{"name":"Hauganfjæra Camping","source":"OpenStreetMap","osm_ref":"way-196532507"}},{"type":"Feature","id":"camp-osm-way-199226656","geometry":{"type":"Point","coordinates":[11.04437,60.642625]},"properties":{"name":"Evjua Strandpark","source":"OpenStreetMap","osm_ref":"way-199226656"}},{"type":"Feature","id":"camp-osm-way-202589748","geometry":{"type":"Point","coordinates":[9.626026,62.533318]},"properties":{"name":"Smegarden Camping","source":"OpenStreetMap","osm_ref":"way-202589748"}},{"type":"Feature","id":"camp-osm-way-224697439","geometry":{"type":"Point","coordinates":[8.789606,60.264376]},"properties":{"name":"Uvdal Resort","source":"OpenStreetMap","osm_ref":"way-224697439"}},{"type":"Feature","id":"camp-osm-way-227802621","geometry":{"type":"Point","coordinates":[13.840319,66.150722]},"properties":{"name":"Bjerka Camping","source":"OpenStreetMap","osm_ref":"way-227802621"}},{"type":"Feature","id":"camp-osm-way-232665199","geometry":{"type":"Point","coordinates":[5.257677,59.427657]},"properties":{"name":"Haraldshaugen Camping","source":"OpenStreetMap","osm_ref":"way-232665199"}},{"type":"Feature","id":"camp-osm-way-242958313","geometry":{"type":"Point","coordinates":[4.970622,60.254359]},"properties":{"name":"Tælavåg Camping","source":"OpenStreetMap","osm_ref":"way-242958313"}},{"type":"Feature","id":"camp-osm-way-243280594","geometry":{"type":"Point","coordinates":[11.801056,59.265156]},"properties":{"name":"Stora Lee Camping","source":"OpenStreetMap","osm_ref":"way-243280594"}},{"type":"Feature","id":"camp-osm-way-291621532","geometry":{"type":"Point","coordinates":[6.987048,58.325102]},"properties":{"name":"Elvebredden","description":"Underlag: grass","source":"OpenStreetMap","osm_ref":"way-291621532"}},{"type":"Feature","id":"camp-osm-way-291621534","geometry":{"type":"Point","coordinates":[6.98955,58.325746]},"properties":{"name":"Bergesli","description":"Underlag: grass","source":"OpenStreetMap","osm_ref":"way-291621534"}},{"type":"Feature","id":"camp-osm-way-291623159","geometry":{"type":"Point","coordinates":[6.984411,58.322894]},"properties":{"name":"Vårdalen","description":"Underlag: grass","source":"OpenStreetMap","osm_ref":"way-291623159"}},{"type":"Feature","id":"camp-osm-way-294292726","geometry":{"type":"Point","coordinates":[10.567569,62.131325]},"properties":{"name":"Gjelten Bru Camping","source":"OpenStreetMap","osm_ref":"way-294292726"}},{"type":"Feature","id":"camp-osm-way-297370149","geometry":{"type":"Point","coordinates":[5.294512,59.902899]},"properties":{"name":"Fitjar Camping","source":"OpenStreetMap","osm_ref":"way-297370149"}},{"type":"Feature","id":"camp-osm-way-299122326","geometry":{"type":"Point","coordinates":[11.581253,60.198994]},"properties":{"name":"Sanngrund Servering og Overnatting","source":"OpenStreetMap","osm_ref":"way-299122326"}},{"type":"Feature","id":"camp-osm-way-313380845","geometry":{"type":"Point","coordinates":[10.923913,60.830467]},"properties":{"name":"Strandheim Camping","source":"OpenStreetMap","osm_ref":"way-313380845"}},{"type":"Feature","id":"camp-osm-way-322409602","geometry":{"type":"Point","coordinates":[6.488666,60.72632]},"properties":{"name":"Tvinde Camping AS","source":"OpenStreetMap","osm_ref":"way-322409602"}},{"type":"Feature","id":"camp-osm-way-323007707","geometry":{"type":"Point","coordinates":[6.581825,60.594267]},"properties":{"name":"Flatlandsmo Camping","source":"OpenStreetMap","osm_ref":"way-323007707"}},{"type":"Feature","id":"camp-osm-way-323212463","geometry":{"type":"Point","coordinates":[7.138977,60.422926]},"properties":{"name":"Måbødalen Camping og Hyttesenter","source":"OpenStreetMap","osm_ref":"way-323212463"}},{"type":"Feature","id":"camp-osm-way-323453904","geometry":{"type":"Point","coordinates":[6.848915,61.867905]},"properties":{"name":"Lo-Vik Camping","source":"OpenStreetMap","osm_ref":"way-323453904"}},{"type":"Feature","id":"camp-osm-way-330542474","geometry":{"type":"Point","coordinates":[16.595947,68.631371]},"properties":{"name":"Kvitnes Camping","source":"OpenStreetMap","osm_ref":"way-330542474"}},{"type":"Feature","id":"camp-osm-way-352864191","geometry":{"type":"Point","coordinates":[10.889782,60.879623]},"properties":{"name":"Topcamp Mjøsa","source":"OpenStreetMap","osm_ref":"way-352864191"}},{"type":"Feature","id":"camp-osm-way-361201539","geometry":{"type":"Point","coordinates":[12.843439,64.743233]},"properties":{"name":"Namsskogan Hotell og Campingplass","source":"OpenStreetMap","osm_ref":"way-361201539"}},{"type":"Feature","id":"camp-osm-way-363504315","geometry":{"type":"Point","coordinates":[25.077304,69.83805]},"properties":{"name":"Skoganvarre Turist & Camping","source":"OpenStreetMap","osm_ref":"way-363504315"}},{"type":"Feature","id":"camp-osm-way-375370965","geometry":{"type":"Point","coordinates":[11.682493,59.267869]},"properties":{"name":"Fangekasa Misjonssenter","source":"OpenStreetMap","osm_ref":"way-375370965"}},{"type":"Feature","id":"camp-osm-way-398351579","geometry":{"type":"Point","coordinates":[11.742839,64.140119]},"properties":{"name":"Kvam Motell & Camping","source":"OpenStreetMap","osm_ref":"way-398351579"}},{"type":"Feature","id":"camp-osm-way-432940203","geometry":{"type":"Point","coordinates":[6.811561,61.75822]},"properties":{"name":"Oldevatn","source":"OpenStreetMap","osm_ref":"way-432940203"}},{"type":"Feature","id":"camp-osm-way-439442726","geometry":{"type":"Point","coordinates":[7.183611,62.115709]},"properties":{"name":"Grande Hytteutleige og Camping","source":"OpenStreetMap","osm_ref":"way-439442726"}},{"type":"Feature","id":"camp-osm-way-440468059","geometry":{"type":"Point","coordinates":[7.285732,60.410627]},"properties":{"name":"Garen Camping","source":"OpenStreetMap","osm_ref":"way-440468059"}},{"type":"Feature","id":"camp-osm-way-443665695","geometry":{"type":"Point","coordinates":[10.06926,61.608933]},"properties":{"name":"Trabelia Hyttegrend & Camping","source":"OpenStreetMap","osm_ref":"way-443665695"}},{"type":"Feature","id":"camp-osm-way-472096601","geometry":{"type":"Point","coordinates":[12.24035,59.932452]},"properties":{"name":"Morokulien Camping","source":"OpenStreetMap","osm_ref":"way-472096601"}},{"type":"Feature","id":"camp-osm-way-491054945","geometry":{"type":"Point","coordinates":[6.475702,62.204724]},"properties":{"name":"Bondalselva Camping","source":"OpenStreetMap","osm_ref":"way-491054945"}},{"type":"Feature","id":"camp-osm-way-513403862","geometry":{"type":"Point","coordinates":[11.018124,59.021495]},"properties":{"name":"Storesand Camping","source":"OpenStreetMap","osm_ref":"way-513403862"}},{"type":"Feature","id":"camp-osm-way-554887571","geometry":{"type":"Point","coordinates":[13.935133,68.271916]},"properties":{"name":"Lofoten Turistsenter","source":"OpenStreetMap","osm_ref":"way-554887571"}},{"type":"Feature","id":"camp-osm-way-582862937","geometry":{"type":"Point","coordinates":[9.497989,63.39808]},"properties":{"name":"Snillfjord Camping & Hytter","source":"OpenStreetMap","osm_ref":"way-582862937"}},{"type":"Feature","id":"camp-osm-way-585408899","geometry":{"type":"Point","coordinates":[10.157247,64.144685]},"properties":{"name":"Roan sjøcamping","source":"OpenStreetMap","osm_ref":"way-585408899"}},{"type":"Feature","id":"camp-osm-way-609899583","geometry":{"type":"Point","coordinates":[11.727736,63.774983]},"properties":{"name":"Østnes Camping","source":"OpenStreetMap","osm_ref":"way-609899583"}},{"type":"Feature","id":"camp-osm-way-609988416","geometry":{"type":"Point","coordinates":[13.018273,64.848799]},"properties":{"name":"Brekkvasselv Camping","source":"OpenStreetMap","osm_ref":"way-609988416"}},{"type":"Feature","id":"camp-osm-way-648594740","geometry":{"type":"Point","coordinates":[11.247609,63.442498]},"properties":{"name":"Sona Camping","source":"OpenStreetMap","osm_ref":"way-648594740"}},{"type":"Feature","id":"camp-osm-way-685020218","geometry":{"type":"Point","coordinates":[13.84014,66.07457]},"properties":{"name":"Korgen Camping","source":"OpenStreetMap","osm_ref":"way-685020218"}},{"type":"Feature","id":"camp-osm-way-694968776","geometry":{"type":"Point","coordinates":[10.702905,61.156023]},"properties":{"name":"Sjusjøtunet Hytter og Caravansenter AS","source":"OpenStreetMap","osm_ref":"way-694968776"}},{"type":"Feature","id":"camp-osm-way-699107140","geometry":{"type":"Point","coordinates":[22.140862,69.733986]},"properties":{"name":"Bjørkenes Camping","source":"OpenStreetMap","osm_ref":"way-699107140"}},{"type":"Feature","id":"camp-osm-way-699225802","geometry":{"type":"Point","coordinates":[11.991321,64.504519]},"properties":{"name":"Bjøra Camping","source":"OpenStreetMap","osm_ref":"way-699225802"}},{"type":"Feature","id":"camp-osm-way-699255825","geometry":{"type":"Point","coordinates":[11.887051,64.443915]},"properties":{"name":"Namsen Fishing Camp / Utheim Gård","source":"OpenStreetMap","osm_ref":"way-699255825"}},{"type":"Feature","id":"camp-osm-way-699294347","geometry":{"type":"Point","coordinates":[10.737428,63.619835]},"properties":{"name":"Orsand Camping","source":"OpenStreetMap","osm_ref":"way-699294347"}},{"type":"Feature","id":"camp-osm-way-704116595","geometry":{"type":"Point","coordinates":[15.896851,68.133384]},"properties":{"name":"Sørkil Fjordcamping","source":"OpenStreetMap","osm_ref":"way-704116595"}},{"type":"Feature","id":"camp-osm-way-704408902","geometry":{"type":"Point","coordinates":[12.005512,61.897557]},"properties":{"name":"Drevsjø Camping","source":"OpenStreetMap","osm_ref":"way-704408902"}},{"type":"Feature","id":"camp-osm-way-704561154","geometry":{"type":"Point","coordinates":[10.246776,62.621486]},"properties":{"name":"Kvikne Camping","source":"OpenStreetMap","osm_ref":"way-704561154"}},{"type":"Feature","id":"camp-osm-way-704842087","geometry":{"type":"Point","coordinates":[11.697308,62.049925]},"properties":{"name":"Rønningen Camp & Hytter","source":"OpenStreetMap","osm_ref":"way-704842087"}},{"type":"Feature","id":"camp-osm-way-772705884","geometry":{"type":"Point","coordinates":[9.538748,61.681533]},"properties":{"name":"Sjoa Camping","source":"OpenStreetMap","osm_ref":"way-772705884"}},{"type":"Feature","id":"camp-osm-way-777345043","geometry":{"type":"Point","coordinates":[11.099069,64.857194]},"properties":{"name":"Kleiva Camping","source":"OpenStreetMap","osm_ref":"way-777345043"}},{"type":"Feature","id":"camp-osm-way-804617889","geometry":{"type":"Point","coordinates":[26.496185,70.342939]},"properties":{"name":"Kunes Camping","source":"OpenStreetMap","osm_ref":"way-804617889"}},{"type":"Feature","id":"camp-osm-way-931480765","geometry":{"type":"Point","coordinates":[7.161406,62.247679]},"properties":{"name":"Stenvåg Camping","source":"OpenStreetMap","osm_ref":"way-931480765"}},{"type":"Feature","id":"camp-osm-way-934303037","geometry":{"type":"Point","coordinates":[11.554372,60.866266]},"properties":{"name":"Elverum Camping","source":"OpenStreetMap","osm_ref":"way-934303037"}},{"type":"Feature","id":"camp-osm-way-975991557","geometry":{"type":"Point","coordinates":[5.243732,59.15589]},"properties":{"name":"Skudenes Camping","source":"OpenStreetMap","osm_ref":"way-975991557"}},{"type":"Feature","id":"camp-osm-way-984255607","geometry":{"type":"Point","coordinates":[10.410359,60.28426]},"properties":{"name":"Sløvika camping","source":"OpenStreetMap","osm_ref":"way-984255607"}},{"type":"Feature","id":"camp-osm-way-1000853697","geometry":{"type":"Point","coordinates":[16.859137,68.33919]},"properties":{"name":"Ballangen Camping","source":"OpenStreetMap","osm_ref":"way-1000853697"}},{"type":"Feature","id":"camp-osm-way-1090845314","geometry":{"type":"Point","coordinates":[7.460825,61.443373]},"properties":{"name":"Dalsøren Camping","source":"OpenStreetMap","osm_ref":"way-1090845314"}},{"type":"Feature","id":"camp-osm-way-1190356409","geometry":{"type":"Point","coordinates":[9.39882,63.552989]},"properties":{"name":"Kongensvoll Marina & Camping","source":"OpenStreetMap","osm_ref":"way-1190356409"}},{"type":"Feature","id":"camp-osm-way-1475455498","geometry":{"type":"Point","coordinates":[6.986367,58.323252]},"properties":{"name":"Fjellterrassen","description":"Underlag: grass","source":"OpenStreetMap","osm_ref":"way-1475455498"}},{"type":"Feature","id":"camp-osm-relation-6563150","geometry":{"type":"Point","coordinates":[8.416742,62.681506]},"properties":{"name":"Sætran Camping","source":"OpenStreetMap","osm_ref":"relation-6563150"}},{"type":"Feature","id":"camp-osm-relation-7285533","geometry":{"type":"Point","coordinates":[7.254204,62.299133]},"properties":{"name":"Muri Hytteutleige og camping","source":"OpenStreetMap","osm_ref":"relation-7285533"}},{"type":"Feature","id":"camp-osm-relation-8086638","geometry":{"type":"Point","coordinates":[8.008264,59.720521]},"properties":{"name":"Rauland Camping","source":"OpenStreetMap","osm_ref":"relation-8086638"}},{"type":"Feature","id":"camp-osm-relation-9259819","geometry":{"type":"Point","coordinates":[11.42764,59.06701]},"properties":{"name":"Langholmen Turist- og Fritidssenter","source":"OpenStreetMap","osm_ref":"relation-9259819"}},{"type":"Feature","id":"camp-osm-relation-10067993","geometry":{"type":"Point","coordinates":[9.924249,58.980378]},"properties":{"name":"Guslandstranda Camping","source":"OpenStreetMap","osm_ref":"relation-10067993"}},{"type":"Feature","id":"camp-osm-relation-11079553","geometry":{"type":"Point","coordinates":[10.599159,60.993022]},"properties":{"name":"Samuelstuen Camping","source":"OpenStreetMap","osm_ref":"relation-11079553"}},{"type":"Feature","id":"camp-osm-relation-12162346","geometry":{"type":"Point","coordinates":[6.600471,58.439915]},"properties":{"name":"Klubben camping og minigolf","source":"OpenStreetMap","osm_ref":"relation-12162346"}},{"type":"Feature","id":"camp-osm-relation-12875766","geometry":{"type":"Point","coordinates":[5.921721,61.95544]},"properties":{"name":"Harpero Camping","source":"OpenStreetMap","osm_ref":"relation-12875766"}},{"type":"Feature","id":"camp-osm-relation-12875767","geometry":{"type":"Point","coordinates":[5.925914,61.956946]},"properties":{"name":"Smørdal Hytteutleie & Camping","source":"OpenStreetMap","osm_ref":"relation-12875767"}},{"type":"Feature","id":"camp-osm-relation-14194428","geometry":{"type":"Point","coordinates":[11.715039,59.833628]},"properties":{"name":"Kirkevika Camping og Badeplass","source":"OpenStreetMap","osm_ref":"relation-14194428"}},{"type":"Feature","id":"camp-osm-relation-19387264","geometry":{"type":"Point","coordinates":[11.231304,63.442504]},"properties":{"name":"Midtkil Camping","source":"OpenStreetMap","osm_ref":"relation-19387264"}},{"type":"Feature","id":"camp-osm-node-2714106857","geometry":{"type":"Point","coordinates":[10.752022,63.314915]},"properties":{"name":"Heinfjordstua","description":"Med bålplass","source":"OpenStreetMap","osm_ref":"node-2714106857"}},{"type":"Feature","id":"camp-osm-node-3663314225","geometry":{"type":"Point","coordinates":[8.712153,61.14569]},"properties":{"name":"Ala Camping","source":"OpenStreetMap","osm_ref":"node-3663314225"}},{"type":"Feature","id":"camp-osm-node-3663314254","geometry":{"type":"Point","coordinates":[11.006363,59.749833]},"properties":{"name":"Bakkesand Camping","source":"OpenStreetMap","osm_ref":"node-3663314254"}},{"type":"Feature","id":"camp-osm-node-3663314308","geometry":{"type":"Point","coordinates":[9.757924,62.198155]},"properties":{"name":"Borkhus Hytter","source":"OpenStreetMap","osm_ref":"node-3663314308"}},{"type":"Feature","id":"camp-osm-node-3663314527","geometry":{"type":"Point","coordinates":[7.072729,60.466518]},"properties":{"name":"Bruheim camping","source":"OpenStreetMap","osm_ref":"node-3663314527"}},{"type":"Feature","id":"camp-osm-node-3663314535","geometry":{"type":"Point","coordinates":[8.521115,58.281281]},"properties":{"name":"Bufjord Camping","source":"OpenStreetMap","osm_ref":"node-3663314535"}},{"type":"Feature","id":"camp-osm-node-3663314547","geometry":{"type":"Point","coordinates":[8.792422,59.754854]},"properties":{"name":"Bøen Camping","source":"OpenStreetMap","osm_ref":"node-3663314547"}},{"type":"Feature","id":"camp-osm-node-3663314550","geometry":{"type":"Point","coordinates":[8.348891,61.721127]},"properties":{"name":"Bøverdalen Vandrerhjem og Camping","source":"OpenStreetMap","osm_ref":"node-3663314550"}},{"type":"Feature","id":"camp-osm-node-3663314591","geometry":{"type":"Point","coordinates":[8.616862,60.84884]},"properties":{"name":"Elvely Camping","source":"OpenStreetMap","osm_ref":"node-3663314591"}},{"type":"Feature","id":"camp-osm-node-3663314592","geometry":{"type":"Point","coordinates":[10.151266,60.194372]},"properties":{"name":"Elvenga Camping","source":"OpenStreetMap","osm_ref":"node-3663314592"}},{"type":"Feature","id":"camp-osm-node-3663314597","geometry":{"type":"Point","coordinates":[9.042436,60.662526]},"properties":{"name":"Engene Camping","source":"OpenStreetMap","osm_ref":"node-3663314597"}},{"type":"Feature","id":"camp-osm-node-3663314609","geometry":{"type":"Point","coordinates":[7.149641,62.541965]},"properties":{"name":"Fagervik Camping","source":"OpenStreetMap","osm_ref":"node-3663314609"}},{"type":"Feature","id":"camp-osm-node-3663314611","geometry":{"type":"Point","coordinates":[8.854501,62.629897]},"properties":{"name":"Faleøyan Camping","source":"OpenStreetMap","osm_ref":"node-3663314611"}},{"type":"Feature","id":"camp-osm-node-3663314614","geometry":{"type":"Point","coordinates":[9.064578,60.490678]},"properties":{"name":"Fekjan Seter Camping","source":"OpenStreetMap","osm_ref":"node-3663314614"}},{"type":"Feature","id":"camp-osm-node-3663314962","geometry":{"type":"Point","coordinates":[18.176609,68.781913]},"properties":{"name":"Fosseng Camping","source":"OpenStreetMap","osm_ref":"node-3663314962"}},{"type":"Feature","id":"camp-osm-node-3663314963","geometry":{"type":"Point","coordinates":[8.88327,60.683418]},"properties":{"name":"Fossheim Hytte & Camping","source":"OpenStreetMap","osm_ref":"node-3663314963"}},{"type":"Feature","id":"camp-osm-node-3663314974","geometry":{"type":"Point","coordinates":[10.653337,59.38992]},"properties":{"name":"Fuglevik Camping","source":"OpenStreetMap","osm_ref":"node-3663314974"}},{"type":"Feature","id":"camp-osm-node-3663314979","geometry":{"type":"Point","coordinates":[9.715968,60.71067]},"properties":{"name":"Furuheim Hytter og Camping","source":"OpenStreetMap","osm_ref":"node-3663314979"}},{"type":"Feature","id":"camp-osm-node-3663314987","geometry":{"type":"Point","coordinates":[10.227228,61.410981]},"properties":{"name":"Fåvang Turistsenter","source":"OpenStreetMap","osm_ref":"node-3663314987"}},{"type":"Feature","id":"camp-osm-node-3663314992","geometry":{"type":"Point","coordinates":[9.005949,60.772494]},"properties":{"name":"Gamle Fjellheim","source":"OpenStreetMap","osm_ref":"node-3663314992"}},{"type":"Feature","id":"camp-osm-node-3663315005","geometry":{"type":"Point","coordinates":[9.384765,60.42244]},"properties":{"name":"Gerds Kanoutleie","source":"OpenStreetMap","osm_ref":"node-3663315005"}},{"type":"Feature","id":"camp-osm-node-3663315019","geometry":{"type":"Point","coordinates":[6.890412,62.779179]},"properties":{"name":"Gossen Feriesenter","source":"OpenStreetMap","osm_ref":"node-3663315019"}},{"type":"Feature","id":"camp-osm-node-3663315023","geometry":{"type":"Point","coordinates":[10.221476,59.088316]},"properties":{"name":"Granholmen Camping","source":"OpenStreetMap","osm_ref":"node-3663315023"}},{"type":"Feature","id":"camp-osm-node-3663315235","geometry":{"type":"Point","coordinates":[7.770245,59.707951]},"properties":{"name":"Grungedal Camping","source":"OpenStreetMap","osm_ref":"node-3663315235"}},{"type":"Feature","id":"camp-osm-node-3663315250","geometry":{"type":"Point","coordinates":[10.385835,60.322281]},"properties":{"name":"Hadeland Camping","source":"OpenStreetMap","osm_ref":"node-3663315250"}},{"type":"Feature","id":"camp-osm-node-3663315252","geometry":{"type":"Point","coordinates":[6.674418,60.808032]},"properties":{"name":"Hagatun Camping","source":"OpenStreetMap","osm_ref":"node-3663315252"}},{"type":"Feature","id":"camp-osm-node-3663315253","geometry":{"type":"Point","coordinates":[11.5148,60.169188]},"properties":{"name":"Hagen Camping","source":"OpenStreetMap","osm_ref":"node-3663315253"}},{"type":"Feature","id":"camp-osm-node-3663315279","geometry":{"type":"Point","coordinates":[8.183576,62.552605]},"properties":{"name":"Hasselbo camping","source":"OpenStreetMap","osm_ref":"node-3663315279"}},{"type":"Feature","id":"camp-osm-node-3663315285","geometry":{"type":"Point","coordinates":[6.460569,61.566248]},"properties":{"name":"Jølster Panorama","source":"OpenStreetMap","osm_ref":"node-3663315285"}},{"type":"Feature","id":"camp-osm-node-3663315293","geometry":{"type":"Point","coordinates":[9.071513,61.880498]},"properties":{"name":"Heggli Camping","source":"OpenStreetMap","osm_ref":"node-3663315293"}},{"type":"Feature","id":"camp-osm-node-3663315301","geometry":{"type":"Point","coordinates":[6.968936,61.825857]},"properties":{"name":"Helset Camping","source":"OpenStreetMap","osm_ref":"node-3663315301"}},{"type":"Feature","id":"camp-osm-node-3663315323","geometry":{"type":"Point","coordinates":[10.691905,64.461129]},"properties":{"name":"Holmen Kystcamping","source":"OpenStreetMap","osm_ref":"node-3663315323"}},{"type":"Feature","id":"camp-osm-node-3663315336","geometry":{"type":"Point","coordinates":[6.682734,62.01813]},"properties":{"name":"Horndøla Camping","source":"OpenStreetMap","osm_ref":"node-3663315336"}},{"type":"Feature","id":"camp-osm-node-3663315366","geometry":{"type":"Point","coordinates":[9.576321,58.858187]},"properties":{"name":"Jomfruland Camping","source":"OpenStreetMap","osm_ref":"node-3663315366"}},{"type":"Feature","id":"camp-osm-node-3663315387","geometry":{"type":"Point","coordinates":[10.30189,63.162788]},"properties":{"name":"Kjelstad Camping","source":"OpenStreetMap","osm_ref":"node-3663315387"}},{"type":"Feature","id":"camp-osm-node-3663315390","geometry":{"type":"Point","coordinates":[10.754719,59.318904]},"properties":{"name":"Kjærringholmen familiecamping","source":"OpenStreetMap","osm_ref":"node-3663315390"}},{"type":"Feature","id":"camp-osm-node-3663315406","geometry":{"type":"Point","coordinates":[9.314485,60.448281]},"properties":{"name":"Kolsrud Camping","source":"OpenStreetMap","osm_ref":"node-3663315406"}},{"type":"Feature","id":"camp-osm-node-3663315528","geometry":{"type":"Point","coordinates":[6.000747,60.375269]},"properties":{"name":"Kvamskogen Camping","source":"OpenStreetMap","osm_ref":"node-3663315528"}},{"type":"Feature","id":"camp-osm-node-3663315548","geometry":{"type":"Point","coordinates":[10.765688,62.029372]},"properties":{"name":"Landfastøyen gård og camping","source":"OpenStreetMap","osm_ref":"node-3663315548"}},{"type":"Feature","id":"camp-osm-node-3663315558","geometry":{"type":"Point","coordinates":[12.27116,60.302862]},"properties":{"name":"Langåsen Turistanlegg","source":"OpenStreetMap","osm_ref":"node-3663315558"}},{"type":"Feature","id":"camp-osm-node-3663315562","geometry":{"type":"Point","coordinates":[10.940795,63.69297]},"properties":{"name":"Kristivik Camping","source":"OpenStreetMap","osm_ref":"node-3663315562"}},{"type":"Feature","id":"camp-osm-node-3663315569","geometry":{"type":"Point","coordinates":[9.390453,59.734382]},"properties":{"name":"Liatoppen Vintercamping","source":"OpenStreetMap","osm_ref":"node-3663315569"}},{"type":"Feature","id":"camp-osm-node-3663315930","geometry":{"type":"Point","coordinates":[8.117208,62.618797]},"properties":{"name":"Meringdal Camping","source":"OpenStreetMap","osm_ref":"node-3663315930"}},{"type":"Feature","id":"camp-osm-node-3663315937","geometry":{"type":"Point","coordinates":[9.123551,62.079698]},"properties":{"name":"Midtskog Camping","source":"OpenStreetMap","osm_ref":"node-3663315937"}},{"type":"Feature","id":"camp-osm-node-3663315938","geometry":{"type":"Point","coordinates":[6.649611,60.803539]},"properties":{"name":"Midttun Camping og Feriehytter","source":"OpenStreetMap","osm_ref":"node-3663315938"}},{"type":"Feature","id":"camp-osm-node-3663315957","geometry":{"type":"Point","coordinates":[8.409619,59.484384]},"properties":{"name":"Morgedal Camping","source":"OpenStreetMap","osm_ref":"node-3663315957"}},{"type":"Feature","id":"camp-osm-node-3663315990","geometry":{"type":"Point","coordinates":[10.278954,59.998762]},"properties":{"name":"Nes Leirplass","source":"OpenStreetMap","osm_ref":"node-3663315990"}},{"type":"Feature","id":"camp-osm-node-3663316141","geometry":{"type":"Point","coordinates":[11.987476,61.694133]},"properties":{"name":"Olderskogen Camping","source":"OpenStreetMap","osm_ref":"node-3663316141"}},{"type":"Feature","id":"camp-osm-node-3663316151","geometry":{"type":"Point","coordinates":[7.053989,61.909609]},"properties":{"name":"Oppstryn Camping","source":"OpenStreetMap","osm_ref":"node-3663316151"}},{"type":"Feature","id":"camp-osm-node-3663316159","geometry":{"type":"Point","coordinates":[11.801271,61.242986]},"properties":{"name":"Osensjøens Vestside og Berget Turisttun","source":"OpenStreetMap","osm_ref":"node-3663316159"}},{"type":"Feature","id":"camp-osm-node-3663316174","geometry":{"type":"Point","coordinates":[11.579635,59.612886]},"properties":{"name":"Rakkestad-Vika Camping","source":"OpenStreetMap","osm_ref":"node-3663316174"}},{"type":"Feature","id":"camp-osm-node-3663316190","geometry":{"type":"Point","coordinates":[11.111826,59.176342]},"properties":{"name":"Revebukta Camping","source":"OpenStreetMap","osm_ref":"node-3663316190"}},{"type":"Feature","id":"camp-osm-node-3663316192","geometry":{"type":"Point","coordinates":[10.133774,61.198066]},"properties":{"name":"Ringen Camping","source":"OpenStreetMap","osm_ref":"node-3663316192"}},{"type":"Feature","id":"camp-osm-node-3663316196","geometry":{"type":"Point","coordinates":[8.466709,60.87822]},"properties":{"name":"Rjukandefoss Camping og Hytter","source":"OpenStreetMap","osm_ref":"node-3663316196"}},{"type":"Feature","id":"camp-osm-node-3663316199","geometry":{"type":"Point","coordinates":[11.477959,60.789034]},"properties":{"name":"Rokosjøen Camping","source":"OpenStreetMap","osm_ref":"node-3663316199"}},{"type":"Feature","id":"camp-osm-node-3663316201","geometry":{"type":"Point","coordinates":[9.027992,62.085296]},"properties":{"name":"Rolstad Camping","source":"OpenStreetMap","osm_ref":"node-3663316201"}},{"type":"Feature","id":"camp-osm-node-3663316209","geometry":{"type":"Point","coordinates":[8.960727,60.264224]},"properties":{"name":"Rødberg Camping","source":"OpenStreetMap","osm_ref":"node-3663316209"}},{"type":"Feature","id":"camp-osm-node-3663316213","geometry":{"type":"Point","coordinates":[8.714204,60.268501]},"properties":{"name":"Røisland Hytteutleie og Camping","source":"OpenStreetMap","osm_ref":"node-3663316213"}},{"type":"Feature","id":"camp-osm-node-3663316325","geometry":{"type":"Point","coordinates":[10.853923,60.896473]},"properties":{"name":"Røysheim Rom & Hytteutleie","source":"OpenStreetMap","osm_ref":"node-3663316325"}},{"type":"Feature","id":"camp-osm-node-3663316339","geometry":{"type":"Point","coordinates":[9.406247,61.858823]},"properties":{"name":"Sandbakken Camping og Hytter","source":"OpenStreetMap","osm_ref":"node-3663316339"}},{"type":"Feature","id":"camp-osm-node-3663316362","geometry":{"type":"Point","coordinates":[8.628357,60.651938]},"properties":{"name":"Sataslåtten Camping","source":"OpenStreetMap","osm_ref":"node-3663316362"}},{"type":"Feature","id":"camp-osm-node-3663316364","geometry":{"type":"Point","coordinates":[6.462033,60.681451]},"properties":{"name":"Saue Camping","source":"OpenStreetMap","osm_ref":"node-3663316364"}},{"type":"Feature","id":"camp-osm-node-3663316409","geometry":{"type":"Point","coordinates":[8.829077,61.846232]},"properties":{"name":"Skogheim kafe & hytter","source":"OpenStreetMap","osm_ref":"node-3663316409"}},{"type":"Feature","id":"camp-osm-node-3663316411","geometry":{"type":"Point","coordinates":[8.932828,61.847363]},"properties":{"name":"Skoglund Camping","source":"OpenStreetMap","osm_ref":"node-3663316411"}},{"type":"Feature","id":"camp-osm-node-3663316733","geometry":{"type":"Point","coordinates":[8.596678,63.023208]},"properties":{"name":"Småøyan Camping","source":"OpenStreetMap","osm_ref":"node-3663316733"}},{"type":"Feature","id":"camp-osm-node-3663316748","geometry":{"type":"Point","coordinates":[6.121846,61.492128]},"properties":{"name":"Solrenning Camping","source":"OpenStreetMap","osm_ref":"node-3663316748"}},{"type":"Feature","id":"camp-osm-node-3663316757","geometry":{"type":"Point","coordinates":[17.788974,68.778199]},"properties":{"name":"Soløy Camping og Båtutleie","source":"OpenStreetMap","osm_ref":"node-3663316757"}},{"type":"Feature","id":"camp-osm-node-3663316780","geometry":{"type":"Point","coordinates":[9.748223,60.688125]},"properties":{"name":"Stensrud Camping","source":"OpenStreetMap","osm_ref":"node-3663316780"}},{"type":"Feature","id":"camp-osm-node-3663316796","geometry":{"type":"Point","coordinates":[9.552432,61.707991]},"properties":{"name":"Storrusten Gjestehus & Camping Sjoa","source":"OpenStreetMap","osm_ref":"node-3663316796"}},{"type":"Feature","id":"camp-osm-node-3663316798","geometry":{"type":"Point","coordinates":[11.299805,61.477608]},"properties":{"name":"Storsjøen Camping","source":"OpenStreetMap","osm_ref":"node-3663316798"}},{"type":"Feature","id":"camp-osm-node-3663316802","geometry":{"type":"Point","coordinates":[9.018715,61.800745]},"properties":{"name":"Storviksæter Camping","source":"OpenStreetMap","osm_ref":"node-3663316802"}},{"type":"Feature","id":"camp-osm-node-3663316804","geometry":{"type":"Point","coordinates":[9.184499,60.975499]},"properties":{"name":"Strand Camping og Hyttesenter","source":"OpenStreetMap","osm_ref":"node-3663316804"}},{"type":"Feature","id":"camp-osm-node-3663316820","geometry":{"type":"Point","coordinates":[8.074974,62.776494]},"properties":{"name":"Stubø Camping","source":"OpenStreetMap","osm_ref":"node-3663316820"}},{"type":"Feature","id":"camp-osm-node-3663316824","geometry":{"type":"Point","coordinates":[11.784729,60.714534]},"properties":{"name":"Støa Camping I","source":"OpenStreetMap","osm_ref":"node-3663316824"}},{"type":"Feature","id":"camp-osm-node-3663317152","geometry":{"type":"Point","coordinates":[9.125565,60.983217]},"properties":{"name":"Søndre Svennes Camping","source":"OpenStreetMap","osm_ref":"node-3663317152"}},{"type":"Feature","id":"camp-osm-node-3663317155","geometry":{"type":"Point","coordinates":[9.871981,60.642415]},"properties":{"name":"Sørum Gjestehus og Camping","source":"OpenStreetMap","osm_ref":"node-3663317155"}},{"type":"Feature","id":"camp-osm-node-3663317160","geometry":{"type":"Point","coordinates":[11.716798,59.843841]},"properties":{"name":"Tangen Camping","source":"OpenStreetMap","osm_ref":"node-3663317160"}},{"type":"Feature","id":"camp-osm-node-3663317169","geometry":{"type":"Point","coordinates":[6.347519,61.009172]},"properties":{"name":"Tenne Camping","source":"OpenStreetMap","osm_ref":"node-3663317169"}},{"type":"Feature","id":"camp-osm-node-3663317181","geometry":{"type":"Point","coordinates":[8.701363,62.816934]},"properties":{"name":"Todalen Camping","source":"OpenStreetMap","osm_ref":"node-3663317181"}},{"type":"Feature","id":"camp-osm-node-3663317202","geometry":{"type":"Point","coordinates":[12.148599,61.439495]},"properties":{"name":"Trysil Camp - Fredbo","source":"OpenStreetMap","osm_ref":"node-3663317202"}},{"type":"Feature","id":"camp-osm-node-3663317208","geometry":{"type":"Point","coordinates":[8.790285,59.755142]},"properties":{"name":"Tuddal Camping","source":"OpenStreetMap","osm_ref":"node-3663317208"}},{"type":"Feature","id":"camp-osm-node-3663317220","geometry":{"type":"Point","coordinates":[9.949028,60.611368]},"properties":{"name":"Tørrisplassen Camping","source":"OpenStreetMap","osm_ref":"node-3663317220"}},{"type":"Feature","id":"camp-osm-node-3663317727","geometry":{"type":"Point","coordinates":[7.289369,62.315393]},"properties":{"name":"Uritun Camping","source":"OpenStreetMap","osm_ref":"node-3663317727"}},{"type":"Feature","id":"camp-osm-node-3663317731","geometry":{"type":"Point","coordinates":[9.413482,59.797247]},"properties":{"name":"Utsikten Borge Camping","source":"OpenStreetMap","osm_ref":"node-3663317731"}},{"type":"Feature","id":"camp-osm-node-3663317736","geometry":{"type":"Point","coordinates":[9.984213,60.579654]},"properties":{"name":"Valdresporten Camping","source":"OpenStreetMap","osm_ref":"node-3663317736"}},{"type":"Feature","id":"camp-osm-node-3663317744","geometry":{"type":"Point","coordinates":[9.546016,61.728956]},"properties":{"name":"Vangen Camping","source":"OpenStreetMap","osm_ref":"node-3663317744"}},{"type":"Feature","id":"camp-osm-node-3663317745","geometry":{"type":"Point","coordinates":[8.634947,62.172912]},"properties":{"name":"Vangrud Camping","source":"OpenStreetMap","osm_ref":"node-3663317745"}},{"type":"Feature","id":"camp-osm-node-3663317748","geometry":{"type":"Point","coordinates":[9.247803,63.506405]},"properties":{"name":"Vaslavågen Camping","source":"OpenStreetMap","osm_ref":"node-3663317748"}},{"type":"Feature","id":"camp-osm-node-3663317751","geometry":{"type":"Point","coordinates":[12.02754,62.63867]},"properties":{"name":"Vauldalen Gård","source":"OpenStreetMap","osm_ref":"node-3663317751"}},{"type":"Feature","id":"camp-osm-node-3663317756","geometry":{"type":"Point","coordinates":[9.797957,60.649769]},"properties":{"name":"Veigårdstranda Camping","source":"OpenStreetMap","osm_ref":"node-3663317756"}},{"type":"Feature","id":"camp-osm-node-3663317794","geometry":{"type":"Point","coordinates":[9.32373,63.527976]},"properties":{"name":"Våberg Camping","source":"OpenStreetMap","osm_ref":"node-3663317794"}},{"type":"Feature","id":"camp-osm-node-3663317802","geometry":{"type":"Point","coordinates":[9.517047,63.58168]},"properties":{"name":"Værnes Camping & Marina","source":"OpenStreetMap","osm_ref":"node-3663317802"}},{"type":"Feature","id":"camp-osm-node-3663317810","geometry":{"type":"Point","coordinates":[8.493818,58.736631]},"properties":{"name":"Sigridnes Camping","source":"OpenStreetMap","osm_ref":"node-3663317810"}},{"type":"Feature","id":"camp-osm-node-3663317818","geometry":{"type":"Point","coordinates":[8.367383,58.622848]},"properties":{"name":"Ås camping og hytter","source":"OpenStreetMap","osm_ref":"node-3663317818"}},{"type":"Feature","id":"camp-osm-node-3663318227","geometry":{"type":"Point","coordinates":[6.006596,59.498584]},"properties":{"name":"Ølmedal Camping","source":"OpenStreetMap","osm_ref":"node-3663318227"}},{"type":"Feature","id":"camp-osm-node-3663318233","geometry":{"type":"Point","coordinates":[9.900194,59.683697]},"properties":{"name":"Østerud Camping","source":"OpenStreetMap","osm_ref":"node-3663318233"}},{"type":"Feature","id":"camp-osm-node-3663318237","geometry":{"type":"Point","coordinates":[8.991282,62.999017]},"properties":{"name":"Øvre Sæter Camping","source":"OpenStreetMap","osm_ref":"node-3663318237"}},{"type":"Feature","id":"camp-osm-node-3663318238","geometry":{"type":"Point","coordinates":[8.546952,60.863491]},"properties":{"name":"Øya Camping","source":"OpenStreetMap","osm_ref":"node-3663318238"}},{"type":"Feature","id":"camp-osm-node-3663318240","geometry":{"type":"Point","coordinates":[8.059359,61.920867]},"properties":{"name":"Øyberg Seter","source":"OpenStreetMap","osm_ref":"node-3663318240"}},{"type":"Feature","id":"camp-osm-node-3663318241","geometry":{"type":"Point","coordinates":[8.708848,61.851225]},"properties":{"name":"Øyen Camping","source":"OpenStreetMap","osm_ref":"node-3663318241"}},{"type":"Feature","id":"camp-osm-node-3663318244","geometry":{"type":"Point","coordinates":[15.68943,67.431645]},"properties":{"name":"Øyra Camping","source":"OpenStreetMap","osm_ref":"node-3663318244"}},{"type":"Feature","id":"camp-osm-node-3663318246","geometry":{"type":"Point","coordinates":[8.851999,59.715738]},"properties":{"name":"Øystul Camping","source":"OpenStreetMap","osm_ref":"node-3663318246"}},{"type":"Feature","id":"camp-osm-node-3700366555","geometry":{"type":"Point","coordinates":[11.258697,61.309236]},"properties":{"name":"Lunde","source":"OpenStreetMap","osm_ref":"node-3700366555"}},{"type":"Feature","id":"camp-osm-node-3700366562","geometry":{"type":"Point","coordinates":[10.883931,61.649308]},"properties":{"name":"Nedre Huse","source":"OpenStreetMap","osm_ref":"node-3700366562"}},{"type":"Feature","id":"camp-osm-node-3700366584","geometry":{"type":"Point","coordinates":[11.017761,61.5679]},"properties":{"name":"Sundfloen","source":"OpenStreetMap","osm_ref":"node-3700366584"}},{"type":"Feature","id":"camp-osm-node-4335109492","geometry":{"type":"Point","coordinates":[11.012242,61.556454]},"properties":{"name":"Trya camping","source":"OpenStreetMap","osm_ref":"node-4335109492"}},{"type":"Feature","id":"camp-osm-node-4585947806","geometry":{"type":"Point","coordinates":[5.719712,61.514791]},"properties":{"name":"Naustdal Camping","source":"OpenStreetMap","osm_ref":"node-4585947806"}},{"type":"Feature","id":"camp-osm-node-4711285727","geometry":{"type":"Point","coordinates":[11.314482,64.919972]},"properties":{"name":"Løvøen Gård","source":"OpenStreetMap","osm_ref":"node-4711285727"}},{"type":"Feature","id":"camp-osm-node-5712253132","geometry":{"type":"Point","coordinates":[27.105165,70.46339]},"properties":{"name":"Nilsen Gjestgiveri og Camping","source":"OpenStreetMap","osm_ref":"node-5712253132"}},{"type":"Feature","id":"camp-osm-node-5717980760","geometry":{"type":"Point","coordinates":[11.02944,63.231769]},"properties":{"name":"Camp Eggen","source":"OpenStreetMap","osm_ref":"node-5717980760"}},{"type":"Feature","id":"camp-osm-node-5843912177","geometry":{"type":"Point","coordinates":[6.270329,60.116877]},"properties":{"name":"Sundal Camping (plass 2)","source":"OpenStreetMap","osm_ref":"node-5843912177"}},{"type":"Feature","id":"camp-osm-node-5860891261","geometry":{"type":"Point","coordinates":[7.56855,59.063178]},"properties":{"name":"Helle Camping","source":"OpenStreetMap","osm_ref":"node-5860891261"}},{"type":"Feature","id":"camp-osm-node-6211390163","geometry":{"type":"Point","coordinates":[9.18591,60.344147]},"properties":{"name":"Flenta Camping","source":"OpenStreetMap","osm_ref":"node-6211390163"}},{"type":"Feature","id":"camp-osm-node-6260129111","geometry":{"type":"Point","coordinates":[10.767556,59.421469]},"properties":{"name":"Kvernøyhuken","source":"OpenStreetMap","osm_ref":"node-6260129111"}},{"type":"Feature","id":"camp-osm-node-6863411346","geometry":{"type":"Point","coordinates":[8.756067,60.099467]},"properties":{"name":"Å camp","source":"OpenStreetMap","osm_ref":"node-6863411346"}},{"type":"Feature","id":"camp-osm-node-9956357941","geometry":{"type":"Point","coordinates":[10.295636,60.71735]},"properties":{"name":"Lyngstrand camping","source":"OpenStreetMap","osm_ref":"node-9956357941"}},{"type":"Feature","id":"camp-osm-node-11156224396","geometry":{"type":"Point","coordinates":[6.139782,58.989686]},"properties":{"name":"Hikers nests","source":"OpenStreetMap","osm_ref":"node-11156224396"}},{"type":"Feature","id":"camp-osm-node-11164084658","geometry":{"type":"Point","coordinates":[8.66422,61.167861]},"properties":{"name":"Hugasyn hyttegrend","source":"OpenStreetMap","osm_ref":"node-11164084658"}},{"type":"Feature","id":"camp-osm-node-11725776645","geometry":{"type":"Point","coordinates":[11.754852,61.68105]},"properties":{"name":"Kroken","source":"OpenStreetMap","osm_ref":"node-11725776645"}},{"type":"Feature","id":"camp-osm-node-11725823706","geometry":{"type":"Point","coordinates":[11.826687,61.652288]},"properties":{"name":"Husfloen N","source":"OpenStreetMap","osm_ref":"node-11725823706"}},{"type":"Feature","id":"camp-osm-node-11942569416","geometry":{"type":"Point","coordinates":[11.721985,61.698778]},"properties":{"name":"Snerta V","source":"OpenStreetMap","osm_ref":"node-11942569416"}},{"type":"Feature","id":"camp-osm-node-11942597104","geometry":{"type":"Point","coordinates":[11.698795,61.713459]},"properties":{"name":"Kastfloen S","source":"OpenStreetMap","osm_ref":"node-11942597104"}},{"type":"Feature","id":"camp-osm-node-11942615474","geometry":{"type":"Point","coordinates":[11.686839,61.722486]},"properties":{"name":"Flyplassen","source":"OpenStreetMap","osm_ref":"node-11942615474"}},{"type":"Feature","id":"camp-osm-node-11942616554","geometry":{"type":"Point","coordinates":[11.718298,61.705606]},"properties":{"name":"Harrfloen S","source":"OpenStreetMap","osm_ref":"node-11942616554"}},{"type":"Feature","id":"camp-osm-node-11942616865","geometry":{"type":"Point","coordinates":[11.685895,61.726152]},"properties":{"name":"Bjørkøja","source":"OpenStreetMap","osm_ref":"node-11942616865"}},{"type":"Feature","id":"camp-osm-node-11954253191","geometry":{"type":"Point","coordinates":[11.666266,61.751717]},"properties":{"name":"Goffatømmerfloen","source":"OpenStreetMap","osm_ref":"node-11954253191"}},{"type":"Feature","id":"camp-osm-node-11993340132","geometry":{"type":"Point","coordinates":[13.310375,66.319331]},"properties":{"name":"Tortenvika","source":"OpenStreetMap","osm_ref":"node-11993340132"}},{"type":"Feature","id":"camp-osm-node-12095740247","geometry":{"type":"Point","coordinates":[6.806405,60.59225]},"properties":{"name":"Espelandsdalen Camping","source":"OpenStreetMap","osm_ref":"node-12095740247"}},{"type":"Feature","id":"camp-osm-node-12775612896","geometry":{"type":"Point","coordinates":[23.000743,68.998676]},"properties":{"name":"Buletjávri camp site","source":"OpenStreetMap","osm_ref":"node-12775612896"}},{"type":"Feature","id":"camp-osm-node-12775612897","geometry":{"type":"Point","coordinates":[22.196644,69.243385]},"properties":{"name":"Njuolgavárri-Vuolavárit camp site","source":"OpenStreetMap","osm_ref":"node-12775612897"}},{"type":"Feature","id":"camp-osm-node-12942433701","geometry":{"type":"Point","coordinates":[6.061,59.006432]},"properties":{"name":"Wohnmobil-Stellplatz","source":"OpenStreetMap","osm_ref":"node-12942433701"}},{"type":"Feature","id":"camp-osm-way-26553595","geometry":{"type":"Point","coordinates":[10.01206,61.885202]},"properties":{"name":"Bjørnhollia","source":"OpenStreetMap","osm_ref":"way-26553595"}},{"type":"Feature","id":"camp-osm-way-71171306","geometry":{"type":"Point","coordinates":[10.370092,59.21456]},"properties":{"name":"Øra Camping","source":"OpenStreetMap","osm_ref":"way-71171306"}},{"type":"Feature","id":"camp-osm-way-114925506","geometry":{"type":"Point","coordinates":[9.87382,58.977581]},"properties":{"name":"Omrestranda Camping","source":"OpenStreetMap","osm_ref":"way-114925506"}},{"type":"Feature","id":"camp-osm-way-114942233","geometry":{"type":"Point","coordinates":[9.712029,59.111546]},"properties":{"name":"Olavsberget Camping og Badeplass","source":"OpenStreetMap","osm_ref":"way-114942233"}},{"type":"Feature","id":"camp-osm-way-127048236","geometry":{"type":"Point","coordinates":[9.927769,58.974491]},"properties":{"name":"Trane Camping","source":"OpenStreetMap","osm_ref":"way-127048236"}},{"type":"Feature","id":"camp-osm-way-155251233","geometry":{"type":"Point","coordinates":[8.489158,58.263199]},"properties":{"name":"Breivik Camping","source":"OpenStreetMap","osm_ref":"way-155251233"}},{"type":"Feature","id":"camp-osm-way-155290749","geometry":{"type":"Point","coordinates":[7.531206,59.209925]},"properties":{"name":"Valle Camping","source":"OpenStreetMap","osm_ref":"way-155290749"}},{"type":"Feature","id":"camp-osm-way-164080672","geometry":{"type":"Point","coordinates":[18.091686,68.732119]},"properties":{"name":"Solbakken Camping","source":"OpenStreetMap","osm_ref":"way-164080672"}},{"type":"Feature","id":"camp-osm-way-168654305","geometry":{"type":"Point","coordinates":[15.11169,68.401542]},"properties":{"name":"Raften Camping","source":"OpenStreetMap","osm_ref":"way-168654305"}},{"type":"Feature","id":"camp-osm-way-170862940","geometry":{"type":"Point","coordinates":[9.088906,63.30091]},"properties":{"name":"Skogrand Camping","source":"OpenStreetMap","osm_ref":"way-170862940"}},{"type":"Feature","id":"camp-osm-way-172532584","geometry":{"type":"Point","coordinates":[10.046057,59.155954]},"properties":{"name":"MeløstrandaCamping","source":"OpenStreetMap","osm_ref":"way-172532584"}},{"type":"Feature","id":"camp-osm-way-173030250","geometry":{"type":"Point","coordinates":[22.281988,70.02815]},"properties":{"name":"Langfjord Campingforening","description":"Adgang: private","source":"OpenStreetMap","osm_ref":"way-173030250"}},{"type":"Feature","id":"camp-osm-way-190362923","geometry":{"type":"Point","coordinates":[7.122379,58.03884]},"properties":{"name":"Vikingland Feriepark","source":"OpenStreetMap","osm_ref":"way-190362923"}},{"type":"Feature","id":"camp-osm-way-220272809","geometry":{"type":"Point","coordinates":[11.244198,60.39695]},"properties":{"name":"Storenga Camping","source":"OpenStreetMap","osm_ref":"way-220272809"}},{"type":"Feature","id":"camp-osm-way-231515514","geometry":{"type":"Point","coordinates":[12.483038,64.558462]},"properties":{"name":"Harran Camping","source":"OpenStreetMap","osm_ref":"way-231515514"}},{"type":"Feature","id":"camp-osm-way-291618398","geometry":{"type":"Point","coordinates":[6.985152,58.323828]},"properties":{"name":"Furulunden","source":"OpenStreetMap","osm_ref":"way-291618398"}},{"type":"Feature","id":"camp-osm-way-293905340","geometry":{"type":"Point","coordinates":[8.876312,60.259921]},"properties":{"name":"Persgård Camping","source":"OpenStreetMap","osm_ref":"way-293905340"}},{"type":"Feature","id":"camp-osm-way-323472459","geometry":{"type":"Point","coordinates":[6.519742,61.970852]},"properties":{"name":"Grodås Camping","source":"OpenStreetMap","osm_ref":"way-323472459"}},{"type":"Feature","id":"camp-osm-way-335047851","geometry":{"type":"Point","coordinates":[8.856099,61.132334]},"properties":{"name":"Haalimo Camping","source":"OpenStreetMap","osm_ref":"way-335047851"}},{"type":"Feature","id":"camp-osm-way-341824871","geometry":{"type":"Point","coordinates":[9.05642,58.727009]},"properties":{"name":"Røed Camping","source":"OpenStreetMap","osm_ref":"way-341824871"}},{"type":"Feature","id":"camp-osm-way-342301070","geometry":{"type":"Point","coordinates":[10.721758,63.566053]},"properties":{"name":"Frosta Camping","source":"OpenStreetMap","osm_ref":"way-342301070"}},{"type":"Feature","id":"camp-osm-way-399489146","geometry":{"type":"Point","coordinates":[6.725615,60.377843]},"properties":{"name":"Bråvoll Camping","source":"OpenStreetMap","osm_ref":"way-399489146"}},{"type":"Feature","id":"camp-osm-way-462479950","geometry":{"type":"Point","coordinates":[6.104973,60.089385]},"properties":{"name":"Ænes Camping","source":"OpenStreetMap","osm_ref":"way-462479950"}},{"type":"Feature","id":"camp-osm-way-463804623","geometry":{"type":"Point","coordinates":[8.172554,62.47555]},"properties":{"name":"Sandgrovsletta Camping","source":"OpenStreetMap","osm_ref":"way-463804623"}},{"type":"Feature","id":"camp-osm-way-476005498","geometry":{"type":"Point","coordinates":[8.120369,62.680726]},"properties":{"name":"Eira Camping","source":"OpenStreetMap","osm_ref":"way-476005498"}},{"type":"Feature","id":"camp-osm-way-608090452","geometry":{"type":"Point","coordinates":[11.398533,59.116065]},"properties":{"name":"Fredriksten Camping","source":"OpenStreetMap","osm_ref":"way-608090452"}},{"type":"Feature","id":"camp-osm-way-613544037","geometry":{"type":"Point","coordinates":[9.994998,59.630569]},"properties":{"name":"Thorrud Camping","source":"OpenStreetMap","osm_ref":"way-613544037"}},{"type":"Feature","id":"camp-osm-way-699294372","geometry":{"type":"Point","coordinates":[10.811654,63.633198]},"properties":{"name":"Fjordbuer","source":"OpenStreetMap","osm_ref":"way-699294372"}},{"type":"Feature","id":"camp-osm-way-710376497","geometry":{"type":"Point","coordinates":[9.936506,58.970975]},"properties":{"name":"Normandbo Gaard og Camping","source":"OpenStreetMap","osm_ref":"way-710376497"}},{"type":"Feature","id":"camp-osm-way-732408748","geometry":{"type":"Point","coordinates":[10.810527,63.473904]},"properties":{"name":"Velvang Camping","source":"OpenStreetMap","osm_ref":"way-732408748"}},{"type":"Feature","id":"camp-osm-way-751244262","geometry":{"type":"Point","coordinates":[10.553621,61.024458]},"properties":{"name":"Brøttum Camping","source":"OpenStreetMap","osm_ref":"way-751244262"}},{"type":"Feature","id":"camp-osm-way-761100863","geometry":{"type":"Point","coordinates":[10.828006,63.589079]},"properties":{"name":"Vaagen Camping","source":"OpenStreetMap","osm_ref":"way-761100863"}},{"type":"Feature","id":"camp-osm-way-783612816","geometry":{"type":"Point","coordinates":[14.313332,65.487199]},"properties":{"name":"Hattfjelldal Camping","source":"OpenStreetMap","osm_ref":"way-783612816"}},{"type":"Feature","id":"camp-osm-way-783612848","geometry":{"type":"Point","coordinates":[14.212824,65.508944]},"properties":{"name":"Tjolmen Camping","source":"OpenStreetMap","osm_ref":"way-783612848"}},{"type":"Feature","id":"camp-osm-way-785399523","geometry":{"type":"Point","coordinates":[12.891164,66.019201]},"properties":{"name":"Naustvollen Camping Aune","source":"OpenStreetMap","osm_ref":"way-785399523"}},{"type":"Feature","id":"camp-osm-way-833794727","geometry":{"type":"Point","coordinates":[9.646569,58.972331]},"properties":{"name":"Strandsletta camping","source":"OpenStreetMap","osm_ref":"way-833794727"}},{"type":"Feature","id":"camp-osm-way-845289423","geometry":{"type":"Point","coordinates":[10.448871,61.238867]},"properties":{"name":"Hafjell Camping","source":"OpenStreetMap","osm_ref":"way-845289423"}},{"type":"Feature","id":"camp-osm-way-883299181","geometry":{"type":"Point","coordinates":[5.66308,60.063821]},"properties":{"name":"Gripne Camping","source":"OpenStreetMap","osm_ref":"way-883299181"}},{"type":"Feature","id":"camp-osm-way-965452202","geometry":{"type":"Point","coordinates":[12.088301,66.503601]},"properties":{"name":"Festivalcampen","source":"OpenStreetMap","osm_ref":"way-965452202"}},{"type":"Feature","id":"camp-osm-way-1009378043","geometry":{"type":"Point","coordinates":[15.404826,66.812989]},"properties":{"name":"Saltdal Turistsenter","source":"OpenStreetMap","osm_ref":"way-1009378043"}},{"type":"Feature","id":"camp-osm-way-1009378045","geometry":{"type":"Point","coordinates":[15.391923,66.820323]},"properties":{"name":"Polar Camping","source":"OpenStreetMap","osm_ref":"way-1009378045"}},{"type":"Feature","id":"camp-osm-way-1083113302","geometry":{"type":"Point","coordinates":[13.803995,66.96077]},"properties":{"name":"Teltområde","source":"OpenStreetMap","osm_ref":"way-1083113302"}},{"type":"Feature","id":"camp-osm-way-1168588141","geometry":{"type":"Point","coordinates":[8.791585,59.753525]},"properties":{"name":"Bøen Camping","source":"OpenStreetMap","osm_ref":"way-1168588141"}},{"type":"Feature","id":"camp-osm-way-1216589076","geometry":{"type":"Point","coordinates":[9.688546,59.262765]},"properties":{"name":"Solvika camping","source":"OpenStreetMap","osm_ref":"way-1216589076"}},{"type":"Feature","id":"camp-osm-way-1256011697","geometry":{"type":"Point","coordinates":[9.857717,58.963986]},"properties":{"name":"450","source":"OpenStreetMap","osm_ref":"way-1256011697"}},{"type":"Feature","id":"camp-osm-way-1264101345","geometry":{"type":"Point","coordinates":[6.971333,62.456482]},"properties":{"name":"Vaksvikfjellet Camping","source":"OpenStreetMap","osm_ref":"way-1264101345"}},{"type":"Feature","id":"camp-osm-relation-3896039","geometry":{"type":"Point","coordinates":[9.471145,62.61193]},"properties":{"name":"Breesgarden camping","source":"OpenStreetMap","osm_ref":"relation-3896039"}},{"type":"Feature","id":"camp-osm-relation-3896040","geometry":{"type":"Point","coordinates":[9.475172,62.616151]},"properties":{"name":"Festa camping","source":"OpenStreetMap","osm_ref":"relation-3896040"}},{"type":"Feature","id":"camp-osm-relation-9491731","geometry":{"type":"Point","coordinates":[10.435844,61.219741]},"properties":{"name":"Hunderfossen campinghytter","source":"OpenStreetMap","osm_ref":"relation-9491731"}},{"type":"Feature","id":"camp-osm-node-1913265579","geometry":{"type":"Point","coordinates":[8.258229,62.781917]},"properties":{"name":"Sunndalsfjord Cottages Fredsvik","source":"OpenStreetMap","osm_ref":"node-1913265579"}},{"type":"Feature","id":"camp-osm-node-3366878518","geometry":{"type":"Point","coordinates":[10.444045,63.392703]},"properties":{"name":"Øvre Kongleplassen","source":"OpenStreetMap","osm_ref":"node-3366878518"}},{"type":"Feature","id":"camp-osm-node-3649214155","geometry":{"type":"Point","coordinates":[10.983426,61.429571]},"properties":{"name":"Rognvola camping site","source":"OpenStreetMap","osm_ref":"node-3649214155"}},{"type":"Feature","id":"camp-osm-node-3649214160","geometry":{"type":"Point","coordinates":[11.209552,61.42826]},"properties":{"name":"Camping site","source":"OpenStreetMap","osm_ref":"node-3649214160"}},{"type":"Feature","id":"camp-osm-node-3649214161","geometry":{"type":"Point","coordinates":[11.366428,61.387947]},"properties":{"name":"Camping site","source":"OpenStreetMap","osm_ref":"node-3649214161"}},{"type":"Feature","id":"camp-osm-node-3649214162","geometry":{"type":"Point","coordinates":[11.205347,61.422575]},"properties":{"name":"Nysaetra camping site","source":"OpenStreetMap","osm_ref":"node-3649214162"}},{"type":"Feature","id":"camp-osm-node-3649214165","geometry":{"type":"Point","coordinates":[11.168284,61.437166]},"properties":{"name":"Evenstadsaetra camping site","source":"OpenStreetMap","osm_ref":"node-3649214165"}},{"type":"Feature","id":"camp-osm-node-3663314566","geometry":{"type":"Point","coordinates":[9.124293,62.080418]},"properties":{"name":"Dombås Motell","source":"OpenStreetMap","osm_ref":"node-3663314566"}},{"type":"Feature","id":"camp-osm-node-3663314622","geometry":{"type":"Point","coordinates":[8.319383,62.421523]},"properties":{"name":"Finnset","source":"OpenStreetMap","osm_ref":"node-3663314622"}},{"type":"Feature","id":"camp-osm-node-3663315308","geometry":{"type":"Point","coordinates":[10.729499,59.311466]},"properties":{"name":"Hestholmen Camping","source":"OpenStreetMap","osm_ref":"node-3663315308"}},{"type":"Feature","id":"camp-osm-node-3663315312","geometry":{"type":"Point","coordinates":[8.960589,61.617882]},"properties":{"name":"Hindvangen Fjellcamp","source":"OpenStreetMap","osm_ref":"node-3663315312"}},{"type":"Feature","id":"camp-osm-node-3663315557","geometry":{"type":"Point","coordinates":[10.435984,61.252594]},"properties":{"name":"Langvik Camping","source":"OpenStreetMap","osm_ref":"node-3663315557"}},{"type":"Feature","id":"camp-osm-node-3663315571","geometry":{"type":"Point","coordinates":[9.030425,59.874074]},"properties":{"name":"Lille Østerrike","source":"OpenStreetMap","osm_ref":"node-3663315571"}},{"type":"Feature","id":"camp-osm-node-3663316130","geometry":{"type":"Point","coordinates":[10.183627,60.80285]},"properties":{"name":"Odnes Camping","source":"OpenStreetMap","osm_ref":"node-3663316130"}},{"type":"Feature","id":"camp-osm-node-3663316147","geometry":{"type":"Point","coordinates":[8.911091,59.309632]},"properties":{"name":"Omnes camping","source":"OpenStreetMap","osm_ref":"node-3663316147"}},{"type":"Feature","id":"camp-osm-node-3663316351","geometry":{"type":"Point","coordinates":[9.019725,61.80094]},"properties":{"name":"Sandranden","source":"OpenStreetMap","osm_ref":"node-3663316351"}},{"type":"Feature","id":"camp-osm-node-3663316822","geometry":{"type":"Point","coordinates":[7.761633,62.01219]},"properties":{"name":"Stuttgången Seter","source":"OpenStreetMap","osm_ref":"node-3663316822"}},{"type":"Feature","id":"camp-osm-node-3663318229","geometry":{"type":"Point","coordinates":[7.725734,62.792921]},"properties":{"name":"Øren Gård Og Camping","source":"OpenStreetMap","osm_ref":"node-3663318229"}},{"type":"Feature","id":"camp-osm-node-3663318235","geometry":{"type":"Point","coordinates":[11.662402,61.235962]},"properties":{"name":"Østre Æra Camping","source":"OpenStreetMap","osm_ref":"node-3663318235"}},{"type":"Feature","id":"camp-osm-node-3705219713","geometry":{"type":"Point","coordinates":[11.082549,59.008486]},"properties":{"name":"Stuevika Bade- og Teltplass","source":"OpenStreetMap","osm_ref":"node-3705219713"}},{"type":"Feature","id":"camp-osm-node-4232583603","geometry":{"type":"Point","coordinates":[9.734154,63.624046]},"properties":{"name":"Breivika Camping","source":"OpenStreetMap","osm_ref":"node-4232583603"}},{"type":"Feature","id":"camp-osm-node-4336608790","geometry":{"type":"Point","coordinates":[11.492095,61.208744]},"properties":{"name":"Holmbo camping","source":"OpenStreetMap","osm_ref":"node-4336608790"}},{"type":"Feature","id":"camp-osm-node-5759915858","geometry":{"type":"Point","coordinates":[8.995528,61.622938]},"properties":{"name":"Steinholset Fjellcamping","source":"OpenStreetMap","osm_ref":"node-5759915858"}},{"type":"Feature","id":"camp-osm-node-6697048819","geometry":{"type":"Point","coordinates":[10.708731,60.347211]},"properties":{"name":"Våja","source":"OpenStreetMap","osm_ref":"node-6697048819"}},{"type":"Feature","id":"camp-osm-node-7545100672","geometry":{"type":"Point","coordinates":[5.787002,58.938253]},"properties":{"name":"Hengekøyeplass","source":"OpenStreetMap","osm_ref":"node-7545100672"}},{"type":"Feature","id":"camp-osm-node-9017984300","geometry":{"type":"Point","coordinates":[9.389343,63.228295]},"properties":{"name":"Ellingsgården","source":"OpenStreetMap","osm_ref":"node-9017984300"}},{"type":"Feature","id":"camp-osm-node-9044748509","geometry":{"type":"Point","coordinates":[7.408925,62.887206]},"properties":{"name":"Derinngarden","source":"OpenStreetMap","osm_ref":"node-9044748509"}},{"type":"Feature","id":"camp-osm-node-11071746258","geometry":{"type":"Point","coordinates":[9.950309,64.054668]},"properties":{"name":"Stokkøya Sjøsenter Strand","source":"OpenStreetMap","osm_ref":"node-11071746258"}},{"type":"Feature","id":"camp-osm-node-11088649606","geometry":{"type":"Point","coordinates":[9.514978,59.832753]},"properties":{"name":"Sand Camping Blefjell","source":"OpenStreetMap","osm_ref":"node-11088649606"}},{"type":"Feature","id":"camp-osm-node-11147630883","geometry":{"type":"Point","coordinates":[7.074674,60.17714]},"properties":{"name":"Zeltplatz","source":"OpenStreetMap","osm_ref":"node-11147630883"}},{"type":"Feature","id":"camp-osm-node-11932486809","geometry":{"type":"Point","coordinates":[12.30287,60.699203]},"properties":{"name":"Shelter Gapahuk","source":"OpenStreetMap","osm_ref":"node-11932486809"}},{"type":"Feature","id":"camp-osm-node-12110318782","geometry":{"type":"Point","coordinates":[6.690456,60.142266]},"properties":{"name":"Recommended camping area","source":"OpenStreetMap","osm_ref":"node-12110318782"}},{"type":"Feature","id":"camp-osm-node-12110363534","geometry":{"type":"Point","coordinates":[6.642061,60.1043]},"properties":{"name":"Recommended camping area","source":"OpenStreetMap","osm_ref":"node-12110363534"}},{"type":"Feature","id":"camp-osm-node-12110368490","geometry":{"type":"Point","coordinates":[6.679468,60.144131]},"properties":{"name":"Recommended camping area","source":"OpenStreetMap","osm_ref":"node-12110368490"}},{"type":"Feature","id":"camp-osm-node-12369609901","geometry":{"type":"Point","coordinates":[10.807903,59.971398]},"properties":{"name":"Designated bonfire place","source":"OpenStreetMap","osm_ref":"node-12369609901"}},{"type":"Feature","id":"camp-osm-node-13375843101","geometry":{"type":"Point","coordinates":[19.71622,69.093828]},"properties":{"name":"Camp Tamok","source":"OpenStreetMap","osm_ref":"node-13375843101"}},{"type":"Feature","id":"camp-osm-node-13588865701","geometry":{"type":"Point","coordinates":[14.568792,68.735609]},"properties":{"name":"CP Eidetsjö Camp","source":"OpenStreetMap","osm_ref":"node-13588865701"}},{"type":"Feature","id":"camp-osm-way-115025515","geometry":{"type":"Point","coordinates":[9.724505,59.058769]},"properties":{"name":"Dikkon camping","source":"OpenStreetMap","osm_ref":"way-115025515"}},{"type":"Feature","id":"camp-osm-way-406379996","geometry":{"type":"Point","coordinates":[7.439817,62.536362]},"properties":{"name":"Måna Camping","source":"OpenStreetMap","osm_ref":"way-406379996"}},{"type":"Feature","id":"camp-osm-way-423703504","geometry":{"type":"Point","coordinates":[9.607355,63.620737]},"properties":{"name":"Hegg Camping","source":"OpenStreetMap","osm_ref":"way-423703504"}},{"type":"Feature","id":"camp-osm-way-437223717","geometry":{"type":"Point","coordinates":[8.08556,58.433226]},"properties":{"name":"Ogge Gjestheim","source":"OpenStreetMap","osm_ref":"way-437223717"}},{"type":"Feature","id":"camp-osm-way-516699371","geometry":{"type":"Point","coordinates":[7.215188,58.385709]},"properties":{"name":"Kollemo","source":"OpenStreetMap","osm_ref":"way-516699371"}},{"type":"Feature","id":"camp-osm-way-821791194","geometry":{"type":"Point","coordinates":[5.547224,61.57707]},"properties":{"name":"Endestad Camping","source":"OpenStreetMap","osm_ref":"way-821791194"}},{"type":"Feature","id":"camp-osm-way-1025033647","geometry":{"type":"Point","coordinates":[17.649995,68.621034]},"properties":{"name":"Øse Camping","source":"OpenStreetMap","osm_ref":"way-1025033647"}},{"type":"Feature","id":"camp-osm-way-1256014557","geometry":{"type":"Point","coordinates":[9.857884,58.964431]},"properties":{"name":"438","source":"OpenStreetMap","osm_ref":"way-1256014557"}},{"type":"Feature","id":"camp-osm-way-1256611655","geometry":{"type":"Point","coordinates":[9.858296,58.964871]},"properties":{"name":"302","source":"OpenStreetMap","osm_ref":"way-1256611655"}},{"type":"Feature","id":"camp-osm-way-1256611661","geometry":{"type":"Point","coordinates":[9.859317,58.964791]},"properties":{"name":"308","source":"OpenStreetMap","osm_ref":"way-1256611661"}},{"type":"Feature","id":"camp-osm-way-1256611669","geometry":{"type":"Point","coordinates":[9.859826,58.965282]},"properties":{"name":"261","source":"OpenStreetMap","osm_ref":"way-1256611669"}},{"type":"Feature","id":"camp-osm-way-1305786160","geometry":{"type":"Point","coordinates":[8.951558,60.493312]},"properties":{"name":"Paalsplassen","source":"OpenStreetMap","osm_ref":"way-1305786160"}},{"type":"Feature","id":"camp-osm-way-1473876871","geometry":{"type":"Point","coordinates":[6.675438,60.807864]},"properties":{"name":"Haugatun camping","source":"OpenStreetMap","osm_ref":"way-1473876871"}},{"type":"Feature","id":"camp-osm-way-1424820401","geometry":{"type":"Point","coordinates":[10.127991,60.539077]},"properties":{"name":"Teltplass","description":"Small camping area with space for max two caravans","source":"OpenStreetMap","osm_ref":"way-1424820401"}},{"type":"Feature","id":"camp-osm-node-1418918739","geometry":{"type":"Point","coordinates":[8.501008,61.45412]},"properties":{"name":"Teltplass","description":"wild campsite","source":"OpenStreetMap","osm_ref":"node-1418918739"}},{"type":"Feature","id":"camp-osm-node-6002610917","geometry":{"type":"Point","coordinates":[10.772074,60.075507]},"properties":{"name":"Teltplass","description":"A non-official, but nicely built fireplace. Place for 2-3 tents and ~2 hammocks nearby.","source":"OpenStreetMap","osm_ref":"node-6002610917"}},{"type":"Feature","id":"camp-osm-node-12118595059","geometry":{"type":"Point","coordinates":[6.157068,58.978009]},"properties":{"name":"Teltplass","description":"Flat and dry area with space for a single tent","source":"OpenStreetMap","osm_ref":"node-12118595059"}},{"type":"Feature","id":"camp-osm-node-3941579111","geometry":{"type":"Point","coordinates":[5.880483,58.872637]},"properties":{"name":"Teltplass","description":"Mostly for hammocks. While there is level ground for tents the surface is contains  rocks / pebble / tree roots etc that may be hard on the tent floor.","source":"OpenStreetMap","osm_ref":"node-3941579111"}},{"type":"Feature","id":"camp-osm-node-12250177575","geometry":{"type":"Point","coordinates":[7.537963,58.067345]},"properties":{"name":"Teltplass","description":"A flat area of mowed grass suitable for pitching a tent. I haven't confirmed whether this is legal.\nAuto campers also use the rest area for over-night stays.","source":"OpenStreetMap","osm_ref":"node-12250177575"}},{"type":"Feature","id":"camp-osm-node-13025622446","geometry":{"type":"Point","coordinates":[5.878472,60.5791]},"properties":{"name":"Teltplass","description":"Spot for a single tent","source":"OpenStreetMap","osm_ref":"node-13025622446"}},{"type":"Feature","id":"camp-osm-node-6635468485","geometry":{"type":"Point","coordinates":[13.058678,66.675673]},"properties":{"name":"Teltplass","description":"Tent site (no water, close to summit)","source":"OpenStreetMap","osm_ref":"node-6635468485"}},{"type":"Feature","id":"camp-osm-node-9891975622","geometry":{"type":"Point","coordinates":[15.716554,67.435759]},"properties":{"name":"Teltplass","description":"No facilities but several nice spots to pitch a tent. Used by camping cars as well.","source":"OpenStreetMap","osm_ref":"node-9891975622"}},{"type":"Feature","id":"camp-osm-node-9950568192","geometry":{"type":"Point","coordinates":[12.984381,67.93977]},"properties":{"name":"Teltplass","description":"place for several tents","source":"OpenStreetMap","osm_ref":"node-9950568192"}},{"type":"Feature","id":"camp-osm-way-1420271188","geometry":{"type":"Point","coordinates":[10.292,59.609658]},"properties":{"name":"Teltplass","source":"OpenStreetMap","osm_ref":"way-1420271188"}},{"type":"Feature","id":"camp-osm-way-1467701358","geometry":{"type":"Point","coordinates":[10.028268,59.816725]},"properties":{"name":"Teltplass","source":"OpenStreetMap","osm_ref":"way-1467701358"}},{"type":"Feature","id":"camp-osm-way-593515542","geometry":{"type":"Point","coordinates":[14.477862,67.323146]},"properties":{"name":"Teltplass","source":"OpenStreetMap","osm_ref":"way-593515542"}},{"type":"Feature","id":"camp-osm-way-772730470","geometry":{"type":"Point","coordinates":[9.573939,62.221986]},"properties":{"name":"Teltplass","source":"OpenStreetMap","osm_ref":"way-772730470"}},{"type":"Feature","id":"camp-osm-way-1424683770","geometry":{"type":"Point","coordinates":[10.231256,60.436637]},"properties":{"name":"Teltplass","source":"OpenStreetMap","osm_ref":"way-1424683770"}},{"type":"Feature","id":"camp-osm-way-1303302704","geometry":{"type":"Point","coordinates":[7.23983,61.300085]},"properties":{"name":"Teltplass","source":"OpenStreetMap","osm_ref":"way-1303302704"}},{"type":"Feature","id":"camp-osm-way-1312691889","geometry":{"type":"Point","coordinates":[5.6422,61.373508]},"properties":{"name":"Teltplass","source":"OpenStreetMap","osm_ref":"way-1312691889"}},{"type":"Feature","id":"camp-osm-node-9926212535","geometry":{"type":"Point","coordinates":[7.884738,61.984645]},"properties":{"name":"Teltplass","description":"Underlag: gravel","source":"OpenStreetMap","osm_ref":"node-9926212535"}},{"type":"Feature","id":"camp-osm-node-13016065297","geometry":{"type":"Point","coordinates":[10.364709,59.250126]},"properties":{"name":"Teltplass","source":"OpenStreetMap","osm_ref":"node-13016065297"}},{"type":"Feature","id":"camp-osm-way-1424684076","geometry":{"type":"Point","coordinates":[10.243028,60.431952]},"properties":{"name":"Teltplass","source":"OpenStreetMap","osm_ref":"way-1424684076"}},{"type":"Feature","id":"camp-osm-way-1424684077","geometry":{"type":"Point","coordinates":[10.238021,60.432792]},"properties":{"name":"Teltplass","source":"OpenStreetMap","osm_ref":"way-1424684077"}},{"type":"Feature","id":"camp-osm-way-1466710903","geometry":{"type":"Point","coordinates":[10.025033,59.83236]},"properties":{"name":"Teltplass","source":"OpenStreetMap","osm_ref":"way-1466710903"}},{"type":"Feature","id":"camp-osm-way-1467701739","geometry":{"type":"Point","coordinates":[10.117682,59.964558]},"properties":{"name":"Teltplass","source":"OpenStreetMap","osm_ref":"way-1467701739"}},{"type":"Feature","id":"camp-osm-way-1467709573","geometry":{"type":"Point","coordinates":[9.483232,59.60533]},"properties":{"name":"Teltplass","source":"OpenStreetMap","osm_ref":"way-1467709573"}},{"type":"Feature","id":"camp-osm-node-13081759508","geometry":{"type":"Point","coordinates":[7.514211,59.126539]},"properties":{"name":"Teltplass","source":"OpenStreetMap","osm_ref":"node-13081759508"}},{"type":"Feature","id":"camp-osm-node-13322152968","geometry":{"type":"Point","coordinates":[10.758859,59.113378]},"properties":{"name":"Teltplass","source":"OpenStreetMap","osm_ref":"node-13322152968"}},{"type":"Feature","id":"camp-osm-way-1423654734","geometry":{"type":"Point","coordinates":[6.144344,58.948676]},"properties":{"name":"Teltplass","source":"OpenStreetMap","osm_ref":"way-1423654734"}},{"type":"Feature","id":"camp-osm-node-12208519489","geometry":{"type":"Point","coordinates":[9.735896,63.013279]},"properties":{"name":"Teltplass","source":"OpenStreetMap","osm_ref":"node-12208519489"}},{"type":"Feature","id":"camp-osm-way-511027306","geometry":{"type":"Point","coordinates":[10.802548,60.25929]},"properties":{"name":"Teltplass","source":"OpenStreetMap","osm_ref":"way-511027306"}},{"type":"Feature","id":"camp-osm-way-511029868","geometry":{"type":"Point","coordinates":[10.805659,60.263806]},"properties":{"name":"Teltplass","source":"OpenStreetMap","osm_ref":"way-511029868"}},{"type":"Feature","id":"camp-osm-way-1423657820","geometry":{"type":"Point","coordinates":[5.185637,59.232653]},"properties":{"name":"Teltplass","source":"OpenStreetMap","osm_ref":"way-1423657820"}},{"type":"Feature","id":"camp-osm-way-1424119332","geometry":{"type":"Point","coordinates":[15.471729,68.799537]},"properties":{"name":"Teltplass","source":"OpenStreetMap","osm_ref":"way-1424119332"}},{"type":"Feature","id":"camp-osm-way-1424119333","geometry":{"type":"Point","coordinates":[15.473837,68.801422]},"properties":{"name":"Teltplass","source":"OpenStreetMap","osm_ref":"way-1424119333"}},{"type":"Feature","id":"camp-osm-node-2565429880","geometry":{"type":"Point","coordinates":[10.914096,60.127338]},"properties":{"name":"Teltplass","source":"OpenStreetMap","osm_ref":"node-2565429880"}},{"type":"Feature","id":"camp-osm-node-7788361087","geometry":{"type":"Point","coordinates":[5.574607,58.982979]},"properties":{"name":"Teltplass","source":"OpenStreetMap","osm_ref":"node-7788361087"}},{"type":"Feature","id":"camp-osm-node-9868079629","geometry":{"type":"Point","coordinates":[8.148618,58.669675]},"properties":{"name":"Teltplass","source":"OpenStreetMap","osm_ref":"node-9868079629"}},{"type":"Feature","id":"camp-osm-node-11052342243","geometry":{"type":"Point","coordinates":[5.070001,61.592945]},"properties":{"name":"Teltplass","description":"Underlag: compacted","source":"OpenStreetMap","osm_ref":"node-11052342243"}},{"type":"Feature","id":"camp-osm-node-12943600772","geometry":{"type":"Point","coordinates":[10.191029,60.122657]},"properties":{"name":"Teltplass","source":"OpenStreetMap","osm_ref":"node-12943600772"}},{"type":"Feature","id":"camp-osm-way-1301289026","geometry":{"type":"Point","coordinates":[11.88273,62.415683]},"properties":{"name":"Teltplass","source":"OpenStreetMap","osm_ref":"way-1301289026"}},{"type":"Feature","id":"camp-osm-way-1312605862","geometry":{"type":"Point","coordinates":[7.682391,62.55531]},"properties":{"name":"Teltplass","description":"Underlag: grass","source":"OpenStreetMap","osm_ref":"way-1312605862"}},{"type":"Feature","id":"camp-osm-way-1417599257","geometry":{"type":"Point","coordinates":[8.40733,59.257869]},"properties":{"name":"Teltplass","source":"OpenStreetMap","osm_ref":"way-1417599257"}},{"type":"Feature","id":"camp-osm-node-3474602832","geometry":{"type":"Point","coordinates":[10.91173,60.129136]},"properties":{"name":"Teltplass","source":"OpenStreetMap","osm_ref":"node-3474602832"}},{"type":"Feature","id":"camp-osm-node-4972337226","geometry":{"type":"Point","coordinates":[10.55299,59.718999]},"properties":{"name":"Teltplass","source":"OpenStreetMap","osm_ref":"node-4972337226"}},{"type":"Feature","id":"camp-osm-node-9165302415","geometry":{"type":"Point","coordinates":[7.462547,60.835769]},"properties":{"name":"Teltplass","source":"OpenStreetMap","osm_ref":"node-9165302415"}},{"type":"Feature","id":"camp-osm-node-11292711348","geometry":{"type":"Point","coordinates":[8.009705,58.130416]},"properties":{"name":"Teltplass","source":"OpenStreetMap","osm_ref":"node-11292711348"}},{"type":"Feature","id":"camp-osm-node-13404021566","geometry":{"type":"Point","coordinates":[5.072561,61.592786]},"properties":{"name":"Teltplass","description":"Underlag: fine_gravel","source":"OpenStreetMap","osm_ref":"node-13404021566"}},{"type":"Feature","id":"camp-osm-way-97666364","geometry":{"type":"Point","coordinates":[10.718554,59.872347]},"properties":{"name":"Teltplass","source":"OpenStreetMap","osm_ref":"way-97666364"}},{"type":"Feature","id":"camp-osm-way-234012889","geometry":{"type":"Point","coordinates":[9.209399,62.662838]},"properties":{"name":"Teltplass","source":"OpenStreetMap","osm_ref":"way-234012889"}},{"type":"Feature","id":"camp-osm-way-406503962","geometry":{"type":"Point","coordinates":[15.193776,68.639387]},"properties":{"name":"Teltplass","source":"OpenStreetMap","osm_ref":"way-406503962"}},{"type":"Feature","id":"camp-osm-way-511029867","geometry":{"type":"Point","coordinates":[10.800414,60.262876]},"properties":{"name":"Teltplass","source":"OpenStreetMap","osm_ref":"way-511029867"}},{"type":"Feature","id":"camp-osm-relation-8205049","geometry":{"type":"Point","coordinates":[9.085048,59.805179]},"properties":{"name":"Teltplass","source":"OpenStreetMap","osm_ref":"relation-8205049"}},{"type":"Feature","id":"camp-osm-node-468404576","geometry":{"type":"Point","coordinates":[9.595061,62.306457]},"properties":{"name":"Teltplass","source":"OpenStreetMap","osm_ref":"node-468404576"}},{"type":"Feature","id":"camp-osm-node-828843148","geometry":{"type":"Point","coordinates":[7.808364,58.580261]},"properties":{"name":"Teltplass","source":"OpenStreetMap","osm_ref":"node-828843148"}},{"type":"Feature","id":"camp-osm-node-2335229721","geometry":{"type":"Point","coordinates":[10.521129,63.411304]},"properties":{"name":"Teltplass","source":"OpenStreetMap","osm_ref":"node-2335229721"}},{"type":"Feature","id":"camp-osm-node-4342814827","geometry":{"type":"Point","coordinates":[7.120033,60.740097]},"properties":{"name":"Teltplass","source":"OpenStreetMap","osm_ref":"node-4342814827"}},{"type":"Feature","id":"camp-osm-node-4382083738","geometry":{"type":"Point","coordinates":[6.483857,61.575547]},"properties":{"name":"Teltplass","source":"OpenStreetMap","osm_ref":"node-4382083738"}},{"type":"Feature","id":"camp-osm-node-5030471425","geometry":{"type":"Point","coordinates":[12.328819,60.149063]},"properties":{"name":"Teltplass","source":"OpenStreetMap","osm_ref":"node-5030471425"}},{"type":"Feature","id":"camp-osm-node-5030471442","geometry":{"type":"Point","coordinates":[12.449285,60.132102]},"properties":{"name":"Teltplass","source":"OpenStreetMap","osm_ref":"node-5030471442"}},{"type":"Feature","id":"camp-osm-node-5593001122","geometry":{"type":"Point","coordinates":[10.715953,59.871678]},"properties":{"name":"Teltplass","source":"OpenStreetMap","osm_ref":"node-5593001122"}},{"type":"Feature","id":"camp-osm-node-6761470087","geometry":{"type":"Point","coordinates":[5.76445,60.394567]},"properties":{"name":"Teltplass","source":"OpenStreetMap","osm_ref":"node-6761470087"}},{"type":"Feature","id":"camp-osm-node-7727070266","geometry":{"type":"Point","coordinates":[6.796007,58.066886]},"properties":{"name":"Teltplass","description":"Underlag: grass","source":"OpenStreetMap","osm_ref":"node-7727070266"}},{"type":"Feature","id":"camp-osm-node-7808881686","geometry":{"type":"Point","coordinates":[8.226863,61.679723]},"properties":{"name":"Teltplass","source":"OpenStreetMap","osm_ref":"node-7808881686"}},{"type":"Feature","id":"camp-osm-node-9165350391","geometry":{"type":"Point","coordinates":[7.912975,61.371974]},"properties":{"name":"Teltplass","source":"OpenStreetMap","osm_ref":"node-9165350391"}},{"type":"Feature","id":"camp-osm-node-11132154724","geometry":{"type":"Point","coordinates":[6.409016,58.868315]},"properties":{"name":"Teltplass","source":"OpenStreetMap","osm_ref":"node-11132154724"}},{"type":"Feature","id":"camp-osm-node-11132154725","geometry":{"type":"Point","coordinates":[6.392354,58.860603]},"properties":{"name":"Teltplass","source":"OpenStreetMap","osm_ref":"node-11132154725"}},{"type":"Feature","id":"camp-osm-way-119524292","geometry":{"type":"Point","coordinates":[9.241759,58.8075]},"properties":{"name":"Teltplass","source":"OpenStreetMap","osm_ref":"way-119524292"}},{"type":"Feature","id":"camp-osm-way-232394694","geometry":{"type":"Point","coordinates":[9.649662,62.086025]},"properties":{"name":"Teltplass","source":"OpenStreetMap","osm_ref":"way-232394694"}},{"type":"Feature","id":"camp-osm-way-511030294","geometry":{"type":"Point","coordinates":[10.798627,60.260213]},"properties":{"name":"Teltplass","source":"OpenStreetMap","osm_ref":"way-511030294"}},{"type":"Feature","id":"camp-osm-way-511056193","geometry":{"type":"Point","coordinates":[10.805358,60.26552]},"properties":{"name":"Teltplass","source":"OpenStreetMap","osm_ref":"way-511056193"}},{"type":"Feature","id":"camp-osm-way-511773407","geometry":{"type":"Point","coordinates":[10.921693,60.154227]},"properties":{"name":"Teltplass","source":"OpenStreetMap","osm_ref":"way-511773407"}},{"type":"Feature","id":"camp-osm-way-662530486","geometry":{"type":"Point","coordinates":[7.804397,58.583966]},"properties":{"name":"Teltplass","description":"Underlag: concrete","source":"OpenStreetMap","osm_ref":"way-662530486"}},{"type":"Feature","id":"camp-osm-way-1356275581","geometry":{"type":"Point","coordinates":[17.772339,68.869333]},"properties":{"name":"Teltplass","source":"OpenStreetMap","osm_ref":"way-1356275581"}},{"type":"Feature","id":"camp-osm-way-1489231905","geometry":{"type":"Point","coordinates":[4.710435,60.782054]},"properties":{"name":"Teltplass","source":"OpenStreetMap","osm_ref":"way-1489231905"}},{"type":"Feature","id":"camp-osm-node-476277200","geometry":{"type":"Point","coordinates":[11.73076,60.23406]},"properties":{"name":"Teltplass","source":"OpenStreetMap","osm_ref":"node-476277200"}},{"type":"Feature","id":"camp-osm-node-746816215","geometry":{"type":"Point","coordinates":[18.719736,69.560361]},"properties":{"name":"Teltplass","source":"OpenStreetMap","osm_ref":"node-746816215"}},{"type":"Feature","id":"camp-osm-node-820601046","geometry":{"type":"Point","coordinates":[8.738992,60.552987]},"properties":{"name":"Teltplass","source":"OpenStreetMap","osm_ref":"node-820601046"}},{"type":"Feature","id":"camp-osm-node-1418920607","geometry":{"type":"Point","coordinates":[8.7942,61.556893]},"properties":{"name":"Teltplass","source":"OpenStreetMap","osm_ref":"node-1418920607"}},{"type":"Feature","id":"camp-osm-node-1876313153","geometry":{"type":"Point","coordinates":[9.872996,59.059397]},"properties":{"name":"Teltplass","source":"OpenStreetMap","osm_ref":"node-1876313153"}},{"type":"Feature","id":"camp-osm-node-2081197702","geometry":{"type":"Point","coordinates":[14.198306,66.490322]},"properties":{"name":"Teltplass","source":"OpenStreetMap","osm_ref":"node-2081197702"}},{"type":"Feature","id":"camp-osm-node-2336339726","geometry":{"type":"Point","coordinates":[10.44863,63.397735]},"properties":{"name":"Teltplass","source":"OpenStreetMap","osm_ref":"node-2336339726"}},{"type":"Feature","id":"camp-osm-node-3367764250","geometry":{"type":"Point","coordinates":[10.446172,63.392006]},"properties":{"name":"Teltplass","source":"OpenStreetMap","osm_ref":"node-3367764250"}},{"type":"Feature","id":"camp-osm-node-3941579112","geometry":{"type":"Point","coordinates":[5.882623,58.868233]},"properties":{"name":"Teltplass","source":"OpenStreetMap","osm_ref":"node-3941579112"}},{"type":"Feature","id":"camp-osm-node-4185876711","geometry":{"type":"Point","coordinates":[9.989504,59.76482]},"properties":{"name":"Teltplass","source":"OpenStreetMap","osm_ref":"node-4185876711"}},{"type":"Feature","id":"camp-osm-node-7809339585","geometry":{"type":"Point","coordinates":[6.509391,59.489276]},"properties":{"name":"Teltplass","source":"OpenStreetMap","osm_ref":"node-7809339585"}},{"type":"Feature","id":"camp-osm-node-7813416122","geometry":{"type":"Point","coordinates":[9.587289,63.193469]},"properties":{"name":"Teltplass","source":"OpenStreetMap","osm_ref":"node-7813416122"}},{"type":"Feature","id":"camp-osm-node-8275112319","geometry":{"type":"Point","coordinates":[10.66793,59.839106]},"properties":{"name":"Teltplass","description":"Underlag: wood","source":"OpenStreetMap","osm_ref":"node-8275112319"}},{"type":"Feature","id":"camp-osm-node-9165145069","geometry":{"type":"Point","coordinates":[6.4237,58.882766]},"properties":{"name":"Teltplass","source":"OpenStreetMap","osm_ref":"node-9165145069"}},{"type":"Feature","id":"camp-osm-node-9923254195","geometry":{"type":"Point","coordinates":[6.933774,60.94882]},"properties":{"name":"Teltplass","source":"OpenStreetMap","osm_ref":"node-9923254195"}},{"type":"Feature","id":"camp-osm-node-11093009548","geometry":{"type":"Point","coordinates":[8.296107,59.814342]},"properties":{"name":"Teltplass","source":"OpenStreetMap","osm_ref":"node-11093009548"}},{"type":"Feature","id":"camp-osm-node-11093009572","geometry":{"type":"Point","coordinates":[8.440454,60.40693]},"properties":{"name":"Teltplass","source":"OpenStreetMap","osm_ref":"node-11093009572"}},{"type":"Feature","id":"camp-osm-node-11093009573","geometry":{"type":"Point","coordinates":[8.763436,60.087426]},"properties":{"name":"Teltplass","source":"OpenStreetMap","osm_ref":"node-11093009573"}},{"type":"Feature","id":"camp-osm-node-12053005872","geometry":{"type":"Point","coordinates":[11.784596,62.475881]},"properties":{"name":"Teltplass","source":"OpenStreetMap","osm_ref":"node-12053005872"}},{"type":"Feature","id":"camp-osm-node-13291049983","geometry":{"type":"Point","coordinates":[6.317065,58.879295]},"properties":{"name":"Teltplass","source":"OpenStreetMap","osm_ref":"node-13291049983"}},{"type":"Feature","id":"camp-osm-node-13291065810","geometry":{"type":"Point","coordinates":[6.324422,58.872244]},"properties":{"name":"Teltplass","source":"OpenStreetMap","osm_ref":"node-13291065810"}},{"type":"Feature","id":"camp-osm-node-13404021591","geometry":{"type":"Point","coordinates":[5.07256,61.593704]},"properties":{"name":"Teltplass","description":"Underlag: fine_gravel","source":"OpenStreetMap","osm_ref":"node-13404021591"}},{"type":"Feature","id":"camp-osm-node-13404021595","geometry":{"type":"Point","coordinates":[5.070844,61.59272]},"properties":{"name":"Teltplass","description":"Underlag: fine_gravel","source":"OpenStreetMap","osm_ref":"node-13404021595"}},{"type":"Feature","id":"camp-osm-node-13478482204","geometry":{"type":"Point","coordinates":[6.478337,58.718178]},"properties":{"name":"Teltplass","source":"OpenStreetMap","osm_ref":"node-13478482204"}},{"type":"Feature","id":"camp-osm-node-13707157583","geometry":{"type":"Point","coordinates":[5.327799,60.153778]},"properties":{"name":"Teltplass","source":"OpenStreetMap","osm_ref":"node-13707157583"}},{"type":"Feature","id":"camp-osm-node-13707157584","geometry":{"type":"Point","coordinates":[5.335135,60.151001]},"properties":{"name":"Teltplass","source":"OpenStreetMap","osm_ref":"node-13707157584"}},{"type":"Feature","id":"camp-osm-way-188185406","geometry":{"type":"Point","coordinates":[10.615899,59.765816]},"properties":{"name":"Teltplass","source":"OpenStreetMap","osm_ref":"way-188185406"}},{"type":"Feature","id":"camp-osm-way-695507622","geometry":{"type":"Point","coordinates":[10.247011,60.023505]},"properties":{"name":"Teltplass","description":"Adgang: private","source":"OpenStreetMap","osm_ref":"way-695507622"}},{"type":"Feature","id":"camp-osm-way-776610272","geometry":{"type":"Point","coordinates":[8.490373,61.451955]},"properties":{"name":"Teltplass","source":"OpenStreetMap","osm_ref":"way-776610272"}},{"type":"Feature","id":"camp-osm-way-827694084","geometry":{"type":"Point","coordinates":[8.387976,58.212205]},"properties":{"name":"Teltplass","description":"Adgang: private","source":"OpenStreetMap","osm_ref":"way-827694084"}},{"type":"Feature","id":"camp-osm-way-1441836760","geometry":{"type":"Point","coordinates":[12.338849,66.372365]},"properties":{"name":"Teltplass","source":"OpenStreetMap","osm_ref":"way-1441836760"}},{"type":"Feature","id":"camp-osm-way-1467705898","geometry":{"type":"Point","coordinates":[10.902011,59.185306]},"properties":{"name":"Teltplass","description":"Underlag: grass","source":"OpenStreetMap","osm_ref":"way-1467705898"}},{"type":"Feature","id":"camp-osm-way-1467705904","geometry":{"type":"Point","coordinates":[10.901749,59.185953]},"properties":{"name":"Teltplass","description":"Underlag: grass","source":"OpenStreetMap","osm_ref":"way-1467705904"}},{"type":"Feature","id":"camp-osm-way-1467705939","geometry":{"type":"Point","coordinates":[10.901136,59.184915]},"properties":{"name":"Teltplass","description":"Underlag: grass","source":"OpenStreetMap","osm_ref":"way-1467705939"}},{"type":"Feature","id":"camp-osm-way-1467705963","geometry":{"type":"Point","coordinates":[10.901479,59.186403]},"properties":{"name":"Teltplass","description":"Underlag: grass","source":"OpenStreetMap","osm_ref":"way-1467705963"}},{"type":"Feature","id":"camp-osm-relation-5815390","geometry":{"type":"Point","coordinates":[9.412395,58.902702]},"properties":{"name":"Teltplass","source":"OpenStreetMap","osm_ref":"relation-5815390"}},{"type":"Feature","id":"camp-osm-node-2395427670","geometry":{"type":"Point","coordinates":[14.003154,67.279382]},"properties":{"name":"Teltplass","source":"OpenStreetMap","osm_ref":"node-2395427670"}},{"type":"Feature","id":"camp-osm-node-3941562464","geometry":{"type":"Point","coordinates":[7.219381,59.910328]},"properties":{"name":"Teltplass","source":"OpenStreetMap","osm_ref":"node-3941562464"}},{"type":"Feature","id":"camp-osm-node-3941562465","geometry":{"type":"Point","coordinates":[7.208372,59.92227]},"properties":{"name":"Teltplass","source":"OpenStreetMap","osm_ref":"node-3941562465"}},{"type":"Feature","id":"camp-osm-node-3941562466","geometry":{"type":"Point","coordinates":[7.2019,59.871026]},"properties":{"name":"Teltplass","source":"OpenStreetMap","osm_ref":"node-3941562466"}},{"type":"Feature","id":"camp-osm-node-3941579110","geometry":{"type":"Point","coordinates":[5.892374,58.870561]},"properties":{"name":"Teltplass","source":"OpenStreetMap","osm_ref":"node-3941579110"}},{"type":"Feature","id":"camp-osm-node-3941579113","geometry":{"type":"Point","coordinates":[5.919397,58.87547]},"properties":{"name":"Teltplass","source":"OpenStreetMap","osm_ref":"node-3941579113"}},{"type":"Feature","id":"camp-osm-node-3941579114","geometry":{"type":"Point","coordinates":[5.918987,58.879065]},"properties":{"name":"Teltplass","source":"OpenStreetMap","osm_ref":"node-3941579114"}},{"type":"Feature","id":"camp-osm-node-4309438992","geometry":{"type":"Point","coordinates":[18.130036,68.203136]},"properties":{"name":"Teltplass","source":"OpenStreetMap","osm_ref":"node-4309438992"}},{"type":"Feature","id":"camp-osm-node-4331338860","geometry":{"type":"Point","coordinates":[5.457341,60.19168]},"properties":{"name":"Teltplass","source":"OpenStreetMap","osm_ref":"node-4331338860"}},{"type":"Feature","id":"camp-osm-node-4972336531","geometry":{"type":"Point","coordinates":[10.561768,59.701565]},"properties":{"name":"Teltplass","source":"OpenStreetMap","osm_ref":"node-4972336531"}},{"type":"Feature","id":"camp-osm-node-5657070626","geometry":{"type":"Point","coordinates":[12.344019,60.068613]},"properties":{"name":"Teltplass","source":"OpenStreetMap","osm_ref":"node-5657070626"}},{"type":"Feature","id":"camp-osm-node-5677689327","geometry":{"type":"Point","coordinates":[9.60399,59.475577]},"properties":{"name":"Teltplass","source":"OpenStreetMap","osm_ref":"node-5677689327"}},{"type":"Feature","id":"camp-osm-node-6284343267","geometry":{"type":"Point","coordinates":[18.096527,68.200763]},"properties":{"name":"Teltplass","source":"OpenStreetMap","osm_ref":"node-6284343267"}},{"type":"Feature","id":"camp-osm-node-6782266787","geometry":{"type":"Point","coordinates":[9.233926,61.863753]},"properties":{"name":"Teltplass","source":"OpenStreetMap","osm_ref":"node-6782266787"}},{"type":"Feature","id":"camp-osm-node-6782273785","geometry":{"type":"Point","coordinates":[9.233718,61.866746]},"properties":{"name":"Teltplass","source":"OpenStreetMap","osm_ref":"node-6782273785"}},{"type":"Feature","id":"camp-osm-node-6788593791","geometry":{"type":"Point","coordinates":[8.219628,61.678055]},"properties":{"name":"Teltplass","source":"OpenStreetMap","osm_ref":"node-6788593791"}},{"type":"Feature","id":"camp-osm-node-7273318711","geometry":{"type":"Point","coordinates":[16.56954,68.593151]},"properties":{"name":"Teltplass","source":"OpenStreetMap","osm_ref":"node-7273318711"}},{"type":"Feature","id":"camp-osm-node-7578519169","geometry":{"type":"Point","coordinates":[6.320005,59.03306]},"properties":{"name":"Teltplass","source":"OpenStreetMap","osm_ref":"node-7578519169"}},{"type":"Feature","id":"camp-osm-node-7727111743","geometry":{"type":"Point","coordinates":[6.797882,58.066777]},"properties":{"name":"Teltplass","source":"OpenStreetMap","osm_ref":"node-7727111743"}},{"type":"Feature","id":"camp-osm-node-7727111749","geometry":{"type":"Point","coordinates":[6.796959,58.066684]},"properties":{"name":"Teltplass","source":"OpenStreetMap","osm_ref":"node-7727111749"}},{"type":"Feature","id":"camp-osm-node-7728862852","geometry":{"type":"Point","coordinates":[6.797565,58.067548]},"properties":{"name":"Teltplass","source":"OpenStreetMap","osm_ref":"node-7728862852"}},{"type":"Feature","id":"camp-osm-node-7728900152","geometry":{"type":"Point","coordinates":[6.798389,58.067229]},"properties":{"name":"Teltplass","source":"OpenStreetMap","osm_ref":"node-7728900152"}},{"type":"Feature","id":"camp-osm-node-7728909366","geometry":{"type":"Point","coordinates":[6.799254,58.066706]},"properties":{"name":"Teltplass","source":"OpenStreetMap","osm_ref":"node-7728909366"}},{"type":"Feature","id":"camp-osm-node-7728968898","geometry":{"type":"Point","coordinates":[6.7951,58.066946]},"properties":{"name":"Teltplass","source":"OpenStreetMap","osm_ref":"node-7728968898"}},{"type":"Feature","id":"camp-osm-node-7845521286","geometry":{"type":"Point","coordinates":[11.019685,59.848926]},"properties":{"name":"Teltplass","source":"OpenStreetMap","osm_ref":"node-7845521286"}},{"type":"Feature","id":"camp-osm-node-8223220804","geometry":{"type":"Point","coordinates":[10.652007,59.837406]},"properties":{"name":"Teltplass","description":"Underlag: wood","source":"OpenStreetMap","osm_ref":"node-8223220804"}},{"type":"Feature","id":"camp-osm-node-9789197396","geometry":{"type":"Point","coordinates":[10.843468,60.251704]},"properties":{"name":"Teltplass","source":"OpenStreetMap","osm_ref":"node-9789197396"}},{"type":"Feature","id":"camp-osm-node-9894686501","geometry":{"type":"Point","coordinates":[10.642394,59.963818]},"properties":{"name":"Teltplass","source":"OpenStreetMap","osm_ref":"node-9894686501"}},{"type":"Feature","id":"camp-osm-node-9896144683","geometry":{"type":"Point","coordinates":[8.539335,60.623524]},"properties":{"name":"Teltplass","source":"OpenStreetMap","osm_ref":"node-9896144683"}},{"type":"Feature","id":"camp-osm-node-9896144688","geometry":{"type":"Point","coordinates":[8.538797,60.623056]},"properties":{"name":"Teltplass","source":"OpenStreetMap","osm_ref":"node-9896144688"}},{"type":"Feature","id":"camp-osm-node-9896144693","geometry":{"type":"Point","coordinates":[8.538258,60.622587]},"properties":{"name":"Teltplass","source":"OpenStreetMap","osm_ref":"node-9896144693"}},{"type":"Feature","id":"camp-osm-node-9898104135","geometry":{"type":"Point","coordinates":[8.540549,60.62398]},"properties":{"name":"Teltplass","source":"OpenStreetMap","osm_ref":"node-9898104135"}},{"type":"Feature","id":"camp-osm-node-9898104150","geometry":{"type":"Point","coordinates":[8.53782,60.623066]},"properties":{"name":"Teltplass","source":"OpenStreetMap","osm_ref":"node-9898104150"}},{"type":"Feature","id":"camp-osm-node-9898104155","geometry":{"type":"Point","coordinates":[8.537111,60.622642]},"properties":{"name":"Teltplass","source":"OpenStreetMap","osm_ref":"node-9898104155"}},{"type":"Feature","id":"camp-osm-node-9898243348","geometry":{"type":"Point","coordinates":[8.540383,60.623501]},"properties":{"name":"Teltplass","source":"OpenStreetMap","osm_ref":"node-9898243348"}},{"type":"Feature","id":"camp-osm-node-9898243358","geometry":{"type":"Point","coordinates":[8.539859,60.62302]},"properties":{"name":"Teltplass","source":"OpenStreetMap","osm_ref":"node-9898243358"}},{"type":"Feature","id":"camp-osm-node-9898243370","geometry":{"type":"Point","coordinates":[8.539323,60.622548]},"properties":{"name":"Teltplass","source":"OpenStreetMap","osm_ref":"node-9898243370"}},{"type":"Feature","id":"camp-osm-node-9914411298","geometry":{"type":"Point","coordinates":[5.893509,61.449422]},"properties":{"name":"Teltplass","source":"OpenStreetMap","osm_ref":"node-9914411298"}},{"type":"Feature","id":"camp-osm-node-9959751201","geometry":{"type":"Point","coordinates":[10.643356,59.96368]},"properties":{"name":"Teltplass","source":"OpenStreetMap","osm_ref":"node-9959751201"}},{"type":"Feature","id":"camp-osm-node-10016943783","geometry":{"type":"Point","coordinates":[7.212472,58.993903]},"properties":{"name":"Teltplass","source":"OpenStreetMap","osm_ref":"node-10016943783"}},{"type":"Feature","id":"camp-osm-node-10016943784","geometry":{"type":"Point","coordinates":[7.233311,59.004912]},"properties":{"name":"Teltplass","source":"OpenStreetMap","osm_ref":"node-10016943784"}},{"type":"Feature","id":"camp-osm-node-11711452563","geometry":{"type":"Point","coordinates":[5.893353,58.869935]},"properties":{"name":"Teltplass","source":"OpenStreetMap","osm_ref":"node-11711452563"}},{"type":"Feature","id":"camp-osm-node-12625157265","geometry":{"type":"Point","coordinates":[11.820429,59.308264]},"properties":{"name":"Teltplass","source":"OpenStreetMap","osm_ref":"node-12625157265"}},{"type":"Feature","id":"camp-osm-node-13013339620","geometry":{"type":"Point","coordinates":[9.115659,59.502249]},"properties":{"name":"Teltplass","source":"OpenStreetMap","osm_ref":"node-13013339620"}},{"type":"Feature","id":"camp-osm-node-13228111619","geometry":{"type":"Point","coordinates":[6.072365,58.761037]},"properties":{"name":"Teltplass","source":"OpenStreetMap","osm_ref":"node-13228111619"}},{"type":"Feature","id":"camp-osm-node-13375845025","geometry":{"type":"Point","coordinates":[6.071516,58.761575]},"properties":{"name":"Teltplass","source":"OpenStreetMap","osm_ref":"node-13375845025"}},{"type":"Feature","id":"camp-osm-node-13404021564","geometry":{"type":"Point","coordinates":[5.073944,61.593866]},"properties":{"name":"Teltplass","description":"Underlag: fine_gravel","source":"OpenStreetMap","osm_ref":"node-13404021564"}},{"type":"Feature","id":"camp-osm-node-13760488858","geometry":{"type":"Point","coordinates":[6.122128,58.767837]},"properties":{"name":"Teltplass","source":"OpenStreetMap","osm_ref":"node-13760488858"}},{"type":"Feature","id":"camp-osm-way-118242099","geometry":{"type":"Point","coordinates":[10.477172,59.525111]},"properties":{"name":"Teltplass","source":"OpenStreetMap","osm_ref":"way-118242099"}},{"type":"Feature","id":"camp-osm-way-529802395","geometry":{"type":"Point","coordinates":[10.21492,63.326543]},"properties":{"name":"Teltplass","source":"OpenStreetMap","osm_ref":"way-529802395"}},{"type":"Feature","id":"camp-osm-way-529802397","geometry":{"type":"Point","coordinates":[10.214649,63.328124]},"properties":{"name":"Teltplass","source":"OpenStreetMap","osm_ref":"way-529802397"}},{"type":"Feature","id":"camp-osm-way-846248238","geometry":{"type":"Point","coordinates":[9.65233,58.902791]},"properties":{"name":"Teltplass","source":"OpenStreetMap","osm_ref":"way-846248238"}},{"type":"Feature","id":"camp-osm-way-866250516","geometry":{"type":"Point","coordinates":[4.993546,61.254817]},"properties":{"name":"Teltplass","source":"OpenStreetMap","osm_ref":"way-866250516"}},{"type":"Feature","id":"camp-osm-way-868451673","geometry":{"type":"Point","coordinates":[9.178737,60.34135]},"properties":{"name":"Teltplass","source":"OpenStreetMap","osm_ref":"way-868451673"}},{"type":"Feature","id":"camp-osm-way-1079429668","geometry":{"type":"Point","coordinates":[8.389863,58.257182]},"properties":{"name":"Teltplass","source":"OpenStreetMap","osm_ref":"way-1079429668"}},{"type":"Feature","id":"camp-osm-way-1179841699","geometry":{"type":"Point","coordinates":[9.543147,63.23169]},"properties":{"name":"Teltplass","source":"OpenStreetMap","osm_ref":"way-1179841699"}},{"type":"Feature","id":"camp-osm-way-1302761712","geometry":{"type":"Point","coordinates":[9.231116,60.982847]},"properties":{"name":"Teltplass","source":"OpenStreetMap","osm_ref":"way-1302761712"}},{"type":"Feature","id":"camp-osm-way-1302763931","geometry":{"type":"Point","coordinates":[9.234114,60.98093]},"properties":{"name":"Teltplass","source":"OpenStreetMap","osm_ref":"way-1302763931"}},{"type":"Feature","id":"camp-osm-way-1411926233","geometry":{"type":"Point","coordinates":[7.808554,58.582094]},"properties":{"name":"Teltplass","source":"OpenStreetMap","osm_ref":"way-1411926233"}},{"type":"Feature","id":"camp-osm-way-1419633198","geometry":{"type":"Point","coordinates":[10.273068,60.474894]},"properties":{"name":"Teltplass","source":"OpenStreetMap","osm_ref":"way-1419633198"}},{"type":"Feature","id":"camp-osm-way-1448305098","geometry":{"type":"Point","coordinates":[9.768957,59.487048]},"properties":{"name":"Teltplass","source":"OpenStreetMap","osm_ref":"way-1448305098"}},{"type":"Feature","id":"camp-osm-relation-8593719","geometry":{"type":"Point","coordinates":[10.674103,60.88977]},"properties":{"name":"Teltplass","source":"OpenStreetMap","osm_ref":"relation-8593719"}},{"type":"Feature","id":"camp-osm-relation-8798256","geometry":{"type":"Point","coordinates":[9.552033,61.794015]},"properties":{"name":"Teltplass","source":"OpenStreetMap","osm_ref":"relation-8798256"}},{"type":"Feature","id":"camp-osm-relation-10016139","geometry":{"type":"Point","coordinates":[12.047505,59.912846]},"properties":{"name":"Teltplass","source":"OpenStreetMap","osm_ref":"relation-10016139"}},{"type":"Feature","id":"camp-osm-relation-10904979","geometry":{"type":"Point","coordinates":[10.079979,61.33531]},"properties":{"name":"Teltplass","source":"OpenStreetMap","osm_ref":"relation-10904979"}},{"type":"Feature","id":"camp-osm-relation-15847056","geometry":{"type":"Point","coordinates":[9.330841,58.766205]},"properties":{"name":"Teltplass","source":"OpenStreetMap","osm_ref":"relation-15847056"}},{"type":"Feature","id":"camp-osm-node-873839728","geometry":{"type":"Point","coordinates":[7.893179,62.843466]},"properties":{"name":"Teltplass","source":"OpenStreetMap","osm_ref":"node-873839728"}},{"type":"Feature","id":"camp-osm-node-929340465","geometry":{"type":"Point","coordinates":[7.542301,62.609939]},"properties":{"name":"Teltplass","source":"OpenStreetMap","osm_ref":"node-929340465"}},{"type":"Feature","id":"camp-osm-node-1484085605","geometry":{"type":"Point","coordinates":[5.30528,59.353508]},"properties":{"name":"Teltplass","source":"OpenStreetMap","osm_ref":"node-1484085605"}},{"type":"Feature","id":"camp-osm-node-2493097059","geometry":{"type":"Point","coordinates":[20.698532,69.207723]},"properties":{"name":"Teltplass","source":"OpenStreetMap","osm_ref":"node-2493097059"}},{"type":"Feature","id":"camp-osm-node-3607652664","geometry":{"type":"Point","coordinates":[7.986445,58.119976]},"properties":{"name":"Teltplass","source":"OpenStreetMap","osm_ref":"node-3607652664"}},{"type":"Feature","id":"camp-osm-node-4902155666","geometry":{"type":"Point","coordinates":[6.701968,62.63864]},"properties":{"name":"Teltplass","source":"OpenStreetMap","osm_ref":"node-4902155666"}},{"type":"Feature","id":"camp-osm-node-4926699529","geometry":{"type":"Point","coordinates":[7.044133,58.137823]},"properties":{"name":"Teltplass","source":"OpenStreetMap","osm_ref":"node-4926699529"}},{"type":"Feature","id":"camp-osm-node-4935692571","geometry":{"type":"Point","coordinates":[7.17161,58.045798]},"properties":{"name":"Teltplass","source":"OpenStreetMap","osm_ref":"node-4935692571"}},{"type":"Feature","id":"camp-osm-node-5003012063","geometry":{"type":"Point","coordinates":[11.678796,59.272713]},"properties":{"name":"Teltplass","source":"OpenStreetMap","osm_ref":"node-5003012063"}},{"type":"Feature","id":"camp-osm-node-5005262543","geometry":{"type":"Point","coordinates":[10.8955,60.158383]},"properties":{"name":"Teltplass","source":"OpenStreetMap","osm_ref":"node-5005262543"}},{"type":"Feature","id":"camp-osm-node-5005262544","geometry":{"type":"Point","coordinates":[10.895454,60.157903]},"properties":{"name":"Teltplass","source":"OpenStreetMap","osm_ref":"node-5005262544"}},{"type":"Feature","id":"camp-osm-node-5005262550","geometry":{"type":"Point","coordinates":[10.894129,60.158763]},"properties":{"name":"Teltplass","source":"OpenStreetMap","osm_ref":"node-5005262550"}},{"type":"Feature","id":"camp-osm-node-5005273351","geometry":{"type":"Point","coordinates":[10.924178,60.15445]},"properties":{"name":"Teltplass","source":"OpenStreetMap","osm_ref":"node-5005273351"}},{"type":"Feature","id":"camp-osm-node-5005273353","geometry":{"type":"Point","coordinates":[10.941536,60.162886]},"properties":{"name":"Teltplass","source":"OpenStreetMap","osm_ref":"node-5005273353"}},{"type":"Feature","id":"camp-osm-node-5053267021","geometry":{"type":"Point","coordinates":[10.248811,63.140853]},"properties":{"name":"Teltplass","source":"OpenStreetMap","osm_ref":"node-5053267021"}},{"type":"Feature","id":"camp-osm-node-5069233109","geometry":{"type":"Point","coordinates":[11.262617,64.873166]},"properties":{"name":"Teltplass","source":"OpenStreetMap","osm_ref":"node-5069233109"}},{"type":"Feature","id":"camp-osm-node-5126606425","geometry":{"type":"Point","coordinates":[10.175749,63.421815]},"properties":{"name":"Teltplass","source":"OpenStreetMap","osm_ref":"node-5126606425"}},{"type":"Feature","id":"camp-osm-node-5566269861","geometry":{"type":"Point","coordinates":[12.63847,66.592265]},"properties":{"name":"Teltplass","source":"OpenStreetMap","osm_ref":"node-5566269861"}},{"type":"Feature","id":"camp-osm-node-5648552380","geometry":{"type":"Point","coordinates":[10.354833,59.218939]},"properties":{"name":"Teltplass","source":"OpenStreetMap","osm_ref":"node-5648552380"}},{"type":"Feature","id":"camp-osm-node-5648552381","geometry":{"type":"Point","coordinates":[10.353284,59.226572]},"properties":{"name":"Teltplass","source":"OpenStreetMap","osm_ref":"node-5648552381"}},{"type":"Feature","id":"camp-osm-node-5775536229","geometry":{"type":"Point","coordinates":[7.802233,61.504897]},"properties":{"name":"Teltplass","source":"OpenStreetMap","osm_ref":"node-5775536229"}},{"type":"Feature","id":"camp-osm-node-6315208285","geometry":{"type":"Point","coordinates":[13.377923,65.32546]},"properties":{"name":"Teltplass","source":"OpenStreetMap","osm_ref":"node-6315208285"}},{"type":"Feature","id":"camp-osm-node-6587200850","geometry":{"type":"Point","coordinates":[5.899291,61.884843]},"properties":{"name":"Teltplass","source":"OpenStreetMap","osm_ref":"node-6587200850"}},{"type":"Feature","id":"camp-osm-node-6734706685","geometry":{"type":"Point","coordinates":[15.207897,68.430591]},"properties":{"name":"Teltplass","source":"OpenStreetMap","osm_ref":"node-6734706685"}},{"type":"Feature","id":"camp-osm-node-6795251686","geometry":{"type":"Point","coordinates":[7.963037,61.27069]},"properties":{"name":"Teltplass","source":"OpenStreetMap","osm_ref":"node-6795251686"}},{"type":"Feature","id":"camp-osm-node-6972738642","geometry":{"type":"Point","coordinates":[7.176918,62.751705]},"properties":{"name":"Teltplass","source":"OpenStreetMap","osm_ref":"node-6972738642"}},{"type":"Feature","id":"camp-osm-node-6972738643","geometry":{"type":"Point","coordinates":[7.170206,62.753298]},"properties":{"name":"Teltplass","source":"OpenStreetMap","osm_ref":"node-6972738643"}},{"type":"Feature","id":"camp-osm-node-7084418398","geometry":{"type":"Point","coordinates":[10.821625,59.558746]},"properties":{"name":"Teltplass","source":"OpenStreetMap","osm_ref":"node-7084418398"}},{"type":"Feature","id":"camp-osm-node-7239409162","geometry":{"type":"Point","coordinates":[11.492391,59.277445]},"properties":{"name":"Teltplass","source":"OpenStreetMap","osm_ref":"node-7239409162"}},{"type":"Feature","id":"camp-osm-node-7598271258","geometry":{"type":"Point","coordinates":[27.31646,70.937189]},"properties":{"name":"Teltplass","source":"OpenStreetMap","osm_ref":"node-7598271258"}},{"type":"Feature","id":"camp-osm-node-7784003985","geometry":{"type":"Point","coordinates":[8.775633,62.721465]},"properties":{"name":"Teltplass","source":"OpenStreetMap","osm_ref":"node-7784003985"}},{"type":"Feature","id":"camp-osm-node-8094778365","geometry":{"type":"Point","coordinates":[10.56488,59.992851]},"properties":{"name":"Teltplass","source":"OpenStreetMap","osm_ref":"node-8094778365"}},{"type":"Feature","id":"camp-osm-node-8840213291","geometry":{"type":"Point","coordinates":[10.649856,59.957658]},"properties":{"name":"Teltplass","source":"OpenStreetMap","osm_ref":"node-8840213291"}},{"type":"Feature","id":"camp-osm-node-9026648527","geometry":{"type":"Point","coordinates":[9.798631,62.087893]},"properties":{"name":"Teltplass","source":"OpenStreetMap","osm_ref":"node-9026648527"}},{"type":"Feature","id":"camp-osm-node-9423413894","geometry":{"type":"Point","coordinates":[10.780608,59.821797]},"properties":{"name":"Teltplass","source":"OpenStreetMap","osm_ref":"node-9423413894"}},{"type":"Feature","id":"camp-osm-node-9851077879","geometry":{"type":"Point","coordinates":[18.408425,69.727099]},"properties":{"name":"Teltplass","source":"OpenStreetMap","osm_ref":"node-9851077879"}},{"type":"Feature","id":"camp-osm-node-9896114581","geometry":{"type":"Point","coordinates":[10.642152,59.964634]},"properties":{"name":"Teltplass","source":"OpenStreetMap","osm_ref":"node-9896114581"}},{"type":"Feature","id":"camp-osm-node-9896114603","geometry":{"type":"Point","coordinates":[10.642908,59.964366]},"properties":{"name":"Teltplass","source":"OpenStreetMap","osm_ref":"node-9896114603"}},{"type":"Feature","id":"camp-osm-node-11131954005","geometry":{"type":"Point","coordinates":[12.106092,61.957475]},"properties":{"name":"Teltplass","source":"OpenStreetMap","osm_ref":"node-11131954005"}},{"type":"Feature","id":"camp-osm-node-11141682933","geometry":{"type":"Point","coordinates":[17.098922,68.908322]},"properties":{"name":"Teltplass","source":"OpenStreetMap","osm_ref":"node-11141682933"}},{"type":"Feature","id":"camp-osm-node-11153596336","geometry":{"type":"Point","coordinates":[8.407954,59.257276]},"properties":{"name":"Teltplass","source":"OpenStreetMap","osm_ref":"node-11153596336"}},{"type":"Feature","id":"camp-osm-node-11159488914","geometry":{"type":"Point","coordinates":[9.806347,61.997519]},"properties":{"name":"Teltplass","source":"OpenStreetMap","osm_ref":"node-11159488914"}},{"type":"Feature","id":"camp-osm-node-11950369569","geometry":{"type":"Point","coordinates":[7.444469,59.622471]},"properties":{"name":"Teltplass","source":"OpenStreetMap","osm_ref":"node-11950369569"}},{"type":"Feature","id":"camp-osm-node-11978701369","geometry":{"type":"Point","coordinates":[15.38436,66.815157]},"properties":{"name":"Teltplass","source":"OpenStreetMap","osm_ref":"node-11978701369"}},{"type":"Feature","id":"camp-osm-node-11982600443","geometry":{"type":"Point","coordinates":[11.622004,64.76853]},"properties":{"name":"Teltplass","source":"OpenStreetMap","osm_ref":"node-11982600443"}},{"type":"Feature","id":"camp-osm-node-12064565516","geometry":{"type":"Point","coordinates":[15.418752,66.686447]},"properties":{"name":"Teltplass","source":"OpenStreetMap","osm_ref":"node-12064565516"}},{"type":"Feature","id":"camp-osm-node-12994116181","geometry":{"type":"Point","coordinates":[11.084921,59.949961]},"properties":{"name":"Teltplass","source":"OpenStreetMap","osm_ref":"node-12994116181"}},{"type":"Feature","id":"camp-osm-node-13100733701","geometry":{"type":"Point","coordinates":[14.045917,68.262216]},"properties":{"name":"Teltplass","source":"OpenStreetMap","osm_ref":"node-13100733701"}},{"type":"Feature","id":"camp-osm-node-13230051655","geometry":{"type":"Point","coordinates":[18.091059,69.614035]},"properties":{"name":"Teltplass","source":"OpenStreetMap","osm_ref":"node-13230051655"}},{"type":"Feature","id":"camp-osm-node-13278564308","geometry":{"type":"Point","coordinates":[13.071368,68.036567]},"properties":{"name":"Teltplass","source":"OpenStreetMap","osm_ref":"node-13278564308"}},{"type":"Feature","id":"camp-osm-node-13278564309","geometry":{"type":"Point","coordinates":[13.078402,68.035559]},"properties":{"name":"Teltplass","source":"OpenStreetMap","osm_ref":"node-13278564309"}},{"type":"Feature","id":"camp-osm-way-160507846","geometry":{"type":"Point","coordinates":[14.928869,68.549895]},"properties":{"name":"Teltplass","source":"OpenStreetMap","osm_ref":"way-160507846"}},{"type":"Feature","id":"camp-osm-way-291621536","geometry":{"type":"Point","coordinates":[6.986699,58.323869]},"properties":{"name":"Teltplass","source":"OpenStreetMap","osm_ref":"way-291621536"}},{"type":"Feature","id":"camp-osm-way-400414225","geometry":{"type":"Point","coordinates":[15.794989,68.571057]},"properties":{"name":"Teltplass","source":"OpenStreetMap","osm_ref":"way-400414225"}},{"type":"Feature","id":"camp-osm-way-432764320","geometry":{"type":"Point","coordinates":[5.111605,62.16473]},"properties":{"name":"Teltplass","source":"OpenStreetMap","osm_ref":"way-432764320"}},{"type":"Feature","id":"camp-osm-way-448067425","geometry":{"type":"Point","coordinates":[19.253389,69.945423]},"properties":{"name":"Teltplass","source":"OpenStreetMap","osm_ref":"way-448067425"}},{"type":"Feature","id":"camp-osm-way-477680933","geometry":{"type":"Point","coordinates":[9.739307,62.611657]},"properties":{"name":"Teltplass","source":"OpenStreetMap","osm_ref":"way-477680933"}},{"type":"Feature","id":"camp-osm-way-547940820","geometry":{"type":"Point","coordinates":[15.063402,68.893703]},"properties":{"name":"Teltplass","source":"OpenStreetMap","osm_ref":"way-547940820"}},{"type":"Feature","id":"camp-osm-way-601343151","geometry":{"type":"Point","coordinates":[7.330858,61.118576]},"properties":{"name":"Teltplass","source":"OpenStreetMap","osm_ref":"way-601343151"}},{"type":"Feature","id":"camp-osm-way-612558985","geometry":{"type":"Point","coordinates":[10.491966,59.272393]},"properties":{"name":"Teltplass","source":"OpenStreetMap","osm_ref":"way-612558985"}},{"type":"Feature","id":"camp-osm-way-623884606","geometry":{"type":"Point","coordinates":[8.542999,60.62395]},"properties":{"name":"Teltplass","source":"OpenStreetMap","osm_ref":"way-623884606"}},{"type":"Feature","id":"camp-osm-way-737540132","geometry":{"type":"Point","coordinates":[6.815674,61.66429]},"properties":{"name":"Teltplass","source":"OpenStreetMap","osm_ref":"way-737540132"}},{"type":"Feature","id":"camp-osm-way-763423347","geometry":{"type":"Point","coordinates":[9.75071,61.227811]},"properties":{"name":"Teltplass","source":"OpenStreetMap","osm_ref":"way-763423347"}},{"type":"Feature","id":"camp-osm-way-763423350","geometry":{"type":"Point","coordinates":[9.7838,61.224311]},"properties":{"name":"Teltplass","source":"OpenStreetMap","osm_ref":"way-763423350"}},{"type":"Feature","id":"camp-osm-way-763440004","geometry":{"type":"Point","coordinates":[9.682893,61.214626]},"properties":{"name":"Teltplass","source":"OpenStreetMap","osm_ref":"way-763440004"}},{"type":"Feature","id":"camp-osm-way-779101935","geometry":{"type":"Point","coordinates":[11.941089,62.170899]},"properties":{"name":"Teltplass","source":"OpenStreetMap","osm_ref":"way-779101935"}},{"type":"Feature","id":"camp-osm-way-822618618","geometry":{"type":"Point","coordinates":[9.569677,61.29231]},"properties":{"name":"Teltplass","source":"OpenStreetMap","osm_ref":"way-822618618"}},{"type":"Feature","id":"camp-osm-way-898520930","geometry":{"type":"Point","coordinates":[13.805864,66.960555]},"properties":{"name":"Teltplass","source":"OpenStreetMap","osm_ref":"way-898520930"}},{"type":"Feature","id":"camp-osm-way-922712705","geometry":{"type":"Point","coordinates":[6.007323,59.985348]},"properties":{"name":"Teltplass","source":"OpenStreetMap","osm_ref":"way-922712705"}},{"type":"Feature","id":"camp-osm-way-965985214","geometry":{"type":"Point","coordinates":[5.008426,60.32064]},"properties":{"name":"Teltplass","source":"OpenStreetMap","osm_ref":"way-965985214"}},{"type":"Feature","id":"camp-osm-way-966020411","geometry":{"type":"Point","coordinates":[5.007645,60.321398]},"properties":{"name":"Teltplass","source":"OpenStreetMap","osm_ref":"way-966020411"}},{"type":"Feature","id":"camp-osm-way-1031692984","geometry":{"type":"Point","coordinates":[6.830754,60.87438]},"properties":{"name":"Teltplass","source":"OpenStreetMap","osm_ref":"way-1031692984"}},{"type":"Feature","id":"camp-osm-way-1033912343","geometry":{"type":"Point","coordinates":[5.438145,60.254148]},"properties":{"name":"Teltplass","source":"OpenStreetMap","osm_ref":"way-1033912343"}},{"type":"Feature","id":"camp-osm-way-1079429671","geometry":{"type":"Point","coordinates":[8.393197,58.25667]},"properties":{"name":"Teltplass","source":"OpenStreetMap","osm_ref":"way-1079429671"}},{"type":"Feature","id":"camp-osm-way-1079429673","geometry":{"type":"Point","coordinates":[8.3929,58.256098]},"properties":{"name":"Teltplass","source":"OpenStreetMap","osm_ref":"way-1079429673"}},{"type":"Feature","id":"camp-osm-way-1085313518","geometry":{"type":"Point","coordinates":[6.577147,61.08837]},"properties":{"name":"Teltplass","source":"OpenStreetMap","osm_ref":"way-1085313518"}},{"type":"Feature","id":"camp-osm-way-1145847226","geometry":{"type":"Point","coordinates":[9.190222,60.488471]},"properties":{"name":"Teltplass","source":"OpenStreetMap","osm_ref":"way-1145847226"}},{"type":"Feature","id":"camp-osm-way-1180292321","geometry":{"type":"Point","coordinates":[12.216134,65.479568]},"properties":{"name":"Teltplass","source":"OpenStreetMap","osm_ref":"way-1180292321"}},{"type":"Feature","id":"camp-osm-way-1300750504","geometry":{"type":"Point","coordinates":[10.705917,63.432178]},"properties":{"name":"Teltplass","source":"OpenStreetMap","osm_ref":"way-1300750504"}},{"type":"Feature","id":"camp-osm-way-1300750512","geometry":{"type":"Point","coordinates":[10.70482,63.432283]},"properties":{"name":"Teltplass","source":"OpenStreetMap","osm_ref":"way-1300750512"}},{"type":"Feature","id":"camp-osm-way-1301260998","geometry":{"type":"Point","coordinates":[8.569667,61.839164]},"properties":{"name":"Teltplass","source":"OpenStreetMap","osm_ref":"way-1301260998"}},{"type":"Feature","id":"camp-osm-way-1301261005","geometry":{"type":"Point","coordinates":[8.570645,61.839456]},"properties":{"name":"Teltplass","source":"OpenStreetMap","osm_ref":"way-1301261005"}},{"type":"Feature","id":"camp-osm-way-1301308488","geometry":{"type":"Point","coordinates":[11.097737,64.856486]},"properties":{"name":"Teltplass","source":"OpenStreetMap","osm_ref":"way-1301308488"}},{"type":"Feature","id":"camp-osm-way-1301308494","geometry":{"type":"Point","coordinates":[11.096516,64.856578]},"properties":{"name":"Teltplass","source":"OpenStreetMap","osm_ref":"way-1301308494"}},{"type":"Feature","id":"camp-osm-way-1324694356","geometry":{"type":"Point","coordinates":[13.050926,67.900612]},"properties":{"name":"Teltplass","source":"OpenStreetMap","osm_ref":"way-1324694356"}},{"type":"Feature","id":"camp-osm-way-1378605810","geometry":{"type":"Point","coordinates":[6.910373,58.924415]},"properties":{"name":"Teltplass","source":"OpenStreetMap","osm_ref":"way-1378605810"}},{"type":"Feature","id":"camp-osm-way-1378605811","geometry":{"type":"Point","coordinates":[6.910899,58.923322]},"properties":{"name":"Teltplass","source":"OpenStreetMap","osm_ref":"way-1378605811"}},{"type":"Feature","id":"camp-osm-way-1378605812","geometry":{"type":"Point","coordinates":[6.910333,58.922403]},"properties":{"name":"Teltplass","source":"OpenStreetMap","osm_ref":"way-1378605812"}},{"type":"Feature","id":"camp-osm-way-1378737162","geometry":{"type":"Point","coordinates":[6.912731,58.919763]},"properties":{"name":"Teltplass","source":"OpenStreetMap","osm_ref":"way-1378737162"}},{"type":"Feature","id":"camp-osm-way-1378737163","geometry":{"type":"Point","coordinates":[6.91078,58.920035]},"properties":{"name":"Teltplass","source":"OpenStreetMap","osm_ref":"way-1378737163"}},{"type":"Feature","id":"camp-osm-way-1416152489","geometry":{"type":"Point","coordinates":[13.216295,65.834455]},"properties":{"name":"Teltplass","source":"OpenStreetMap","osm_ref":"way-1416152489"}},{"type":"Feature","id":"camp-osm-way-1422694591","geometry":{"type":"Point","coordinates":[9.005176,61.633747]},"properties":{"name":"Teltplass","source":"OpenStreetMap","osm_ref":"way-1422694591"}},{"type":"Feature","id":"camp-osm-way-1458784950","geometry":{"type":"Point","coordinates":[6.137544,58.989468]},"properties":{"name":"Teltplass","source":"OpenStreetMap","osm_ref":"way-1458784950"}}]}