{"type": "FeatureCollection", "generator": "CCW Wikidata fosser v2", "timestamp": "2026-05-14T19:21:46.670841Z", "attribution": "Wikidata (CC0)", "features": [{"type": "Feature", "id": "foss-wd-Q11336515", "geometry": {"type": "Point", "coordinates": [7.67084, 62.45546]}, "properties": {"name": "Stigfossen", "height": 695.0, "source": "Wikidata", "wikidata_id": "Q11336515"}}, {"type": "Feature", "id": "foss-wd-Q11336551", "geometry": {"type": "Point", "coordinates": [7.12248, 60.3873]}, "properties": {"name": "Vedalsfossen", "height": 900.0, "source": "Wikidata", "wikidata_id": "Q11336551"}}, {"type": "Feature", "id": "foss-wd-Q11983933", "geometry": {"type": "Point", "coordinates": [9.26005, 59.5819]}, "properties": {"name": "Liafoss", "height": 68.0, "source": "Wikidata", "wikidata_id": "Q11983933"}}, {"type": "Feature", "id": "foss-wd-Q34668931", "geometry": {"type": "Point", "coordinates": [10.06591, 59.08407]}, "properties": {"name": "Åbyfoss", "height": 9.0, "source": "Wikidata", "wikidata_id": "Q34668931"}}, {"type": "Feature", "id": "foss-wd-Q34670087", "geometry": {"type": "Point", "coordinates": [7.26773, 58.34824]}, "properties": {"name": "Fossan", "height": 420.0, "source": "Wikidata", "wikidata_id": "Q34670087"}}, {"type": "Feature", "id": "foss-wd-Q34670093", "geometry": {"type": "Point", "coordinates": [7.58435, 58.44281]}, "properties": {"name": "Fossan", "height": 247.0, "source": "Wikidata", "wikidata_id": "Q34670093"}}, {"type": "Feature", "id": "foss-wd-Q34670102", "geometry": {"type": "Point", "coordinates": [7.62401, 58.2769]}, "properties": {"name": "Fossan", "height": 240.0, "source": "Wikidata", "wikidata_id": "Q34670102"}}, {"type": "Feature", "id": "foss-wd-Q34670110", "geometry": {"type": "Point", "coordinates": [8.67915, 58.77709]}, "properties": {"name": "Fossane", "height": 245.0, "source": "Wikidata", "wikidata_id": "Q34670110"}}, {"type": "Feature", "id": "foss-wd-Q34670146", "geometry": {"type": "Point", "coordinates": [5.43152, 59.8121]}, "properties": {"name": "Fossane", "height": 282.0, "source": "Wikidata", "wikidata_id": "Q34670146"}}, {"type": "Feature", "id": "foss-wd-Q34670266", "geometry": {"type": "Point", "coordinates": [6.4061, 59.2124]}, "properties": {"name": "Fossane", "height": 327.0, "source": "Wikidata", "wikidata_id": "Q34670266"}}, {"type": "Feature", "id": "foss-wd-Q34670274", "geometry": {"type": "Point", "coordinates": [6.40222, 58.48533]}, "properties": {"name": "Fossane", "height": 545.0, "source": "Wikidata", "wikidata_id": "Q34670274"}}, {"type": "Feature", "id": "foss-wd-Q34670283", "geometry": {"type": "Point", "coordinates": [5.70689, 59.09162]}, "properties": {"name": "Fossane", "height": 118.0, "source": "Wikidata", "wikidata_id": "Q34670283"}}, {"type": "Feature", "id": "foss-wd-Q34670428", "geometry": {"type": "Point", "coordinates": [9.132, 59.52275]}, "properties": {"name": "Fossane", "height": 447.0, "source": "Wikidata", "wikidata_id": "Q34670428"}}, {"type": "Feature", "id": "foss-wd-Q34670437", "geometry": {"type": "Point", "coordinates": [8.77657, 59.06972]}, "properties": {"name": "Fossane", "height": 297.0, "source": "Wikidata", "wikidata_id": "Q34670437"}}, {"type": "Feature", "id": "foss-wd-Q34670447", "geometry": {"type": "Point", "coordinates": [7.91247, 59.56467]}, "properties": {"name": "Fossane", "height": 596.0, "source": "Wikidata", "wikidata_id": "Q34670447"}}, {"type": "Feature", "id": "foss-wd-Q34670472", "geometry": {"type": "Point", "coordinates": [7.23935, 59.34806]}, "properties": {"name": "Fossbekkfossen", "height": 800.0, "source": "Wikidata", "wikidata_id": "Q34670472"}}, {"type": "Feature", "id": "foss-wd-Q34670480", "geometry": {"type": "Point", "coordinates": [8.68347, 58.90234]}, "properties": {"name": "Fossbrekk", "height": 288.0, "source": "Wikidata", "wikidata_id": "Q34670480"}}, {"type": "Feature", "id": "foss-wd-Q34670499", "geometry": {"type": "Point", "coordinates": [8.2086, 58.90989]}, "properties": {"name": "Fossehesten", "height": 626.0, "source": "Wikidata", "wikidata_id": "Q34670499"}}, {"type": "Feature", "id": "foss-wd-Q34670506", "geometry": {"type": "Point", "coordinates": [9.37567, 59.58559]}, "properties": {"name": "Fossehogge", "height": 297.0, "source": "Wikidata", "wikidata_id": "Q34670506"}}, {"type": "Feature", "id": "foss-wd-Q34670513", "geometry": {"type": "Point", "coordinates": [8.37572, 59.5537]}, "properties": {"name": "Fossehogget", "height": 753.0, "source": "Wikidata", "wikidata_id": "Q34670513"}}, {"type": "Feature", "id": "foss-wd-Q34670525", "geometry": {"type": "Point", "coordinates": [7.89499, 58.89427]}, "properties": {"name": "Fossen", "height": 689.0, "source": "Wikidata", "wikidata_id": "Q34670525"}}, {"type": "Feature", "id": "foss-wd-Q34670532", "geometry": {"type": "Point", "coordinates": [7.37746, 59.4954]}, "properties": {"name": "Fossen", "height": 845.0, "source": "Wikidata", "wikidata_id": "Q34670532"}}, {"type": "Feature", "id": "foss-wd-Q34670540", "geometry": {"type": "Point", "coordinates": [8.23179, 58.18548]}, "properties": {"name": "Fossen", "height": 11.0, "source": "Wikidata", "wikidata_id": "Q34670540"}}, {"type": "Feature", "id": "foss-wd-Q34670547", "geometry": {"type": "Point", "coordinates": [7.62052, 59.13367]}, "properties": {"name": "Fossen", "height": 833.0, "source": "Wikidata", "wikidata_id": "Q34670547"}}, {"type": "Feature", "id": "foss-wd-Q34670555", "geometry": {"type": "Point", "coordinates": [7.09228, 59.23312]}, "properties": {"name": "Fossen", "height": 881.0, "source": "Wikidata", "wikidata_id": "Q34670555"}}, {"type": "Feature", "id": "foss-wd-Q34681567", "geometry": {"type": "Point", "coordinates": [8.89267, 58.69849]}, "properties": {"name": "Tverrfossen", "height": 128.0, "source": "Wikidata", "wikidata_id": "Q34681567"}}, {"type": "Feature", "id": "foss-wd-Q34681757", "geometry": {"type": "Point", "coordinates": [9.00164, 59.08754]}, "properties": {"name": "Tørnesfossen", "height": 87.0, "source": "Wikidata", "wikidata_id": "Q34681757"}}, {"type": "Feature", "id": "foss-wd-Q34681812", "geometry": {"type": "Point", "coordinates": [9.94231, 59.29632]}, "properties": {"name": "Ulefoss", "height": 95.0, "source": "Wikidata", "wikidata_id": "Q34681812"}}, {"type": "Feature", "id": "foss-wd-Q34681848", "geometry": {"type": "Point", "coordinates": [7.84035, 58.21629]}, "properties": {"name": "Under fossen", "height": 215.0, "source": "Wikidata", "wikidata_id": "Q34681848"}}, {"type": "Feature", "id": "foss-wd-Q34681865", "geometry": {"type": "Point", "coordinates": [8.3804, 58.82016]}, "properties": {"name": "Undrufossen", "height": 223.0, "source": "Wikidata", "wikidata_id": "Q34681865"}}, {"type": "Feature", "id": "foss-wd-Q34681921", "geometry": {"type": "Point", "coordinates": [7.96754, 58.3018]}, "properties": {"name": "Urfossen", "height": 63.0, "source": "Wikidata", "wikidata_id": "Q34681921"}}, {"type": "Feature", "id": "foss-wd-Q34681943", "geometry": {"type": "Point", "coordinates": [8.959, 58.92685]}, "properties": {"name": "Urvassfossen", "height": 111.0, "source": "Wikidata", "wikidata_id": "Q34681943"}}, {"type": "Feature", "id": "foss-wd-Q34681956", "geometry": {"type": "Point", "coordinates": [10.35304, 59.87642]}, "properties": {"name": "Vadfoss", "height": 314.0, "source": "Wikidata", "wikidata_id": "Q34681956"}}, {"type": "Feature", "id": "foss-wd-Q34681964", "geometry": {"type": "Point", "coordinates": [7.54312, 59.72843]}, "properties": {"name": "Vadfoss", "height": 830.0, "source": "Wikidata", "wikidata_id": "Q34681964"}}, {"type": "Feature", "id": "foss-wd-Q34682058", "geometry": {"type": "Point", "coordinates": [11.17108, 59.54216]}, "properties": {"name": "Vammafossen", "height": 39.0, "source": "Wikidata", "wikidata_id": "Q34682058"}}, {"type": "Feature", "id": "foss-wd-Q34682066", "geometry": {"type": "Point", "coordinates": [9.66474, 59.34986]}, "properties": {"name": "Vanebufossen", "height": 264.0, "source": "Wikidata", "wikidata_id": "Q34682066"}}, {"type": "Feature", "id": "foss-wd-Q34682616", "geometry": {"type": "Point", "coordinates": [6.56257, 58.65969]}, "properties": {"name": "Ytrefossen", "height": 635.0, "source": "Wikidata", "wikidata_id": "Q34682616"}}, {"type": "Feature", "id": "foss-wd-Q34682674", "geometry": {"type": "Point", "coordinates": [11.53691, 59.57571]}, "properties": {"name": "Ådalsfoss", "height": 164.0, "source": "Wikidata", "wikidata_id": "Q34682674"}}, {"type": "Feature", "id": "foss-wd-Q34682715", "geometry": {"type": "Point", "coordinates": [8.89739, 58.70964]}, "properties": {"name": "Ålkarfossen", "height": 150.0, "source": "Wikidata", "wikidata_id": "Q34682715"}}, {"type": "Feature", "id": "foss-wd-Q34682723", "geometry": {"type": "Point", "coordinates": [7.77374, 58.15101]}, "properties": {"name": "Ålkjeret", "height": 124.0, "source": "Wikidata", "wikidata_id": "Q34682723"}}, {"type": "Feature", "id": "foss-wd-Q34682741", "geometry": {"type": "Point", "coordinates": [6.85829, 58.71491]}, "properties": {"name": "Åmelfossen", "height": 739.0, "source": "Wikidata", "wikidata_id": "Q34682741"}}, {"type": "Feature", "id": "foss-wd-Q34682749", "geometry": {"type": "Point", "coordinates": [8.4825, 58.76763]}, "properties": {"name": "Åmfoss", "height": 150.0, "source": "Wikidata", "wikidata_id": "Q34682749"}}, {"type": "Feature", "id": "foss-wd-Q34682762", "geometry": {"type": "Point", "coordinates": [11.65965, 59.8598]}, "properties": {"name": "Åmotfossen", "height": 199.0, "source": "Wikidata", "wikidata_id": "Q34682762"}}, {"type": "Feature", "id": "foss-wd-Q34682771", "geometry": {"type": "Point", "coordinates": [8.5063, 58.9318]}, "properties": {"name": "Åmotsfoss", "height": 173.0, "source": "Wikidata", "wikidata_id": "Q34682771"}}, {"type": "Feature", "id": "foss-wd-Q34682788", "geometry": {"type": "Point", "coordinates": [7.96312, 58.93399]}, "properties": {"name": "Åraksfossen", "height": 530.0, "source": "Wikidata", "wikidata_id": "Q34682788"}}, {"type": "Feature", "id": "foss-wd-Q34682819", "geometry": {"type": "Point", "coordinates": [6.37301, 58.68409]}, "properties": {"name": "Årdalsfossen", "height": 271.0, "source": "Wikidata", "wikidata_id": "Q34682819"}}, {"type": "Feature", "id": "foss-wd-Q34682849", "geometry": {"type": "Point", "coordinates": [7.80769, 59.44199]}, "properties": {"name": "Åsfoss", "height": 375.0, "source": "Wikidata", "wikidata_id": "Q34682849"}}, {"type": "Feature", "id": "foss-wd-Q34682916", "geometry": {"type": "Point", "coordinates": [6.90907, 58.56197]}, "properties": {"name": "Ørneknudfossen", "height": 286.0, "source": "Wikidata", "wikidata_id": "Q34682916"}}, {"type": "Feature", "id": "foss-wd-Q34670655", "geometry": {"type": "Point", "coordinates": [5.48546, 59.86333]}, "properties": {"name": "Fossen", "height": 480.0, "source": "Wikidata", "wikidata_id": "Q34670655"}}, {"type": "Feature", "id": "foss-wd-Q34671095", "geometry": {"type": "Point", "coordinates": [8.5338, 59.05858]}, "properties": {"name": "Fossen", "height": 549.0, "source": "Wikidata", "wikidata_id": "Q34671095"}}, {"type": "Feature", "id": "foss-wd-Q34671234", "geometry": {"type": "Point", "coordinates": [7.28946, 58.28199]}, "properties": {"name": "Fossen", "height": 321.0, "source": "Wikidata", "wikidata_id": "Q34671234"}}, {"type": "Feature", "id": "foss-wd-Q34671243", "geometry": {"type": "Point", "coordinates": [6.98402, 58.08559]}, "properties": {"name": "Fossen", "height": 92.0, "source": "Wikidata", "wikidata_id": "Q34671243"}}, {"type": "Feature", "id": "foss-wd-Q34671254", "geometry": {"type": "Point", "coordinates": [7.17497, 58.49984]}, "properties": {"name": "Fossen", "height": 252.0, "source": "Wikidata", "wikidata_id": "Q34671254"}}, {"type": "Feature", "id": "foss-wd-Q34671262", "geometry": {"type": "Point", "coordinates": [6.53117, 58.63872]}, "properties": {"name": "Fossen", "height": 501.0, "source": "Wikidata", "wikidata_id": "Q34671262"}}, {"type": "Feature", "id": "foss-wd-Q34671269", "geometry": {"type": "Point", "coordinates": [6.80245, 58.70777]}, "properties": {"name": "Fossen", "height": 644.0, "source": "Wikidata", "wikidata_id": "Q34671269"}}, {"type": "Feature", "id": "foss-wd-Q34671277", "geometry": {"type": "Point", "coordinates": [7.1423, 59.04188]}, "properties": {"name": "Fossen", "height": 888.0, "source": "Wikidata", "wikidata_id": "Q34671277"}}, {"type": "Feature", "id": "foss-wd-Q34671286", "geometry": {"type": "Point", "coordinates": [7.68286, 58.27293]}, "properties": {"name": "Fossen", "height": 247.0, "source": "Wikidata", "wikidata_id": "Q34671286"}}, {"type": "Feature", "id": "foss-wd-Q34671296", "geometry": {"type": "Point", "coordinates": [7.56852, 58.5949]}, "properties": {"name": "Fossen", "height": 353.0, "source": "Wikidata", "wikidata_id": "Q34671296"}}, {"type": "Feature", "id": "foss-wd-Q34671332", "geometry": {"type": "Point", "coordinates": [9.25622, 59.46187]}, "properties": {"name": "Fossenn", "height": 218.0, "source": "Wikidata", "wikidata_id": "Q34671332"}}, {"type": "Feature", "id": "foss-wd-Q34671349", "geometry": {"type": "Point", "coordinates": [11.46274, 59.37566]}, "properties": {"name": "Fosserfoss", "height": 108.0, "source": "Wikidata", "wikidata_id": "Q34671349"}}, {"type": "Feature", "id": "foss-wd-Q34671356", "geometry": {"type": "Point", "coordinates": [8.07444, 58.85925]}, "properties": {"name": "Fossfetfossen", "height": 308.0, "source": "Wikidata", "wikidata_id": "Q34671356"}}, {"type": "Feature", "id": "foss-wd-Q34671393", "geometry": {"type": "Point", "coordinates": [8.53426, 59.42519]}, "properties": {"name": "Fosshogge", "height": 639.0, "source": "Wikidata", "wikidata_id": "Q34671393"}}, {"type": "Feature", "id": "foss-wd-Q34671400", "geometry": {"type": "Point", "coordinates": [8.48596, 59.33967]}, "properties": {"name": "Fosshøgget", "height": 385.0, "source": "Wikidata", "wikidata_id": "Q34671400"}}, {"type": "Feature", "id": "foss-wd-Q34671408", "geometry": {"type": "Point", "coordinates": [8.1825, 58.80072]}, "properties": {"name": "Fosslaugfoss", "height": 217.0, "source": "Wikidata", "wikidata_id": "Q34671408"}}, {"type": "Feature", "id": "foss-wd-Q34671416", "geometry": {"type": "Point", "coordinates": [8.7996, 58.93631]}, "properties": {"name": "Fosslonfossen", "height": 311.0, "source": "Wikidata", "wikidata_id": "Q34671416"}}, {"type": "Feature", "id": "foss-wd-Q34671424", "geometry": {"type": "Point", "coordinates": [6.72194, 59.98844]}, "properties": {"name": "Fosso", "height": 654.0, "source": "Wikidata", "wikidata_id": "Q34671424"}}, {"type": "Feature", "id": "foss-wd-Q34671430", "geometry": {"type": "Point", "coordinates": [6.94344, 58.66404]}, "properties": {"name": "Fossåne", "height": 358.0, "source": "Wikidata", "wikidata_id": "Q34671430"}}, {"type": "Feature", "id": "foss-wd-Q34671439", "geometry": {"type": "Point", "coordinates": [10.22961, 59.60985]}, "properties": {"name": "Fostvedtfossen", "height": 16.0, "source": "Wikidata", "wikidata_id": "Q34671439"}}, {"type": "Feature", "id": "foss-wd-Q34671445", "geometry": {"type": "Point", "coordinates": [5.99941, 58.48697]}, "properties": {"name": "Fotlandsfossen", "height": 26.0, "source": "Wikidata", "wikidata_id": "Q34671445"}}, {"type": "Feature", "id": "foss-wd-Q34671453", "geometry": {"type": "Point", "coordinates": [5.70774, 58.71565]}, "properties": {"name": "Fotlandsfossen", "height": 62.0, "source": "Wikidata", "wikidata_id": "Q34671453"}}, {"type": "Feature", "id": "foss-wd-Q34671475", "geometry": {"type": "Point", "coordinates": [9.05839, 59.69205]}, "properties": {"name": "Frenderudfossen", "height": 190.0, "source": "Wikidata", "wikidata_id": "Q34671475"}}, {"type": "Feature", "id": "foss-wd-Q34683153", "geometry": {"type": "Point", "coordinates": [6.84078, 58.48993]}, "properties": {"name": "Øyefossen", "height": 431.0, "source": "Wikidata", "wikidata_id": "Q34683153"}}, {"type": "Feature", "id": "foss-wd-Q34683159", "geometry": {"type": "Point", "coordinates": [8.46394, 58.94947]}, "properties": {"name": "Øyfjellfossane", "height": 207.0, "source": "Wikidata", "wikidata_id": "Q34683159"}}, {"type": "Feature", "id": "foss-wd-Q34683168", "geometry": {"type": "Point", "coordinates": [7.53694, 59.22859]}, "properties": {"name": "Øyfossen", "height": 331.0, "source": "Wikidata", "wikidata_id": "Q34683168"}}, {"type": "Feature", "id": "foss-wd-Q34683184", "geometry": {"type": "Point", "coordinates": [8.46512, 58.79456]}, "properties": {"name": "Øygardsfossane", "height": 197.0, "source": "Wikidata", "wikidata_id": "Q34683184"}}, {"type": "Feature", "id": "foss-wd-Q34683191", "geometry": {"type": "Point", "coordinates": [8.14758, 58.33084]}, "properties": {"name": "Øygardsfossen", "height": 109.0, "source": "Wikidata", "wikidata_id": "Q34683191"}}, {"type": "Feature", "id": "foss-wd-Q34683199", "geometry": {"type": "Point", "coordinates": [6.22238, 58.55151]}, "properties": {"name": "Øygreifossen", "height": 153.0, "source": "Wikidata", "wikidata_id": "Q34683199"}}, {"type": "Feature", "id": "foss-wd-Q34749900", "geometry": {"type": "Point", "coordinates": [7.33525, 59.30689]}, "properties": {"name": "Båsiefossane", "height": 491.0, "source": "Wikidata", "wikidata_id": "Q34749900"}}, {"type": "Feature", "id": "foss-wd-Q34749908", "geometry": {"type": "Point", "coordinates": [5.90199, 59.14871]}, "properties": {"name": "Bøfossen", "height": 38.0, "source": "Wikidata", "wikidata_id": "Q34749908"}}, {"type": "Feature", "id": "foss-wd-Q34749912", "geometry": {"type": "Point", "coordinates": [10.01406, 59.32525]}, "properties": {"name": "Bølevannsfossen", "height": 239.0, "source": "Wikidata", "wikidata_id": "Q34749912"}}, {"type": "Feature", "id": "foss-wd-Q34749932", "geometry": {"type": "Point", "coordinates": [8.75831, 58.65554]}, "properties": {"name": "Bøykfoss", "height": 174.0, "source": "Wikidata", "wikidata_id": "Q34749932"}}, {"type": "Feature", "id": "foss-wd-Q34749935", "geometry": {"type": "Point", "coordinates": [8.71161, 58.59729]}, "properties": {"name": "Bøylefoss", "height": 98.0, "source": "Wikidata", "wikidata_id": "Q34749935"}}, {"type": "Feature", "id": "foss-wd-Q34749940", "geometry": {"type": "Point", "coordinates": [8.25418, 58.53059]}, "properties": {"name": "Bøylefossen", "height": 160.0, "source": "Wikidata", "wikidata_id": "Q34749940"}}, {"type": "Feature", "id": "foss-wd-Q34750131", "geometry": {"type": "Point", "coordinates": [8.38583, 59.15069]}, "properties": {"name": "Dalanfossen", "height": 351.0, "source": "Wikidata", "wikidata_id": "Q34750131"}}, {"type": "Feature", "id": "foss-wd-Q34750148", "geometry": {"type": "Point", "coordinates": [9.31118, 58.96686]}, "properties": {"name": "Dalsfoss", "height": 61.0, "source": "Wikidata", "wikidata_id": "Q34750148"}}, {"type": "Feature", "id": "foss-wd-Q34750155", "geometry": {"type": "Point", "coordinates": [8.3748, 59.14746]}, "properties": {"name": "Dalsfossen", "height": 381.0, "source": "Wikidata", "wikidata_id": "Q34750155"}}, {"type": "Feature", "id": "foss-wd-Q34750159", "geometry": {"type": "Point", "coordinates": [7.49986, 59.14314]}, "properties": {"name": "Dalstøylfossen", "height": 481.0, "source": "Wikidata", "wikidata_id": "Q34750159"}}, {"type": "Feature", "id": "foss-wd-Q34750171", "geometry": {"type": "Point", "coordinates": [9.60965, 59.20313]}, "properties": {"name": "Damfoss", "height": 5.0, "source": "Wikidata", "wikidata_id": "Q34750171"}}, {"type": "Feature", "id": "foss-wd-Q34750178", "geometry": {"type": "Point", "coordinates": [7.31399, 59.25521]}, "properties": {"name": "Dampåfossen", "height": 748.0, "source": "Wikidata", "wikidata_id": "Q34750178"}}, {"type": "Feature", "id": "foss-wd-Q34750183", "geometry": {"type": "Point", "coordinates": [7.32348, 59.25967]}, "properties": {"name": "Dampåvassfossen", "height": 726.0, "source": "Wikidata", "wikidata_id": "Q34750183"}}, {"type": "Feature", "id": "foss-wd-Q34750201", "geometry": {"type": "Point", "coordinates": [8.84239, 58.98043]}, "properties": {"name": "Den vonde fossen", "height": 226.0, "source": "Wikidata", "wikidata_id": "Q34750201"}}, {"type": "Feature", "id": "foss-wd-Q34750242", "geometry": {"type": "Point", "coordinates": [8.30035, 59.46377]}, "properties": {"name": "Djuvsfossen", "height": 438.0, "source": "Wikidata", "wikidata_id": "Q34750242"}}, {"type": "Feature", "id": "foss-wd-Q34750256", "geometry": {"type": "Point", "coordinates": [6.78702, 58.85671]}, "properties": {"name": "Dorgefoss", "height": 429.0, "source": "Wikidata", "wikidata_id": "Q34750256"}}, {"type": "Feature", "id": "foss-wd-Q34750272", "geometry": {"type": "Point", "coordinates": [11.3851, 59.33832]}, "properties": {"name": "Dritufoss", "height": 118.0, "source": "Wikidata", "wikidata_id": "Q34750272"}}, {"type": "Feature", "id": "foss-wd-Q34750309", "geometry": {"type": "Point", "coordinates": [6.90813, 59.09698]}, "properties": {"name": "Dukefossen", "height": 744.0, "source": "Wikidata", "wikidata_id": "Q34750309"}}, {"type": "Feature", "id": "foss-wd-Q34750330", "geometry": {"type": "Point", "coordinates": [9.33488, 59.7472]}, "properties": {"name": "Dusanfossen", "height": 505.0, "source": "Wikidata", "wikidata_id": "Q34750330"}}, {"type": "Feature", "id": "foss-wd-Q34750334", "geometry": {"type": "Point", "coordinates": [6.99452, 58.32815]}, "properties": {"name": "Dvergefossen", "height": 88.0, "source": "Wikidata", "wikidata_id": "Q34750334"}}, {"type": "Feature", "id": "foss-wd-Q34750340", "geometry": {"type": "Point", "coordinates": [6.88396, 59.07089]}, "properties": {"name": "Dyngjandfossen", "height": 689.0, "source": "Wikidata", "wikidata_id": "Q34750340"}}, {"type": "Feature", "id": "foss-wd-Q34750349", "geometry": {"type": "Point", "coordinates": [8.34672, 58.95189]}, "properties": {"name": "Dynjanfossen", "height": 277.0, "source": "Wikidata", "wikidata_id": "Q34750349"}}, {"type": "Feature", "id": "foss-wd-Q34750365", "geometry": {"type": "Point", "coordinates": [10.91088, 59.91096]}, "properties": {"name": "Dånnåfossen", "height": 259.0, "source": "Wikidata", "wikidata_id": "Q34750365"}}, {"type": "Feature", "id": "foss-wd-Q34750403", "geometry": {"type": "Point", "coordinates": [9.91018, 59.88559]}, "properties": {"name": "Døvikfossen", "height": 16.0, "source": "Wikidata", "wikidata_id": "Q34750403"}}, {"type": "Feature", "id": "foss-wd-Q34750489", "geometry": {"type": "Point", "coordinates": [9.22194, 59.72425]}, "properties": {"name": "Eikvollfossen", "height": 276.0, "source": "Wikidata", "wikidata_id": "Q34750489"}}, {"type": "Feature", "id": "foss-wd-Q34750561", "geometry": {"type": "Point", "coordinates": [9.35882, 59.54448]}, "properties": {"name": "Elgsmofossen", "height": 230.0, "source": "Wikidata", "wikidata_id": "Q34750561"}}, {"type": "Feature", "id": "foss-wd-Q34750666", "geometry": {"type": "Point", "coordinates": [6.9603, 58.32318]}, "properties": {"name": "Englefossen", "height": 12.0, "source": "Wikidata", "wikidata_id": "Q34750666"}}, {"type": "Feature", "id": "foss-wd-Q34750676", "geometry": {"type": "Point", "coordinates": [7.07838, 58.59481]}, "properties": {"name": "Englefossen", "height": 473.0, "source": "Wikidata", "wikidata_id": "Q34750676"}}, {"type": "Feature", "id": "foss-wd-Q34750749", "geometry": {"type": "Point", "coordinates": [6.22158, 58.71355]}, "properties": {"name": "Espelandsfossen", "height": 412.0, "source": "Wikidata", "wikidata_id": "Q34750749"}}, {"type": "Feature", "id": "foss-wd-Q34671489", "geometry": {"type": "Point", "coordinates": [7.60278, 58.29392]}, "properties": {"name": "Frigstadfossen", "height": 262.0, "source": "Wikidata", "wikidata_id": "Q34671489"}}, {"type": "Feature", "id": "foss-wd-Q34671513", "geometry": {"type": "Point", "coordinates": [6.82362, 58.29322]}, "properties": {"name": "Frøitlandsfossen", "height": 101.0, "source": "Wikidata", "wikidata_id": "Q34671513"}}, {"type": "Feature", "id": "foss-wd-Q34672184", "geometry": {"type": "Point", "coordinates": [7.5659, 59.05497]}, "properties": {"name": "Hagefossen", "height": 250.0, "source": "Wikidata", "wikidata_id": "Q34672184"}}, {"type": "Feature", "id": "foss-wd-Q34672189", "geometry": {"type": "Point", "coordinates": [7.35744, 58.12888]}, "properties": {"name": "Hagefossen", "height": 21.0, "source": "Wikidata", "wikidata_id": "Q34672189"}}, {"type": "Feature", "id": "foss-wd-Q34672219", "geometry": {"type": "Point", "coordinates": [7.52058, 59.19042]}, "properties": {"name": "Hallandsfoss", "height": 305.0, "source": "Wikidata", "wikidata_id": "Q34672219"}}, {"type": "Feature", "id": "foss-wd-Q34672226", "geometry": {"type": "Point", "coordinates": [7.96373, 58.25722]}, "properties": {"name": "Hallandsfossen", "height": 31.0, "source": "Wikidata", "wikidata_id": "Q34672226"}}, {"type": "Feature", "id": "foss-wd-Q34672270", "geometry": {"type": "Point", "coordinates": [9.74153, 59.89657]}, "properties": {"name": "Hammerfoss", "height": 162.0, "source": "Wikidata", "wikidata_id": "Q34672270"}}, {"type": "Feature", "id": "foss-wd-Q34672292", "geometry": {"type": "Point", "coordinates": [8.55723, 59.50215]}, "properties": {"name": "Hanakamfossen", "height": 553.0, "source": "Wikidata", "wikidata_id": "Q34672292"}}, {"type": "Feature", "id": "foss-wd-Q34672324", "geometry": {"type": "Point", "coordinates": [8.33217, 58.53202]}, "properties": {"name": "Hanefossen", "height": 122.0, "source": "Wikidata", "wikidata_id": "Q34672324"}}, {"type": "Feature", "id": "foss-wd-Q34672330", "geometry": {"type": "Point", "coordinates": [8.89172, 59.62092]}, "properties": {"name": "Hanfoss", "height": 119.0, "source": "Wikidata", "wikidata_id": "Q34672330"}}, {"type": "Feature", "id": "foss-wd-Q34672337", "geometry": {"type": "Point", "coordinates": [6.28242, 59.59593]}, "properties": {"name": "Hangandvikfossen", "height": 312.0, "source": "Wikidata", "wikidata_id": "Q34672337"}}, {"type": "Feature", "id": "foss-wd-Q34672431", "geometry": {"type": "Point", "coordinates": [8.22965, 58.77593]}, "properties": {"name": "Haslefossen", "height": 188.0, "source": "Wikidata", "wikidata_id": "Q34672431"}}, {"type": "Feature", "id": "foss-wd-Q34672467", "geometry": {"type": "Point", "coordinates": [7.5785, 58.4743]}, "properties": {"name": "Hattfoss", "height": 290.0, "source": "Wikidata", "wikidata_id": "Q34672467"}}, {"type": "Feature", "id": "foss-wd-Q34672529", "geometry": {"type": "Point", "coordinates": [8.34565, 59.45181]}, "properties": {"name": "Haugefossen", "height": 370.0, "source": "Wikidata", "wikidata_id": "Q34672529"}}, {"type": "Feature", "id": "foss-wd-Q34672537", "geometry": {"type": "Point", "coordinates": [9.88311, 59.9138]}, "properties": {"name": "Haugfoss", "height": 56.0, "source": "Wikidata", "wikidata_id": "Q34672537"}}, {"type": "Feature", "id": "foss-wd-Q34672554", "geometry": {"type": "Point", "coordinates": [9.03086, 59.42364]}, "properties": {"name": "Haugfoss", "height": 93.0, "source": "Wikidata", "wikidata_id": "Q34672554"}}, {"type": "Feature", "id": "foss-wd-Q34672580", "geometry": {"type": "Point", "coordinates": [8.83463, 58.70132]}, "properties": {"name": "Hauglandsfossen", "height": 154.0, "source": "Wikidata", "wikidata_id": "Q34672580"}}, {"type": "Feature", "id": "foss-wd-Q34672584", "geometry": {"type": "Point", "coordinates": [9.12267, 58.95345]}, "properties": {"name": "Hauglandsfossen", "height": 93.0, "source": "Wikidata", "wikidata_id": "Q34672584"}}, {"type": "Feature", "id": "foss-wd-Q34672600", "geometry": {"type": "Point", "coordinates": [10.0952, 59.61139]}, "properties": {"name": "Haukefoss", "height": 316.0, "source": "Wikidata", "wikidata_id": "Q34672600"}}, {"type": "Feature", "id": "foss-wd-Q34672615", "geometry": {"type": "Point", "coordinates": [8.06328, 58.77274]}, "properties": {"name": "Heddefoss", "height": 386.0, "source": "Wikidata", "wikidata_id": "Q34672615"}}, {"type": "Feature", "id": "foss-wd-Q34672624", "geometry": {"type": "Point", "coordinates": [7.43201, 58.52]}, "properties": {"name": "Heddefossen", "height": 220.0, "source": "Wikidata", "wikidata_id": "Q34672624"}}, {"type": "Feature", "id": "foss-wd-Q34672651", "geometry": {"type": "Point", "coordinates": [7.08815, 58.93097]}, "properties": {"name": "Hegrefossen", "height": 799.0, "source": "Wikidata", "wikidata_id": "Q34672651"}}, {"type": "Feature", "id": "foss-wd-Q34672658", "geometry": {"type": "Point", "coordinates": [6.13599, 59.43709]}, "properties": {"name": "Heiafoss", "height": 232.0, "source": "Wikidata", "wikidata_id": "Q34672658"}}, {"type": "Feature", "id": "foss-wd-Q34672672", "geometry": {"type": "Point", "coordinates": [8.66352, 59.43216]}, "properties": {"name": "Heifossen", "height": 490.0, "source": "Wikidata", "wikidata_id": "Q34672672"}}, {"type": "Feature", "id": "foss-wd-Q34672679", "geometry": {"type": "Point", "coordinates": [7.64913, 58.99015]}, "properties": {"name": "Heisfossen", "height": 305.0, "source": "Wikidata", "wikidata_id": "Q34672679"}}, {"type": "Feature", "id": "foss-wd-Q34672686", "geometry": {"type": "Point", "coordinates": [6.89854, 58.47793]}, "properties": {"name": "Heiungen", "height": 430.0, "source": "Wikidata", "wikidata_id": "Q34672686"}}, {"type": "Feature", "id": "foss-wd-Q34672700", "geometry": {"type": "Point", "coordinates": [9.90996, 59.33752]}, "properties": {"name": "Heklafoss", "height": 29.0, "source": "Wikidata", "wikidata_id": "Q34672700"}}, {"type": "Feature", "id": "foss-wd-Q34672708", "geometry": {"type": "Point", "coordinates": [7.55601, 59.01745]}, "properties": {"name": "Heknefossen", "height": 226.0, "source": "Wikidata", "wikidata_id": "Q34672708"}}, {"type": "Feature", "id": "foss-wd-Q34672734", "geometry": {"type": "Point", "coordinates": [8.31333, 58.99615]}, "properties": {"name": "Hellefoss", "height": 319.0, "source": "Wikidata", "wikidata_id": "Q34672734"}}, {"type": "Feature", "id": "foss-wd-Q34672742", "geometry": {"type": "Point", "coordinates": [9.89976, 59.78647]}, "properties": {"name": "Hellefossen", "height": 9.0, "source": "Wikidata", "wikidata_id": "Q34672742"}}, {"type": "Feature", "id": "foss-wd-Q34672790", "geometry": {"type": "Point", "coordinates": [8.01854, 58.32732]}, "properties": {"name": "Helvedesfossen", "height": 100.0, "source": "Wikidata", "wikidata_id": "Q34672790"}}, {"type": "Feature", "id": "foss-wd-Q34672798", "geometry": {"type": "Point", "coordinates": [6.47208, 58.2997]}, "properties": {"name": "Helvedsfossen", "height": 206.0, "source": "Wikidata", "wikidata_id": "Q34672798"}}, {"type": "Feature", "id": "foss-wd-Q34672805", "geometry": {"type": "Point", "coordinates": [8.76631, 59.59067]}, "properties": {"name": "Helvetesfoss", "height": 588.0, "source": "Wikidata", "wikidata_id": "Q34672805"}}, {"type": "Feature", "id": "foss-wd-Q34672819", "geometry": {"type": "Point", "coordinates": [6.50351, 58.53816]}, "properties": {"name": "Helvetesfossen", "height": 179.0, "source": "Wikidata", "wikidata_id": "Q34672819"}}, {"type": "Feature", "id": "foss-wd-Q34672864", "geometry": {"type": "Point", "coordinates": [8.43908, 59.44969]}, "properties": {"name": "Hemmestveitfossen", "height": 408.0, "source": "Wikidata", "wikidata_id": "Q34672864"}}, {"type": "Feature", "id": "foss-wd-Q34672877", "geometry": {"type": "Point", "coordinates": [8.06093, 58.34493]}, "properties": {"name": "Hengefoss", "height": 184.0, "source": "Wikidata", "wikidata_id": "Q34672877"}}, {"type": "Feature", "id": "foss-wd-Q34672885", "geometry": {"type": "Point", "coordinates": [10.41356, 59.76795]}, "properties": {"name": "Hengefoss", "height": 141.0, "source": "Wikidata", "wikidata_id": "Q34672885"}}, {"type": "Feature", "id": "foss-wd-Q34672890", "geometry": {"type": "Point", "coordinates": [8.14738, 58.2602]}, "properties": {"name": "Hengefoss", "height": 84.0, "source": "Wikidata", "wikidata_id": "Q34672890"}}, {"type": "Feature", "id": "foss-wd-Q34672938", "geometry": {"type": "Point", "coordinates": [8.34545, 58.53305]}, "properties": {"name": "Herefossen", "height": 109.0, "source": "Wikidata", "wikidata_id": "Q34672938"}}, {"type": "Feature", "id": "foss-wd-Q34672946", "geometry": {"type": "Point", "coordinates": [8.87884, 59.42682]}, "properties": {"name": "Herrefoss", "height": 115.0, "source": "Wikidata", "wikidata_id": "Q34672946"}}, {"type": "Feature", "id": "foss-wd-Q34673004", "geometry": {"type": "Point", "coordinates": [8.40615, 59.48965]}, "properties": {"name": "Hestefoss", "height": 504.0, "source": "Wikidata", "wikidata_id": "Q34673004"}}, {"type": "Feature", "id": "foss-wd-Q34673058", "geometry": {"type": "Point", "coordinates": [6.38159, 59.15022]}, "properties": {"name": "Hiafossen", "height": 296.0, "source": "Wikidata", "wikidata_id": "Q34673058"}}, {"type": "Feature", "id": "foss-wd-Q34673139", "geometry": {"type": "Point", "coordinates": [11.67646, 59.55106]}, "properties": {"name": "Hofoss", "height": 202.0, "source": "Wikidata", "wikidata_id": "Q34673139"}}, {"type": "Feature", "id": "foss-wd-Q34673166", "geometry": {"type": "Point", "coordinates": [7.42686, 58.47874]}, "properties": {"name": "Hoggefossen", "height": 224.0, "source": "Wikidata", "wikidata_id": "Q34673166"}}, {"type": "Feature", "id": "foss-wd-Q34673173", "geometry": {"type": "Point", "coordinates": [6.96763, 58.35397]}, "properties": {"name": "Hoggfossen", "height": 87.0, "source": "Wikidata", "wikidata_id": "Q34673173"}}, {"type": "Feature", "id": "foss-wd-Q34673185", "geometry": {"type": "Point", "coordinates": [9.06126, 59.48308]}, "properties": {"name": "Holefossen", "height": 286.0, "source": "Wikidata", "wikidata_id": "Q34673185"}}, {"type": "Feature", "id": "foss-wd-Q34673193", "geometry": {"type": "Point", "coordinates": [6.82188, 58.27405]}, "properties": {"name": "Holefossen", "height": 25.0, "source": "Wikidata", "wikidata_id": "Q34673193"}}, {"type": "Feature", "id": "foss-wd-Q34673209", "geometry": {"type": "Point", "coordinates": [8.91693, 59.51316]}, "properties": {"name": "Hollanfossen", "height": 838.0, "source": "Wikidata", "wikidata_id": "Q34673209"}}, {"type": "Feature", "id": "foss-wd-Q34673222", "geometry": {"type": "Point", "coordinates": [7.67988, 58.09866]}, "properties": {"name": "Holmenfossen", "height": 56.0, "source": "Wikidata", "wikidata_id": "Q34673222"}}, {"type": "Feature", "id": "foss-wd-Q34673235", "geometry": {"type": "Point", "coordinates": [9.99273, 59.18855]}, "properties": {"name": "Holmfoss", "height": 19.0, "source": "Wikidata", "wikidata_id": "Q34673235"}}, {"type": "Feature", "id": "foss-wd-Q34673283", "geometry": {"type": "Point", "coordinates": [6.20222, 59.74913]}, "properties": {"name": "Honnsfoss", "height": 169.0, "source": "Wikidata", "wikidata_id": "Q34673283"}}, {"type": "Feature", "id": "foss-wd-Q34673362", "geometry": {"type": "Point", "coordinates": [7.3233, 59.25304]}, "properties": {"name": "Hovassfossane", "height": 752.0, "source": "Wikidata", "wikidata_id": "Q34673362"}}, {"type": "Feature", "id": "foss-wd-Q34673369", "geometry": {"type": "Point", "coordinates": [7.61698, 59.12183]}, "properties": {"name": "Hovassfossen", "height": 742.0, "source": "Wikidata", "wikidata_id": "Q34673369"}}, {"type": "Feature", "id": "foss-wd-Q34673392", "geometry": {"type": "Point", "coordinates": [8.54307, 59.51095]}, "properties": {"name": "Hovudduk", "height": 770.0, "source": "Wikidata", "wikidata_id": "Q34673392"}}, {"type": "Feature", "id": "foss-wd-Q34673407", "geometry": {"type": "Point", "coordinates": [8.68512, 59.70499]}, "properties": {"name": "Huk", "height": 796.0, "source": "Wikidata", "wikidata_id": "Q34673407"}}, {"type": "Feature", "id": "foss-wd-Q34673438", "geometry": {"type": "Point", "coordinates": [6.78285, 59.75219]}, "properties": {"name": "Hundafoss", "height": 385.0, "source": "Wikidata", "wikidata_id": "Q34673438"}}, {"type": "Feature", "id": "foss-wd-Q34673478", "geometry": {"type": "Point", "coordinates": [8.53872, 58.58874]}, "properties": {"name": "Hundevassfossen", "height": 291.0, "source": "Wikidata", "wikidata_id": "Q34673478"}}, {"type": "Feature", "id": "foss-wd-Q34673492", "geometry": {"type": "Point", "coordinates": [6.11028, 58.41876]}, "properties": {"name": "Hunnafossen", "height": 93.0, "source": "Wikidata", "wikidata_id": "Q34673492"}}, {"type": "Feature", "id": "foss-wd-Q34673497", "geometry": {"type": "Point", "coordinates": [7.74351, 59.443]}, "properties": {"name": "Hunsfoss", "height": 761.0, "source": "Wikidata", "wikidata_id": "Q34673497"}}, {"type": "Feature", "id": "foss-wd-Q34673505", "geometry": {"type": "Point", "coordinates": [9.38349, 59.2477]}, "properties": {"name": "Husfossen", "height": 72.0, "source": "Wikidata", "wikidata_id": "Q34673505"}}, {"type": "Feature", "id": "foss-wd-Q34673511", "geometry": {"type": "Point", "coordinates": [10.18131, 59.43404]}, "properties": {"name": "Hvams-fossen", "height": 99.0, "source": "Wikidata", "wikidata_id": "Q34673511"}}, {"type": "Feature", "id": "foss-wd-Q34673543", "geometry": {"type": "Point", "coordinates": [7.99876, 59.57686]}, "properties": {"name": "Hyllandsfossen", "height": 503.0, "source": "Wikidata", "wikidata_id": "Q34673543"}}, {"type": "Feature", "id": "foss-wd-Q34673586", "geometry": {"type": "Point", "coordinates": [6.13421, 58.59612]}, "properties": {"name": "Hytlandsfossen", "height": 162.0, "source": "Wikidata", "wikidata_id": "Q34673586"}}, {"type": "Feature", "id": "foss-wd-Q34673598", "geometry": {"type": "Point", "coordinates": [8.87054, 59.56669]}, "properties": {"name": "Hyttefossen", "height": 604.0, "source": "Wikidata", "wikidata_id": "Q34673598"}}, {"type": "Feature", "id": "foss-wd-Q34673619", "geometry": {"type": "Point", "coordinates": [6.98244, 58.32379]}, "properties": {"name": "Håfossen", "height": 54.0, "source": "Wikidata", "wikidata_id": "Q34673619"}}, {"type": "Feature", "id": "foss-wd-Q34673647", "geometry": {"type": "Point", "coordinates": [7.97184, 58.58783]}, "properties": {"name": "Håtveitfossen", "height": 434.0, "source": "Wikidata", "wikidata_id": "Q34673647"}}, {"type": "Feature", "id": "foss-wd-Q34673654", "geometry": {"type": "Point", "coordinates": [8.43173, 59.12722]}, "properties": {"name": "Håtveitfossen", "height": 390.0, "source": "Wikidata", "wikidata_id": "Q34673654"}}, {"type": "Feature", "id": "foss-wd-Q34751049", "geometry": {"type": "Point", "coordinates": [7.78896, 58.5845]}, "properties": {"name": "Fennefossen", "height": 172.0, "source": "Wikidata", "wikidata_id": "Q34751049"}}, {"type": "Feature", "id": "foss-wd-Q34751057", "geometry": {"type": "Point", "coordinates": [8.66173, 59.23816]}, "properties": {"name": "Fentefossen", "height": 279.0, "source": "Wikidata", "wikidata_id": "Q34751057"}}, {"type": "Feature", "id": "foss-wd-Q34751147", "geometry": {"type": "Point", "coordinates": [6.4865, 58.91269]}, "properties": {"name": "Fidjafossen", "height": 474.0, "source": "Wikidata", "wikidata_id": "Q34751147"}}, {"type": "Feature", "id": "foss-wd-Q34751164", "geometry": {"type": "Point", "coordinates": [8.9995, 59.3755]}, "properties": {"name": "Finkefoss", "height": 128.0, "source": "Wikidata", "wikidata_id": "Q34751164"}}, {"type": "Feature", "id": "foss-wd-Q34751240", "geometry": {"type": "Point", "coordinates": [8.03711, 58.42858]}, "properties": {"name": "Fiskekjerfossen", "height": 199.0, "source": "Wikidata", "wikidata_id": "Q34751240"}}, {"type": "Feature", "id": "foss-wd-Q34751363", "geometry": {"type": "Point", "coordinates": [8.38037, 59.11265]}, "properties": {"name": "Fjellstøylfossen", "height": 651.0, "source": "Wikidata", "wikidata_id": "Q34751363"}}, {"type": "Feature", "id": "foss-wd-Q34751378", "geometry": {"type": "Point", "coordinates": [8.91969, 58.95414]}, "properties": {"name": "Fjosbufossen", "height": 164.0, "source": "Wikidata", "wikidata_id": "Q34751378"}}, {"type": "Feature", "id": "foss-wd-Q34751403", "geometry": {"type": "Point", "coordinates": [8.7439, 59.53112]}, "properties": {"name": "Fjøllstaulfossane", "height": 633.0, "source": "Wikidata", "wikidata_id": "Q34751403"}}, {"type": "Feature", "id": "foss-wd-Q34751420", "geometry": {"type": "Point", "coordinates": [8.20566, 58.33609]}, "properties": {"name": "Flakkefossen", "height": 53.0, "source": "Wikidata", "wikidata_id": "Q34751420"}}, {"type": "Feature", "id": "foss-wd-Q34751429", "geometry": {"type": "Point", "coordinates": [10.44558, 59.30121]}, "properties": {"name": "Flaskefoss", "height": 10.0, "source": "Wikidata", "wikidata_id": "Q34751429"}}, {"type": "Feature", "id": "foss-wd-Q34751438", "geometry": {"type": "Point", "coordinates": [7.3591, 59.56837]}, "properties": {"name": "Flatastøylfossen", "height": 815.0, "source": "Wikidata", "wikidata_id": "Q34751438"}}, {"type": "Feature", "id": "foss-wd-Q34751447", "geometry": {"type": "Point", "coordinates": [8.6877, 58.62919]}, "properties": {"name": "Flatefossen", "height": 130.0, "source": "Wikidata", "wikidata_id": "Q34751447"}}, {"type": "Feature", "id": "foss-wd-Q34751473", "geometry": {"type": "Point", "coordinates": [7.59414, 58.61392]}, "properties": {"name": "Flekefoss", "height": 369.0, "source": "Wikidata", "wikidata_id": "Q34751473"}}, {"type": "Feature", "id": "foss-wd-Q34751481", "geometry": {"type": "Point", "coordinates": [7.58658, 58.46951]}, "properties": {"name": "Flekefossen", "height": 284.0, "source": "Wikidata", "wikidata_id": "Q34751481"}}, {"type": "Feature", "id": "foss-wd-Q34751561", "geometry": {"type": "Point", "coordinates": [7.52654, 59.13364]}, "properties": {"name": "Flårendsfossen", "height": 315.0, "source": "Wikidata", "wikidata_id": "Q34751561"}}, {"type": "Feature", "id": "foss-wd-Q34752406", "geometry": {"type": "Point", "coordinates": [7.86426, 58.6184]}, "properties": {"name": "Jetnansfossen", "height": 368.0, "source": "Wikidata", "wikidata_id": "Q34752406"}}, {"type": "Feature", "id": "foss-wd-Q34752468", "geometry": {"type": "Point", "coordinates": [6.95725, 58.32788]}, "properties": {"name": "Jofossen", "height": 25.0, "source": "Wikidata", "wikidata_id": "Q34752468"}}, {"type": "Feature", "id": "foss-wd-Q34752506", "geometry": {"type": "Point", "coordinates": [8.349, 58.56027]}, "properties": {"name": "Jonsfoss", "height": 107.0, "source": "Wikidata", "wikidata_id": "Q34752506"}}, {"type": "Feature", "id": "foss-wd-Q34752540", "geometry": {"type": "Point", "coordinates": [11.42824, 59.28958]}, "properties": {"name": "Julsrud foss", "height": 116.0, "source": "Wikidata", "wikidata_id": "Q34752540"}}, {"type": "Feature", "id": "foss-wd-Q34752549", "geometry": {"type": "Point", "coordinates": [8.36532, 59.44758]}, "properties": {"name": "Jusureidfossen", "height": 296.0, "source": "Wikidata", "wikidata_id": "Q34752549"}}, {"type": "Feature", "id": "foss-wd-Q34752582", "geometry": {"type": "Point", "coordinates": [9.30547, 59.86988]}, "properties": {"name": "Juvefossen", "height": 529.0, "source": "Wikidata", "wikidata_id": "Q34752582"}}, {"type": "Feature", "id": "foss-wd-Q34752612", "geometry": {"type": "Point", "coordinates": [7.05434, 58.56723]}, "properties": {"name": "Jåfossen", "height": 461.0, "source": "Wikidata", "wikidata_id": "Q34752612"}}, {"type": "Feature", "id": "foss-wd-Q34752620", "geometry": {"type": "Point", "coordinates": [9.67214, 59.59553]}, "properties": {"name": "Jøgerfoss", "height": 166.0, "source": "Wikidata", "wikidata_id": "Q34752620"}}, {"type": "Feature", "id": "foss-wd-Q34752665", "geometry": {"type": "Point", "coordinates": [9.932, 59.97073]}, "properties": {"name": "Kaggefoss", "height": 110.0, "source": "Wikidata", "wikidata_id": "Q34752665"}}, {"type": "Feature", "id": "foss-wd-Q34752700", "geometry": {"type": "Point", "coordinates": [6.8203, 58.43343]}, "properties": {"name": "Kalfossen", "height": 202.0, "source": "Wikidata", "wikidata_id": "Q34752700"}}, {"type": "Feature", "id": "foss-wd-Q34752709", "geometry": {"type": "Point", "coordinates": [7.75491, 58.49883]}, "properties": {"name": "Kallefoss", "height": 200.0, "source": "Wikidata", "wikidata_id": "Q34752709"}}, {"type": "Feature", "id": "foss-wd-Q34752715", "geometry": {"type": "Point", "coordinates": [8.27697, 58.70578]}, "properties": {"name": "Kallefoss", "height": 212.0, "source": "Wikidata", "wikidata_id": "Q34752715"}}, {"type": "Feature", "id": "foss-wd-Q34752935", "geometry": {"type": "Point", "coordinates": [8.70701, 58.60948]}, "properties": {"name": "Kastefossen", "height": 109.0, "source": "Wikidata", "wikidata_id": "Q34752935"}}, {"type": "Feature", "id": "foss-wd-Q34752944", "geometry": {"type": "Point", "coordinates": [9.96093, 59.92961]}, "properties": {"name": "Katfoss", "height": 62.0, "source": "Wikidata", "wikidata_id": "Q34752944"}}, {"type": "Feature", "id": "foss-wd-Q34752959", "geometry": {"type": "Point", "coordinates": [7.93101, 58.58921]}, "properties": {"name": "Kattefoss", "height": 476.0, "source": "Wikidata", "wikidata_id": "Q34752959"}}, {"type": "Feature", "id": "foss-wd-Q34752967", "geometry": {"type": "Point", "coordinates": [7.89679, 58.3881]}, "properties": {"name": "Kattefoss", "height": 120.0, "source": "Wikidata", "wikidata_id": "Q34752967"}}, {"type": "Feature", "id": "foss-wd-Q34752974", "geometry": {"type": "Point", "coordinates": [7.63524, 58.65037]}, "properties": {"name": "Kattefossen", "height": 332.0, "source": "Wikidata", "wikidata_id": "Q34752974"}}, {"type": "Feature", "id": "foss-wd-Q34752983", "geometry": {"type": "Point", "coordinates": [7.37721, 58.57752]}, "properties": {"name": "Kattefossen", "height": 432.0, "source": "Wikidata", "wikidata_id": "Q34752983"}}, {"type": "Feature", "id": "foss-wd-Q34752992", "geometry": {"type": "Point", "coordinates": [11.32084, 59.86004]}, "properties": {"name": "Kattfossen", "height": 212.0, "source": "Wikidata", "wikidata_id": "Q34752992"}}, {"type": "Feature", "id": "foss-wd-Q34753044", "geometry": {"type": "Point", "coordinates": [9.37532, 59.47631]}, "properties": {"name": "Kikja-fossen", "height": 429.0, "source": "Wikidata", "wikidata_id": "Q34753044"}}, {"type": "Feature", "id": "foss-wd-Q34753050", "geometry": {"type": "Point", "coordinates": [8.68711, 58.6198]}, "properties": {"name": "Kilansfoss", "height": 127.0, "source": "Wikidata", "wikidata_id": "Q34753050"}}, {"type": "Feature", "id": "foss-wd-Q34753058", "geometry": {"type": "Point", "coordinates": [8.31475, 58.7042]}, "properties": {"name": "Kilefoss", "height": 175.0, "source": "Wikidata", "wikidata_id": "Q34753058"}}, {"type": "Feature", "id": "foss-wd-Q34753066", "geometry": {"type": "Point", "coordinates": [6.95678, 58.33032]}, "properties": {"name": "Kilefossen", "height": 31.0, "source": "Wikidata", "wikidata_id": "Q34753066"}}, {"type": "Feature", "id": "foss-wd-Q34753111", "geometry": {"type": "Point", "coordinates": [9.1585, 59.4204]}, "properties": {"name": "Kisfoss", "height": 58.0, "source": "Wikidata", "wikidata_id": "Q34753111"}}, {"type": "Feature", "id": "foss-wd-Q34753128", "geometry": {"type": "Point", "coordinates": [9.53464, 59.97242]}, "properties": {"name": "Kistefoss", "height": 347.0, "source": "Wikidata", "wikidata_id": "Q34753128"}}, {"type": "Feature", "id": "foss-wd-Q34753137", "geometry": {"type": "Point", "coordinates": [8.53684, 59.44315]}, "properties": {"name": "Kistefoss", "height": 318.0, "source": "Wikidata", "wikidata_id": "Q34753137"}}, {"type": "Feature", "id": "foss-wd-Q34753145", "geometry": {"type": "Point", "coordinates": [9.80559, 59.24018]}, "properties": {"name": "Kistefossen", "height": 39.0, "source": "Wikidata", "wikidata_id": "Q34753145"}}, {"type": "Feature", "id": "foss-wd-Q34753201", "geometry": {"type": "Point", "coordinates": [8.47276, 58.94604]}, "properties": {"name": "Kjellarfoss", "height": 215.0, "source": "Wikidata", "wikidata_id": "Q34753201"}}, {"type": "Feature", "id": "foss-wd-Q34753209", "geometry": {"type": "Point", "coordinates": [6.9194, 59.64807]}, "properties": {"name": "Kjellbergfossen", "height": 208.0, "source": "Wikidata", "wikidata_id": "Q34753209"}}, {"type": "Feature", "id": "foss-wd-Q34753216", "geometry": {"type": "Point", "coordinates": [8.61719, 58.40782]}, "properties": {"name": "Kjellerfoss", "height": 51.0, "source": "Wikidata", "wikidata_id": "Q34753216"}}, {"type": "Feature", "id": "foss-wd-Q34753267", "geometry": {"type": "Point", "coordinates": [8.95495, 58.9356]}, "properties": {"name": "Kjeppfossene", "height": 123.0, "source": "Wikidata", "wikidata_id": "Q34753267"}}, {"type": "Feature", "id": "foss-wd-Q34753309", "geometry": {"type": "Point", "coordinates": [7.74389, 58.57312]}, "properties": {"name": "Kjerrfoss", "height": 177.0, "source": "Wikidata", "wikidata_id": "Q34753309"}}, {"type": "Feature", "id": "foss-wd-Q34753348", "geometry": {"type": "Point", "coordinates": [8.75151, 59.07579]}, "properties": {"name": "Kjerringfossen", "height": 343.0, "source": "Wikidata", "wikidata_id": "Q34753348"}}, {"type": "Feature", "id": "foss-wd-Q34753357", "geometry": {"type": "Point", "coordinates": [6.87263, 59.04789]}, "properties": {"name": "Kjerringstølfossen", "height": 687.0, "source": "Wikidata", "wikidata_id": "Q34753357"}}, {"type": "Feature", "id": "foss-wd-Q34753375", "geometry": {"type": "Point", "coordinates": [6.95959, 58.33986]}, "properties": {"name": "Kjerurfossen", "height": 46.0, "source": "Wikidata", "wikidata_id": "Q34753375"}}, {"type": "Feature", "id": "foss-wd-Q34753421", "geometry": {"type": "Point", "coordinates": [9.91423, 59.34631]}, "properties": {"name": "Kjærra", "height": 35.0, "source": "Wikidata", "wikidata_id": "Q34753421"}}, {"type": "Feature", "id": "foss-wd-Q34753438", "geometry": {"type": "Point", "coordinates": [7.28743, 58.25747]}, "properties": {"name": "Klamrefossen", "height": 238.0, "source": "Wikidata", "wikidata_id": "Q34753438"}}, {"type": "Feature", "id": "foss-wd-Q34753453", "geometry": {"type": "Point", "coordinates": [9.76878, 59.73427]}, "properties": {"name": "Klarefoss", "height": 201.0, "source": "Wikidata", "wikidata_id": "Q34753453"}}, {"type": "Feature", "id": "foss-wd-Q34753495", "geometry": {"type": "Point", "coordinates": [7.17908, 58.16444]}, "properties": {"name": "Kleivfossen", "height": 113.0, "source": "Wikidata", "wikidata_id": "Q34753495"}}, {"type": "Feature", "id": "foss-wd-Q34753504", "geometry": {"type": "Point", "coordinates": [7.79281, 59.66888]}, "properties": {"name": "Kleivslifossen", "height": 777.0, "source": "Wikidata", "wikidata_id": "Q34753504"}}, {"type": "Feature", "id": "foss-wd-Q34753595", "geometry": {"type": "Point", "coordinates": [11.01041, 59.22208]}, "properties": {"name": "Klokkerfossen", "height": 20.0, "source": "Wikidata", "wikidata_id": "Q34753595"}}, {"type": "Feature", "id": "foss-wd-Q34753603", "geometry": {"type": "Point", "coordinates": [9.64994, 59.64033]}, "properties": {"name": "Kloppfoss", "height": 141.0, "source": "Wikidata", "wikidata_id": "Q34753603"}}, {"type": "Feature", "id": "foss-wd-Q34753610", "geometry": {"type": "Point", "coordinates": [8.8156, 59.45016]}, "properties": {"name": "Kloppsteinfossen", "height": 526.0, "source": "Wikidata", "wikidata_id": "Q34753610"}}, {"type": "Feature", "id": "foss-wd-Q34753618", "geometry": {"type": "Point", "coordinates": [9.61079, 59.19813]}, "properties": {"name": "Klosterfossen", "height": 8.0, "source": "Wikidata", "wikidata_id": "Q34753618"}}, {"type": "Feature", "id": "foss-wd-Q34753626", "geometry": {"type": "Point", "coordinates": [8.62233, 58.72158]}, "properties": {"name": "Klovfoss", "height": 159.0, "source": "Wikidata", "wikidata_id": "Q34753626"}}, {"type": "Feature", "id": "foss-wd-Q34753633", "geometry": {"type": "Point", "coordinates": [6.93369, 59.64329]}, "properties": {"name": "Klovfoss", "height": 362.0, "source": "Wikidata", "wikidata_id": "Q34753633"}}, {"type": "Feature", "id": "foss-wd-Q34753700", "geometry": {"type": "Point", "coordinates": [9.00854, 59.72302]}, "properties": {"name": "Klømstrefossen", "height": 252.0, "source": "Wikidata", "wikidata_id": "Q34753700"}}, {"type": "Feature", "id": "foss-wd-Q34753718", "geometry": {"type": "Point", "coordinates": [6.93439, 58.33026]}, "properties": {"name": "Knarvestølfallet", "height": 321.0, "source": "Wikidata", "wikidata_id": "Q34753718"}}, {"type": "Feature", "id": "foss-wd-Q34753727", "geometry": {"type": "Point", "coordinates": [7.79602, 58.20446]}, "properties": {"name": "Kneigansfossen", "height": 61.0, "source": "Wikidata", "wikidata_id": "Q34753727"}}, {"type": "Feature", "id": "foss-wd-Q34753736", "geometry": {"type": "Point", "coordinates": [7.91421, 58.97092]}, "properties": {"name": "Knipefossen", "height": 618.0, "source": "Wikidata", "wikidata_id": "Q34753736"}}, {"type": "Feature", "id": "foss-wd-Q34753770", "geometry": {"type": "Point", "coordinates": [8.55939, 59.44542]}, "properties": {"name": "Kolbjørnsrudfossen", "height": 294.0, "source": "Wikidata", "wikidata_id": "Q34753770"}}, {"type": "Feature", "id": "foss-wd-Q34753803", "geometry": {"type": "Point", "coordinates": [9.38872, 59.52909]}, "properties": {"name": "Kollsetfossen", "height": 295.0, "source": "Wikidata", "wikidata_id": "Q34753803"}}, {"type": "Feature", "id": "foss-wd-Q34753811", "geometry": {"type": "Point", "coordinates": [7.45999, 58.47675]}, "properties": {"name": "Kollungtveitfossen", "height": 176.0, "source": "Wikidata", "wikidata_id": "Q34753811"}}, {"type": "Feature", "id": "foss-wd-Q34753819", "geometry": {"type": "Point", "coordinates": [11.67304, 59.77978]}, "properties": {"name": "Kolstadfoss", "height": 174.0, "source": "Wikidata", "wikidata_id": "Q34753819"}}, {"type": "Feature", "id": "foss-wd-Q34753880", "geometry": {"type": "Point", "coordinates": [9.91178, 59.89613]}, "properties": {"name": "Kongsfoss", "height": 33.0, "source": "Wikidata", "wikidata_id": "Q34753880"}}, {"type": "Feature", "id": "foss-wd-Q34753905", "geometry": {"type": "Point", "coordinates": [11.7112, 59.21298]}, "properties": {"name": "Kopperødfossen", "height": 128.0, "source": "Wikidata", "wikidata_id": "Q34753905"}}, {"type": "Feature", "id": "foss-wd-Q34753935", "geometry": {"type": "Point", "coordinates": [8.47071, 59.43225]}, "properties": {"name": "Kosafossen", "height": 258.0, "source": "Wikidata", "wikidata_id": "Q34753935"}}, {"type": "Feature", "id": "foss-wd-Q34753979", "geometry": {"type": "Point", "coordinates": [7.76585, 58.2257]}, "properties": {"name": "Kravlefossen", "height": 168.0, "source": "Wikidata", "wikidata_id": "Q34753979"}}, {"type": "Feature", "id": "foss-wd-Q34754015", "geometry": {"type": "Point", "coordinates": [11.81162, 59.74516]}, "properties": {"name": "Kristensfoss", "height": 151.0, "source": "Wikidata", "wikidata_id": "Q34754015"}}, {"type": "Feature", "id": "foss-wd-Q34754050", "geometry": {"type": "Point", "coordinates": [7.11633, 58.73672]}, "properties": {"name": "Krokevassfossen", "height": 806.0, "source": "Wikidata", "wikidata_id": "Q34754050"}}, {"type": "Feature", "id": "foss-wd-Q34754112", "geometry": {"type": "Point", "coordinates": [8.34615, 59.01768]}, "properties": {"name": "Krokvassfossen", "height": 495.0, "source": "Wikidata", "wikidata_id": "Q34754112"}}, {"type": "Feature", "id": "foss-wd-Q34754120", "geometry": {"type": "Point", "coordinates": [7.26327, 58.29157]}, "properties": {"name": "Kromyrfossen", "height": 345.0, "source": "Wikidata", "wikidata_id": "Q34754120"}}, {"type": "Feature", "id": "foss-wd-Q34754203", "geometry": {"type": "Point", "coordinates": [9.1918, 59.78521]}, "properties": {"name": "Krømla", "height": 837.0, "source": "Wikidata", "wikidata_id": "Q34754203"}}, {"type": "Feature", "id": "foss-wd-Q34754232", "geometry": {"type": "Point", "coordinates": [6.62934, 58.71912]}, "properties": {"name": "Kulifossen", "height": 568.0, "source": "Wikidata", "wikidata_id": "Q34754232"}}, {"type": "Feature", "id": "foss-wd-Q34754268", "geometry": {"type": "Point", "coordinates": [10.83894, 59.52889]}, "properties": {"name": "Kurefossen", "height": 47.0, "source": "Wikidata", "wikidata_id": "Q34754268"}}, {"type": "Feature", "id": "foss-wd-Q34754310", "geometry": {"type": "Point", "coordinates": [6.10111, 58.98024]}, "properties": {"name": "Kustifossen", "height": 100.0, "source": "Wikidata", "wikidata_id": "Q34754310"}}, {"type": "Feature", "id": "foss-wd-Q34754317", "geometry": {"type": "Point", "coordinates": [7.4805, 58.30844]}, "properties": {"name": "Kvafossen", "height": 270.0, "source": "Wikidata", "wikidata_id": "Q34754317"}}, {"type": "Feature", "id": "foss-wd-Q34754431", "geometry": {"type": "Point", "coordinates": [7.09489, 58.18136]}, "properties": {"name": "Kvellandsfossen", "height": 41.0, "source": "Wikidata", "wikidata_id": "Q34754431"}}, {"type": "Feature", "id": "foss-wd-Q34754453", "geometry": {"type": "Point", "coordinates": [7.30343, 59.57501]}, "properties": {"name": "Kvennebekkfossen", "height": 867.0, "source": "Wikidata", "wikidata_id": "Q34754453"}}, {"type": "Feature", "id": "foss-wd-Q34754460", "geometry": {"type": "Point", "coordinates": [6.95657, 58.28849]}, "properties": {"name": "Kvennefall", "height": 258.0, "source": "Wikidata", "wikidata_id": "Q34754460"}}, {"type": "Feature", "id": "foss-wd-Q34754467", "geometry": {"type": "Point", "coordinates": [8.48325, 58.79551]}, "properties": {"name": "Kvennefossen", "height": 157.0, "source": "Wikidata", "wikidata_id": "Q34754467"}}, {"type": "Feature", "id": "foss-wd-Q34754474", "geometry": {"type": "Point", "coordinates": [9.64247, 59.9801]}, "properties": {"name": "Kvennefossen", "height": 385.0, "source": "Wikidata", "wikidata_id": "Q34754474"}}, {"type": "Feature", "id": "foss-wd-Q34754481", "geometry": {"type": "Point", "coordinates": [9.01256, 59.00613]}, "properties": {"name": "Kvennefossen", "height": 166.0, "source": "Wikidata", "wikidata_id": "Q34754481"}}, {"type": "Feature", "id": "foss-wd-Q34754491", "geometry": {"type": "Point", "coordinates": [10.10396, 59.43462]}, "properties": {"name": "Kvennefossen", "height": 106.0, "source": "Wikidata", "wikidata_id": "Q34754491"}}, {"type": "Feature", "id": "foss-wd-Q34754586", "geometry": {"type": "Point", "coordinates": [11.57038, 59.95436]}, "properties": {"name": "Kvennhusfossen", "height": 169.0, "source": "Wikidata", "wikidata_id": "Q34754586"}}, {"type": "Feature", "id": "foss-wd-Q34754591", "geometry": {"type": "Point", "coordinates": [11.10541, 59.88322]}, "properties": {"name": "Kvennhusfossen", "height": 149.0, "source": "Wikidata", "wikidata_id": "Q34754591"}}, {"type": "Feature", "id": "foss-wd-Q34754800", "geometry": {"type": "Point", "coordinates": [9.18118, 59.43261]}, "properties": {"name": "Kvitingen", "height": 403.0, "source": "Wikidata", "wikidata_id": "Q34754800"}}, {"type": "Feature", "id": "foss-wd-Q34754807", "geometry": {"type": "Point", "coordinates": [8.47179, 59.86278]}, "properties": {"name": "Kvitingfoss", "height": 748.0, "source": "Wikidata", "wikidata_id": "Q34754807"}}, {"type": "Feature", "id": "foss-wd-Q34754832", "geometry": {"type": "Point", "coordinates": [8.84026, 59.66661]}, "properties": {"name": "Kvitåfoss", "height": 624.0, "source": "Wikidata", "wikidata_id": "Q34754832"}}, {"type": "Feature", "id": "foss-wd-Q34754840", "geometry": {"type": "Point", "coordinates": [7.23492, 58.49459]}, "properties": {"name": "Kvitåfossen", "height": 515.0, "source": "Wikidata", "wikidata_id": "Q34754840"}}, {"type": "Feature", "id": "foss-wd-Q34754848", "geometry": {"type": "Point", "coordinates": [7.47851, 59.29944]}, "properties": {"name": "Kvorvefossen", "height": 672.0, "source": "Wikidata", "wikidata_id": "Q34754848"}}, {"type": "Feature", "id": "foss-wd-Q34754863", "geometry": {"type": "Point", "coordinates": [8.17767, 59.44096]}, "properties": {"name": "Kvålofossen", "height": 391.0, "source": "Wikidata", "wikidata_id": "Q34754863"}}, {"type": "Feature", "id": "foss-wd-Q34754872", "geometry": {"type": "Point", "coordinates": [7.18999, 58.26444]}, "properties": {"name": "Kvåsfossen", "height": 97.0, "source": "Wikidata", "wikidata_id": "Q34754872"}}, {"type": "Feature", "id": "foss-wd-Q34754913", "geometry": {"type": "Point", "coordinates": [7.8545, 59.73784]}, "properties": {"name": "Kyrsvelt", "height": 774.0, "source": "Wikidata", "wikidata_id": "Q34754913"}}, {"type": "Feature", "id": "foss-wd-Q34754920", "geometry": {"type": "Point", "coordinates": [7.53399, 58.19186]}, "properties": {"name": "Kålfossen", "height": 48.0, "source": "Wikidata", "wikidata_id": "Q34754920"}}, {"type": "Feature", "id": "foss-wd-Q34754933", "geometry": {"type": "Point", "coordinates": [10.20875, 59.90366]}, "properties": {"name": "Kårefoss", "height": 251.0, "source": "Wikidata", "wikidata_id": "Q34754933"}}, {"type": "Feature", "id": "foss-wd-Q34755032", "geometry": {"type": "Point", "coordinates": [6.95901, 58.32649]}, "properties": {"name": "Laksebruna", "height": 20.0, "source": "Wikidata", "wikidata_id": "Q34755032"}}, {"type": "Feature", "id": "foss-wd-Q34755038", "geometry": {"type": "Point", "coordinates": [8.27401, 58.39344]}, "properties": {"name": "Laksefoss", "height": 65.0, "source": "Wikidata", "wikidata_id": "Q34755038"}}, {"type": "Feature", "id": "foss-wd-Q34755055", "geometry": {"type": "Point", "coordinates": [7.53134, 58.40118]}, "properties": {"name": "Laksekjerfossen", "height": 106.0, "source": "Wikidata", "wikidata_id": "Q34755055"}}, {"type": "Feature", "id": "foss-wd-Q34755062", "geometry": {"type": "Point", "coordinates": [7.62061, 58.77844]}, "properties": {"name": "Laksetjønnfossen", "height": 712.0, "source": "Wikidata", "wikidata_id": "Q34755062"}}, {"type": "Feature", "id": "foss-wd-Q34755115", "geometry": {"type": "Point", "coordinates": [9.72676, 59.59993]}, "properties": {"name": "Landefoss", "height": 66.0, "source": "Wikidata", "wikidata_id": "Q34755115"}}, {"type": "Feature", "id": "foss-wd-Q34755152", "geometry": {"type": "Point", "coordinates": [8.49103, 58.86376]}, "properties": {"name": "Langefoss", "height": 338.0, "source": "Wikidata", "wikidata_id": "Q34755152"}}, {"type": "Feature", "id": "foss-wd-Q34755167", "geometry": {"type": "Point", "coordinates": [7.97687, 59.0781]}, "properties": {"name": "Langefoss", "height": 628.0, "source": "Wikidata", "wikidata_id": "Q34755167"}}, {"type": "Feature", "id": "foss-wd-Q34755173", "geometry": {"type": "Point", "coordinates": [8.98811, 59.72686]}, "properties": {"name": "Langefoss", "height": 407.0, "source": "Wikidata", "wikidata_id": "Q34755173"}}, {"type": "Feature", "id": "foss-wd-Q34755196", "geometry": {"type": "Point", "coordinates": [8.92392, 59.47476]}, "properties": {"name": "Langetjønnfossen", "height": 944.0, "source": "Wikidata", "wikidata_id": "Q34755196"}}, {"type": "Feature", "id": "foss-wd-Q34755234", "geometry": {"type": "Point", "coordinates": [8.19681, 58.54903]}, "properties": {"name": "Langfoss", "height": 203.0, "source": "Wikidata", "wikidata_id": "Q34755234"}}, {"type": "Feature", "id": "foss-wd-Q34673669", "geometry": {"type": "Point", "coordinates": [7.48208, 59.14394]}, "properties": {"name": "Håvestøylfossen", "height": 766.0, "source": "Wikidata", "wikidata_id": "Q34673669"}}, {"type": "Feature", "id": "foss-wd-Q34673727", "geometry": {"type": "Point", "coordinates": [8.80808, 59.91641]}, "properties": {"name": "Høgefoss", "height": 609.0, "source": "Wikidata", "wikidata_id": "Q34673727"}}, {"type": "Feature", "id": "foss-wd-Q34673736", "geometry": {"type": "Point", "coordinates": [8.51569, 58.95331]}, "properties": {"name": "Høgefossane", "height": 175.0, "source": "Wikidata", "wikidata_id": "Q34673736"}}, {"type": "Feature", "id": "foss-wd-Q34673792", "geometry": {"type": "Point", "coordinates": [8.08001, 58.76119]}, "properties": {"name": "Høgelifossen", "height": 353.0, "source": "Wikidata", "wikidata_id": "Q34673792"}}, {"type": "Feature", "id": "foss-wd-Q34673799", "geometry": {"type": "Point", "coordinates": [8.66996, 59.93368]}, "properties": {"name": "Høgelifossen", "height": 752.0, "source": "Wikidata", "wikidata_id": "Q34673799"}}, {"type": "Feature", "id": "foss-wd-Q34673856", "geometry": {"type": "Point", "coordinates": [9.09896, 59.46631]}, "properties": {"name": "Høgfoss", "height": 165.0, "source": "Wikidata", "wikidata_id": "Q34673856"}}, {"type": "Feature", "id": "foss-wd-Q34673865", "geometry": {"type": "Point", "coordinates": [8.83947, 59.05888]}, "properties": {"name": "Høgfoss", "height": 307.0, "source": "Wikidata", "wikidata_id": "Q34673865"}}, {"type": "Feature", "id": "foss-wd-Q34673873", "geometry": {"type": "Point", "coordinates": [8.26444, 59.291]}, "properties": {"name": "Høgfoss", "height": 915.0, "source": "Wikidata", "wikidata_id": "Q34673873"}}, {"type": "Feature", "id": "foss-wd-Q34673880", "geometry": {"type": "Point", "coordinates": [8.55659, 59.44378]}, "properties": {"name": "Høgfoss", "height": 294.0, "source": "Wikidata", "wikidata_id": "Q34673880"}}, {"type": "Feature", "id": "foss-wd-Q34673893", "geometry": {"type": "Point", "coordinates": [10.31047, 59.87515]}, "properties": {"name": "Høgfossen", "height": 256.0, "source": "Wikidata", "wikidata_id": "Q34673893"}}, {"type": "Feature", "id": "foss-wd-Q34673997", "geometry": {"type": "Point", "coordinates": [8.67816, 59.41322]}, "properties": {"name": "Høgfossen", "height": 295.0, "source": "Wikidata", "wikidata_id": "Q34673997"}}, {"type": "Feature", "id": "foss-wd-Q34674019", "geometry": {"type": "Point", "coordinates": [11.60574, 59.23425]}, "properties": {"name": "Høgfossen", "height": 195.0, "source": "Wikidata", "wikidata_id": "Q34674019"}}, {"type": "Feature", "id": "foss-wd-Q34674115", "geometry": {"type": "Point", "coordinates": [11.29583, 59.27751]}, "properties": {"name": "Høyfoss", "height": 87.0, "source": "Wikidata", "wikidata_id": "Q34674115"}}, {"type": "Feature", "id": "foss-wd-Q34674141", "geometry": {"type": "Point", "coordinates": [7.43883, 59.24979]}, "properties": {"name": "Høystøylsfossen", "height": 689.0, "source": "Wikidata", "wikidata_id": "Q34674141"}}, {"type": "Feature", "id": "foss-wd-Q34677969", "geometry": {"type": "Point", "coordinates": [9.02511, 59.42465]}, "properties": {"name": "Sagafossen", "height": 94.0, "source": "Wikidata", "wikidata_id": "Q34677969"}}, {"type": "Feature", "id": "foss-wd-Q34677994", "geometry": {"type": "Point", "coordinates": [7.58873, 58.68894]}, "properties": {"name": "Sagefossen", "height": 405.0, "source": "Wikidata", "wikidata_id": "Q34677994"}}, {"type": "Feature", "id": "foss-wd-Q34678072", "geometry": {"type": "Point", "coordinates": [8.45968, 59.42514]}, "properties": {"name": "Sagfossan", "height": 145.0, "source": "Wikidata", "wikidata_id": "Q34678072"}}, {"type": "Feature", "id": "foss-wd-Q34678080", "geometry": {"type": "Point", "coordinates": [8.96819, 58.90737]}, "properties": {"name": "Sagfossen", "height": 101.0, "source": "Wikidata", "wikidata_id": "Q34678080"}}, {"type": "Feature", "id": "foss-wd-Q34678087", "geometry": {"type": "Point", "coordinates": [8.89475, 58.70111]}, "properties": {"name": "Sagfossen", "height": 132.0, "source": "Wikidata", "wikidata_id": "Q34678087"}}, {"type": "Feature", "id": "foss-wd-Q34757539", "geometry": {"type": "Point", "coordinates": [6.93655, 58.52807]}, "properties": {"name": "Reiersfossen", "height": 228.0, "source": "Wikidata", "wikidata_id": "Q34757539"}}, {"type": "Feature", "id": "foss-wd-Q34757590", "geometry": {"type": "Point", "coordinates": [8.37027, 58.95008]}, "properties": {"name": "Reinfoss", "height": 218.0, "source": "Wikidata", "wikidata_id": "Q34757590"}}, {"type": "Feature", "id": "foss-wd-Q34757604", "geometry": {"type": "Point", "coordinates": [8.80628, 59.90863]}, "properties": {"name": "Reinsetfossen", "height": 780.0, "source": "Wikidata", "wikidata_id": "Q34757604"}}, {"type": "Feature", "id": "foss-wd-Q34757610", "geometry": {"type": "Point", "coordinates": [8.45758, 58.99302]}, "properties": {"name": "Reinsfoss", "height": 418.0, "source": "Wikidata", "wikidata_id": "Q34757610"}}, {"type": "Feature", "id": "foss-wd-Q34757625", "geometry": {"type": "Point", "coordinates": [6.17229, 59.60723]}, "properties": {"name": "Reinsfossen", "height": 682.0, "source": "Wikidata", "wikidata_id": "Q34757625"}}, {"type": "Feature", "id": "foss-wd-Q34757632", "geometry": {"type": "Point", "coordinates": [7.38994, 59.12415]}, "properties": {"name": "Reinstjønnsfossen", "height": 1000.0, "source": "Wikidata", "wikidata_id": "Q34757632"}}, {"type": "Feature", "id": "foss-wd-Q34757677", "geometry": {"type": "Point", "coordinates": [7.33993, 59.27724]}, "properties": {"name": "Rennon", "height": 633.0, "source": "Wikidata", "wikidata_id": "Q34757677"}}, {"type": "Feature", "id": "foss-wd-Q34757742", "geometry": {"type": "Point", "coordinates": [6.96504, 58.34633]}, "properties": {"name": "Revurfossen", "height": 50.0, "source": "Wikidata", "wikidata_id": "Q34757742"}}, {"type": "Feature", "id": "foss-wd-Q34757834", "geometry": {"type": "Point", "coordinates": [8.0205, 58.88729]}, "properties": {"name": "Rjukan", "height": 457.0, "source": "Wikidata", "wikidata_id": "Q34757834"}}, {"type": "Feature", "id": "foss-wd-Q34757856", "geometry": {"type": "Point", "coordinates": [8.52357, 59.56479]}, "properties": {"name": "Rjukanfoss", "height": 265.0, "source": "Wikidata", "wikidata_id": "Q34757856"}}, {"type": "Feature", "id": "foss-wd-Q34757871", "geometry": {"type": "Point", "coordinates": [8.47997, 58.79272]}, "properties": {"name": "Rjuken", "height": 176.0, "source": "Wikidata", "wikidata_id": "Q34757871"}}, {"type": "Feature", "id": "foss-wd-Q34757935", "geometry": {"type": "Point", "coordinates": [10.13338, 59.8627]}, "properties": {"name": "Rotfossen", "height": 286.0, "source": "Wikidata", "wikidata_id": "Q34757935"}}, {"type": "Feature", "id": "foss-wd-Q34757962", "geometry": {"type": "Point", "coordinates": [11.67141, 59.46566]}, "properties": {"name": "Rudsfossen", "height": 118.0, "source": "Wikidata", "wikidata_id": "Q34757962"}}, {"type": "Feature", "id": "foss-wd-Q34757985", "geometry": {"type": "Point", "coordinates": [6.90655, 58.53198]}, "properties": {"name": "Ruganfossen", "height": 250.0, "source": "Wikidata", "wikidata_id": "Q34757985"}}, {"type": "Feature", "id": "foss-wd-Q34758003", "geometry": {"type": "Point", "coordinates": [7.40684, 58.63548]}, "properties": {"name": "Rukan", "height": 380.0, "source": "Wikidata", "wikidata_id": "Q34758003"}}, {"type": "Feature", "id": "foss-wd-Q34758011", "geometry": {"type": "Point", "coordinates": [6.92361, 58.67532]}, "properties": {"name": "Rukanfossen", "height": 404.0, "source": "Wikidata", "wikidata_id": "Q34758011"}}, {"type": "Feature", "id": "foss-wd-Q34758113", "geometry": {"type": "Point", "coordinates": [6.36974, 59.14018]}, "properties": {"name": "Rykandfossen", "height": 393.0, "source": "Wikidata", "wikidata_id": "Q34758113"}}, {"type": "Feature", "id": "foss-wd-Q34758120", "geometry": {"type": "Point", "coordinates": [6.69719, 59.60459]}, "properties": {"name": "Rykefossen", "height": 463.0, "source": "Wikidata", "wikidata_id": "Q34758120"}}, {"type": "Feature", "id": "foss-wd-Q34758211", "geometry": {"type": "Point", "coordinates": [7.75666, 58.81713]}, "properties": {"name": "Rysefossen", "height": 437.0, "source": "Wikidata", "wikidata_id": "Q34758211"}}, {"type": "Feature", "id": "foss-wd-Q34758266", "geometry": {"type": "Point", "coordinates": [6.93147, 58.49531]}, "properties": {"name": "Råsurfossen", "height": 204.0, "source": "Wikidata", "wikidata_id": "Q34758266"}}, {"type": "Feature", "id": "foss-wd-Q34758305", "geometry": {"type": "Point", "coordinates": [9.62941, 59.56685]}, "properties": {"name": "Rønningfossene", "height": 252.0, "source": "Wikidata", "wikidata_id": "Q34758305"}}, {"type": "Feature", "id": "foss-wd-Q34758387", "geometry": {"type": "Point", "coordinates": [7.03157, 58.53896]}, "properties": {"name": "Røylandsfossen", "height": 410.0, "source": "Wikidata", "wikidata_id": "Q34758387"}}, {"type": "Feature", "id": "foss-wd-Q34758412", "geometry": {"type": "Point", "coordinates": [6.43362, 58.44324]}, "properties": {"name": "Sagafoss", "height": 285.0, "source": "Wikidata", "wikidata_id": "Q34758412"}}, {"type": "Feature", "id": "foss-wd-Q38437", "geometry": {"type": "Point", "coordinates": [7.945833, 61.38]}, "properties": {"name": "Vettisfossen", "height": 622.0, "source": "Wikidata", "wikidata_id": "Q38437"}}, {"type": "Feature", "id": "foss-wd-Q1471951", "geometry": {"type": "Point", "coordinates": [8.1199, 62.4714]}, "properties": {"name": "Mardalsfossen", "height": 954.0, "source": "Wikidata", "wikidata_id": "Q1471951"}}, {"type": "Feature", "id": "foss-wd-Q986495", "geometry": {"type": "Point", "coordinates": [8.47896, 59.86644]}, "properties": {"name": "Rjukanfossen", "height": 687.0, "source": "Wikidata", "wikidata_id": "Q986495"}}, {"type": "Feature", "id": "foss-wd-Q12007486", "geometry": {"type": "Point", "coordinates": [9.85537, 59.34558]}, "properties": {"name": "Trollfoss", "height": 226.0, "source": "Wikidata", "wikidata_id": "Q12007486"}}, {"type": "Feature", "id": "foss-wd-Q34757227", "geometry": {"type": "Point", "coordinates": [8.34539, 58.59159]}, "properties": {"name": "Rafoss", "height": 148.0, "source": "Wikidata", "wikidata_id": "Q34757227"}}, {"type": "Feature", "id": "foss-wd-Q34755241", "geometry": {"type": "Point", "coordinates": [9.33745, 58.90182]}, "properties": {"name": "Langfoss", "height": 45.0, "source": "Wikidata", "wikidata_id": "Q34755241"}}, {"type": "Feature", "id": "foss-wd-Q34755270", "geometry": {"type": "Point", "coordinates": [6.33981, 59.84375]}, "properties": {"name": "Langfossen", "height": 172.0, "source": "Wikidata", "wikidata_id": "Q34755270"}}, {"type": "Feature", "id": "foss-wd-Q34755574", "geometry": {"type": "Point", "coordinates": [9.33867, 59.7444]}, "properties": {"name": "Lauvfoss", "height": 467.0, "source": "Wikidata", "wikidata_id": "Q34755574"}}, {"type": "Feature", "id": "foss-wd-Q34755581", "geometry": {"type": "Point", "coordinates": [7.53278, 58.42786]}, "properties": {"name": "Lauvfossen", "height": 108.0, "source": "Wikidata", "wikidata_id": "Q34755581"}}, {"type": "Feature", "id": "foss-wd-Q34755603", "geometry": {"type": "Point", "coordinates": [7.05135, 58.5648]}, "properties": {"name": "Leidesfossen", "height": 453.0, "source": "Wikidata", "wikidata_id": "Q34755603"}}, {"type": "Feature", "id": "foss-wd-Q34755655", "geometry": {"type": "Point", "coordinates": [7.63901, 58.31179]}, "properties": {"name": "Leirfossen", "height": 300.0, "source": "Wikidata", "wikidata_id": "Q34755655"}}, {"type": "Feature", "id": "foss-wd-Q34755704", "geometry": {"type": "Point", "coordinates": [7.61613, 58.3039]}, "properties": {"name": "Leiusfossen", "height": 292.0, "source": "Wikidata", "wikidata_id": "Q34755704"}}, {"type": "Feature", "id": "foss-wd-Q34755711", "geometry": {"type": "Point", "coordinates": [11.24797, 59.52333]}, "properties": {"name": "Lekumfoss", "height": 63.0, "source": "Wikidata", "wikidata_id": "Q34755711"}}, {"type": "Feature", "id": "foss-wd-Q34755779", "geometry": {"type": "Point", "coordinates": [7.26729, 58.51587]}, "properties": {"name": "Liansvassfossen", "height": 492.0, "source": "Wikidata", "wikidata_id": "Q34755779"}}, {"type": "Feature", "id": "foss-wd-Q34755807", "geometry": {"type": "Point", "coordinates": [8.81663, 58.76608]}, "properties": {"name": "Liene", "height": 243.0, "source": "Wikidata", "wikidata_id": "Q34755807"}}, {"type": "Feature", "id": "foss-wd-Q34755821", "geometry": {"type": "Point", "coordinates": [7.58119, 59.14911]}, "properties": {"name": "Liestøylfossen", "height": 736.0, "source": "Wikidata", "wikidata_id": "Q34755821"}}, {"type": "Feature", "id": "foss-wd-Q34755844", "geometry": {"type": "Point", "coordinates": [7.89166, 59.24701]}, "properties": {"name": "Lifoss", "height": 452.0, "source": "Wikidata", "wikidata_id": "Q34755844"}}, {"type": "Feature", "id": "foss-wd-Q34755859", "geometry": {"type": "Point", "coordinates": [8.57284, 58.85999]}, "properties": {"name": "Lifossen", "height": 163.0, "source": "Wikidata", "wikidata_id": "Q34755859"}}, {"type": "Feature", "id": "foss-wd-Q34755919", "geometry": {"type": "Point", "coordinates": [8.63631, 58.65361]}, "properties": {"name": "Lillefoss", "height": 140.0, "source": "Wikidata", "wikidata_id": "Q34755919"}}, {"type": "Feature", "id": "foss-wd-Q34755925", "geometry": {"type": "Point", "coordinates": [7.60461, 58.29174]}, "properties": {"name": "Lillefoss", "height": 240.0, "source": "Wikidata", "wikidata_id": "Q34755925"}}, {"type": "Feature", "id": "foss-wd-Q34755968", "geometry": {"type": "Point", "coordinates": [9.47329, 59.34795]}, "properties": {"name": "Linddalsfossen", "height": 305.0, "source": "Wikidata", "wikidata_id": "Q34755968"}}, {"type": "Feature", "id": "foss-wd-Q34755976", "geometry": {"type": "Point", "coordinates": [8.45246, 59.20823]}, "properties": {"name": "Lindefjellfossen", "height": 318.0, "source": "Wikidata", "wikidata_id": "Q34755976"}}, {"type": "Feature", "id": "foss-wd-Q34755983", "geometry": {"type": "Point", "coordinates": [6.53996, 59.56053]}, "properties": {"name": "Lingvangsfossen", "height": 61.0, "source": "Wikidata", "wikidata_id": "Q34755983"}}, {"type": "Feature", "id": "foss-wd-Q34755998", "geometry": {"type": "Point", "coordinates": [8.35274, 59.15703]}, "properties": {"name": "Linnerfossen", "height": 452.0, "source": "Wikidata", "wikidata_id": "Q34755998"}}, {"type": "Feature", "id": "foss-wd-Q34756006", "geometry": {"type": "Point", "coordinates": [7.80096, 58.63628]}, "properties": {"name": "Lislefoss", "height": 189.0, "source": "Wikidata", "wikidata_id": "Q34756006"}}, {"type": "Feature", "id": "foss-wd-Q34756015", "geometry": {"type": "Point", "coordinates": [7.55292, 58.77798]}, "properties": {"name": "Lislerjukan", "height": 420.0, "source": "Wikidata", "wikidata_id": "Q34756015"}}, {"type": "Feature", "id": "foss-wd-Q34756022", "geometry": {"type": "Point", "coordinates": [7.42119, 59.30059]}, "properties": {"name": "Listøylfossen", "height": 584.0, "source": "Wikidata", "wikidata_id": "Q34756022"}}, {"type": "Feature", "id": "foss-wd-Q34757055", "geometry": {"type": "Point", "coordinates": [8.95786, 58.92865]}, "properties": {"name": "Prestefoss", "height": 112.0, "source": "Wikidata", "wikidata_id": "Q34757055"}}, {"type": "Feature", "id": "foss-wd-Q34757059", "geometry": {"type": "Point", "coordinates": [7.52899, 59.21236]}, "properties": {"name": "Prestefossen", "height": 312.0, "source": "Wikidata", "wikidata_id": "Q34757059"}}, {"type": "Feature", "id": "foss-wd-Q34758746", "geometry": {"type": "Point", "coordinates": [11.93342, 59.73785]}, "properties": {"name": "Sotebrufossen", "height": 234.0, "source": "Wikidata", "wikidata_id": "Q34758746"}}, {"type": "Feature", "id": "foss-wd-Q34758763", "geometry": {"type": "Point", "coordinates": [11.31988, 59.55468]}, "properties": {"name": "Spinnerifossen", "height": 94.0, "source": "Wikidata", "wikidata_id": "Q34758763"}}, {"type": "Feature", "id": "foss-wd-Q34758795", "geometry": {"type": "Point", "coordinates": [9.48402, 58.96599]}, "properties": {"name": "Sprangfoss", "height": 79.0, "source": "Wikidata", "wikidata_id": "Q34758795"}}, {"type": "Feature", "id": "foss-wd-Q34758812", "geometry": {"type": "Point", "coordinates": [7.45558, 59.23092]}, "properties": {"name": "Sprenen", "height": 857.0, "source": "Wikidata", "wikidata_id": "Q34758812"}}, {"type": "Feature", "id": "foss-wd-Q34758844", "geometry": {"type": "Point", "coordinates": [11.39695, 59.87196]}, "properties": {"name": "Spruta", "height": 226.0, "source": "Wikidata", "wikidata_id": "Q34758844"}}, {"type": "Feature", "id": "foss-wd-Q34758885", "geometry": {"type": "Point", "coordinates": [8.62908, 58.87522]}, "properties": {"name": "Sprutfoss", "height": 218.0, "source": "Wikidata", "wikidata_id": "Q34758885"}}, {"type": "Feature", "id": "foss-wd-Q34758954", "geometry": {"type": "Point", "coordinates": [6.91422, 58.52054]}, "properties": {"name": "Stakkelandsfossan", "height": 238.0, "source": "Wikidata", "wikidata_id": "Q34758954"}}, {"type": "Feature", "id": "foss-wd-Q34759009", "geometry": {"type": "Point", "coordinates": [8.68936, 58.4443]}, "properties": {"name": "Stampefoss", "height": 34.0, "source": "Wikidata", "wikidata_id": "Q34759009"}}, {"type": "Feature", "id": "foss-wd-Q34759016", "geometry": {"type": "Point", "coordinates": [8.05607, 58.32009]}, "properties": {"name": "Stampefoss", "height": 160.0, "source": "Wikidata", "wikidata_id": "Q34759016"}}, {"type": "Feature", "id": "foss-wd-Q34759023", "geometry": {"type": "Point", "coordinates": [7.8193, 58.85887]}, "properties": {"name": "Stampefossen", "height": 282.0, "source": "Wikidata", "wikidata_id": "Q34759023"}}, {"type": "Feature", "id": "foss-wd-Q34759039", "geometry": {"type": "Point", "coordinates": [11.62173, 59.62514]}, "properties": {"name": "Stamperudfossen", "height": 155.0, "source": "Wikidata", "wikidata_id": "Q34759039"}}, {"type": "Feature", "id": "foss-wd-Q34759047", "geometry": {"type": "Point", "coordinates": [9.20908, 59.40139]}, "properties": {"name": "Stampeura", "height": 145.0, "source": "Wikidata", "wikidata_id": "Q34759047"}}, {"type": "Feature", "id": "foss-wd-Q34759093", "geometry": {"type": "Point", "coordinates": [8.08939, 58.8486]}, "properties": {"name": "Standarfoss", "height": 279.0, "source": "Wikidata", "wikidata_id": "Q34759093"}}, {"type": "Feature", "id": "foss-wd-Q34759168", "geometry": {"type": "Point", "coordinates": [11.81371, 59.7471]}, "properties": {"name": "Steinbyfossen", "height": 169.0, "source": "Wikidata", "wikidata_id": "Q34759168"}}, {"type": "Feature", "id": "foss-wd-Q34759177", "geometry": {"type": "Point", "coordinates": [7.94186, 58.31895]}, "properties": {"name": "Steinfossen", "height": 89.0, "source": "Wikidata", "wikidata_id": "Q34759177"}}, {"type": "Feature", "id": "foss-wd-Q34759283", "geometry": {"type": "Point", "coordinates": [7.67695, 58.55092]}, "properties": {"name": "Stiefossen", "height": 344.0, "source": "Wikidata", "wikidata_id": "Q34759283"}}, {"type": "Feature", "id": "foss-wd-Q34759477", "geometry": {"type": "Point", "coordinates": [8.39588, 58.58404]}, "properties": {"name": "Storefoss", "height": 136.0, "source": "Wikidata", "wikidata_id": "Q34759477"}}, {"type": "Feature", "id": "foss-wd-Q34759511", "geometry": {"type": "Point", "coordinates": [7.80598, 58.52594]}, "properties": {"name": "Storefoss", "height": 211.0, "source": "Wikidata", "wikidata_id": "Q34759511"}}, {"type": "Feature", "id": "foss-wd-Q34759517", "geometry": {"type": "Point", "coordinates": [8.13694, 58.20783]}, "properties": {"name": "Storefoss", "height": 60.0, "source": "Wikidata", "wikidata_id": "Q34759517"}}, {"type": "Feature", "id": "foss-wd-Q34759654", "geometry": {"type": "Point", "coordinates": [7.37559, 58.38271]}, "properties": {"name": "Storefossen", "height": 132.0, "source": "Wikidata", "wikidata_id": "Q34759654"}}, {"type": "Feature", "id": "foss-wd-Q34678418", "geometry": {"type": "Point", "coordinates": [11.48566, 59.38694]}, "properties": {"name": "Sagfossen", "height": 125.0, "source": "Wikidata", "wikidata_id": "Q34678418"}}, {"type": "Feature", "id": "foss-wd-Q34678455", "geometry": {"type": "Point", "coordinates": [10.29719, 59.64133]}, "properties": {"name": "Sagseterfossen", "height": 210.0, "source": "Wikidata", "wikidata_id": "Q34678455"}}, {"type": "Feature", "id": "foss-wd-Q34678720", "geometry": {"type": "Point", "coordinates": [10.07376, 59.20049]}, "properties": {"name": "Sandfossen", "height": 42.0, "source": "Wikidata", "wikidata_id": "Q34678720"}}, {"type": "Feature", "id": "foss-wd-Q34678744", "geometry": {"type": "Point", "coordinates": [6.25673, 59.48111]}, "properties": {"name": "Sandsfossen", "height": 17.0, "source": "Wikidata", "wikidata_id": "Q34678744"}}, {"type": "Feature", "id": "foss-wd-Q34678761", "geometry": {"type": "Point", "coordinates": [6.49314, 59.85619]}, "properties": {"name": "Sandvassfossen", "height": 819.0, "source": "Wikidata", "wikidata_id": "Q34678761"}}, {"type": "Feature", "id": "foss-wd-Q34678770", "geometry": {"type": "Point", "coordinates": [9.02923, 58.88818]}, "properties": {"name": "Sandåkerfossen", "height": 53.0, "source": "Wikidata", "wikidata_id": "Q34678770"}}, {"type": "Feature", "id": "foss-wd-Q34678829", "geometry": {"type": "Point", "coordinates": [7.85314, 58.71272]}, "properties": {"name": "Saubrunsfossen", "height": 383.0, "source": "Wikidata", "wikidata_id": "Q34678829"}}, {"type": "Feature", "id": "foss-wd-Q34678837", "geometry": {"type": "Point", "coordinates": [8.11557, 58.48993]}, "properties": {"name": "Sauefoss", "height": 229.0, "source": "Wikidata", "wikidata_id": "Q34678837"}}, {"type": "Feature", "id": "foss-wd-Q34678850", "geometry": {"type": "Point", "coordinates": [7.75755, 58.65925]}, "properties": {"name": "Sauefoss", "height": 557.0, "source": "Wikidata", "wikidata_id": "Q34678850"}}, {"type": "Feature", "id": "foss-wd-Q34678859", "geometry": {"type": "Point", "coordinates": [8.46442, 58.55154]}, "properties": {"name": "Sauefossen", "height": 222.0, "source": "Wikidata", "wikidata_id": "Q34678859"}}, {"type": "Feature", "id": "foss-wd-Q34678875", "geometry": {"type": "Point", "coordinates": [8.76069, 58.86001]}, "properties": {"name": "Saufossen", "height": 366.0, "source": "Wikidata", "wikidata_id": "Q34678875"}}, {"type": "Feature", "id": "foss-wd-Q34678883", "geometry": {"type": "Point", "coordinates": [8.90137, 58.70657]}, "properties": {"name": "Saurfossen", "height": 145.0, "source": "Wikidata", "wikidata_id": "Q34678883"}}, {"type": "Feature", "id": "foss-wd-Q34678960", "geometry": {"type": "Point", "coordinates": [8.46408, 59.43647]}, "properties": {"name": "Selstøfossen", "height": 279.0, "source": "Wikidata", "wikidata_id": "Q34678960"}}, {"type": "Feature", "id": "foss-wd-Q34678999", "geometry": {"type": "Point", "coordinates": [6.3759, 59.15224]}, "properties": {"name": "Sendingfossen", "height": 222.0, "source": "Wikidata", "wikidata_id": "Q34678999"}}, {"type": "Feature", "id": "foss-wd-Q34679103", "geometry": {"type": "Point", "coordinates": [8.80812, 59.16023]}, "properties": {"name": "Sjeggfoss", "height": 105.0, "source": "Wikidata", "wikidata_id": "Q34679103"}}, {"type": "Feature", "id": "foss-wd-Q34679172", "geometry": {"type": "Point", "coordinates": [7.91328, 58.37905]}, "properties": {"name": "Sjøfossane", "height": 119.0, "source": "Wikidata", "wikidata_id": "Q34679172"}}, {"type": "Feature", "id": "foss-wd-Q34679193", "geometry": {"type": "Point", "coordinates": [8.24439, 58.72221]}, "properties": {"name": "Sjøllaugsfoss", "height": 225.0, "source": "Wikidata", "wikidata_id": "Q34679193"}}, {"type": "Feature", "id": "foss-wd-Q34679236", "geometry": {"type": "Point", "coordinates": [8.44352, 59.85215]}, "properties": {"name": "Skardfoss", "height": 797.0, "source": "Wikidata", "wikidata_id": "Q34679236"}}, {"type": "Feature", "id": "foss-wd-Q34679259", "geometry": {"type": "Point", "coordinates": [6.99107, 58.30876]}, "properties": {"name": "Skarefossen", "height": 277.0, "source": "Wikidata", "wikidata_id": "Q34679259"}}, {"type": "Feature", "id": "foss-wd-Q34679329", "geometry": {"type": "Point", "coordinates": [5.91422, 59.57916]}, "properties": {"name": "Skillingsfossen", "height": 364.0, "source": "Wikidata", "wikidata_id": "Q34679329"}}, {"type": "Feature", "id": "foss-wd-Q34679344", "geometry": {"type": "Point", "coordinates": [11.71837, 59.20953]}, "properties": {"name": "Skinnerfossen", "height": 124.0, "source": "Wikidata", "wikidata_id": "Q34679344"}}, {"type": "Feature", "id": "foss-wd-Q34759717", "geometry": {"type": "Point", "coordinates": [7.55192, 58.78348]}, "properties": {"name": "Storerjukan", "height": 459.0, "source": "Wikidata", "wikidata_id": "Q34759717"}}, {"type": "Feature", "id": "foss-wd-Q34759724", "geometry": {"type": "Point", "coordinates": [7.39277, 59.27386]}, "properties": {"name": "Storestøylsfossen", "height": 421.0, "source": "Wikidata", "wikidata_id": "Q34759724"}}, {"type": "Feature", "id": "foss-wd-Q34759731", "geometry": {"type": "Point", "coordinates": [11.51689, 59.3594]}, "properties": {"name": "Storetorpfossen", "height": 119.0, "source": "Wikidata", "wikidata_id": "Q34759731"}}, {"type": "Feature", "id": "foss-wd-Q34760638", "geometry": {"type": "Point", "coordinates": [8.22939, 58.34176]}, "properties": {"name": "Teinefoss", "height": 36.0, "source": "Wikidata", "wikidata_id": "Q34760638"}}, {"type": "Feature", "id": "foss-wd-Q34760643", "geometry": {"type": "Point", "coordinates": [7.33892, 58.23056]}, "properties": {"name": "Teinefoss", "height": 65.0, "source": "Wikidata", "wikidata_id": "Q34760643"}}, {"type": "Feature", "id": "foss-wd-Q34760768", "geometry": {"type": "Point", "coordinates": [8.9976, 59.45711]}, "properties": {"name": "Tilfangfossen", "height": 343.0, "source": "Wikidata", "wikidata_id": "Q34760768"}}, {"type": "Feature", "id": "foss-wd-Q34760805", "geometry": {"type": "Point", "coordinates": [8.41285, 59.23037]}, "properties": {"name": "Tjønnstøylfossen", "height": 581.0, "source": "Wikidata", "wikidata_id": "Q34760805"}}, {"type": "Feature", "id": "foss-wd-Q34760818", "geometry": {"type": "Point", "coordinates": [8.53521, 58.98378]}, "properties": {"name": "Tjørnefossen", "height": 240.0, "source": "Wikidata", "wikidata_id": "Q34760818"}}, {"type": "Feature", "id": "foss-wd-Q34760823", "geometry": {"type": "Point", "coordinates": [7.36573, 58.80432]}, "properties": {"name": "Tjørnefossen", "height": 648.0, "source": "Wikidata", "wikidata_id": "Q34760823"}}, {"type": "Feature", "id": "foss-wd-Q34760847", "geometry": {"type": "Point", "coordinates": [8.62609, 58.87514]}, "properties": {"name": "Tollekleivfossen", "height": 198.0, "source": "Wikidata", "wikidata_id": "Q34760847"}}, {"type": "Feature", "id": "foss-wd-Q34760886", "geometry": {"type": "Point", "coordinates": [7.99774, 58.97487]}, "properties": {"name": "Tonslifossen", "height": 707.0, "source": "Wikidata", "wikidata_id": "Q34760886"}}, {"type": "Feature", "id": "foss-wd-Q34760911", "geometry": {"type": "Point", "coordinates": [8.109, 59.25121]}, "properties": {"name": "Torsfoss", "height": 571.0, "source": "Wikidata", "wikidata_id": "Q34760911"}}, {"type": "Feature", "id": "foss-wd-Q34760917", "geometry": {"type": "Point", "coordinates": [11.62289, 59.41448]}, "properties": {"name": "Torvtjernfossen", "height": 231.0, "source": "Wikidata", "wikidata_id": "Q34760917"}}, {"type": "Feature", "id": "foss-wd-Q34760927", "geometry": {"type": "Point", "coordinates": [7.22982, 58.48545]}, "properties": {"name": "Tostensfossen", "height": 276.0, "source": "Wikidata", "wikidata_id": "Q34760927"}}, {"type": "Feature", "id": "foss-wd-Q34760942", "geometry": {"type": "Point", "coordinates": [10.43262, 59.98671]}, "properties": {"name": "Trangfoss", "height": 216.0, "source": "Wikidata", "wikidata_id": "Q34760942"}}, {"type": "Feature", "id": "foss-wd-Q34760977", "geometry": {"type": "Point", "coordinates": [7.8473, 59.10766]}, "properties": {"name": "Tretteskorfossen", "height": 812.0, "source": "Wikidata", "wikidata_id": "Q34760977"}}, {"type": "Feature", "id": "foss-wd-Q34679382", "geometry": {"type": "Point", "coordinates": [6.81254, 58.69703]}, "properties": {"name": "Skittfoss", "height": 514.0, "source": "Wikidata", "wikidata_id": "Q34679382"}}, {"type": "Feature", "id": "foss-wd-Q34679442", "geometry": {"type": "Point", "coordinates": [9.07113, 58.91103]}, "properties": {"name": "Skjenskjærafossen", "height": 126.0, "source": "Wikidata", "wikidata_id": "Q34679442"}}, {"type": "Feature", "id": "foss-wd-Q34679449", "geometry": {"type": "Point", "coordinates": [7.18342, 58.71798]}, "properties": {"name": "Skjerkefossen", "height": 834.0, "source": "Wikidata", "wikidata_id": "Q34679449"}}, {"type": "Feature", "id": "foss-wd-Q34679456", "geometry": {"type": "Point", "coordinates": [8.03173, 58.79145]}, "properties": {"name": "Skjerlifossen", "height": 411.0, "source": "Wikidata", "wikidata_id": "Q34679456"}}, {"type": "Feature", "id": "foss-wd-Q34679554", "geometry": {"type": "Point", "coordinates": [8.06279, 59.23392]}, "properties": {"name": "Skorfossen", "height": 308.0, "source": "Wikidata", "wikidata_id": "Q34679554"}}, {"type": "Feature", "id": "foss-wd-Q34679570", "geometry": {"type": "Point", "coordinates": [10.10274, 59.2325]}, "properties": {"name": "Skorgefossen", "height": 64.0, "source": "Wikidata", "wikidata_id": "Q34679570"}}, {"type": "Feature", "id": "foss-wd-Q34679614", "geometry": {"type": "Point", "coordinates": [9.52849, 59.20733]}, "properties": {"name": "Skotfoss", "height": 15.0, "source": "Wikidata", "wikidata_id": "Q34679614"}}, {"type": "Feature", "id": "foss-wd-Q34679623", "geometry": {"type": "Point", "coordinates": [9.41573, 59.31745]}, "properties": {"name": "Skotfoss", "height": 182.0, "source": "Wikidata", "wikidata_id": "Q34679623"}}, {"type": "Feature", "id": "foss-wd-Q34679631", "geometry": {"type": "Point", "coordinates": [9.36478, 59.53229]}, "properties": {"name": "Skotfossen", "height": 196.0, "source": "Wikidata", "wikidata_id": "Q34679631"}}, {"type": "Feature", "id": "foss-wd-Q34679670", "geometry": {"type": "Point", "coordinates": [6.7128, 58.82397]}, "properties": {"name": "Skredåfossen", "height": 618.0, "source": "Wikidata", "wikidata_id": "Q34679670"}}, {"type": "Feature", "id": "foss-wd-Q34679678", "geometry": {"type": "Point", "coordinates": [7.8181, 58.86472]}, "properties": {"name": "Skrelandsfossen", "height": 318.0, "source": "Wikidata", "wikidata_id": "Q34679678"}}, {"type": "Feature", "id": "foss-wd-Q34679686", "geometry": {"type": "Point", "coordinates": [6.89446, 58.15241]}, "properties": {"name": "Skrelifallan", "height": 118.0, "source": "Wikidata", "wikidata_id": "Q34679686"}}, {"type": "Feature", "id": "foss-wd-Q34679695", "geometry": {"type": "Point", "coordinates": [7.80469, 58.86423]}, "properties": {"name": "Skridvarfossen", "height": 448.0, "source": "Wikidata", "wikidata_id": "Q34679695"}}, {"type": "Feature", "id": "foss-wd-Q34679720", "geometry": {"type": "Point", "coordinates": [7.04183, 58.6686]}, "properties": {"name": "Skrubbedalsfossen", "height": 558.0, "source": "Wikidata", "wikidata_id": "Q34679720"}}, {"type": "Feature", "id": "foss-wd-Q34679728", "geometry": {"type": "Point", "coordinates": [9.40143, 59.36794]}, "properties": {"name": "Skrubbfoss", "height": 464.0, "source": "Wikidata", "wikidata_id": "Q34679728"}}, {"type": "Feature", "id": "foss-wd-Q34679772", "geometry": {"type": "Point", "coordinates": [8.30527, 58.75681]}, "properties": {"name": "Skulefoss", "height": 409.0, "source": "Wikidata", "wikidata_id": "Q34679772"}}, {"type": "Feature", "id": "foss-wd-Q34679778", "geometry": {"type": "Point", "coordinates": [7.66004, 59.00533]}, "properties": {"name": "Skulefossen", "height": 508.0, "source": "Wikidata", "wikidata_id": "Q34679778"}}, {"type": "Feature", "id": "foss-wd-Q34679862", "geometry": {"type": "Point", "coordinates": [11.41804, 59.1261]}, "properties": {"name": "Skåningsfoss", "height": 35.0, "source": "Wikidata", "wikidata_id": "Q34679862"}}, {"type": "Feature", "id": "foss-wd-Q34679878", "geometry": {"type": "Point", "coordinates": [9.22498, 59.77891]}, "properties": {"name": "Skåråfoss", "height": 712.0, "source": "Wikidata", "wikidata_id": "Q34679878"}}, {"type": "Feature", "id": "foss-wd-Q34679886", "geometry": {"type": "Point", "coordinates": [8.81061, 58.76438]}, "properties": {"name": "Skåtrennfossen", "height": 226.0, "source": "Wikidata", "wikidata_id": "Q34679886"}}, {"type": "Feature", "id": "foss-wd-Q34679894", "geometry": {"type": "Point", "coordinates": [7.42099, 58.41692]}, "properties": {"name": "Slavrerian", "height": 168.0, "source": "Wikidata", "wikidata_id": "Q34679894"}}, {"type": "Feature", "id": "foss-wd-Q34679949", "geometry": {"type": "Point", "coordinates": [7.42336, 59.23395]}, "properties": {"name": "Slettestøylsfossen", "height": 841.0, "source": "Wikidata", "wikidata_id": "Q34679949"}}, {"type": "Feature", "id": "foss-wd-Q34679957", "geometry": {"type": "Point", "coordinates": [8.98527, 58.78153]}, "properties": {"name": "Slettåsfossen", "height": 158.0, "source": "Wikidata", "wikidata_id": "Q34679957"}}, {"type": "Feature", "id": "foss-wd-Q34679965", "geometry": {"type": "Point", "coordinates": [11.48671, 59.72041]}, "properties": {"name": "Slora foss", "height": 134.0, "source": "Wikidata", "wikidata_id": "Q34679965"}}, {"type": "Feature", "id": "foss-wd-Q34680029", "geometry": {"type": "Point", "coordinates": [8.21329, 58.60144]}, "properties": {"name": "Smalefoss", "height": 170.0, "source": "Wikidata", "wikidata_id": "Q34680029"}}, {"type": "Feature", "id": "foss-wd-Q34680037", "geometry": {"type": "Point", "coordinates": [8.40604, 58.59669]}, "properties": {"name": "Smalfoss", "height": 145.0, "source": "Wikidata", "wikidata_id": "Q34680037"}}, {"type": "Feature", "id": "foss-wd-Q34680118", "geometry": {"type": "Point", "coordinates": [7.04029, 58.54674]}, "properties": {"name": "Småfossan", "height": 436.0, "source": "Wikidata", "wikidata_id": "Q34680118"}}, {"type": "Feature", "id": "foss-wd-Q34680214", "geometry": {"type": "Point", "coordinates": [7.79243, 58.41281]}, "properties": {"name": "Soga", "height": 170.0, "source": "Wikidata", "wikidata_id": "Q34680214"}}, {"type": "Feature", "id": "foss-wd-Q34680234", "geometry": {"type": "Point", "coordinates": [8.92875, 58.92006]}, "properties": {"name": "Solemfossen", "height": 177.0, "source": "Wikidata", "wikidata_id": "Q34680234"}}, {"type": "Feature", "id": "foss-wd-Q34680241", "geometry": {"type": "Point", "coordinates": [7.30566, 59.33817]}, "properties": {"name": "Sollifossen", "height": 523.0, "source": "Wikidata", "wikidata_id": "Q34680241"}}, {"type": "Feature", "id": "foss-wd-Q34680261", "geometry": {"type": "Point", "coordinates": [6.9224, 58.57307]}, "properties": {"name": "Sollisfossen", "height": 353.0, "source": "Wikidata", "wikidata_id": "Q34680261"}}, {"type": "Feature", "id": "foss-wd-Q34681183", "geometry": {"type": "Point", "coordinates": [6.92178, 58.49935]}, "properties": {"name": "Trollfossen", "height": 199.0, "source": "Wikidata", "wikidata_id": "Q34681183"}}, {"type": "Feature", "id": "foss-wd-Q34681200", "geometry": {"type": "Point", "coordinates": [8.95838, 59.45617]}, "properties": {"name": "Tromfoss", "height": 475.0, "source": "Wikidata", "wikidata_id": "Q34681200"}}, {"type": "Feature", "id": "foss-wd-Q34681206", "geometry": {"type": "Point", "coordinates": [9.64559, 59.9558]}, "properties": {"name": "Trommefoss", "height": 365.0, "source": "Wikidata", "wikidata_id": "Q34681206"}}, {"type": "Feature", "id": "foss-wd-Q34681315", "geometry": {"type": "Point", "coordinates": [7.62293, 58.24533]}, "properties": {"name": "Trælefossen", "height": 190.0, "source": "Wikidata", "wikidata_id": "Q34681315"}}, {"type": "Feature", "id": "foss-wd-Q34681367", "geometry": {"type": "Point", "coordinates": [11.81626, 59.75117]}, "properties": {"name": "Tukufossen", "height": 165.0, "source": "Wikidata", "wikidata_id": "Q34681367"}}, {"type": "Feature", "id": "foss-wd-Q34681398", "geometry": {"type": "Point", "coordinates": [7.47569, 58.44973]}, "properties": {"name": "Tungefossen", "height": 156.0, "source": "Wikidata", "wikidata_id": "Q34681398"}}, {"type": "Feature", "id": "foss-wd-Q34681456", "geometry": {"type": "Point", "coordinates": [9.33313, 58.92499]}, "properties": {"name": "Tveitereidfoss", "height": 35.0, "source": "Wikidata", "wikidata_id": "Q34681456"}}, {"type": "Feature", "id": "foss-wd-Q34681464", "geometry": {"type": "Point", "coordinates": [10.41779, 59.86164]}, "properties": {"name": "Tveiterfossen", "height": 183.0, "source": "Wikidata", "wikidata_id": "Q34681464"}}, {"type": "Feature", "id": "foss-wd-Q34681471", "geometry": {"type": "Point", "coordinates": [8.2118, 58.78889]}, "properties": {"name": "Tveitfossen", "height": 212.0, "source": "Wikidata", "wikidata_id": "Q34681471"}}, {"type": "Feature", "id": "foss-wd-Q34761027", "geometry": {"type": "Point", "coordinates": [8.1586, 58.59287]}, "properties": {"name": "Trollfoss", "height": 182.0, "source": "Wikidata", "wikidata_id": "Q34761027"}}, {"type": "Feature", "id": "foss-wd-Q34761033", "geometry": {"type": "Point", "coordinates": [9.06733, 58.87967]}, "properties": {"name": "Trollfoss", "height": 120.0, "source": "Wikidata", "wikidata_id": "Q34761033"}}, {"type": "Feature", "id": "foss-wd-Q34761068", "geometry": {"type": "Point", "coordinates": [8.27047, 58.73787]}, "properties": {"name": "Varpsfoss", "height": 192.0, "source": "Wikidata", "wikidata_id": "Q34761068"}}, {"type": "Feature", "id": "foss-wd-Q34761079", "geometry": {"type": "Point", "coordinates": [8.43266, 59.46311]}, "properties": {"name": "Vassend", "height": 427.0, "source": "Wikidata", "wikidata_id": "Q34761079"}}, {"type": "Feature", "id": "foss-wd-Q34761087", "geometry": {"type": "Point", "coordinates": [8.06524, 58.66511]}, "properties": {"name": "Vassfossen", "height": 263.0, "source": "Wikidata", "wikidata_id": "Q34761087"}}, {"type": "Feature", "id": "foss-wd-Q34761109", "geometry": {"type": "Point", "coordinates": [8.90389, 59.47089]}, "properties": {"name": "Vefallbufossen", "height": 806.0, "source": "Wikidata", "wikidata_id": "Q34761109"}}, {"type": "Feature", "id": "foss-wd-Q34761114", "geometry": {"type": "Point", "coordinates": [8.81791, 59.44751]}, "properties": {"name": "Vefallfossen", "height": 402.0, "source": "Wikidata", "wikidata_id": "Q34761114"}}, {"type": "Feature", "id": "foss-wd-Q34761182", "geometry": {"type": "Point", "coordinates": [6.23906, 58.54944]}, "properties": {"name": "Verafossen", "height": 184.0, "source": "Wikidata", "wikidata_id": "Q34761182"}}, {"type": "Feature", "id": "foss-wd-Q34761254", "geometry": {"type": "Point", "coordinates": [9.01818, 59.51587]}, "properties": {"name": "Veslefossen", "height": 402.0, "source": "Wikidata", "wikidata_id": "Q34761254"}}, {"type": "Feature", "id": "foss-wd-Q34761295", "geometry": {"type": "Point", "coordinates": [9.91357, 59.34525]}, "properties": {"name": "Vestfossen", "height": 35.0, "source": "Wikidata", "wikidata_id": "Q34761295"}}, {"type": "Feature", "id": "foss-wd-Q34761338", "geometry": {"type": "Point", "coordinates": [6.56182, 59.98838]}, "properties": {"name": "Vidfoss", "height": 154.0, "source": "Wikidata", "wikidata_id": "Q34761338"}}, {"type": "Feature", "id": "foss-wd-Q34761343", "geometry": {"type": "Point", "coordinates": [9.02702, 58.99553]}, "properties": {"name": "Vierhølfossen", "height": 138.0, "source": "Wikidata", "wikidata_id": "Q34761343"}}, {"type": "Feature", "id": "foss-wd-Q34761348", "geometry": {"type": "Point", "coordinates": [9.8983, 59.3236]}, "properties": {"name": "Vierødfossen", "height": 24.0, "source": "Wikidata", "wikidata_id": "Q34761348"}}, {"type": "Feature", "id": "foss-wd-Q34761353", "geometry": {"type": "Point", "coordinates": [8.97777, 59.46895]}, "properties": {"name": "Vihusfossen", "height": 464.0, "source": "Wikidata", "wikidata_id": "Q34761353"}}, {"type": "Feature", "id": "foss-wd-Q34761390", "geometry": {"type": "Point", "coordinates": [7.5827, 59.14862]}, "properties": {"name": "Vindsåsfossen", "height": 756.0, "source": "Wikidata", "wikidata_id": "Q34761390"}}, {"type": "Feature", "id": "foss-wd-Q34761666", "geometry": {"type": "Point", "coordinates": [8.7541, 58.65837]}, "properties": {"name": "Voksfoss", "height": 188.0, "source": "Wikidata", "wikidata_id": "Q34761666"}}, {"type": "Feature", "id": "foss-wd-Q34761683", "geometry": {"type": "Point", "coordinates": [8.34589, 58.59862]}, "properties": {"name": "Vrangefoss", "height": 158.0, "source": "Wikidata", "wikidata_id": "Q34761683"}}, {"type": "Feature", "id": "foss-wd-Q34761688", "geometry": {"type": "Point", "coordinates": [11.12549, 59.55865]}, "properties": {"name": "Vrangen fossen", "height": 85.0, "source": "Wikidata", "wikidata_id": "Q34761688"}}, {"type": "Feature", "id": "foss-wd-Q34761694", "geometry": {"type": "Point", "coordinates": [9.00096, 58.89662]}, "properties": {"name": "Vrangfoss", "height": 67.0, "source": "Wikidata", "wikidata_id": "Q34761694"}}, {"type": "Feature", "id": "foss-wd-Q34761698", "geometry": {"type": "Point", "coordinates": [9.33481, 59.75141]}, "properties": {"name": "Vrangfoss", "height": 556.0, "source": "Wikidata", "wikidata_id": "Q34761698"}}, {"type": "Feature", "id": "foss-wd-Q34761704", "geometry": {"type": "Point", "coordinates": [9.92383, 59.35831]}, "properties": {"name": "Vrangfoss", "height": 38.0, "source": "Wikidata", "wikidata_id": "Q34761704"}}, {"type": "Feature", "id": "foss-wd-Q34761710", "geometry": {"type": "Point", "coordinates": [10.01039, 59.52962]}, "properties": {"name": "Vrifoss", "height": 314.0, "source": "Wikidata", "wikidata_id": "Q34761710"}}, {"type": "Feature", "id": "foss-wd-Q34761742", "geometry": {"type": "Point", "coordinates": [6.91646, 58.50261]}, "properties": {"name": "Våghomsfossen", "height": 201.0, "source": "Wikidata", "wikidata_id": "Q34761742"}}, {"type": "Feature", "id": "foss-wd-Q34761752", "geometry": {"type": "Point", "coordinates": [9.35778, 59.53733]}, "properties": {"name": "Vårbufossen", "height": 219.0, "source": "Wikidata", "wikidata_id": "Q34761752"}}, {"type": "Feature", "id": "foss-wd-Q34757243", "geometry": {"type": "Point", "coordinates": [6.95701, 58.36511]}, "properties": {"name": "Rafossen", "height": 152.0, "source": "Wikidata", "wikidata_id": "Q34757243"}}, {"type": "Feature", "id": "foss-wd-Q34757312", "geometry": {"type": "Point", "coordinates": [9.41684, 59.55068]}, "properties": {"name": "Rakketjønnfossen", "height": 415.0, "source": "Wikidata", "wikidata_id": "Q34757312"}}, {"type": "Feature", "id": "foss-wd-Q34757349", "geometry": {"type": "Point", "coordinates": [6.96327, 58.34817]}, "properties": {"name": "Ramndalsfossen", "height": 62.0, "source": "Wikidata", "wikidata_id": "Q34757349"}}, {"type": "Feature", "id": "foss-wd-Q34757439", "geometry": {"type": "Point", "coordinates": [8.56973, 58.8496]}, "properties": {"name": "Raudånfossen", "height": 159.0, "source": "Wikidata", "wikidata_id": "Q34757439"}}, {"type": "Feature", "id": "foss-wd-Q34757464", "geometry": {"type": "Point", "coordinates": [9.06056, 59.7646]}, "properties": {"name": "Raufossen", "height": 315.0, "source": "Wikidata", "wikidata_id": "Q34757464"}}, {"type": "Feature", "id": "foss-wd-Q34757490", "geometry": {"type": "Point", "coordinates": [6.9155, 58.91274]}, "properties": {"name": "Raunelifossen", "height": 642.0, "source": "Wikidata", "wikidata_id": "Q34757490"}}, {"type": "Feature", "id": "foss-wd-Q34757510", "geometry": {"type": "Point", "coordinates": [8.65663, 58.40814]}, "properties": {"name": "Refsnesfossen", "height": 18.0, "source": "Wikidata", "wikidata_id": "Q34757510"}}, {"type": "Feature", "id": "foss-wd-Q34757526", "geometry": {"type": "Point", "coordinates": [7.68529, 58.94101]}, "properties": {"name": "Reiarfossen", "height": 401.0, "source": "Wikidata", "wikidata_id": "Q34757526"}}, {"type": "Feature", "id": "foss-wd-Q11292736", "geometry": {"type": "Point", "coordinates": [7.06113, 60.57739]}, "properties": {"name": "Kyrfossen (Ulvik)", "source": "Wikidata", "wikidata_id": "Q11292736"}}, {"type": "Feature", "id": "foss-wd-Q11293544", "geometry": {"type": "Point", "coordinates": [10.4949, 63.6086]}, "properties": {"name": "Bjørnåa", "source": "Wikidata", "wikidata_id": "Q11293544"}}, {"type": "Feature", "id": "foss-wd-Q11296407", "geometry": {"type": "Point", "coordinates": [8.31269, 62.41648]}, "properties": {"name": "Breimegafossen", "source": "Wikidata", "wikidata_id": "Q11296407"}}, {"type": "Feature", "id": "foss-wd-Q11297426", "geometry": {"type": "Point", "coordinates": [7.79333, 61.55523]}, "properties": {"name": "Ormelifossen", "source": "Wikidata", "wikidata_id": "Q11297426"}}, {"type": "Feature", "id": "foss-wd-Q11298826", "geometry": {"type": "Point", "coordinates": [6.08116, 59.97061]}, "properties": {"name": "Ringeriksfossen", "source": "Wikidata", "wikidata_id": "Q11298826"}}, {"type": "Feature", "id": "foss-wd-Q11298843", "geometry": {"type": "Point", "coordinates": [6.88075, 59.83078]}, "properties": {"name": "Novlefoss", "source": "Wikidata", "wikidata_id": "Q11298843"}}, {"type": "Feature", "id": "foss-wd-Q11298858", "geometry": {"type": "Point", "coordinates": [8.04281, 62.34775]}, "properties": {"name": "Vermafossen", "source": "Wikidata", "wikidata_id": "Q11298858"}}, {"type": "Feature", "id": "foss-wd-Q11298871", "geometry": {"type": "Point", "coordinates": [6.59946, 61.0936]}, "properties": {"name": "Kyrfossen (Vik)", "source": "Wikidata", "wikidata_id": "Q11298871"}}, {"type": "Feature", "id": "foss-wd-Q11299748", "geometry": {"type": "Point", "coordinates": [8.35377, 61.70805]}, "properties": {"name": "Veslegjuvfossen", "source": "Wikidata", "wikidata_id": "Q11299748"}}, {"type": "Feature", "id": "foss-wd-Q11299766", "geometry": {"type": "Point", "coordinates": [7.10148, 61.81158]}, "properties": {"name": "Skålefossen", "source": "Wikidata", "wikidata_id": "Q11299766"}}, {"type": "Feature", "id": "foss-wd-Q11299782", "geometry": {"type": "Point", "coordinates": [6.42337, 59.86463]}, "properties": {"name": "Sagfossen (Etne)", "source": "Wikidata", "wikidata_id": "Q11299782"}}, {"type": "Feature", "id": "foss-wd-Q11301110", "geometry": {"type": "Point", "coordinates": [7.11263, 62.10104]}, "properties": {"name": "Friaren", "source": "Wikidata", "wikidata_id": "Q11301110"}}, {"type": "Feature", "id": "foss-wd-Q11306624", "geometry": {"type": "Point", "coordinates": [7.59704, 61.53897]}, "properties": {"name": "Drivandefossen", "source": "Wikidata", "wikidata_id": "Q11306624"}}, {"type": "Feature", "id": "foss-wd-Q11306646", "geometry": {"type": "Point", "coordinates": [7.14537, 60.36004]}, "properties": {"name": "Valursfossen", "source": "Wikidata", "wikidata_id": "Q11306646"}}, {"type": "Feature", "id": "foss-wd-Q11307158", "geometry": {"type": "Point", "coordinates": [5.70316, 61.04531]}, "properties": {"name": "Øysterbøfossen", "source": "Wikidata", "wikidata_id": "Q11307158"}}, {"type": "Feature", "id": "foss-wd-Q11308801", "geometry": {"type": "Point", "coordinates": [7.25824, 60.5185]}, "properties": {"name": "Rembesdalsfossen", "source": "Wikidata", "wikidata_id": "Q11308801"}}, {"type": "Feature", "id": "foss-wd-Q11311022", "geometry": {"type": "Point", "coordinates": [15.80031, 67.36249]}, "properties": {"name": "Austerkrokfossen", "source": "Wikidata", "wikidata_id": "Q11311022"}}, {"type": "Feature", "id": "foss-wd-Q11316671", "geometry": {"type": "Point", "coordinates": [7.24487, 60.49667]}, "properties": {"name": "Skytjefossen", "source": "Wikidata", "wikidata_id": "Q11316671"}}, {"type": "Feature", "id": "foss-wd-Q11316684", "geometry": {"type": "Point", "coordinates": [6.80899, 61.66061]}, "properties": {"name": "Volefossen", "source": "Wikidata", "wikidata_id": "Q11316684"}}, {"type": "Feature", "id": "foss-wd-Q11316701", "geometry": {"type": "Point", "coordinates": [6.56033, 59.98863]}, "properties": {"name": "Vidfoss", "source": "Wikidata", "wikidata_id": "Q11316701"}}, {"type": "Feature", "id": "foss-wd-Q11316715", "geometry": {"type": "Point", "coordinates": [7.70166, 60.99956]}, "properties": {"name": "Kjørlifossen", "source": "Wikidata", "wikidata_id": "Q11316715"}}, {"type": "Feature", "id": "foss-wd-Q11316733", "geometry": {"type": "Point", "coordinates": [7.66304, 61.16143]}, "properties": {"name": "Skeidslåfossen", "source": "Wikidata", "wikidata_id": "Q11316733"}}, {"type": "Feature", "id": "foss-wd-Q11316746", "geometry": {"type": "Point", "coordinates": [7.0669, 62.09657]}, "properties": {"name": "Brudesløret", "source": "Wikidata", "wikidata_id": "Q11316746"}}, {"type": "Feature", "id": "foss-wd-Q11316760", "geometry": {"type": "Point", "coordinates": [6.53316, 60.13378]}, "properties": {"name": "Ædnafossen", "source": "Wikidata", "wikidata_id": "Q11316760"}}, {"type": "Feature", "id": "foss-wd-Q11316773", "geometry": {"type": "Point", "coordinates": [5.81983, 60.75602]}, "properties": {"name": "Raudfossen", "source": "Wikidata", "wikidata_id": "Q11316773"}}, {"type": "Feature", "id": "foss-wd-Q11318022", "geometry": {"type": "Point", "coordinates": [7.94754, 61.39388]}, "properties": {"name": "Stølsmaradalsfossen", "source": "Wikidata", "wikidata_id": "Q11318022"}}, {"type": "Feature", "id": "foss-wd-Q11322869", "geometry": {"type": "Point", "coordinates": [6.34396, 60.20144]}, "properties": {"name": "Skyrdalsfossen", "source": "Wikidata", "wikidata_id": "Q11322869"}}, {"type": "Feature", "id": "foss-wd-Q11333591", "geometry": {"type": "Point", "coordinates": [7.15876, 60.38138]}, "properties": {"name": "Berdalsfossen (Eidfjord)", "source": "Wikidata", "wikidata_id": "Q11333591"}}, {"type": "Feature", "id": "foss-wd-Q11333947", "geometry": {"type": "Point", "coordinates": [6.75921, 60.35058]}, "properties": {"name": "Tveitafossen", "source": "Wikidata", "wikidata_id": "Q11333947"}}, {"type": "Feature", "id": "foss-wd-Q11335483", "geometry": {"type": "Point", "coordinates": [6.68799, 60.8406]}, "properties": {"name": "Sivlefossen", "source": "Wikidata", "wikidata_id": "Q11335483"}}, {"type": "Feature", "id": "foss-wd-Q11336491", "geometry": {"type": "Point", "coordinates": [6.28515, 59.59589]}, "properties": {"name": "Honganvikfossen", "source": "Wikidata", "wikidata_id": "Q11336491"}}, {"type": "Feature", "id": "foss-wd-Q11336512", "geometry": {"type": "Point", "coordinates": [7.59796, 61.53802]}, "properties": {"name": "Krekafossen", "source": "Wikidata", "wikidata_id": "Q11336512"}}, {"type": "Feature", "id": "foss-wd-Q11336513", "geometry": {"type": "Point", "coordinates": [7.68336, 62.45786]}, "properties": {"name": "Trollfossen", "source": "Wikidata", "wikidata_id": "Q11336513"}}, {"type": "Feature", "id": "foss-wd-Q11336516", "geometry": {"type": "Point", "coordinates": [6.77792, 60.34864]}, "properties": {"name": "Nyastølfossen", "source": "Wikidata", "wikidata_id": "Q11336516"}}, {"type": "Feature", "id": "foss-wd-Q11336518", "geometry": {"type": "Point", "coordinates": [7.8856, 61.35499]}, "properties": {"name": "Avdalsfossen", "source": "Wikidata", "wikidata_id": "Q11336518"}}, {"type": "Feature", "id": "foss-wd-Q11336519", "geometry": {"type": "Point", "coordinates": [7.96954, 62.51987]}, "properties": {"name": "Gluterfossen", "source": "Wikidata", "wikidata_id": "Q11336519"}}, {"type": "Feature", "id": "foss-wd-Q11336528", "geometry": {"type": "Point", "coordinates": [6.8018, 60.33101]}, "properties": {"name": "Søtefossen", "source": "Wikidata", "wikidata_id": "Q11336528"}}, {"type": "Feature", "id": "foss-wd-Q11336529", "geometry": {"type": "Point", "coordinates": [8.38207, 62.40646]}, "properties": {"name": "Aurstaupet", "source": "Wikidata", "wikidata_id": "Q11336529"}}, {"type": "Feature", "id": "foss-wd-Q11336531", "geometry": {"type": "Point", "coordinates": [7.01221, 61.03843]}, "properties": {"name": "Fyssafossen", "source": "Wikidata", "wikidata_id": "Q11336531"}}, {"type": "Feature", "id": "foss-wd-Q11336532", "geometry": {"type": "Point", "coordinates": [7.65501, 61.15566]}, "properties": {"name": "Smørholefossen", "source": "Wikidata", "wikidata_id": "Q11336532"}}, {"type": "Feature", "id": "foss-wd-Q11336540", "geometry": {"type": "Point", "coordinates": [7.87708, 61.34297]}, "properties": {"name": "Hjellefossen", "source": "Wikidata", "wikidata_id": "Q11336540"}}, {"type": "Feature", "id": "foss-wd-Q11336542", "geometry": {"type": "Point", "coordinates": [9.05782, 62.50999]}, "properties": {"name": "Svøufallet", "source": "Wikidata", "wikidata_id": "Q11336542"}}, {"type": "Feature", "id": "foss-wd-Q11336543", "geometry": {"type": "Point", "coordinates": [6.6363, 60.5879]}, "properties": {"name": "Skjervefossen", "source": "Wikidata", "wikidata_id": "Q11336543"}}, {"type": "Feature", "id": "foss-wd-Q11336544", "geometry": {"type": "Point", "coordinates": [5.28742, 61.64287]}, "properties": {"name": "Brudesløret", "source": "Wikidata", "wikidata_id": "Q11336544"}}, {"type": "Feature", "id": "foss-wd-Q11336545", "geometry": {"type": "Point", "coordinates": [6.68619, 60.5819]}, "properties": {"name": "Skorvofossen", "source": "Wikidata", "wikidata_id": "Q11336545"}}, {"type": "Feature", "id": "foss-wd-Q11336552", "geometry": {"type": "Point", "coordinates": [7.25126, 60.42817]}, "properties": {"name": "Tysvikjofossen", "source": "Wikidata", "wikidata_id": "Q11336552"}}, {"type": "Feature", "id": "foss-wd-Q11336553", "geometry": {"type": "Point", "coordinates": [7.12256, 60.74106]}, "properties": {"name": "Myrdalsfossen", "source": "Wikidata", "wikidata_id": "Q11336553"}}, {"type": "Feature", "id": "foss-wd-Q11336555", "geometry": {"type": "Point", "coordinates": [7.15714, 62.12741]}, "properties": {"name": "Gjerdefossen", "source": "Wikidata", "wikidata_id": "Q11336555"}}, {"type": "Feature", "id": "foss-wd-Q11957635", "geometry": {"type": "Point", "coordinates": [5.74555, 61.33478]}, "properties": {"name": "Alværfossen", "source": "Wikidata", "wikidata_id": "Q11957635"}}, {"type": "Feature", "id": "foss-wd-Q11960513", "geometry": {"type": "Point", "coordinates": [6.14528, 61.3384]}, "properties": {"name": "Bellsfossen", "source": "Wikidata", "wikidata_id": "Q11960513"}}, {"type": "Feature", "id": "foss-wd-Q11960610", "geometry": {"type": "Point", "coordinates": [7.79736, 61.25307]}, "properties": {"name": "Berdalsfossen (Årdal)", "source": "Wikidata", "wikidata_id": "Q11960610"}}, {"type": "Feature", "id": "foss-wd-Q11961059", "geometry": {"type": "Point", "coordinates": [11.2597, 59.98911]}, "properties": {"name": "Bingsfossen", "source": "Wikidata", "wikidata_id": "Q11961059"}}, {"type": "Feature", "id": "foss-wd-Q11962211", "geometry": {"type": "Point", "coordinates": [6.20791, 61.31647]}, "properties": {"name": "Brekkefossen (Gaular)", "source": "Wikidata", "wikidata_id": "Q11962211"}}, {"type": "Feature", "id": "foss-wd-Q11962213", "geometry": {"type": "Point", "coordinates": [10.77686, 59.96672]}, "properties": {"name": "Brekkefossen (Oslo)", "source": "Wikidata", "wikidata_id": "Q11962213"}}, {"type": "Feature", "id": "foss-wd-Q11965958", "geometry": {"type": "Point", "coordinates": [6.78887, 58.85791]}, "properties": {"name": "Dorgefossen", "source": "Wikidata", "wikidata_id": "Q11965958"}}, {"type": "Feature", "id": "foss-wd-Q11966708", "geometry": {"type": "Point", "coordinates": [6.24656, 61.75571]}, "properties": {"name": "Eidsfossen", "source": "Wikidata", "wikidata_id": "Q11966708"}}, {"type": "Feature", "id": "foss-wd-Q11969043", "geometry": {"type": "Point", "coordinates": [12.457519, 64.542972]}, "properties": {"name": "Fiskumfoss", "source": "Wikidata", "wikidata_id": "Q11969043"}}, {"type": "Feature", "id": "foss-wd-Q11969757", "geometry": {"type": "Point", "coordinates": [5.88583, 60.38106]}, "properties": {"name": "Fossen Bratte", "source": "Wikidata", "wikidata_id": "Q11969757"}}, {"type": "Feature", "id": "foss-wd-Q11969764", "geometry": {"type": "Point", "coordinates": [5.85889, 61.33431]}, "properties": {"name": "Fossevikfossen", "source": "Wikidata", "wikidata_id": "Q11969764"}}, {"type": "Feature", "id": "foss-wd-Q11969977", "geometry": {"type": "Point", "coordinates": [10.4971, 59.8975]}, "properties": {"name": "Franzefoss", "source": "Wikidata", "wikidata_id": "Q11969977"}}, {"type": "Feature", "id": "foss-wd-Q11972658", "geometry": {"type": "Point", "coordinates": [7.2397, 62.09418]}, "properties": {"name": "Grinddalsfossen", "source": "Wikidata", "wikidata_id": "Q11972658"}}, {"type": "Feature", "id": "foss-wd-Q11974875", "geometry": {"type": "Point", "coordinates": [6.11858, 61.35217]}, "properties": {"name": "Hellebustfossen (Gaular)", "source": "Wikidata", "wikidata_id": "Q11974875"}}, {"type": "Feature", "id": "foss-wd-Q11975098", "geometry": {"type": "Point", "coordinates": [17.8478, 68.7147]}, "properties": {"name": "Henrikkafossen", "source": "Wikidata", "wikidata_id": "Q11975098"}}, {"type": "Feature", "id": "foss-wd-Q11975593", "geometry": {"type": "Point", "coordinates": [10.23716, 60.18681]}, "properties": {"name": "Hovsfoss", "source": "Wikidata", "wikidata_id": "Q11975593"}}, {"type": "Feature", "id": "foss-wd-Q11975945", "geometry": {"type": "Point", "coordinates": [6.26128, 61.32178]}, "properties": {"name": "Hovsfossen", "source": "Wikidata", "wikidata_id": "Q11975945"}}, {"type": "Feature", "id": "foss-wd-Q11976034", "geometry": {"type": "Point", "coordinates": [6.62411, 61.03514]}, "properties": {"name": "Huglafossen", "source": "Wikidata", "wikidata_id": "Q11976034"}}, {"type": "Feature", "id": "foss-wd-Q11976295", "geometry": {"type": "Point", "coordinates": [8.62123, 60.81169]}, "properties": {"name": "Hydnefossen", "source": "Wikidata", "wikidata_id": "Q11976295"}}, {"type": "Feature", "id": "foss-wd-Q11977620", "geometry": {"type": "Point", "coordinates": [11.77798, 61.9095]}, "properties": {"name": "Isterfossen", "source": "Wikidata", "wikidata_id": "Q11977620"}}, {"type": "Feature", "id": "foss-wd-Q11980793", "geometry": {"type": "Point", "coordinates": [10.3732, 60.2238]}, "properties": {"name": "Kistefoss", "source": "Wikidata", "wikidata_id": "Q11980793"}}, {"type": "Feature", "id": "foss-wd-Q11981847", "geometry": {"type": "Point", "coordinates": [11.38403, 60.95543]}, "properties": {"name": "Korpreiret", "source": "Wikidata", "wikidata_id": "Q11981847"}}, {"type": "Feature", "id": "foss-wd-Q11982202", "geometry": {"type": "Point", "coordinates": [6.27457, 60.08855]}, "properties": {"name": "Krokfossen", "source": "Wikidata", "wikidata_id": "Q11982202"}}, {"type": "Feature", "id": "foss-wd-Q11982636", "geometry": {"type": "Point", "coordinates": [9.74305, 59.59335]}, "properties": {"name": "Kvennafossen", "source": "Wikidata", "wikidata_id": "Q11982636"}}, {"type": "Feature", "id": "foss-wd-Q11982710", "geometry": {"type": "Point", "coordinates": [6.41255, 61.33299]}, "properties": {"name": "Kviteforklefossen", "source": "Wikidata", "wikidata_id": "Q11982710"}}, {"type": "Feature", "id": "foss-wd-Q11983002", "geometry": {"type": "Point", "coordinates": [13.29148, 65.62373]}, "properties": {"name": "Laksforsen", "source": "Wikidata", "wikidata_id": "Q11983002"}}, {"type": "Feature", "id": "foss-wd-Q11983942", "geometry": {"type": "Point", "coordinates": [11.53213, 59.91967]}, "properties": {"name": "Lierfossen", "source": "Wikidata", "wikidata_id": "Q11983942"}}, {"type": "Feature", "id": "foss-wd-Q11988954", "geometry": {"type": "Point", "coordinates": [7.33944, 58.1258]}, "properties": {"name": "Melhusfossen", "source": "Wikidata", "wikidata_id": "Q11988954"}}, {"type": "Feature", "id": "foss-wd-Q11991927", "geometry": {"type": "Point", "coordinates": [8.10747, 62.4826]}, "properties": {"name": "Nordre Mardalsfossen", "source": "Wikidata", "wikidata_id": "Q11991927"}}, {"type": "Feature", "id": "foss-wd-Q11994183", "geometry": {"type": "Point", "coordinates": [5.68183, 61.36713]}, "properties": {"name": "Osfossen", "source": "Wikidata", "wikidata_id": "Q11994183"}}, {"type": "Feature", "id": "foss-wd-Q11996001", "geometry": {"type": "Point", "coordinates": [7.8956, 61.96157]}, "properties": {"name": "Pollfossen", "source": "Wikidata", "wikidata_id": "Q11996001"}}, {"type": "Feature", "id": "foss-wd-Q11997873", "geometry": {"type": "Point", "coordinates": [6.7635, 60.10482]}, "properties": {"name": "Ringedalsfossen", "source": "Wikidata", "wikidata_id": "Q11997873"}}, {"type": "Feature", "id": "foss-wd-Q34668918", "geometry": {"type": "Point", "coordinates": [29.31337, 70.133]}, "properties": {"name": "1.Fossen", "source": "Wikidata", "wikidata_id": "Q34668918"}}, {"type": "Feature", "id": "foss-wd-Q34668948", "geometry": {"type": "Point", "coordinates": [11.1142, 62.62634]}, "properties": {"name": "Adamsfallet", "source": "Wikidata", "wikidata_id": "Q34668948"}}, {"type": "Feature", "id": "foss-wd-Q34668960", "geometry": {"type": "Point", "coordinates": [11.81681, 62.81584]}, "properties": {"name": "Adamsfossen", "source": "Wikidata", "wikidata_id": "Q34668960"}}, {"type": "Feature", "id": "foss-wd-Q34668968", "geometry": {"type": "Point", "coordinates": [26.6321, 70.38159]}, "properties": {"name": "Addangårzi", "source": "Wikidata", "wikidata_id": "Q34668968"}}, {"type": "Feature", "id": "foss-wd-Q34668976", "geometry": {"type": "Point", "coordinates": [14.12537, 66.23461]}, "properties": {"name": "Agnetforsen", "source": "Wikidata", "wikidata_id": "Q34668976"}}, {"type": "Feature", "id": "foss-wd-Q34668983", "geometry": {"type": "Point", "coordinates": [12.75265, 64.64843]}, "properties": {"name": "Agnetfossen", "source": "Wikidata", "wikidata_id": "Q34668983"}}, {"type": "Feature", "id": "foss-wd-Q34668993", "geometry": {"type": "Point", "coordinates": [14.95236, 67.79724]}, "properties": {"name": "Agnettfossen", "source": "Wikidata", "wikidata_id": "Q34668993"}}, {"type": "Feature", "id": "foss-wd-Q34669944", "geometry": {"type": "Point", "coordinates": [23.52974, 70.10767]}, "properties": {"name": "Forssen", "source": "Wikidata", "wikidata_id": "Q34669944"}}, {"type": "Feature", "id": "foss-wd-Q34669950", "geometry": {"type": "Point", "coordinates": [12.78136, 65.31384]}, "properties": {"name": "Forsvassforsen", "source": "Wikidata", "wikidata_id": "Q34669950"}}, {"type": "Feature", "id": "foss-wd-Q34669957", "geometry": {"type": "Point", "coordinates": [7.22022, 60.90036]}, "properties": {"name": "Fossadrevet", "source": "Wikidata", "wikidata_id": "Q34669957"}}, {"type": "Feature", "id": "foss-wd-Q34669964", "geometry": {"type": "Point", "coordinates": [5.69181, 60.53942]}, "properties": {"name": "Fossagjela", "source": "Wikidata", "wikidata_id": "Q34669964"}}, {"type": "Feature", "id": "foss-wd-Q34669970", "geometry": {"type": "Point", "coordinates": [7.31076, 62.33062]}, "properties": {"name": "Fossakroken", "source": "Wikidata", "wikidata_id": "Q34669970"}}, {"type": "Feature", "id": "foss-wd-Q34669977", "geometry": {"type": "Point", "coordinates": [10.30862, 62.19897]}, "properties": {"name": "Fossan", "source": "Wikidata", "wikidata_id": "Q34669977"}}, {"type": "Feature", "id": "foss-wd-Q34669983", "geometry": {"type": "Point", "coordinates": [11.27565, 62.48464]}, "properties": {"name": "Fossan", "source": "Wikidata", "wikidata_id": "Q34669983"}}, {"type": "Feature", "id": "foss-wd-Q34669989", "geometry": {"type": "Point", "coordinates": [8.456, 63.27243]}, "properties": {"name": "Fossan", "source": "Wikidata", "wikidata_id": "Q34669989"}}, {"type": "Feature", "id": "foss-wd-Q34669997", "geometry": {"type": "Point", "coordinates": [7.59461, 62.91555]}, "properties": {"name": "Fossan", "source": "Wikidata", "wikidata_id": "Q34669997"}}, {"type": "Feature", "id": "foss-wd-Q34670004", "geometry": {"type": "Point", "coordinates": [8.34379, 63.05752]}, "properties": {"name": "Fossan", "source": "Wikidata", "wikidata_id": "Q34670004"}}, {"type": "Feature", "id": "foss-wd-Q34670009", "geometry": {"type": "Point", "coordinates": [8.58667, 63.07808]}, "properties": {"name": "Fossan", "source": "Wikidata", "wikidata_id": "Q34670009"}}, {"type": "Feature", "id": "foss-wd-Q34670015", "geometry": {"type": "Point", "coordinates": [8.69465, 63.17048]}, "properties": {"name": "Fossan", "source": "Wikidata", "wikidata_id": "Q34670015"}}, {"type": "Feature", "id": "foss-wd-Q34670020", "geometry": {"type": "Point", "coordinates": [14.21289, 65.41189]}, "properties": {"name": "Fossan", "source": "Wikidata", "wikidata_id": "Q34670020"}}, {"type": "Feature", "id": "foss-wd-Q34670027", "geometry": {"type": "Point", "coordinates": [10.1952, 63.04311]}, "properties": {"name": "Fossan", "source": "Wikidata", "wikidata_id": "Q34670027"}}, {"type": "Feature", "id": "foss-wd-Q34670032", "geometry": {"type": "Point", "coordinates": [10.34698, 63.06953]}, "properties": {"name": "Fossan", "source": "Wikidata", "wikidata_id": "Q34670032"}}, {"type": "Feature", "id": "foss-wd-Q34670040", "geometry": {"type": "Point", "coordinates": [10.56899, 64.31103]}, "properties": {"name": "Fossan", "source": "Wikidata", "wikidata_id": "Q34670040"}}, {"type": "Feature", "id": "foss-wd-Q34670048", "geometry": {"type": "Point", "coordinates": [9.64402, 62.87021]}, "properties": {"name": "Fossan", "source": "Wikidata", "wikidata_id": "Q34670048"}}, {"type": "Feature", "id": "foss-wd-Q34670056", "geometry": {"type": "Point", "coordinates": [10.35075, 64.1398]}, "properties": {"name": "Fossan", "source": "Wikidata", "wikidata_id": "Q34670056"}}, {"type": "Feature", "id": "foss-wd-Q34670063", "geometry": {"type": "Point", "coordinates": [11.61913, 63.12828]}, "properties": {"name": "Fossan", "source": "Wikidata", "wikidata_id": "Q34670063"}}, {"type": "Feature", "id": "foss-wd-Q34670071", "geometry": {"type": "Point", "coordinates": [20.6441, 70.08776]}, "properties": {"name": "Fossan", "source": "Wikidata", "wikidata_id": "Q34670071"}}, {"type": "Feature", "id": "foss-wd-Q34670079", "geometry": {"type": "Point", "coordinates": [18.44365, 69.63558]}, "properties": {"name": "Fossan", "source": "Wikidata", "wikidata_id": "Q34670079"}}, {"type": "Feature", "id": "foss-wd-Q34670117", "geometry": {"type": "Point", "coordinates": [5.62596, 60.40488]}, "properties": {"name": "Fossane", "source": "Wikidata", "wikidata_id": "Q34670117"}}, {"type": "Feature", "id": "foss-wd-Q34670123", "geometry": {"type": "Point", "coordinates": [6.16046, 60.51541]}, "properties": {"name": "Fossane", "source": "Wikidata", "wikidata_id": "Q34670123"}}, {"type": "Feature", "id": "foss-wd-Q34670131", "geometry": {"type": "Point", "coordinates": [5.96904, 60.10146]}, "properties": {"name": "Fossane", "source": "Wikidata", "wikidata_id": "Q34670131"}}, {"type": "Feature", "id": "foss-wd-Q34670139", "geometry": {"type": "Point", "coordinates": [6.51253, 60.12914]}, "properties": {"name": "Fossane", "source": "Wikidata", "wikidata_id": "Q34670139"}}, {"type": "Feature", "id": "foss-wd-Q34670153", "geometry": {"type": "Point", "coordinates": [6.95991, 60.27549]}, "properties": {"name": "Fossane", "source": "Wikidata", "wikidata_id": "Q34670153"}}, {"type": "Feature", "id": "foss-wd-Q34670160", "geometry": {"type": "Point", "coordinates": [6.84279, 60.43696]}, "properties": {"name": "Fossane", "source": "Wikidata", "wikidata_id": "Q34670160"}}, {"type": "Feature", "id": "foss-wd-Q34670169", "geometry": {"type": "Point", "coordinates": [6.65239, 60.46371]}, "properties": {"name": "Fossane", "source": "Wikidata", "wikidata_id": "Q34670169"}}, {"type": "Feature", "id": "foss-wd-Q34670176", "geometry": {"type": "Point", "coordinates": [5.68036, 60.70712]}, "properties": {"name": "Fossane", "source": "Wikidata", "wikidata_id": "Q34670176"}}, {"type": "Feature", "id": "foss-wd-Q34670183", "geometry": {"type": "Point", "coordinates": [6.59686, 60.72307]}, "properties": {"name": "Fossane", "source": "Wikidata", "wikidata_id": "Q34670183"}}, {"type": "Feature", "id": "foss-wd-Q34670192", "geometry": {"type": "Point", "coordinates": [5.97987, 62.38714]}, "properties": {"name": "Fossane", "source": "Wikidata", "wikidata_id": "Q34670192"}}, {"type": "Feature", "id": "foss-wd-Q34670199", "geometry": {"type": "Point", "coordinates": [7.22804, 62.29861]}, "properties": {"name": "Fossane", "source": "Wikidata", "wikidata_id": "Q34670199"}}, {"type": "Feature", "id": "foss-wd-Q34670206", "geometry": {"type": "Point", "coordinates": [5.60143, 62.21158]}, "properties": {"name": "Fossane", "source": "Wikidata", "wikidata_id": "Q34670206"}}, {"type": "Feature", "id": "foss-wd-Q34670213", "geometry": {"type": "Point", "coordinates": [7.14691, 62.42304]}, "properties": {"name": "Fossane", "source": "Wikidata", "wikidata_id": "Q34670213"}}, {"type": "Feature", "id": "foss-wd-Q34670220", "geometry": {"type": "Point", "coordinates": [6.92989, 62.06926]}, "properties": {"name": "Fossane", "source": "Wikidata", "wikidata_id": "Q34670220"}}, {"type": "Feature", "id": "foss-wd-Q34670226", "geometry": {"type": "Point", "coordinates": [6.10469, 62.04611]}, "properties": {"name": "Fossane", "source": "Wikidata", "wikidata_id": "Q34670226"}}, {"type": "Feature", "id": "foss-wd-Q34670233", "geometry": {"type": "Point", "coordinates": [5.91557, 62.09334]}, "properties": {"name": "Fossane", "source": "Wikidata", "wikidata_id": "Q34670233"}}, {"type": "Feature", "id": "foss-wd-Q34670242", "geometry": {"type": "Point", "coordinates": [5.99025, 62.18673]}, "properties": {"name": "Fossane", "source": "Wikidata", "wikidata_id": "Q34670242"}}, {"type": "Feature", "id": "foss-wd-Q34670251", "geometry": {"type": "Point", "coordinates": [6.58029, 62.18101]}, "properties": {"name": "Fossane", "source": "Wikidata", "wikidata_id": "Q34670251"}}, {"type": "Feature", "id": "foss-wd-Q34670259", "geometry": {"type": "Point", "coordinates": [6.18725, 62.22691]}, "properties": {"name": "Fossane", "source": "Wikidata", "wikidata_id": "Q34670259"}}, {"type": "Feature", "id": "foss-wd-Q34670289", "geometry": {"type": "Point", "coordinates": [5.29312, 61.39233]}, "properties": {"name": "Fossane", "source": "Wikidata", "wikidata_id": "Q34670289"}}, {"type": "Feature", "id": "foss-wd-Q34670297", "geometry": {"type": "Point", "coordinates": [7.3906, 60.78946]}, "properties": {"name": "Fossane", "source": "Wikidata", "wikidata_id": "Q34670297"}}, {"type": "Feature", "id": "foss-wd-Q34670306", "geometry": {"type": "Point", "coordinates": [5.19203, 61.70547]}, "properties": {"name": "Fossane", "source": "Wikidata", "wikidata_id": "Q34670306"}}, {"type": "Feature", "id": "foss-wd-Q34670316", "geometry": {"type": "Point", "coordinates": [4.93243, 61.81472]}, "properties": {"name": "Fossane", "source": "Wikidata", "wikidata_id": "Q34670316"}}, {"type": "Feature", "id": "foss-wd-Q34670324", "geometry": {"type": "Point", "coordinates": [5.99463, 61.96238]}, "properties": {"name": "Fossane", "source": "Wikidata", "wikidata_id": "Q34670324"}}, {"type": "Feature", "id": "foss-wd-Q34670331", "geometry": {"type": "Point", "coordinates": [5.40758, 61.30462]}, "properties": {"name": "Fossane", "source": "Wikidata", "wikidata_id": "Q34670331"}}, {"type": "Feature", "id": "foss-wd-Q34670338", "geometry": {"type": "Point", "coordinates": [5.04723, 61.67468]}, "properties": {"name": "Fossane", "source": "Wikidata", "wikidata_id": "Q34670338"}}, {"type": "Feature", "id": "foss-wd-Q34670346", "geometry": {"type": "Point", "coordinates": [6.54924, 61.73909]}, "properties": {"name": "Fossane", "source": "Wikidata", "wikidata_id": "Q34670346"}}, {"type": "Feature", "id": "foss-wd-Q34670362", "geometry": {"type": "Point", "coordinates": [5.57558, 61.0111]}, "properties": {"name": "Fossane", "source": "Wikidata", "wikidata_id": "Q34670362"}}, {"type": "Feature", "id": "foss-wd-Q34670369", "geometry": {"type": "Point", "coordinates": [5.22661, 61.04516]}, "properties": {"name": "Fossane", "source": "Wikidata", "wikidata_id": "Q34670369"}}, {"type": "Feature", "id": "foss-wd-Q34670377", "geometry": {"type": "Point", "coordinates": [5.32573, 61.19754]}, "properties": {"name": "Fossane", "source": "Wikidata", "wikidata_id": "Q34670377"}}, {"type": "Feature", "id": "foss-wd-Q34670385", "geometry": {"type": "Point", "coordinates": [7.35419, 61.51521]}, "properties": {"name": "Fossane", "source": "Wikidata", "wikidata_id": "Q34670385"}}, {"type": "Feature", "id": "foss-wd-Q34670401", "geometry": {"type": "Point", "coordinates": [7.85958, 60.9733]}, "properties": {"name": "Fossane", "source": "Wikidata", "wikidata_id": "Q34670401"}}, {"type": "Feature", "id": "foss-wd-Q34670407", "geometry": {"type": "Point", "coordinates": [5.22712, 62.11164]}, "properties": {"name": "Fossane", "source": "Wikidata", "wikidata_id": "Q34670407"}}, {"type": "Feature", "id": "foss-wd-Q34670412", "geometry": {"type": "Point", "coordinates": [6.86763, 61.35236]}, "properties": {"name": "Fossane", "source": "Wikidata", "wikidata_id": "Q34670412"}}, {"type": "Feature", "id": "foss-wd-Q34670420", "geometry": {"type": "Point", "coordinates": [7.10457, 61.88668]}, "properties": {"name": "Fossane", "source": "Wikidata", "wikidata_id": "Q34670420"}}, {"type": "Feature", "id": "foss-wd-Q34670456", "geometry": {"type": "Point", "coordinates": [6.77562, 60.66048]}, "properties": {"name": "Fossaredet", "source": "Wikidata", "wikidata_id": "Q34670456"}}, {"type": "Feature", "id": "foss-wd-Q34670486", "geometry": {"type": "Point", "coordinates": [6.1446, 61.36746]}, "properties": {"name": "Fossbrotet", "source": "Wikidata", "wikidata_id": "Q34670486"}}, {"type": "Feature", "id": "foss-wd-Q34670492", "geometry": {"type": "Point", "coordinates": [9.08275, 60.01848]}, "properties": {"name": "Fossebrotet", "source": "Wikidata", "wikidata_id": "Q34670492"}}, {"type": "Feature", "id": "foss-wd-Q34670519", "geometry": {"type": "Point", "coordinates": [11.66996, 64.01792]}, "properties": {"name": "Fossemfossen", "source": "Wikidata", "wikidata_id": "Q34670519"}}, {"type": "Feature", "id": "foss-wd-Q34670566", "geometry": {"type": "Point", "coordinates": [9.50541, 60.37344]}, "properties": {"name": "Fossen", "source": "Wikidata", "wikidata_id": "Q34670566"}}, {"type": "Feature", "id": "foss-wd-Q34670575", "geometry": {"type": "Point", "coordinates": [22.29525, 70.60804]}, "properties": {"name": "Fossen", "source": "Wikidata", "wikidata_id": "Q34670575"}}, {"type": "Feature", "id": "foss-wd-Q34670582", "geometry": {"type": "Point", "coordinates": [29.87588, 70.07068]}, "properties": {"name": "Fossen", "source": "Wikidata", "wikidata_id": "Q34670582"}}, {"type": "Feature", "id": "foss-wd-Q34670590", "geometry": {"type": "Point", "coordinates": [29.74475, 70.09199]}, "properties": {"name": "Fossen", "source": "Wikidata", "wikidata_id": "Q34670590"}}, {"type": "Feature", "id": "foss-wd-Q34670598", "geometry": {"type": "Point", "coordinates": [5.39724, 60.43541]}, "properties": {"name": "Fossen", "source": "Wikidata", "wikidata_id": "Q34670598"}}, {"type": "Feature", "id": "foss-wd-Q34670607", "geometry": {"type": "Point", "coordinates": [6.99302, 60.47465]}, "properties": {"name": "Fossen", "source": "Wikidata", "wikidata_id": "Q34670607"}}, {"type": "Feature", "id": "foss-wd-Q34670616", "geometry": {"type": "Point", "coordinates": [5.64258, 60.80302]}, "properties": {"name": "Fossen", "source": "Wikidata", "wikidata_id": "Q34670616"}}, {"type": "Feature", "id": "foss-wd-Q34670624", "geometry": {"type": "Point", "coordinates": [5.37158, 60.81027]}, "properties": {"name": "Fossen", "source": "Wikidata", "wikidata_id": "Q34670624"}}, {"type": "Feature", "id": "foss-wd-Q34670631", "geometry": {"type": "Point", "coordinates": [5.99801, 60.86116]}, "properties": {"name": "Fossen", "source": "Wikidata", "wikidata_id": "Q34670631"}}, {"type": "Feature", "id": "foss-wd-Q34670639", "geometry": {"type": "Point", "coordinates": [5.52762, 60.50718]}, "properties": {"name": "Fossen", "source": "Wikidata", "wikidata_id": "Q34670639"}}, {"type": "Feature", "id": "foss-wd-Q34670647", "geometry": {"type": "Point", "coordinates": [5.63414, 60.51223]}, "properties": {"name": "Fossen", "source": "Wikidata", "wikidata_id": "Q34670647"}}, {"type": "Feature", "id": "foss-wd-Q34681558", "geometry": {"type": "Point", "coordinates": [18.32176, 69.10139]}, "properties": {"name": "Tverrelvfossen", "source": "Wikidata", "wikidata_id": "Q34681558"}}, {"type": "Feature", "id": "foss-wd-Q34681577", "geometry": {"type": "Point", "coordinates": [5.52805, 60.40908]}, "properties": {"name": "Tverrfossen", "source": "Wikidata", "wikidata_id": "Q34681577"}}, {"type": "Feature", "id": "foss-wd-Q34681585", "geometry": {"type": "Point", "coordinates": [5.60047, 61.69967]}, "properties": {"name": "Tverrfossen", "source": "Wikidata", "wikidata_id": "Q34681585"}}, {"type": "Feature", "id": "foss-wd-Q34681593", "geometry": {"type": "Point", "coordinates": [5.35281, 61.97479]}, "properties": {"name": "Tverrfossen", "source": "Wikidata", "wikidata_id": "Q34681593"}}, {"type": "Feature", "id": "foss-wd-Q34681600", "geometry": {"type": "Point", "coordinates": [18.24691, 68.82743]}, "properties": {"name": "Tverrfossen", "source": "Wikidata", "wikidata_id": "Q34681600"}}, {"type": "Feature", "id": "foss-wd-Q34681608", "geometry": {"type": "Point", "coordinates": [14.694, 66.85842]}, "properties": {"name": "Tverråførsen", "source": "Wikidata", "wikidata_id": "Q34681608"}}, {"type": "Feature", "id": "foss-wd-Q34681617", "geometry": {"type": "Point", "coordinates": [5.39672, 60.80533]}, "properties": {"name": "Tveråfossen", "source": "Wikidata", "wikidata_id": "Q34681617"}}, {"type": "Feature", "id": "foss-wd-Q34681628", "geometry": {"type": "Point", "coordinates": [23.32249, 69.86205]}, "properties": {"name": "Tvestraumen", "source": "Wikidata", "wikidata_id": "Q34681628"}}, {"type": "Feature", "id": "foss-wd-Q34681636", "geometry": {"type": "Point", "coordinates": [11.00181, 64.43173]}, "properties": {"name": "Tvillingfossan", "source": "Wikidata", "wikidata_id": "Q34681636"}}, {"type": "Feature", "id": "foss-wd-Q34681646", "geometry": {"type": "Point", "coordinates": [12.51937, 64.47756]}, "properties": {"name": "Tvillingskarfossen", "source": "Wikidata", "wikidata_id": "Q34681646"}}, {"type": "Feature", "id": "foss-wd-Q34681655", "geometry": {"type": "Point", "coordinates": [6.49139, 60.72818]}, "properties": {"name": "Tvinnefossen", "source": "Wikidata", "wikidata_id": "Q34681655"}}, {"type": "Feature", "id": "foss-wd-Q34681664", "geometry": {"type": "Point", "coordinates": [6.35045, 61.86059]}, "properties": {"name": "Tvinnefossen", "source": "Wikidata", "wikidata_id": "Q34681664"}}, {"type": "Feature", "id": "foss-wd-Q34681686", "geometry": {"type": "Point", "coordinates": [6.75108, 61.35115]}, "properties": {"name": "Tyfossa", "source": "Wikidata", "wikidata_id": "Q34681686"}}, {"type": "Feature", "id": "foss-wd-Q34681693", "geometry": {"type": "Point", "coordinates": [11.26885, 63.50295]}, "properties": {"name": "Tyldfossen", "source": "Wikidata", "wikidata_id": "Q34681693"}}, {"type": "Feature", "id": "foss-wd-Q34681710", "geometry": {"type": "Point", "coordinates": [5.5029, 61.65724]}, "properties": {"name": "Tåfossen", "source": "Wikidata", "wikidata_id": "Q34681710"}}, {"type": "Feature", "id": "foss-wd-Q34681719", "geometry": {"type": "Point", "coordinates": [5.85073, 60.29782]}, "properties": {"name": "Tågane", "source": "Wikidata", "wikidata_id": "Q34681719"}}, {"type": "Feature", "id": "foss-wd-Q34681727", "geometry": {"type": "Point", "coordinates": [5.52236, 60.31486]}, "properties": {"name": "Tømmerdalsfossen", "source": "Wikidata", "wikidata_id": "Q34681727"}}, {"type": "Feature", "id": "foss-wd-Q34681735", "geometry": {"type": "Point", "coordinates": [13.6491, 66.30562]}, "properties": {"name": "Tømmerhaugforsen", "source": "Wikidata", "wikidata_id": "Q34681735"}}, {"type": "Feature", "id": "foss-wd-Q34681743", "geometry": {"type": "Point", "coordinates": [12.32521, 64.4526]}, "properties": {"name": "Tømmeråsfossen", "source": "Wikidata", "wikidata_id": "Q34681743"}}, {"type": "Feature", "id": "foss-wd-Q34681750", "geometry": {"type": "Point", "coordinates": [11.12312, 60.94112]}, "properties": {"name": "Tørbustilfallene", "source": "Wikidata", "wikidata_id": "Q34681750"}}, {"type": "Feature", "id": "foss-wd-Q34681765", "geometry": {"type": "Point", "coordinates": [10.86198, 60.10771]}, "properties": {"name": "Tøyenfossen", "source": "Wikidata", "wikidata_id": "Q34681765"}}, {"type": "Feature", "id": "foss-wd-Q34681780", "geometry": {"type": "Point", "coordinates": [7.10535, 61.40565]}, "properties": {"name": "Uksabåsfossane", "source": "Wikidata", "wikidata_id": "Q34681780"}}, {"type": "Feature", "id": "foss-wd-Q34681788", "geometry": {"type": "Point", "coordinates": [7.27062, 61.56161]}, "properties": {"name": "Uksagjelsfossen", "source": "Wikidata", "wikidata_id": "Q34681788"}}, {"type": "Feature", "id": "foss-wd-Q34681796", "geometry": {"type": "Point", "coordinates": [9.57496, 60.78042]}, "properties": {"name": "Ukseføssen", "source": "Wikidata", "wikidata_id": "Q34681796"}}, {"type": "Feature", "id": "foss-wd-Q34681804", "geometry": {"type": "Point", "coordinates": [8.94212, 61.81636]}, "properties": {"name": "Uksfossen", "source": "Wikidata", "wikidata_id": "Q34681804"}}, {"type": "Feature", "id": "foss-wd-Q34681818", "geometry": {"type": "Point", "coordinates": [11.13568, 63.49823]}, "properties": {"name": "Ulstadfossen", "source": "Wikidata", "wikidata_id": "Q34681818"}}, {"type": "Feature", "id": "foss-wd-Q34681825", "geometry": {"type": "Point", "coordinates": [9.91055, 60.34261]}, "properties": {"name": "Ulvefoss", "source": "Wikidata", "wikidata_id": "Q34681825"}}, {"type": "Feature", "id": "foss-wd-Q34681833", "geometry": {"type": "Point", "coordinates": [10.47626, 63.99594]}, "properties": {"name": "Ulvstadfossen", "source": "Wikidata", "wikidata_id": "Q34681833"}}, {"type": "Feature", "id": "foss-wd-Q34681854", "geometry": {"type": "Point", "coordinates": [8.74075, 60.03098]}, "properties": {"name": "Underrusfossen", "source": "Wikidata", "wikidata_id": "Q34681854"}}, {"type": "Feature", "id": "foss-wd-Q34681860", "geometry": {"type": "Point", "coordinates": [14.79592, 67.47094]}, "properties": {"name": "Undfossen", "source": "Wikidata", "wikidata_id": "Q34681860"}}, {"type": "Feature", "id": "foss-wd-Q34681870", "geometry": {"type": "Point", "coordinates": [10.42078, 63.73999]}, "properties": {"name": "Unnselifossen", "source": "Wikidata", "wikidata_id": "Q34681870"}}, {"type": "Feature", "id": "foss-wd-Q34681893", "geometry": {"type": "Point", "coordinates": [6.49602, 60.45185]}, "properties": {"name": "Urdafossen", "source": "Wikidata", "wikidata_id": "Q34681893"}}, {"type": "Feature", "id": "foss-wd-Q34681900", "geometry": {"type": "Point", "coordinates": [11.9355, 64.83026]}, "properties": {"name": "Urdfossen", "source": "Wikidata", "wikidata_id": "Q34681900"}}, {"type": "Feature", "id": "foss-wd-Q34681906", "geometry": {"type": "Point", "coordinates": [5.4746, 60.47079]}, "properties": {"name": "Urfeigfossen", "source": "Wikidata", "wikidata_id": "Q34681906"}}, {"type": "Feature", "id": "foss-wd-Q34681913", "geometry": {"type": "Point", "coordinates": [12.81889, 65.03454]}, "properties": {"name": "Urfossen", "source": "Wikidata", "wikidata_id": "Q34681913"}}, {"type": "Feature", "id": "foss-wd-Q34681928", "geometry": {"type": "Point", "coordinates": [10.86279, 61.99453]}, "properties": {"name": "Urstrømfossen", "source": "Wikidata", "wikidata_id": "Q34681928"}}, {"type": "Feature", "id": "foss-wd-Q34681949", "geometry": {"type": "Point", "coordinates": [29.27761, 69.58858]}, "properties": {"name": "Munkelvfossen", "source": "Wikidata", "wikidata_id": "Q34681949"}}, {"type": "Feature", "id": "foss-wd-Q34681972", "geometry": {"type": "Point", "coordinates": [11.86459, 63.97881]}, "properties": {"name": "Vafossen", "source": "Wikidata", "wikidata_id": "Q34681972"}}, {"type": "Feature", "id": "foss-wd-Q34681979", "geometry": {"type": "Point", "coordinates": [14.40443, 65.45623]}, "properties": {"name": "Vakkermoforsen", "source": "Wikidata", "wikidata_id": "Q34681979"}}, {"type": "Feature", "id": "foss-wd-Q34681986", "geometry": {"type": "Point", "coordinates": [12.271, 60.64128]}, "properties": {"name": "Valbyfossen", "source": "Wikidata", "wikidata_id": "Q34681986"}}, {"type": "Feature", "id": "foss-wd-Q34682004", "geometry": {"type": "Point", "coordinates": [12.2687, 60.75254]}, "properties": {"name": "Valderskvennfossen", "source": "Wikidata", "wikidata_id": "Q34682004"}}, {"type": "Feature", "id": "foss-wd-Q34682012", "geometry": {"type": "Point", "coordinates": [6.21486, 60.57563]}, "properties": {"name": "Valfossen", "source": "Wikidata", "wikidata_id": "Q34682012"}}, {"type": "Feature", "id": "foss-wd-Q34682020", "geometry": {"type": "Point", "coordinates": [6.22162, 61.35741]}, "properties": {"name": "Vallestadfossen", "source": "Wikidata", "wikidata_id": "Q34682020"}}, {"type": "Feature", "id": "foss-wd-Q34682027", "geometry": {"type": "Point", "coordinates": [5.555, 60.51515]}, "properties": {"name": "Vallfossen", "source": "Wikidata", "wikidata_id": "Q34682027"}}, {"type": "Feature", "id": "foss-wd-Q34682035", "geometry": {"type": "Point", "coordinates": [14.11295, 65.36189]}, "properties": {"name": "Valliforsen", "source": "Wikidata", "wikidata_id": "Q34682035"}}, {"type": "Feature", "id": "foss-wd-Q34682050", "geometry": {"type": "Point", "coordinates": [8.49429, 62.17246]}, "properties": {"name": "Valåfossen", "source": "Wikidata", "wikidata_id": "Q34682050"}}, {"type": "Feature", "id": "foss-wd-Q34682375", "geometry": {"type": "Point", "coordinates": [13.60495, 64.26614]}, "properties": {"name": "Wennerstrandfossen", "source": "Wikidata", "wikidata_id": "Q34682375"}}, {"type": "Feature", "id": "foss-wd-Q34682585", "geometry": {"type": "Point", "coordinates": [8.60862, 60.64935]}, "properties": {"name": "Ylifossen", "source": "Wikidata", "wikidata_id": "Q34682585"}}, {"type": "Feature", "id": "foss-wd-Q34682667", "geometry": {"type": "Point", "coordinates": [13.33887, 64.51635]}, "properties": {"name": "Åbufossen", "source": "Wikidata", "wikidata_id": "Q34682667"}}, {"type": "Feature", "id": "foss-wd-Q34682681", "geometry": {"type": "Point", "coordinates": [9.60763, 61.07996]}, "properties": {"name": "Åfetføssen", "source": "Wikidata", "wikidata_id": "Q34682681"}}, {"type": "Feature", "id": "foss-wd-Q34682690", "geometry": {"type": "Point", "coordinates": [13.97492, 66.32789]}, "properties": {"name": "Åforsen", "source": "Wikidata", "wikidata_id": "Q34682690"}}, {"type": "Feature", "id": "foss-wd-Q34682708", "geometry": {"type": "Point", "coordinates": [13.50139, 66.33878]}, "properties": {"name": "Ågforsen", "source": "Wikidata", "wikidata_id": "Q34682708"}}, {"type": "Feature", "id": "foss-wd-Q34682733", "geometry": {"type": "Point", "coordinates": [8.52524, 62.83292]}, "properties": {"name": "Ålvundfossen", "source": "Wikidata", "wikidata_id": "Q34682733"}}, {"type": "Feature", "id": "foss-wd-Q34682755", "geometry": {"type": "Point", "coordinates": [9.45314, 61.88955]}, "properties": {"name": "Åmot", "source": "Wikidata", "wikidata_id": "Q34682755"}}, {"type": "Feature", "id": "foss-wd-Q34682779", "geometry": {"type": "Point", "coordinates": [8.38423, 61.86114]}, "properties": {"name": "Åndfossen", "source": "Wikidata", "wikidata_id": "Q34682779"}}, {"type": "Feature", "id": "foss-wd-Q34682796", "geometry": {"type": "Point", "coordinates": [12.45129, 60.33049]}, "properties": {"name": "Årasfossen", "source": "Wikidata", "wikidata_id": "Q34682796"}}, {"type": "Feature", "id": "foss-wd-Q34682803", "geometry": {"type": "Point", "coordinates": [10.47046, 63.996]}, "properties": {"name": "Årbofossen", "source": "Wikidata", "wikidata_id": "Q34682803"}}, {"type": "Feature", "id": "foss-wd-Q34682811", "geometry": {"type": "Point", "coordinates": [6.33481, 62.24386]}, "properties": {"name": "Årdalsfossen", "source": "Wikidata", "wikidata_id": "Q34682811"}}, {"type": "Feature", "id": "foss-wd-Q34682826", "geometry": {"type": "Point", "coordinates": [26.57934, 70.56745]}, "properties": {"name": "Årošjåkgårŋi", "source": "Wikidata", "wikidata_id": "Q34682826"}}, {"type": "Feature", "id": "foss-wd-Q34682834", "geometry": {"type": "Point", "coordinates": [5.71911, 61.32695]}, "properties": {"name": "Årøyfossen", "source": "Wikidata", "wikidata_id": "Q34682834"}}, {"type": "Feature", "id": "foss-wd-Q34682842", "geometry": {"type": "Point", "coordinates": [10.62504, 64.25668]}, "properties": {"name": "Åseggfossen", "source": "Wikidata", "wikidata_id": "Q34682842"}}, {"type": "Feature", "id": "foss-wd-Q34682857", "geometry": {"type": "Point", "coordinates": [9.35324, 60.25883]}, "properties": {"name": "Åsfossen", "source": "Wikidata", "wikidata_id": "Q34682857"}}, {"type": "Feature", "id": "foss-wd-Q34682862", "geometry": {"type": "Point", "coordinates": [8.34741, 61.91426]}, "properties": {"name": "Åsfossen", "source": "Wikidata", "wikidata_id": "Q34682862"}}, {"type": "Feature", "id": "foss-wd-Q34682869", "geometry": {"type": "Point", "coordinates": [5.66496, 61.79566]}, "properties": {"name": "Åskorfossen", "source": "Wikidata", "wikidata_id": "Q34682869"}}, {"type": "Feature", "id": "foss-wd-Q34682878", "geometry": {"type": "Point", "coordinates": [12.67773, 64.67799]}, "properties": {"name": "Åsmulfossen", "source": "Wikidata", "wikidata_id": "Q34682878"}}, {"type": "Feature", "id": "foss-wd-Q34682887", "geometry": {"type": "Point", "coordinates": [13.98637, 66.34016]}, "properties": {"name": "Øksforsen", "source": "Wikidata", "wikidata_id": "Q34682887"}}, {"type": "Feature", "id": "foss-wd-Q34682894", "geometry": {"type": "Point", "coordinates": [8.73879, 63.10682]}, "properties": {"name": "Øranfossen", "source": "Wikidata", "wikidata_id": "Q34682894"}}, {"type": "Feature", "id": "foss-wd-Q34682902", "geometry": {"type": "Point", "coordinates": [6.17316, 60.40041]}, "properties": {"name": "Ørdalsfossen", "source": "Wikidata", "wikidata_id": "Q34682902"}}, {"type": "Feature", "id": "foss-wd-Q34682910", "geometry": {"type": "Point", "coordinates": [9.58478, 63.37999]}, "properties": {"name": "Ørfossan", "source": "Wikidata", "wikidata_id": "Q34682910"}}, {"type": "Feature", "id": "foss-wd-Q34682923", "geometry": {"type": "Point", "coordinates": [18.01257, 68.91539]}, "properties": {"name": "Ørnfossen", "source": "Wikidata", "wikidata_id": "Q34682923"}}, {"type": "Feature", "id": "foss-wd-Q34682929", "geometry": {"type": "Point", "coordinates": [7.87706, 60.49068]}, "properties": {"name": "Ørterfossen", "source": "Wikidata", "wikidata_id": "Q34682929"}}, {"type": "Feature", "id": "foss-wd-Q34682937", "geometry": {"type": "Point", "coordinates": [10.49187, 64.06341]}, "properties": {"name": "Øver Brennmarkfossen", "source": "Wikidata", "wikidata_id": "Q34682937"}}, {"type": "Feature", "id": "foss-wd-Q34682943", "geometry": {"type": "Point", "coordinates": [9.98888, 63.17102]}, "properties": {"name": "Øver Kvernfossen", "source": "Wikidata", "wikidata_id": "Q34682943"}}, {"type": "Feature", "id": "foss-wd-Q34682950", "geometry": {"type": "Point", "coordinates": [8.26262, 61.67335]}, "properties": {"name": "Øver Storgrovfossen", "source": "Wikidata", "wikidata_id": "Q34682950"}}, {"type": "Feature", "id": "foss-wd-Q34682957", "geometry": {"type": "Point", "coordinates": [11.08867, 63.09983]}, "properties": {"name": "Øver Østrungsfossen", "source": "Wikidata", "wikidata_id": "Q34682957"}}, {"type": "Feature", "id": "foss-wd-Q34682966", "geometry": {"type": "Point", "coordinates": [12.02606, 64.01715]}, "properties": {"name": "Øver-Dompen", "source": "Wikidata", "wikidata_id": "Q34682966"}}, {"type": "Feature", "id": "foss-wd-Q34670662", "geometry": {"type": "Point", "coordinates": [6.54541, 60.389]}, "properties": {"name": "Fossen", "source": "Wikidata", "wikidata_id": "Q34670662"}}, {"type": "Feature", "id": "foss-wd-Q34670671", "geometry": {"type": "Point", "coordinates": [5.84354, 60.48897]}, "properties": {"name": "Fossen", "source": "Wikidata", "wikidata_id": "Q34670671"}}, {"type": "Feature", "id": "foss-wd-Q34670680", "geometry": {"type": "Point", "coordinates": [5.82003, 60.66011]}, "properties": {"name": "Fossen", "source": "Wikidata", "wikidata_id": "Q34670680"}}, {"type": "Feature", "id": "foss-wd-Q34670689", "geometry": {"type": "Point", "coordinates": [6.16327, 60.62633]}, "properties": {"name": "Fossen", "source": "Wikidata", "wikidata_id": "Q34670689"}}, {"type": "Feature", "id": "foss-wd-Q34670697", "geometry": {"type": "Point", "coordinates": [5.98378, 60.68558]}, "properties": {"name": "Fossen", "source": "Wikidata", "wikidata_id": "Q34670697"}}, {"type": "Feature", "id": "foss-wd-Q34670705", "geometry": {"type": "Point", "coordinates": [6.19752, 60.72694]}, "properties": {"name": "Fossen", "source": "Wikidata", "wikidata_id": "Q34670705"}}, {"type": "Feature", "id": "foss-wd-Q34670714", "geometry": {"type": "Point", "coordinates": [6.84613, 60.75241]}, "properties": {"name": "Fossen", "source": "Wikidata", "wikidata_id": "Q34670714"}}, {"type": "Feature", "id": "foss-wd-Q34670722", "geometry": {"type": "Point", "coordinates": [6.73184, 60.88241]}, "properties": {"name": "Fossen", "source": "Wikidata", "wikidata_id": "Q34670722"}}, {"type": "Feature", "id": "foss-wd-Q34670729", "geometry": {"type": "Point", "coordinates": [7.61955, 63.04945]}, "properties": {"name": "Fossen", "source": "Wikidata", "wikidata_id": "Q34670729"}}, {"type": "Feature", "id": "foss-wd-Q34670736", "geometry": {"type": "Point", "coordinates": [7.81834, 62.87803]}, "properties": {"name": "Fossen", "source": "Wikidata", "wikidata_id": "Q34670736"}}, {"type": "Feature", "id": "foss-wd-Q34670744", "geometry": {"type": "Point", "coordinates": [7.45989, 62.73225]}, "properties": {"name": "Fossen", "source": "Wikidata", "wikidata_id": "Q34670744"}}, {"type": "Feature", "id": "foss-wd-Q34670750", "geometry": {"type": "Point", "coordinates": [7.85156, 62.71402]}, "properties": {"name": "Fossen", "source": "Wikidata", "wikidata_id": "Q34670750"}}, {"type": "Feature", "id": "foss-wd-Q34670760", "geometry": {"type": "Point", "coordinates": [7.2748, 62.32249]}, "properties": {"name": "Fossen", "source": "Wikidata", "wikidata_id": "Q34670760"}}, {"type": "Feature", "id": "foss-wd-Q34670770", "geometry": {"type": "Point", "coordinates": [7.50198, 62.43898]}, "properties": {"name": "Fossen", "source": "Wikidata", "wikidata_id": "Q34670770"}}, {"type": "Feature", "id": "foss-wd-Q34670779", "geometry": {"type": "Point", "coordinates": [7.69384, 62.51596]}, "properties": {"name": "Fossen", "source": "Wikidata", "wikidata_id": "Q34670779"}}, {"type": "Feature", "id": "foss-wd-Q34670787", "geometry": {"type": "Point", "coordinates": [5.76056, 62.05652]}, "properties": {"name": "Fossen", "source": "Wikidata", "wikidata_id": "Q34670787"}}, {"type": "Feature", "id": "foss-wd-Q34670794", "geometry": {"type": "Point", "coordinates": [5.82781, 62.13762]}, "properties": {"name": "Fossen", "source": "Wikidata", "wikidata_id": "Q34670794"}}, {"type": "Feature", "id": "foss-wd-Q34670801", "geometry": {"type": "Point", "coordinates": [7.11308, 62.46427]}, "properties": {"name": "Fossen", "source": "Wikidata", "wikidata_id": "Q34670801"}}, {"type": "Feature", "id": "foss-wd-Q34670809", "geometry": {"type": "Point", "coordinates": [6.97803, 62.49604]}, "properties": {"name": "Fossen", "source": "Wikidata", "wikidata_id": "Q34670809"}}, {"type": "Feature", "id": "foss-wd-Q34670817", "geometry": {"type": "Point", "coordinates": [6.25996, 62.20217]}, "properties": {"name": "Fossen", "source": "Wikidata", "wikidata_id": "Q34670817"}}, {"type": "Feature", "id": "foss-wd-Q34670826", "geometry": {"type": "Point", "coordinates": [10.98996, 64.48222]}, "properties": {"name": "Fossen", "source": "Wikidata", "wikidata_id": "Q34670826"}}, {"type": "Feature", "id": "foss-wd-Q34670834", "geometry": {"type": "Point", "coordinates": [12.17791, 64.7244]}, "properties": {"name": "Fossen", "source": "Wikidata", "wikidata_id": "Q34670834"}}, {"type": "Feature", "id": "foss-wd-Q34670842", "geometry": {"type": "Point", "coordinates": [13.50824, 64.61283]}, "properties": {"name": "Fossen", "source": "Wikidata", "wikidata_id": "Q34670842"}}, {"type": "Feature", "id": "foss-wd-Q34670858", "geometry": {"type": "Point", "coordinates": [13.44895, 66.47659]}, "properties": {"name": "Fossen", "source": "Wikidata", "wikidata_id": "Q34670858"}}, {"type": "Feature", "id": "foss-wd-Q34670865", "geometry": {"type": "Point", "coordinates": [15.23614, 67.12712]}, "properties": {"name": "Fossen", "source": "Wikidata", "wikidata_id": "Q34670865"}}, {"type": "Feature", "id": "foss-wd-Q34670874", "geometry": {"type": "Point", "coordinates": [9.76359, 60.85007]}, "properties": {"name": "Fossen", "source": "Wikidata", "wikidata_id": "Q34670874"}}, {"type": "Feature", "id": "foss-wd-Q34670881", "geometry": {"type": "Point", "coordinates": [10.46466, 60.21884]}, "properties": {"name": "Fossen", "source": "Wikidata", "wikidata_id": "Q34670881"}}, {"type": "Feature", "id": "foss-wd-Q34670888", "geometry": {"type": "Point", "coordinates": [10.10439, 61.44977]}, "properties": {"name": "Fossen", "source": "Wikidata", "wikidata_id": "Q34670888"}}, {"type": "Feature", "id": "foss-wd-Q34670895", "geometry": {"type": "Point", "coordinates": [5.34236, 61.45304]}, "properties": {"name": "Fossen", "source": "Wikidata", "wikidata_id": "Q34670895"}}, {"type": "Feature", "id": "foss-wd-Q34670905", "geometry": {"type": "Point", "coordinates": [6.52969, 61.1536]}, "properties": {"name": "Fossen", "source": "Wikidata", "wikidata_id": "Q34670905"}}, {"type": "Feature", "id": "foss-wd-Q34670915", "geometry": {"type": "Point", "coordinates": [5.33572, 61.74744]}, "properties": {"name": "Fossen", "source": "Wikidata", "wikidata_id": "Q34670915"}}, {"type": "Feature", "id": "foss-wd-Q34670923", "geometry": {"type": "Point", "coordinates": [5.14666, 61.78136]}, "properties": {"name": "Fossen", "source": "Wikidata", "wikidata_id": "Q34670923"}}, {"type": "Feature", "id": "foss-wd-Q34670932", "geometry": {"type": "Point", "coordinates": [5.37836, 61.85549]}, "properties": {"name": "Fossen", "source": "Wikidata", "wikidata_id": "Q34670932"}}, {"type": "Feature", "id": "foss-wd-Q34670941", "geometry": {"type": "Point", "coordinates": [5.36769, 61.61325]}, "properties": {"name": "Fossen", "source": "Wikidata", "wikidata_id": "Q34670941"}}, {"type": "Feature", "id": "foss-wd-Q34670951", "geometry": {"type": "Point", "coordinates": [5.04027, 61.63739]}, "properties": {"name": "Fossen", "source": "Wikidata", "wikidata_id": "Q34670951"}}, {"type": "Feature", "id": "foss-wd-Q34670959", "geometry": {"type": "Point", "coordinates": [6.44416, 61.75029]}, "properties": {"name": "Fossen", "source": "Wikidata", "wikidata_id": "Q34670959"}}, {"type": "Feature", "id": "foss-wd-Q34670966", "geometry": {"type": "Point", "coordinates": [6.57136, 61.95888]}, "properties": {"name": "Fossen", "source": "Wikidata", "wikidata_id": "Q34670966"}}, {"type": "Feature", "id": "foss-wd-Q34670975", "geometry": {"type": "Point", "coordinates": [5.25159, 61.15563]}, "properties": {"name": "Fossen", "source": "Wikidata", "wikidata_id": "Q34670975"}}, {"type": "Feature", "id": "foss-wd-Q34670982", "geometry": {"type": "Point", "coordinates": [5.12087, 61.18192]}, "properties": {"name": "Fossen", "source": "Wikidata", "wikidata_id": "Q34670982"}}, {"type": "Feature", "id": "foss-wd-Q34670990", "geometry": {"type": "Point", "coordinates": [6.09451, 61.4968]}, "properties": {"name": "Fossen", "source": "Wikidata", "wikidata_id": "Q34670990"}}, {"type": "Feature", "id": "foss-wd-Q34671000", "geometry": {"type": "Point", "coordinates": [7.62106, 61.60561]}, "properties": {"name": "Fossen", "source": "Wikidata", "wikidata_id": "Q34671000"}}, {"type": "Feature", "id": "foss-wd-Q34671007", "geometry": {"type": "Point", "coordinates": [6.84102, 61.76924]}, "properties": {"name": "Fossen", "source": "Wikidata", "wikidata_id": "Q34671007"}}, {"type": "Feature", "id": "foss-wd-Q34671016", "geometry": {"type": "Point", "coordinates": [6.92163, 61.95051]}, "properties": {"name": "Fossen", "source": "Wikidata", "wikidata_id": "Q34671016"}}, {"type": "Feature", "id": "foss-wd-Q34671024", "geometry": {"type": "Point", "coordinates": [6.3937, 61.04327]}, "properties": {"name": "Fossen", "source": "Wikidata", "wikidata_id": "Q34671024"}}, {"type": "Feature", "id": "foss-wd-Q34671032", "geometry": {"type": "Point", "coordinates": [9.65791, 63.59323]}, "properties": {"name": "Fossen", "source": "Wikidata", "wikidata_id": "Q34671032"}}, {"type": "Feature", "id": "foss-wd-Q34671040", "geometry": {"type": "Point", "coordinates": [9.80391, 63.71659]}, "properties": {"name": "Fossen", "source": "Wikidata", "wikidata_id": "Q34671040"}}, {"type": "Feature", "id": "foss-wd-Q34671048", "geometry": {"type": "Point", "coordinates": [8.64815, 63.68419]}, "properties": {"name": "Fossen", "source": "Wikidata", "wikidata_id": "Q34671048"}}, {"type": "Feature", "id": "foss-wd-Q34671056", "geometry": {"type": "Point", "coordinates": [9.62791, 62.95495]}, "properties": {"name": "Fossen", "source": "Wikidata", "wikidata_id": "Q34671056"}}, {"type": "Feature", "id": "foss-wd-Q34671064", "geometry": {"type": "Point", "coordinates": [9.71686, 63.12191]}, "properties": {"name": "Fossen", "source": "Wikidata", "wikidata_id": "Q34671064"}}, {"type": "Feature", "id": "foss-wd-Q34671071", "geometry": {"type": "Point", "coordinates": [10.26076, 63.78655]}, "properties": {"name": "Fossen", "source": "Wikidata", "wikidata_id": "Q34671071"}}, {"type": "Feature", "id": "foss-wd-Q34671077", "geometry": {"type": "Point", "coordinates": [10.24877, 64.11482]}, "properties": {"name": "Fossen", "source": "Wikidata", "wikidata_id": "Q34671077"}}, {"type": "Feature", "id": "foss-wd-Q34671086", "geometry": {"type": "Point", "coordinates": [10.05653, 63.98999]}, "properties": {"name": "Fossen", "source": "Wikidata", "wikidata_id": "Q34671086"}}, {"type": "Feature", "id": "foss-wd-Q34671105", "geometry": {"type": "Point", "coordinates": [18.08586, 68.69204]}, "properties": {"name": "Fossen", "source": "Wikidata", "wikidata_id": "Q34671105"}}, {"type": "Feature", "id": "foss-wd-Q34671112", "geometry": {"type": "Point", "coordinates": [17.49433, 69.44178]}, "properties": {"name": "Fossen", "source": "Wikidata", "wikidata_id": "Q34671112"}}, {"type": "Feature", "id": "foss-wd-Q34671121", "geometry": {"type": "Point", "coordinates": [17.66363, 69.05338]}, "properties": {"name": "Fossen", "source": "Wikidata", "wikidata_id": "Q34671121"}}, {"type": "Feature", "id": "foss-wd-Q34671129", "geometry": {"type": "Point", "coordinates": [16.51967, 68.65716]}, "properties": {"name": "Fossen", "source": "Wikidata", "wikidata_id": "Q34671129"}}, {"type": "Feature", "id": "foss-wd-Q34671137", "geometry": {"type": "Point", "coordinates": [19.07218, 70.0008]}, "properties": {"name": "Fossen", "source": "Wikidata", "wikidata_id": "Q34671137"}}, {"type": "Feature", "id": "foss-wd-Q34671144", "geometry": {"type": "Point", "coordinates": [19.66697, 70.18358]}, "properties": {"name": "Fossen", "source": "Wikidata", "wikidata_id": "Q34671144"}}, {"type": "Feature", "id": "foss-wd-Q34671151", "geometry": {"type": "Point", "coordinates": [21.66483, 69.88651]}, "properties": {"name": "Fossen", "source": "Wikidata", "wikidata_id": "Q34671151"}}, {"type": "Feature", "id": "foss-wd-Q34671158", "geometry": {"type": "Point", "coordinates": [22.1387, 70.03051]}, "properties": {"name": "Fossen", "source": "Wikidata", "wikidata_id": "Q34671158"}}, {"type": "Feature", "id": "foss-wd-Q34671166", "geometry": {"type": "Point", "coordinates": [21.11986, 69.66277]}, "properties": {"name": "Fossen", "source": "Wikidata", "wikidata_id": "Q34671166"}}, {"type": "Feature", "id": "foss-wd-Q34671174", "geometry": {"type": "Point", "coordinates": [17.87259, 68.95791]}, "properties": {"name": "Fossen", "source": "Wikidata", "wikidata_id": "Q34671174"}}, {"type": "Feature", "id": "foss-wd-Q34671181", "geometry": {"type": "Point", "coordinates": [20.89371, 69.99634]}, "properties": {"name": "Fossen", "source": "Wikidata", "wikidata_id": "Q34671181"}}, {"type": "Feature", "id": "foss-wd-Q34671190", "geometry": {"type": "Point", "coordinates": [20.26662, 69.35864]}, "properties": {"name": "Fossen", "source": "Wikidata", "wikidata_id": "Q34671190"}}, {"type": "Feature", "id": "foss-wd-Q34671200", "geometry": {"type": "Point", "coordinates": [17.26335, 69.11294]}, "properties": {"name": "Fossen", "source": "Wikidata", "wikidata_id": "Q34671200"}}, {"type": "Feature", "id": "foss-wd-Q34671208", "geometry": {"type": "Point", "coordinates": [19.24474, 69.48276]}, "properties": {"name": "Fossen", "source": "Wikidata", "wikidata_id": "Q34671208"}}, {"type": "Feature", "id": "foss-wd-Q34671217", "geometry": {"type": "Point", "coordinates": [18.54152, 69.55479]}, "properties": {"name": "Fossen", "source": "Wikidata", "wikidata_id": "Q34671217"}}, {"type": "Feature", "id": "foss-wd-Q34671226", "geometry": {"type": "Point", "coordinates": [18.96936, 69.87358]}, "properties": {"name": "Fossen", "source": "Wikidata", "wikidata_id": "Q34671226"}}, {"type": "Feature", "id": "foss-wd-Q34671319", "geometry": {"type": "Point", "coordinates": [6.62074, 60.89844]}, "properties": {"name": "Fossene", "source": "Wikidata", "wikidata_id": "Q34671319"}}, {"type": "Feature", "id": "foss-wd-Q34671324", "geometry": {"type": "Point", "coordinates": [11.72919, 64.66199]}, "properties": {"name": "Fossengfossen", "source": "Wikidata", "wikidata_id": "Q34671324"}}, {"type": "Feature", "id": "foss-wd-Q34671341", "geometry": {"type": "Point", "coordinates": [6.06733, 60.78057]}, "properties": {"name": "Fosseoksla", "source": "Wikidata", "wikidata_id": "Q34671341"}}, {"type": "Feature", "id": "foss-wd-Q34671364", "geometry": {"type": "Point", "coordinates": [11.0822, 60.12334]}, "properties": {"name": "Fossfossen", "source": "Wikidata", "wikidata_id": "Q34671364"}}, {"type": "Feature", "id": "foss-wd-Q34671372", "geometry": {"type": "Point", "coordinates": [8.87709, 60.529]}, "properties": {"name": "Fossfossen", "source": "Wikidata", "wikidata_id": "Q34671372"}}, {"type": "Feature", "id": "foss-wd-Q34671379", "geometry": {"type": "Point", "coordinates": [5.84256, 61.33591]}, "properties": {"name": "Fossfossen", "source": "Wikidata", "wikidata_id": "Q34671379"}}, {"type": "Feature", "id": "foss-wd-Q34671386", "geometry": {"type": "Point", "coordinates": [5.34941, 61.14858]}, "properties": {"name": "Fossfossen", "source": "Wikidata", "wikidata_id": "Q34671386"}}, {"type": "Feature", "id": "foss-wd-Q34671459", "geometry": {"type": "Point", "coordinates": [15.37703, 67.39697]}, "properties": {"name": "Fredagsfossen", "source": "Wikidata", "wikidata_id": "Q34671459"}}, {"type": "Feature", "id": "foss-wd-Q34671467", "geometry": {"type": "Point", "coordinates": [10.7539, 64.24067]}, "properties": {"name": "Fremmer Almlifossen", "source": "Wikidata", "wikidata_id": "Q34671467"}}, {"type": "Feature", "id": "foss-wd-Q34682974", "geometry": {"type": "Point", "coordinates": [12.36435, 64.17094]}, "properties": {"name": "Øver-Olafossen", "source": "Wikidata", "wikidata_id": "Q34682974"}}, {"type": "Feature", "id": "foss-wd-Q34682981", "geometry": {"type": "Point", "coordinates": [14.92139, 66.92678]}, "properties": {"name": "Øverforsen", "source": "Wikidata", "wikidata_id": "Q34682981"}}, {"type": "Feature", "id": "foss-wd-Q34682988", "geometry": {"type": "Point", "coordinates": [13.80338, 65.92662]}, "properties": {"name": "Øverforsen", "source": "Wikidata", "wikidata_id": "Q34682988"}}, {"type": "Feature", "id": "foss-wd-Q34682994", "geometry": {"type": "Point", "coordinates": [22.67899, 69.96351]}, "properties": {"name": "Øverfossen", "source": "Wikidata", "wikidata_id": "Q34682994"}}, {"type": "Feature", "id": "foss-wd-Q34683000", "geometry": {"type": "Point", "coordinates": [15.78001, 68.57008]}, "properties": {"name": "Øverfossen", "source": "Wikidata", "wikidata_id": "Q34683000"}}, {"type": "Feature", "id": "foss-wd-Q34683007", "geometry": {"type": "Point", "coordinates": [18.68393, 69.19586]}, "properties": {"name": "Øverfossen", "source": "Wikidata", "wikidata_id": "Q34683007"}}, {"type": "Feature", "id": "foss-wd-Q34683016", "geometry": {"type": "Point", "coordinates": [18.28677, 69.18766]}, "properties": {"name": "Øverfossen", "source": "Wikidata", "wikidata_id": "Q34683016"}}, {"type": "Feature", "id": "foss-wd-Q34683023", "geometry": {"type": "Point", "coordinates": [19.7465, 68.7322]}, "properties": {"name": "Øvre Divifoss", "source": "Wikidata", "wikidata_id": "Q34683023"}}, {"type": "Feature", "id": "foss-wd-Q34683031", "geometry": {"type": "Point", "coordinates": [9.69469, 61.55803]}, "properties": {"name": "Øvre Fallet", "source": "Wikidata", "wikidata_id": "Q34683031"}}, {"type": "Feature", "id": "foss-wd-Q34683037", "geometry": {"type": "Point", "coordinates": [9.92236, 61.59534]}, "properties": {"name": "Øvre Fallet", "source": "Wikidata", "wikidata_id": "Q34683037"}}, {"type": "Feature", "id": "foss-wd-Q34683046", "geometry": {"type": "Point", "coordinates": [9.93453, 62.0645]}, "properties": {"name": "Øvre Fallfossen", "source": "Wikidata", "wikidata_id": "Q34683046"}}, {"type": "Feature", "id": "foss-wd-Q34683054", "geometry": {"type": "Point", "coordinates": [5.44683, 61.23139]}, "properties": {"name": "Øvre Fossen", "source": "Wikidata", "wikidata_id": "Q34683054"}}, {"type": "Feature", "id": "foss-wd-Q34683062", "geometry": {"type": "Point", "coordinates": [12.46782, 60.34565]}, "properties": {"name": "Øvre Mokvernfossen", "source": "Wikidata", "wikidata_id": "Q34683062"}}, {"type": "Feature", "id": "foss-wd-Q34683070", "geometry": {"type": "Point", "coordinates": [12.60174, 65.03576]}, "properties": {"name": "Øvre Trofoss", "source": "Wikidata", "wikidata_id": "Q34683070"}}, {"type": "Feature", "id": "foss-wd-Q34683079", "geometry": {"type": "Point", "coordinates": [13.14661, 65.64064]}, "properties": {"name": "Øvreforsen", "source": "Wikidata", "wikidata_id": "Q34683079"}}, {"type": "Feature", "id": "foss-wd-Q34683087", "geometry": {"type": "Point", "coordinates": [8.9682, 61.24783]}, "properties": {"name": "Øvrefoss", "source": "Wikidata", "wikidata_id": "Q34683087"}}, {"type": "Feature", "id": "foss-wd-Q34683096", "geometry": {"type": "Point", "coordinates": [6.69091, 60.72117]}, "properties": {"name": "Øvste fossen", "source": "Wikidata", "wikidata_id": "Q34683096"}}, {"type": "Feature", "id": "foss-wd-Q34683104", "geometry": {"type": "Point", "coordinates": [7.26069, 61.93616]}, "properties": {"name": "Øvstebrufossen", "source": "Wikidata", "wikidata_id": "Q34683104"}}, {"type": "Feature", "id": "foss-wd-Q34683111", "geometry": {"type": "Point", "coordinates": [6.46201, 61.30289]}, "properties": {"name": "Øvstefossen", "source": "Wikidata", "wikidata_id": "Q34683111"}}, {"type": "Feature", "id": "foss-wd-Q34683117", "geometry": {"type": "Point", "coordinates": [13.2891, 66.01287]}, "properties": {"name": "Øvstforsen", "source": "Wikidata", "wikidata_id": "Q34683117"}}, {"type": "Feature", "id": "foss-wd-Q34683132", "geometry": {"type": "Point", "coordinates": [6.50491, 60.80458]}, "properties": {"name": "Øyafossen", "source": "Wikidata", "wikidata_id": "Q34683132"}}, {"type": "Feature", "id": "foss-wd-Q34683138", "geometry": {"type": "Point", "coordinates": [11.45879, 64.38141]}, "properties": {"name": "Øyafossen", "source": "Wikidata", "wikidata_id": "Q34683138"}}, {"type": "Feature", "id": "foss-wd-Q34683145", "geometry": {"type": "Point", "coordinates": [7.69883, 60.98169]}, "properties": {"name": "Øydalsfossen", "source": "Wikidata", "wikidata_id": "Q34683145"}}, {"type": "Feature", "id": "foss-wd-Q34683176", "geometry": {"type": "Point", "coordinates": [12.08357, 64.45068]}, "properties": {"name": "Øyfossen", "source": "Wikidata", "wikidata_id": "Q34683176"}}, {"type": "Feature", "id": "foss-wd-Q34683206", "geometry": {"type": "Point", "coordinates": [14.00161, 66.25303]}, "properties": {"name": "Øygårdsforsen", "source": "Wikidata", "wikidata_id": "Q34683206"}}, {"type": "Feature", "id": "foss-wd-Q34683214", "geometry": {"type": "Point", "coordinates": [5.55004, 61.24658]}, "properties": {"name": "Øyrafossen", "source": "Wikidata", "wikidata_id": "Q34683214"}}, {"type": "Feature", "id": "foss-wd-Q34683222", "geometry": {"type": "Point", "coordinates": [7.4767, 61.09291]}, "properties": {"name": "Øyrafossen", "source": "Wikidata", "wikidata_id": "Q34683222"}}, {"type": "Feature", "id": "foss-wd-Q34683230", "geometry": {"type": "Point", "coordinates": [11.91437, 60.24368]}, "properties": {"name": "Øysetfallet", "source": "Wikidata", "wikidata_id": "Q34683230"}}, {"type": "Feature", "id": "foss-wd-Q34683238", "geometry": {"type": "Point", "coordinates": [25.15404, 69.76292]}, "properties": {"name": "Čaddjegårŋi", "source": "Wikidata", "wikidata_id": "Q34683238"}}, {"type": "Feature", "id": "foss-wd-Q34683253", "geometry": {"type": "Point", "coordinates": [24.37458, 69.51748]}, "properties": {"name": "Čårutguoika", "source": "Wikidata", "wikidata_id": "Q34683253"}}, {"type": "Feature", "id": "foss-wd-Q34683335", "geometry": {"type": "Point", "coordinates": [24.53679, 69.14964]}, "properties": {"name": "Šuorbmugårŋi", "source": "Wikidata", "wikidata_id": "Q34683335"}}, {"type": "Feature", "id": "foss-wd-Q34749834", "geometry": {"type": "Point", "coordinates": [14.893, 66.77293]}, "properties": {"name": "Bukkhågforsen", "source": "Wikidata", "wikidata_id": "Q34749834"}}, {"type": "Feature", "id": "foss-wd-Q34749839", "geometry": {"type": "Point", "coordinates": [24.71517, 69.17764]}, "properties": {"name": "Buksaluččenguoika", "source": "Wikidata", "wikidata_id": "Q34749839"}}, {"type": "Feature", "id": "foss-wd-Q34749845", "geometry": {"type": "Point", "coordinates": [6.51649, 60.08433]}, "properties": {"name": "Buksefoss", "source": "Wikidata", "wikidata_id": "Q34749845"}}, {"type": "Feature", "id": "foss-wd-Q34749851", "geometry": {"type": "Point", "coordinates": [11.09431, 64.2402]}, "properties": {"name": "Buktafossen", "source": "Wikidata", "wikidata_id": "Q34749851"}}, {"type": "Feature", "id": "foss-wd-Q34749856", "geometry": {"type": "Point", "coordinates": [12.52879, 65.33551]}, "properties": {"name": "Bunesfallan", "source": "Wikidata", "wikidata_id": "Q34749856"}}, {"type": "Feature", "id": "foss-wd-Q34749860", "geometry": {"type": "Point", "coordinates": [11.8003, 64.08067]}, "properties": {"name": "Bursmofossen", "source": "Wikidata", "wikidata_id": "Q34749860"}}, {"type": "Feature", "id": "foss-wd-Q34749865", "geometry": {"type": "Point", "coordinates": [10.50432, 62.99735]}, "properties": {"name": "Burufossen", "source": "Wikidata", "wikidata_id": "Q34749865"}}, {"type": "Feature", "id": "foss-wd-Q34749869", "geometry": {"type": "Point", "coordinates": [11.98151, 61.30314]}, "properties": {"name": "Buskskjærfallet", "source": "Wikidata", "wikidata_id": "Q34749869"}}, {"type": "Feature", "id": "foss-wd-Q34749878", "geometry": {"type": "Point", "coordinates": [7.39542, 61.68049]}, "properties": {"name": "Bymannsfossen", "source": "Wikidata", "wikidata_id": "Q34749878"}}, {"type": "Feature", "id": "foss-wd-Q34749883", "geometry": {"type": "Point", "coordinates": [25.12661, 68.75732]}, "properties": {"name": "Botnjegorži", "source": "Wikidata", "wikidata_id": "Q34749883"}}, {"type": "Feature", "id": "foss-wd-Q34749887", "geometry": {"type": "Point", "coordinates": [11.52056, 60.92918]}, "properties": {"name": "Bånerudfossen", "source": "Wikidata", "wikidata_id": "Q34749887"}}, {"type": "Feature", "id": "foss-wd-Q34749892", "geometry": {"type": "Point", "coordinates": [26.70094, 69.96983]}, "properties": {"name": "Bårsejåkgårŋi", "source": "Wikidata", "wikidata_id": "Q34749892"}}, {"type": "Feature", "id": "foss-wd-Q34749896", "geometry": {"type": "Point", "coordinates": [14.99692, 67.51936]}, "properties": {"name": "Bårsteinfossen", "source": "Wikidata", "wikidata_id": "Q34749896"}}, {"type": "Feature", "id": "foss-wd-Q34749903", "geometry": {"type": "Point", "coordinates": [12.62669, 61.18663]}, "properties": {"name": "Båthusfossen", "source": "Wikidata", "wikidata_id": "Q34749903"}}, {"type": "Feature", "id": "foss-wd-Q34749916", "geometry": {"type": "Point", "coordinates": [7.63051, 61.57129]}, "properties": {"name": "Bølifossen", "source": "Wikidata", "wikidata_id": "Q34749916"}}, {"type": "Feature", "id": "foss-wd-Q34749920", "geometry": {"type": "Point", "coordinates": [11.47292, 62.37005]}, "properties": {"name": "Bøljefossen", "source": "Wikidata", "wikidata_id": "Q34749920"}}, {"type": "Feature", "id": "foss-wd-Q34749924", "geometry": {"type": "Point", "coordinates": [12.0101, 61.52336]}, "properties": {"name": "Børsfossen", "source": "Wikidata", "wikidata_id": "Q34749924"}}, {"type": "Feature", "id": "foss-wd-Q34749928", "geometry": {"type": "Point", "coordinates": [16.73917, 68.31025]}, "properties": {"name": "Børsvassforsen", "source": "Wikidata", "wikidata_id": "Q34749928"}}, {"type": "Feature", "id": "foss-wd-Q34750100", "geometry": {"type": "Point", "coordinates": [27.6632, 70.12937]}, "properties": {"name": "Ciikujåkgårŋit", "source": "Wikidata", "wikidata_id": "Q34750100"}}, {"type": "Feature", "id": "foss-wd-Q34750105", "geometry": {"type": "Point", "coordinates": [24.29737, 69.42645]}, "properties": {"name": "Ceakkoguoika", "source": "Wikidata", "wikidata_id": "Q34750105"}}, {"type": "Feature", "id": "foss-wd-Q34750108", "geometry": {"type": "Point", "coordinates": [24.3199, 69.60844]}, "properties": {"name": "Cægguguoika", "source": "Wikidata", "wikidata_id": "Q34750108"}}, {"type": "Feature", "id": "foss-wd-Q34750113", "geometry": {"type": "Point", "coordinates": [24.78059, 69.23143]}, "properties": {"name": "Dabmutguoika", "source": "Wikidata", "wikidata_id": "Q34750113"}}, {"type": "Feature", "id": "foss-wd-Q34750127", "geometry": {"type": "Point", "coordinates": [11.78481, 63.39657]}, "properties": {"name": "Dalamofossen", "source": "Wikidata", "wikidata_id": "Q34750127"}}, {"type": "Feature", "id": "foss-wd-Q34750135", "geometry": {"type": "Point", "coordinates": [13.29144, 65.61131]}, "properties": {"name": "Dalforsen", "source": "Wikidata", "wikidata_id": "Q34750135"}}, {"type": "Feature", "id": "foss-wd-Q34750139", "geometry": {"type": "Point", "coordinates": [16.1149, 68.66588]}, "properties": {"name": "Dalfossen", "source": "Wikidata", "wikidata_id": "Q34750139"}}, {"type": "Feature", "id": "foss-wd-Q34750144", "geometry": {"type": "Point", "coordinates": [20.11988, 69.52144]}, "properties": {"name": "Dalfossen", "source": "Wikidata", "wikidata_id": "Q34750144"}}, {"type": "Feature", "id": "foss-wd-Q34750151", "geometry": {"type": "Point", "coordinates": [8.97847, 61.16771]}, "properties": {"name": "Dalsfossen", "source": "Wikidata", "wikidata_id": "Q34750151"}}, {"type": "Feature", "id": "foss-wd-Q34750163", "geometry": {"type": "Point", "coordinates": [6.97388, 62.26283]}, "properties": {"name": "Damfarfossen", "source": "Wikidata", "wikidata_id": "Q34750163"}}, {"type": "Feature", "id": "foss-wd-Q34750167", "geometry": {"type": "Point", "coordinates": [14.86625, 66.46364]}, "properties": {"name": "Damforsen", "source": "Wikidata", "wikidata_id": "Q34750167"}}, {"type": "Feature", "id": "foss-wd-Q34750175", "geometry": {"type": "Point", "coordinates": [7.29971, 62.21838]}, "properties": {"name": "Damfossen", "source": "Wikidata", "wikidata_id": "Q34750175"}}, {"type": "Feature", "id": "foss-wd-Q34750187", "geometry": {"type": "Point", "coordinates": [6.96648, 62.03849]}, "properties": {"name": "Danefossen", "source": "Wikidata", "wikidata_id": "Q34750187"}}, {"type": "Feature", "id": "foss-wd-Q34750191", "geometry": {"type": "Point", "coordinates": [12.74212, 64.1652]}, "properties": {"name": "Dansarsnora", "source": "Wikidata", "wikidata_id": "Q34750191"}}, {"type": "Feature", "id": "foss-wd-Q34750194", "geometry": {"type": "Point", "coordinates": [6.06721, 61.78652]}, "properties": {"name": "Daufossen", "source": "Wikidata", "wikidata_id": "Q34750194"}}, {"type": "Feature", "id": "foss-wd-Q34750198", "geometry": {"type": "Point", "coordinates": [15.40314, 67.39354]}, "properties": {"name": "Daumannheifossen", "source": "Wikidata", "wikidata_id": "Q34750198"}}, {"type": "Feature", "id": "foss-wd-Q34750205", "geometry": {"type": "Point", "coordinates": [6.51958, 60.17948]}, "properties": {"name": "Dettefoss", "source": "Wikidata", "wikidata_id": "Q34750205"}}, {"type": "Feature", "id": "foss-wd-Q34750208", "geometry": {"type": "Point", "coordinates": [6.00346, 61.60857]}, "properties": {"name": "Dettefossen", "source": "Wikidata", "wikidata_id": "Q34750208"}}, {"type": "Feature", "id": "foss-wd-Q34750213", "geometry": {"type": "Point", "coordinates": [16.02715, 67.66601]}, "properties": {"name": "Dettforsen", "source": "Wikidata", "wikidata_id": "Q34750213"}}, {"type": "Feature", "id": "foss-wd-Q34750217", "geometry": {"type": "Point", "coordinates": [10.78561, 64.23894]}, "properties": {"name": "Dettfossen", "source": "Wikidata", "wikidata_id": "Q34750217"}}, {"type": "Feature", "id": "foss-wd-Q34750225", "geometry": {"type": "Point", "coordinates": [11.76247, 63.76189]}, "properties": {"name": "Dillfossan", "source": "Wikidata", "wikidata_id": "Q34750225"}}, {"type": "Feature", "id": "foss-wd-Q34750230", "geometry": {"type": "Point", "coordinates": [13.88099, 66.71379]}, "properties": {"name": "Dimdalsfossen", "source": "Wikidata", "wikidata_id": "Q34750230"}}, {"type": "Feature", "id": "foss-wd-Q34750238", "geometry": {"type": "Point", "coordinates": [6.71244, 61.37139]}, "properties": {"name": "Distadfossen", "source": "Wikidata", "wikidata_id": "Q34750238"}}, {"type": "Feature", "id": "foss-wd-Q34750249", "geometry": {"type": "Point", "coordinates": [9.10635, 62.06033]}, "properties": {"name": "Dombfossen", "source": "Wikidata", "wikidata_id": "Q34750249"}}, {"type": "Feature", "id": "foss-wd-Q34750253", "geometry": {"type": "Point", "coordinates": [6.15027, 62.14286]}, "properties": {"name": "Donkafossen", "source": "Wikidata", "wikidata_id": "Q34750253"}}, {"type": "Feature", "id": "foss-wd-Q34750260", "geometry": {"type": "Point", "coordinates": [6.42211, 60.24769]}, "properties": {"name": "Dravladalsfossen", "source": "Wikidata", "wikidata_id": "Q34750260"}}, {"type": "Feature", "id": "foss-wd-Q34750276", "geometry": {"type": "Point", "coordinates": [7.5017, 61.37684]}, "properties": {"name": "Drivandefossen", "source": "Wikidata", "wikidata_id": "Q34750276"}}, {"type": "Feature", "id": "foss-wd-Q34750285", "geometry": {"type": "Point", "coordinates": [6.69608, 60.49406]}, "properties": {"name": "Drivfoss", "source": "Wikidata", "wikidata_id": "Q34750285"}}, {"type": "Feature", "id": "foss-wd-Q34750290", "geometry": {"type": "Point", "coordinates": [6.41711, 60.33866]}, "properties": {"name": "Drivfoss", "source": "Wikidata", "wikidata_id": "Q34750290"}}, {"type": "Feature", "id": "foss-wd-Q34750293", "geometry": {"type": "Point", "coordinates": [6.48282, 60.53979]}, "properties": {"name": "Drivfossen", "source": "Wikidata", "wikidata_id": "Q34750293"}}, {"type": "Feature", "id": "foss-wd-Q34750297", "geometry": {"type": "Point", "coordinates": [6.63013, 61.83985]}, "properties": {"name": "Drivfossen", "source": "Wikidata", "wikidata_id": "Q34750297"}}, {"type": "Feature", "id": "foss-wd-Q34750301", "geometry": {"type": "Point", "coordinates": [6.44656, 60.65744]}, "properties": {"name": "Dugstadfossen", "source": "Wikidata", "wikidata_id": "Q34750301"}}, {"type": "Feature", "id": "foss-wd-Q34750305", "geometry": {"type": "Point", "coordinates": [5.92849, 60.4775]}, "properties": {"name": "Dukafossen", "source": "Wikidata", "wikidata_id": "Q34750305"}}, {"type": "Feature", "id": "foss-wd-Q34750313", "geometry": {"type": "Point", "coordinates": [14.60039, 66.36974]}, "properties": {"name": "Dunderforsen", "source": "Wikidata", "wikidata_id": "Q34750313"}}, {"type": "Feature", "id": "foss-wd-Q34750317", "geometry": {"type": "Point", "coordinates": [14.79505, 66.43015]}, "properties": {"name": "Dunderlandsforsen", "source": "Wikidata", "wikidata_id": "Q34750317"}}, {"type": "Feature", "id": "foss-wd-Q34750320", "geometry": {"type": "Point", "coordinates": [15.19949, 67.19612]}, "properties": {"name": "Durmålsfossen", "source": "Wikidata", "wikidata_id": "Q34750320"}}, {"type": "Feature", "id": "foss-wd-Q34750326", "geometry": {"type": "Point", "coordinates": [5.46565, 61.63624]}, "properties": {"name": "Durmålsfossen", "source": "Wikidata", "wikidata_id": "Q34750326"}}, {"type": "Feature", "id": "foss-wd-Q34750337", "geometry": {"type": "Point", "coordinates": [9.81803, 60.19963]}, "properties": {"name": "Dyngefossen", "source": "Wikidata", "wikidata_id": "Q34750337"}}, {"type": "Feature", "id": "foss-wd-Q34750344", "geometry": {"type": "Point", "coordinates": [6.91918, 62.5116]}, "properties": {"name": "Dynjafossen", "source": "Wikidata", "wikidata_id": "Q34750344"}}, {"type": "Feature", "id": "foss-wd-Q34750353", "geometry": {"type": "Point", "coordinates": [6.63324, 60.00836]}, "properties": {"name": "Dyrfoss", "source": "Wikidata", "wikidata_id": "Q34750353"}}, {"type": "Feature", "id": "foss-wd-Q34750357", "geometry": {"type": "Point", "coordinates": [11.61415, 64.34854]}, "properties": {"name": "Dyrfossen", "source": "Wikidata", "wikidata_id": "Q34750357"}}, {"type": "Feature", "id": "foss-wd-Q34750361", "geometry": {"type": "Point", "coordinates": [11.90656, 64.39419]}, "properties": {"name": "Dyrfossen", "source": "Wikidata", "wikidata_id": "Q34750361"}}, {"type": "Feature", "id": "foss-wd-Q34750369", "geometry": {"type": "Point", "coordinates": [10.60519, 63.23425]}, "properties": {"name": "Dånnøyfossen", "source": "Wikidata", "wikidata_id": "Q34750369"}}, {"type": "Feature", "id": "foss-wd-Q34750375", "geometry": {"type": "Point", "coordinates": [11.18537, 64.13911]}, "properties": {"name": "Dølfossen", "source": "Wikidata", "wikidata_id": "Q34750375"}}, {"type": "Feature", "id": "foss-wd-Q34750379", "geometry": {"type": "Point", "coordinates": [11.19382, 64.14104]}, "properties": {"name": "Dølfossmyra", "source": "Wikidata", "wikidata_id": "Q34750379"}}, {"type": "Feature", "id": "foss-wd-Q34750384", "geometry": {"type": "Point", "coordinates": [10.92138, 60.25662]}, "properties": {"name": "Dølifossen", "source": "Wikidata", "wikidata_id": "Q34750384"}}, {"type": "Feature", "id": "foss-wd-Q34750389", "geometry": {"type": "Point", "coordinates": [8.09365, 61.91574]}, "properties": {"name": "Dønnfossen", "source": "Wikidata", "wikidata_id": "Q34750389"}}, {"type": "Feature", "id": "foss-wd-Q34750399", "geometry": {"type": "Point", "coordinates": [10.18576, 61.66128]}, "properties": {"name": "Dørfallet", "source": "Wikidata", "wikidata_id": "Q34750399"}}, {"type": "Feature", "id": "foss-wd-Q34750422", "geometry": {"type": "Point", "coordinates": [12.29121, 60.66354]}, "properties": {"name": "Eftasbergfossen", "source": "Wikidata", "wikidata_id": "Q34750422"}}, {"type": "Feature", "id": "foss-wd-Q34750427", "geometry": {"type": "Point", "coordinates": [11.1828, 62.8904]}, "properties": {"name": "Eggafossen", "source": "Wikidata", "wikidata_id": "Q34750427"}}, {"type": "Feature", "id": "foss-wd-Q34750433", "geometry": {"type": "Point", "coordinates": [7.75573, 62.48393]}, "properties": {"name": "Eidafossen", "source": "Wikidata", "wikidata_id": "Q34750433"}}, {"type": "Feature", "id": "foss-wd-Q34750437", "geometry": {"type": "Point", "coordinates": [9.30177, 61.80455]}, "properties": {"name": "Eidefossen", "source": "Wikidata", "wikidata_id": "Q34750437"}}, {"type": "Feature", "id": "foss-wd-Q34750441", "geometry": {"type": "Point", "coordinates": [6.29721, 60.28563]}, "properties": {"name": "Eidesfossen", "source": "Wikidata", "wikidata_id": "Q34750441"}}, {"type": "Feature", "id": "foss-wd-Q34750445", "geometry": {"type": "Point", "coordinates": [6.55405, 60.05626]}, "properties": {"name": "Eidesfossen", "source": "Wikidata", "wikidata_id": "Q34750445"}}, {"type": "Feature", "id": "foss-wd-Q34750449", "geometry": {"type": "Point", "coordinates": [15.72441, 67.61253]}, "properties": {"name": "Eidismofossen", "source": "Wikidata", "wikidata_id": "Q34750449"}}, {"type": "Feature", "id": "foss-wd-Q34750454", "geometry": {"type": "Point", "coordinates": [10.93993, 62.37892]}, "properties": {"name": "Eidsfossen", "source": "Wikidata", "wikidata_id": "Q34750454"}}, {"type": "Feature", "id": "foss-wd-Q34750458", "geometry": {"type": "Point", "coordinates": [10.38064, 62.51706]}, "properties": {"name": "Eidsfossen", "source": "Wikidata", "wikidata_id": "Q34750458"}}, {"type": "Feature", "id": "foss-wd-Q34750462", "geometry": {"type": "Point", "coordinates": [11.83994, 60.64985]}, "properties": {"name": "Eidsfossen", "source": "Wikidata", "wikidata_id": "Q34750462"}}, {"type": "Feature", "id": "foss-wd-Q34750467", "geometry": {"type": "Point", "coordinates": [8.39106, 61.17887]}, "properties": {"name": "Eidsfossen", "source": "Wikidata", "wikidata_id": "Q34750467"}}, {"type": "Feature", "id": "foss-wd-Q34750477", "geometry": {"type": "Point", "coordinates": [9.71517, 60.72344]}, "properties": {"name": "Eidsfoss", "source": "Wikidata", "wikidata_id": "Q34750477"}}, {"type": "Feature", "id": "foss-wd-Q34750482", "geometry": {"type": "Point", "coordinates": [5.87831, 61.3337]}, "properties": {"name": "Eikelandsfossen", "source": "Wikidata", "wikidata_id": "Q34750482"}}, {"type": "Feature", "id": "foss-wd-Q34750486", "geometry": {"type": "Point", "coordinates": [5.38824, 60.88085]}, "properties": {"name": "Eikemofossen", "source": "Wikidata", "wikidata_id": "Q34750486"}}, {"type": "Feature", "id": "foss-wd-Q34750503", "geometry": {"type": "Point", "coordinates": [15.46351, 66.98444]}, "properties": {"name": "Einarforsen", "source": "Wikidata", "wikidata_id": "Q34750503"}}, {"type": "Feature", "id": "foss-wd-Q34750507", "geometry": {"type": "Point", "coordinates": [5.94053, 61.73651]}, "properties": {"name": "Einegjølfossen", "source": "Wikidata", "wikidata_id": "Q34750507"}}, {"type": "Feature", "id": "foss-wd-Q34750510", "geometry": {"type": "Point", "coordinates": [11.94345, 65.65317]}, "properties": {"name": "Einesfossen", "source": "Wikidata", "wikidata_id": "Q34750510"}}, {"type": "Feature", "id": "foss-wd-Q34750512", "geometry": {"type": "Point", "coordinates": [13.73931, 64.40389]}, "properties": {"name": "Einvollfossen", "source": "Wikidata", "wikidata_id": "Q34750512"}}, {"type": "Feature", "id": "foss-wd-Q34750516", "geometry": {"type": "Point", "coordinates": [7.82913, 61.07601]}, "properties": {"name": "Eisandafossen", "source": "Wikidata", "wikidata_id": "Q34750516"}}, {"type": "Feature", "id": "foss-wd-Q34750518", "geometry": {"type": "Point", "coordinates": [5.65109, 60.76836]}, "properties": {"name": "Eiterdalsfossen", "source": "Wikidata", "wikidata_id": "Q34750518"}}, {"type": "Feature", "id": "foss-wd-Q34750522", "geometry": {"type": "Point", "coordinates": [7.41886, 60.91356]}, "properties": {"name": "Eitrefossen", "source": "Wikidata", "wikidata_id": "Q34750522"}}, {"type": "Feature", "id": "foss-wd-Q34750525", "geometry": {"type": "Point", "coordinates": [6.13518, 61.15683]}, "properties": {"name": "Eitrefossen", "source": "Wikidata", "wikidata_id": "Q34750525"}}, {"type": "Feature", "id": "foss-wd-Q34750528", "geometry": {"type": "Point", "coordinates": [6.13255, 61.15847]}, "properties": {"name": "Eitrenesfossen", "source": "Wikidata", "wikidata_id": "Q34750528"}}, {"type": "Feature", "id": "foss-wd-Q34750553", "geometry": {"type": "Point", "coordinates": [7.76804, 61.27221]}, "properties": {"name": "Eldegardsfossen", "source": "Wikidata", "wikidata_id": "Q34750553"}}, {"type": "Feature", "id": "foss-wd-Q34750557", "geometry": {"type": "Point", "coordinates": [11.91277, 63.37997]}, "properties": {"name": "Elgfossen", "source": "Wikidata", "wikidata_id": "Q34750557"}}, {"type": "Feature", "id": "foss-wd-Q34750565", "geometry": {"type": "Point", "coordinates": [13.19028, 66.2669]}, "properties": {"name": "Ellingfossen", "source": "Wikidata", "wikidata_id": "Q34750565"}}, {"type": "Feature", "id": "foss-wd-Q34750570", "geometry": {"type": "Point", "coordinates": [6.70035, 61.03191]}, "properties": {"name": "Elvafossane", "source": "Wikidata", "wikidata_id": "Q34750570"}}, {"type": "Feature", "id": "foss-wd-Q34750583", "geometry": {"type": "Point", "coordinates": [6.59944, 61.02712]}, "properties": {"name": "Elvafossen", "source": "Wikidata", "wikidata_id": "Q34750583"}}, {"type": "Feature", "id": "foss-wd-Q34750588", "geometry": {"type": "Point", "coordinates": [11.62931, 61.77461]}, "properties": {"name": "Elvbrufossen", "source": "Wikidata", "wikidata_id": "Q34750588"}}, {"type": "Feature", "id": "foss-wd-Q34750591", "geometry": {"type": "Point", "coordinates": [22.05148, 70.60072]}, "properties": {"name": "Elvefossen", "source": "Wikidata", "wikidata_id": "Q34750591"}}, {"type": "Feature", "id": "foss-wd-Q34750597", "geometry": {"type": "Point", "coordinates": [14.44874, 65.44814]}, "properties": {"name": "Elvengforsen", "source": "Wikidata", "wikidata_id": "Q34750597"}}, {"type": "Feature", "id": "foss-wd-Q34750601", "geometry": {"type": "Point", "coordinates": [11.64641, 61.76103]}, "properties": {"name": "Elvsæterfossen", "source": "Wikidata", "wikidata_id": "Q34750601"}}, {"type": "Feature", "id": "foss-wd-Q34750607", "geometry": {"type": "Point", "coordinates": [12.51324, 64.37783]}, "properties": {"name": "Embrigtfossen", "source": "Wikidata", "wikidata_id": "Q34750607"}}, {"type": "Feature", "id": "foss-wd-Q34750614", "geometry": {"type": "Point", "coordinates": [11.63512, 64.34318]}, "properties": {"name": "Engelsfossen", "source": "Wikidata", "wikidata_id": "Q34750614"}}, {"type": "Feature", "id": "foss-wd-Q34750624", "geometry": {"type": "Point", "coordinates": [9.85775, 60.32122]}, "properties": {"name": "Engerfossen", "source": "Wikidata", "wikidata_id": "Q34750624"}}, {"type": "Feature", "id": "foss-wd-Q34750632", "geometry": {"type": "Point", "coordinates": [14.8362, 66.31321]}, "properties": {"name": "Engesforsen", "source": "Wikidata", "wikidata_id": "Q34750632"}}, {"type": "Feature", "id": "foss-wd-Q34750641", "geometry": {"type": "Point", "coordinates": [7.26099, 60.41184]}, "properties": {"name": "Engjafoss", "source": "Wikidata", "wikidata_id": "Q34750641"}}, {"type": "Feature", "id": "foss-wd-Q34750650", "geometry": {"type": "Point", "coordinates": [8.66294, 62.90686]}, "properties": {"name": "Engjafossen", "source": "Wikidata", "wikidata_id": "Q34750650"}}, {"type": "Feature", "id": "foss-wd-Q34750659", "geometry": {"type": "Point", "coordinates": [5.37413, 59.96331]}, "properties": {"name": "Engjavikefossen", "source": "Wikidata", "wikidata_id": "Q34750659"}}, {"type": "Feature", "id": "foss-wd-Q34750707", "geometry": {"type": "Point", "coordinates": [19.44389, 69.04342]}, "properties": {"name": "Erikbrufossen", "source": "Wikidata", "wikidata_id": "Q34750707"}}, {"type": "Feature", "id": "foss-wd-Q34750715", "geometry": {"type": "Point", "coordinates": [5.37235, 61.43117]}, "properties": {"name": "Ertefossen", "source": "Wikidata", "wikidata_id": "Q34750715"}}, {"type": "Feature", "id": "foss-wd-Q34750723", "geometry": {"type": "Point", "coordinates": [11.73239, 62.97968]}, "properties": {"name": "Esfossen", "source": "Wikidata", "wikidata_id": "Q34750723"}}, {"type": "Feature", "id": "foss-wd-Q34750731", "geometry": {"type": "Point", "coordinates": [9.4123, 61.46758]}, "properties": {"name": "Espefossen", "source": "Wikidata", "wikidata_id": "Q34750731"}}, {"type": "Feature", "id": "foss-wd-Q34750740", "geometry": {"type": "Point", "coordinates": [6.82213, 60.59807]}, "properties": {"name": "Espelandsfossen", "source": "Wikidata", "wikidata_id": "Q34750740"}}, {"type": "Feature", "id": "foss-wd-Q34750766", "geometry": {"type": "Point", "coordinates": [11.96777, 64.54079]}, "properties": {"name": "Estenhusfossen", "source": "Wikidata", "wikidata_id": "Q34750766"}}, {"type": "Feature", "id": "foss-wd-Q34750775", "geometry": {"type": "Point", "coordinates": [6.21169, 61.7643]}, "properties": {"name": "Evebøfossen", "source": "Wikidata", "wikidata_id": "Q34750775"}}, {"type": "Feature", "id": "foss-wd-Q34750784", "geometry": {"type": "Point", "coordinates": [10.54525, 64.01916]}, "properties": {"name": "Evjefossen", "source": "Wikidata", "wikidata_id": "Q34750784"}}, {"type": "Feature", "id": "foss-wd-Q34750792", "geometry": {"type": "Point", "coordinates": [15.76482, 67.33245]}, "properties": {"name": "Fagerbakkforsen", "source": "Wikidata", "wikidata_id": "Q34750792"}}, {"type": "Feature", "id": "foss-wd-Q34750799", "geometry": {"type": "Point", "coordinates": [8.54927, 63.26794]}, "properties": {"name": "Fagerhaugfossen", "source": "Wikidata", "wikidata_id": "Q34750799"}}, {"type": "Feature", "id": "foss-wd-Q34750806", "geometry": {"type": "Point", "coordinates": [12.21877, 63.83606]}, "properties": {"name": "Fagerlifossen", "source": "Wikidata", "wikidata_id": "Q34750806"}}, {"type": "Feature", "id": "foss-wd-Q34750814", "geometry": {"type": "Point", "coordinates": [24.70126, 69.17375]}, "properties": {"name": "Falesgårŋi", "source": "Wikidata", "wikidata_id": "Q34750814"}}, {"type": "Feature", "id": "foss-wd-Q34750821", "geometry": {"type": "Point", "coordinates": [30.16577, 70.18185]}, "properties": {"name": "Falkgårdfossen", "source": "Wikidata", "wikidata_id": "Q34750821"}}, {"type": "Feature", "id": "foss-wd-Q34750829", "geometry": {"type": "Point", "coordinates": [11.2552, 60.9144]}, "properties": {"name": "Falla", "source": "Wikidata", "wikidata_id": "Q34750829"}}, {"type": "Feature", "id": "foss-wd-Q34750836", "geometry": {"type": "Point", "coordinates": [10.54664, 62.03937]}, "properties": {"name": "Fallet", "source": "Wikidata", "wikidata_id": "Q34750836"}}, {"type": "Feature", "id": "foss-wd-Q34750844", "geometry": {"type": "Point", "coordinates": [11.7493, 62.1815]}, "properties": {"name": "Fallet", "source": "Wikidata", "wikidata_id": "Q34750844"}}, {"type": "Feature", "id": "foss-wd-Q34750853", "geometry": {"type": "Point", "coordinates": [11.49473, 62.39477]}, "properties": {"name": "Fallet", "source": "Wikidata", "wikidata_id": "Q34750853"}}, {"type": "Feature", "id": "foss-wd-Q34750861", "geometry": {"type": "Point", "coordinates": [11.15684, 61.80479]}, "properties": {"name": "Fallet", "source": "Wikidata", "wikidata_id": "Q34750861"}}, {"type": "Feature", "id": "foss-wd-Q34750868", "geometry": {"type": "Point", "coordinates": [11.18403, 62.39254]}, "properties": {"name": "Fallet", "source": "Wikidata", "wikidata_id": "Q34750868"}}, {"type": "Feature", "id": "foss-wd-Q34750875", "geometry": {"type": "Point", "coordinates": [10.29007, 62.30353]}, "properties": {"name": "Fallet", "source": "Wikidata", "wikidata_id": "Q34750875"}}, {"type": "Feature", "id": "foss-wd-Q34750884", "geometry": {"type": "Point", "coordinates": [10.32333, 62.58795]}, "properties": {"name": "Fallet", "source": "Wikidata", "wikidata_id": "Q34750884"}}, {"type": "Feature", "id": "foss-wd-Q34750893", "geometry": {"type": "Point", "coordinates": [9.02584, 61.49179]}, "properties": {"name": "Fallet", "source": "Wikidata", "wikidata_id": "Q34750893"}}, {"type": "Feature", "id": "foss-wd-Q34750901", "geometry": {"type": "Point", "coordinates": [9.6913, 61.52644]}, "properties": {"name": "Fallet", "source": "Wikidata", "wikidata_id": "Q34750901"}}, {"type": "Feature", "id": "foss-wd-Q34750910", "geometry": {"type": "Point", "coordinates": [9.78871, 61.61289]}, "properties": {"name": "Fallet", "source": "Wikidata", "wikidata_id": "Q34750910"}}, {"type": "Feature", "id": "foss-wd-Q34750918", "geometry": {"type": "Point", "coordinates": [10.47753, 61.44418]}, "properties": {"name": "Fallet", "source": "Wikidata", "wikidata_id": "Q34750918"}}, {"type": "Feature", "id": "foss-wd-Q34750928", "geometry": {"type": "Point", "coordinates": [11.2644, 62.60937]}, "properties": {"name": "Fallet", "source": "Wikidata", "wikidata_id": "Q34750928"}}, {"type": "Feature", "id": "foss-wd-Q34750937", "geometry": {"type": "Point", "coordinates": [12.88641, 65.61366]}, "properties": {"name": "Fallforsen", "source": "Wikidata", "wikidata_id": "Q34750937"}}, {"type": "Feature", "id": "foss-wd-Q34750945", "geometry": {"type": "Point", "coordinates": [9.63346, 62.11811]}, "properties": {"name": "Fallfossen", "source": "Wikidata", "wikidata_id": "Q34750945"}}, {"type": "Feature", "id": "foss-wd-Q34671483", "geometry": {"type": "Point", "coordinates": [15.39376, 67.39742]}, "properties": {"name": "Fridalforsen", "source": "Wikidata", "wikidata_id": "Q34671483"}}, {"type": "Feature", "id": "foss-wd-Q34671497", "geometry": {"type": "Point", "coordinates": [6.87089, 61.35325]}, "properties": {"name": "Frudalsfossen", "source": "Wikidata", "wikidata_id": "Q34671497"}}, {"type": "Feature", "id": "foss-wd-Q34671505", "geometry": {"type": "Point", "coordinates": [9.95443, 61.70208]}, "properties": {"name": "Fryfallet", "source": "Wikidata", "wikidata_id": "Q34671505"}}, {"type": "Feature", "id": "foss-wd-Q34672130", "geometry": {"type": "Point", "coordinates": [26.8553, 69.95999]}, "properties": {"name": "Gæđgašguoika", "source": "Wikidata", "wikidata_id": "Q34672130"}}, {"type": "Feature", "id": "foss-wd-Q34672142", "geometry": {"type": "Point", "coordinates": [29.85981, 70.08831]}, "properties": {"name": "Gøngæsfossen", "source": "Wikidata", "wikidata_id": "Q34672142"}}, {"type": "Feature", "id": "foss-wd-Q34672148", "geometry": {"type": "Point", "coordinates": [12.4929, 60.22956]}, "properties": {"name": "Gørrfoss", "source": "Wikidata", "wikidata_id": "Q34672148"}}, {"type": "Feature", "id": "foss-wd-Q34672165", "geometry": {"type": "Point", "coordinates": [8.3476, 60.59645]}, "properties": {"name": "Hagafossen", "source": "Wikidata", "wikidata_id": "Q34672165"}}, {"type": "Feature", "id": "foss-wd-Q34672172", "geometry": {"type": "Point", "coordinates": [6.23447, 60.83192]}, "properties": {"name": "Hagafossen", "source": "Wikidata", "wikidata_id": "Q34672172"}}, {"type": "Feature", "id": "foss-wd-Q34672178", "geometry": {"type": "Point", "coordinates": [7.19815, 60.89851]}, "properties": {"name": "Hagafossen", "source": "Wikidata", "wikidata_id": "Q34672178"}}, {"type": "Feature", "id": "foss-wd-Q34672202", "geometry": {"type": "Point", "coordinates": [5.8284, 61.44273]}, "properties": {"name": "Halbrendsfossen", "source": "Wikidata", "wikidata_id": "Q34672202"}}, {"type": "Feature", "id": "foss-wd-Q34672210", "geometry": {"type": "Point", "coordinates": [6.08911, 60.50969]}, "properties": {"name": "Haldreifossen", "source": "Wikidata", "wikidata_id": "Q34672210"}}, {"type": "Feature", "id": "foss-wd-Q34672233", "geometry": {"type": "Point", "coordinates": [13.04821, 64.70594]}, "properties": {"name": "Halldorfossen", "source": "Wikidata", "wikidata_id": "Q34672233"}}, {"type": "Feature", "id": "foss-wd-Q34672240", "geometry": {"type": "Point", "coordinates": [9.05353, 60.64407]}, "properties": {"name": "Hallifossen", "source": "Wikidata", "wikidata_id": "Q34672240"}}, {"type": "Feature", "id": "foss-wd-Q34672247", "geometry": {"type": "Point", "coordinates": [9.35609, 60.26124]}, "properties": {"name": "Hallingbrufossen", "source": "Wikidata", "wikidata_id": "Q34672247"}}, {"type": "Feature", "id": "foss-wd-Q34672256", "geometry": {"type": "Point", "coordinates": [9.48351, 60.7342]}, "properties": {"name": "Halvorføss", "source": "Wikidata", "wikidata_id": "Q34672256"}}, {"type": "Feature", "id": "foss-wd-Q34672263", "geometry": {"type": "Point", "coordinates": [11.9713, 63.9588]}, "properties": {"name": "Hammardalsfossen", "source": "Wikidata", "wikidata_id": "Q34672263"}}, {"type": "Feature", "id": "foss-wd-Q34672277", "geometry": {"type": "Point", "coordinates": [5.52886, 61.88296]}, "properties": {"name": "Hamrefossen", "source": "Wikidata", "wikidata_id": "Q34672277"}}, {"type": "Feature", "id": "foss-wd-Q34672283", "geometry": {"type": "Point", "coordinates": [7.47002, 61.37642]}, "properties": {"name": "Hanafossen", "source": "Wikidata", "wikidata_id": "Q34672283"}}, {"type": "Feature", "id": "foss-wd-Q34672311", "geometry": {"type": "Point", "coordinates": [6.87695, 60.98768]}, "properties": {"name": "Handadalsfossen", "source": "Wikidata", "wikidata_id": "Q34672311"}}, {"type": "Feature", "id": "foss-wd-Q34672318", "geometry": {"type": "Point", "coordinates": [5.35618, 61.74079]}, "properties": {"name": "Handklefossen", "source": "Wikidata", "wikidata_id": "Q34672318"}}, {"type": "Feature", "id": "foss-wd-Q34672343", "geometry": {"type": "Point", "coordinates": [9.42795, 60.48339]}, "properties": {"name": "Hangfoss", "source": "Wikidata", "wikidata_id": "Q34672343"}}, {"type": "Feature", "id": "foss-wd-Q34672349", "geometry": {"type": "Point", "coordinates": [11.78729, 63.76242]}, "properties": {"name": "Hangfossen", "source": "Wikidata", "wikidata_id": "Q34672349"}}, {"type": "Feature", "id": "foss-wd-Q34672355", "geometry": {"type": "Point", "coordinates": [14.75734, 66.32483]}, "properties": {"name": "Hansforsan", "source": "Wikidata", "wikidata_id": "Q34672355"}}, {"type": "Feature", "id": "foss-wd-Q34672362", "geometry": {"type": "Point", "coordinates": [10.25048, 63.61765]}, "properties": {"name": "Hansfossen", "source": "Wikidata", "wikidata_id": "Q34672362"}}, {"type": "Feature", "id": "foss-wd-Q34672368", "geometry": {"type": "Point", "coordinates": [11.45106, 63.7192]}, "properties": {"name": "Hansfossen", "source": "Wikidata", "wikidata_id": "Q34672368"}}, {"type": "Feature", "id": "foss-wd-Q34672374", "geometry": {"type": "Point", "coordinates": [14.58067, 66.78864]}, "properties": {"name": "Haraldforsen", "source": "Wikidata", "wikidata_id": "Q34672374"}}, {"type": "Feature", "id": "foss-wd-Q34672382", "geometry": {"type": "Point", "coordinates": [5.37928, 61.2532]}, "properties": {"name": "Harefossen", "source": "Wikidata", "wikidata_id": "Q34672382"}}, {"type": "Feature", "id": "foss-wd-Q34672389", "geometry": {"type": "Point", "coordinates": [8.61348, 62.61742]}, "properties": {"name": "Haremdalsfalla", "source": "Wikidata", "wikidata_id": "Q34672389"}}, {"type": "Feature", "id": "foss-wd-Q34672396", "geometry": {"type": "Point", "coordinates": [6.30162, 62.22538]}, "properties": {"name": "Harpedalsfossen", "source": "Wikidata", "wikidata_id": "Q34672396"}}, {"type": "Feature", "id": "foss-wd-Q34672402", "geometry": {"type": "Point", "coordinates": [5.93998, 61.95637]}, "properties": {"name": "Harpefoss", "source": "Wikidata", "wikidata_id": "Q34672402"}}, {"type": "Feature", "id": "foss-wd-Q34672409", "geometry": {"type": "Point", "coordinates": [9.85093, 61.57652]}, "properties": {"name": "Harpefossen", "source": "Wikidata", "wikidata_id": "Q34672409"}}, {"type": "Feature", "id": "foss-wd-Q34672416", "geometry": {"type": "Point", "coordinates": [28.26106, 70.39287]}, "properties": {"name": "Harrejåkgårŋi", "source": "Wikidata", "wikidata_id": "Q34672416"}}, {"type": "Feature", "id": "foss-wd-Q34672450", "geometry": {"type": "Point", "coordinates": [9.50911, 61.52816]}, "properties": {"name": "Hattbrotta", "source": "Wikidata", "wikidata_id": "Q34672450"}}, {"type": "Feature", "id": "foss-wd-Q34672459", "geometry": {"type": "Point", "coordinates": [13.94691, 65.5929]}, "properties": {"name": "Hattfjellforsen", "source": "Wikidata", "wikidata_id": "Q34672459"}}, {"type": "Feature", "id": "foss-wd-Q34672475", "geometry": {"type": "Point", "coordinates": [8.62435, 62.90198]}, "properties": {"name": "Hauafossen", "source": "Wikidata", "wikidata_id": "Q34672475"}}, {"type": "Feature", "id": "foss-wd-Q34672482", "geometry": {"type": "Point", "coordinates": [7.60501, 62.49121]}, "properties": {"name": "Haugabottsfossen", "source": "Wikidata", "wikidata_id": "Q34672482"}}, {"type": "Feature", "id": "foss-wd-Q34672489", "geometry": {"type": "Point", "coordinates": [6.26447, 60.28035]}, "properties": {"name": "Haugafossen", "source": "Wikidata", "wikidata_id": "Q34672489"}}, {"type": "Feature", "id": "foss-wd-Q34672496", "geometry": {"type": "Point", "coordinates": [6.10501, 61.35985]}, "properties": {"name": "Haugafossen", "source": "Wikidata", "wikidata_id": "Q34672496"}}, {"type": "Feature", "id": "foss-wd-Q34672505", "geometry": {"type": "Point", "coordinates": [9.06735, 63.29483]}, "properties": {"name": "Haugafossen", "source": "Wikidata", "wikidata_id": "Q34672505"}}, {"type": "Feature", "id": "foss-wd-Q34672514", "geometry": {"type": "Point", "coordinates": [10.25431, 63.79261]}, "properties": {"name": "Haugafossen", "source": "Wikidata", "wikidata_id": "Q34672514"}}, {"type": "Feature", "id": "foss-wd-Q34672521", "geometry": {"type": "Point", "coordinates": [9.14092, 60.01913]}, "properties": {"name": "Haugefoss", "source": "Wikidata", "wikidata_id": "Q34672521"}}, {"type": "Feature", "id": "foss-wd-Q34672546", "geometry": {"type": "Point", "coordinates": [9.96193, 60.11456]}, "properties": {"name": "Haugfoss", "source": "Wikidata", "wikidata_id": "Q34672546"}}, {"type": "Feature", "id": "foss-wd-Q34672561", "geometry": {"type": "Point", "coordinates": [6.81841, 62.5049]}, "properties": {"name": "Haugfossane", "source": "Wikidata", "wikidata_id": "Q34672561"}}, {"type": "Feature", "id": "foss-wd-Q34672567", "geometry": {"type": "Point", "coordinates": [6.88485, 61.86365]}, "properties": {"name": "Haugfossen", "source": "Wikidata", "wikidata_id": "Q34672567"}}, {"type": "Feature", "id": "foss-wd-Q34672576", "geometry": {"type": "Point", "coordinates": [14.76668, 66.91133]}, "properties": {"name": "Haugførsen", "source": "Wikidata", "wikidata_id": "Q34672576"}}, {"type": "Feature", "id": "foss-wd-Q34672592", "geometry": {"type": "Point", "coordinates": [12.36083, 60.46798]}, "properties": {"name": "Haugsfossen", "source": "Wikidata", "wikidata_id": "Q34672592"}}, {"type": "Feature", "id": "foss-wd-Q34672607", "geometry": {"type": "Point", "coordinates": [7.68918, 61.00867]}, "properties": {"name": "Hebbrufossen", "source": "Wikidata", "wikidata_id": "Q34672607"}}, {"type": "Feature", "id": "foss-wd-Q34672630", "geometry": {"type": "Point", "coordinates": [9.43421, 60.15239]}, "properties": {"name": "Heftafossen", "source": "Wikidata", "wikidata_id": "Q34672630"}}, {"type": "Feature", "id": "foss-wd-Q34672638", "geometry": {"type": "Point", "coordinates": [11.04126, 64.21258]}, "properties": {"name": "Heggdalslifossen", "source": "Wikidata", "wikidata_id": "Q34672638"}}, {"type": "Feature", "id": "foss-wd-Q34672645", "geometry": {"type": "Point", "coordinates": [8.69765, 62.99604]}, "properties": {"name": "Heggsetfossen", "source": "Wikidata", "wikidata_id": "Q34672645"}}, {"type": "Feature", "id": "foss-wd-Q34672665", "geometry": {"type": "Point", "coordinates": [10.19929, 63.06618]}, "properties": {"name": "Heiersagfossen", "source": "Wikidata", "wikidata_id": "Q34672665"}}, {"type": "Feature", "id": "foss-wd-Q34672692", "geometry": {"type": "Point", "coordinates": [11.76289, 64.07724]}, "properties": {"name": "Hekkelfossen", "source": "Wikidata", "wikidata_id": "Q34672692"}}, {"type": "Feature", "id": "foss-wd-Q34672715", "geometry": {"type": "Point", "coordinates": [6.42345, 61.03449]}, "properties": {"name": "Heljefossen", "source": "Wikidata", "wikidata_id": "Q34672715"}}, {"type": "Feature", "id": "foss-wd-Q34672722", "geometry": {"type": "Point", "coordinates": [5.88306, 60.83177]}, "properties": {"name": "Hellandsfossen", "source": "Wikidata", "wikidata_id": "Q34672722"}}, {"type": "Feature", "id": "foss-wd-Q34672728", "geometry": {"type": "Point", "coordinates": [5.35176, 61.28102]}, "properties": {"name": "Hellebostfossen", "source": "Wikidata", "wikidata_id": "Q34672728"}}, {"type": "Feature", "id": "foss-wd-Q34672750", "geometry": {"type": "Point", "coordinates": [17.78212, 69.23187]}, "properties": {"name": "Hellefossen", "source": "Wikidata", "wikidata_id": "Q34672750"}}, {"type": "Feature", "id": "foss-wd-Q34672758", "geometry": {"type": "Point", "coordinates": [18.08649, 68.85451]}, "properties": {"name": "Hellefossen", "source": "Wikidata", "wikidata_id": "Q34672758"}}, {"type": "Feature", "id": "foss-wd-Q34672762", "geometry": {"type": "Point", "coordinates": [8.41171, 61.48044]}, "properties": {"name": "Hellerfossen", "source": "Wikidata", "wikidata_id": "Q34672762"}}, {"type": "Feature", "id": "foss-wd-Q34672767", "geometry": {"type": "Point", "coordinates": [18.78073, 69.00607]}, "properties": {"name": "Hellfossen", "source": "Wikidata", "wikidata_id": "Q34672767"}}, {"type": "Feature", "id": "foss-wd-Q34672774", "geometry": {"type": "Point", "coordinates": [12.35481, 65.06741]}, "properties": {"name": "Hellifossen", "source": "Wikidata", "wikidata_id": "Q34672774"}}, {"type": "Feature", "id": "foss-wd-Q34672781", "geometry": {"type": "Point", "coordinates": [15.86786, 67.44908]}, "properties": {"name": "Helligforsen", "source": "Wikidata", "wikidata_id": "Q34672781"}}, {"type": "Feature", "id": "foss-wd-Q34672812", "geometry": {"type": "Point", "coordinates": [17.79266, 69.38887]}, "properties": {"name": "Helvetesfoss", "source": "Wikidata", "wikidata_id": "Q34672812"}}, {"type": "Feature", "id": "foss-wd-Q34672826", "geometry": {"type": "Point", "coordinates": [7.16181, 61.27725]}, "properties": {"name": "Helvetesfossen", "source": "Wikidata", "wikidata_id": "Q34672826"}}, {"type": "Feature", "id": "foss-wd-Q34672832", "geometry": {"type": "Point", "coordinates": [11.8865, 63.38508]}, "properties": {"name": "Helvetet", "source": "Wikidata", "wikidata_id": "Q34672832"}}, {"type": "Feature", "id": "foss-wd-Q34672840", "geometry": {"type": "Point", "coordinates": [12.54386, 64.27571]}, "properties": {"name": "Helvetet", "source": "Wikidata", "wikidata_id": "Q34672840"}}, {"type": "Feature", "id": "foss-wd-Q34672848", "geometry": {"type": "Point", "coordinates": [9.0623, 61.17068]}, "properties": {"name": "Helvetisfossen", "source": "Wikidata", "wikidata_id": "Q34672848"}}, {"type": "Feature", "id": "foss-wd-Q34672871", "geometry": {"type": "Point", "coordinates": [11.59891, 63.02089]}, "properties": {"name": "Henfallet", "source": "Wikidata", "wikidata_id": "Q34672871"}}, {"type": "Feature", "id": "foss-wd-Q34672895", "geometry": {"type": "Point", "coordinates": [20.32841, 69.38433]}, "properties": {"name": "Hengen", "source": "Wikidata", "wikidata_id": "Q34672895"}}, {"type": "Feature", "id": "foss-wd-Q34672902", "geometry": {"type": "Point", "coordinates": [11.55247, 62.99259]}, "properties": {"name": "Henkrokfossen", "source": "Wikidata", "wikidata_id": "Q34672902"}}, {"type": "Feature", "id": "foss-wd-Q34672915", "geometry": {"type": "Point", "coordinates": [14.61099, 66.36661]}, "properties": {"name": "Henrikforsen", "source": "Wikidata", "wikidata_id": "Q34672915"}}, {"type": "Feature", "id": "foss-wd-Q34672923", "geometry": {"type": "Point", "coordinates": [10.93269, 60.20363]}, "properties": {"name": "Henriksfossen", "source": "Wikidata", "wikidata_id": "Q34672923"}}, {"type": "Feature", "id": "foss-wd-Q34672953", "geometry": {"type": "Point", "coordinates": [7.10565, 61.40224]}, "properties": {"name": "Hesjateigfossane", "source": "Wikidata", "wikidata_id": "Q34672953"}}, {"type": "Feature", "id": "foss-wd-Q34672961", "geometry": {"type": "Point", "coordinates": [5.76641, 60.69736]}, "properties": {"name": "Hesjedalsfossen", "source": "Wikidata", "wikidata_id": "Q34672961"}}, {"type": "Feature", "id": "foss-wd-Q34672969", "geometry": {"type": "Point", "coordinates": [16.99407, 68.65853]}, "properties": {"name": "Hesjestrandfossen", "source": "Wikidata", "wikidata_id": "Q34672969"}}, {"type": "Feature", "id": "foss-wd-Q34672976", "geometry": {"type": "Point", "coordinates": [6.69507, 61.41264]}, "properties": {"name": "Hestaskredfossen", "source": "Wikidata", "wikidata_id": "Q34672976"}}, {"type": "Feature", "id": "foss-wd-Q34672982", "geometry": {"type": "Point", "coordinates": [12.44219, 64.51755]}, "properties": {"name": "Hestdalfossen", "source": "Wikidata", "wikidata_id": "Q34672982"}}, {"type": "Feature", "id": "foss-wd-Q34672990", "geometry": {"type": "Point", "coordinates": [5.3841, 61.66319]}, "properties": {"name": "Hestedalsfossen", "source": "Wikidata", "wikidata_id": "Q34672990"}}, {"type": "Feature", "id": "foss-wd-Q34672996", "geometry": {"type": "Point", "coordinates": [19.40376, 69.34317]}, "properties": {"name": "Hesteforsen", "source": "Wikidata", "wikidata_id": "Q34672996"}}, {"type": "Feature", "id": "foss-wd-Q34673012", "geometry": {"type": "Point", "coordinates": [29.23752, 69.11787]}, "properties": {"name": "Hestefossen", "source": "Wikidata", "wikidata_id": "Q34673012"}}, {"type": "Feature", "id": "foss-wd-Q34673020", "geometry": {"type": "Point", "coordinates": [5.79716, 61.02501]}, "properties": {"name": "Hestfossen", "source": "Wikidata", "wikidata_id": "Q34673020"}}, {"type": "Feature", "id": "foss-wd-Q34673028", "geometry": {"type": "Point", "coordinates": [11.60122, 64.27534]}, "properties": {"name": "Hestholmfossen", "source": "Wikidata", "wikidata_id": "Q34673028"}}, {"type": "Feature", "id": "foss-wd-Q34673035", "geometry": {"type": "Point", "coordinates": [12.06244, 61.52106]}, "properties": {"name": "Hestskofossen", "source": "Wikidata", "wikidata_id": "Q34673035"}}, {"type": "Feature", "id": "foss-wd-Q34673042", "geometry": {"type": "Point", "coordinates": [15.32067, 67.38334]}, "properties": {"name": "Hestvadfossen", "source": "Wikidata", "wikidata_id": "Q34673042"}}, {"type": "Feature", "id": "foss-wd-Q34673050", "geometry": {"type": "Point", "coordinates": [12.55193, 64.64135]}, "properties": {"name": "Hevilfossen", "source": "Wikidata", "wikidata_id": "Q34673050"}}, {"type": "Feature", "id": "foss-wd-Q34673074", "geometry": {"type": "Point", "coordinates": [23.51784, 70.35019]}, "properties": {"name": "Himesgorsa", "source": "Wikidata", "wikidata_id": "Q34673074"}}, {"type": "Feature", "id": "foss-wd-Q34673082", "geometry": {"type": "Point", "coordinates": [5.26384, 60.86156]}, "properties": {"name": "Hindefossen", "source": "Wikidata", "wikidata_id": "Q34673082"}}, {"type": "Feature", "id": "foss-wd-Q34673103", "geometry": {"type": "Point", "coordinates": [6.20885, 60.24246]}, "properties": {"name": "Hjellastigfossen", "source": "Wikidata", "wikidata_id": "Q34673103"}}, {"type": "Feature", "id": "foss-wd-Q34673116", "geometry": {"type": "Point", "coordinates": [5.38267, 61.79041]}, "properties": {"name": "Hjelmefossen", "source": "Wikidata", "wikidata_id": "Q34673116"}}, {"type": "Feature", "id": "foss-wd-Q34673124", "geometry": {"type": "Point", "coordinates": [7.45944, 61.50639]}, "properties": {"name": "Hodnafossen", "source": "Wikidata", "wikidata_id": "Q34673124"}}, {"type": "Feature", "id": "foss-wd-Q34673146", "geometry": {"type": "Point", "coordinates": [11.40336, 60.30997]}, "properties": {"name": "Hofossen", "source": "Wikidata", "wikidata_id": "Q34673146"}}, {"type": "Feature", "id": "foss-wd-Q34673153", "geometry": {"type": "Point", "coordinates": [11.50412, 63.83219]}, "properties": {"name": "Hofossen", "source": "Wikidata", "wikidata_id": "Q34673153"}}, {"type": "Feature", "id": "foss-wd-Q34673159", "geometry": {"type": "Point", "coordinates": [10.1631, 60.66719]}, "properties": {"name": "Hofsfoss", "source": "Wikidata", "wikidata_id": "Q34673159"}}, {"type": "Feature", "id": "foss-wd-Q34673178", "geometry": {"type": "Point", "coordinates": [6.68728, 61.86549]}, "properties": {"name": "Holefossen", "source": "Wikidata", "wikidata_id": "Q34673178"}}, {"type": "Feature", "id": "foss-wd-Q34673201", "geometry": {"type": "Point", "coordinates": [10.88082, 63.51379]}, "properties": {"name": "Holfossen", "source": "Wikidata", "wikidata_id": "Q34673201"}}, {"type": "Feature", "id": "foss-wd-Q34673215", "geometry": {"type": "Point", "coordinates": [11.47749, 61.77416]}, "properties": {"name": "Hollfossen", "source": "Wikidata", "wikidata_id": "Q34673215"}}, {"type": "Feature", "id": "foss-wd-Q34673230", "geometry": {"type": "Point", "coordinates": [14.09529, 66.28715]}, "properties": {"name": "Holmforsen", "source": "Wikidata", "wikidata_id": "Q34673230"}}, {"type": "Feature", "id": "foss-wd-Q34673240", "geometry": {"type": "Point", "coordinates": [30.14492, 69.53023]}, "properties": {"name": "Holmfossen", "source": "Wikidata", "wikidata_id": "Q34673240"}}, {"type": "Feature", "id": "foss-wd-Q34673245", "geometry": {"type": "Point", "coordinates": [11.85952, 63.95459]}, "properties": {"name": "Holmfossen", "source": "Wikidata", "wikidata_id": "Q34673245"}}, {"type": "Feature", "id": "foss-wd-Q34673250", "geometry": {"type": "Point", "coordinates": [11.99466, 63.67803]}, "properties": {"name": "Holmfossen", "source": "Wikidata", "wikidata_id": "Q34673250"}}, {"type": "Feature", "id": "foss-wd-Q34673259", "geometry": {"type": "Point", "coordinates": [9.87266, 61.17886]}, "properties": {"name": "Holsfossen", "source": "Wikidata", "wikidata_id": "Q34673259"}}, {"type": "Feature", "id": "foss-wd-Q34673268", "geometry": {"type": "Point", "coordinates": [12.54604, 64.60538]}, "properties": {"name": "Holterfossen", "source": "Wikidata", "wikidata_id": "Q34673268"}}, {"type": "Feature", "id": "foss-wd-Q34673275", "geometry": {"type": "Point", "coordinates": [6.23989, 61.77667]}, "properties": {"name": "Holvikefossen", "source": "Wikidata", "wikidata_id": "Q34673275"}}, {"type": "Feature", "id": "foss-wd-Q34673290", "geometry": {"type": "Point", "coordinates": [8.82881, 62.98395]}, "properties": {"name": "Honnstadfossen", "source": "Wikidata", "wikidata_id": "Q34673290"}}, {"type": "Feature", "id": "foss-wd-Q34673299", "geometry": {"type": "Point", "coordinates": [7.70702, 60.02304]}, "properties": {"name": "Honserudfossen", "source": "Wikidata", "wikidata_id": "Q34673299"}}, {"type": "Feature", "id": "foss-wd-Q34673306", "geometry": {"type": "Point", "coordinates": [10.35126, 62.37561]}, "properties": {"name": "Hoppet", "source": "Wikidata", "wikidata_id": "Q34673306"}}, {"type": "Feature", "id": "foss-wd-Q34673314", "geometry": {"type": "Point", "coordinates": [14.74118, 67.31754]}, "properties": {"name": "Hopsfossen", "source": "Wikidata", "wikidata_id": "Q34673314"}}, {"type": "Feature", "id": "foss-wd-Q34673322", "geometry": {"type": "Point", "coordinates": [11.77622, 64.43269]}, "properties": {"name": "Horkfossen", "source": "Wikidata", "wikidata_id": "Q34673322"}}, {"type": "Feature", "id": "foss-wd-Q34673330", "geometry": {"type": "Point", "coordinates": [15.73866, 67.62662]}, "properties": {"name": "Horndalsforsen", "source": "Wikidata", "wikidata_id": "Q34673330"}}, {"type": "Feature", "id": "foss-wd-Q34673338", "geometry": {"type": "Point", "coordinates": [7.58819, 61.18596]}, "properties": {"name": "Hornfossen", "source": "Wikidata", "wikidata_id": "Q34673338"}}, {"type": "Feature", "id": "foss-wd-Q34673346", "geometry": {"type": "Point", "coordinates": [9.48814, 62.63954]}, "properties": {"name": "Hornfossen", "source": "Wikidata", "wikidata_id": "Q34673346"}}, {"type": "Feature", "id": "foss-wd-Q34673354", "geometry": {"type": "Point", "coordinates": [18.32268, 69.31087]}, "properties": {"name": "Hornfossen", "source": "Wikidata", "wikidata_id": "Q34673354"}}, {"type": "Feature", "id": "foss-wd-Q34673377", "geometry": {"type": "Point", "coordinates": [6.00225, 60.65307]}, "properties": {"name": "Hovmannafossen", "source": "Wikidata", "wikidata_id": "Q34673377"}}, {"type": "Feature", "id": "foss-wd-Q34673384", "geometry": {"type": "Point", "coordinates": [10.23788, 60.18619]}, "properties": {"name": "Hovsfoss", "source": "Wikidata", "wikidata_id": "Q34673384"}}, {"type": "Feature", "id": "foss-wd-Q34673416", "geometry": {"type": "Point", "coordinates": [5.99302, 61.43145]}, "properties": {"name": "Huldrefossen", "source": "Wikidata", "wikidata_id": "Q34673416"}}, {"type": "Feature", "id": "foss-wd-Q34673426", "geometry": {"type": "Point", "coordinates": [7.07338, 61.80892]}, "properties": {"name": "Huldrefossen", "source": "Wikidata", "wikidata_id": "Q34673426"}}, {"type": "Feature", "id": "foss-wd-Q34673432", "geometry": {"type": "Point", "coordinates": [5.62015, 60.89912]}, "properties": {"name": "Hummelfossen", "source": "Wikidata", "wikidata_id": "Q34673432"}}, {"type": "Feature", "id": "foss-wd-Q34673447", "geometry": {"type": "Point", "coordinates": [7.47434, 61.17801]}, "properties": {"name": "Hundafoss", "source": "Wikidata", "wikidata_id": "Q34673447"}}, {"type": "Feature", "id": "foss-wd-Q34673454", "geometry": {"type": "Point", "coordinates": [7.40153, 61.34664]}, "properties": {"name": "Hundafossen", "source": "Wikidata", "wikidata_id": "Q34673454"}}, {"type": "Feature", "id": "foss-wd-Q34673463", "geometry": {"type": "Point", "coordinates": [6.82774, 61.75339]}, "properties": {"name": "Hundefossen", "source": "Wikidata", "wikidata_id": "Q34673463"}}, {"type": "Feature", "id": "foss-wd-Q34673471", "geometry": {"type": "Point", "coordinates": [10.4418, 61.22021]}, "properties": {"name": "Hunderfossen", "source": "Wikidata", "wikidata_id": "Q34673471"}}, {"type": "Feature", "id": "foss-wd-Q34673484", "geometry": {"type": "Point", "coordinates": [12.84453, 65.60675]}, "properties": {"name": "Hundklaven", "source": "Wikidata", "wikidata_id": "Q34673484"}}, {"type": "Feature", "id": "foss-wd-Q34673519", "geometry": {"type": "Point", "coordinates": [11.91651, 62.68962]}, "properties": {"name": "Hyddfossen", "source": "Wikidata", "wikidata_id": "Q34673519"}}, {"type": "Feature", "id": "foss-wd-Q34673534", "geometry": {"type": "Point", "coordinates": [8.62328, 60.81188]}, "properties": {"name": "Hydnefossen", "source": "Wikidata", "wikidata_id": "Q34673534"}}, {"type": "Feature", "id": "foss-wd-Q34673558", "geometry": {"type": "Point", "coordinates": [12.48693, 64.49616]}, "properties": {"name": "Hyllfossen", "source": "Wikidata", "wikidata_id": "Q34673558"}}, {"type": "Feature", "id": "foss-wd-Q34673566", "geometry": {"type": "Point", "coordinates": [11.34104, 64.2055]}, "properties": {"name": "Hyllfossen", "source": "Wikidata", "wikidata_id": "Q34673566"}}, {"type": "Feature", "id": "foss-wd-Q34673573", "geometry": {"type": "Point", "coordinates": [9.94331, 63.86544]}, "properties": {"name": "Hyllfossen", "source": "Wikidata", "wikidata_id": "Q34673573"}}, {"type": "Feature", "id": "foss-wd-Q34673580", "geometry": {"type": "Point", "coordinates": [11.43736, 63.05724]}, "properties": {"name": "Hynnfossen", "source": "Wikidata", "wikidata_id": "Q34673580"}}, {"type": "Feature", "id": "foss-wd-Q34673592", "geometry": {"type": "Point", "coordinates": [5.67798, 61.25857]}, "properties": {"name": "Hyttefossen", "source": "Wikidata", "wikidata_id": "Q34673592"}}, {"type": "Feature", "id": "foss-wd-Q34673605", "geometry": {"type": "Point", "coordinates": [11.21481, 62.859]}, "properties": {"name": "Hyttfossen", "source": "Wikidata", "wikidata_id": "Q34673605"}}, {"type": "Feature", "id": "foss-wd-Q34673612", "geometry": {"type": "Point", "coordinates": [24.95488, 69.94706]}, "properties": {"name": "Hállitguoika", "source": "Wikidata", "wikidata_id": "Q34673612"}}, {"type": "Feature", "id": "foss-wd-Q34673625", "geometry": {"type": "Point", "coordinates": [8.53721, 61.82408]}, "properties": {"name": "Hågåfossen", "source": "Wikidata", "wikidata_id": "Q34673625"}}, {"type": "Feature", "id": "foss-wd-Q34673631", "geometry": {"type": "Point", "coordinates": [8.74692, 60.01826]}, "properties": {"name": "Håkalansfossen", "source": "Wikidata", "wikidata_id": "Q34673631"}}, {"type": "Feature", "id": "foss-wd-Q34673639", "geometry": {"type": "Point", "coordinates": [5.42219, 61.32965]}, "properties": {"name": "Hålandsfossen", "source": "Wikidata", "wikidata_id": "Q34673639"}}, {"type": "Feature", "id": "foss-wd-Q34750955", "geometry": {"type": "Point", "coordinates": [16.78345, 68.58061]}, "properties": {"name": "Fallfossen", "source": "Wikidata", "wikidata_id": "Q34750955"}}, {"type": "Feature", "id": "foss-wd-Q34750964", "geometry": {"type": "Point", "coordinates": [8.75777, 63.03547]}, "properties": {"name": "Fallstoin", "source": "Wikidata", "wikidata_id": "Q34750964"}}, {"type": "Feature", "id": "foss-wd-Q34750974", "geometry": {"type": "Point", "coordinates": [11.81578, 61.22313]}, "properties": {"name": "Fallstupen", "source": "Wikidata", "wikidata_id": "Q34750974"}}, {"type": "Feature", "id": "foss-wd-Q34750984", "geometry": {"type": "Point", "coordinates": [14.34008, 65.79795]}, "properties": {"name": "Famvassforsen", "source": "Wikidata", "wikidata_id": "Q34750984"}}, {"type": "Feature", "id": "foss-wd-Q34750992", "geometry": {"type": "Point", "coordinates": [7.92903, 61.50506]}, "properties": {"name": "Fannaråkfossen", "source": "Wikidata", "wikidata_id": "Q34750992"}}, {"type": "Feature", "id": "foss-wd-Q34751001", "geometry": {"type": "Point", "coordinates": [9.28739, 60.9669]}, "properties": {"name": "Faslefoss", "source": "Wikidata", "wikidata_id": "Q34751001"}}, {"type": "Feature", "id": "foss-wd-Q34751009", "geometry": {"type": "Point", "coordinates": [15.79046, 67.46471]}, "properties": {"name": "Faulvassforsen", "source": "Wikidata", "wikidata_id": "Q34751009"}}, {"type": "Feature", "id": "foss-wd-Q34751027", "geometry": {"type": "Point", "coordinates": [6.20761, 62.03725]}, "properties": {"name": "Feirdalsfossen", "source": "Wikidata", "wikidata_id": "Q34751027"}}, {"type": "Feature", "id": "foss-wd-Q34751035", "geometry": {"type": "Point", "coordinates": [10.10426, 60.94835]}, "properties": {"name": "Fellefossen", "source": "Wikidata", "wikidata_id": "Q34751035"}}, {"type": "Feature", "id": "foss-wd-Q34751041", "geometry": {"type": "Point", "coordinates": [13.39707, 65.57179]}, "properties": {"name": "Fellingforsen", "source": "Wikidata", "wikidata_id": "Q34751041"}}, {"type": "Feature", "id": "foss-wd-Q34751065", "geometry": {"type": "Point", "coordinates": [11.14834, 64.13242]}, "properties": {"name": "Ferjfossen", "source": "Wikidata", "wikidata_id": "Q34751065"}}, {"type": "Feature", "id": "foss-wd-Q34751083", "geometry": {"type": "Point", "coordinates": [5.55493, 61.84223]}, "properties": {"name": "Fessefossen", "source": "Wikidata", "wikidata_id": "Q34751083"}}, {"type": "Feature", "id": "foss-wd-Q34751091", "geometry": {"type": "Point", "coordinates": [6.86303, 61.24898]}, "properties": {"name": "Fessefossen", "source": "Wikidata", "wikidata_id": "Q34751091"}}, {"type": "Feature", "id": "foss-wd-Q34751099", "geometry": {"type": "Point", "coordinates": [6.80826, 60.55801]}, "properties": {"name": "Fessene", "source": "Wikidata", "wikidata_id": "Q34751099"}}, {"type": "Feature", "id": "foss-wd-Q34751108", "geometry": {"type": "Point", "coordinates": [5.51618, 61.80412]}, "properties": {"name": "Fessene", "source": "Wikidata", "wikidata_id": "Q34751108"}}, {"type": "Feature", "id": "foss-wd-Q34751116", "geometry": {"type": "Point", "coordinates": [5.96513, 61.06767]}, "properties": {"name": "Fessene", "source": "Wikidata", "wikidata_id": "Q34751116"}}, {"type": "Feature", "id": "foss-wd-Q34751123", "geometry": {"type": "Point", "coordinates": [6.98528, 61.32804]}, "properties": {"name": "Fessene", "source": "Wikidata", "wikidata_id": "Q34751123"}}, {"type": "Feature", "id": "foss-wd-Q34751131", "geometry": {"type": "Point", "coordinates": [9.47625, 62.6066]}, "properties": {"name": "Festafallet", "source": "Wikidata", "wikidata_id": "Q34751131"}}, {"type": "Feature", "id": "foss-wd-Q34751139", "geometry": {"type": "Point", "coordinates": [7.27174, 60.40988]}, "properties": {"name": "Fetafossen", "source": "Wikidata", "wikidata_id": "Q34751139"}}, {"type": "Feature", "id": "foss-wd-Q34751155", "geometry": {"type": "Point", "coordinates": [24.45184, 69.36956]}, "properties": {"name": "Fierbmesaiguoika", "source": "Wikidata", "wikidata_id": "Q34751155"}}, {"type": "Feature", "id": "foss-wd-Q34751174", "geometry": {"type": "Point", "coordinates": [18.92856, 69.11619]}, "properties": {"name": "Finnbrufossen", "source": "Wikidata", "wikidata_id": "Q34751174"}}, {"type": "Feature", "id": "foss-wd-Q34751181", "geometry": {"type": "Point", "coordinates": [17.72308, 68.97294]}, "properties": {"name": "Finnebrufossen", "source": "Wikidata", "wikidata_id": "Q34751181"}}, {"type": "Feature", "id": "foss-wd-Q34751188", "geometry": {"type": "Point", "coordinates": [10.19266, 60.38294]}, "properties": {"name": "Finnefoss", "source": "Wikidata", "wikidata_id": "Q34751188"}}, {"type": "Feature", "id": "foss-wd-Q34751197", "geometry": {"type": "Point", "coordinates": [11.45014, 63.70614]}, "properties": {"name": "Finnkallfossen", "source": "Wikidata", "wikidata_id": "Q34751197"}}, {"type": "Feature", "id": "foss-wd-Q34751206", "geometry": {"type": "Point", "coordinates": [13.17596, 66.24826]}, "properties": {"name": "Finnkjerringfossen", "source": "Wikidata", "wikidata_id": "Q34751206"}}, {"type": "Feature", "id": "foss-wd-Q34751216", "geometry": {"type": "Point", "coordinates": [12.95947, 64.46818]}, "properties": {"name": "Finnkrufossen", "source": "Wikidata", "wikidata_id": "Q34751216"}}, {"type": "Feature", "id": "foss-wd-Q34751224", "geometry": {"type": "Point", "coordinates": [13.99323, 65.45137]}, "properties": {"name": "Finnsprangfossen", "source": "Wikidata", "wikidata_id": "Q34751224"}}, {"type": "Feature", "id": "foss-wd-Q34751232", "geometry": {"type": "Point", "coordinates": [17.9251, 68.83568]}, "properties": {"name": "Finnstadfossen", "source": "Wikidata", "wikidata_id": "Q34751232"}}, {"type": "Feature", "id": "foss-wd-Q34751257", "geometry": {"type": "Point", "coordinates": [11.38734, 64.33794]}, "properties": {"name": "Fiskemfossen", "source": "Wikidata", "wikidata_id": "Q34751257"}}, {"type": "Feature", "id": "foss-wd-Q34751265", "geometry": {"type": "Point", "coordinates": [13.92484, 65.59317]}, "properties": {"name": "Fisklausforsen", "source": "Wikidata", "wikidata_id": "Q34751265"}}, {"type": "Feature", "id": "foss-wd-Q34751273", "geometry": {"type": "Point", "coordinates": [16.09441, 68.5105]}, "properties": {"name": "Fiskøyforsen", "source": "Wikidata", "wikidata_id": "Q34751273"}}, {"type": "Feature", "id": "foss-wd-Q34751282", "geometry": {"type": "Point", "coordinates": [7.76408, 62.5072]}, "properties": {"name": "Fivafossan", "source": "Wikidata", "wikidata_id": "Q34751282"}}, {"type": "Feature", "id": "foss-wd-Q34751290", "geometry": {"type": "Point", "coordinates": [10.13784, 62.75491]}, "properties": {"name": "Fjellbekkfossen", "source": "Wikidata", "wikidata_id": "Q34751290"}}, {"type": "Feature", "id": "foss-wd-Q34751298", "geometry": {"type": "Point", "coordinates": [12.72057, 65.87213]}, "properties": {"name": "Fjellforsen", "source": "Wikidata", "wikidata_id": "Q34751298"}}, {"type": "Feature", "id": "foss-wd-Q34751305", "geometry": {"type": "Point", "coordinates": [5.49572, 60.83268]}, "properties": {"name": "Fjellfossen", "source": "Wikidata", "wikidata_id": "Q34751305"}}, {"type": "Feature", "id": "foss-wd-Q34751313", "geometry": {"type": "Point", "coordinates": [5.86741, 60.73646]}, "properties": {"name": "Fjellfossen", "source": "Wikidata", "wikidata_id": "Q34751313"}}, {"type": "Feature", "id": "foss-wd-Q34751321", "geometry": {"type": "Point", "coordinates": [12.4928, 64.53355]}, "properties": {"name": "Fjellfossen", "source": "Wikidata", "wikidata_id": "Q34751321"}}, {"type": "Feature", "id": "foss-wd-Q34751329", "geometry": {"type": "Point", "coordinates": [8.35651, 62.25253]}, "properties": {"name": "Fjellfossen", "source": "Wikidata", "wikidata_id": "Q34751329"}}, {"type": "Feature", "id": "foss-wd-Q34751337", "geometry": {"type": "Point", "coordinates": [16.14262, 68.67222]}, "properties": {"name": "Fjellfossen", "source": "Wikidata", "wikidata_id": "Q34751337"}}, {"type": "Feature", "id": "foss-wd-Q34751346", "geometry": {"type": "Point", "coordinates": [19.34306, 69.05355]}, "properties": {"name": "Fjellfrøsfossane", "source": "Wikidata", "wikidata_id": "Q34751346"}}, {"type": "Feature", "id": "foss-wd-Q34751356", "geometry": {"type": "Point", "coordinates": [7.01854, 60.87483]}, "properties": {"name": "Fjellmannsskorfossen", "source": "Wikidata", "wikidata_id": "Q34751356"}}, {"type": "Feature", "id": "foss-wd-Q34751371", "geometry": {"type": "Point", "coordinates": [29.28942, 70.16449]}, "properties": {"name": "Fjerdefossen", "source": "Wikidata", "wikidata_id": "Q34751371"}}, {"type": "Feature", "id": "foss-wd-Q34751386", "geometry": {"type": "Point", "coordinates": [8.86102, 60.02332]}, "properties": {"name": "Fjålåbufossen", "source": "Wikidata", "wikidata_id": "Q34751386"}}, {"type": "Feature", "id": "foss-wd-Q34751394", "geometry": {"type": "Point", "coordinates": [10.43719, 63.32236]}, "properties": {"name": "Fjæremsfossen", "source": "Wikidata", "wikidata_id": "Q34751394"}}, {"type": "Feature", "id": "foss-wd-Q34751411", "geometry": {"type": "Point", "coordinates": [14.6084, 68.28172]}, "properties": {"name": "Fjøsforsen", "source": "Wikidata", "wikidata_id": "Q34751411"}}, {"type": "Feature", "id": "foss-wd-Q34751455", "geometry": {"type": "Point", "coordinates": [18.78809, 69.26534]}, "properties": {"name": "Flatfossen", "source": "Wikidata", "wikidata_id": "Q34751455"}}, {"type": "Feature", "id": "foss-wd-Q34751464", "geometry": {"type": "Point", "coordinates": [5.94716, 60.78111]}, "properties": {"name": "Flatkvålsfossen", "source": "Wikidata", "wikidata_id": "Q34751464"}}, {"type": "Feature", "id": "foss-wd-Q34751489", "geometry": {"type": "Point", "coordinates": [9.26486, 61.50029]}, "properties": {"name": "Flekkfallet", "source": "Wikidata", "wikidata_id": "Q34751489"}}, {"type": "Feature", "id": "foss-wd-Q34751497", "geometry": {"type": "Point", "coordinates": [15.00219, 67.68841]}, "properties": {"name": "Flekkoselvfossen", "source": "Wikidata", "wikidata_id": "Q34751497"}}, {"type": "Feature", "id": "foss-wd-Q34751505", "geometry": {"type": "Point", "coordinates": [11.23814, 61.65548]}, "properties": {"name": "Flenfallet", "source": "Wikidata", "wikidata_id": "Q34751505"}}, {"type": "Feature", "id": "foss-wd-Q34751513", "geometry": {"type": "Point", "coordinates": [12.30468, 60.80019]}, "properties": {"name": "Flisfallet,øvre", "source": "Wikidata", "wikidata_id": "Q34751513"}}, {"type": "Feature", "id": "foss-wd-Q34751522", "geometry": {"type": "Point", "coordinates": [11.43137, 62.91638]}, "properties": {"name": "Floan", "source": "Wikidata", "wikidata_id": "Q34751522"}}, {"type": "Feature", "id": "foss-wd-Q34751528", "geometry": {"type": "Point", "coordinates": [10.69551, 63.25166]}, "properties": {"name": "Flobekkfossen", "source": "Wikidata", "wikidata_id": "Q34751528"}}, {"type": "Feature", "id": "foss-wd-Q34751537", "geometry": {"type": "Point", "coordinates": [5.90548, 60.79225]}, "properties": {"name": "Florsfossen", "source": "Wikidata", "wikidata_id": "Q34751537"}}, {"type": "Feature", "id": "foss-wd-Q34751545", "geometry": {"type": "Point", "coordinates": [7.14731, 60.90641]}, "properties": {"name": "Flugandefossen", "source": "Wikidata", "wikidata_id": "Q34751545"}}, {"type": "Feature", "id": "foss-wd-Q34751554", "geometry": {"type": "Point", "coordinates": [10.167, 60.37437]}, "properties": {"name": "Flåfoss", "source": "Wikidata", "wikidata_id": "Q34751554"}}, {"type": "Feature", "id": "foss-wd-Q34751571", "geometry": {"type": "Point", "coordinates": [11.64242, 61.78396]}, "properties": {"name": "Fløtfossen", "source": "Wikidata", "wikidata_id": "Q34751571"}}, {"type": "Feature", "id": "foss-wd-Q34751580", "geometry": {"type": "Point", "coordinates": [10.52397, 62.85389]}, "properties": {"name": "Fløyfossen", "source": "Wikidata", "wikidata_id": "Q34751580"}}, {"type": "Feature", "id": "foss-wd-Q34751587", "geometry": {"type": "Point", "coordinates": [6.13164, 61.23366]}, "properties": {"name": "Fokefossen", "source": "Wikidata", "wikidata_id": "Q34751587"}}, {"type": "Feature", "id": "foss-wd-Q34751595", "geometry": {"type": "Point", "coordinates": [9.54509, 62.60953]}, "properties": {"name": "Folfallet", "source": "Wikidata", "wikidata_id": "Q34751595"}}, {"type": "Feature", "id": "foss-wd-Q34751604", "geometry": {"type": "Point", "coordinates": [6.41913, 60.32344]}, "properties": {"name": "Fonnastølsfossen", "source": "Wikidata", "wikidata_id": "Q34751604"}}, {"type": "Feature", "id": "foss-wd-Q34751612", "geometry": {"type": "Point", "coordinates": [12.34033, 64.40015]}, "properties": {"name": "Formofossen", "source": "Wikidata", "wikidata_id": "Q34751612"}}, {"type": "Feature", "id": "foss-wd-Q34751621", "geometry": {"type": "Point", "coordinates": [16.62966, 68.27284]}, "properties": {"name": "Forsaforsen", "source": "Wikidata", "wikidata_id": "Q34751621"}}, {"type": "Feature", "id": "foss-wd-Q34751630", "geometry": {"type": "Point", "coordinates": [14.75495, 67.39094]}, "properties": {"name": "Forsan", "source": "Wikidata", "wikidata_id": "Q34751630"}}, {"type": "Feature", "id": "foss-wd-Q34751639", "geometry": {"type": "Point", "coordinates": [14.98343, 67.56371]}, "properties": {"name": "Forsan", "source": "Wikidata", "wikidata_id": "Q34751639"}}, {"type": "Feature", "id": "foss-wd-Q34751648", "geometry": {"type": "Point", "coordinates": [12.97576, 65.35724]}, "properties": {"name": "Forsan", "source": "Wikidata", "wikidata_id": "Q34751648"}}, {"type": "Feature", "id": "foss-wd-Q34751657", "geometry": {"type": "Point", "coordinates": [13.05757, 67.98221]}, "properties": {"name": "Forsan", "source": "Wikidata", "wikidata_id": "Q34751657"}}, {"type": "Feature", "id": "foss-wd-Q34751666", "geometry": {"type": "Point", "coordinates": [15.788, 67.63998]}, "properties": {"name": "Forsan", "source": "Wikidata", "wikidata_id": "Q34751666"}}, {"type": "Feature", "id": "foss-wd-Q34751675", "geometry": {"type": "Point", "coordinates": [13.8381, 68.21147]}, "properties": {"name": "Forsan", "source": "Wikidata", "wikidata_id": "Q34751675"}}, {"type": "Feature", "id": "foss-wd-Q34751683", "geometry": {"type": "Point", "coordinates": [13.66033, 68.26899]}, "properties": {"name": "Forsan", "source": "Wikidata", "wikidata_id": "Q34751683"}}, {"type": "Feature", "id": "foss-wd-Q34751692", "geometry": {"type": "Point", "coordinates": [14.7647, 67.14172]}, "properties": {"name": "Forsen", "source": "Wikidata", "wikidata_id": "Q34751692"}}, {"type": "Feature", "id": "foss-wd-Q34751701", "geometry": {"type": "Point", "coordinates": [12.40658, 66.05627]}, "properties": {"name": "Forsen", "source": "Wikidata", "wikidata_id": "Q34751701"}}, {"type": "Feature", "id": "foss-wd-Q34751708", "geometry": {"type": "Point", "coordinates": [13.10272, 68.08154]}, "properties": {"name": "Forsen", "source": "Wikidata", "wikidata_id": "Q34751708"}}, {"type": "Feature", "id": "foss-wd-Q34751716", "geometry": {"type": "Point", "coordinates": [13.53541, 65.32989]}, "properties": {"name": "Forsen", "source": "Wikidata", "wikidata_id": "Q34751716"}}, {"type": "Feature", "id": "foss-wd-Q34751723", "geometry": {"type": "Point", "coordinates": [14.46419, 65.44789]}, "properties": {"name": "Forsen", "source": "Wikidata", "wikidata_id": "Q34751723"}}, {"type": "Feature", "id": "foss-wd-Q34751731", "geometry": {"type": "Point", "coordinates": [14.89229, 66.50443]}, "properties": {"name": "Forsen", "source": "Wikidata", "wikidata_id": "Q34751731"}}, {"type": "Feature", "id": "foss-wd-Q34751738", "geometry": {"type": "Point", "coordinates": [15.52159, 66.84234]}, "properties": {"name": "Forsen", "source": "Wikidata", "wikidata_id": "Q34751738"}}, {"type": "Feature", "id": "foss-wd-Q34751746", "geometry": {"type": "Point", "coordinates": [15.36416, 68.56123]}, "properties": {"name": "Forsen", "source": "Wikidata", "wikidata_id": "Q34751746"}}, {"type": "Feature", "id": "foss-wd-Q34752250", "geometry": {"type": "Point", "coordinates": [15.55414, 67.56189]}, "properties": {"name": "Innerfossen", "source": "Wikidata", "wikidata_id": "Q34752250"}}, {"type": "Feature", "id": "foss-wd-Q34752259", "geometry": {"type": "Point", "coordinates": [14.51059, 65.79599]}, "properties": {"name": "Innermoforsen", "source": "Wikidata", "wikidata_id": "Q34752259"}}, {"type": "Feature", "id": "foss-wd-Q34752267", "geometry": {"type": "Point", "coordinates": [13.94947, 65.87427]}, "properties": {"name": "Innernesforsen", "source": "Wikidata", "wikidata_id": "Q34752267"}}, {"type": "Feature", "id": "foss-wd-Q34752275", "geometry": {"type": "Point", "coordinates": [18.82882, 68.65496]}, "properties": {"name": "Innsetfossen", "source": "Wikidata", "wikidata_id": "Q34752275"}}, {"type": "Feature", "id": "foss-wd-Q34752283", "geometry": {"type": "Point", "coordinates": [11.0831, 62.51872]}, "properties": {"name": "Iskvennfossen", "source": "Wikidata", "wikidata_id": "Q34752283"}}, {"type": "Feature", "id": "foss-wd-Q34752290", "geometry": {"type": "Point", "coordinates": [12.60949, 64.56049]}, "properties": {"name": "Iskvernfossan", "source": "Wikidata", "wikidata_id": "Q34752290"}}, {"type": "Feature", "id": "foss-wd-Q34752297", "geometry": {"type": "Point", "coordinates": [8.42994, 60.40098]}, "properties": {"name": "Ismalfossen", "source": "Wikidata", "wikidata_id": "Q34752297"}}, {"type": "Feature", "id": "foss-wd-Q34752313", "geometry": {"type": "Point", "coordinates": [9.97707, 61.53598]}, "properties": {"name": "Isumfossen", "source": "Wikidata", "wikidata_id": "Q34752313"}}, {"type": "Feature", "id": "foss-wd-Q34752321", "geometry": {"type": "Point", "coordinates": [9.28053, 63.06748]}, "properties": {"name": "Isvasstoen", "source": "Wikidata", "wikidata_id": "Q34752321"}}, {"type": "Feature", "id": "foss-wd-Q34752330", "geometry": {"type": "Point", "coordinates": [17.96702, 68.68564]}, "properties": {"name": "Iverfossen", "source": "Wikidata", "wikidata_id": "Q34752330"}}, {"type": "Feature", "id": "foss-wd-Q34752346", "geometry": {"type": "Point", "coordinates": [13.60491, 64.20214]}, "properties": {"name": "Jakopsfossen", "source": "Wikidata", "wikidata_id": "Q34752346"}}, {"type": "Feature", "id": "foss-wd-Q34752355", "geometry": {"type": "Point", "coordinates": [14.02777, 66.44014]}, "properties": {"name": "Janesforsen", "source": "Wikidata", "wikidata_id": "Q34752355"}}, {"type": "Feature", "id": "foss-wd-Q34752362", "geometry": {"type": "Point", "coordinates": [9.38443, 63.00722]}, "properties": {"name": "Jeppelistoen", "source": "Wikidata", "wikidata_id": "Q34752362"}}, {"type": "Feature", "id": "foss-wd-Q34752380", "geometry": {"type": "Point", "coordinates": [11.22884, 61.06189]}, "properties": {"name": "Jernfallet", "source": "Wikidata", "wikidata_id": "Q34752380"}}, {"type": "Feature", "id": "foss-wd-Q34752389", "geometry": {"type": "Point", "coordinates": [11.74855, 60.42433]}, "properties": {"name": "Jernmyrfossen", "source": "Wikidata", "wikidata_id": "Q34752389"}}, {"type": "Feature", "id": "foss-wd-Q34752397", "geometry": {"type": "Point", "coordinates": [6.53682, 60.14891]}, "properties": {"name": "Jervfoss", "source": "Wikidata", "wikidata_id": "Q34752397"}}, {"type": "Feature", "id": "foss-wd-Q34752422", "geometry": {"type": "Point", "coordinates": [11.03146, 63.39391]}, "properties": {"name": "Joelfossen", "source": "Wikidata", "wikidata_id": "Q34752422"}}, {"type": "Feature", "id": "foss-wd-Q34752431", "geometry": {"type": "Point", "coordinates": [11.79049, 65.03832]}, "properties": {"name": "Joengfossen", "source": "Wikidata", "wikidata_id": "Q34752431"}}, {"type": "Feature", "id": "foss-wd-Q34752450", "geometry": {"type": "Point", "coordinates": [6.57667, 60.87371]}, "properties": {"name": "Jofossen", "source": "Wikidata", "wikidata_id": "Q34752450"}}, {"type": "Feature", "id": "foss-wd-Q34752459", "geometry": {"type": "Point", "coordinates": [13.45603, 65.07821]}, "properties": {"name": "Jofossen", "source": "Wikidata", "wikidata_id": "Q34752459"}}, {"type": "Feature", "id": "foss-wd-Q34752476", "geometry": {"type": "Point", "coordinates": [12.44834, 64.38687]}, "properties": {"name": "Johanfossen", "source": "Wikidata", "wikidata_id": "Q34752476"}}, {"type": "Feature", "id": "foss-wd-Q34752484", "geometry": {"type": "Point", "coordinates": [15.52955, 66.92189]}, "properties": {"name": "Johanneshågforsen", "source": "Wikidata", "wikidata_id": "Q34752484"}}, {"type": "Feature", "id": "foss-wd-Q34752492", "geometry": {"type": "Point", "coordinates": [13.42168, 65.6514]}, "properties": {"name": "Johansæterforsen", "source": "Wikidata", "wikidata_id": "Q34752492"}}, {"type": "Feature", "id": "foss-wd-Q34752499", "geometry": {"type": "Point", "coordinates": [5.91682, 62.02589]}, "properties": {"name": "Joldalsfossen", "source": "Wikidata", "wikidata_id": "Q34752499"}}, {"type": "Feature", "id": "foss-wd-Q34752523", "geometry": {"type": "Point", "coordinates": [6.88321, 62.24411]}, "properties": {"name": "Jufossen", "source": "Wikidata", "wikidata_id": "Q34752523"}}, {"type": "Feature", "id": "foss-wd-Q34752531", "geometry": {"type": "Point", "coordinates": [10.94719, 63.41011]}, "properties": {"name": "Julfossen", "source": "Wikidata", "wikidata_id": "Q34752531"}}, {"type": "Feature", "id": "foss-wd-Q34752557", "geometry": {"type": "Point", "coordinates": [7.66631, 61.06184]}, "properties": {"name": "Jutlafossen", "source": "Wikidata", "wikidata_id": "Q34752557"}}, {"type": "Feature", "id": "foss-wd-Q34752565", "geometry": {"type": "Point", "coordinates": [7.14743, 62.22271]}, "properties": {"name": "Juvafossen", "source": "Wikidata", "wikidata_id": "Q34752565"}}, {"type": "Feature", "id": "foss-wd-Q34752573", "geometry": {"type": "Point", "coordinates": [7.46296, 62.44079]}, "properties": {"name": "Juvafossen", "source": "Wikidata", "wikidata_id": "Q34752573"}}, {"type": "Feature", "id": "foss-wd-Q34752590", "geometry": {"type": "Point", "coordinates": [8.13372, 60.52277]}, "properties": {"name": "Juvefossen", "source": "Wikidata", "wikidata_id": "Q34752590"}}, {"type": "Feature", "id": "foss-wd-Q34752598", "geometry": {"type": "Point", "coordinates": [7.99396, 60.6661]}, "properties": {"name": "Juvefossen", "source": "Wikidata", "wikidata_id": "Q34752598"}}, {"type": "Feature", "id": "foss-wd-Q34752605", "geometry": {"type": "Point", "coordinates": [9.52426, 60.82664]}, "properties": {"name": "Juvkamsføssen", "source": "Wikidata", "wikidata_id": "Q34752605"}}, {"type": "Feature", "id": "foss-wd-Q34752628", "geometry": {"type": "Point", "coordinates": [12.11659, 64.43674]}, "properties": {"name": "Jøresfossen", "source": "Wikidata", "wikidata_id": "Q34752628"}}, {"type": "Feature", "id": "foss-wd-Q34752635", "geometry": {"type": "Point", "coordinates": [12.20466, 60.97613]}, "properties": {"name": "Jørnfossen", "source": "Wikidata", "wikidata_id": "Q34752635"}}, {"type": "Feature", "id": "foss-wd-Q34752643", "geometry": {"type": "Point", "coordinates": [10.95712, 63.18111]}, "properties": {"name": "Jørnfossen", "source": "Wikidata", "wikidata_id": "Q34752643"}}, {"type": "Feature", "id": "foss-wd-Q34752650", "geometry": {"type": "Point", "coordinates": [10.8217, 64.36169]}, "properties": {"name": "Jøssundfossen", "source": "Wikidata", "wikidata_id": "Q34752650"}}, {"type": "Feature", "id": "foss-wd-Q34752674", "geometry": {"type": "Point", "coordinates": [17.02811, 68.25858]}, "properties": {"name": "Kakforsen", "source": "Wikidata", "wikidata_id": "Q34752674"}}, {"type": "Feature", "id": "foss-wd-Q34752684", "geometry": {"type": "Point", "coordinates": [7.16329, 60.73849]}, "properties": {"name": "Kaldaklovfossen", "source": "Wikidata", "wikidata_id": "Q34752684"}}, {"type": "Feature", "id": "foss-wd-Q34752693", "geometry": {"type": "Point", "coordinates": [10.41395, 63.20819]}, "properties": {"name": "Kaldvellfossen", "source": "Wikidata", "wikidata_id": "Q34752693"}}, {"type": "Feature", "id": "foss-wd-Q34752730", "geometry": {"type": "Point", "coordinates": [6.33017, 62.23061]}, "properties": {"name": "Kalvedalsfossen", "source": "Wikidata", "wikidata_id": "Q34752730"}}, {"type": "Feature", "id": "foss-wd-Q34752738", "geometry": {"type": "Point", "coordinates": [18.81548, 69.76886]}, "properties": {"name": "Kalvedalsfossen", "source": "Wikidata", "wikidata_id": "Q34752738"}}, {"type": "Feature", "id": "foss-wd-Q34752747", "geometry": {"type": "Point", "coordinates": [13.52034, 65.82257]}, "properties": {"name": "Kalvmoforsen", "source": "Wikidata", "wikidata_id": "Q34752747"}}, {"type": "Feature", "id": "foss-wd-Q34752780", "geometry": {"type": "Point", "coordinates": [9.40178, 61.51292]}, "properties": {"name": "Kamfoss", "source": "Wikidata", "wikidata_id": "Q34752780"}}, {"type": "Feature", "id": "foss-wd-Q34752797", "geometry": {"type": "Point", "coordinates": [11.62933, 63.07646]}, "properties": {"name": "Kamfossen", "source": "Wikidata", "wikidata_id": "Q34752797"}}, {"type": "Feature", "id": "foss-wd-Q34752824", "geometry": {"type": "Point", "coordinates": [5.07357, 61.36504]}, "properties": {"name": "Kannefossen", "source": "Wikidata", "wikidata_id": "Q34752824"}}, {"type": "Feature", "id": "foss-wd-Q34752859", "geometry": {"type": "Point", "coordinates": [17.45356, 69.23644]}, "properties": {"name": "Kaperfossen", "source": "Wikidata", "wikidata_id": "Q34752859"}}, {"type": "Feature", "id": "foss-wd-Q34752953", "geometry": {"type": "Point", "coordinates": [6.22939, 61.86486]}, "properties": {"name": "Katlafossen", "source": "Wikidata", "wikidata_id": "Q34752953"}}, {"type": "Feature", "id": "foss-wd-Q34753000", "geometry": {"type": "Point", "coordinates": [9.30325, 60.25064]}, "properties": {"name": "Kaugerudfossen", "source": "Wikidata", "wikidata_id": "Q34753000"}}, {"type": "Feature", "id": "foss-wd-Q34753019", "geometry": {"type": "Point", "coordinates": [19.99641, 69.18518]}, "properties": {"name": "Kavlefossen", "source": "Wikidata", "wikidata_id": "Q34753019"}}, {"type": "Feature", "id": "foss-wd-Q34753075", "geometry": {"type": "Point", "coordinates": [9.3054, 60.39086]}, "properties": {"name": "Kimbefossen", "source": "Wikidata", "wikidata_id": "Q34753075"}}, {"type": "Feature", "id": "foss-wd-Q34753083", "geometry": {"type": "Point", "coordinates": [13.63164, 66.12869]}, "properties": {"name": "Kinna", "source": "Wikidata", "wikidata_id": "Q34753083"}}, {"type": "Feature", "id": "foss-wd-Q34753089", "geometry": {"type": "Point", "coordinates": [11.08994, 60.37475]}, "properties": {"name": "Kinnbergfossen", "source": "Wikidata", "wikidata_id": "Q34753089"}}, {"type": "Feature", "id": "foss-wd-Q34753097", "geometry": {"type": "Point", "coordinates": [11.21849, 63.27533]}, "properties": {"name": "Kinnbyttfossen", "source": "Wikidata", "wikidata_id": "Q34753097"}}, {"type": "Feature", "id": "foss-wd-Q34753104", "geometry": {"type": "Point", "coordinates": [5.23817, 60.88701]}, "properties": {"name": "Kinnefossen", "source": "Wikidata", "wikidata_id": "Q34753104"}}, {"type": "Feature", "id": "foss-wd-Q34753120", "geometry": {"type": "Point", "coordinates": [11.59401, 63.04561]}, "properties": {"name": "Kistafossen", "source": "Wikidata", "wikidata_id": "Q34753120"}}, {"type": "Feature", "id": "foss-wd-Q34753152", "geometry": {"type": "Point", "coordinates": [18.09418, 68.85407]}, "properties": {"name": "Kistefossen", "source": "Wikidata", "wikidata_id": "Q34753152"}}, {"type": "Feature", "id": "foss-wd-Q34753160", "geometry": {"type": "Point", "coordinates": [16.97946, 68.66046]}, "properties": {"name": "Kistefossen", "source": "Wikidata", "wikidata_id": "Q34753160"}}, {"type": "Feature", "id": "foss-wd-Q34753168", "geometry": {"type": "Point", "coordinates": [10.54339, 64.16679]}, "properties": {"name": "Kistfossen", "source": "Wikidata", "wikidata_id": "Q34753168"}}, {"type": "Feature", "id": "foss-wd-Q34753175", "geometry": {"type": "Point", "coordinates": [12.56289, 64.35574]}, "properties": {"name": "Kittelfossen", "source": "Wikidata", "wikidata_id": "Q34753175"}}, {"type": "Feature", "id": "foss-wd-Q34753181", "geometry": {"type": "Point", "coordinates": [9.44862, 60.14698]}, "properties": {"name": "Kittilsfoss", "source": "Wikidata", "wikidata_id": "Q34753181"}}, {"type": "Feature", "id": "foss-wd-Q34753188", "geometry": {"type": "Point", "coordinates": [10.93691, 61.79525]}, "properties": {"name": "Kivfallan", "source": "Wikidata", "wikidata_id": "Q34753188"}}, {"type": "Feature", "id": "foss-wd-Q34753194", "geometry": {"type": "Point", "coordinates": [6.07434, 60.50849]}, "properties": {"name": "Kjelafossen", "source": "Wikidata", "wikidata_id": "Q34753194"}}, {"type": "Feature", "id": "foss-wd-Q34753223", "geometry": {"type": "Point", "coordinates": [13.32871, 64.52788]}, "properties": {"name": "Kjellfossen", "source": "Wikidata", "wikidata_id": "Q34753223"}}, {"type": "Feature", "id": "foss-wd-Q34753230", "geometry": {"type": "Point", "coordinates": [12.96359, 64.81596]}, "properties": {"name": "Kjelmyrfossen", "source": "Wikidata", "wikidata_id": "Q34753230"}}, {"type": "Feature", "id": "foss-wd-Q34753239", "geometry": {"type": "Point", "coordinates": [11.13609, 63.26727]}, "properties": {"name": "Kjelstadfossen", "source": "Wikidata", "wikidata_id": "Q34753239"}}, {"type": "Feature", "id": "foss-wd-Q34753247", "geometry": {"type": "Point", "coordinates": [15.39248, 66.7966]}, "properties": {"name": "Kjemåforsen", "source": "Wikidata", "wikidata_id": "Q34753247"}}, {"type": "Feature", "id": "foss-wd-Q34753260", "geometry": {"type": "Point", "coordinates": [12.32157, 64.18083]}, "properties": {"name": "Kjenstadfossen", "source": "Wikidata", "wikidata_id": "Q34753260"}}, {"type": "Feature", "id": "foss-wd-Q34753275", "geometry": {"type": "Point", "coordinates": [12.11524, 60.94989]}, "properties": {"name": "Kjerkestrupen", "source": "Wikidata", "wikidata_id": "Q34753275"}}, {"type": "Feature", "id": "foss-wd-Q34753283", "geometry": {"type": "Point", "coordinates": [16.72133, 68.49346]}, "properties": {"name": "Kjerkhaugfossen", "source": "Wikidata", "wikidata_id": "Q34753283"}}, {"type": "Feature", "id": "foss-wd-Q34753291", "geometry": {"type": "Point", "coordinates": [7.95503, 62.428]}, "properties": {"name": "Kjerkjefossen", "source": "Wikidata", "wikidata_id": "Q34753291"}}, {"type": "Feature", "id": "foss-wd-Q34753300", "geometry": {"type": "Point", "coordinates": [14.28289, 66.33415]}, "properties": {"name": "Kjerrforsen", "source": "Wikidata", "wikidata_id": "Q34753300"}}, {"type": "Feature", "id": "foss-wd-Q34753319", "geometry": {"type": "Point", "coordinates": [10.95265, 61.01628]}, "properties": {"name": "Kjerringfallet", "source": "Wikidata", "wikidata_id": "Q34753319"}}, {"type": "Feature", "id": "foss-wd-Q34753326", "geometry": {"type": "Point", "coordinates": [13.01635, 66.05296]}, "properties": {"name": "Kjerringforsen", "source": "Wikidata", "wikidata_id": "Q34753326"}}, {"type": "Feature", "id": "foss-wd-Q34753334", "geometry": {"type": "Point", "coordinates": [6.81299, 60.87278]}, "properties": {"name": "Kjerringfossen", "source": "Wikidata", "wikidata_id": "Q34753334"}}, {"type": "Feature", "id": "foss-wd-Q34753341", "geometry": {"type": "Point", "coordinates": [6.15867, 61.42031]}, "properties": {"name": "Kjerringfossen", "source": "Wikidata", "wikidata_id": "Q34753341"}}, {"type": "Feature", "id": "foss-wd-Q34753366", "geometry": {"type": "Point", "coordinates": [11.11444, 64.04004]}, "properties": {"name": "Kjerstifossen", "source": "Wikidata", "wikidata_id": "Q34753366"}}, {"type": "Feature", "id": "foss-wd-Q34753383", "geometry": {"type": "Point", "coordinates": [7.51882, 61.56606]}, "properties": {"name": "Kjervafosso", "source": "Wikidata", "wikidata_id": "Q34753383"}}, {"type": "Feature", "id": "foss-wd-Q34753390", "geometry": {"type": "Point", "coordinates": [18.75574, 68.98468]}, "properties": {"name": "Kjervelvfossen", "source": "Wikidata", "wikidata_id": "Q34753390"}}, {"type": "Feature", "id": "foss-wd-Q34753398", "geometry": {"type": "Point", "coordinates": [7.13887, 60.74587]}, "properties": {"name": "Kjosfossen", "source": "Wikidata", "wikidata_id": "Q34753398"}}, {"type": "Feature", "id": "foss-wd-Q34753406", "geometry": {"type": "Point", "coordinates": [17.48993, 69.48059]}, "properties": {"name": "Kjosfossen", "source": "Wikidata", "wikidata_id": "Q34753406"}}, {"type": "Feature", "id": "foss-wd-Q34753414", "geometry": {"type": "Point", "coordinates": [10.44119, 61.20567]}, "properties": {"name": "Kjærlighetsfossen", "source": "Wikidata", "wikidata_id": "Q34753414"}}, {"type": "Feature", "id": "foss-wd-Q34753429", "geometry": {"type": "Point", "coordinates": [11.21163, 62.95259]}, "properties": {"name": "Kjøvfossan", "source": "Wikidata", "wikidata_id": "Q34753429"}}, {"type": "Feature", "id": "foss-wd-Q34753446", "geometry": {"type": "Point", "coordinates": [8.76487, 60.0846]}, "properties": {"name": "Klappedikfossen", "source": "Wikidata", "wikidata_id": "Q34753446"}}, {"type": "Feature", "id": "foss-wd-Q34753460", "geometry": {"type": "Point", "coordinates": [6.1601, 61.33179]}, "properties": {"name": "Kleivafossen", "source": "Wikidata", "wikidata_id": "Q34753460"}}, {"type": "Feature", "id": "foss-wd-Q34753467", "geometry": {"type": "Point", "coordinates": [6.83438, 61.66438]}, "properties": {"name": "Kleivafossen", "source": "Wikidata", "wikidata_id": "Q34753467"}}, {"type": "Feature", "id": "foss-wd-Q34753476", "geometry": {"type": "Point", "coordinates": [7.53564, 61.21195]}, "properties": {"name": "Kleivafossen", "source": "Wikidata", "wikidata_id": "Q34753476"}}, {"type": "Feature", "id": "foss-wd-Q34753486", "geometry": {"type": "Point", "coordinates": [13.70248, 66.50466]}, "properties": {"name": "Kleivfossen", "source": "Wikidata", "wikidata_id": "Q34753486"}}, {"type": "Feature", "id": "foss-wd-Q34753512", "geometry": {"type": "Point", "coordinates": [9.36016, 60.23074]}, "properties": {"name": "Klemmafossen", "source": "Wikidata", "wikidata_id": "Q34753512"}}, {"type": "Feature", "id": "foss-wd-Q34753521", "geometry": {"type": "Point", "coordinates": [17.93383, 68.90579]}, "properties": {"name": "Klemningfossen", "source": "Wikidata", "wikidata_id": "Q34753521"}}, {"type": "Feature", "id": "foss-wd-Q34753541", "geometry": {"type": "Point", "coordinates": [8.58808, 63.22864]}, "properties": {"name": "Klevfossen", "source": "Wikidata", "wikidata_id": "Q34753541"}}, {"type": "Feature", "id": "foss-wd-Q34753549", "geometry": {"type": "Point", "coordinates": [9.69877, 61.66139]}, "properties": {"name": "Klevstadfossen", "source": "Wikidata", "wikidata_id": "Q34753549"}}, {"type": "Feature", "id": "foss-wd-Q34753557", "geometry": {"type": "Point", "coordinates": [12.78269, 64.46585]}, "properties": {"name": "Klipa", "source": "Wikidata", "wikidata_id": "Q34753557"}}, {"type": "Feature", "id": "foss-wd-Q34753565", "geometry": {"type": "Point", "coordinates": [15.78789, 67.44934]}, "properties": {"name": "Klipforsen", "source": "Wikidata", "wikidata_id": "Q34753565"}}, {"type": "Feature", "id": "foss-wd-Q34753573", "geometry": {"type": "Point", "coordinates": [6.21733, 61.53636]}, "properties": {"name": "Klipperfossen", "source": "Wikidata", "wikidata_id": "Q34753573"}}, {"type": "Feature", "id": "foss-wd-Q34753581", "geometry": {"type": "Point", "coordinates": [7.14525, 60.92703]}, "properties": {"name": "Klokkarfossen", "source": "Wikidata", "wikidata_id": "Q34753581"}}, {"type": "Feature", "id": "foss-wd-Q34753588", "geometry": {"type": "Point", "coordinates": [11.55452, 60.86873]}, "properties": {"name": "Klokkerfossen", "source": "Wikidata", "wikidata_id": "Q34753588"}}, {"type": "Feature", "id": "foss-wd-Q34753640", "geometry": {"type": "Point", "coordinates": [18.17994, 68.81668]}, "properties": {"name": "Klubbefossen", "source": "Wikidata", "wikidata_id": "Q34753640"}}, {"type": "Feature", "id": "foss-wd-Q34753648", "geometry": {"type": "Point", "coordinates": [6.60078, 60.32375]}, "properties": {"name": "Kluftafoss", "source": "Wikidata", "wikidata_id": "Q34753648"}}, {"type": "Feature", "id": "foss-wd-Q34753655", "geometry": {"type": "Point", "coordinates": [9.35755, 60.16684]}, "properties": {"name": "Klypefoss", "source": "Wikidata", "wikidata_id": "Q34753655"}}, {"type": "Feature", "id": "foss-wd-Q34753663", "geometry": {"type": "Point", "coordinates": [12.20418, 63.82943]}, "properties": {"name": "Kløftafossen", "source": "Wikidata", "wikidata_id": "Q34753663"}}, {"type": "Feature", "id": "foss-wd-Q34753670", "geometry": {"type": "Point", "coordinates": [10.94371, 61.78499]}, "properties": {"name": "Kløfte", "source": "Wikidata", "wikidata_id": "Q34753670"}}, {"type": "Feature", "id": "foss-wd-Q34753676", "geometry": {"type": "Point", "coordinates": [11.0889, 62.58924]}, "properties": {"name": "Kløftet", "source": "Wikidata", "wikidata_id": "Q34753676"}}, {"type": "Feature", "id": "foss-wd-Q34753684", "geometry": {"type": "Point", "coordinates": [12.35881, 60.46331]}, "properties": {"name": "Kløftfossen", "source": "Wikidata", "wikidata_id": "Q34753684"}}, {"type": "Feature", "id": "foss-wd-Q34753692", "geometry": {"type": "Point", "coordinates": [18.42944, 68.99116]}, "properties": {"name": "Kløftfossen", "source": "Wikidata", "wikidata_id": "Q34753692"}}, {"type": "Feature", "id": "foss-wd-Q34753709", "geometry": {"type": "Point", "coordinates": [13.65109, 65.47109]}, "properties": {"name": "Kløvforsen", "source": "Wikidata", "wikidata_id": "Q34753709"}}, {"type": "Feature", "id": "foss-wd-Q34753744", "geometry": {"type": "Point", "coordinates": [10.48466, 60.50627]}, "properties": {"name": "Knutsbråtåfossen", "source": "Wikidata", "wikidata_id": "Q34753744"}}, {"type": "Feature", "id": "foss-wd-Q34753754", "geometry": {"type": "Point", "coordinates": [14.32468, 66.33936]}, "properties": {"name": "Kobbforsen", "source": "Wikidata", "wikidata_id": "Q34753754"}}, {"type": "Feature", "id": "foss-wd-Q34753762", "geometry": {"type": "Point", "coordinates": [12.77497, 61.22358]}, "properties": {"name": "Koiemyrfossen", "source": "Wikidata", "wikidata_id": "Q34753762"}}, {"type": "Feature", "id": "foss-wd-Q34753778", "geometry": {"type": "Point", "coordinates": [7.12769, 60.94548]}, "properties": {"name": "Koldnafossen,l", "source": "Wikidata", "wikidata_id": "Q34753778"}}, {"type": "Feature", "id": "foss-wd-Q34753796", "geometry": {"type": "Point", "coordinates": [6.39421, 62.04865]}, "properties": {"name": "Kolfossen", "source": "Wikidata", "wikidata_id": "Q34753796"}}, {"type": "Feature", "id": "foss-wd-Q34753828", "geometry": {"type": "Point", "coordinates": [11.89024, 63.81929]}, "properties": {"name": "Kolstadfossen", "source": "Wikidata", "wikidata_id": "Q34753828"}}, {"type": "Feature", "id": "foss-wd-Q34753838", "geometry": {"type": "Point", "coordinates": [6.27994, 62.23329]}, "properties": {"name": "Kolåsfossen", "source": "Wikidata", "wikidata_id": "Q34753838"}}, {"type": "Feature", "id": "foss-wd-Q34753847", "geometry": {"type": "Point", "coordinates": [11.0788, 61.37001]}, "properties": {"name": "Kolåsmyrfallet", "source": "Wikidata", "wikidata_id": "Q34753847"}}, {"type": "Feature", "id": "foss-wd-Q34753865", "geometry": {"type": "Point", "coordinates": [12.23436, 61.46617]}, "properties": {"name": "Kongsbekkfossen", "source": "Wikidata", "wikidata_id": "Q34753865"}}, {"type": "Feature", "id": "foss-wd-Q34753872", "geometry": {"type": "Point", "coordinates": [29.13746, 70.61968]}, "properties": {"name": "Kongsfjordfossen", "source": "Wikidata", "wikidata_id": "Q34753872"}}, {"type": "Feature", "id": "foss-wd-Q34753888", "geometry": {"type": "Point", "coordinates": [12.25129, 60.73555]}, "properties": {"name": "Kontraskjæret", "source": "Wikidata", "wikidata_id": "Q34753888"}}, {"type": "Feature", "id": "foss-wd-Q34753896", "geometry": {"type": "Point", "coordinates": [10.9835, 60.19771]}, "properties": {"name": "Kopperudfossen", "source": "Wikidata", "wikidata_id": "Q34753896"}}, {"type": "Feature", "id": "foss-wd-Q34753914", "geometry": {"type": "Point", "coordinates": [10.68328, 63.28951]}, "properties": {"name": "Korfossen", "source": "Wikidata", "wikidata_id": "Q34753914"}}, {"type": "Feature", "id": "foss-wd-Q34753921", "geometry": {"type": "Point", "coordinates": [23.94467, 70.46953]}, "properties": {"name": "Korsfossen", "source": "Wikidata", "wikidata_id": "Q34753921"}}, {"type": "Feature", "id": "foss-wd-Q34753928", "geometry": {"type": "Point", "coordinates": [11.91832, 64.12634]}, "properties": {"name": "Korsfossen", "source": "Wikidata", "wikidata_id": "Q34753928"}}, {"type": "Feature", "id": "foss-wd-Q34753944", "geometry": {"type": "Point", "coordinates": [12.50926, 60.23024]}, "properties": {"name": "Kosk", "source": "Wikidata", "wikidata_id": "Q34753944"}}, {"type": "Feature", "id": "foss-wd-Q34753971", "geometry": {"type": "Point", "coordinates": [5.83966, 60.77233]}, "properties": {"name": "Krakåsfossen", "source": "Wikidata", "wikidata_id": "Q34753971"}}, {"type": "Feature", "id": "foss-wd-Q34753997", "geometry": {"type": "Point", "coordinates": [10.23803, 63.81121]}, "properties": {"name": "Krinsfossen", "source": "Wikidata", "wikidata_id": "Q34753997"}}, {"type": "Feature", "id": "foss-wd-Q34754006", "geometry": {"type": "Point", "coordinates": [9.50984, 60.84483]}, "properties": {"name": "Kristenbrøtafossen", "source": "Wikidata", "wikidata_id": "Q34754006"}}, {"type": "Feature", "id": "foss-wd-Q34754023", "geometry": {"type": "Point", "coordinates": [12.30642, 64.19734]}, "properties": {"name": "Kristofferfossen", "source": "Wikidata", "wikidata_id": "Q34754023"}}, {"type": "Feature", "id": "foss-wd-Q34754031", "geometry": {"type": "Point", "coordinates": [6.41926, 60.71594]}, "properties": {"name": "Kroføssene", "source": "Wikidata", "wikidata_id": "Q34754031"}}, {"type": "Feature", "id": "foss-wd-Q34754041", "geometry": {"type": "Point", "coordinates": [11.02554, 62.56356]}, "properties": {"name": "Kroketfossen", "source": "Wikidata", "wikidata_id": "Q34754041"}}, {"type": "Feature", "id": "foss-wd-Q34754059", "geometry": {"type": "Point", "coordinates": [14.52896, 65.79738]}, "properties": {"name": "Krokforsen", "source": "Wikidata", "wikidata_id": "Q34754059"}}, {"type": "Feature", "id": "foss-wd-Q34754066", "geometry": {"type": "Point", "coordinates": [14.60002, 66.3751]}, "properties": {"name": "Krokforsen", "source": "Wikidata", "wikidata_id": "Q34754066"}}, {"type": "Feature", "id": "foss-wd-Q34754088", "geometry": {"type": "Point", "coordinates": [12.25094, 60.97087]}, "properties": {"name": "Krokfossen", "source": "Wikidata", "wikidata_id": "Q34754088"}}, {"type": "Feature", "id": "foss-wd-Q34754095", "geometry": {"type": "Point", "coordinates": [12.28156, 60.73316]}, "properties": {"name": "Krokfossen", "source": "Wikidata", "wikidata_id": "Q34754095"}}, {"type": "Feature", "id": "foss-wd-Q34754103", "geometry": {"type": "Point", "coordinates": [10.81624, 64.31554]}, "properties": {"name": "Krokfossen", "source": "Wikidata", "wikidata_id": "Q34754103"}}, {"type": "Feature", "id": "foss-wd-Q34754129", "geometry": {"type": "Point", "coordinates": [6.09262, 60.50474]}, "properties": {"name": "Krossfossen", "source": "Wikidata", "wikidata_id": "Q34754129"}}, {"type": "Feature", "id": "foss-wd-Q34754138", "geometry": {"type": "Point", "coordinates": [11.35777, 63.24623]}, "properties": {"name": "Krossåfossene", "source": "Wikidata", "wikidata_id": "Q34754138"}}, {"type": "Feature", "id": "foss-wd-Q34754148", "geometry": {"type": "Point", "coordinates": [10.59478, 63.70837]}, "properties": {"name": "Krukfossen", "source": "Wikidata", "wikidata_id": "Q34754148"}}, {"type": "Feature", "id": "foss-wd-Q34754165", "geometry": {"type": "Point", "coordinates": [6.13833, 60.73058]}, "properties": {"name": "Kråkefossen", "source": "Wikidata", "wikidata_id": "Q34754165"}}, {"type": "Feature", "id": "foss-wd-Q34754172", "geometry": {"type": "Point", "coordinates": [6.23889, 61.18687]}, "properties": {"name": "Kråkefossen", "source": "Wikidata", "wikidata_id": "Q34754172"}}, {"type": "Feature", "id": "foss-wd-Q34754179", "geometry": {"type": "Point", "coordinates": [11.07897, 60.13179]}, "properties": {"name": "Kråkfossen", "source": "Wikidata", "wikidata_id": "Q34754179"}}, {"type": "Feature", "id": "foss-wd-Q34754187", "geometry": {"type": "Point", "coordinates": [12.74408, 65.34395]}, "properties": {"name": "Kråkfossen", "source": "Wikidata", "wikidata_id": "Q34754187"}}, {"type": "Feature", "id": "foss-wd-Q34754194", "geometry": {"type": "Point", "coordinates": [12.79264, 64.25656]}, "properties": {"name": "Kråkselmyrfossan", "source": "Wikidata", "wikidata_id": "Q34754194"}}, {"type": "Feature", "id": "foss-wd-Q34754223", "geometry": {"type": "Point", "coordinates": [7.42061, 61.15447]}, "properties": {"name": "Kufossen", "source": "Wikidata", "wikidata_id": "Q34754223"}}, {"type": "Feature", "id": "foss-wd-Q34754241", "geometry": {"type": "Point", "coordinates": [8.55614, 60.60737]}, "properties": {"name": "Kulufossen", "source": "Wikidata", "wikidata_id": "Q34754241"}}, {"type": "Feature", "id": "foss-wd-Q34754259", "geometry": {"type": "Point", "coordinates": [6.46065, 61.62015]}, "properties": {"name": "Kupefossen", "source": "Wikidata", "wikidata_id": "Q34754259"}}, {"type": "Feature", "id": "foss-wd-Q34754292", "geometry": {"type": "Point", "coordinates": [11.45766, 62.67308]}, "properties": {"name": "Kurråsfossen", "source": "Wikidata", "wikidata_id": "Q34754292"}}, {"type": "Feature", "id": "foss-wd-Q34754301", "geometry": {"type": "Point", "coordinates": [10.29403, 62.9606]}, "properties": {"name": "Kuråfossen", "source": "Wikidata", "wikidata_id": "Q34754301"}}, {"type": "Feature", "id": "foss-wd-Q34754325", "geometry": {"type": "Point", "coordinates": [5.92492, 61.46904]}, "properties": {"name": "Kvamsfossen", "source": "Wikidata", "wikidata_id": "Q34754325"}}, {"type": "Feature", "id": "foss-wd-Q34754332", "geometry": {"type": "Point", "coordinates": [6.06237, 61.47877]}, "properties": {"name": "Kvamsfossen", "source": "Wikidata", "wikidata_id": "Q34754332"}}, {"type": "Feature", "id": "foss-wd-Q34754340", "geometry": {"type": "Point", "coordinates": [5.77649, 61.62863]}, "properties": {"name": "Kvangrefossen", "source": "Wikidata", "wikidata_id": "Q34754340"}}, {"type": "Feature", "id": "foss-wd-Q34754363", "geometry": {"type": "Point", "coordinates": [9.29819, 60.91719]}, "properties": {"name": "Kvannefossen", "source": "Wikidata", "wikidata_id": "Q34754363"}}, {"type": "Feature", "id": "foss-wd-Q34754370", "geometry": {"type": "Point", "coordinates": [6.58694, 60.51705]}, "properties": {"name": "Kvanngjelsfossen", "source": "Wikidata", "wikidata_id": "Q34754370"}}, {"type": "Feature", "id": "foss-wd-Q34754377", "geometry": {"type": "Point", "coordinates": [7.42065, 60.92603]}, "properties": {"name": "Kvanngrøfossen", "source": "Wikidata", "wikidata_id": "Q34754377"}}, {"type": "Feature", "id": "foss-wd-Q34754384", "geometry": {"type": "Point", "coordinates": [5.57154, 61.69461]}, "properties": {"name": "Kvanngrøfossen", "source": "Wikidata", "wikidata_id": "Q34754384"}}, {"type": "Feature", "id": "foss-wd-Q34754390", "geometry": {"type": "Point", "coordinates": [11.65215, 61.78674]}, "properties": {"name": "Kvannhullfossen", "source": "Wikidata", "wikidata_id": "Q34754390"}}, {"type": "Feature", "id": "foss-wd-Q34754396", "geometry": {"type": "Point", "coordinates": [6.68042, 60.02077]}, "properties": {"name": "Kvannskorfossen", "source": "Wikidata", "wikidata_id": "Q34754396"}}, {"type": "Feature", "id": "foss-wd-Q34754403", "geometry": {"type": "Point", "coordinates": [6.5883, 60.33018]}, "properties": {"name": "Kvannskorfossen", "source": "Wikidata", "wikidata_id": "Q34754403"}}, {"type": "Feature", "id": "foss-wd-Q34754409", "geometry": {"type": "Point", "coordinates": [17.37435, 68.30427]}, "properties": {"name": "Kvantforsen", "source": "Wikidata", "wikidata_id": "Q34754409"}}, {"type": "Feature", "id": "foss-wd-Q34754416", "geometry": {"type": "Point", "coordinates": [8.92981, 61.19786]}, "properties": {"name": "Kvednafossen", "source": "Wikidata", "wikidata_id": "Q34754416"}}, {"type": "Feature", "id": "foss-wd-Q34754424", "geometry": {"type": "Point", "coordinates": [9.30889, 60.82973]}, "properties": {"name": "Kvednaføssen", "source": "Wikidata", "wikidata_id": "Q34754424"}}, {"type": "Feature", "id": "foss-wd-Q34754438", "geometry": {"type": "Point", "coordinates": [11.61629, 63.43761]}, "properties": {"name": "Kvelvfossen", "source": "Wikidata", "wikidata_id": "Q34754438"}}, {"type": "Feature", "id": "foss-wd-Q34754446", "geometry": {"type": "Point", "coordinates": [10.46983, 63.98057]}, "properties": {"name": "Kvennatrappen", "source": "Wikidata", "wikidata_id": "Q34754446"}}, {"type": "Feature", "id": "foss-wd-Q34754497", "geometry": {"type": "Point", "coordinates": [12.0023, 61.29587]}, "properties": {"name": "Kvennfalla", "source": "Wikidata", "wikidata_id": "Q34754497"}}, {"type": "Feature", "id": "foss-wd-Q34754505", "geometry": {"type": "Point", "coordinates": [11.19494, 60.02917]}, "properties": {"name": "Kvennfossen", "source": "Wikidata", "wikidata_id": "Q34754505"}}, {"type": "Feature", "id": "foss-wd-Q34754511", "geometry": {"type": "Point", "coordinates": [12.6088, 64.61784]}, "properties": {"name": "Kvennfossen", "source": "Wikidata", "wikidata_id": "Q34754511"}}, {"type": "Feature", "id": "foss-wd-Q34754520", "geometry": {"type": "Point", "coordinates": [13.61889, 64.20082]}, "properties": {"name": "Kvennfossen", "source": "Wikidata", "wikidata_id": "Q34754520"}}, {"type": "Feature", "id": "foss-wd-Q34754527", "geometry": {"type": "Point", "coordinates": [13.80416, 64.51626]}, "properties": {"name": "Kvennfossen", "source": "Wikidata", "wikidata_id": "Q34754527"}}, {"type": "Feature", "id": "foss-wd-Q34754534", "geometry": {"type": "Point", "coordinates": [11.58793, 64.4576]}, "properties": {"name": "Kvennfossen", "source": "Wikidata", "wikidata_id": "Q34754534"}}, {"type": "Feature", "id": "foss-wd-Q34754541", "geometry": {"type": "Point", "coordinates": [11.74004, 64.67045]}, "properties": {"name": "Kvennfossen", "source": "Wikidata", "wikidata_id": "Q34754541"}}, {"type": "Feature", "id": "foss-wd-Q34754550", "geometry": {"type": "Point", "coordinates": [12.66862, 65.04339]}, "properties": {"name": "Kvennfossen", "source": "Wikidata", "wikidata_id": "Q34754550"}}, {"type": "Feature", "id": "foss-wd-Q34754556", "geometry": {"type": "Point", "coordinates": [10.43364, 63.9117]}, "properties": {"name": "Kvennfossen", "source": "Wikidata", "wikidata_id": "Q34754556"}}, {"type": "Feature", "id": "foss-wd-Q34754564", "geometry": {"type": "Point", "coordinates": [18.77972, 69.00893]}, "properties": {"name": "Kvennfossen", "source": "Wikidata", "wikidata_id": "Q34754564"}}, {"type": "Feature", "id": "foss-wd-Q34754572", "geometry": {"type": "Point", "coordinates": [18.67527, 69.20435]}, "properties": {"name": "Kvennfossen", "source": "Wikidata", "wikidata_id": "Q34754572"}}, {"type": "Feature", "id": "foss-wd-Q34754580", "geometry": {"type": "Point", "coordinates": [11.14786, 62.95129]}, "properties": {"name": "Kvennfossene", "source": "Wikidata", "wikidata_id": "Q34754580"}}, {"type": "Feature", "id": "foss-wd-Q34754762", "geometry": {"type": "Point", "coordinates": [8.93304, 62.21024]}, "properties": {"name": "Kvitfossen", "source": "Wikidata", "wikidata_id": "Q34754762"}}, {"type": "Feature", "id": "foss-wd-Q34754769", "geometry": {"type": "Point", "coordinates": [8.92054, 61.87507]}, "properties": {"name": "Kvitfossen", "source": "Wikidata", "wikidata_id": "Q34754769"}}, {"type": "Feature", "id": "foss-wd-Q34754777", "geometry": {"type": "Point", "coordinates": [9.21988, 63.29881]}, "properties": {"name": "Kvitfossen", "source": "Wikidata", "wikidata_id": "Q34754777"}}, {"type": "Feature", "id": "foss-wd-Q34754785", "geometry": {"type": "Point", "coordinates": [19.59016, 69.55308]}, "properties": {"name": "Kvitfossen", "source": "Wikidata", "wikidata_id": "Q34754785"}}, {"type": "Feature", "id": "foss-wd-Q34754792", "geometry": {"type": "Point", "coordinates": [6.12349, 60.17326]}, "properties": {"name": "Kvitingen", "source": "Wikidata", "wikidata_id": "Q34754792"}}, {"type": "Feature", "id": "foss-wd-Q34754815", "geometry": {"type": "Point", "coordinates": [10.73372, 61.52872]}, "properties": {"name": "Kvitkalen", "source": "Wikidata", "wikidata_id": "Q34754815"}}, {"type": "Feature", "id": "foss-wd-Q34754823", "geometry": {"type": "Point", "coordinates": [6.93239, 61.95839]}, "properties": {"name": "Kvitlefossen", "source": "Wikidata", "wikidata_id": "Q34754823"}}, {"type": "Feature", "id": "foss-wd-Q34754855", "geometry": {"type": "Point", "coordinates": [7.33481, 60.88694]}, "properties": {"name": "Kvålafossen", "source": "Wikidata", "wikidata_id": "Q34754855"}}, {"type": "Feature", "id": "foss-wd-Q34754879", "geometry": {"type": "Point", "coordinates": [10.31396, 62.57607]}, "properties": {"name": "Kvælfossen", "source": "Wikidata", "wikidata_id": "Q34754879"}}, {"type": "Feature", "id": "foss-wd-Q34754888", "geometry": {"type": "Point", "coordinates": [12.24054, 60.73419]}, "properties": {"name": "Kynnfallene", "source": "Wikidata", "wikidata_id": "Q34754888"}}, {"type": "Feature", "id": "foss-wd-Q34754896", "geometry": {"type": "Point", "coordinates": [6.72267, 61.38511]}, "properties": {"name": "Kyrafossen", "source": "Wikidata", "wikidata_id": "Q34754896"}}, {"type": "Feature", "id": "foss-wd-Q34754905", "geometry": {"type": "Point", "coordinates": [7.88919, 61.33361]}, "properties": {"name": "Kyrfoss", "source": "Wikidata", "wikidata_id": "Q34754905"}}, {"type": "Feature", "id": "foss-wd-Q34754927", "geometry": {"type": "Point", "coordinates": [7.10639, 60.75271]}, "properties": {"name": "Kårdalsfossen", "source": "Wikidata", "wikidata_id": "Q34754927"}}, {"type": "Feature", "id": "foss-wd-Q34754957", "geometry": {"type": "Point", "coordinates": [11.13249, 63.90142]}, "properties": {"name": "Kårfossen", "source": "Wikidata", "wikidata_id": "Q34754957"}}, {"type": "Feature", "id": "foss-wd-Q34754964", "geometry": {"type": "Point", "coordinates": [10.93841, 61.40929]}, "properties": {"name": "Kølbufallet", "source": "Wikidata", "wikidata_id": "Q34754964"}}, {"type": "Feature", "id": "foss-wd-Q34754995", "geometry": {"type": "Point", "coordinates": [16.10365, 68.66631]}, "properties": {"name": "Labakkfossen", "source": "Wikidata", "wikidata_id": "Q34754995"}}, {"type": "Feature", "id": "foss-wd-Q34755003", "geometry": {"type": "Point", "coordinates": [17.73406, 69.04749]}, "properties": {"name": "Lafossen", "source": "Wikidata", "wikidata_id": "Q34755003"}}, {"type": "Feature", "id": "foss-wd-Q34755010", "geometry": {"type": "Point", "coordinates": [25.17557, 69.83079]}, "properties": {"name": "Lailafossen", "source": "Wikidata", "wikidata_id": "Q34755010"}}, {"type": "Feature", "id": "foss-wd-Q34755017", "geometry": {"type": "Point", "coordinates": [24.34431, 69.13279]}, "properties": {"name": "Lailagårŋi", "source": "Wikidata", "wikidata_id": "Q34755017"}}, {"type": "Feature", "id": "foss-wd-Q34755024", "geometry": {"type": "Point", "coordinates": [15.16085, 68.97637]}, "properties": {"name": "Lakseblikkan", "source": "Wikidata", "wikidata_id": "Q34755024"}}, {"type": "Feature", "id": "foss-wd-Q34755047", "geometry": {"type": "Point", "coordinates": [6.15781, 61.24546]}, "properties": {"name": "Laksefossen", "source": "Wikidata", "wikidata_id": "Q34755047"}}, {"type": "Feature", "id": "foss-wd-Q34755079", "geometry": {"type": "Point", "coordinates": [15.76261, 67.45061]}, "properties": {"name": "Laksholforsen", "source": "Wikidata", "wikidata_id": "Q34755079"}}, {"type": "Feature", "id": "foss-wd-Q34755086", "geometry": {"type": "Point", "coordinates": [12.7252, 65.87334]}, "properties": {"name": "Laksjordforsen", "source": "Wikidata", "wikidata_id": "Q34755086"}}, {"type": "Feature", "id": "foss-wd-Q34755093", "geometry": {"type": "Point", "coordinates": [27.43999, 70.09668]}, "properties": {"name": "Lakšjåkgårŋi", "source": "Wikidata", "wikidata_id": "Q34755093"}}, {"type": "Feature", "id": "foss-wd-Q34755100", "geometry": {"type": "Point", "coordinates": [6.57019, 61.01976]}, "properties": {"name": "Lambafossa", "source": "Wikidata", "wikidata_id": "Q34755100"}}, {"type": "Feature", "id": "foss-wd-Q34755108", "geometry": {"type": "Point", "coordinates": [9.37084, 60.16249]}, "properties": {"name": "Lammefoss", "source": "Wikidata", "wikidata_id": "Q34755108"}}, {"type": "Feature", "id": "foss-wd-Q34755131", "geometry": {"type": "Point", "coordinates": [11.5885, 64.28357]}, "properties": {"name": "Langbakkfossen", "source": "Wikidata", "wikidata_id": "Q34755131"}}, {"type": "Feature", "id": "foss-wd-Q34755138", "geometry": {"type": "Point", "coordinates": [11.9128, 63.82827]}, "properties": {"name": "Langdalsfossen", "source": "Wikidata", "wikidata_id": "Q34755138"}}, {"type": "Feature", "id": "foss-wd-Q34755146", "geometry": {"type": "Point", "coordinates": [5.43944, 61.20989]}, "properties": {"name": "Langedalsfossen", "source": "Wikidata", "wikidata_id": "Q34755146"}}, {"type": "Feature", "id": "foss-wd-Q34755160", "geometry": {"type": "Point", "coordinates": [9.41026, 60.13378]}, "properties": {"name": "Langefoss", "source": "Wikidata", "wikidata_id": "Q34755160"}}, {"type": "Feature", "id": "foss-wd-Q34755180", "geometry": {"type": "Point", "coordinates": [6.17553, 60.83978]}, "properties": {"name": "Langefossen", "source": "Wikidata", "wikidata_id": "Q34755180"}}, {"type": "Feature", "id": "foss-wd-Q34755188", "geometry": {"type": "Point", "coordinates": [5.36192, 61.01557]}, "properties": {"name": "Langemyrfossen", "source": "Wikidata", "wikidata_id": "Q34755188"}}, {"type": "Feature", "id": "foss-wd-Q34755203", "geometry": {"type": "Point", "coordinates": [13.82717, 66.05819]}, "properties": {"name": "Langforsen", "source": "Wikidata", "wikidata_id": "Q34755203"}}, {"type": "Feature", "id": "foss-wd-Q34755211", "geometry": {"type": "Point", "coordinates": [13.92083, 66.15339]}, "properties": {"name": "Langforsen", "source": "Wikidata", "wikidata_id": "Q34755211"}}, {"type": "Feature", "id": "foss-wd-Q34755218", "geometry": {"type": "Point", "coordinates": [13.06795, 66.06344]}, "properties": {"name": "Langforsen", "source": "Wikidata", "wikidata_id": "Q34755218"}}, {"type": "Feature", "id": "foss-wd-Q34755227", "geometry": {"type": "Point", "coordinates": [15.95654, 67.59498]}, "properties": {"name": "Langforsen", "source": "Wikidata", "wikidata_id": "Q34755227"}}, {"type": "Feature", "id": "foss-wd-Q34673662", "geometry": {"type": "Point", "coordinates": [7.28578, 61.5075]}, "properties": {"name": "Håvardsfossen", "source": "Wikidata", "wikidata_id": "Q34673662"}}, {"type": "Feature", "id": "foss-wd-Q34673677", "geometry": {"type": "Point", "coordinates": [9.58352, 62.80006]}, "properties": {"name": "Hælufossen", "source": "Wikidata", "wikidata_id": "Q34673677"}}, {"type": "Feature", "id": "foss-wd-Q34673693", "geometry": {"type": "Point", "coordinates": [11.86068, 63.80683]}, "properties": {"name": "Hærfossen", "source": "Wikidata", "wikidata_id": "Q34673693"}}, {"type": "Feature", "id": "foss-wd-Q34673699", "geometry": {"type": "Point", "coordinates": [11.45843, 63.68666]}, "properties": {"name": "Hærolafossen", "source": "Wikidata", "wikidata_id": "Q34673699"}}, {"type": "Feature", "id": "foss-wd-Q34673704", "geometry": {"type": "Point", "coordinates": [12.07636, 63.97247]}, "properties": {"name": "Høafossen", "source": "Wikidata", "wikidata_id": "Q34673704"}}, {"type": "Feature", "id": "foss-wd-Q34673711", "geometry": {"type": "Point", "coordinates": [8.89601, 60.89355]}, "properties": {"name": "Høgefoss", "source": "Wikidata", "wikidata_id": "Q34673711"}}, {"type": "Feature", "id": "foss-wd-Q34673720", "geometry": {"type": "Point", "coordinates": [8.09438, 60.49932]}, "properties": {"name": "Høgefoss", "source": "Wikidata", "wikidata_id": "Q34673720"}}, {"type": "Feature", "id": "foss-wd-Q34673746", "geometry": {"type": "Point", "coordinates": [9.29718, 60.92084]}, "properties": {"name": "Høgefossen", "source": "Wikidata", "wikidata_id": "Q34673746"}}, {"type": "Feature", "id": "foss-wd-Q34673768", "geometry": {"type": "Point", "coordinates": [6.10019, 61.93278]}, "properties": {"name": "Høgefossen", "source": "Wikidata", "wikidata_id": "Q34673768"}}, {"type": "Feature", "id": "foss-wd-Q34673777", "geometry": {"type": "Point", "coordinates": [5.80272, 61.54889]}, "properties": {"name": "Høgefossen", "source": "Wikidata", "wikidata_id": "Q34673777"}}, {"type": "Feature", "id": "foss-wd-Q34673784", "geometry": {"type": "Point", "coordinates": [9.71526, 60.82792]}, "properties": {"name": "Høgeføss", "source": "Wikidata", "wikidata_id": "Q34673784"}}, {"type": "Feature", "id": "foss-wd-Q34673805", "geometry": {"type": "Point", "coordinates": [17.1355, 68.3718]}, "properties": {"name": "Høgforsen", "source": "Wikidata", "wikidata_id": "Q34673805"}}, {"type": "Feature", "id": "foss-wd-Q34673814", "geometry": {"type": "Point", "coordinates": [10.171, 60.37268]}, "properties": {"name": "Høgfoss", "source": "Wikidata", "wikidata_id": "Q34673814"}}, {"type": "Feature", "id": "foss-wd-Q34673821", "geometry": {"type": "Point", "coordinates": [10.08422, 60.78765]}, "properties": {"name": "Høgfoss", "source": "Wikidata", "wikidata_id": "Q34673821"}}, {"type": "Feature", "id": "foss-wd-Q34673829", "geometry": {"type": "Point", "coordinates": [9.42333, 60.59084]}, "properties": {"name": "Høgfoss", "source": "Wikidata", "wikidata_id": "Q34673829"}}, {"type": "Feature", "id": "foss-wd-Q34673837", "geometry": {"type": "Point", "coordinates": [9.61803, 60.74921]}, "properties": {"name": "Høgfoss", "source": "Wikidata", "wikidata_id": "Q34673837"}}, {"type": "Feature", "id": "foss-wd-Q34673846", "geometry": {"type": "Point", "coordinates": [8.97943, 61.98369]}, "properties": {"name": "Høgfoss", "source": "Wikidata", "wikidata_id": "Q34673846"}}, {"type": "Feature", "id": "foss-wd-Q34673886", "geometry": {"type": "Point", "coordinates": [9.39783, 60.44817]}, "properties": {"name": "Høgfossen", "source": "Wikidata", "wikidata_id": "Q34673886"}}, {"type": "Feature", "id": "foss-wd-Q34673902", "geometry": {"type": "Point", "coordinates": [9.81648, 60.52295]}, "properties": {"name": "Høgfossen", "source": "Wikidata", "wikidata_id": "Q34673902"}}, {"type": "Feature", "id": "foss-wd-Q34673910", "geometry": {"type": "Point", "coordinates": [8.70202, 62.921]}, "properties": {"name": "Høgfossen", "source": "Wikidata", "wikidata_id": "Q34673910"}}, {"type": "Feature", "id": "foss-wd-Q34673918", "geometry": {"type": "Point", "coordinates": [10.84676, 63.7484]}, "properties": {"name": "Høgfossen", "source": "Wikidata", "wikidata_id": "Q34673918"}}, {"type": "Feature", "id": "foss-wd-Q34673927", "geometry": {"type": "Point", "coordinates": [10.95204, 63.83934]}, "properties": {"name": "Høgfossen", "source": "Wikidata", "wikidata_id": "Q34673927"}}, {"type": "Feature", "id": "foss-wd-Q34673935", "geometry": {"type": "Point", "coordinates": [11.5396, 64.41347]}, "properties": {"name": "Høgfossen", "source": "Wikidata", "wikidata_id": "Q34673935"}}, {"type": "Feature", "id": "foss-wd-Q34673942", "geometry": {"type": "Point", "coordinates": [15.90412, 68.9346]}, "properties": {"name": "Høgfossen", "source": "Wikidata", "wikidata_id": "Q34673942"}}, {"type": "Feature", "id": "foss-wd-Q34673951", "geometry": {"type": "Point", "coordinates": [9.79533, 60.90991]}, "properties": {"name": "Høgfossen", "source": "Wikidata", "wikidata_id": "Q34673951"}}, {"type": "Feature", "id": "foss-wd-Q34673959", "geometry": {"type": "Point", "coordinates": [9.99285, 61.07134]}, "properties": {"name": "Høgfossen", "source": "Wikidata", "wikidata_id": "Q34673959"}}, {"type": "Feature", "id": "foss-wd-Q34673966", "geometry": {"type": "Point", "coordinates": [8.34842, 61.9124]}, "properties": {"name": "Høgfossen", "source": "Wikidata", "wikidata_id": "Q34673966"}}, {"type": "Feature", "id": "foss-wd-Q34673972", "geometry": {"type": "Point", "coordinates": [8.04013, 61.92139]}, "properties": {"name": "Høgfossen", "source": "Wikidata", "wikidata_id": "Q34673972"}}, {"type": "Feature", "id": "foss-wd-Q34673980", "geometry": {"type": "Point", "coordinates": [10.14895, 60.66792]}, "properties": {"name": "Høgfossen", "source": "Wikidata", "wikidata_id": "Q34673980"}}, {"type": "Feature", "id": "foss-wd-Q34673989", "geometry": {"type": "Point", "coordinates": [10.69308, 63.24845]}, "properties": {"name": "Høgfossen", "source": "Wikidata", "wikidata_id": "Q34673989"}}, {"type": "Feature", "id": "foss-wd-Q34674005", "geometry": {"type": "Point", "coordinates": [19.01928, 69.45132]}, "properties": {"name": "Høgfossen", "source": "Wikidata", "wikidata_id": "Q34674005"}}, {"type": "Feature", "id": "foss-wd-Q34674012", "geometry": {"type": "Point", "coordinates": [16.22596, 68.79943]}, "properties": {"name": "Høgfossen", "source": "Wikidata", "wikidata_id": "Q34674012"}}, {"type": "Feature", "id": "foss-wd-Q34674027", "geometry": {"type": "Point", "coordinates": [7.48757, 62.2524]}, "properties": {"name": "Høgremsfossen", "source": "Wikidata", "wikidata_id": "Q34674027"}}, {"type": "Feature", "id": "foss-wd-Q34674035", "geometry": {"type": "Point", "coordinates": [10.76895, 63.22941]}, "properties": {"name": "Høgåsfossen", "source": "Wikidata", "wikidata_id": "Q34674035"}}, {"type": "Feature", "id": "foss-wd-Q34674043", "geometry": {"type": "Point", "coordinates": [5.39452, 60.38075]}, "properties": {"name": "Høkerfossen", "source": "Wikidata", "wikidata_id": "Q34674043"}}, {"type": "Feature", "id": "foss-wd-Q34674049", "geometry": {"type": "Point", "coordinates": [9.5585, 61.00505]}, "properties": {"name": "Hølaføssen", "source": "Wikidata", "wikidata_id": "Q34674049"}}, {"type": "Feature", "id": "foss-wd-Q34674055", "geometry": {"type": "Point", "coordinates": [9.68704, 61.09579]}, "properties": {"name": "Hølbekkføssen", "source": "Wikidata", "wikidata_id": "Q34674055"}}, {"type": "Feature", "id": "foss-wd-Q34674063", "geometry": {"type": "Point", "coordinates": [7.91125, 61.36971]}, "properties": {"name": "Hyljefossen", "source": "Wikidata", "wikidata_id": "Q34674063"}}, {"type": "Feature", "id": "foss-wd-Q34674070", "geometry": {"type": "Point", "coordinates": [9.19244, 60.47556]}, "properties": {"name": "Høllefossen", "source": "Wikidata", "wikidata_id": "Q34674070"}}, {"type": "Feature", "id": "foss-wd-Q34674080", "geometry": {"type": "Point", "coordinates": [10.17881, 60.7047]}, "properties": {"name": "Hønefoss", "source": "Wikidata", "wikidata_id": "Q34674080"}}, {"type": "Feature", "id": "foss-wd-Q34674097", "geometry": {"type": "Point", "coordinates": [5.82169, 60.76206]}, "properties": {"name": "Høsefossen", "source": "Wikidata", "wikidata_id": "Q34674097"}}, {"type": "Feature", "id": "foss-wd-Q34674106", "geometry": {"type": "Point", "coordinates": [9.14064, 61.05979]}, "properties": {"name": "Høvsføssen", "source": "Wikidata", "wikidata_id": "Q34674106"}}, {"type": "Feature", "id": "foss-wd-Q34674123", "geometry": {"type": "Point", "coordinates": [10.81733, 62.82714]}, "properties": {"name": "Høyfossen", "source": "Wikidata", "wikidata_id": "Q34674123"}}, {"type": "Feature", "id": "foss-wd-Q34674132", "geometry": {"type": "Point", "coordinates": [7.06481, 61.80672]}, "properties": {"name": "Høysteinfossen", "source": "Wikidata", "wikidata_id": "Q34674132"}}, {"type": "Feature", "id": "foss-wd-Q34677947", "geometry": {"type": "Point", "coordinates": [5.54252, 60.74613]}, "properties": {"name": "Sagafossen", "source": "Wikidata", "wikidata_id": "Q34677947"}}, {"type": "Feature", "id": "foss-wd-Q34677953", "geometry": {"type": "Point", "coordinates": [6.93099, 61.54296]}, "properties": {"name": "Sagafossen", "source": "Wikidata", "wikidata_id": "Q34677953"}}, {"type": "Feature", "id": "foss-wd-Q34677959", "geometry": {"type": "Point", "coordinates": [6.2579, 61.09698]}, "properties": {"name": "Sagafossen", "source": "Wikidata", "wikidata_id": "Q34677959"}}, {"type": "Feature", "id": "foss-wd-Q34677977", "geometry": {"type": "Point", "coordinates": [8.97734, 61.18073]}, "properties": {"name": "Sagahaugfossen", "source": "Wikidata", "wikidata_id": "Q34677977"}}, {"type": "Feature", "id": "foss-wd-Q34677985", "geometry": {"type": "Point", "coordinates": [18.61738, 69.00339]}, "properties": {"name": "Sagbekkfossen", "source": "Wikidata", "wikidata_id": "Q34677985"}}, {"type": "Feature", "id": "foss-wd-Q34678002", "geometry": {"type": "Point", "coordinates": [18.66396, 69.2646]}, "properties": {"name": "Sagelvfossen", "source": "Wikidata", "wikidata_id": "Q34678002"}}, {"type": "Feature", "id": "foss-wd-Q34678011", "geometry": {"type": "Point", "coordinates": [11.41511, 60.91148]}, "properties": {"name": "Sagfallet", "source": "Wikidata", "wikidata_id": "Q34678011"}}, {"type": "Feature", "id": "foss-wd-Q34678018", "geometry": {"type": "Point", "coordinates": [11.23534, 61.55952]}, "properties": {"name": "Sagfallet", "source": "Wikidata", "wikidata_id": "Q34678018"}}, {"type": "Feature", "id": "foss-wd-Q34678025", "geometry": {"type": "Point", "coordinates": [11.36734, 60.52506]}, "properties": {"name": "Sagfallet", "source": "Wikidata", "wikidata_id": "Q34678025"}}, {"type": "Feature", "id": "foss-wd-Q34678032", "geometry": {"type": "Point", "coordinates": [10.04255, 62.68663]}, "properties": {"name": "Sagfallet", "source": "Wikidata", "wikidata_id": "Q34678032"}}, {"type": "Feature", "id": "foss-wd-Q34678038", "geometry": {"type": "Point", "coordinates": [15.86423, 67.90603]}, "properties": {"name": "Sagforsen", "source": "Wikidata", "wikidata_id": "Q34678038"}}, {"type": "Feature", "id": "foss-wd-Q34678044", "geometry": {"type": "Point", "coordinates": [13.13386, 66.11957]}, "properties": {"name": "Sagforsen", "source": "Wikidata", "wikidata_id": "Q34678044"}}, {"type": "Feature", "id": "foss-wd-Q34678051", "geometry": {"type": "Point", "coordinates": [13.64737, 66.30102]}, "properties": {"name": "Sagforsen", "source": "Wikidata", "wikidata_id": "Q34678051"}}, {"type": "Feature", "id": "foss-wd-Q34678059", "geometry": {"type": "Point", "coordinates": [14.32261, 66.30615]}, "properties": {"name": "Sagforsen", "source": "Wikidata", "wikidata_id": "Q34678059"}}, {"type": "Feature", "id": "foss-wd-Q34678067", "geometry": {"type": "Point", "coordinates": [13.35027, 65.98377]}, "properties": {"name": "Sagforsen", "source": "Wikidata", "wikidata_id": "Q34678067"}}, {"type": "Feature", "id": "foss-wd-Q34678094", "geometry": {"type": "Point", "coordinates": [10.18911, 60.32243]}, "properties": {"name": "Sagfossen", "source": "Wikidata", "wikidata_id": "Q34678094"}}, {"type": "Feature", "id": "foss-wd-Q34678102", "geometry": {"type": "Point", "coordinates": [9.41634, 60.13426]}, "properties": {"name": "Sagfossen", "source": "Wikidata", "wikidata_id": "Q34678102"}}, {"type": "Feature", "id": "foss-wd-Q34678108", "geometry": {"type": "Point", "coordinates": [11.46842, 62.2028]}, "properties": {"name": "Sagfossen", "source": "Wikidata", "wikidata_id": "Q34678108"}}, {"type": "Feature", "id": "foss-wd-Q34678114", "geometry": {"type": "Point", "coordinates": [7.51996, 62.76656]}, "properties": {"name": "Sagfossen", "source": "Wikidata", "wikidata_id": "Q34678114"}}, {"type": "Feature", "id": "foss-wd-Q34678123", "geometry": {"type": "Point", "coordinates": [6.23932, 62.15987]}, "properties": {"name": "Sagfossen", "source": "Wikidata", "wikidata_id": "Q34678123"}}, {"type": "Feature", "id": "foss-wd-Q34678130", "geometry": {"type": "Point", "coordinates": [12.22493, 64.48368]}, "properties": {"name": "Sagfossen", "source": "Wikidata", "wikidata_id": "Q34678130"}}, {"type": "Feature", "id": "foss-wd-Q34678138", "geometry": {"type": "Point", "coordinates": [10.97398, 63.80674]}, "properties": {"name": "Sagfossen", "source": "Wikidata", "wikidata_id": "Q34678138"}}, {"type": "Feature", "id": "foss-wd-Q34678145", "geometry": {"type": "Point", "coordinates": [10.42356, 63.69126]}, "properties": {"name": "Sagfossen", "source": "Wikidata", "wikidata_id": "Q34678145"}}, {"type": "Feature", "id": "foss-wd-Q34678153", "geometry": {"type": "Point", "coordinates": [10.56682, 63.70983]}, "properties": {"name": "Sagfossen", "source": "Wikidata", "wikidata_id": "Q34678153"}}, {"type": "Feature", "id": "foss-wd-Q34678161", "geometry": {"type": "Point", "coordinates": [13.33816, 64.51351]}, "properties": {"name": "Sagfossen", "source": "Wikidata", "wikidata_id": "Q34678161"}}, {"type": "Feature", "id": "foss-wd-Q34678169", "geometry": {"type": "Point", "coordinates": [11.53092, 64.38433]}, "properties": {"name": "Sagfossen", "source": "Wikidata", "wikidata_id": "Q34678169"}}, {"type": "Feature", "id": "foss-wd-Q34678177", "geometry": {"type": "Point", "coordinates": [11.5629, 64.48458]}, "properties": {"name": "Sagfossen", "source": "Wikidata", "wikidata_id": "Q34678177"}}, {"type": "Feature", "id": "foss-wd-Q34678185", "geometry": {"type": "Point", "coordinates": [11.20568, 64.51141]}, "properties": {"name": "Sagfossen", "source": "Wikidata", "wikidata_id": "Q34678185"}}, {"type": "Feature", "id": "foss-wd-Q34678193", "geometry": {"type": "Point", "coordinates": [11.73636, 64.57627]}, "properties": {"name": "Sagfossen", "source": "Wikidata", "wikidata_id": "Q34678193"}}, {"type": "Feature", "id": "foss-wd-Q34678200", "geometry": {"type": "Point", "coordinates": [11.68781, 64.3487]}, "properties": {"name": "Sagfossen", "source": "Wikidata", "wikidata_id": "Q34678200"}}, {"type": "Feature", "id": "foss-wd-Q34678208", "geometry": {"type": "Point", "coordinates": [12.39376, 64.16587]}, "properties": {"name": "Sagfossen", "source": "Wikidata", "wikidata_id": "Q34678208"}}, {"type": "Feature", "id": "foss-wd-Q34678216", "geometry": {"type": "Point", "coordinates": [11.69263, 63.98746]}, "properties": {"name": "Sagfossen", "source": "Wikidata", "wikidata_id": "Q34678216"}}, {"type": "Feature", "id": "foss-wd-Q34678223", "geometry": {"type": "Point", "coordinates": [12.10237, 64.03248]}, "properties": {"name": "Sagfossen", "source": "Wikidata", "wikidata_id": "Q34678223"}}, {"type": "Feature", "id": "foss-wd-Q34678231", "geometry": {"type": "Point", "coordinates": [11.82602, 64.07718]}, "properties": {"name": "Sagfossen", "source": "Wikidata", "wikidata_id": "Q34678231"}}, {"type": "Feature", "id": "foss-wd-Q34678240", "geometry": {"type": "Point", "coordinates": [11.07811, 63.40194]}, "properties": {"name": "Sagfossen", "source": "Wikidata", "wikidata_id": "Q34678240"}}, {"type": "Feature", "id": "foss-wd-Q34678248", "geometry": {"type": "Point", "coordinates": [11.26739, 63.51707]}, "properties": {"name": "Sagfossen", "source": "Wikidata", "wikidata_id": "Q34678248"}}, {"type": "Feature", "id": "foss-wd-Q34678257", "geometry": {"type": "Point", "coordinates": [11.22368, 64.08941]}, "properties": {"name": "Sagfossen", "source": "Wikidata", "wikidata_id": "Q34678257"}}, {"type": "Feature", "id": "foss-wd-Q34757545", "geometry": {"type": "Point", "coordinates": [5.40975, 60.98877]}, "properties": {"name": "Reievegfossen", "source": "Wikidata", "wikidata_id": "Q34757545"}}, {"type": "Feature", "id": "foss-wd-Q34757551", "geometry": {"type": "Point", "coordinates": [6.32081, 60.6527]}, "properties": {"name": "Reinaråfossen", "source": "Wikidata", "wikidata_id": "Q34757551"}}, {"type": "Feature", "id": "foss-wd-Q34757558", "geometry": {"type": "Point", "coordinates": [7.53835, 62.20082]}, "properties": {"name": "Reindalsfossen", "source": "Wikidata", "wikidata_id": "Q34757558"}}, {"type": "Feature", "id": "foss-wd-Q34757566", "geometry": {"type": "Point", "coordinates": [7.54064, 59.39894]}, "properties": {"name": "Reinevassfossen", "source": "Wikidata", "wikidata_id": "Q34757566"}}, {"type": "Feature", "id": "foss-wd-Q34757574", "geometry": {"type": "Point", "coordinates": [13.99254, 66.16055]}, "properties": {"name": "Reinforsen", "source": "Wikidata", "wikidata_id": "Q34757574"}}, {"type": "Feature", "id": "foss-wd-Q34757579", "geometry": {"type": "Point", "coordinates": [13.54777, 66.22448]}, "properties": {"name": "Reinforsen", "source": "Wikidata", "wikidata_id": "Q34757579"}}, {"type": "Feature", "id": "foss-wd-Q34757585", "geometry": {"type": "Point", "coordinates": [14.34341, 66.34871]}, "properties": {"name": "Reinforsen", "source": "Wikidata", "wikidata_id": "Q34757585"}}, {"type": "Feature", "id": "foss-wd-Q34757596", "geometry": {"type": "Point", "coordinates": [23.49708, 70.10661]}, "properties": {"name": "Reinkisten", "source": "Wikidata", "wikidata_id": "Q34757596"}}, {"type": "Feature", "id": "foss-wd-Q34757618", "geometry": {"type": "Point", "coordinates": [7.55814, 59.27533]}, "properties": {"name": "Reinsfossen", "source": "Wikidata", "wikidata_id": "Q34757618"}}, {"type": "Feature", "id": "foss-wd-Q34757640", "geometry": {"type": "Point", "coordinates": [6.98647, 61.28866]}, "properties": {"name": "Reipefossen", "source": "Wikidata", "wikidata_id": "Q34757640"}}, {"type": "Feature", "id": "foss-wd-Q34757648", "geometry": {"type": "Point", "coordinates": [5.71115, 61.35379]}, "properties": {"name": "Rekevikfoss", "source": "Wikidata", "wikidata_id": "Q34757648"}}, {"type": "Feature", "id": "foss-wd-Q34757663", "geometry": {"type": "Point", "coordinates": [7.2584, 60.51897]}, "properties": {"name": "Rembesdalsfossen", "source": "Wikidata", "wikidata_id": "Q34757663"}}, {"type": "Feature", "id": "foss-wd-Q34757670", "geometry": {"type": "Point", "coordinates": [6.22568, 61.17931]}, "properties": {"name": "Renninganesfossen", "source": "Wikidata", "wikidata_id": "Q34757670"}}, {"type": "Feature", "id": "foss-wd-Q34757684", "geometry": {"type": "Point", "coordinates": [11.26865, 61.6821]}, "properties": {"name": "Renåfallet", "source": "Wikidata", "wikidata_id": "Q34757684"}}, {"type": "Feature", "id": "foss-wd-Q34757691", "geometry": {"type": "Point", "coordinates": [11.37587, 61.73678]}, "properties": {"name": "Renåfallet", "source": "Wikidata", "wikidata_id": "Q34757691"}}, {"type": "Feature", "id": "foss-wd-Q34757698", "geometry": {"type": "Point", "coordinates": [6.29621, 60.16817]}, "properties": {"name": "Reppafossen", "source": "Wikidata", "wikidata_id": "Q34757698"}}, {"type": "Feature", "id": "foss-wd-Q34757704", "geometry": {"type": "Point", "coordinates": [9.06718, 62.50166]}, "properties": {"name": "Reppfallet", "source": "Wikidata", "wikidata_id": "Q34757704"}}, {"type": "Feature", "id": "foss-wd-Q34757733", "geometry": {"type": "Point", "coordinates": [13.65408, 66.29447]}, "properties": {"name": "Revstiforsen", "source": "Wikidata", "wikidata_id": "Q34757733"}}, {"type": "Feature", "id": "foss-wd-Q34757758", "geometry": {"type": "Point", "coordinates": [10.09868, 60.43601]}, "properties": {"name": "Rindefossen", "source": "Wikidata", "wikidata_id": "Q34757758"}}, {"type": "Feature", "id": "foss-wd-Q34757764", "geometry": {"type": "Point", "coordinates": [7.27978, 62.23669]}, "properties": {"name": "Rindefossen", "source": "Wikidata", "wikidata_id": "Q34757764"}}, {"type": "Feature", "id": "foss-wd-Q34757780", "geometry": {"type": "Point", "coordinates": [6.60722, 60.12805]}, "properties": {"name": "Ringedalsfossen", "source": "Wikidata", "wikidata_id": "Q34757780"}}, {"type": "Feature", "id": "foss-wd-Q34757788", "geometry": {"type": "Point", "coordinates": [12.90817, 65.10726]}, "properties": {"name": "Ringfossen", "source": "Wikidata", "wikidata_id": "Q34757788"}}, {"type": "Feature", "id": "foss-wd-Q34757796", "geometry": {"type": "Point", "coordinates": [11.45068, 63.76013]}, "properties": {"name": "Rinnfossen", "source": "Wikidata", "wikidata_id": "Q34757796"}}, {"type": "Feature", "id": "foss-wd-Q34757802", "geometry": {"type": "Point", "coordinates": [15.5904, 67.46826]}, "properties": {"name": "Rismålsfossen", "source": "Wikidata", "wikidata_id": "Q34757802"}}, {"type": "Feature", "id": "foss-wd-Q34757811", "geometry": {"type": "Point", "coordinates": [9.63591, 63.59391]}, "properties": {"name": "Rivdalsfossen", "source": "Wikidata", "wikidata_id": "Q34757811"}}, {"type": "Feature", "id": "foss-wd-Q34757827", "geometry": {"type": "Point", "coordinates": [6.84536, 60.69781]}, "properties": {"name": "Rjoandfossen", "source": "Wikidata", "wikidata_id": "Q34757827"}}, {"type": "Feature", "id": "foss-wd-Q34757842", "geometry": {"type": "Point", "coordinates": [9.68228, 61.67184]}, "properties": {"name": "Rjukan", "source": "Wikidata", "wikidata_id": "Q34757842"}}, {"type": "Feature", "id": "foss-wd-Q34757849", "geometry": {"type": "Point", "coordinates": [8.46432, 60.8753]}, "properties": {"name": "Rjukandefoss", "source": "Wikidata", "wikidata_id": "Q34757849"}}, {"type": "Feature", "id": "foss-wd-Q34757880", "geometry": {"type": "Point", "coordinates": [6.434, 60.63397]}, "properties": {"name": "Rognsfossen", "source": "Wikidata", "wikidata_id": "Q34757880"}}, {"type": "Feature", "id": "foss-wd-Q34757885", "geometry": {"type": "Point", "coordinates": [25.16256, 69.39498]}, "properties": {"name": "Rohtogorŋi", "source": "Wikidata", "wikidata_id": "Q34757885"}}, {"type": "Feature", "id": "foss-wd-Q34757892", "geometry": {"type": "Point", "coordinates": [10.04997, 60.36483]}, "properties": {"name": "Rokofossen", "source": "Wikidata", "wikidata_id": "Q34757892"}}, {"type": "Feature", "id": "foss-wd-Q34757899", "geometry": {"type": "Point", "coordinates": [12.37246, 64.16729]}, "properties": {"name": "Roktdalfossen", "source": "Wikidata", "wikidata_id": "Q34757899"}}, {"type": "Feature", "id": "foss-wd-Q34757907", "geometry": {"type": "Point", "coordinates": [6.70347, 61.28476]}, "properties": {"name": "Romfossen", "source": "Wikidata", "wikidata_id": "Q34757907"}}, {"type": "Feature", "id": "foss-wd-Q34757914", "geometry": {"type": "Point", "coordinates": [8.78284, 62.80546]}, "properties": {"name": "Romåfossen", "source": "Wikidata", "wikidata_id": "Q34757914"}}, {"type": "Feature", "id": "foss-wd-Q34757928", "geometry": {"type": "Point", "coordinates": [13.04086, 67.97775]}, "properties": {"name": "Rostadforsen", "source": "Wikidata", "wikidata_id": "Q34757928"}}, {"type": "Feature", "id": "foss-wd-Q34757943", "geometry": {"type": "Point", "coordinates": [20.24488, 69.6108]}, "properties": {"name": "Rottenvikfossen", "source": "Wikidata", "wikidata_id": "Q34757943"}}, {"type": "Feature", "id": "foss-wd-Q34757977", "geometry": {"type": "Point", "coordinates": [8.18515, 60.62466]}, "properties": {"name": "Ruefossen", "source": "Wikidata", "wikidata_id": "Q34757977"}}, {"type": "Feature", "id": "foss-wd-Q34758019", "geometry": {"type": "Point", "coordinates": [14.44999, 66.77469]}, "properties": {"name": "Rundhompforsen", "source": "Wikidata", "wikidata_id": "Q34758019"}}, {"type": "Feature", "id": "foss-wd-Q34758026", "geometry": {"type": "Point", "coordinates": [20.06543, 69.46182]}, "properties": {"name": "Ruohtugorŋi", "source": "Wikidata", "wikidata_id": "Q34758026"}}, {"type": "Feature", "id": "foss-wd-Q34758034", "geometry": {"type": "Point", "coordinates": [7.01815, 61.95063]}, "properties": {"name": "Russefossen", "source": "Wikidata", "wikidata_id": "Q34758034"}}, {"type": "Feature", "id": "foss-wd-Q34758042", "geometry": {"type": "Point", "coordinates": [24.78849, 70.58513]}, "properties": {"name": "Russelvfoss", "source": "Wikidata", "wikidata_id": "Q34758042"}}, {"type": "Feature", "id": "foss-wd-Q34758050", "geometry": {"type": "Point", "coordinates": [6.57453, 61.33883]}, "properties": {"name": "Rustadfossen", "source": "Wikidata", "wikidata_id": "Q34758050"}}, {"type": "Feature", "id": "foss-wd-Q34758059", "geometry": {"type": "Point", "coordinates": [8.10611, 61.64657]}, "properties": {"name": "Rustasæterfossen", "source": "Wikidata", "wikidata_id": "Q34758059"}}, {"type": "Feature", "id": "foss-wd-Q34758066", "geometry": {"type": "Point", "coordinates": [5.60428, 62.01154]}, "properties": {"name": "Rustefossen", "source": "Wikidata", "wikidata_id": "Q34758066"}}, {"type": "Feature", "id": "foss-wd-Q34758091", "geometry": {"type": "Point", "coordinates": [9.09047, 60.82696]}, "properties": {"name": "Ryefossen", "source": "Wikidata", "wikidata_id": "Q34758091"}}, {"type": "Feature", "id": "foss-wd-Q34758098", "geometry": {"type": "Point", "coordinates": [7.27819, 61.45129]}, "properties": {"name": "Ryefossen", "source": "Wikidata", "wikidata_id": "Q34758098"}}, {"type": "Feature", "id": "foss-wd-Q34758105", "geometry": {"type": "Point", "coordinates": [8.82526, 61.13676]}, "properties": {"name": "Ryfossen", "source": "Wikidata", "wikidata_id": "Q34758105"}}, {"type": "Feature", "id": "foss-wd-Q34758128", "geometry": {"type": "Point", "coordinates": [15.5108, 66.88946]}, "properties": {"name": "Rykkjedalforsen", "source": "Wikidata", "wikidata_id": "Q34758128"}}, {"type": "Feature", "id": "foss-wd-Q34758157", "geometry": {"type": "Point", "coordinates": [4.97438, 61.81208]}, "properties": {"name": "Rylandsfossen", "source": "Wikidata", "wikidata_id": "Q34758157"}}, {"type": "Feature", "id": "foss-wd-Q34758235", "geometry": {"type": "Point", "coordinates": [12.33203, 64.64986]}, "properties": {"name": "Råfossen", "source": "Wikidata", "wikidata_id": "Q34758235"}}, {"type": "Feature", "id": "foss-wd-Q34758242", "geometry": {"type": "Point", "coordinates": [10.02287, 63.53461]}, "properties": {"name": "Råfossen", "source": "Wikidata", "wikidata_id": "Q34758242"}}, {"type": "Feature", "id": "foss-wd-Q34758250", "geometry": {"type": "Point", "coordinates": [7.58735, 61.03377]}, "properties": {"name": "Råken", "source": "Wikidata", "wikidata_id": "Q34758250"}}, {"type": "Feature", "id": "foss-wd-Q34758258", "geometry": {"type": "Point", "coordinates": [11.25312, 63.1276]}, "properties": {"name": "Rånfodden", "source": "Wikidata", "wikidata_id": "Q34758258"}}, {"type": "Feature", "id": "foss-wd-Q34758281", "geometry": {"type": "Point", "coordinates": [18.22192, 68.62618]}, "properties": {"name": "Røddalsfossen", "source": "Wikidata", "wikidata_id": "Q34758281"}}, {"type": "Feature", "id": "foss-wd-Q34758289", "geometry": {"type": "Point", "coordinates": [10.47258, 63.98042]}, "properties": {"name": "Rømmesfossen", "source": "Wikidata", "wikidata_id": "Q34758289"}}, {"type": "Feature", "id": "foss-wd-Q34758297", "geometry": {"type": "Point", "coordinates": [5.91653, 61.66473]}, "properties": {"name": "Rønnekleivfossen", "source": "Wikidata", "wikidata_id": "Q34758297"}}, {"type": "Feature", "id": "foss-wd-Q34758313", "geometry": {"type": "Point", "coordinates": [12.41644, 61.10151]}, "properties": {"name": "Rønningsfossen", "source": "Wikidata", "wikidata_id": "Q34758313"}}, {"type": "Feature", "id": "foss-wd-Q34758322", "geometry": {"type": "Point", "coordinates": [10.03706, 60.26791]}, "properties": {"name": "Rønningshølfossen", "source": "Wikidata", "wikidata_id": "Q34758322"}}, {"type": "Feature", "id": "foss-wd-Q34758330", "geometry": {"type": "Point", "coordinates": [10.8011, 64.27976]}, "properties": {"name": "Rørvassfossen", "source": "Wikidata", "wikidata_id": "Q34758330"}}, {"type": "Feature", "id": "foss-wd-Q34758340", "geometry": {"type": "Point", "coordinates": [10.94152, 63.42818]}, "properties": {"name": "Røsfossen", "source": "Wikidata", "wikidata_id": "Q34758340"}}, {"type": "Feature", "id": "foss-wd-Q34758349", "geometry": {"type": "Point", "coordinates": [12.69294, 61.17495]}, "properties": {"name": "Røtosfossen", "source": "Wikidata", "wikidata_id": "Q34758349"}}, {"type": "Feature", "id": "foss-wd-Q34758356", "geometry": {"type": "Point", "coordinates": [7.14351, 60.35738]}, "properties": {"name": "Røvskorfossen", "source": "Wikidata", "wikidata_id": "Q34758356"}}, {"type": "Feature", "id": "foss-wd-Q34758363", "geometry": {"type": "Point", "coordinates": [14.28833, 66.20767]}, "properties": {"name": "Røykfossen", "source": "Wikidata", "wikidata_id": "Q34758363"}}, {"type": "Feature", "id": "foss-wd-Q34758370", "geometry": {"type": "Point", "coordinates": [21.89854, 69.78294]}, "properties": {"name": "Røykfossen", "source": "Wikidata", "wikidata_id": "Q34758370"}}, {"type": "Feature", "id": "foss-wd-Q34758378", "geometry": {"type": "Point", "coordinates": [7.04903, 60.58501]}, "properties": {"name": "Røykjafossen", "source": "Wikidata", "wikidata_id": "Q34758378"}}, {"type": "Feature", "id": "foss-wd-Q34758405", "geometry": {"type": "Point", "coordinates": [6.04009, 60.27881]}, "properties": {"name": "Safossen", "source": "Wikidata", "wikidata_id": "Q34758405"}}, {"type": "Feature", "id": "foss-wd-Q34758420", "geometry": {"type": "Point", "coordinates": [23.41156, 69.95673]}, "properties": {"name": "Sagafossen", "source": "Wikidata", "wikidata_id": "Q34758420"}}, {"type": "Feature", "id": "foss-wd-Q34758428", "geometry": {"type": "Point", "coordinates": [12.90802, 64.71955]}, "properties": {"name": "Seterfossen", "source": "Wikidata", "wikidata_id": "Q34758428"}}, {"type": "Feature", "id": "foss-wd-Q34758438", "geometry": {"type": "Point", "coordinates": [11.70228, 63.98131]}, "properties": {"name": "Seterfossen", "source": "Wikidata", "wikidata_id": "Q34758438"}}, {"type": "Feature", "id": "foss-wd-Q34758446", "geometry": {"type": "Point", "coordinates": [14.04912, 65.36876]}, "properties": {"name": "Seterfossen", "source": "Wikidata", "wikidata_id": "Q34758446"}}, {"type": "Feature", "id": "foss-wd-Q34758455", "geometry": {"type": "Point", "coordinates": [10.54462, 64.18209]}, "properties": {"name": "Seterfossen", "source": "Wikidata", "wikidata_id": "Q34758455"}}, {"type": "Feature", "id": "foss-wd-Q34758462", "geometry": {"type": "Point", "coordinates": [9.40137, 62.99717]}, "properties": {"name": "Setermarkstoen", "source": "Wikidata", "wikidata_id": "Q34758462"}}, {"type": "Feature", "id": "foss-wd-Q34758470", "geometry": {"type": "Point", "coordinates": [9.23845, 60.47058]}, "properties": {"name": "Sevrefossen", "source": "Wikidata", "wikidata_id": "Q34758470"}}, {"type": "Feature", "id": "foss-wd-Q34758645", "geometry": {"type": "Point", "coordinates": [23.38757, 69.84734]}, "properties": {"name": "Sierrafossen", "source": "Wikidata", "wikidata_id": "Q34758645"}}, {"type": "Feature", "id": "foss-wd-Q34758661", "geometry": {"type": "Point", "coordinates": [20.01856, 69.16119]}, "properties": {"name": "Signalfossen", "source": "Wikidata", "wikidata_id": "Q34758661"}}, {"type": "Feature", "id": "foss-wd-Q34758687", "geometry": {"type": "Point", "coordinates": [15.10047, 66.45838]}, "properties": {"name": "Silforsen", "source": "Wikidata", "wikidata_id": "Q34758687"}}, {"type": "Feature", "id": "foss-wd-Q37804", "geometry": {"type": "Point", "coordinates": [6.685561, 60.8344]}, "properties": {"name": "Stalheimsfossen", "source": "Wikidata", "wikidata_id": "Q37804"}}, {"type": "Feature", "id": "foss-wd-Q37387", "geometry": {"type": "Point", "coordinates": [6.585167, 59.947667]}, "properties": {"name": "Låtefossen", "source": "Wikidata", "wikidata_id": "Q37387"}}, {"type": "Feature", "id": "foss-wd-Q38588", "geometry": {"type": "Point", "coordinates": [7.251139, 60.426889]}, "properties": {"name": "Vøringsfossen", "source": "Wikidata", "wikidata_id": "Q38588"}}, {"type": "Feature", "id": "foss-wd-Q199535", "geometry": {"type": "Point", "coordinates": [6.2731, 61.32712]}, "properties": {"name": "Likholefossen", "source": "Wikidata", "wikidata_id": "Q199535"}}, {"type": "Feature", "id": "foss-wd-Q200005", "geometry": {"type": "Point", "coordinates": [8.0776, 62.32455]}, "properties": {"name": "Slettafossen", "source": "Wikidata", "wikidata_id": "Q200005"}}, {"type": "Feature", "id": "foss-wd-Q203406", "geometry": {"type": "Point", "coordinates": [7.1375, 60.746111]}, "properties": {"name": "Kjosfossen", "source": "Wikidata", "wikidata_id": "Q203406"}}, {"type": "Feature", "id": "foss-wd-Q282707", "geometry": {"type": "Point", "coordinates": [6.291325, 59.625007]}, "properties": {"name": "Svandalsfossen", "source": "Wikidata", "wikidata_id": "Q282707"}}, {"type": "Feature", "id": "foss-wd-Q513676", "geometry": {"type": "Point", "coordinates": [7.008056, 60.561389]}, "properties": {"name": "Balåifossen", "source": "Wikidata", "wikidata_id": "Q513676"}}, {"type": "Feature", "id": "foss-wd-Q1404766", "geometry": {"type": "Point", "coordinates": [7.789285, 58.583892]}, "properties": {"name": "Fennefoss", "source": "Wikidata", "wikidata_id": "Q1404766"}}, {"type": "Feature", "id": "foss-wd-Q1512918", "geometry": {"type": "Point", "coordinates": [6.3685, 58.8438]}, "properties": {"name": "Månafossen", "source": "Wikidata", "wikidata_id": "Q1512918"}}, {"type": "Feature", "id": "foss-wd-Q1781830", "geometry": {"type": "Point", "coordinates": [6.75444, 60.13472]}, "properties": {"name": "Tyssestrengene", "source": "Wikidata", "wikidata_id": "Q1781830"}}, {"type": "Feature", "id": "foss-wd-Q1789467", "geometry": {"type": "Point", "coordinates": [6.102778, 60.370833]}, "properties": {"name": "Steinsdalsfossen", "source": "Wikidata", "wikidata_id": "Q1789467"}}, {"type": "Feature", "id": "foss-wd-Q1805231", "geometry": {"type": "Point", "coordinates": [6.338889, 59.844444]}, "properties": {"name": "Langfossen", "source": "Wikidata", "wikidata_id": "Q1805231"}}, {"type": "Feature", "id": "foss-wd-Q1812000", "geometry": {"type": "Point", "coordinates": [6.692778, 60.303889]}, "properties": {"name": "Skrikjofossen", "source": "Wikidata", "wikidata_id": "Q1812000"}}, {"type": "Feature", "id": "foss-wd-Q616058", "geometry": {"type": "Point", "coordinates": [6.852065, 60.874114]}, "properties": {"name": "Kjelfossen", "source": "Wikidata", "wikidata_id": "Q616058"}}, {"type": "Feature", "id": "foss-wd-Q3044963", "geometry": {"type": "Point", "coordinates": [6.96664, 61.78941]}, "properties": {"name": "Ramnefjellsfossen", "source": "Wikidata", "wikidata_id": "Q3044963"}}, {"type": "Feature", "id": "foss-wd-Q3115892", "geometry": {"type": "Point", "coordinates": [6.63512, 61.70811]}, "properties": {"name": "Strupenfossen", "source": "Wikidata", "wikidata_id": "Q3115892"}}, {"type": "Feature", "id": "foss-wd-Q2225091", "geometry": {"type": "Point", "coordinates": [11.130556, 59.275833]}, "properties": {"name": "Sarpefossen", "source": "Wikidata", "wikidata_id": "Q2225091"}}, {"type": "Feature", "id": "foss-wd-Q2361962", "geometry": {"type": "Point", "coordinates": [6.48639, 60.7264]}, "properties": {"name": "Tvindefossen", "source": "Wikidata", "wikidata_id": "Q2361962"}}, {"type": "Feature", "id": "foss-wd-Q2611544", "geometry": {"type": "Point", "coordinates": [8.07331, 60.61126]}, "properties": {"name": "Hivjufossen", "source": "Wikidata", "wikidata_id": "Q2611544"}}, {"type": "Feature", "id": "foss-wd-Q2662478", "geometry": {"type": "Point", "coordinates": [7.8953, 62.4428]}, "properties": {"name": "Mongefossen", "source": "Wikidata", "wikidata_id": "Q2662478"}}, {"type": "Feature", "id": "foss-wd-Q8047837", "geometry": {"type": "Point", "coordinates": [8.60333, 60.4314]}, "properties": {"name": "Godfarfossen", "source": "Wikidata", "wikidata_id": "Q8047837"}}, {"type": "Feature", "id": "foss-wd-Q9393593", "geometry": {"type": "Point", "coordinates": [11.53901, 58.88628]}, "properties": {"name": "Elgåfossen", "source": "Wikidata", "wikidata_id": "Q9393593"}}, {"type": "Feature", "id": "foss-wd-Q11156619", "geometry": {"type": "Point", "coordinates": [6.42393, 60.24831]}, "properties": {"name": "Dravladalsfossen", "source": "Wikidata", "wikidata_id": "Q11156619"}}, {"type": "Feature", "id": "foss-wd-Q11279898", "geometry": {"type": "Point", "coordinates": [6.58151, 62.09613]}, "properties": {"name": "Tyssefossen", "source": "Wikidata", "wikidata_id": "Q11279898"}}, {"type": "Feature", "id": "foss-wd-Q11280679", "geometry": {"type": "Point", "coordinates": [7.11727, 60.79258]}, "properties": {"name": "Tunshellefossen", "source": "Wikidata", "wikidata_id": "Q11280679"}}, {"type": "Feature", "id": "foss-wd-Q11285214", "geometry": {"type": "Point", "coordinates": [6.57094, 60.02297]}, "properties": {"name": "Tjørnadalsfossen", "source": "Wikidata", "wikidata_id": "Q11285214"}}, {"type": "Feature", "id": "foss-wd-Q11285248", "geometry": {"type": "Point", "coordinates": [7.21136, 60.93934]}, "properties": {"name": "Voldefossen", "source": "Wikidata", "wikidata_id": "Q11285248"}}, {"type": "Feature", "id": "foss-wd-Q3361971", "geometry": {"type": "Point", "coordinates": [8.66994, 62.66345]}, "properties": {"name": "Vinnufossen", "source": "Wikidata", "wikidata_id": "Q3361971"}}, {"type": "Feature", "id": "foss-wd-Q3442878", "geometry": {"type": "Point", "coordinates": [7.10725, 60.82486]}, "properties": {"name": "Rjoandefossen", "source": "Wikidata", "wikidata_id": "Q3442878"}}, {"type": "Feature", "id": "foss-wd-Q3443628", "geometry": {"type": "Point", "coordinates": [6.64775, 61.20992]}, "properties": {"name": "Kvinnefossen", "source": "Wikidata", "wikidata_id": "Q3443628"}}, {"type": "Feature", "id": "foss-wd-Q3738289", "geometry": {"type": "Point", "coordinates": [21.83157, 69.36116]}, "properties": {"name": "Mollisfossen", "source": "Wikidata", "wikidata_id": "Q3738289"}}, {"type": "Feature", "id": "foss-wd-Q3813671", "geometry": {"type": "Point", "coordinates": [8.0, 62.4]}, "properties": {"name": "Døntefossen", "source": "Wikidata", "wikidata_id": "Q3813671"}}, {"type": "Feature", "id": "foss-wd-Q3869219", "geometry": {"type": "Point", "coordinates": [18.65267, 69.0357]}, "properties": {"name": "Målselvfossen", "source": "Wikidata", "wikidata_id": "Q3869219"}}, {"type": "Feature", "id": "foss-wd-Q4352571", "geometry": {"type": "Point", "coordinates": [23.57658, 69.30168]}, "properties": {"name": "Pikefossen", "source": "Wikidata", "wikidata_id": "Q4352571"}}, {"type": "Feature", "id": "foss-wd-Q4564455", "geometry": {"type": "Point", "coordinates": [6.3, 60.0667]}, "properties": {"name": "Brufossen", "source": "Wikidata", "wikidata_id": "Q4564455"}}, {"type": "Feature", "id": "foss-wd-Q4564463", "geometry": {"type": "Point", "coordinates": [6.58333, 59.0333]}, "properties": {"name": "Kjeragfossen", "source": "Wikidata", "wikidata_id": "Q4564463"}}, {"type": "Feature", "id": "foss-wd-Q4564474", "geometry": {"type": "Point", "coordinates": [7.81667, 62.4333]}, "properties": {"name": "Ølmåafossen", "source": "Wikidata", "wikidata_id": "Q4564474"}}, {"type": "Feature", "id": "foss-wd-Q4569227", "geometry": {"type": "Point", "coordinates": [6.61667, 61.7167]}, "properties": {"name": "Spirefossen", "source": "Wikidata", "wikidata_id": "Q4569227"}}, {"type": "Feature", "id": "foss-wd-Q4578974", "geometry": {"type": "Point", "coordinates": [7.44131, 61.3807]}, "properties": {"name": "Feigefossen", "source": "Wikidata", "wikidata_id": "Q4578974"}}, {"type": "Feature", "id": "foss-wd-Q4591070", "geometry": {"type": "Point", "coordinates": [10.4379, 61.2235]}, "properties": {"name": "Hunderfossen", "source": "Wikidata", "wikidata_id": "Q4591070"}}, {"type": "Feature", "id": "foss-wd-Q11999368", "geometry": {"type": "Point", "coordinates": [6.62203, 61.72323]}, "properties": {"name": "Sandalsfossen", "source": "Wikidata", "wikidata_id": "Q11999368"}}, {"type": "Feature", "id": "foss-wd-Q12000744", "geometry": {"type": "Point", "coordinates": [7.75188, 61.05014]}, "properties": {"name": "Sjurhaugfossen", "source": "Wikidata", "wikidata_id": "Q12000744"}}, {"type": "Feature", "id": "foss-wd-Q12001622", "geometry": {"type": "Point", "coordinates": [9.931667, 59.948333]}, "properties": {"name": "Snarumselva", "source": "Wikidata", "wikidata_id": "Q12001622"}}, {"type": "Feature", "id": "foss-wd-Q12003657", "geometry": {"type": "Point", "coordinates": [6.18701, 61.33053]}, "properties": {"name": "Strufossen", "source": "Wikidata", "wikidata_id": "Q12003657"}}, {"type": "Feature", "id": "foss-wd-Q12005352", "geometry": {"type": "Point", "coordinates": [10.85011, 61.87778]}, "properties": {"name": "Tegningfallet", "source": "Wikidata", "wikidata_id": "Q12005352"}}, {"type": "Feature", "id": "foss-wd-Q12007671", "geometry": {"type": "Point", "coordinates": [10.46418, 63.25315]}, "properties": {"name": "Trongfossen", "source": "Wikidata", "wikidata_id": "Q12007671"}}, {"type": "Feature", "id": "foss-wd-Q12717015", "geometry": {"type": "Point", "coordinates": [7.435195, 62.254874]}, "properties": {"name": "Muldalsfossen", "source": "Wikidata", "wikidata_id": "Q12717015"}}, {"type": "Feature", "id": "foss-wd-Q12717778", "geometry": {"type": "Point", "coordinates": [8.56667, 61.83777]}, "properties": {"name": "Prestfossen", "source": "Wikidata", "wikidata_id": "Q12717778"}}, {"type": "Feature", "id": "foss-wd-Q12718065", "geometry": {"type": "Point", "coordinates": [6.847197, 61.229633]}, "properties": {"name": "Rjukandefossen", "source": "Wikidata", "wikidata_id": "Q12718065"}}, {"type": "Feature", "id": "foss-wd-Q12718694", "geometry": {"type": "Point", "coordinates": [7.23074, 62.10488]}, "properties": {"name": "Storsæterfossen", "source": "Wikidata", "wikidata_id": "Q12718694"}}, {"type": "Feature", "id": "foss-wd-Q12718790", "geometry": {"type": "Point", "coordinates": [11.35624, 60.21379]}, "properties": {"name": "Svanfossen", "source": "Wikidata", "wikidata_id": "Q12718790"}}, {"type": "Feature", "id": "foss-wd-Q4896691", "geometry": {"type": "Point", "coordinates": [7.11686, 62.1285]}, "properties": {"name": "Gomsdalsfossen", "source": "Wikidata", "wikidata_id": "Q4896691"}}, {"type": "Feature", "id": "foss-wd-Q4981494", "geometry": {"type": "Point", "coordinates": [7.27346, 61.45115]}, "properties": {"name": "Ryfossen", "source": "Wikidata", "wikidata_id": "Q4981494"}}, {"type": "Feature", "id": "foss-wd-Q5398792", "geometry": {"type": "Point", "coordinates": [6.581667, 59.945833]}, "properties": {"name": "Espelandsfossen (Odda)", "source": "Wikidata", "wikidata_id": "Q5398792"}}, {"type": "Feature", "id": "foss-wd-Q7211260", "geometry": {"type": "Point", "coordinates": [7.04389, 61.7467]}, "properties": {"name": "Krunefossen", "source": "Wikidata", "wikidata_id": "Q7211260"}}, {"type": "Feature", "id": "foss-wd-Q7443059", "geometry": {"type": "Point", "coordinates": [7.0725, 61.8172]}, "properties": {"name": "Ytste Tindefjellfossen", "source": "Wikidata", "wikidata_id": "Q7443059"}}, {"type": "Feature", "id": "foss-wd-Q7448728", "geometry": {"type": "Point", "coordinates": [7.63194, 61.4811]}, "properties": {"name": "Kveåfossen", "source": "Wikidata", "wikidata_id": "Q7448728"}}, {"type": "Feature", "id": "foss-wd-Q7464833", "geometry": {"type": "Point", "coordinates": [7.00472, 60.9826]}, "properties": {"name": "Lægdafossen", "source": "Wikidata", "wikidata_id": "Q7464833"}}, {"type": "Feature", "id": "foss-wd-Q7468123", "geometry": {"type": "Point", "coordinates": [6.8575, 61.6586]}, "properties": {"name": "Tjøtafossen", "source": "Wikidata", "wikidata_id": "Q7468123"}}, {"type": "Feature", "id": "foss-wd-Q7477064", "geometry": {"type": "Point", "coordinates": [7.08139, 61.8197]}, "properties": {"name": "Austre Tindefjellfossen", "source": "Wikidata", "wikidata_id": "Q7477064"}}, {"type": "Feature", "id": "foss-wd-Q7523992", "geometry": {"type": "Point", "coordinates": [6.36139, 60.1336]}, "properties": {"name": "Sundefossen", "source": "Wikidata", "wikidata_id": "Q7523992"}}, {"type": "Feature", "id": "foss-wd-Q13581038", "geometry": {"type": "Point", "coordinates": [10.254278, 60.169472]}, "properties": {"name": "Hønefossen", "source": "Wikidata", "wikidata_id": "Q13581038"}}, {"type": "Feature", "id": "foss-wd-Q15056625", "geometry": {"type": "Point", "coordinates": [6.45708, 59.3348]}, "properties": {"name": "Storhoggfossen", "source": "Wikidata", "wikidata_id": "Q15056625"}}, {"type": "Feature", "id": "foss-wd-Q15063812", "geometry": {"type": "Point", "coordinates": [10.769305, 59.940831]}, "properties": {"name": "Bjølsenfossen", "source": "Wikidata", "wikidata_id": "Q15063812"}}, {"type": "Feature", "id": "foss-wd-Q15131407", "geometry": {"type": "Point", "coordinates": [6.16915, 60.09979]}, "properties": {"name": "Furebergfossen", "source": "Wikidata", "wikidata_id": "Q15131407"}}, {"type": "Feature", "id": "foss-wd-Q17442985", "geometry": {"type": "Point", "coordinates": [22.00001, 69.30066]}, "properties": {"name": "Imofossen", "source": "Wikidata", "wikidata_id": "Q17442985"}}, {"type": "Feature", "id": "foss-wd-Q17749436", "geometry": {"type": "Point", "coordinates": [10.3417, 60.20404]}, "properties": {"name": "Askerudfoss", "source": "Wikidata", "wikidata_id": "Q17749436"}}, {"type": "Feature", "id": "foss-wd-Q17770084", "geometry": {"type": "Point", "coordinates": [6.13448, 61.3392]}, "properties": {"name": "Espesetfossen", "source": "Wikidata", "wikidata_id": "Q17770084"}}, {"type": "Feature", "id": "foss-wd-Q17775367", "geometry": {"type": "Point", "coordinates": [10.78437, 59.96809]}, "properties": {"name": "Frysjafossen", "source": "Wikidata", "wikidata_id": "Q17775367"}}, {"type": "Feature", "id": "foss-wd-Q17775847", "geometry": {"type": "Point", "coordinates": [10.288596, 60.169748]}, "properties": {"name": "Gampefossen", "source": "Wikidata", "wikidata_id": "Q17775847"}}, {"type": "Feature", "id": "foss-wd-Q17776271", "geometry": {"type": "Point", "coordinates": [6.23523, 61.31843]}, "properties": {"name": "Gjermundstadfossen", "source": "Wikidata", "wikidata_id": "Q17776271"}}, {"type": "Feature", "id": "foss-wd-Q17778646", "geometry": {"type": "Point", "coordinates": [12.26276, 64.62775]}, "properties": {"name": "Grungstadfossen", "source": "Wikidata", "wikidata_id": "Q17778646"}}, {"type": "Feature", "id": "foss-wd-Q18748610", "geometry": {"type": "Point", "coordinates": [6.79, 60.342777]}, "properties": {"name": "Nykkjesøyfossen", "source": "Wikidata", "wikidata_id": "Q18748610"}}, {"type": "Feature", "id": "foss-wd-Q19370893", "geometry": {"type": "Point", "coordinates": [10.23672, 60.21131]}, "properties": {"name": "Hensfossen", "source": "Wikidata", "wikidata_id": "Q19370893"}}, {"type": "Feature", "id": "foss-wd-Q19370948", "geometry": {"type": "Point", "coordinates": [6.2288, 61.32372]}, "properties": {"name": "Lyngstadfossen", "source": "Wikidata", "wikidata_id": "Q19370948"}}, {"type": "Feature", "id": "foss-wd-Q19370968", "geometry": {"type": "Point", "coordinates": [10.75377, 59.923055]}, "properties": {"name": "Nedre Foss", "source": "Wikidata", "wikidata_id": "Q19370968"}}, {"type": "Feature", "id": "foss-wd-Q19370984", "geometry": {"type": "Point", "coordinates": [5.71102, 61.35446]}, "properties": {"name": "Rekvikfossen", "source": "Wikidata", "wikidata_id": "Q19370984"}}, {"type": "Feature", "id": "foss-wd-Q19370997", "geometry": {"type": "Point", "coordinates": [11.321, 60.02749]}, "properties": {"name": "Rånåsfossen", "source": "Wikidata", "wikidata_id": "Q19370997"}}, {"type": "Feature", "id": "foss-wd-Q19371002", "geometry": {"type": "Point", "coordinates": [5.77668, 61.3233]}, "properties": {"name": "Sandafossen", "source": "Wikidata", "wikidata_id": "Q19371002"}}, {"type": "Feature", "id": "foss-wd-Q19371061", "geometry": {"type": "Point", "coordinates": [10.25086, 60.20244]}, "properties": {"name": "Svinefoss", "source": "Wikidata", "wikidata_id": "Q19371061"}}, {"type": "Feature", "id": "foss-wd-Q19371100", "geometry": {"type": "Point", "coordinates": [10.34294, 60.20395]}, "properties": {"name": "Viulfossen", "source": "Wikidata", "wikidata_id": "Q19371100"}}, {"type": "Feature", "id": "foss-wd-Q19373648", "geometry": {"type": "Point", "coordinates": [30.15736, 69.60606]}, "properties": {"name": "Harefossen", "source": "Wikidata", "wikidata_id": "Q19373648"}}, {"type": "Feature", "id": "foss-wd-Q19375087", "geometry": {"type": "Point", "coordinates": [10.46379, 63.25848]}, "properties": {"name": "Hyttfossen", "source": "Wikidata", "wikidata_id": "Q19375087"}}, {"type": "Feature", "id": "foss-wd-Q19378709", "geometry": {"type": "Point", "coordinates": [9.66615, 59.62037]}, "properties": {"name": "Labrofossen", "source": "Wikidata", "wikidata_id": "Q19378709"}}, {"type": "Feature", "id": "foss-wd-Q19379175", "geometry": {"type": "Point", "coordinates": [10.8817, 59.9529]}, "properties": {"name": "Leirfossen", "source": "Wikidata", "wikidata_id": "Q19379175"}}, {"type": "Feature", "id": "foss-wd-Q19387015", "geometry": {"type": "Point", "coordinates": [20.57698, 69.25935]}, "properties": {"name": "Rovijokkfossen", "source": "Wikidata", "wikidata_id": "Q19387015"}}, {"type": "Feature", "id": "foss-wd-Q34750281", "geometry": {"type": "Point", "coordinates": [7.44904, 61.49046]}, "properties": {"name": "Drivandefossen", "source": "Wikidata", "wikidata_id": "Q34750281"}}, {"type": "Feature", "id": "foss-wd-Q34755253", "geometry": {"type": "Point", "coordinates": [12.37223, 60.45016]}, "properties": {"name": "Langfossen", "source": "Wikidata", "wikidata_id": "Q34755253"}}, {"type": "Feature", "id": "foss-wd-Q34755261", "geometry": {"type": "Point", "coordinates": [11.50454, 60.59091]}, "properties": {"name": "Langfossen", "source": "Wikidata", "wikidata_id": "Q34755261"}}, {"type": "Feature", "id": "foss-wd-Q34755278", "geometry": {"type": "Point", "coordinates": [15.44998, 67.61745]}, "properties": {"name": "Langfossen", "source": "Wikidata", "wikidata_id": "Q34755278"}}, {"type": "Feature", "id": "foss-wd-Q34755287", "geometry": {"type": "Point", "coordinates": [18.11503, 68.84212]}, "properties": {"name": "Langfossen", "source": "Wikidata", "wikidata_id": "Q34755287"}}, {"type": "Feature", "id": "foss-wd-Q34755306", "geometry": {"type": "Point", "coordinates": [12.38423, 64.1666]}, "properties": {"name": "Langmarkfossen", "source": "Wikidata", "wikidata_id": "Q34755306"}}, {"type": "Feature", "id": "foss-wd-Q34755315", "geometry": {"type": "Point", "coordinates": [6.60762, 60.13518]}, "properties": {"name": "Langrefossen", "source": "Wikidata", "wikidata_id": "Q34755315"}}, {"type": "Feature", "id": "foss-wd-Q34755323", "geometry": {"type": "Point", "coordinates": [14.32999, 65.46302]}, "properties": {"name": "Langskjerforsen", "source": "Wikidata", "wikidata_id": "Q34755323"}}, {"type": "Feature", "id": "foss-wd-Q34755337", "geometry": {"type": "Point", "coordinates": [16.00153, 67.65705]}, "properties": {"name": "Lappforsen", "source": "Wikidata", "wikidata_id": "Q34755337"}}, {"type": "Feature", "id": "foss-wd-Q34755344", "geometry": {"type": "Point", "coordinates": [15.29102, 67.32785]}, "properties": {"name": "Lappgammforsen", "source": "Wikidata", "wikidata_id": "Q34755344"}}, {"type": "Feature", "id": "foss-wd-Q34755352", "geometry": {"type": "Point", "coordinates": [13.57534, 65.85501]}, "properties": {"name": "Larenforsen", "source": "Wikidata", "wikidata_id": "Q34755352"}}, {"type": "Feature", "id": "foss-wd-Q34755359", "geometry": {"type": "Point", "coordinates": [16.75388, 68.52784]}, "properties": {"name": "Larsefossen", "source": "Wikidata", "wikidata_id": "Q34755359"}}, {"type": "Feature", "id": "foss-wd-Q34755366", "geometry": {"type": "Point", "coordinates": [24.76366, 69.22376]}, "properties": {"name": "Lasesguoika", "source": "Wikidata", "wikidata_id": "Q34755366"}}, {"type": "Feature", "id": "foss-wd-Q34755529", "geometry": {"type": "Point", "coordinates": [5.42444, 61.38576]}, "properties": {"name": "Laukelandsfossen", "source": "Wikidata", "wikidata_id": "Q34755529"}}, {"type": "Feature", "id": "foss-wd-Q34755537", "geometry": {"type": "Point", "coordinates": [6.81032, 61.81811]}, "properties": {"name": "Laukifossen", "source": "Wikidata", "wikidata_id": "Q34755537"}}, {"type": "Feature", "id": "foss-wd-Q34755545", "geometry": {"type": "Point", "coordinates": [11.73654, 64.07636]}, "properties": {"name": "Laupsfossen", "source": "Wikidata", "wikidata_id": "Q34755545"}}, {"type": "Feature", "id": "foss-wd-Q34755552", "geometry": {"type": "Point", "coordinates": [14.13539, 66.958]}, "properties": {"name": "Laushågforsen", "source": "Wikidata", "wikidata_id": "Q34755552"}}, {"type": "Feature", "id": "foss-wd-Q34755567", "geometry": {"type": "Point", "coordinates": [6.35747, 60.27985]}, "properties": {"name": "Lauvbrufossen", "source": "Wikidata", "wikidata_id": "Q34755567"}}, {"type": "Feature", "id": "foss-wd-Q34755588", "geometry": {"type": "Point", "coordinates": [10.75056, 63.88017]}, "properties": {"name": "Lauvlifossen", "source": "Wikidata", "wikidata_id": "Q34755588"}}, {"type": "Feature", "id": "foss-wd-Q34755594", "geometry": {"type": "Point", "coordinates": [5.91421, 60.47051]}, "properties": {"name": "Lavransfossen", "source": "Wikidata", "wikidata_id": "Q34755594"}}, {"type": "Feature", "id": "foss-wd-Q34755610", "geometry": {"type": "Point", "coordinates": [17.71656, 69.07017]}, "properties": {"name": "Leirbakkfossen", "source": "Wikidata", "wikidata_id": "Q34755610"}}, {"type": "Feature", "id": "foss-wd-Q34755618", "geometry": {"type": "Point", "coordinates": [18.362, 69.53154]}, "properties": {"name": "Leirbakkfossen", "source": "Wikidata", "wikidata_id": "Q34755618"}}, {"type": "Feature", "id": "foss-wd-Q34755626", "geometry": {"type": "Point", "coordinates": [18.09524, 68.69244]}, "properties": {"name": "Leirbekkfossen", "source": "Wikidata", "wikidata_id": "Q34755626"}}, {"type": "Feature", "id": "foss-wd-Q34755633", "geometry": {"type": "Point", "coordinates": [10.39997, 63.37378]}, "properties": {"name": "Leirfossan", "source": "Wikidata", "wikidata_id": "Q34755633"}}, {"type": "Feature", "id": "foss-wd-Q34755641", "geometry": {"type": "Point", "coordinates": [10.41565, 63.37209]}, "properties": {"name": "Øvre Leirfossen", "source": "Wikidata", "wikidata_id": "Q34755641"}}, {"type": "Feature", "id": "foss-wd-Q34755648", "geometry": {"type": "Point", "coordinates": [10.39695, 63.38063]}, "properties": {"name": "Nedre Leirfossen", "source": "Wikidata", "wikidata_id": "Q34755648"}}, {"type": "Feature", "id": "foss-wd-Q34755663", "geometry": {"type": "Point", "coordinates": [14.95238, 67.80881]}, "properties": {"name": "Leirosdalsfossen", "source": "Wikidata", "wikidata_id": "Q34755663"}}, {"type": "Feature", "id": "foss-wd-Q34755671", "geometry": {"type": "Point", "coordinates": [9.59616, 60.15857]}, "properties": {"name": "Leirskvennefossen", "source": "Wikidata", "wikidata_id": "Q34755671"}}, {"type": "Feature", "id": "foss-wd-Q34755678", "geometry": {"type": "Point", "coordinates": [8.67629, 60.10722]}, "properties": {"name": "Leiråfossen", "source": "Wikidata", "wikidata_id": "Q34755678"}}, {"type": "Feature", "id": "foss-wd-Q34755691", "geometry": {"type": "Point", "coordinates": [6.19898, 62.17424]}, "properties": {"name": "Leitafossen", "source": "Wikidata", "wikidata_id": "Q34755691"}}, {"type": "Feature", "id": "foss-wd-Q34755697", "geometry": {"type": "Point", "coordinates": [5.89879, 60.19051]}, "properties": {"name": "Leitefossen", "source": "Wikidata", "wikidata_id": "Q34755697"}}, {"type": "Feature", "id": "foss-wd-Q34755718", "geometry": {"type": "Point", "coordinates": [11.0069, 64.42096]}, "properties": {"name": "Lennafossen", "source": "Wikidata", "wikidata_id": "Q34755718"}}, {"type": "Feature", "id": "foss-wd-Q34755734", "geometry": {"type": "Point", "coordinates": [11.07064, 62.41819]}, "properties": {"name": "Lensmannsfossen", "source": "Wikidata", "wikidata_id": "Q34755734"}}, {"type": "Feature", "id": "foss-wd-Q34755742", "geometry": {"type": "Point", "coordinates": [10.00015, 62.01003]}, "properties": {"name": "Liafossen", "source": "Wikidata", "wikidata_id": "Q34755742"}}, {"type": "Feature", "id": "foss-wd-Q34755749", "geometry": {"type": "Point", "coordinates": [12.59069, 64.6478]}, "properties": {"name": "Liafossen", "source": "Wikidata", "wikidata_id": "Q34755749"}}, {"type": "Feature", "id": "foss-wd-Q34755757", "geometry": {"type": "Point", "coordinates": [10.82466, 63.8041]}, "properties": {"name": "Liafossen", "source": "Wikidata", "wikidata_id": "Q34755757"}}, {"type": "Feature", "id": "foss-wd-Q34755765", "geometry": {"type": "Point", "coordinates": [11.95221, 64.83968]}, "properties": {"name": "Liafossen", "source": "Wikidata", "wikidata_id": "Q34755765"}}, {"type": "Feature", "id": "foss-wd-Q34755772", "geometry": {"type": "Point", "coordinates": [9.61043, 60.88833]}, "properties": {"name": "Liaføssen", "source": "Wikidata", "wikidata_id": "Q34755772"}}, {"type": "Feature", "id": "foss-wd-Q34755786", "geometry": {"type": "Point", "coordinates": [18.48493, 68.83489]}, "properties": {"name": "Libekkfossen", "source": "Wikidata", "wikidata_id": "Q34755786"}}, {"type": "Feature", "id": "foss-wd-Q34755793", "geometry": {"type": "Point", "coordinates": [12.04177, 60.63954]}, "properties": {"name": "Libergsfossen", "source": "Wikidata", "wikidata_id": "Q34755793"}}, {"type": "Feature", "id": "foss-wd-Q34755829", "geometry": {"type": "Point", "coordinates": [14.91788, 67.13121]}, "properties": {"name": "Liforsen", "source": "Wikidata", "wikidata_id": "Q34755829"}}, {"type": "Feature", "id": "foss-wd-Q34755836", "geometry": {"type": "Point", "coordinates": [15.83136, 67.89688]}, "properties": {"name": "Liforsen", "source": "Wikidata", "wikidata_id": "Q34755836"}}, {"type": "Feature", "id": "foss-wd-Q34755852", "geometry": {"type": "Point", "coordinates": [8.61422, 60.01314]}, "properties": {"name": "Lifoss", "source": "Wikidata", "wikidata_id": "Q34755852"}}, {"type": "Feature", "id": "foss-wd-Q34755866", "geometry": {"type": "Point", "coordinates": [9.24394, 60.28796]}, "properties": {"name": "Lifossen", "source": "Wikidata", "wikidata_id": "Q34755866"}}, {"type": "Feature", "id": "foss-wd-Q34755874", "geometry": {"type": "Point", "coordinates": [10.57411, 63.63935]}, "properties": {"name": "Lifossen", "source": "Wikidata", "wikidata_id": "Q34755874"}}, {"type": "Feature", "id": "foss-wd-Q34755881", "geometry": {"type": "Point", "coordinates": [10.37203, 60.77206]}, "properties": {"name": "Lifossen", "source": "Wikidata", "wikidata_id": "Q34755881"}}, {"type": "Feature", "id": "foss-wd-Q34755888", "geometry": {"type": "Point", "coordinates": [7.2738, 61.34984]}, "properties": {"name": "Lifossen", "source": "Wikidata", "wikidata_id": "Q34755888"}}, {"type": "Feature", "id": "foss-wd-Q34755895", "geometry": {"type": "Point", "coordinates": [9.25857, 60.28272]}, "properties": {"name": "Ligardsfossen", "source": "Wikidata", "wikidata_id": "Q34755895"}}, {"type": "Feature", "id": "foss-wd-Q34755903", "geometry": {"type": "Point", "coordinates": [24.73293, 69.41774]}, "properties": {"name": "Liidnebeahcanguoika", "source": "Wikidata", "wikidata_id": "Q34755903"}}, {"type": "Feature", "id": "foss-wd-Q34755911", "geometry": {"type": "Point", "coordinates": [14.41064, 65.45533]}, "properties": {"name": "Lilleforsen", "source": "Wikidata", "wikidata_id": "Q34755911"}}, {"type": "Feature", "id": "foss-wd-Q34755931", "geometry": {"type": "Point", "coordinates": [30.2063, 70.18499]}, "properties": {"name": "Lillefossen", "source": "Wikidata", "wikidata_id": "Q34755931"}}, {"type": "Feature", "id": "foss-wd-Q34755938", "geometry": {"type": "Point", "coordinates": [21.88702, 69.78322]}, "properties": {"name": "Lillefossen", "source": "Wikidata", "wikidata_id": "Q34755938"}}, {"type": "Feature", "id": "foss-wd-Q34755945", "geometry": {"type": "Point", "coordinates": [21.67908, 69.8826]}, "properties": {"name": "Lillefossen", "source": "Wikidata", "wikidata_id": "Q34755945"}}, {"type": "Feature", "id": "foss-wd-Q34755953", "geometry": {"type": "Point", "coordinates": [20.31709, 69.62966]}, "properties": {"name": "Lillefossen", "source": "Wikidata", "wikidata_id": "Q34755953"}}, {"type": "Feature", "id": "foss-wd-Q34755961", "geometry": {"type": "Point", "coordinates": [19.97765, 69.20418]}, "properties": {"name": "Lillefossen", "source": "Wikidata", "wikidata_id": "Q34755961"}}, {"type": "Feature", "id": "foss-wd-Q34755991", "geometry": {"type": "Point", "coordinates": [9.08706, 62.50131]}, "properties": {"name": "Linndalsfallet", "source": "Wikidata", "wikidata_id": "Q34755991"}}, {"type": "Feature", "id": "foss-wd-Q34756030", "geometry": {"type": "Point", "coordinates": [13.07114, 64.8965]}, "properties": {"name": "Litfossen", "source": "Wikidata", "wikidata_id": "Q34756030"}}, {"type": "Feature", "id": "foss-wd-Q34756038", "geometry": {"type": "Point", "coordinates": [15.88154, 68.5276]}, "properties": {"name": "Litjeforsen", "source": "Wikidata", "wikidata_id": "Q34756038"}}, {"type": "Feature", "id": "foss-wd-Q34756045", "geometry": {"type": "Point", "coordinates": [17.53522, 69.25028]}, "properties": {"name": "Litjefossen", "source": "Wikidata", "wikidata_id": "Q34756045"}}, {"type": "Feature", "id": "foss-wd-Q34756054", "geometry": {"type": "Point", "coordinates": [9.8281, 62.8421]}, "properties": {"name": "Litl Tynnfossen", "source": "Wikidata", "wikidata_id": "Q34756054"}}, {"type": "Feature", "id": "foss-wd-Q34757050", "geometry": {"type": "Point", "coordinates": [12.32036, 64.64158]}, "properties": {"name": "Pressfossen", "source": "Wikidata", "wikidata_id": "Q34757050"}}, {"type": "Feature", "id": "foss-wd-Q34757065", "geometry": {"type": "Point", "coordinates": [9.36327, 63.16409]}, "properties": {"name": "Presten", "source": "Wikidata", "wikidata_id": "Q34757065"}}, {"type": "Feature", "id": "foss-wd-Q34757072", "geometry": {"type": "Point", "coordinates": [10.94604, 60.1007]}, "properties": {"name": "Prestfossen", "source": "Wikidata", "wikidata_id": "Q34757072"}}, {"type": "Feature", "id": "foss-wd-Q34757077", "geometry": {"type": "Point", "coordinates": [11.55308, 60.87201]}, "properties": {"name": "Prestfossen", "source": "Wikidata", "wikidata_id": "Q34757077"}}, {"type": "Feature", "id": "foss-wd-Q34757084", "geometry": {"type": "Point", "coordinates": [8.56771, 61.83829]}, "properties": {"name": "Prestfossen", "source": "Wikidata", "wikidata_id": "Q34757084"}}, {"type": "Feature", "id": "foss-wd-Q34757090", "geometry": {"type": "Point", "coordinates": [10.27218, 64.16281]}, "properties": {"name": "Prestfossen", "source": "Wikidata", "wikidata_id": "Q34757090"}}, {"type": "Feature", "id": "foss-wd-Q34757094", "geometry": {"type": "Point", "coordinates": [11.2361, 63.27706]}, "properties": {"name": "Prestfossen", "source": "Wikidata", "wikidata_id": "Q34757094"}}, {"type": "Feature", "id": "foss-wd-Q34757100", "geometry": {"type": "Point", "coordinates": [18.75294, 69.26895]}, "properties": {"name": "Prestfossen", "source": "Wikidata", "wikidata_id": "Q34757100"}}, {"type": "Feature", "id": "foss-wd-Q34757106", "geometry": {"type": "Point", "coordinates": [12.66871, 64.00054]}, "properties": {"name": "Prestnesfossen", "source": "Wikidata", "wikidata_id": "Q34757106"}}, {"type": "Feature", "id": "foss-wd-Q34757112", "geometry": {"type": "Point", "coordinates": [10.87976, 63.81823]}, "properties": {"name": "Prestseterfossen", "source": "Wikidata", "wikidata_id": "Q34757112"}}, {"type": "Feature", "id": "foss-wd-Q34757142", "geometry": {"type": "Point", "coordinates": [21.43285, 69.49803]}, "properties": {"name": "Puntafossen", "source": "Wikidata", "wikidata_id": "Q34757142"}}, {"type": "Feature", "id": "foss-wd-Q34757150", "geometry": {"type": "Point", "coordinates": [6.18039, 60.13583]}, "properties": {"name": "Pyttafossen", "source": "Wikidata", "wikidata_id": "Q34757150"}}, {"type": "Feature", "id": "foss-wd-Q34757165", "geometry": {"type": "Point", "coordinates": [11.28435, 63.37561]}, "properties": {"name": "Pålfossen", "source": "Wikidata", "wikidata_id": "Q34757165"}}, {"type": "Feature", "id": "foss-wd-Q34757172", "geometry": {"type": "Point", "coordinates": [9.8743, 60.33256]}, "properties": {"name": "Pålsbråtefoss", "source": "Wikidata", "wikidata_id": "Q34757172"}}, {"type": "Feature", "id": "foss-wd-Q34757181", "geometry": {"type": "Point", "coordinates": [14.22484, 66.47988]}, "properties": {"name": "Pølforsen", "source": "Wikidata", "wikidata_id": "Q34757181"}}, {"type": "Feature", "id": "foss-wd-Q34757190", "geometry": {"type": "Point", "coordinates": [5.85611, 60.78106]}, "properties": {"name": "Pøylefossen", "source": "Wikidata", "wikidata_id": "Q34757190"}}, {"type": "Feature", "id": "foss-wd-Q34758703", "geometry": {"type": "Point", "coordinates": [11.72384, 60.39657]}, "properties": {"name": "Sillerfossen", "source": "Wikidata", "wikidata_id": "Q34758703"}}, {"type": "Feature", "id": "foss-wd-Q34758710", "geometry": {"type": "Point", "coordinates": [13.1094, 66.04716]}, "properties": {"name": "Simaforsen", "source": "Wikidata", "wikidata_id": "Q34758710"}}, {"type": "Feature", "id": "foss-wd-Q34758718", "geometry": {"type": "Point", "coordinates": [17.71498, 69.08517]}, "properties": {"name": "Simofossen", "source": "Wikidata", "wikidata_id": "Q34758718"}}, {"type": "Feature", "id": "foss-wd-Q34758727", "geometry": {"type": "Point", "coordinates": [6.32958, 60.65206]}, "properties": {"name": "Siseljafossen", "source": "Wikidata", "wikidata_id": "Q34758727"}}, {"type": "Feature", "id": "foss-wd-Q34758755", "geometry": {"type": "Point", "coordinates": [7.28676, 61.3405]}, "properties": {"name": "Spildrefossen", "source": "Wikidata", "wikidata_id": "Q34758755"}}, {"type": "Feature", "id": "foss-wd-Q34758772", "geometry": {"type": "Point", "coordinates": [16.52134, 67.80892]}, "properties": {"name": "Spiskammerset", "source": "Wikidata", "wikidata_id": "Q34758772"}}, {"type": "Feature", "id": "foss-wd-Q34758778", "geometry": {"type": "Point", "coordinates": [7.77916, 61.5831]}, "properties": {"name": "Spitarfossen", "source": "Wikidata", "wikidata_id": "Q34758778"}}, {"type": "Feature", "id": "foss-wd-Q34758786", "geometry": {"type": "Point", "coordinates": [10.48192, 61.44346]}, "properties": {"name": "Spranget", "source": "Wikidata", "wikidata_id": "Q34758786"}}, {"type": "Feature", "id": "foss-wd-Q34758804", "geometry": {"type": "Point", "coordinates": [7.8322, 61.04982]}, "properties": {"name": "Sprangfossen", "source": "Wikidata", "wikidata_id": "Q34758804"}}, {"type": "Feature", "id": "foss-wd-Q34758819", "geometry": {"type": "Point", "coordinates": [6.21739, 60.43187]}, "properties": {"name": "Sprengsfossen", "source": "Wikidata", "wikidata_id": "Q34758819"}}, {"type": "Feature", "id": "foss-wd-Q34758828", "geometry": {"type": "Point", "coordinates": [10.843, 63.19551]}, "properties": {"name": "Springfossen", "source": "Wikidata", "wikidata_id": "Q34758828"}}, {"type": "Feature", "id": "foss-wd-Q34758837", "geometry": {"type": "Point", "coordinates": [7.04098, 62.55723]}, "properties": {"name": "Sprovsfossen", "source": "Wikidata", "wikidata_id": "Q34758837"}}, {"type": "Feature", "id": "foss-wd-Q34758853", "geometry": {"type": "Point", "coordinates": [16.86126, 68.55013]}, "properties": {"name": "Spruten", "source": "Wikidata", "wikidata_id": "Q34758853"}}, {"type": "Feature", "id": "foss-wd-Q34758861", "geometry": {"type": "Point", "coordinates": [14.79804, 66.45429]}, "properties": {"name": "Spruten", "source": "Wikidata", "wikidata_id": "Q34758861"}}, {"type": "Feature", "id": "foss-wd-Q34758869", "geometry": {"type": "Point", "coordinates": [19.12019, 68.97734]}, "properties": {"name": "Spruten", "source": "Wikidata", "wikidata_id": "Q34758869"}}, {"type": "Feature", "id": "foss-wd-Q34758877", "geometry": {"type": "Point", "coordinates": [14.7384, 66.25142]}, "properties": {"name": "Sprutforsen", "source": "Wikidata", "wikidata_id": "Q34758877"}}, {"type": "Feature", "id": "foss-wd-Q34758893", "geometry": {"type": "Point", "coordinates": [18.56537, 69.11082]}, "properties": {"name": "Sprutfossen", "source": "Wikidata", "wikidata_id": "Q34758893"}}, {"type": "Feature", "id": "foss-wd-Q34758902", "geometry": {"type": "Point", "coordinates": [20.23188, 68.87893]}, "properties": {"name": "Spállogasgorŋi", "source": "Wikidata", "wikidata_id": "Q34758902"}}, {"type": "Feature", "id": "foss-wd-Q34758920", "geometry": {"type": "Point", "coordinates": [13.82787, 65.99159]}, "properties": {"name": "Stabbforsen", "source": "Wikidata", "wikidata_id": "Q34758920"}}, {"type": "Feature", "id": "foss-wd-Q34758928", "geometry": {"type": "Point", "coordinates": [12.08366, 63.66634]}, "properties": {"name": "Stabbfossen", "source": "Wikidata", "wikidata_id": "Q34758928"}}, {"type": "Feature", "id": "foss-wd-Q34758936", "geometry": {"type": "Point", "coordinates": [6.00851, 61.44621]}, "properties": {"name": "Stakaldefossen", "source": "Wikidata", "wikidata_id": "Q34758936"}}, {"type": "Feature", "id": "foss-wd-Q34758945", "geometry": {"type": "Point", "coordinates": [6.08914, 60.07975]}, "properties": {"name": "Stakkalifossen", "source": "Wikidata", "wikidata_id": "Q34758945"}}, {"type": "Feature", "id": "foss-wd-Q34758990", "geometry": {"type": "Point", "coordinates": [9.76589, 63.55594]}, "properties": {"name": "Stamhusfossen", "source": "Wikidata", "wikidata_id": "Q34758990"}}, {"type": "Feature", "id": "foss-wd-Q34759030", "geometry": {"type": "Point", "coordinates": [9.08787, 61.13559]}, "properties": {"name": "Stampefossen", "source": "Wikidata", "wikidata_id": "Q34759030"}}, {"type": "Feature", "id": "foss-wd-Q34759072", "geometry": {"type": "Point", "coordinates": [8.56531, 63.26512]}, "properties": {"name": "Stampfossen", "source": "Wikidata", "wikidata_id": "Q34759072"}}, {"type": "Feature", "id": "foss-wd-Q34759078", "geometry": {"type": "Point", "coordinates": [10.99048, 63.69758]}, "properties": {"name": "Stampfossen", "source": "Wikidata", "wikidata_id": "Q34759078"}}, {"type": "Feature", "id": "foss-wd-Q34759086", "geometry": {"type": "Point", "coordinates": [10.68109, 63.28536]}, "properties": {"name": "Stampfossen", "source": "Wikidata", "wikidata_id": "Q34759086"}}, {"type": "Feature", "id": "foss-wd-Q34759101", "geometry": {"type": "Point", "coordinates": [9.25675, 61.4975]}, "properties": {"name": "Staupfallet", "source": "Wikidata", "wikidata_id": "Q34759101"}}, {"type": "Feature", "id": "foss-wd-Q34759110", "geometry": {"type": "Point", "coordinates": [8.48383, 60.06461]}, "properties": {"name": "Staupsfossen", "source": "Wikidata", "wikidata_id": "Q34759110"}}, {"type": "Feature", "id": "foss-wd-Q34759120", "geometry": {"type": "Point", "coordinates": [10.3764, 64.01779]}, "properties": {"name": "Stavesfossan", "source": "Wikidata", "wikidata_id": "Q34759120"}}, {"type": "Feature", "id": "foss-wd-Q34759128", "geometry": {"type": "Point", "coordinates": [6.96521, 61.28693]}, "properties": {"name": "Stedjekamfossen", "source": "Wikidata", "wikidata_id": "Q34759128"}}, {"type": "Feature", "id": "foss-wd-Q34759135", "geometry": {"type": "Point", "coordinates": [9.30341, 60.38634]}, "properties": {"name": "Steffanfoss", "source": "Wikidata", "wikidata_id": "Q34759135"}}, {"type": "Feature", "id": "foss-wd-Q34759143", "geometry": {"type": "Point", "coordinates": [5.98081, 60.43009]}, "properties": {"name": "Stegafossen", "source": "Wikidata", "wikidata_id": "Q34759143"}}, {"type": "Feature", "id": "foss-wd-Q34759150", "geometry": {"type": "Point", "coordinates": [5.49559, 60.66657]}, "properties": {"name": "Stegafossen", "source": "Wikidata", "wikidata_id": "Q34759150"}}, {"type": "Feature", "id": "foss-wd-Q34759158", "geometry": {"type": "Point", "coordinates": [6.72499, 60.86004]}, "properties": {"name": "Stegafossen", "source": "Wikidata", "wikidata_id": "Q34759158"}}, {"type": "Feature", "id": "foss-wd-Q34759184", "geometry": {"type": "Point", "coordinates": [19.92437, 69.246]}, "properties": {"name": "Steinfossen", "source": "Wikidata", "wikidata_id": "Q34759184"}}, {"type": "Feature", "id": "foss-wd-Q34759208", "geometry": {"type": "Point", "coordinates": [13.26619, 65.14708]}, "properties": {"name": "Steinvassforsen", "source": "Wikidata", "wikidata_id": "Q34759208"}}, {"type": "Feature", "id": "foss-wd-Q34759216", "geometry": {"type": "Point", "coordinates": [14.59802, 66.76517]}, "properties": {"name": "Steinåforsen", "source": "Wikidata", "wikidata_id": "Q34759216"}}, {"type": "Feature", "id": "foss-wd-Q34759225", "geometry": {"type": "Point", "coordinates": [12.74356, 64.57523]}, "properties": {"name": "Steinåfossen", "source": "Wikidata", "wikidata_id": "Q34759225"}}, {"type": "Feature", "id": "foss-wd-Q34759234", "geometry": {"type": "Point", "coordinates": [15.53807, 67.34289]}, "properties": {"name": "Stemfossen", "source": "Wikidata", "wikidata_id": "Q34759234"}}, {"type": "Feature", "id": "foss-wd-Q34759242", "geometry": {"type": "Point", "coordinates": [18.10362, 68.67843]}, "properties": {"name": "Stenelvfossen", "source": "Wikidata", "wikidata_id": "Q34759242"}}, {"type": "Feature", "id": "foss-wd-Q34759250", "geometry": {"type": "Point", "coordinates": [9.90459, 63.06521]}, "properties": {"name": "Stenåsfossen", "source": "Wikidata", "wikidata_id": "Q34759250"}}, {"type": "Feature", "id": "foss-wd-Q34759290", "geometry": {"type": "Point", "coordinates": [12.92362, 65.92325]}, "properties": {"name": "Stiforsen", "source": "Wikidata", "wikidata_id": "Q34759290"}}, {"type": "Feature", "id": "foss-wd-Q34759299", "geometry": {"type": "Point", "coordinates": [5.83338, 60.73453]}, "properties": {"name": "Stigfossen", "source": "Wikidata", "wikidata_id": "Q34759299"}}, {"type": "Feature", "id": "foss-wd-Q34759325", "geometry": {"type": "Point", "coordinates": [12.45333, 64.14664]}, "properties": {"name": "Stigåfossen", "source": "Wikidata", "wikidata_id": "Q34759325"}}, {"type": "Feature", "id": "foss-wd-Q34759334", "geometry": {"type": "Point", "coordinates": [18.47913, 69.09063]}, "properties": {"name": "Stillfossen", "source": "Wikidata", "wikidata_id": "Q34759334"}}, {"type": "Feature", "id": "foss-wd-Q34759343", "geometry": {"type": "Point", "coordinates": [10.5163, 64.0167]}, "properties": {"name": "Stjernsfossen", "source": "Wikidata", "wikidata_id": "Q34759343"}}, {"type": "Feature", "id": "foss-wd-Q34759355", "geometry": {"type": "Point", "coordinates": [13.78377, 65.05422]}, "properties": {"name": "Storfossen", "source": "Wikidata", "wikidata_id": "Q34759355"}}, {"type": "Feature", "id": "foss-wd-Q34759363", "geometry": {"type": "Point", "coordinates": [10.69997, 62.89827]}, "properties": {"name": "Stofossen", "source": "Wikidata", "wikidata_id": "Q34759363"}}, {"type": "Feature", "id": "foss-wd-Q34759372", "geometry": {"type": "Point", "coordinates": [10.15302, 63.05457]}, "properties": {"name": "Stofossen", "source": "Wikidata", "wikidata_id": "Q34759372"}}, {"type": "Feature", "id": "foss-wd-Q34759382", "geometry": {"type": "Point", "coordinates": [6.59609, 61.07014]}, "properties": {"name": "Stolafossen", "source": "Wikidata", "wikidata_id": "Q34759382"}}, {"type": "Feature", "id": "foss-wd-Q34759390", "geometry": {"type": "Point", "coordinates": [12.83925, 64.47559]}, "properties": {"name": "Stopulfossen", "source": "Wikidata", "wikidata_id": "Q34759390"}}, {"type": "Feature", "id": "foss-wd-Q34759398", "geometry": {"type": "Point", "coordinates": [9.8278, 62.83773]}, "properties": {"name": "Stor Tynnfossen", "source": "Wikidata", "wikidata_id": "Q34759398"}}, {"type": "Feature", "id": "foss-wd-Q34759422", "geometry": {"type": "Point", "coordinates": [11.0595, 61.68953]}, "properties": {"name": "Storbekkfallet", "source": "Wikidata", "wikidata_id": "Q34759422"}}, {"type": "Feature", "id": "foss-wd-Q34759431", "geometry": {"type": "Point", "coordinates": [11.94673, 63.979]}, "properties": {"name": "Storbrattskårfossen", "source": "Wikidata", "wikidata_id": "Q34759431"}}, {"type": "Feature", "id": "foss-wd-Q34759437", "geometry": {"type": "Point", "coordinates": [14.01168, 66.24496]}, "properties": {"name": "Storbruforsen", "source": "Wikidata", "wikidata_id": "Q34759437"}}, {"type": "Feature", "id": "foss-wd-Q34759444", "geometry": {"type": "Point", "coordinates": [13.40826, 66.1023]}, "properties": {"name": "Stordalforsen", "source": "Wikidata", "wikidata_id": "Q34759444"}}, {"type": "Feature", "id": "foss-wd-Q34759452", "geometry": {"type": "Point", "coordinates": [19.79505, 69.17777]}, "properties": {"name": "Stordalsfossen", "source": "Wikidata", "wikidata_id": "Q34759452"}}, {"type": "Feature", "id": "foss-wd-Q34759461", "geometry": {"type": "Point", "coordinates": [5.43285, 61.68284]}, "properties": {"name": "Storebotsfossen", "source": "Wikidata", "wikidata_id": "Q34759461"}}, {"type": "Feature", "id": "foss-wd-Q34759469", "geometry": {"type": "Point", "coordinates": [9.55471, 60.01393]}, "properties": {"name": "Storebrannfoss", "source": "Wikidata", "wikidata_id": "Q34759469"}}, {"type": "Feature", "id": "foss-wd-Q34759523", "geometry": {"type": "Point", "coordinates": [5.40401, 60.30474]}, "properties": {"name": "Storefossen", "source": "Wikidata", "wikidata_id": "Q34759523"}}, {"type": "Feature", "id": "foss-wd-Q34759532", "geometry": {"type": "Point", "coordinates": [7.15922, 60.49216]}, "properties": {"name": "Storefossen", "source": "Wikidata", "wikidata_id": "Q34759532"}}, {"type": "Feature", "id": "foss-wd-Q34759540", "geometry": {"type": "Point", "coordinates": [6.20202, 60.66338]}, "properties": {"name": "Storefossen", "source": "Wikidata", "wikidata_id": "Q34759540"}}, {"type": "Feature", "id": "foss-wd-Q34759559", "geometry": {"type": "Point", "coordinates": [6.90898, 62.11364]}, "properties": {"name": "Storefossen", "source": "Wikidata", "wikidata_id": "Q34759559"}}, {"type": "Feature", "id": "foss-wd-Q34759567", "geometry": {"type": "Point", "coordinates": [5.69733, 62.03866]}, "properties": {"name": "Storefossen", "source": "Wikidata", "wikidata_id": "Q34759567"}}, {"type": "Feature", "id": "foss-wd-Q34759575", "geometry": {"type": "Point", "coordinates": [7.06025, 60.89419]}, "properties": {"name": "Storefossen", "source": "Wikidata", "wikidata_id": "Q34759575"}}, {"type": "Feature", "id": "foss-wd-Q34759584", "geometry": {"type": "Point", "coordinates": [7.07503, 61.00214]}, "properties": {"name": "Storefossen", "source": "Wikidata", "wikidata_id": "Q34759584"}}, {"type": "Feature", "id": "foss-wd-Q34759592", "geometry": {"type": "Point", "coordinates": [5.31139, 61.77208]}, "properties": {"name": "Storefossen", "source": "Wikidata", "wikidata_id": "Q34759592"}}, {"type": "Feature", "id": "foss-wd-Q34759599", "geometry": {"type": "Point", "coordinates": [5.7062, 61.24601]}, "properties": {"name": "Storefossen", "source": "Wikidata", "wikidata_id": "Q34759599"}}, {"type": "Feature", "id": "foss-wd-Q34759606", "geometry": {"type": "Point", "coordinates": [5.84364, 61.07365]}, "properties": {"name": "Storefossen", "source": "Wikidata", "wikidata_id": "Q34759606"}}, {"type": "Feature", "id": "foss-wd-Q34759614", "geometry": {"type": "Point", "coordinates": [6.0673, 61.15101]}, "properties": {"name": "Storefossen", "source": "Wikidata", "wikidata_id": "Q34759614"}}, {"type": "Feature", "id": "foss-wd-Q34759623", "geometry": {"type": "Point", "coordinates": [5.85391, 61.20663]}, "properties": {"name": "Storefossen", "source": "Wikidata", "wikidata_id": "Q34759623"}}, {"type": "Feature", "id": "foss-wd-Q34759632", "geometry": {"type": "Point", "coordinates": [5.67387, 61.55068]}, "properties": {"name": "Storefossen", "source": "Wikidata", "wikidata_id": "Q34759632"}}, {"type": "Feature", "id": "foss-wd-Q34759641", "geometry": {"type": "Point", "coordinates": [4.96971, 61.16648]}, "properties": {"name": "Storefossen", "source": "Wikidata", "wikidata_id": "Q34759641"}}, {"type": "Feature", "id": "foss-wd-Q34759647", "geometry": {"type": "Point", "coordinates": [6.91824, 61.92519]}, "properties": {"name": "Storefossen", "source": "Wikidata", "wikidata_id": "Q34759647"}}, {"type": "Feature", "id": "foss-wd-Q34759670", "geometry": {"type": "Point", "coordinates": [16.41399, 68.45522]}, "properties": {"name": "Storelvforsen", "source": "Wikidata", "wikidata_id": "Q34759670"}}, {"type": "Feature", "id": "foss-wd-Q34759679", "geometry": {"type": "Point", "coordinates": [17.38205, 68.54331]}, "properties": {"name": "Storelvfossen", "source": "Wikidata", "wikidata_id": "Q34759679"}}, {"type": "Feature", "id": "foss-wd-Q34759685", "geometry": {"type": "Point", "coordinates": [5.58376, 61.69282]}, "properties": {"name": "Storelvfossen", "source": "Wikidata", "wikidata_id": "Q34759685"}}, {"type": "Feature", "id": "foss-wd-Q34759695", "geometry": {"type": "Point", "coordinates": [18.41885, 69.36317]}, "properties": {"name": "Storelvfossen", "source": "Wikidata", "wikidata_id": "Q34759695"}}, {"type": "Feature", "id": "foss-wd-Q34841149", "geometry": {"type": "Point", "coordinates": [12.47645, 64.54476]}, "properties": {"name": "Kvernfossen", "source": "Wikidata", "wikidata_id": "Q34841149"}}, {"type": "Feature", "id": "foss-wd-Q34841191", "geometry": {"type": "Point", "coordinates": [13.67365, 64.19726]}, "properties": {"name": "Kvernfossen", "source": "Wikidata", "wikidata_id": "Q34841191"}}, {"type": "Feature", "id": "foss-wd-Q34841207", "geometry": {"type": "Point", "coordinates": [11.96473, 63.56228]}, "properties": {"name": "Kvernfossen", "source": "Wikidata", "wikidata_id": "Q34841207"}}, {"type": "Feature", "id": "foss-wd-Q34841221", "geometry": {"type": "Point", "coordinates": [11.785, 64.50193]}, "properties": {"name": "Kvernfossen", "source": "Wikidata", "wikidata_id": "Q34841221"}}, {"type": "Feature", "id": "foss-wd-Q34841237", "geometry": {"type": "Point", "coordinates": [9.80685, 60.56297]}, "properties": {"name": "Kvernfossen", "source": "Wikidata", "wikidata_id": "Q34841237"}}, {"type": "Feature", "id": "foss-wd-Q34841255", "geometry": {"type": "Point", "coordinates": [11.67276, 63.03151]}, "properties": {"name": "Kvernfossen", "source": "Wikidata", "wikidata_id": "Q34841255"}}, {"type": "Feature", "id": "foss-wd-Q34841268", "geometry": {"type": "Point", "coordinates": [9.66374, 59.39995]}, "properties": {"name": "Kvernfossen", "source": "Wikidata", "wikidata_id": "Q34841268"}}, {"type": "Feature", "id": "foss-wd-Q34841286", "geometry": {"type": "Point", "coordinates": [18.81102, 69.26399]}, "properties": {"name": "Kvernfossen", "source": "Wikidata", "wikidata_id": "Q34841286"}}, {"type": "Feature", "id": "foss-wd-Q34841303", "geometry": {"type": "Point", "coordinates": [18.28891, 69.31353]}, "properties": {"name": "Kvernfossen", "source": "Wikidata", "wikidata_id": "Q34841303"}}, {"type": "Feature", "id": "foss-wd-Q34841318", "geometry": {"type": "Point", "coordinates": [7.60164, 58.21925]}, "properties": {"name": "Kvernfossen", "source": "Wikidata", "wikidata_id": "Q34841318"}}, {"type": "Feature", "id": "foss-wd-Q34841335", "geometry": {"type": "Point", "coordinates": [14.05343, 65.52242]}, "properties": {"name": "Kvernhusforsen", "source": "Wikidata", "wikidata_id": "Q34841335"}}, {"type": "Feature", "id": "foss-wd-Q34841349", "geometry": {"type": "Point", "coordinates": [14.216, 65.56897]}, "properties": {"name": "Kvernhusforsen", "source": "Wikidata", "wikidata_id": "Q34841349"}}, {"type": "Feature", "id": "foss-wd-Q34841366", "geometry": {"type": "Point", "coordinates": [9.87372, 60.3292]}, "properties": {"name": "Kvernhusfoss", "source": "Wikidata", "wikidata_id": "Q34841366"}}, {"type": "Feature", "id": "foss-wd-Q34841382", "geometry": {"type": "Point", "coordinates": [7.27835, 61.50648]}, "properties": {"name": "Kvernhusfoss", "source": "Wikidata", "wikidata_id": "Q34841382"}}, {"type": "Feature", "id": "foss-wd-Q34841396", "geometry": {"type": "Point", "coordinates": [7.19409, 61.46556]}, "properties": {"name": "Kvernhusfossane", "source": "Wikidata", "wikidata_id": "Q34841396"}}, {"type": "Feature", "id": "foss-wd-Q34841412", "geometry": {"type": "Point", "coordinates": [7.52642, 58.90593]}, "properties": {"name": "Kvernhusfossen", "source": "Wikidata", "wikidata_id": "Q34841412"}}, {"type": "Feature", "id": "foss-wd-Q34841428", "geometry": {"type": "Point", "coordinates": [7.94129, 58.65922]}, "properties": {"name": "Kvernhusfossen", "source": "Wikidata", "wikidata_id": "Q34841428"}}, {"type": "Feature", "id": "foss-wd-Q34841444", "geometry": {"type": "Point", "coordinates": [5.58404, 60.88196]}, "properties": {"name": "Kvernhusfossen", "source": "Wikidata", "wikidata_id": "Q34841444"}}, {"type": "Feature", "id": "foss-wd-Q34841460", "geometry": {"type": "Point", "coordinates": [5.79558, 60.81849]}, "properties": {"name": "Kvernhusfossen", "source": "Wikidata", "wikidata_id": "Q34841460"}}, {"type": "Feature", "id": "foss-wd-Q34841475", "geometry": {"type": "Point", "coordinates": [7.02703, 62.01701]}, "properties": {"name": "Kvernhusfossen", "source": "Wikidata", "wikidata_id": "Q34841475"}}, {"type": "Feature", "id": "foss-wd-Q34841491", "geometry": {"type": "Point", "coordinates": [11.68215, 63.98467]}, "properties": {"name": "Kvernhusfossen", "source": "Wikidata", "wikidata_id": "Q34841491"}}, {"type": "Feature", "id": "foss-wd-Q34841509", "geometry": {"type": "Point", "coordinates": [11.86765, 63.97918]}, "properties": {"name": "Kvernhusfossen", "source": "Wikidata", "wikidata_id": "Q34841509"}}, {"type": "Feature", "id": "foss-wd-Q34841526", "geometry": {"type": "Point", "coordinates": [12.36605, 65.07971]}, "properties": {"name": "Kvernhusfossen", "source": "Wikidata", "wikidata_id": "Q34841526"}}, {"type": "Feature", "id": "foss-wd-Q34841541", "geometry": {"type": "Point", "coordinates": [14.13319, 65.36133]}, "properties": {"name": "Kvernhusfossen", "source": "Wikidata", "wikidata_id": "Q34841541"}}, {"type": "Feature", "id": "foss-wd-Q34841558", "geometry": {"type": "Point", "coordinates": [9.74718, 61.33428]}, "properties": {"name": "Kvernhusfossen", "source": "Wikidata", "wikidata_id": "Q34841558"}}, {"type": "Feature", "id": "foss-wd-Q34841576", "geometry": {"type": "Point", "coordinates": [10.60847, 60.12293]}, "properties": {"name": "Kvernhusfossen", "source": "Wikidata", "wikidata_id": "Q34841576"}}, {"type": "Feature", "id": "foss-wd-Q34841591", "geometry": {"type": "Point", "coordinates": [6.24666, 61.09917]}, "properties": {"name": "Kvernhusfossen", "source": "Wikidata", "wikidata_id": "Q34841591"}}, {"type": "Feature", "id": "foss-wd-Q34841607", "geometry": {"type": "Point", "coordinates": [9.13783, 63.30774]}, "properties": {"name": "Kvernhusfossen", "source": "Wikidata", "wikidata_id": "Q34841607"}}, {"type": "Feature", "id": "foss-wd-Q34841624", "geometry": {"type": "Point", "coordinates": [10.44585, 62.81928]}, "properties": {"name": "Kvernhusfossen", "source": "Wikidata", "wikidata_id": "Q34841624"}}, {"type": "Feature", "id": "foss-wd-Q34841640", "geometry": {"type": "Point", "coordinates": [9.98401, 62.7807]}, "properties": {"name": "Kvernhusfossen", "source": "Wikidata", "wikidata_id": "Q34841640"}}, {"type": "Feature", "id": "foss-wd-Q34841658", "geometry": {"type": "Point", "coordinates": [10.12195, 63.64778]}, "properties": {"name": "Kvernhusfossen", "source": "Wikidata", "wikidata_id": "Q34841658"}}, {"type": "Feature", "id": "foss-wd-Q34841672", "geometry": {"type": "Point", "coordinates": [10.45527, 63.92518]}, "properties": {"name": "Kvernhusfossen", "source": "Wikidata", "wikidata_id": "Q34841672"}}, {"type": "Feature", "id": "foss-wd-Q34841690", "geometry": {"type": "Point", "coordinates": [19.27439, 68.98904]}, "properties": {"name": "Kvernhusfossen", "source": "Wikidata", "wikidata_id": "Q34841690"}}, {"type": "Feature", "id": "foss-wd-Q34841705", "geometry": {"type": "Point", "coordinates": [8.02022, 58.26083]}, "properties": {"name": "Kvernhusfossen", "source": "Wikidata", "wikidata_id": "Q34841705"}}, {"type": "Feature", "id": "foss-wd-Q34841721", "geometry": {"type": "Point", "coordinates": [9.06772, 63.32455]}, "properties": {"name": "Kvernhuslifossen", "source": "Wikidata", "wikidata_id": "Q34841721"}}, {"type": "Feature", "id": "foss-wd-Q34841736", "geometry": {"type": "Point", "coordinates": [10.73114, 62.91225]}, "properties": {"name": "Kvernmyrfossen", "source": "Wikidata", "wikidata_id": "Q34841736"}}, {"type": "Feature", "id": "foss-wd-Q34841746", "geometry": {"type": "Point", "coordinates": [11.02991, 60.08988]}, "properties": {"name": "Kvernstufossen", "source": "Wikidata", "wikidata_id": "Q34841746"}}, {"type": "Feature", "id": "foss-wd-Q34841759", "geometry": {"type": "Point", "coordinates": [6.08601, 61.91502]}, "properties": {"name": "Kviafossen", "source": "Wikidata", "wikidata_id": "Q34841759"}}, {"type": "Feature", "id": "foss-wd-Q34841775", "geometry": {"type": "Point", "coordinates": [6.89468, 58.29136]}, "properties": {"name": "Kvidefossen", "source": "Wikidata", "wikidata_id": "Q34841775"}}, {"type": "Feature", "id": "foss-wd-Q34841791", "geometry": {"type": "Point", "coordinates": [6.1852, 62.274]}, "properties": {"name": "Kviefossen", "source": "Wikidata", "wikidata_id": "Q34841791"}}, {"type": "Feature", "id": "foss-wd-Q34841824", "geometry": {"type": "Point", "coordinates": [8.42313, 60.84099]}, "properties": {"name": "Kvislefossen", "source": "Wikidata", "wikidata_id": "Q34841824"}}, {"type": "Feature", "id": "foss-wd-Q34841840", "geometry": {"type": "Point", "coordinates": [8.71174, 63.23156]}, "properties": {"name": "Kvistdalsfossen", "source": "Wikidata", "wikidata_id": "Q34841840"}}, {"type": "Feature", "id": "foss-wd-Q34841856", "geometry": {"type": "Point", "coordinates": [18.65478, 69.13648]}, "properties": {"name": "Kvitbergfossen", "source": "Wikidata", "wikidata_id": "Q34841856"}}, {"type": "Feature", "id": "foss-wd-Q34841889", "geometry": {"type": "Point", "coordinates": [7.46776, 58.83158]}, "properties": {"name": "Kvitefossan", "source": "Wikidata", "wikidata_id": "Q34841889"}}, {"type": "Feature", "id": "foss-wd-Q34841935", "geometry": {"type": "Point", "coordinates": [6.48071, 62.07624]}, "properties": {"name": "Kvitefossen", "source": "Wikidata", "wikidata_id": "Q34841935"}}, {"type": "Feature", "id": "foss-wd-Q34841950", "geometry": {"type": "Point", "coordinates": [17.76179, 68.73528]}, "properties": {"name": "Kvitefossen", "source": "Wikidata", "wikidata_id": "Q34841950"}}, {"type": "Feature", "id": "foss-wd-Q34841967", "geometry": {"type": "Point", "coordinates": [6.18159, 60.80642]}, "properties": {"name": "Kvitestakken", "source": "Wikidata", "wikidata_id": "Q34841967"}}, {"type": "Feature", "id": "foss-wd-Q34841981", "geometry": {"type": "Point", "coordinates": [16.59386, 68.34862]}, "properties": {"name": "Kvitforsen", "source": "Wikidata", "wikidata_id": "Q34841981"}}, {"type": "Feature", "id": "foss-wd-Q34841996", "geometry": {"type": "Point", "coordinates": [16.78819, 68.39206]}, "properties": {"name": "Kvitforsen", "source": "Wikidata", "wikidata_id": "Q34841996"}}, {"type": "Feature", "id": "foss-wd-Q34842013", "geometry": {"type": "Point", "coordinates": [16.79375, 68.54305]}, "properties": {"name": "Kvitforsen", "source": "Wikidata", "wikidata_id": "Q34842013"}}, {"type": "Feature", "id": "foss-wd-Q34842027", "geometry": {"type": "Point", "coordinates": [17.06332, 68.54085]}, "properties": {"name": "Kvitforsen", "source": "Wikidata", "wikidata_id": "Q34842027"}}, {"type": "Feature", "id": "foss-wd-Q34842044", "geometry": {"type": "Point", "coordinates": [14.60367, 68.35293]}, "properties": {"name": "Kvitforsen", "source": "Wikidata", "wikidata_id": "Q34842044"}}, {"type": "Feature", "id": "foss-wd-Q34842059", "geometry": {"type": "Point", "coordinates": [8.06251, 58.83091]}, "properties": {"name": "Kvitfoss", "source": "Wikidata", "wikidata_id": "Q34842059"}}, {"type": "Feature", "id": "foss-wd-Q34842074", "geometry": {"type": "Point", "coordinates": [8.07476, 58.83241]}, "properties": {"name": "Kvitfoss nedre", "source": "Wikidata", "wikidata_id": "Q34842074"}}, {"type": "Feature", "id": "foss-wd-Q34842208", "geometry": {"type": "Point", "coordinates": [11.94338, 63.97891]}, "properties": {"name": "Litlbrattskårfossen", "source": "Wikidata", "wikidata_id": "Q34842208"}}, {"type": "Feature", "id": "foss-wd-Q34842223", "geometry": {"type": "Point", "coordinates": [9.8766, 63.11503]}, "properties": {"name": "Litlbufossen", "source": "Wikidata", "wikidata_id": "Q34842223"}}, {"type": "Feature", "id": "foss-wd-Q34842239", "geometry": {"type": "Point", "coordinates": [7.37694, 58.38333]}, "properties": {"name": "Litle fossen", "source": "Wikidata", "wikidata_id": "Q34842239"}}, {"type": "Feature", "id": "foss-wd-Q34842254", "geometry": {"type": "Point", "coordinates": [17.55545, 68.19436]}, "properties": {"name": "Litlefallet", "source": "Wikidata", "wikidata_id": "Q34842254"}}, {"type": "Feature", "id": "foss-wd-Q34842287", "geometry": {"type": "Point", "coordinates": [7.22618, 62.79656]}, "properties": {"name": "Litlefossen", "source": "Wikidata", "wikidata_id": "Q34842287"}}, {"type": "Feature", "id": "foss-wd-Q34842304", "geometry": {"type": "Point", "coordinates": [7.48255, 62.44189]}, "properties": {"name": "Litlefossen", "source": "Wikidata", "wikidata_id": "Q34842304"}}, {"type": "Feature", "id": "foss-wd-Q34842319", "geometry": {"type": "Point", "coordinates": [5.6663, 61.54956]}, "properties": {"name": "Litlefossen", "source": "Wikidata", "wikidata_id": "Q34842319"}}, {"type": "Feature", "id": "foss-wd-Q34842335", "geometry": {"type": "Point", "coordinates": [7.31313, 60.40444]}, "properties": {"name": "Litlelifoss", "source": "Wikidata", "wikidata_id": "Q34842335"}}, {"type": "Feature", "id": "foss-wd-Q34842350", "geometry": {"type": "Point", "coordinates": [6.14313, 61.94579]}, "properties": {"name": "Litlesæterfossen", "source": "Wikidata", "wikidata_id": "Q34842350"}}, {"type": "Feature", "id": "foss-wd-Q34842367", "geometry": {"type": "Point", "coordinates": [12.24805, 61.39473]}, "properties": {"name": "Litlfallet", "source": "Wikidata", "wikidata_id": "Q34842367"}}, {"type": "Feature", "id": "foss-wd-Q34842384", "geometry": {"type": "Point", "coordinates": [12.60334, 61.40804]}, "properties": {"name": "Litlfallet", "source": "Wikidata", "wikidata_id": "Q34842384"}}, {"type": "Feature", "id": "foss-wd-Q34842399", "geometry": {"type": "Point", "coordinates": [13.91043, 64.10216]}, "properties": {"name": "Litlfallet", "source": "Wikidata", "wikidata_id": "Q34842399"}}, {"type": "Feature", "id": "foss-wd-Q34842414", "geometry": {"type": "Point", "coordinates": [14.12182, 66.94266]}, "properties": {"name": "Litlforsen", "source": "Wikidata", "wikidata_id": "Q34842414"}}, {"type": "Feature", "id": "foss-wd-Q34842430", "geometry": {"type": "Point", "coordinates": [14.07714, 66.24154]}, "properties": {"name": "Litlforsen", "source": "Wikidata", "wikidata_id": "Q34842430"}}, {"type": "Feature", "id": "foss-wd-Q34842446", "geometry": {"type": "Point", "coordinates": [13.6924, 66.51452]}, "properties": {"name": "Litlforsen", "source": "Wikidata", "wikidata_id": "Q34842446"}}, {"type": "Feature", "id": "foss-wd-Q34842463", "geometry": {"type": "Point", "coordinates": [10.14884, 62.67082]}, "properties": {"name": "Litlfossen", "source": "Wikidata", "wikidata_id": "Q34842463"}}, {"type": "Feature", "id": "foss-wd-Q34842478", "geometry": {"type": "Point", "coordinates": [11.79437, 64.68759]}, "properties": {"name": "Litlfossen", "source": "Wikidata", "wikidata_id": "Q34842478"}}, {"type": "Feature", "id": "foss-wd-Q34842495", "geometry": {"type": "Point", "coordinates": [12.33246, 64.44616]}, "properties": {"name": "Litlfossen", "source": "Wikidata", "wikidata_id": "Q34842495"}}, {"type": "Feature", "id": "foss-wd-Q34842509", "geometry": {"type": "Point", "coordinates": [12.56003, 64.48126]}, "properties": {"name": "Litlfossen", "source": "Wikidata", "wikidata_id": "Q34842509"}}, {"type": "Feature", "id": "foss-wd-Q34842527", "geometry": {"type": "Point", "coordinates": [13.19406, 64.91343]}, "properties": {"name": "Litlfossen", "source": "Wikidata", "wikidata_id": "Q34842527"}}, {"type": "Feature", "id": "foss-wd-Q34842542", "geometry": {"type": "Point", "coordinates": [11.73681, 64.92185]}, "properties": {"name": "Litlfossen", "source": "Wikidata", "wikidata_id": "Q34842542"}}, {"type": "Feature", "id": "foss-wd-Q34842556", "geometry": {"type": "Point", "coordinates": [13.21179, 64.68603]}, "properties": {"name": "Litlfossen", "source": "Wikidata", "wikidata_id": "Q34842556"}}, {"type": "Feature", "id": "foss-wd-Q34842573", "geometry": {"type": "Point", "coordinates": [8.93891, 63.57391]}, "properties": {"name": "Litlfossen", "source": "Wikidata", "wikidata_id": "Q34842573"}}, {"type": "Feature", "id": "foss-wd-Q34842589", "geometry": {"type": "Point", "coordinates": [10.16917, 63.18927]}, "properties": {"name": "Litlfossen", "source": "Wikidata", "wikidata_id": "Q34842589"}}, {"type": "Feature", "id": "foss-wd-Q34842604", "geometry": {"type": "Point", "coordinates": [10.51052, 64.01534]}, "properties": {"name": "Litlfossen", "source": "Wikidata", "wikidata_id": "Q34842604"}}, {"type": "Feature", "id": "foss-wd-Q34842619", "geometry": {"type": "Point", "coordinates": [9.41703, 62.83901]}, "properties": {"name": "Litlsvartåstoen", "source": "Wikidata", "wikidata_id": "Q34842619"}}, {"type": "Feature", "id": "foss-wd-Q34842636", "geometry": {"type": "Point", "coordinates": [15.83872, 67.43444]}, "properties": {"name": "Litlverivassforsen", "source": "Wikidata", "wikidata_id": "Q34842636"}}, {"type": "Feature", "id": "foss-wd-Q34842651", "geometry": {"type": "Point", "coordinates": [13.39409, 64.50656]}, "properties": {"name": "Litlåfossen", "source": "Wikidata", "wikidata_id": "Q34842651"}}, {"type": "Feature", "id": "foss-wd-Q34842666", "geometry": {"type": "Point", "coordinates": [7.87329, 59.20682]}, "properties": {"name": "Ljofoss", "source": "Wikidata", "wikidata_id": "Q34842666"}}, {"type": "Feature", "id": "foss-wd-Q34842683", "geometry": {"type": "Point", "coordinates": [5.87587, 59.83095]}, "properties": {"name": "Ljosfoss", "source": "Wikidata", "wikidata_id": "Q34842683"}}, {"type": "Feature", "id": "foss-wd-Q34842698", "geometry": {"type": "Point", "coordinates": [7.06633, 62.08383]}, "properties": {"name": "Ljosurfossen", "source": "Wikidata", "wikidata_id": "Q34842698"}}, {"type": "Feature", "id": "foss-wd-Q34842714", "geometry": {"type": "Point", "coordinates": [8.76984, 60.11304]}, "properties": {"name": "Ljotefoss", "source": "Wikidata", "wikidata_id": "Q34842714"}}, {"type": "Feature", "id": "foss-wd-Q34842730", "geometry": {"type": "Point", "coordinates": [7.37675, 58.2518]}, "properties": {"name": "Ljåstadsbekken", "source": "Wikidata", "wikidata_id": "Q34842730"}}, {"type": "Feature", "id": "foss-wd-Q34842746", "geometry": {"type": "Point", "coordinates": [6.92818, 62.12079]}, "properties": {"name": "Ljøfossen", "source": "Wikidata", "wikidata_id": "Q34842746"}}, {"type": "Feature", "id": "foss-wd-Q34842761", "geometry": {"type": "Point", "coordinates": [6.14449, 62.29305]}, "properties": {"name": "Ljøsafossen", "source": "Wikidata", "wikidata_id": "Q34842761"}}, {"type": "Feature", "id": "foss-wd-Q34842775", "geometry": {"type": "Point", "coordinates": [6.86752, 61.86767]}, "properties": {"name": "Lofossen", "source": "Wikidata", "wikidata_id": "Q34842775"}}, {"type": "Feature", "id": "foss-wd-Q34842791", "geometry": {"type": "Point", "coordinates": [5.97642, 59.53495]}, "properties": {"name": "Lokafoss", "source": "Wikidata", "wikidata_id": "Q34842791"}}, {"type": "Feature", "id": "foss-wd-Q34842811", "geometry": {"type": "Point", "coordinates": [7.44247, 59.25273]}, "properties": {"name": "Loklifossen", "source": "Wikidata", "wikidata_id": "Q34842811"}}, {"type": "Feature", "id": "foss-wd-Q34842819", "geometry": {"type": "Point", "coordinates": [11.50192, 59.94786]}, "properties": {"name": "Lokshaugfossen", "source": "Wikidata", "wikidata_id": "Q34842819"}}, {"type": "Feature", "id": "foss-wd-Q34842831", "geometry": {"type": "Point", "coordinates": [5.68556, 61.42878]}, "properties": {"name": "Lonafossen", "source": "Wikidata", "wikidata_id": "Q34842831"}}, {"type": "Feature", "id": "foss-wd-Q34842843", "geometry": {"type": "Point", "coordinates": [9.10689, 59.48934]}, "properties": {"name": "Lonefoss", "source": "Wikidata", "wikidata_id": "Q34842843"}}, {"type": "Feature", "id": "foss-wd-Q34842855", "geometry": {"type": "Point", "coordinates": [5.83124, 61.52592]}, "properties": {"name": "Lonefossen", "source": "Wikidata", "wikidata_id": "Q34842855"}}, {"type": "Feature", "id": "foss-wd-Q34842867", "geometry": {"type": "Point", "coordinates": [6.00235, 61.6193]}, "properties": {"name": "Lonefossen", "source": "Wikidata", "wikidata_id": "Q34842867"}}, {"type": "Feature", "id": "foss-wd-Q34842879", "geometry": {"type": "Point", "coordinates": [8.03112, 58.31595]}, "properties": {"name": "Lonefossen", "source": "Wikidata", "wikidata_id": "Q34842879"}}, {"type": "Feature", "id": "foss-wd-Q34678265", "geometry": {"type": "Point", "coordinates": [13.85333, 66.14863]}, "properties": {"name": "Sagfossen", "source": "Wikidata", "wikidata_id": "Q34678265"}}, {"type": "Feature", "id": "foss-wd-Q34678272", "geometry": {"type": "Point", "coordinates": [9.88255, 60.97552]}, "properties": {"name": "Sagfossen", "source": "Wikidata", "wikidata_id": "Q34678272"}}, {"type": "Feature", "id": "foss-wd-Q34678280", "geometry": {"type": "Point", "coordinates": [10.06519, 63.85757]}, "properties": {"name": "Sagfossen", "source": "Wikidata", "wikidata_id": "Q34678280"}}, {"type": "Feature", "id": "foss-wd-Q34678287", "geometry": {"type": "Point", "coordinates": [8.95688, 63.35853]}, "properties": {"name": "Sagfossen", "source": "Wikidata", "wikidata_id": "Q34678287"}}, {"type": "Feature", "id": "foss-wd-Q34678296", "geometry": {"type": "Point", "coordinates": [9.86913, 63.377]}, "properties": {"name": "Sagfossen", "source": "Wikidata", "wikidata_id": "Q34678296"}}, {"type": "Feature", "id": "foss-wd-Q34678304", "geometry": {"type": "Point", "coordinates": [10.61277, 64.27363]}, "properties": {"name": "Sagfossen", "source": "Wikidata", "wikidata_id": "Q34678304"}}, {"type": "Feature", "id": "foss-wd-Q34678312", "geometry": {"type": "Point", "coordinates": [10.01476, 62.65093]}, "properties": {"name": "Sagfossen", "source": "Wikidata", "wikidata_id": "Q34678312"}}, {"type": "Feature", "id": "foss-wd-Q34678318", "geometry": {"type": "Point", "coordinates": [10.05694, 63.58818]}, "properties": {"name": "Sagfossen", "source": "Wikidata", "wikidata_id": "Q34678318"}}, {"type": "Feature", "id": "foss-wd-Q34678325", "geometry": {"type": "Point", "coordinates": [10.447, 64.1671]}, "properties": {"name": "Sagfossen", "source": "Wikidata", "wikidata_id": "Q34678325"}}, {"type": "Feature", "id": "foss-wd-Q34678333", "geometry": {"type": "Point", "coordinates": [10.84067, 63.20396]}, "properties": {"name": "Sagfossen", "source": "Wikidata", "wikidata_id": "Q34678333"}}, {"type": "Feature", "id": "foss-wd-Q34678339", "geometry": {"type": "Point", "coordinates": [19.34095, 69.05422]}, "properties": {"name": "Sagfossen", "source": "Wikidata", "wikidata_id": "Q34678339"}}, {"type": "Feature", "id": "foss-wd-Q34678348", "geometry": {"type": "Point", "coordinates": [19.17463, 69.09349]}, "properties": {"name": "Sagfossen", "source": "Wikidata", "wikidata_id": "Q34678348"}}, {"type": "Feature", "id": "foss-wd-Q34678357", "geometry": {"type": "Point", "coordinates": [17.81956, 69.0502]}, "properties": {"name": "Sagfossen", "source": "Wikidata", "wikidata_id": "Q34678357"}}, {"type": "Feature", "id": "foss-wd-Q34678364", "geometry": {"type": "Point", "coordinates": [22.06441, 69.92599]}, "properties": {"name": "Sagfossen", "source": "Wikidata", "wikidata_id": "Q34678364"}}, {"type": "Feature", "id": "foss-wd-Q34678392", "geometry": {"type": "Point", "coordinates": [18.75764, 69.01731]}, "properties": {"name": "Sagfossen", "source": "Wikidata", "wikidata_id": "Q34678392"}}, {"type": "Feature", "id": "foss-wd-Q34678398", "geometry": {"type": "Point", "coordinates": [18.44419, 69.17768]}, "properties": {"name": "Sagfossen", "source": "Wikidata", "wikidata_id": "Q34678398"}}, {"type": "Feature", "id": "foss-wd-Q34678404", "geometry": {"type": "Point", "coordinates": [19.97212, 69.20849]}, "properties": {"name": "Sagfossen", "source": "Wikidata", "wikidata_id": "Q34678404"}}, {"type": "Feature", "id": "foss-wd-Q34678411", "geometry": {"type": "Point", "coordinates": [17.45886, 69.19925]}, "properties": {"name": "Sagfossen", "source": "Wikidata", "wikidata_id": "Q34678411"}}, {"type": "Feature", "id": "foss-wd-Q34678425", "geometry": {"type": "Point", "coordinates": [11.69996, 63.74419]}, "properties": {"name": "Sagholet", "source": "Wikidata", "wikidata_id": "Q34678425"}}, {"type": "Feature", "id": "foss-wd-Q34678433", "geometry": {"type": "Point", "coordinates": [7.71766, 62.67121]}, "properties": {"name": "Saglifossen", "source": "Wikidata", "wikidata_id": "Q34678433"}}, {"type": "Feature", "id": "foss-wd-Q34678441", "geometry": {"type": "Point", "coordinates": [12.04473, 65.06122]}, "properties": {"name": "Saglifossen", "source": "Wikidata", "wikidata_id": "Q34678441"}}, {"type": "Feature", "id": "foss-wd-Q34678449", "geometry": {"type": "Point", "coordinates": [12.44743, 61.16083]}, "properties": {"name": "Sagnfossen", "source": "Wikidata", "wikidata_id": "Q34678449"}}, {"type": "Feature", "id": "foss-wd-Q34678471", "geometry": {"type": "Point", "coordinates": [12.77152, 64.6917]}, "properties": {"name": "Sakariasfossen", "source": "Wikidata", "wikidata_id": "Q34678471"}}, {"type": "Feature", "id": "foss-wd-Q34678478", "geometry": {"type": "Point", "coordinates": [10.07349, 64.04712]}, "properties": {"name": "Salbuvikfossen", "source": "Wikidata", "wikidata_id": "Q34678478"}}, {"type": "Feature", "id": "foss-wd-Q34678487", "geometry": {"type": "Point", "coordinates": [11.90368, 64.71694]}, "properties": {"name": "Salmarkfossen", "source": "Wikidata", "wikidata_id": "Q34678487"}}, {"type": "Feature", "id": "foss-wd-Q34678689", "geometry": {"type": "Point", "coordinates": [5.77824, 61.32422]}, "properties": {"name": "Sandafossen", "source": "Wikidata", "wikidata_id": "Q34678689"}}, {"type": "Feature", "id": "foss-wd-Q34678696", "geometry": {"type": "Point", "coordinates": [6.58917, 61.75465]}, "properties": {"name": "Sanddalsfossen", "source": "Wikidata", "wikidata_id": "Q34678696"}}, {"type": "Feature", "id": "foss-wd-Q34678712", "geometry": {"type": "Point", "coordinates": [7.21228, 59.91676]}, "properties": {"name": "Sandflofossen", "source": "Wikidata", "wikidata_id": "Q34678712"}}, {"type": "Feature", "id": "foss-wd-Q34678729", "geometry": {"type": "Point", "coordinates": [18.62123, 69.40177]}, "properties": {"name": "Sandselvfossen", "source": "Wikidata", "wikidata_id": "Q34678729"}}, {"type": "Feature", "id": "foss-wd-Q34678736", "geometry": {"type": "Point", "coordinates": [11.53783, 60.39148]}, "properties": {"name": "Sandsfossen", "source": "Wikidata", "wikidata_id": "Q34678736"}}, {"type": "Feature", "id": "foss-wd-Q34678752", "geometry": {"type": "Point", "coordinates": [9.84167, 60.41518]}, "properties": {"name": "Sandvassfoss", "source": "Wikidata", "wikidata_id": "Q34678752"}}, {"type": "Feature", "id": "foss-wd-Q34678779", "geometry": {"type": "Point", "coordinates": [9.23856, 63.02886]}, "properties": {"name": "Sandåstoen", "source": "Wikidata", "wikidata_id": "Q34678779"}}, {"type": "Feature", "id": "foss-wd-Q34678814", "geometry": {"type": "Point", "coordinates": [18.8481, 69.36447]}, "properties": {"name": "Sarafossen", "source": "Wikidata", "wikidata_id": "Q34678814"}}, {"type": "Feature", "id": "foss-wd-Q34678822", "geometry": {"type": "Point", "coordinates": [14.61567, 66.3252]}, "properties": {"name": "Sarahaugforsen", "source": "Wikidata", "wikidata_id": "Q34678822"}}, {"type": "Feature", "id": "foss-wd-Q34678867", "geometry": {"type": "Point", "coordinates": [6.69254, 61.28192]}, "properties": {"name": "Sauerisfossen", "source": "Wikidata", "wikidata_id": "Q34678867"}}, {"type": "Feature", "id": "foss-wd-Q34678897", "geometry": {"type": "Point", "coordinates": [25.14216, 69.78433]}, "properties": {"name": "Savgŋugårŋi", "source": "Wikidata", "wikidata_id": "Q34678897"}}, {"type": "Feature", "id": "foss-wd-Q34678911", "geometry": {"type": "Point", "coordinates": [10.99256, 64.41862]}, "properties": {"name": "Selafossen", "source": "Wikidata", "wikidata_id": "Q34678911"}}, {"type": "Feature", "id": "foss-wd-Q34678918", "geometry": {"type": "Point", "coordinates": [11.83898, 63.38974]}, "properties": {"name": "Selbufossen", "source": "Wikidata", "wikidata_id": "Q34678918"}}, {"type": "Feature", "id": "foss-wd-Q34678925", "geometry": {"type": "Point", "coordinates": [14.16901, 66.33155]}, "properties": {"name": "Selforsen", "source": "Wikidata", "wikidata_id": "Q34678925"}}, {"type": "Feature", "id": "foss-wd-Q34678931", "geometry": {"type": "Point", "coordinates": [12.24537, 64.63354]}, "properties": {"name": "Selfossen", "source": "Wikidata", "wikidata_id": "Q34678931"}}, {"type": "Feature", "id": "foss-wd-Q34678938", "geometry": {"type": "Point", "coordinates": [9.53776, 63.40464]}, "properties": {"name": "Selfossen", "source": "Wikidata", "wikidata_id": "Q34678938"}}, {"type": "Feature", "id": "foss-wd-Q34678945", "geometry": {"type": "Point", "coordinates": [10.99579, 64.01789]}, "properties": {"name": "Seljefossan", "source": "Wikidata", "wikidata_id": "Q34678945"}}, {"type": "Feature", "id": "foss-wd-Q34678952", "geometry": {"type": "Point", "coordinates": [12.63435, 64.66971]}, "properties": {"name": "Sellfossen", "source": "Wikidata", "wikidata_id": "Q34678952"}}, {"type": "Feature", "id": "foss-wd-Q34678986", "geometry": {"type": "Point", "coordinates": [6.47426, 60.90052]}, "properties": {"name": "Sendefossen", "source": "Wikidata", "wikidata_id": "Q34678986"}}, {"type": "Feature", "id": "foss-wd-Q34678993", "geometry": {"type": "Point", "coordinates": [8.86366, 61.33675]}, "properties": {"name": "Sendeføssen", "source": "Wikidata", "wikidata_id": "Q34678993"}}, {"type": "Feature", "id": "foss-wd-Q34679007", "geometry": {"type": "Point", "coordinates": [10.9266, 60.25726]}, "properties": {"name": "Seterfossen", "source": "Wikidata", "wikidata_id": "Q34679007"}}, {"type": "Feature", "id": "foss-wd-Q34679015", "geometry": {"type": "Point", "coordinates": [9.74517, 60.24162]}, "properties": {"name": "Seterfossen", "source": "Wikidata", "wikidata_id": "Q34679015"}}, {"type": "Feature", "id": "foss-wd-Q34679021", "geometry": {"type": "Point", "coordinates": [12.08126, 64.77836]}, "properties": {"name": "Seterfossen", "source": "Wikidata", "wikidata_id": "Q34679021"}}, {"type": "Feature", "id": "foss-wd-Q34679026", "geometry": {"type": "Point", "coordinates": [10.50643, 63.63359]}, "properties": {"name": "Seterfossen", "source": "Wikidata", "wikidata_id": "Q34679026"}}, {"type": "Feature", "id": "foss-wd-Q34679091", "geometry": {"type": "Point", "coordinates": [13.19093, 64.50064]}, "properties": {"name": "Sisselfossen", "source": "Wikidata", "wikidata_id": "Q34679091"}}, {"type": "Feature", "id": "foss-wd-Q34679110", "geometry": {"type": "Point", "coordinates": [6.3779, 61.13854]}, "properties": {"name": "Sjurfossen", "source": "Wikidata", "wikidata_id": "Q34679110"}}, {"type": "Feature", "id": "foss-wd-Q34679125", "geometry": {"type": "Point", "coordinates": [6.56209, 60.04522]}, "properties": {"name": "Sjursfoss", "source": "Wikidata", "wikidata_id": "Q34679125"}}, {"type": "Feature", "id": "foss-wd-Q34679132", "geometry": {"type": "Point", "coordinates": [12.02982, 60.63021]}, "properties": {"name": "Sjusætrefossen", "source": "Wikidata", "wikidata_id": "Q34679132"}}, {"type": "Feature", "id": "foss-wd-Q34679140", "geometry": {"type": "Point", "coordinates": [15.46579, 68.05928]}, "properties": {"name": "Sjylaksforsen", "source": "Wikidata", "wikidata_id": "Q34679140"}}, {"type": "Feature", "id": "foss-wd-Q34679147", "geometry": {"type": "Point", "coordinates": [14.14694, 66.9706]}, "properties": {"name": "Sjøforsen", "source": "Wikidata", "wikidata_id": "Q34679147"}}, {"type": "Feature", "id": "foss-wd-Q34679155", "geometry": {"type": "Point", "coordinates": [13.82714, 66.06691]}, "properties": {"name": "Sjøforsen", "source": "Wikidata", "wikidata_id": "Q34679155"}}, {"type": "Feature", "id": "foss-wd-Q34679164", "geometry": {"type": "Point", "coordinates": [14.16629, 66.33016]}, "properties": {"name": "Sjøforsen", "source": "Wikidata", "wikidata_id": "Q34679164"}}, {"type": "Feature", "id": "foss-wd-Q34679180", "geometry": {"type": "Point", "coordinates": [12.34694, 61.16161]}, "properties": {"name": "Sjøfossen", "source": "Wikidata", "wikidata_id": "Q34679180"}}, {"type": "Feature", "id": "foss-wd-Q34679186", "geometry": {"type": "Point", "coordinates": [17.84887, 69.22772]}, "properties": {"name": "Sjøfossen", "source": "Wikidata", "wikidata_id": "Q34679186"}}, {"type": "Feature", "id": "foss-wd-Q34679201", "geometry": {"type": "Point", "coordinates": [6.80878, 61.73913]}, "properties": {"name": "Sjølskorfossen", "source": "Wikidata", "wikidata_id": "Q34679201"}}, {"type": "Feature", "id": "foss-wd-Q34679209", "geometry": {"type": "Point", "coordinates": [22.00326, 70.58875]}, "properties": {"name": "Sjørbisen", "source": "Wikidata", "wikidata_id": "Q34679209"}}, {"type": "Feature", "id": "foss-wd-Q34679217", "geometry": {"type": "Point", "coordinates": [6.42984, 60.83624]}, "properties": {"name": "Skakkefossen", "source": "Wikidata", "wikidata_id": "Q34679217"}}, {"type": "Feature", "id": "foss-wd-Q34679223", "geometry": {"type": "Point", "coordinates": [30.19268, 70.20596]}, "properties": {"name": "Skallelvporten", "source": "Wikidata", "wikidata_id": "Q34679223"}}, {"type": "Feature", "id": "foss-wd-Q34679229", "geometry": {"type": "Point", "coordinates": [8.24807, 61.8926]}, "properties": {"name": "Skamsarfossen", "source": "Wikidata", "wikidata_id": "Q34679229"}}, {"type": "Feature", "id": "foss-wd-Q34679244", "geometry": {"type": "Point", "coordinates": [7.35537, 62.49849]}, "properties": {"name": "Skardfossen", "source": "Wikidata", "wikidata_id": "Q34679244"}}, {"type": "Feature", "id": "foss-wd-Q34679253", "geometry": {"type": "Point", "coordinates": [8.99667, 63.34333]}, "properties": {"name": "Skardsfossen", "source": "Wikidata", "wikidata_id": "Q34679253"}}, {"type": "Feature", "id": "foss-wd-Q34679267", "geometry": {"type": "Point", "coordinates": [13.36846, 65.45564]}, "properties": {"name": "Skarforsen", "source": "Wikidata", "wikidata_id": "Q34679267"}}, {"type": "Feature", "id": "foss-wd-Q34679274", "geometry": {"type": "Point", "coordinates": [14.3538, 66.29428]}, "properties": {"name": "Skarforsen", "source": "Wikidata", "wikidata_id": "Q34679274"}}, {"type": "Feature", "id": "foss-wd-Q34679281", "geometry": {"type": "Point", "coordinates": [14.65001, 66.31792]}, "properties": {"name": "Skarforsen", "source": "Wikidata", "wikidata_id": "Q34679281"}}, {"type": "Feature", "id": "foss-wd-Q34679289", "geometry": {"type": "Point", "coordinates": [9.47208, 60.0644]}, "properties": {"name": "Skarfossen", "source": "Wikidata", "wikidata_id": "Q34679289"}}, {"type": "Feature", "id": "foss-wd-Q34679297", "geometry": {"type": "Point", "coordinates": [7.22007, 59.38879]}, "properties": {"name": "Skargjesvassfossen", "source": "Wikidata", "wikidata_id": "Q34679297"}}, {"type": "Feature", "id": "foss-wd-Q34679313", "geometry": {"type": "Point", "coordinates": [10.72989, 64.23815]}, "properties": {"name": "Skarvåsfossen", "source": "Wikidata", "wikidata_id": "Q34679313"}}, {"type": "Feature", "id": "foss-wd-Q34679321", "geometry": {"type": "Point", "coordinates": [7.663, 61.16093]}, "properties": {"name": "Skeidslåfossen", "source": "Wikidata", "wikidata_id": "Q34679321"}}, {"type": "Feature", "id": "foss-wd-Q34679336", "geometry": {"type": "Point", "coordinates": [14.87019, 67.53898]}, "properties": {"name": "Skinnbergfossen", "source": "Wikidata", "wikidata_id": "Q34679336"}}, {"type": "Feature", "id": "foss-wd-Q34679351", "geometry": {"type": "Point", "coordinates": [15.16956, 68.72178]}, "properties": {"name": "Skinnforsen", "source": "Wikidata", "wikidata_id": "Q34679351"}}, {"type": "Feature", "id": "foss-wd-Q34679359", "geometry": {"type": "Point", "coordinates": [8.96806, 60.56768]}, "properties": {"name": "Skirvedalsfossen", "source": "Wikidata", "wikidata_id": "Q34679359"}}, {"type": "Feature", "id": "foss-wd-Q34679367", "geometry": {"type": "Point", "coordinates": [6.16284, 60.62704]}, "properties": {"name": "Skirvefossen,øvre", "source": "Wikidata", "wikidata_id": "Q34679367"}}, {"type": "Feature", "id": "foss-wd-Q34759739", "geometry": {"type": "Point", "coordinates": [11.20186, 61.39949]}, "properties": {"name": "Storfallet", "source": "Wikidata", "wikidata_id": "Q34759739"}}, {"type": "Feature", "id": "foss-wd-Q34759745", "geometry": {"type": "Point", "coordinates": [10.85867, 61.44002]}, "properties": {"name": "Storfallet", "source": "Wikidata", "wikidata_id": "Q34759745"}}, {"type": "Feature", "id": "foss-wd-Q34759752", "geometry": {"type": "Point", "coordinates": [10.90849, 61.56954]}, "properties": {"name": "Storfallet", "source": "Wikidata", "wikidata_id": "Q34759752"}}, {"type": "Feature", "id": "foss-wd-Q34759757", "geometry": {"type": "Point", "coordinates": [10.73035, 61.73219]}, "properties": {"name": "Storfallet", "source": "Wikidata", "wikidata_id": "Q34759757"}}, {"type": "Feature", "id": "foss-wd-Q34759764", "geometry": {"type": "Point", "coordinates": [12.13991, 61.51034]}, "properties": {"name": "Storfallet", "source": "Wikidata", "wikidata_id": "Q34759764"}}, {"type": "Feature", "id": "foss-wd-Q34759772", "geometry": {"type": "Point", "coordinates": [12.47773, 61.51329]}, "properties": {"name": "Storfallet", "source": "Wikidata", "wikidata_id": "Q34759772"}}, {"type": "Feature", "id": "foss-wd-Q34759781", "geometry": {"type": "Point", "coordinates": [8.78117, 62.79667]}, "properties": {"name": "Storfallet", "source": "Wikidata", "wikidata_id": "Q34759781"}}, {"type": "Feature", "id": "foss-wd-Q34759789", "geometry": {"type": "Point", "coordinates": [17.55009, 68.19066]}, "properties": {"name": "Storfallet", "source": "Wikidata", "wikidata_id": "Q34759789"}}, {"type": "Feature", "id": "foss-wd-Q34759803", "geometry": {"type": "Point", "coordinates": [9.15063, 62.01886]}, "properties": {"name": "Storfallet", "source": "Wikidata", "wikidata_id": "Q34759803"}}, {"type": "Feature", "id": "foss-wd-Q34759808", "geometry": {"type": "Point", "coordinates": [9.45871, 62.26665]}, "properties": {"name": "Storfallet", "source": "Wikidata", "wikidata_id": "Q34759808"}}, {"type": "Feature", "id": "foss-wd-Q34759815", "geometry": {"type": "Point", "coordinates": [10.49539, 61.25484]}, "properties": {"name": "Storfallet", "source": "Wikidata", "wikidata_id": "Q34759815"}}, {"type": "Feature", "id": "foss-wd-Q34759823", "geometry": {"type": "Point", "coordinates": [11.54738, 62.81512]}, "properties": {"name": "Storfallet", "source": "Wikidata", "wikidata_id": "Q34759823"}}, {"type": "Feature", "id": "foss-wd-Q34759830", "geometry": {"type": "Point", "coordinates": [9.33916, 62.58033]}, "properties": {"name": "Storfallet", "source": "Wikidata", "wikidata_id": "Q34759830"}}, {"type": "Feature", "id": "foss-wd-Q34759837", "geometry": {"type": "Point", "coordinates": [18.78326, 68.97506]}, "properties": {"name": "Storflåa", "source": "Wikidata", "wikidata_id": "Q34759837"}}, {"type": "Feature", "id": "foss-wd-Q34759845", "geometry": {"type": "Point", "coordinates": [13.67742, 65.49687]}, "properties": {"name": "Storforsan", "source": "Wikidata", "wikidata_id": "Q34759845"}}, {"type": "Feature", "id": "foss-wd-Q34759853", "geometry": {"type": "Point", "coordinates": [14.85021, 66.90059]}, "properties": {"name": "Storforsen", "source": "Wikidata", "wikidata_id": "Q34759853"}}, {"type": "Feature", "id": "foss-wd-Q34759860", "geometry": {"type": "Point", "coordinates": [14.4615, 67.04203]}, "properties": {"name": "Storforsen", "source": "Wikidata", "wikidata_id": "Q34759860"}}, {"type": "Feature", "id": "foss-wd-Q34759866", "geometry": {"type": "Point", "coordinates": [15.22677, 67.35529]}, "properties": {"name": "Storforsen", "source": "Wikidata", "wikidata_id": "Q34759866"}}, {"type": "Feature", "id": "foss-wd-Q34759874", "geometry": {"type": "Point", "coordinates": [13.67123, 65.42393]}, "properties": {"name": "Storforsen", "source": "Wikidata", "wikidata_id": "Q34759874"}}, {"type": "Feature", "id": "foss-wd-Q34759882", "geometry": {"type": "Point", "coordinates": [13.56565, 65.65927]}, "properties": {"name": "Storforsen", "source": "Wikidata", "wikidata_id": "Q34759882"}}, {"type": "Feature", "id": "foss-wd-Q34759891", "geometry": {"type": "Point", "coordinates": [14.13288, 65.51483]}, "properties": {"name": "Storforsen", "source": "Wikidata", "wikidata_id": "Q34759891"}}, {"type": "Feature", "id": "foss-wd-Q34759899", "geometry": {"type": "Point", "coordinates": [12.84264, 66.12351]}, "properties": {"name": "Storforsen", "source": "Wikidata", "wikidata_id": "Q34759899"}}, {"type": "Feature", "id": "foss-wd-Q34759905", "geometry": {"type": "Point", "coordinates": [15.8849, 68.52894]}, "properties": {"name": "Storforsen", "source": "Wikidata", "wikidata_id": "Q34759905"}}, {"type": "Feature", "id": "foss-wd-Q34759913", "geometry": {"type": "Point", "coordinates": [17.81869, 68.57443]}, "properties": {"name": "Storforsen", "source": "Wikidata", "wikidata_id": "Q34759913"}}, {"type": "Feature", "id": "foss-wd-Q34759922", "geometry": {"type": "Point", "coordinates": [14.09395, 66.23956]}, "properties": {"name": "Storforsen", "source": "Wikidata", "wikidata_id": "Q34759922"}}, {"type": "Feature", "id": "foss-wd-Q34759930", "geometry": {"type": "Point", "coordinates": [14.51059, 66.4036]}, "properties": {"name": "Storforsen", "source": "Wikidata", "wikidata_id": "Q34759930"}}, {"type": "Feature", "id": "foss-wd-Q34759938", "geometry": {"type": "Point", "coordinates": [15.54851, 67.11896]}, "properties": {"name": "Storforsen", "source": "Wikidata", "wikidata_id": "Q34759938"}}, {"type": "Feature", "id": "foss-wd-Q34759947", "geometry": {"type": "Point", "coordinates": [15.17691, 68.68775]}, "properties": {"name": "Storforsen", "source": "Wikidata", "wikidata_id": "Q34759947"}}, {"type": "Feature", "id": "foss-wd-Q34759954", "geometry": {"type": "Point", "coordinates": [15.81593, 67.43975]}, "properties": {"name": "Storforsen", "source": "Wikidata", "wikidata_id": "Q34759954"}}, {"type": "Feature", "id": "foss-wd-Q34759963", "geometry": {"type": "Point", "coordinates": [15.95118, 67.5915]}, "properties": {"name": "Storforsen", "source": "Wikidata", "wikidata_id": "Q34759963"}}, {"type": "Feature", "id": "foss-wd-Q34759969", "geometry": {"type": "Point", "coordinates": [13.54862, 65.85158]}, "properties": {"name": "Storforsen", "source": "Wikidata", "wikidata_id": "Q34759969"}}, {"type": "Feature", "id": "foss-wd-Q34759976", "geometry": {"type": "Point", "coordinates": [12.9077, 65.91773]}, "properties": {"name": "Storforsen", "source": "Wikidata", "wikidata_id": "Q34759976"}}, {"type": "Feature", "id": "foss-wd-Q34759984", "geometry": {"type": "Point", "coordinates": [17.70284, 68.65645]}, "properties": {"name": "Storforsen", "source": "Wikidata", "wikidata_id": "Q34759984"}}, {"type": "Feature", "id": "foss-wd-Q34759993", "geometry": {"type": "Point", "coordinates": [17.34208, 68.82415]}, "properties": {"name": "Storforsen", "source": "Wikidata", "wikidata_id": "Q34759993"}}, {"type": "Feature", "id": "foss-wd-Q34760002", "geometry": {"type": "Point", "coordinates": [9.9391, 60.37479]}, "properties": {"name": "Storfossen", "source": "Wikidata", "wikidata_id": "Q34760002"}}, {"type": "Feature", "id": "foss-wd-Q34760021", "geometry": {"type": "Point", "coordinates": [28.51791, 70.11482]}, "properties": {"name": "Storfossen", "source": "Wikidata", "wikidata_id": "Q34760021"}}, {"type": "Feature", "id": "foss-wd-Q34760037", "geometry": {"type": "Point", "coordinates": [12.45496, 60.3219]}, "properties": {"name": "Storfossen", "source": "Wikidata", "wikidata_id": "Q34760037"}}, {"type": "Feature", "id": "foss-wd-Q34760045", "geometry": {"type": "Point", "coordinates": [10.94822, 62.57258]}, "properties": {"name": "Storfossen", "source": "Wikidata", "wikidata_id": "Q34760045"}}, {"type": "Feature", "id": "foss-wd-Q34760054", "geometry": {"type": "Point", "coordinates": [10.26182, 62.48227]}, "properties": {"name": "Storfossen", "source": "Wikidata", "wikidata_id": "Q34760054"}}, {"type": "Feature", "id": "foss-wd-Q34760064", "geometry": {"type": "Point", "coordinates": [10.15303, 62.66746]}, "properties": {"name": "Storfossen", "source": "Wikidata", "wikidata_id": "Q34760064"}}, {"type": "Feature", "id": "foss-wd-Q34760072", "geometry": {"type": "Point", "coordinates": [5.86522, 60.57857]}, "properties": {"name": "Storfossen", "source": "Wikidata", "wikidata_id": "Q34760072"}}, {"type": "Feature", "id": "foss-wd-Q34760081", "geometry": {"type": "Point", "coordinates": [7.22704, 62.79384]}, "properties": {"name": "Storfossen", "source": "Wikidata", "wikidata_id": "Q34760081"}}, {"type": "Feature", "id": "foss-wd-Q34760091", "geometry": {"type": "Point", "coordinates": [7.66166, 62.90571]}, "properties": {"name": "Storfossen", "source": "Wikidata", "wikidata_id": "Q34760091"}}, {"type": "Feature", "id": "foss-wd-Q34760100", "geometry": {"type": "Point", "coordinates": [7.25669, 62.24198]}, "properties": {"name": "Storfossen", "source": "Wikidata", "wikidata_id": "Q34760100"}}, {"type": "Feature", "id": "foss-wd-Q34760109", "geometry": {"type": "Point", "coordinates": [7.47045, 62.44166]}, "properties": {"name": "Storfossen", "source": "Wikidata", "wikidata_id": "Q34760109"}}, {"type": "Feature", "id": "foss-wd-Q34760117", "geometry": {"type": "Point", "coordinates": [7.54954, 62.66164]}, "properties": {"name": "Storfossen", "source": "Wikidata", "wikidata_id": "Q34760117"}}, {"type": "Feature", "id": "foss-wd-Q34760125", "geometry": {"type": "Point", "coordinates": [6.29315, 62.30529]}, "properties": {"name": "Storfossen", "source": "Wikidata", "wikidata_id": "Q34760125"}}, {"type": "Feature", "id": "foss-wd-Q34760134", "geometry": {"type": "Point", "coordinates": [11.85186, 64.67921]}, "properties": {"name": "Storfossen", "source": "Wikidata", "wikidata_id": "Q34760134"}}, {"type": "Feature", "id": "foss-wd-Q34760143", "geometry": {"type": "Point", "coordinates": [12.18519, 64.5428]}, "properties": {"name": "Storfossen", "source": "Wikidata", "wikidata_id": "Q34760143"}}, {"type": "Feature", "id": "foss-wd-Q34760151", "geometry": {"type": "Point", "coordinates": [10.57491, 63.6362]}, "properties": {"name": "Storfossen", "source": "Wikidata", "wikidata_id": "Q34760151"}}, {"type": "Feature", "id": "foss-wd-Q34760161", "geometry": {"type": "Point", "coordinates": [13.60562, 64.15324]}, "properties": {"name": "Storfossen", "source": "Wikidata", "wikidata_id": "Q34760161"}}, {"type": "Feature", "id": "foss-wd-Q34760648", "geometry": {"type": "Point", "coordinates": [12.57755, 65.03049]}, "properties": {"name": "Teinfossen", "source": "Wikidata", "wikidata_id": "Q34760648"}}, {"type": "Feature", "id": "foss-wd-Q34760653", "geometry": {"type": "Point", "coordinates": [10.39955, 64.19599]}, "properties": {"name": "Teistfossen", "source": "Wikidata", "wikidata_id": "Q34760653"}}, {"type": "Feature", "id": "foss-wd-Q34760658", "geometry": {"type": "Point", "coordinates": [18.12247, 68.68184]}, "properties": {"name": "Tekkjeløfossen", "source": "Wikidata", "wikidata_id": "Q34760658"}}, {"type": "Feature", "id": "foss-wd-Q34760664", "geometry": {"type": "Point", "coordinates": [8.35667, 62.2443]}, "properties": {"name": "Teppfossen", "source": "Wikidata", "wikidata_id": "Q34760664"}}, {"type": "Feature", "id": "foss-wd-Q34760686", "geometry": {"type": "Point", "coordinates": [10.96336, 63.17736]}, "properties": {"name": "Testinsfossen", "source": "Wikidata", "wikidata_id": "Q34760686"}}, {"type": "Feature", "id": "foss-wd-Q34760693", "geometry": {"type": "Point", "coordinates": [12.77519, 65.44661]}, "properties": {"name": "Tettingsforsen", "source": "Wikidata", "wikidata_id": "Q34760693"}}, {"type": "Feature", "id": "foss-wd-Q34760753", "geometry": {"type": "Point", "coordinates": [15.30963, 66.86849]}, "properties": {"name": "Tieggåforsen", "source": "Wikidata", "wikidata_id": "Q34760753"}}, {"type": "Feature", "id": "foss-wd-Q34760773", "geometry": {"type": "Point", "coordinates": [9.54131, 60.73712]}, "properties": {"name": "Timannsføssen", "source": "Wikidata", "wikidata_id": "Q34760773"}}, {"type": "Feature", "id": "foss-wd-Q34760778", "geometry": {"type": "Point", "coordinates": [14.37229, 65.32248]}, "properties": {"name": "Tjuvbruforsen", "source": "Wikidata", "wikidata_id": "Q34760778"}}, {"type": "Feature", "id": "foss-wd-Q34760784", "geometry": {"type": "Point", "coordinates": [14.03215, 65.59422]}, "properties": {"name": "Tjuvbruforsen", "source": "Wikidata", "wikidata_id": "Q34760784"}}, {"type": "Feature", "id": "foss-wd-Q34760788", "geometry": {"type": "Point", "coordinates": [15.32651, 67.34537]}, "properties": {"name": "Tjuvdalsforsen", "source": "Wikidata", "wikidata_id": "Q34760788"}}, {"type": "Feature", "id": "foss-wd-Q34760793", "geometry": {"type": "Point", "coordinates": [13.39591, 65.5999]}, "properties": {"name": "Tjuvholforsen", "source": "Wikidata", "wikidata_id": "Q34760793"}}, {"type": "Feature", "id": "foss-wd-Q34760799", "geometry": {"type": "Point", "coordinates": [9.9645, 62.89373]}, "properties": {"name": "Tjønnfossen", "source": "Wikidata", "wikidata_id": "Q34760799"}}, {"type": "Feature", "id": "foss-wd-Q34760828", "geometry": {"type": "Point", "coordinates": [6.85822, 61.65092]}, "properties": {"name": "Tjøtafossen", "source": "Wikidata", "wikidata_id": "Q34760828"}}, {"type": "Feature", "id": "foss-wd-Q34760853", "geometry": {"type": "Point", "coordinates": [12.61033, 65.11126]}, "properties": {"name": "Tollibekkfossen", "source": "Wikidata", "wikidata_id": "Q34760853"}}, {"type": "Feature", "id": "foss-wd-Q34760859", "geometry": {"type": "Point", "coordinates": [7.54425, 62.75406]}, "properties": {"name": "Tollåsfossen", "source": "Wikidata", "wikidata_id": "Q34760859"}}, {"type": "Feature", "id": "foss-wd-Q34760864", "geometry": {"type": "Point", "coordinates": [14.05455, 65.44471]}, "properties": {"name": "Tomasforsen", "source": "Wikidata", "wikidata_id": "Q34760864"}}, {"type": "Feature", "id": "foss-wd-Q34760870", "geometry": {"type": "Point", "coordinates": [19.77498, 68.96264]}, "properties": {"name": "Tomasfossen", "source": "Wikidata", "wikidata_id": "Q34760870"}}, {"type": "Feature", "id": "foss-wd-Q34760891", "geometry": {"type": "Point", "coordinates": [5.4979, 60.70539]}, "properties": {"name": "Toprafossen", "source": "Wikidata", "wikidata_id": "Q34760891"}}, {"type": "Feature", "id": "foss-wd-Q34760922", "geometry": {"type": "Point", "coordinates": [9.99025, 62.75887]}, "properties": {"name": "Tosetfossen", "source": "Wikidata", "wikidata_id": "Q34760922"}}, {"type": "Feature", "id": "foss-wd-Q34760936", "geometry": {"type": "Point", "coordinates": [13.97521, 65.42687]}, "properties": {"name": "Trangbergforsen", "source": "Wikidata", "wikidata_id": "Q34760936"}}, {"type": "Feature", "id": "foss-wd-Q34760939", "geometry": {"type": "Point", "coordinates": [14.0646, 65.52399]}, "properties": {"name": "Trangforsen", "source": "Wikidata", "wikidata_id": "Q34760939"}}, {"type": "Feature", "id": "foss-wd-Q34760946", "geometry": {"type": "Point", "coordinates": [14.20045, 66.22703]}, "properties": {"name": "Trappfossen", "source": "Wikidata", "wikidata_id": "Q34760946"}}, {"type": "Feature", "id": "foss-wd-Q34760952", "geometry": {"type": "Point", "coordinates": [11.71744, 60.15326]}, "properties": {"name": "Trapphella", "source": "Wikidata", "wikidata_id": "Q34760952"}}, {"type": "Feature", "id": "foss-wd-Q34760961", "geometry": {"type": "Point", "coordinates": [29.30831, 70.16121]}, "properties": {"name": "Tredjefossen", "source": "Wikidata", "wikidata_id": "Q34760961"}}, {"type": "Feature", "id": "foss-wd-Q34760965", "geometry": {"type": "Point", "coordinates": [12.48322, 64.40225]}, "properties": {"name": "Trekvislfossen", "source": "Wikidata", "wikidata_id": "Q34760965"}}, {"type": "Feature", "id": "foss-wd-Q34760972", "geometry": {"type": "Point", "coordinates": [8.74263, 60.02718]}, "properties": {"name": "Treskebergfossen", "source": "Wikidata", "wikidata_id": "Q34760972"}}, {"type": "Feature", "id": "foss-wd-Q34760982", "geometry": {"type": "Point", "coordinates": [8.96673, 61.06055]}, "properties": {"name": "Trillefossen", "source": "Wikidata", "wikidata_id": "Q34760982"}}, {"type": "Feature", "id": "foss-wd-Q34760987", "geometry": {"type": "Point", "coordinates": [13.41894, 65.63292]}, "properties": {"name": "Troforsen", "source": "Wikidata", "wikidata_id": "Q34760987"}}, {"type": "Feature", "id": "foss-wd-Q34760992", "geometry": {"type": "Point", "coordinates": [14.0868, 65.52619]}, "properties": {"name": "Troforsen", "source": "Wikidata", "wikidata_id": "Q34760992"}}, {"type": "Feature", "id": "foss-wd-Q34760996", "geometry": {"type": "Point", "coordinates": [16.00004, 67.65375]}, "properties": {"name": "Troforsen", "source": "Wikidata", "wikidata_id": "Q34760996"}}, {"type": "Feature", "id": "foss-wd-Q34761001", "geometry": {"type": "Point", "coordinates": [6.48375, 60.72605]}, "properties": {"name": "Trollafossen", "source": "Wikidata", "wikidata_id": "Q34761001"}}, {"type": "Feature", "id": "foss-wd-Q34761006", "geometry": {"type": "Point", "coordinates": [5.85733, 61.23389]}, "properties": {"name": "Trollefossen", "source": "Wikidata", "wikidata_id": "Q34761006"}}, {"type": "Feature", "id": "foss-wd-Q34679376", "geometry": {"type": "Point", "coordinates": [7.84701, 62.03071]}, "properties": {"name": "Skitarn", "source": "Wikidata", "wikidata_id": "Q34679376"}}, {"type": "Feature", "id": "foss-wd-Q34679390", "geometry": {"type": "Point", "coordinates": [5.82063, 61.26121]}, "properties": {"name": "Skjefossen", "source": "Wikidata", "wikidata_id": "Q34679390"}}, {"type": "Feature", "id": "foss-wd-Q34679396", "geometry": {"type": "Point", "coordinates": [11.613, 60.83178]}, "properties": {"name": "Skjefstadfossen", "source": "Wikidata", "wikidata_id": "Q34679396"}}, {"type": "Feature", "id": "foss-wd-Q34679404", "geometry": {"type": "Point", "coordinates": [9.74017, 63.43708]}, "properties": {"name": "Skjeldbreifossen", "source": "Wikidata", "wikidata_id": "Q34679404"}}, {"type": "Feature", "id": "foss-wd-Q34679410", "geometry": {"type": "Point", "coordinates": [15.79386, 67.83881]}, "properties": {"name": "Skjellelvforsen", "source": "Wikidata", "wikidata_id": "Q34679410"}}, {"type": "Feature", "id": "foss-wd-Q34679419", "geometry": {"type": "Point", "coordinates": [18.52309, 69.08999]}, "properties": {"name": "Skjellfossen", "source": "Wikidata", "wikidata_id": "Q34679419"}}, {"type": "Feature", "id": "foss-wd-Q34679427", "geometry": {"type": "Point", "coordinates": [9.72711, 63.29309]}, "properties": {"name": "Skjenaldfossen", "source": "Wikidata", "wikidata_id": "Q34679427"}}, {"type": "Feature", "id": "foss-wd-Q34679434", "geometry": {"type": "Point", "coordinates": [11.70508, 63.97721]}, "properties": {"name": "Skjennfossen", "source": "Wikidata", "wikidata_id": "Q34679434"}}, {"type": "Feature", "id": "foss-wd-Q34679463", "geometry": {"type": "Point", "coordinates": [6.35159, 62.23684]}, "properties": {"name": "Skjervefossen", "source": "Wikidata", "wikidata_id": "Q34679463"}}, {"type": "Feature", "id": "foss-wd-Q34679468", "geometry": {"type": "Point", "coordinates": [6.63782, 60.587]}, "properties": {"name": "Skjervfossen", "source": "Wikidata", "wikidata_id": "Q34679468"}}, {"type": "Feature", "id": "foss-wd-Q34679474", "geometry": {"type": "Point", "coordinates": [11.18345, 63.4245]}, "properties": {"name": "Skjervfossen", "source": "Wikidata", "wikidata_id": "Q34679474"}}, {"type": "Feature", "id": "foss-wd-Q34679481", "geometry": {"type": "Point", "coordinates": [6.23326, 61.1704]}, "properties": {"name": "Skjorfossen", "source": "Wikidata", "wikidata_id": "Q34679481"}}, {"type": "Feature", "id": "foss-wd-Q34679489", "geometry": {"type": "Point", "coordinates": [12.02632, 63.83729]}, "properties": {"name": "Skjækerfossen", "source": "Wikidata", "wikidata_id": "Q34679489"}}, {"type": "Feature", "id": "foss-wd-Q34679495", "geometry": {"type": "Point", "coordinates": [12.76327, 61.20996]}, "properties": {"name": "Skjærfossen", "source": "Wikidata", "wikidata_id": "Q34679495"}}, {"type": "Feature", "id": "foss-wd-Q34679501", "geometry": {"type": "Point", "coordinates": [11.14848, 63.49712]}, "properties": {"name": "Skjølstadfossen", "source": "Wikidata", "wikidata_id": "Q34679501"}}, {"type": "Feature", "id": "foss-wd-Q34679507", "geometry": {"type": "Point", "coordinates": [8.64277, 63.02795]}, "properties": {"name": "Skjørkleivfossen", "source": "Wikidata", "wikidata_id": "Q34679507"}}, {"type": "Feature", "id": "foss-wd-Q34679514", "geometry": {"type": "Point", "coordinates": [12.36026, 64.79428]}, "properties": {"name": "Skogafossen", "source": "Wikidata", "wikidata_id": "Q34679514"}}, {"type": "Feature", "id": "foss-wd-Q34679521", "geometry": {"type": "Point", "coordinates": [8.936, 63.26344]}, "properties": {"name": "Skogsjølifossen", "source": "Wikidata", "wikidata_id": "Q34679521"}}, {"type": "Feature", "id": "foss-wd-Q34679528", "geometry": {"type": "Point", "coordinates": [12.06844, 64.77625]}, "properties": {"name": "Skogstufossen", "source": "Wikidata", "wikidata_id": "Q34679528"}}, {"type": "Feature", "id": "foss-wd-Q34679534", "geometry": {"type": "Point", "coordinates": [30.13759, 69.64294]}, "properties": {"name": "Skoltefoss", "source": "Wikidata", "wikidata_id": "Q34679534"}}, {"type": "Feature", "id": "foss-wd-Q34679540", "geometry": {"type": "Point", "coordinates": [29.370608, 69.692833]}, "properties": {"name": "Skoltefossen", "source": "Wikidata", "wikidata_id": "Q34679540"}}, {"type": "Feature", "id": "foss-wd-Q34679547", "geometry": {"type": "Point", "coordinates": [15.43104, 66.79882]}, "properties": {"name": "Skoltfossen", "source": "Wikidata", "wikidata_id": "Q34679547"}}, {"type": "Feature", "id": "foss-wd-Q34679562", "geometry": {"type": "Point", "coordinates": [6.15195, 62.2716]}, "properties": {"name": "Skorgefossen", "source": "Wikidata", "wikidata_id": "Q34679562"}}, {"type": "Feature", "id": "foss-wd-Q34679578", "geometry": {"type": "Point", "coordinates": [5.5948, 61.3931]}, "properties": {"name": "Skormafossen", "source": "Wikidata", "wikidata_id": "Q34679578"}}, {"type": "Feature", "id": "foss-wd-Q34679585", "geometry": {"type": "Point", "coordinates": [11.82226, 64.13056]}, "properties": {"name": "Skorofossen", "source": "Wikidata", "wikidata_id": "Q34679585"}}, {"type": "Feature", "id": "foss-wd-Q34679591", "geometry": {"type": "Point", "coordinates": [5.34819, 61.21604]}, "properties": {"name": "Skorsfossen", "source": "Wikidata", "wikidata_id": "Q34679591"}}, {"type": "Feature", "id": "foss-wd-Q34679599", "geometry": {"type": "Point", "coordinates": [7.53586, 61.04239]}, "properties": {"name": "Skorvefossen", "source": "Wikidata", "wikidata_id": "Q34679599"}}, {"type": "Feature", "id": "foss-wd-Q34679606", "geometry": {"type": "Point", "coordinates": [11.64557, 64.27768]}, "properties": {"name": "Skorvfossen", "source": "Wikidata", "wikidata_id": "Q34679606"}}, {"type": "Feature", "id": "foss-wd-Q34679638", "geometry": {"type": "Point", "coordinates": [14.11719, 66.23594]}, "properties": {"name": "Skravelforsen", "source": "Wikidata", "wikidata_id": "Q34679638"}}, {"type": "Feature", "id": "foss-wd-Q34679646", "geometry": {"type": "Point", "coordinates": [14.25414, 66.25985]}, "properties": {"name": "Skravleforsen", "source": "Wikidata", "wikidata_id": "Q34679646"}}, {"type": "Feature", "id": "foss-wd-Q34679655", "geometry": {"type": "Point", "coordinates": [12.07782, 63.66497]}, "properties": {"name": "Skravlfossen", "source": "Wikidata", "wikidata_id": "Q34679655"}}, {"type": "Feature", "id": "foss-wd-Q34679663", "geometry": {"type": "Point", "coordinates": [5.68662, 61.24109]}, "properties": {"name": "Skredvassfoss", "source": "Wikidata", "wikidata_id": "Q34679663"}}, {"type": "Feature", "id": "foss-wd-Q34679703", "geometry": {"type": "Point", "coordinates": [9.36208, 60.16528]}, "properties": {"name": "Skriufoss", "source": "Wikidata", "wikidata_id": "Q34679703"}}, {"type": "Feature", "id": "foss-wd-Q34679710", "geometry": {"type": "Point", "coordinates": [12.04877, 64.41797]}, "properties": {"name": "Skrovelfossen", "source": "Wikidata", "wikidata_id": "Q34679710"}}, {"type": "Feature", "id": "foss-wd-Q34679735", "geometry": {"type": "Point", "coordinates": [9.91372, 60.28587]}, "properties": {"name": "Skuggehølfossen", "source": "Wikidata", "wikidata_id": "Q34679735"}}, {"type": "Feature", "id": "foss-wd-Q34679757", "geometry": {"type": "Point", "coordinates": [6.03873, 60.27789]}, "properties": {"name": "Skulafossen", "source": "Wikidata", "wikidata_id": "Q34679757"}}, {"type": "Feature", "id": "foss-wd-Q34679765", "geometry": {"type": "Point", "coordinates": [10.95637, 63.49621]}, "properties": {"name": "Skulbørstadfoss", "source": "Wikidata", "wikidata_id": "Q34679765"}}, {"type": "Feature", "id": "foss-wd-Q34679784", "geometry": {"type": "Point", "coordinates": [11.20077, 64.08768]}, "properties": {"name": "Skulen", "source": "Wikidata", "wikidata_id": "Q34679784"}}, {"type": "Feature", "id": "foss-wd-Q34679791", "geometry": {"type": "Point", "coordinates": [7.53779, 59.60217]}, "properties": {"name": "Skurevassfossen", "source": "Wikidata", "wikidata_id": "Q34679791"}}, {"type": "Feature", "id": "foss-wd-Q34679800", "geometry": {"type": "Point", "coordinates": [18.74173, 69.3689]}, "properties": {"name": "Skutvikfossen", "source": "Wikidata", "wikidata_id": "Q34679800"}}, {"type": "Feature", "id": "foss-wd-Q34679807", "geometry": {"type": "Point", "coordinates": [13.50443, 66.41714]}, "properties": {"name": "Skvalderforsen", "source": "Wikidata", "wikidata_id": "Q34679807"}}, {"type": "Feature", "id": "foss-wd-Q34679816", "geometry": {"type": "Point", "coordinates": [11.64593, 63.99064]}, "properties": {"name": "Skvallfossen", "source": "Wikidata", "wikidata_id": "Q34679816"}}, {"type": "Feature", "id": "foss-wd-Q34679824", "geometry": {"type": "Point", "coordinates": [6.34613, 60.19925]}, "properties": {"name": "Skyrdalsfossen", "source": "Wikidata", "wikidata_id": "Q34679824"}}, {"type": "Feature", "id": "foss-wd-Q34679832", "geometry": {"type": "Point", "coordinates": [7.16566, 60.48934]}, "properties": {"name": "Skytjefossen", "source": "Wikidata", "wikidata_id": "Q34679832"}}, {"type": "Feature", "id": "foss-wd-Q34679840", "geometry": {"type": "Point", "coordinates": [7.45333, 60.06938]}, "properties": {"name": "Skyttarfossen", "source": "Wikidata", "wikidata_id": "Q34679840"}}, {"type": "Feature", "id": "foss-wd-Q34679846", "geometry": {"type": "Point", "coordinates": [12.29515, 60.72654]}, "properties": {"name": "Skådamfossen", "source": "Wikidata", "wikidata_id": "Q34679846"}}, {"type": "Feature", "id": "foss-wd-Q34679854", "geometry": {"type": "Point", "coordinates": [11.49664, 63.70844]}, "properties": {"name": "Skågsetfossen", "source": "Wikidata", "wikidata_id": "Q34679854"}}, {"type": "Feature", "id": "foss-wd-Q34679902", "geometry": {"type": "Point", "coordinates": [9.47407, 60.16056]}, "properties": {"name": "Sleipefoss", "source": "Wikidata", "wikidata_id": "Q34679902"}}, {"type": "Feature", "id": "foss-wd-Q34679919", "geometry": {"type": "Point", "coordinates": [11.25046, 60.07599]}, "properties": {"name": "Slemdalsfossen", "source": "Wikidata", "wikidata_id": "Q34679919"}}, {"type": "Feature", "id": "foss-wd-Q34679927", "geometry": {"type": "Point", "coordinates": [12.41277, 64.16012]}, "properties": {"name": "Slengfossen", "source": "Wikidata", "wikidata_id": "Q34679927"}}, {"type": "Feature", "id": "foss-wd-Q34679935", "geometry": {"type": "Point", "coordinates": [12.33897, 64.23571]}, "properties": {"name": "Slengfossen", "source": "Wikidata", "wikidata_id": "Q34679935"}}, {"type": "Feature", "id": "foss-wd-Q34679974", "geometry": {"type": "Point", "coordinates": [6.54712, 61.34098]}, "properties": {"name": "Slåkedalsfossen", "source": "Wikidata", "wikidata_id": "Q34679974"}}, {"type": "Feature", "id": "foss-wd-Q34679983", "geometry": {"type": "Point", "coordinates": [6.47047, 61.1342]}, "properties": {"name": "Slåttefossen", "source": "Wikidata", "wikidata_id": "Q34679983"}}, {"type": "Feature", "id": "foss-wd-Q34679991", "geometry": {"type": "Point", "coordinates": [5.45846, 60.32886]}, "properties": {"name": "Slåttelifossen", "source": "Wikidata", "wikidata_id": "Q34679991"}}, {"type": "Feature", "id": "foss-wd-Q34679998", "geometry": {"type": "Point", "coordinates": [10.55371, 64.31239]}, "properties": {"name": "Slåttfossen", "source": "Wikidata", "wikidata_id": "Q34679998"}}, {"type": "Feature", "id": "foss-wd-Q34680005", "geometry": {"type": "Point", "coordinates": [9.87578, 63.11626]}, "properties": {"name": "Slættfossen", "source": "Wikidata", "wikidata_id": "Q34680005"}}, {"type": "Feature", "id": "foss-wd-Q34680014", "geometry": {"type": "Point", "coordinates": [11.0114, 61.94164]}, "properties": {"name": "Sløefossen", "source": "Wikidata", "wikidata_id": "Q34680014"}}, {"type": "Feature", "id": "foss-wd-Q34680022", "geometry": {"type": "Point", "coordinates": [10.17518, 60.52857]}, "properties": {"name": "Sløosfossen", "source": "Wikidata", "wikidata_id": "Q34680022"}}, {"type": "Feature", "id": "foss-wd-Q34680044", "geometry": {"type": "Point", "coordinates": [18.29341, 69.3125]}, "properties": {"name": "Smalfossen", "source": "Wikidata", "wikidata_id": "Q34680044"}}, {"type": "Feature", "id": "foss-wd-Q34680052", "geometry": {"type": "Point", "coordinates": [18.62464, 69.14238]}, "properties": {"name": "Smalfossen", "source": "Wikidata", "wikidata_id": "Q34680052"}}, {"type": "Feature", "id": "foss-wd-Q34680059", "geometry": {"type": "Point", "coordinates": [8.85421, 60.00966]}, "properties": {"name": "Smedsrudfossen", "source": "Wikidata", "wikidata_id": "Q34680059"}}, {"type": "Feature", "id": "foss-wd-Q34680067", "geometry": {"type": "Point", "coordinates": [8.9014, 62.76546]}, "properties": {"name": "Smekkerfossen", "source": "Wikidata", "wikidata_id": "Q34680067"}}, {"type": "Feature", "id": "foss-wd-Q34680074", "geometry": {"type": "Point", "coordinates": [9.19206, 60.47912]}, "properties": {"name": "Smelleføss", "source": "Wikidata", "wikidata_id": "Q34680074"}}, {"type": "Feature", "id": "foss-wd-Q34680080", "geometry": {"type": "Point", "coordinates": [8.49813, 62.79861]}, "properties": {"name": "Smisetfossen", "source": "Wikidata", "wikidata_id": "Q34680080"}}, {"type": "Feature", "id": "foss-wd-Q34680087", "geometry": {"type": "Point", "coordinates": [14.08628, 66.04292]}, "properties": {"name": "Smygarforsen", "source": "Wikidata", "wikidata_id": "Q34680087"}}, {"type": "Feature", "id": "foss-wd-Q34680095", "geometry": {"type": "Point", "coordinates": [12.01141, 63.98009]}, "properties": {"name": "Småbrufossen", "source": "Wikidata", "wikidata_id": "Q34680095"}}, {"type": "Feature", "id": "foss-wd-Q34680103", "geometry": {"type": "Point", "coordinates": [11.09928, 64.2341]}, "properties": {"name": "Småfossan", "source": "Wikidata", "wikidata_id": "Q34680103"}}, {"type": "Feature", "id": "foss-wd-Q34680109", "geometry": {"type": "Point", "coordinates": [11.67904, 63.02488]}, "properties": {"name": "Småfossan", "source": "Wikidata", "wikidata_id": "Q34680109"}}, {"type": "Feature", "id": "foss-wd-Q34680126", "geometry": {"type": "Point", "coordinates": [13.06786, 64.69179]}, "properties": {"name": "Småvassfossen", "source": "Wikidata", "wikidata_id": "Q34680126"}}, {"type": "Feature", "id": "foss-wd-Q34680135", "geometry": {"type": "Point", "coordinates": [11.11191, 62.43242]}, "properties": {"name": "Småvollfossen", "source": "Wikidata", "wikidata_id": "Q34680135"}}, {"type": "Feature", "id": "foss-wd-Q34680142", "geometry": {"type": "Point", "coordinates": [10.65398, 64.28181]}, "properties": {"name": "Smørdalsfossen", "source": "Wikidata", "wikidata_id": "Q34680142"}}, {"type": "Feature", "id": "foss-wd-Q34842892", "geometry": {"type": "Point", "coordinates": [10.42726, 61.85175]}, "properties": {"name": "Lonfossen", "source": "Wikidata", "wikidata_id": "Q34842892"}}, {"type": "Feature", "id": "foss-wd-Q34842903", "geometry": {"type": "Point", "coordinates": [10.6552, 62.37038]}, "properties": {"name": "Lonfossen", "source": "Wikidata", "wikidata_id": "Q34842903"}}, {"type": "Feature", "id": "foss-wd-Q34842916", "geometry": {"type": "Point", "coordinates": [12.56516, 65.0288]}, "properties": {"name": "Lonfossen", "source": "Wikidata", "wikidata_id": "Q34842916"}}, {"type": "Feature", "id": "foss-wd-Q34842948", "geometry": {"type": "Point", "coordinates": [6.3805, 58.71421]}, "properties": {"name": "Longsfossen", "source": "Wikidata", "wikidata_id": "Q34842948"}}, {"type": "Feature", "id": "foss-wd-Q34842965", "geometry": {"type": "Point", "coordinates": [10.13054, 63.91185]}, "properties": {"name": "Loppholfossen", "source": "Wikidata", "wikidata_id": "Q34842965"}}, {"type": "Feature", "id": "foss-wd-Q34843060", "geometry": {"type": "Point", "coordinates": [9.71174, 60.8655]}, "properties": {"name": "Lundebruføssen", "source": "Wikidata", "wikidata_id": "Q34843060"}}, {"type": "Feature", "id": "foss-wd-Q34843076", "geometry": {"type": "Point", "coordinates": [7.47165, 59.26522]}, "properties": {"name": "Lundefossen", "source": "Wikidata", "wikidata_id": "Q34843076"}}, {"type": "Feature", "id": "foss-wd-Q34843091", "geometry": {"type": "Point", "coordinates": [11.53733, 59.70124]}, "properties": {"name": "Lundsfossen", "source": "Wikidata", "wikidata_id": "Q34843091"}}, {"type": "Feature", "id": "foss-wd-Q34843108", "geometry": {"type": "Point", "coordinates": [10.29533, 60.19621]}, "properties": {"name": "Lundstadfossen", "source": "Wikidata", "wikidata_id": "Q34843108"}}, {"type": "Feature", "id": "foss-wd-Q34843124", "geometry": {"type": "Point", "coordinates": [10.55736, 63.64368]}, "properties": {"name": "Lunfossen", "source": "Wikidata", "wikidata_id": "Q34843124"}}, {"type": "Feature", "id": "foss-wd-Q34843139", "geometry": {"type": "Point", "coordinates": [24.8615, 70.25923]}, "properties": {"name": "Luoppalgorŋi", "source": "Wikidata", "wikidata_id": "Q34843139"}}, {"type": "Feature", "id": "foss-wd-Q34843170", "geometry": {"type": "Point", "coordinates": [25.38598, 69.76504]}, "properties": {"name": "Luostegårŋi", "source": "Wikidata", "wikidata_id": "Q34843170"}}, {"type": "Feature", "id": "foss-wd-Q34843186", "geometry": {"type": "Point", "coordinates": [25.2312, 69.8217]}, "properties": {"name": "Luovsvargårŋi", "source": "Wikidata", "wikidata_id": "Q34843186"}}, {"type": "Feature", "id": "foss-wd-Q34843203", "geometry": {"type": "Point", "coordinates": [28.28536, 70.25637]}, "properties": {"name": "Luovtejåkgårŋi", "source": "Wikidata", "wikidata_id": "Q34843203"}}, {"type": "Feature", "id": "foss-wd-Q34843217", "geometry": {"type": "Point", "coordinates": [12.39651, 64.38764]}, "properties": {"name": "Lurufossen", "source": "Wikidata", "wikidata_id": "Q34843217"}}, {"type": "Feature", "id": "foss-wd-Q34843232", "geometry": {"type": "Point", "coordinates": [8.8358, 59.44058]}, "properties": {"name": "Lusefoss", "source": "Wikidata", "wikidata_id": "Q34843232"}}, {"type": "Feature", "id": "foss-wd-Q34843247", "geometry": {"type": "Point", "coordinates": [11.44229, 62.90536]}, "properties": {"name": "Luskamfossen", "source": "Wikidata", "wikidata_id": "Q34843247"}}, {"type": "Feature", "id": "foss-wd-Q34843264", "geometry": {"type": "Point", "coordinates": [7.09748, 58.56367]}, "properties": {"name": "Lyngnefossen", "source": "Wikidata", "wikidata_id": "Q34843264"}}, {"type": "Feature", "id": "foss-wd-Q34843281", "geometry": {"type": "Point", "coordinates": [8.78191, 58.83079]}, "properties": {"name": "Lyngvassfossen", "source": "Wikidata", "wikidata_id": "Q34843281"}}, {"type": "Feature", "id": "foss-wd-Q34843297", "geometry": {"type": "Point", "coordinates": [9.84883, 61.70007]}, "properties": {"name": "Lysfallet", "source": "Wikidata", "wikidata_id": "Q34843297"}}, {"type": "Feature", "id": "foss-wd-Q34843313", "geometry": {"type": "Point", "coordinates": [9.95427, 61.67052]}, "properties": {"name": "Lysfallet", "source": "Wikidata", "wikidata_id": "Q34843313"}}, {"type": "Feature", "id": "foss-wd-Q34843328", "geometry": {"type": "Point", "coordinates": [13.81169, 66.8786]}, "properties": {"name": "Lysvassfossen", "source": "Wikidata", "wikidata_id": "Q34843328"}}, {"type": "Feature", "id": "foss-wd-Q34843345", "geometry": {"type": "Point", "coordinates": [5.27131, 60.86176]}, "properties": {"name": "Lågefossen", "source": "Wikidata", "wikidata_id": "Q34843345"}}, {"type": "Feature", "id": "foss-wd-Q34843377", "geometry": {"type": "Point", "coordinates": [8.94242, 63.34463]}, "properties": {"name": "Lægdfossen", "source": "Wikidata", "wikidata_id": "Q34843377"}}, {"type": "Feature", "id": "foss-wd-Q34843390", "geometry": {"type": "Point", "coordinates": [7.24629, 60.50541]}, "properties": {"name": "Løfallfossen", "source": "Wikidata", "wikidata_id": "Q34843390"}}, {"type": "Feature", "id": "foss-wd-Q34843405", "geometry": {"type": "Point", "coordinates": [12.78457, 64.46808]}, "properties": {"name": "Løftarn", "source": "Wikidata", "wikidata_id": "Q34843405"}}, {"type": "Feature", "id": "foss-wd-Q34843421", "geometry": {"type": "Point", "coordinates": [9.01149, 59.52429]}, "properties": {"name": "Løkjinfossen", "source": "Wikidata", "wikidata_id": "Q34843421"}}, {"type": "Feature", "id": "foss-wd-Q34843434", "geometry": {"type": "Point", "coordinates": [5.53994, 61.02651]}, "properties": {"name": "Lønningefossen", "source": "Wikidata", "wikidata_id": "Q34843434"}}, {"type": "Feature", "id": "foss-wd-Q34843451", "geometry": {"type": "Point", "coordinates": [15.46519, 66.71215]}, "properties": {"name": "Lønsforsen", "source": "Wikidata", "wikidata_id": "Q34843451"}}, {"type": "Feature", "id": "foss-wd-Q34843483", "geometry": {"type": "Point", "coordinates": [14.64726, 66.81153]}, "properties": {"name": "Magdajokkforsen", "source": "Wikidata", "wikidata_id": "Q34843483"}}, {"type": "Feature", "id": "foss-wd-Q34843499", "geometry": {"type": "Point", "coordinates": [10.61746, 62.36485]}, "properties": {"name": "Magnillfossen", "source": "Wikidata", "wikidata_id": "Q34843499"}}, {"type": "Feature", "id": "foss-wd-Q34843530", "geometry": {"type": "Point", "coordinates": [7.77323, 58.20724]}, "properties": {"name": "Mandalsfossen", "source": "Wikidata", "wikidata_id": "Q34843530"}}, {"type": "Feature", "id": "foss-wd-Q34843547", "geometry": {"type": "Point", "coordinates": [14.12076, 66.94089]}, "properties": {"name": "Mangladforsen", "source": "Wikidata", "wikidata_id": "Q34843547"}}, {"type": "Feature", "id": "foss-wd-Q34843562", "geometry": {"type": "Point", "coordinates": [12.3304, 65.38176]}, "properties": {"name": "Manndreperfossen", "source": "Wikidata", "wikidata_id": "Q34843562"}}, {"type": "Feature", "id": "foss-wd-Q34843576", "geometry": {"type": "Point", "coordinates": [12.14333, 64.25679]}, "properties": {"name": "Mannholet", "source": "Wikidata", "wikidata_id": "Q34843576"}}, {"type": "Feature", "id": "foss-wd-Q34843592", "geometry": {"type": "Point", "coordinates": [24.6494, 69.36874]}, "properties": {"name": "Mantalguoika", "source": "Wikidata", "wikidata_id": "Q34843592"}}, {"type": "Feature", "id": "foss-wd-Q34843608", "geometry": {"type": "Point", "coordinates": [13.18163, 65.90252]}, "properties": {"name": "Marforsen", "source": "Wikidata", "wikidata_id": "Q34843608"}}, {"type": "Feature", "id": "foss-wd-Q34843623", "geometry": {"type": "Point", "coordinates": [12.48348, 65.04753]}, "properties": {"name": "Marfossen", "source": "Wikidata", "wikidata_id": "Q34843623"}}, {"type": "Feature", "id": "foss-wd-Q34843639", "geometry": {"type": "Point", "coordinates": [10.50869, 64.29614]}, "properties": {"name": "Marfossen", "source": "Wikidata", "wikidata_id": "Q34843639"}}, {"type": "Feature", "id": "foss-wd-Q34843655", "geometry": {"type": "Point", "coordinates": [11.79243, 64.08082]}, "properties": {"name": "Margaretfossen", "source": "Wikidata", "wikidata_id": "Q34843655"}}, {"type": "Feature", "id": "foss-wd-Q34843668", "geometry": {"type": "Point", "coordinates": [20.39976, 69.30107]}, "properties": {"name": "Margretefossen", "source": "Wikidata", "wikidata_id": "Q34843668"}}, {"type": "Feature", "id": "foss-wd-Q34843684", "geometry": {"type": "Point", "coordinates": [7.61035, 61.02647]}, "properties": {"name": "Maristovfossen", "source": "Wikidata", "wikidata_id": "Q34843684"}}, {"type": "Feature", "id": "foss-wd-Q34843699", "geometry": {"type": "Point", "coordinates": [5.64878, 61.42681]}, "properties": {"name": "Markafossen", "source": "Wikidata", "wikidata_id": "Q34843699"}}, {"type": "Feature", "id": "foss-wd-Q34843722", "geometry": {"type": "Point", "coordinates": [5.87622, 61.25124]}, "properties": {"name": "Markesetfossen", "source": "Wikidata", "wikidata_id": "Q34843722"}}, {"type": "Feature", "id": "foss-wd-Q34843735", "geometry": {"type": "Point", "coordinates": [5.56544, 60.37546]}, "properties": {"name": "Markskilfossen", "source": "Wikidata", "wikidata_id": "Q34843735"}}, {"type": "Feature", "id": "foss-wd-Q34843749", "geometry": {"type": "Point", "coordinates": [18.19213, 68.65757]}, "properties": {"name": "Martafossen", "source": "Wikidata", "wikidata_id": "Q34843749"}}, {"type": "Feature", "id": "foss-wd-Q34843769", "geometry": {"type": "Point", "coordinates": [13.81106, 66.06491]}, "properties": {"name": "Matiasforsen", "source": "Wikidata", "wikidata_id": "Q34843769"}}, {"type": "Feature", "id": "foss-wd-Q34843798", "geometry": {"type": "Point", "coordinates": [23.03135, 69.91772]}, "properties": {"name": "Mattisfossen", "source": "Wikidata", "wikidata_id": "Q34843798"}}, {"type": "Feature", "id": "foss-wd-Q34843872", "geometry": {"type": "Point", "coordinates": [7.14618, 58.57912]}, "properties": {"name": "Med fossan", "source": "Wikidata", "wikidata_id": "Q34843872"}}, {"type": "Feature", "id": "foss-wd-Q34843887", "geometry": {"type": "Point", "coordinates": [12.85796, 65.45373]}, "properties": {"name": "Medheiforsen", "source": "Wikidata", "wikidata_id": "Q34843887"}}, {"type": "Feature", "id": "foss-wd-Q34843904", "geometry": {"type": "Point", "coordinates": [14.33718, 66.34641]}, "properties": {"name": "Meforsen", "source": "Wikidata", "wikidata_id": "Q34843904"}}, {"type": "Feature", "id": "foss-wd-Q34843918", "geometry": {"type": "Point", "coordinates": [11.09624, 64.40877]}, "properties": {"name": "Mefossen", "source": "Wikidata", "wikidata_id": "Q34843918"}}, {"type": "Feature", "id": "foss-wd-Q34843966", "geometry": {"type": "Point", "coordinates": [10.54682, 64.15716]}, "properties": {"name": "Melafossen", "source": "Wikidata", "wikidata_id": "Q34843966"}}, {"type": "Feature", "id": "foss-wd-Q34843983", "geometry": {"type": "Point", "coordinates": [7.33908, 58.12533]}, "properties": {"name": "Melhusfossen", "source": "Wikidata", "wikidata_id": "Q34843983"}}, {"type": "Feature", "id": "foss-wd-Q34843998", "geometry": {"type": "Point", "coordinates": [19.293, 69.05925]}, "properties": {"name": "Melkelvfossan", "source": "Wikidata", "wikidata_id": "Q34843998"}}, {"type": "Feature", "id": "foss-wd-Q34844013", "geometry": {"type": "Point", "coordinates": [18.85587, 69.26212]}, "properties": {"name": "Mellaelvfossen", "source": "Wikidata", "wikidata_id": "Q34844013"}}, {"type": "Feature", "id": "foss-wd-Q34844029", "geometry": {"type": "Point", "coordinates": [19.15061, 69.28526]}, "properties": {"name": "Mellaelvfossen", "source": "Wikidata", "wikidata_id": "Q34844029"}}, {"type": "Feature", "id": "foss-wd-Q34844044", "geometry": {"type": "Point", "coordinates": [18.80227, 69.26409]}, "properties": {"name": "Mellafossen", "source": "Wikidata", "wikidata_id": "Q34844044"}}, {"type": "Feature", "id": "foss-wd-Q34844060", "geometry": {"type": "Point", "coordinates": [22.07294, 69.92397]}, "properties": {"name": "Mellafossen", "source": "Wikidata", "wikidata_id": "Q34844060"}}, {"type": "Feature", "id": "foss-wd-Q34844076", "geometry": {"type": "Point", "coordinates": [20.31371, 69.63092]}, "properties": {"name": "Mellafossen", "source": "Wikidata", "wikidata_id": "Q34844076"}}, {"type": "Feature", "id": "foss-wd-Q34844092", "geometry": {"type": "Point", "coordinates": [18.09087, 68.85485]}, "properties": {"name": "Mellafossen", "source": "Wikidata", "wikidata_id": "Q34844092"}}, {"type": "Feature", "id": "foss-wd-Q34844107", "geometry": {"type": "Point", "coordinates": [13.25868, 65.01378]}, "properties": {"name": "Mellingfossen", "source": "Wikidata", "wikidata_id": "Q34844107"}}, {"type": "Feature", "id": "foss-wd-Q34844123", "geometry": {"type": "Point", "coordinates": [15.80444, 67.44685]}, "properties": {"name": "Melloforsen", "source": "Wikidata", "wikidata_id": "Q34844123"}}, {"type": "Feature", "id": "foss-wd-Q34844157", "geometry": {"type": "Point", "coordinates": [6.43006, 60.67404]}, "properties": {"name": "Melsfossen", "source": "Wikidata", "wikidata_id": "Q34844157"}}, {"type": "Feature", "id": "foss-wd-Q34844174", "geometry": {"type": "Point", "coordinates": [8.89513, 63.25221]}, "properties": {"name": "Melslættfossen", "source": "Wikidata", "wikidata_id": "Q34844174"}}, {"type": "Feature", "id": "foss-wd-Q34844189", "geometry": {"type": "Point", "coordinates": [12.80834, 65.02469]}, "properties": {"name": "Mensfossen", "source": "Wikidata", "wikidata_id": "Q34844189"}}, {"type": "Feature", "id": "foss-wd-Q34844203", "geometry": {"type": "Point", "coordinates": [13.38191, 64.54571]}, "properties": {"name": "Merkesfossen", "source": "Wikidata", "wikidata_id": "Q34844203"}}, {"type": "Feature", "id": "foss-wd-Q34844219", "geometry": {"type": "Point", "coordinates": [13.41681, 65.63873]}, "properties": {"name": "Merraforsen", "source": "Wikidata", "wikidata_id": "Q34844219"}}, {"type": "Feature", "id": "foss-wd-Q34844250", "geometry": {"type": "Point", "coordinates": [12.43259, 60.36653]}, "properties": {"name": "Merraskjulfossen", "source": "Wikidata", "wikidata_id": "Q34844250"}}, {"type": "Feature", "id": "foss-wd-Q34844265", "geometry": {"type": "Point", "coordinates": [14.64976, 66.35639]}, "properties": {"name": "Merravadforsen", "source": "Wikidata", "wikidata_id": "Q34844265"}}, {"type": "Feature", "id": "foss-wd-Q34844280", "geometry": {"type": "Point", "coordinates": [11.04692, 61.45733]}, "properties": {"name": "Messeltfossen", "source": "Wikidata", "wikidata_id": "Q34844280"}}, {"type": "Feature", "id": "foss-wd-Q34844312", "geometry": {"type": "Point", "coordinates": [13.50429, 65.79402]}, "properties": {"name": "Middagsforsen", "source": "Wikidata", "wikidata_id": "Q34844312"}}, {"type": "Feature", "id": "foss-wd-Q34844326", "geometry": {"type": "Point", "coordinates": [11.60516, 64.2716]}, "properties": {"name": "Middagsfossen", "source": "Wikidata", "wikidata_id": "Q34844326"}}, {"type": "Feature", "id": "foss-wd-Q34844340", "geometry": {"type": "Point", "coordinates": [18.00089, 68.84204]}, "properties": {"name": "Middagsfossen", "source": "Wikidata", "wikidata_id": "Q34844340"}}, {"type": "Feature", "id": "foss-wd-Q34844357", "geometry": {"type": "Point", "coordinates": [7.21005, 60.9381]}, "properties": {"name": "Midtfossen", "source": "Wikidata", "wikidata_id": "Q34844357"}}, {"type": "Feature", "id": "foss-wd-Q34844373", "geometry": {"type": "Point", "coordinates": [13.87914, 64.106]}, "properties": {"name": "Midtifallet", "source": "Wikidata", "wikidata_id": "Q34844373"}}, {"type": "Feature", "id": "foss-wd-Q34844388", "geometry": {"type": "Point", "coordinates": [7.97431, 61.41656]}, "properties": {"name": "Midtmaradalsfossen", "source": "Wikidata", "wikidata_id": "Q34844388"}}, {"type": "Feature", "id": "foss-wd-Q34844404", "geometry": {"type": "Point", "coordinates": [12.59945, 65.03571]}, "properties": {"name": "Midtre Trofoss", "source": "Wikidata", "wikidata_id": "Q34844404"}}, {"type": "Feature", "id": "foss-wd-Q34844419", "geometry": {"type": "Point", "coordinates": [8.72064, 59.14892]}, "properties": {"name": "Midtstølfossen", "source": "Wikidata", "wikidata_id": "Q34844419"}}, {"type": "Feature", "id": "foss-wd-Q34844436", "geometry": {"type": "Point", "coordinates": [6.75307, 61.35964]}, "properties": {"name": "Migandefossen", "source": "Wikidata", "wikidata_id": "Q34844436"}}, {"type": "Feature", "id": "foss-wd-Q34844451", "geometry": {"type": "Point", "coordinates": [6.23888, 58.75232]}, "properties": {"name": "Migaren", "source": "Wikidata", "wikidata_id": "Q34844451"}}, {"type": "Feature", "id": "foss-wd-Q34844467", "geometry": {"type": "Point", "coordinates": [5.83686, 58.73471]}, "properties": {"name": "Migaren", "source": "Wikidata", "wikidata_id": "Q34844467"}}, {"type": "Feature", "id": "foss-wd-Q34844482", "geometry": {"type": "Point", "coordinates": [7.1312, 58.52001]}, "properties": {"name": "Mikarfossen", "source": "Wikidata", "wikidata_id": "Q34844482"}}, {"type": "Feature", "id": "foss-wd-Q34844498", "geometry": {"type": "Point", "coordinates": [14.00323, 65.47473]}, "properties": {"name": "Mikkeljordforsen", "source": "Wikidata", "wikidata_id": "Q34844498"}}, {"type": "Feature", "id": "foss-wd-Q34844529", "geometry": {"type": "Point", "coordinates": [10.74428, 60.29917]}, "properties": {"name": "Minnestufossen", "source": "Wikidata", "wikidata_id": "Q34844529"}}, {"type": "Feature", "id": "foss-wd-Q34844544", "geometry": {"type": "Point", "coordinates": [7.04332, 62.60811]}, "properties": {"name": "Misfjordfossen", "source": "Wikidata", "wikidata_id": "Q34844544"}}, {"type": "Feature", "id": "foss-wd-Q34844560", "geometry": {"type": "Point", "coordinates": [7.86469, 59.05615]}, "properties": {"name": "Mjåvassfossen", "source": "Wikidata", "wikidata_id": "Q34844560"}}, {"type": "Feature", "id": "foss-wd-Q34844573", "geometry": {"type": "Point", "coordinates": [8.73965, 58.87881]}, "properties": {"name": "Mjåvassfossen", "source": "Wikidata", "wikidata_id": "Q34844573"}}, {"type": "Feature", "id": "foss-wd-Q34844589", "geometry": {"type": "Point", "coordinates": [8.66118, 59.02475]}, "properties": {"name": "Mjåvassfossen", "source": "Wikidata", "wikidata_id": "Q34844589"}}, {"type": "Feature", "id": "foss-wd-Q34844603", "geometry": {"type": "Point", "coordinates": [6.5502, 62.13256]}, "properties": {"name": "Mjølfossen", "source": "Wikidata", "wikidata_id": "Q34844603"}}, {"type": "Feature", "id": "foss-wd-Q34844620", "geometry": {"type": "Point", "coordinates": [13.91474, 65.58466]}, "properties": {"name": "Mjølkarliforsen", "source": "Wikidata", "wikidata_id": "Q34844620"}}, {"type": "Feature", "id": "foss-wd-Q34844634", "geometry": {"type": "Point", "coordinates": [12.13608, 60.27449]}, "properties": {"name": "Mjølnerudfallet", "source": "Wikidata", "wikidata_id": "Q34844634"}}, {"type": "Feature", "id": "foss-wd-Q34844649", "geometry": {"type": "Point", "coordinates": [11.22307, 60.04285]}, "properties": {"name": "Mjønerudfossen", "source": "Wikidata", "wikidata_id": "Q34844649"}}, {"type": "Feature", "id": "foss-wd-Q34844664", "geometry": {"type": "Point", "coordinates": [11.51289, 60.50489]}, "properties": {"name": "Mjøvassfossen", "source": "Wikidata", "wikidata_id": "Q34844664"}}, {"type": "Feature", "id": "foss-wd-Q34844678", "geometry": {"type": "Point", "coordinates": [10.15341, 59.28699]}, "properties": {"name": "Moafossane", "source": "Wikidata", "wikidata_id": "Q34844678"}}, {"type": "Feature", "id": "foss-wd-Q34844692", "geometry": {"type": "Point", "coordinates": [6.22525, 62.18638]}, "properties": {"name": "Moafossen", "source": "Wikidata", "wikidata_id": "Q34844692"}}, {"type": "Feature", "id": "foss-wd-Q34844707", "geometry": {"type": "Point", "coordinates": [11.92971, 63.97688]}, "properties": {"name": "Moafossen", "source": "Wikidata", "wikidata_id": "Q34844707"}}, {"type": "Feature", "id": "foss-wd-Q34844723", "geometry": {"type": "Point", "coordinates": [18.25073, 68.83723]}, "properties": {"name": "Moanfossen", "source": "Wikidata", "wikidata_id": "Q34844723"}}, {"type": "Feature", "id": "foss-wd-Q34844739", "geometry": {"type": "Point", "coordinates": [10.63776, 64.2403]}, "properties": {"name": "Moengfossen", "source": "Wikidata", "wikidata_id": "Q34844739"}}, {"type": "Feature", "id": "foss-wd-Q34680160", "geometry": {"type": "Point", "coordinates": [19.70241, 69.18776]}, "properties": {"name": "Smørpundfossen", "source": "Wikidata", "wikidata_id": "Q34680160"}}, {"type": "Feature", "id": "foss-wd-Q34680167", "geometry": {"type": "Point", "coordinates": [18.02551, 68.89717]}, "properties": {"name": "Snagfossen", "source": "Wikidata", "wikidata_id": "Q34680167"}}, {"type": "Feature", "id": "foss-wd-Q34680174", "geometry": {"type": "Point", "coordinates": [11.86554, 63.97187]}, "properties": {"name": "Sneifossen", "source": "Wikidata", "wikidata_id": "Q34680174"}}, {"type": "Feature", "id": "foss-wd-Q34680181", "geometry": {"type": "Point", "coordinates": [12.18666, 64.02516]}, "properties": {"name": "Sneifossen", "source": "Wikidata", "wikidata_id": "Q34680181"}}, {"type": "Feature", "id": "foss-wd-Q34680188", "geometry": {"type": "Point", "coordinates": [15.04137, 67.03805]}, "properties": {"name": "Snelifossen", "source": "Wikidata", "wikidata_id": "Q34680188"}}, {"type": "Feature", "id": "foss-wd-Q34680196", "geometry": {"type": "Point", "coordinates": [7.56559, 61.04302]}, "properties": {"name": "Sniglafossen", "source": "Wikidata", "wikidata_id": "Q34680196"}}, {"type": "Feature", "id": "foss-wd-Q34680206", "geometry": {"type": "Point", "coordinates": [9.26309, 60.29371]}, "properties": {"name": "Snårfossen", "source": "Wikidata", "wikidata_id": "Q34680206"}}, {"type": "Feature", "id": "foss-wd-Q34680226", "geometry": {"type": "Point", "coordinates": [9.84048, 61.58067]}, "properties": {"name": "Solbråfossen", "source": "Wikidata", "wikidata_id": "Q34680226"}}, {"type": "Feature", "id": "foss-wd-Q34680248", "geometry": {"type": "Point", "coordinates": [5.93918, 62.06325]}, "properties": {"name": "Sollifossen", "source": "Wikidata", "wikidata_id": "Q34680248"}}, {"type": "Feature", "id": "foss-wd-Q34680254", "geometry": {"type": "Point", "coordinates": [5.82666, 61.5233]}, "properties": {"name": "Sollifossen", "source": "Wikidata", "wikidata_id": "Q34680254"}}, {"type": "Feature", "id": "foss-wd-Q34680271", "geometry": {"type": "Point", "coordinates": [13.09899, 66.08317]}, "properties": {"name": "Sommarsetforsen", "source": "Wikidata", "wikidata_id": "Q34680271"}}, {"type": "Feature", "id": "foss-wd-Q34680280", "geometry": {"type": "Point", "coordinates": [17.72264, 68.86631]}, "properties": {"name": "Sommarsetforsen", "source": "Wikidata", "wikidata_id": "Q34680280"}}, {"type": "Feature", "id": "foss-wd-Q34681170", "geometry": {"type": "Point", "coordinates": [10.32948, 63.72115]}, "properties": {"name": "Trollfossen", "source": "Wikidata", "wikidata_id": "Q34681170"}}, {"type": "Feature", "id": "foss-wd-Q34681175", "geometry": {"type": "Point", "coordinates": [18.74178, 69.2716]}, "properties": {"name": "Trollfossen", "source": "Wikidata", "wikidata_id": "Q34681175"}}, {"type": "Feature", "id": "foss-wd-Q34681191", "geometry": {"type": "Point", "coordinates": [6.59439, 61.94019]}, "properties": {"name": "Trollhammarfossen", "source": "Wikidata", "wikidata_id": "Q34681191"}}, {"type": "Feature", "id": "foss-wd-Q34681212", "geometry": {"type": "Point", "coordinates": [9.59066, 62.53228]}, "properties": {"name": "Trondfossen", "source": "Wikidata", "wikidata_id": "Q34681212"}}, {"type": "Feature", "id": "foss-wd-Q34681218", "geometry": {"type": "Point", "coordinates": [12.85016, 64.7364]}, "properties": {"name": "Tronesfossen", "source": "Wikidata", "wikidata_id": "Q34681218"}}, {"type": "Feature", "id": "foss-wd-Q34681226", "geometry": {"type": "Point", "coordinates": [6.10514, 61.60532]}, "properties": {"name": "Trongefossen", "source": "Wikidata", "wikidata_id": "Q34681226"}}, {"type": "Feature", "id": "foss-wd-Q34681234", "geometry": {"type": "Point", "coordinates": [14.42672, 65.45173]}, "properties": {"name": "Trongelvforsen", "source": "Wikidata", "wikidata_id": "Q34681234"}}, {"type": "Feature", "id": "foss-wd-Q34681241", "geometry": {"type": "Point", "coordinates": [13.51836, 66.10824]}, "properties": {"name": "Trongforsen", "source": "Wikidata", "wikidata_id": "Q34681241"}}, {"type": "Feature", "id": "foss-wd-Q34681249", "geometry": {"type": "Point", "coordinates": [12.85787, 64.75672]}, "properties": {"name": "Trongfossen", "source": "Wikidata", "wikidata_id": "Q34681249"}}, {"type": "Feature", "id": "foss-wd-Q34681257", "geometry": {"type": "Point", "coordinates": [15.72074, 67.60965]}, "properties": {"name": "Trongfossen", "source": "Wikidata", "wikidata_id": "Q34681257"}}, {"type": "Feature", "id": "foss-wd-Q34681274", "geometry": {"type": "Point", "coordinates": [11.66834, 63.0379]}, "properties": {"name": "Trongfossen", "source": "Wikidata", "wikidata_id": "Q34681274"}}, {"type": "Feature", "id": "foss-wd-Q34681282", "geometry": {"type": "Point", "coordinates": [10.50856, 63.94958]}, "properties": {"name": "Trongstadlifossen", "source": "Wikidata", "wikidata_id": "Q34681282"}}, {"type": "Feature", "id": "foss-wd-Q34681290", "geometry": {"type": "Point", "coordinates": [6.88838, 60.38184]}, "properties": {"name": "Tryglafoss", "source": "Wikidata", "wikidata_id": "Q34681290"}}, {"type": "Feature", "id": "foss-wd-Q34681299", "geometry": {"type": "Point", "coordinates": [9.17894, 61.69908]}, "properties": {"name": "Tråsåfossen,nedre", "source": "Wikidata", "wikidata_id": "Q34681299"}}, {"type": "Feature", "id": "foss-wd-Q34681307", "geometry": {"type": "Point", "coordinates": [9.03588, 61.6683]}, "properties": {"name": "Tråsåfossen,øvre", "source": "Wikidata", "wikidata_id": "Q34681307"}}, {"type": "Feature", "id": "foss-wd-Q34681323", "geometry": {"type": "Point", "coordinates": [7.88055, 62.94118]}, "properties": {"name": "Trøa", "source": "Wikidata", "wikidata_id": "Q34681323"}}, {"type": "Feature", "id": "foss-wd-Q34681341", "geometry": {"type": "Point", "coordinates": [14.35687, 65.46101]}, "properties": {"name": "Trøforsen", "source": "Wikidata", "wikidata_id": "Q34681341"}}, {"type": "Feature", "id": "foss-wd-Q34681358", "geometry": {"type": "Point", "coordinates": [12.09391, 60.50124]}, "properties": {"name": "Tuerfossen", "source": "Wikidata", "wikidata_id": "Q34681358"}}, {"type": "Feature", "id": "foss-wd-Q34681381", "geometry": {"type": "Point", "coordinates": [5.57151, 60.41822]}, "properties": {"name": "Tungefossen", "source": "Wikidata", "wikidata_id": "Q34681381"}}, {"type": "Feature", "id": "foss-wd-Q34681389", "geometry": {"type": "Point", "coordinates": [6.10075, 61.93525]}, "properties": {"name": "Tungefossen", "source": "Wikidata", "wikidata_id": "Q34681389"}}, {"type": "Feature", "id": "foss-wd-Q34681408", "geometry": {"type": "Point", "coordinates": [10.60401, 62.36267]}, "properties": {"name": "Tunnfossen", "source": "Wikidata", "wikidata_id": "Q34681408"}}, {"type": "Feature", "id": "foss-wd-Q34681416", "geometry": {"type": "Point", "coordinates": [11.79279, 63.39671]}, "properties": {"name": "Turifoss", "source": "Wikidata", "wikidata_id": "Q34681416"}}, {"type": "Feature", "id": "foss-wd-Q34681438", "geometry": {"type": "Point", "coordinates": [7.47094, 62.87407]}, "properties": {"name": "Tussfossen", "source": "Wikidata", "wikidata_id": "Q34681438"}}, {"type": "Feature", "id": "foss-wd-Q34681447", "geometry": {"type": "Point", "coordinates": [6.75991, 60.35018]}, "properties": {"name": "Tveitafossen", "source": "Wikidata", "wikidata_id": "Q34681447"}}, {"type": "Feature", "id": "foss-wd-Q34681479", "geometry": {"type": "Point", "coordinates": [5.35169, 61.11122]}, "properties": {"name": "Tveitfossen", "source": "Wikidata", "wikidata_id": "Q34681479"}}, {"type": "Feature", "id": "foss-wd-Q34681488", "geometry": {"type": "Point", "coordinates": [6.72993, 61.44782]}, "properties": {"name": "Tverrdalsfossen", "source": "Wikidata", "wikidata_id": "Q34681488"}}, {"type": "Feature", "id": "foss-wd-Q34681497", "geometry": {"type": "Point", "coordinates": [7.52364, 62.73252]}, "properties": {"name": "Tverrelvfossen", "source": "Wikidata", "wikidata_id": "Q34681497"}}, {"type": "Feature", "id": "foss-wd-Q34681506", "geometry": {"type": "Point", "coordinates": [11.14446, 64.13445]}, "properties": {"name": "Tverrelvfossen", "source": "Wikidata", "wikidata_id": "Q34681506"}}, {"type": "Feature", "id": "foss-wd-Q34681516", "geometry": {"type": "Point", "coordinates": [15.15066, 67.15442]}, "properties": {"name": "Tverrelvfossen", "source": "Wikidata", "wikidata_id": "Q34681516"}}, {"type": "Feature", "id": "foss-wd-Q34681525", "geometry": {"type": "Point", "coordinates": [7.27968, 61.89379]}, "properties": {"name": "Tverrelvfossen", "source": "Wikidata", "wikidata_id": "Q34681525"}}, {"type": "Feature", "id": "foss-wd-Q34681532", "geometry": {"type": "Point", "coordinates": [18.78068, 69.26474]}, "properties": {"name": "Tverrelvfossen", "source": "Wikidata", "wikidata_id": "Q34681532"}}, {"type": "Feature", "id": "foss-wd-Q34681540", "geometry": {"type": "Point", "coordinates": [19.75898, 68.96975]}, "properties": {"name": "Tverrelvfossen", "source": "Wikidata", "wikidata_id": "Q34681540"}}, {"type": "Feature", "id": "foss-wd-Q34681549", "geometry": {"type": "Point", "coordinates": [18.91814, 69.10515]}, "properties": {"name": "Tverrelvfossen", "source": "Wikidata", "wikidata_id": "Q34681549"}}, {"type": "Feature", "id": "foss-wd-Q34761010", "geometry": {"type": "Point", "coordinates": [13.46461, 66.19057]}, "properties": {"name": "Trollforsen", "source": "Wikidata", "wikidata_id": "Q34761010"}}, {"type": "Feature", "id": "foss-wd-Q34761015", "geometry": {"type": "Point", "coordinates": [12.89958, 66.08083]}, "properties": {"name": "Trollforsen", "source": "Wikidata", "wikidata_id": "Q34761015"}}, {"type": "Feature", "id": "foss-wd-Q34761022", "geometry": {"type": "Point", "coordinates": [15.89465, 67.4539]}, "properties": {"name": "Trollforsen", "source": "Wikidata", "wikidata_id": "Q34761022"}}, {"type": "Feature", "id": "foss-wd-Q34761045", "geometry": {"type": "Point", "coordinates": [6.45088, 62.43357]}, "properties": {"name": "Trollfossen", "source": "Wikidata", "wikidata_id": "Q34761045"}}, {"type": "Feature", "id": "foss-wd-Q34761051", "geometry": {"type": "Point", "coordinates": [12.20385, 64.01432]}, "properties": {"name": "Trollfossen", "source": "Wikidata", "wikidata_id": "Q34761051"}}, {"type": "Feature", "id": "foss-wd-Q34761054", "geometry": {"type": "Point", "coordinates": [12.02916, 63.66215]}, "properties": {"name": "Trollfossen", "source": "Wikidata", "wikidata_id": "Q34761054"}}, {"type": "Feature", "id": "foss-wd-Q34761059", "geometry": {"type": "Point", "coordinates": [6.34711, 61.85744]}, "properties": {"name": "Trollfossen", "source": "Wikidata", "wikidata_id": "Q34761059"}}, {"type": "Feature", "id": "foss-wd-Q34761064", "geometry": {"type": "Point", "coordinates": [14.90637, 66.84022]}, "properties": {"name": "Vargforsen", "source": "Wikidata", "wikidata_id": "Q34761064"}}, {"type": "Feature", "id": "foss-wd-Q34761073", "geometry": {"type": "Point", "coordinates": [6.17642, 62.26499]}, "properties": {"name": "Vassdalfossen", "source": "Wikidata", "wikidata_id": "Q34761073"}}, {"type": "Feature", "id": "foss-wd-Q34761093", "geometry": {"type": "Point", "coordinates": [13.09569, 66.08278]}, "properties": {"name": "Vatnforsen", "source": "Wikidata", "wikidata_id": "Q34761093"}}, {"type": "Feature", "id": "foss-wd-Q34761098", "geometry": {"type": "Point", "coordinates": [9.28664, 63.05323]}, "properties": {"name": "Vaulstoen", "source": "Wikidata", "wikidata_id": "Q34761098"}}, {"type": "Feature", "id": "foss-wd-Q34761120", "geometry": {"type": "Point", "coordinates": [8.43095, 59.73242]}, "properties": {"name": "Veggebufoss", "source": "Wikidata", "wikidata_id": "Q34761120"}}, {"type": "Feature", "id": "foss-wd-Q34761131", "geometry": {"type": "Point", "coordinates": [26.26923, 70.57677]}, "properties": {"name": "Veidnesfossen", "source": "Wikidata", "wikidata_id": "Q34761131"}}, {"type": "Feature", "id": "foss-wd-Q34761136", "geometry": {"type": "Point", "coordinates": [15.98884, 67.34172]}, "properties": {"name": "Veiskiforsen", "source": "Wikidata", "wikidata_id": "Q34761136"}}, {"type": "Feature", "id": "foss-wd-Q34761141", "geometry": {"type": "Point", "coordinates": [10.44457, 60.3007]}, "properties": {"name": "Velofoss", "source": "Wikidata", "wikidata_id": "Q34761141"}}, {"type": "Feature", "id": "foss-wd-Q34761146", "geometry": {"type": "Point", "coordinates": [13.02349, 66.14696]}, "properties": {"name": "Velsvågforsen", "source": "Wikidata", "wikidata_id": "Q34761146"}}, {"type": "Feature", "id": "foss-wd-Q34761150", "geometry": {"type": "Point", "coordinates": [12.63378, 61.17967]}, "properties": {"name": "Veltfossen", "source": "Wikidata", "wikidata_id": "Q34761150"}}, {"type": "Feature", "id": "foss-wd-Q34761157", "geometry": {"type": "Point", "coordinates": [12.27904, 60.64319]}, "properties": {"name": "Veltfossen", "source": "Wikidata", "wikidata_id": "Q34761157"}}, {"type": "Feature", "id": "foss-wd-Q34761162", "geometry": {"type": "Point", "coordinates": [11.18917, 60.29724]}, "properties": {"name": "Venjarfossen", "source": "Wikidata", "wikidata_id": "Q34761162"}}, {"type": "Feature", "id": "foss-wd-Q34761168", "geometry": {"type": "Point", "coordinates": [14.3141, 66.30476]}, "properties": {"name": "Veppforsen", "source": "Wikidata", "wikidata_id": "Q34761168"}}, {"type": "Feature", "id": "foss-wd-Q34761172", "geometry": {"type": "Point", "coordinates": [6.76544, 60.57338]}, "properties": {"name": "Verafossen", "source": "Wikidata", "wikidata_id": "Q34761172"}}, {"type": "Feature", "id": "foss-wd-Q34761177", "geometry": {"type": "Point", "coordinates": [6.89161, 60.57804]}, "properties": {"name": "Verafossen", "source": "Wikidata", "wikidata_id": "Q34761177"}}, {"type": "Feature", "id": "foss-wd-Q34761187", "geometry": {"type": "Point", "coordinates": [5.84839, 60.38782]}, "properties": {"name": "Verkafossen", "source": "Wikidata", "wikidata_id": "Q34761187"}}, {"type": "Feature", "id": "foss-wd-Q34761192", "geometry": {"type": "Point", "coordinates": [10.98039, 60.20236]}, "properties": {"name": "Verkensfossen", "source": "Wikidata", "wikidata_id": "Q34761192"}}, {"type": "Feature", "id": "foss-wd-Q34761196", "geometry": {"type": "Point", "coordinates": [12.33594, 64.37094]}, "properties": {"name": "Verkesfossen", "source": "Wikidata", "wikidata_id": "Q34761196"}}, {"type": "Feature", "id": "foss-wd-Q34761201", "geometry": {"type": "Point", "coordinates": [8.82658, 60.67926]}, "properties": {"name": "Vermefoss", "source": "Wikidata", "wikidata_id": "Q34761201"}}, {"type": "Feature", "id": "foss-wd-Q34761206", "geometry": {"type": "Point", "coordinates": [8.9243, 61.17435]}, "properties": {"name": "Verpandsfossen", "source": "Wikidata", "wikidata_id": "Q34761206"}}, {"type": "Feature", "id": "foss-wd-Q34761212", "geometry": {"type": "Point", "coordinates": [10.99507, 60.41695]}, "properties": {"name": "Vesleelvfossen", "source": "Wikidata", "wikidata_id": "Q34761212"}}, {"type": "Feature", "id": "foss-wd-Q34761218", "geometry": {"type": "Point", "coordinates": [10.7508, 61.73592]}, "properties": {"name": "Veslefallet", "source": "Wikidata", "wikidata_id": "Q34761218"}}, {"type": "Feature", "id": "foss-wd-Q34761227", "geometry": {"type": "Point", "coordinates": [8.9725, 61.2455]}, "properties": {"name": "Veslefoss", "source": "Wikidata", "wikidata_id": "Q34761227"}}, {"type": "Feature", "id": "foss-wd-Q34761232", "geometry": {"type": "Point", "coordinates": [11.53118, 60.39368]}, "properties": {"name": "Veslefossen", "source": "Wikidata", "wikidata_id": "Q34761232"}}, {"type": "Feature", "id": "foss-wd-Q34761237", "geometry": {"type": "Point", "coordinates": [11.63085, 60.53572]}, "properties": {"name": "Veslefossen", "source": "Wikidata", "wikidata_id": "Q34761237"}}, {"type": "Feature", "id": "foss-wd-Q34761243", "geometry": {"type": "Point", "coordinates": [5.84307, 61.07081]}, "properties": {"name": "Veslefossen", "source": "Wikidata", "wikidata_id": "Q34761243"}}, {"type": "Feature", "id": "foss-wd-Q34761248", "geometry": {"type": "Point", "coordinates": [6.91743, 61.92705]}, "properties": {"name": "Veslefossen", "source": "Wikidata", "wikidata_id": "Q34761248"}}, {"type": "Feature", "id": "foss-wd-Q34761259", "geometry": {"type": "Point", "coordinates": [12.05017, 61.02012]}, "properties": {"name": "Veslestyggfossen", "source": "Wikidata", "wikidata_id": "Q34761259"}}, {"type": "Feature", "id": "foss-wd-Q34761264", "geometry": {"type": "Point", "coordinates": [12.17776, 61.3558]}, "properties": {"name": "Veslfallet", "source": "Wikidata", "wikidata_id": "Q34761264"}}, {"type": "Feature", "id": "foss-wd-Q34761268", "geometry": {"type": "Point", "coordinates": [9.98235, 61.08385]}, "properties": {"name": "Veslfossen", "source": "Wikidata", "wikidata_id": "Q34761268"}}, {"type": "Feature", "id": "foss-wd-Q34761273", "geometry": {"type": "Point", "coordinates": [18.17018, 68.83306]}, "properties": {"name": "Veslfossen", "source": "Wikidata", "wikidata_id": "Q34761273"}}, {"type": "Feature", "id": "foss-wd-Q34761279", "geometry": {"type": "Point", "coordinates": [18.44167, 68.99748]}, "properties": {"name": "Veslfossen", "source": "Wikidata", "wikidata_id": "Q34761279"}}, {"type": "Feature", "id": "foss-wd-Q34761289", "geometry": {"type": "Point", "coordinates": [11.88285, 64.42437]}, "properties": {"name": "Vesteråfossen", "source": "Wikidata", "wikidata_id": "Q34761289"}}, {"type": "Feature", "id": "foss-wd-Q34761300", "geometry": {"type": "Point", "coordinates": [7.64799, 61.5811]}, "properties": {"name": "Vetlafossa", "source": "Wikidata", "wikidata_id": "Q34761300"}}, {"type": "Feature", "id": "foss-wd-Q34761305", "geometry": {"type": "Point", "coordinates": [6.86184, 60.87399]}, "properties": {"name": "Vetle Kjelfoss", "source": "Wikidata", "wikidata_id": "Q34761305"}}, {"type": "Feature", "id": "foss-wd-Q34761310", "geometry": {"type": "Point", "coordinates": [6.81093, 60.85565]}, "properties": {"name": "Vetlefossen", "source": "Wikidata", "wikidata_id": "Q34761310"}}, {"type": "Feature", "id": "foss-wd-Q34761316", "geometry": {"type": "Point", "coordinates": [5.82138, 61.18527]}, "properties": {"name": "Vetlefossen", "source": "Wikidata", "wikidata_id": "Q34761316"}}, {"type": "Feature", "id": "foss-wd-Q34761322", "geometry": {"type": "Point", "coordinates": [6.09794, 61.22338]}, "properties": {"name": "Vetleskredfossen", "source": "Wikidata", "wikidata_id": "Q34761322"}}, {"type": "Feature", "id": "foss-wd-Q34761328", "geometry": {"type": "Point", "coordinates": [6.24166, 60.56338]}, "properties": {"name": "Vetlevalsfossen", "source": "Wikidata", "wikidata_id": "Q34761328"}}, {"type": "Feature", "id": "foss-wd-Q34761333", "geometry": {"type": "Point", "coordinates": [10.48434, 61.44842]}, "properties": {"name": "Vetåfallet", "source": "Wikidata", "wikidata_id": "Q34761333"}}, {"type": "Feature", "id": "foss-wd-Q34761357", "geometry": {"type": "Point", "coordinates": [9.72498, 61.6144]}, "properties": {"name": "Vikafossen", "source": "Wikidata", "wikidata_id": "Q34761357"}}, {"type": "Feature", "id": "foss-wd-Q34761362", "geometry": {"type": "Point", "coordinates": [11.26062, 60.6188]}, "properties": {"name": "Viksfossen", "source": "Wikidata", "wikidata_id": "Q34761362"}}, {"type": "Feature", "id": "foss-wd-Q34761369", "geometry": {"type": "Point", "coordinates": [11.70936, 61.82244]}, "properties": {"name": "Viksæterfossen", "source": "Wikidata", "wikidata_id": "Q34761369"}}, {"type": "Feature", "id": "foss-wd-Q34761384", "geometry": {"type": "Point", "coordinates": [7.31473, 61.09706]}, "properties": {"name": "Vindedalsfossen", "source": "Wikidata", "wikidata_id": "Q34761384"}}, {"type": "Feature", "id": "foss-wd-Q34761396", "geometry": {"type": "Point", "coordinates": [6.69976, 60.81636]}, "properties": {"name": "Vinelvfossen", "source": "Wikidata", "wikidata_id": "Q34761396"}}, {"type": "Feature", "id": "foss-wd-Q34761402", "geometry": {"type": "Point", "coordinates": [12.19326, 64.02707]}, "properties": {"name": "Vinkelfossen", "source": "Wikidata", "wikidata_id": "Q34761402"}}, {"type": "Feature", "id": "foss-wd-Q34761407", "geometry": {"type": "Point", "coordinates": [10.13841, 61.54626]}, "properties": {"name": "Vinkelfossen", "source": "Wikidata", "wikidata_id": "Q34761407"}}, {"type": "Feature", "id": "foss-wd-Q34761411", "geometry": {"type": "Point", "coordinates": [10.69528, 63.24369]}, "properties": {"name": "Vinkelfossen", "source": "Wikidata", "wikidata_id": "Q34761411"}}, {"type": "Feature", "id": "foss-wd-Q34761419", "geometry": {"type": "Point", "coordinates": [9.36202, 61.46605]}, "properties": {"name": "Vinsterfossen", "source": "Wikidata", "wikidata_id": "Q34761419"}}, {"type": "Feature", "id": "foss-wd-Q34761425", "geometry": {"type": "Point", "coordinates": [23.73208, 69.5642]}, "properties": {"name": "Virdneguoika", "source": "Wikidata", "wikidata_id": "Q34761425"}}, {"type": "Feature", "id": "foss-wd-Q34761429", "geometry": {"type": "Point", "coordinates": [20.79181, 70.03368]}, "properties": {"name": "Vittnesfossen", "source": "Wikidata", "wikidata_id": "Q34761429"}}, {"type": "Feature", "id": "foss-wd-Q34761678", "geometry": {"type": "Point", "coordinates": [6.80718, 61.66058]}, "properties": {"name": "Volefossen", "source": "Wikidata", "wikidata_id": "Q34761678"}}, {"type": "Feature", "id": "foss-wd-Q34761716", "geometry": {"type": "Point", "coordinates": [13.92411, 65.59206]}, "properties": {"name": "Vriomforsen", "source": "Wikidata", "wikidata_id": "Q34761716"}}, {"type": "Feature", "id": "foss-wd-Q34761728", "geometry": {"type": "Point", "coordinates": [16.62452, 68.03536]}, "properties": {"name": "Vuodogårttje", "source": "Wikidata", "wikidata_id": "Q34761728"}}, {"type": "Feature", "id": "foss-wd-Q34761732", "geometry": {"type": "Point", "coordinates": [28.04148, 70.41809]}, "properties": {"name": "Vuotnagorŋi", "source": "Wikidata", "wikidata_id": "Q34761732"}}, {"type": "Feature", "id": "foss-wd-Q34761737", "geometry": {"type": "Point", "coordinates": [24.8804, 69.96305]}, "properties": {"name": "Vuottagorŋi", "source": "Wikidata", "wikidata_id": "Q34761737"}}, {"type": "Feature", "id": "foss-wd-Q34761748", "geometry": {"type": "Point", "coordinates": [12.34283, 64.23173]}, "properties": {"name": "Vågsfossen", "source": "Wikidata", "wikidata_id": "Q34761748"}}, {"type": "Feature", "id": "foss-wd-Q34761758", "geometry": {"type": "Point", "coordinates": [11.54259, 63.06465]}, "properties": {"name": "Vælafallet", "source": "Wikidata", "wikidata_id": "Q34761758"}}, {"type": "Feature", "id": "foss-wd-Q34831918", "geometry": {"type": "Point", "coordinates": [8.41551, 59.69489]}, "properties": {"name": "Agnilhaugfossen", "source": "Wikidata", "wikidata_id": "Q34831918"}}, {"type": "Feature", "id": "foss-wd-Q34832064", "geometry": {"type": "Point", "coordinates": [24.15248, 70.29678]}, "properties": {"name": "Aisargårzi", "source": "Wikidata", "wikidata_id": "Q34832064"}}, {"type": "Feature", "id": "foss-wd-Q34832079", "geometry": {"type": "Point", "coordinates": [24.28898, 69.45538]}, "properties": {"name": "Ajutluobbalguoika", "source": "Wikidata", "wikidata_id": "Q34832079"}}, {"type": "Feature", "id": "foss-wd-Q34832126", "geometry": {"type": "Point", "coordinates": [13.41617, 65.6214]}, "properties": {"name": "Almdalsforsen", "source": "Wikidata", "wikidata_id": "Q34832126"}}, {"type": "Feature", "id": "foss-wd-Q34832160", "geometry": {"type": "Point", "coordinates": [16.56714, 67.78941]}, "properties": {"name": "Amasvákkegorŋi", "source": "Wikidata", "wikidata_id": "Q34832160"}}, {"type": "Feature", "id": "foss-wd-Q34832175", "geometry": {"type": "Point", "coordinates": [10.28653, 62.97131]}, "properties": {"name": "Amdalfossen", "source": "Wikidata", "wikidata_id": "Q34832175"}}, {"type": "Feature", "id": "foss-wd-Q34832193", "geometry": {"type": "Point", "coordinates": [15.37958, 66.94569]}, "properties": {"name": "Andersfossen", "source": "Wikidata", "wikidata_id": "Q34832193"}}, {"type": "Feature", "id": "foss-wd-Q34832208", "geometry": {"type": "Point", "coordinates": [11.27152, 61.54948]}, "properties": {"name": "Andfallet", "source": "Wikidata", "wikidata_id": "Q34832208"}}, {"type": "Feature", "id": "foss-wd-Q34844754", "geometry": {"type": "Point", "coordinates": [7.63641, 58.51372]}, "properties": {"name": "Molandsfossen", "source": "Wikidata", "wikidata_id": "Q34844754"}}, {"type": "Feature", "id": "foss-wd-Q34844801", "geometry": {"type": "Point", "coordinates": [7.55873, 61.44651]}, "properties": {"name": "Mordølefossen", "source": "Wikidata", "wikidata_id": "Q34844801"}}, {"type": "Feature", "id": "foss-wd-Q34844817", "geometry": {"type": "Point", "coordinates": [9.99844, 63.17984]}, "properties": {"name": "Morfossen", "source": "Wikidata", "wikidata_id": "Q34844817"}}, {"type": "Feature", "id": "foss-wd-Q34844835", "geometry": {"type": "Point", "coordinates": [9.7647, 61.58479]}, "properties": {"name": "Morkafossen", "source": "Wikidata", "wikidata_id": "Q34844835"}}, {"type": "Feature", "id": "foss-wd-Q34844851", "geometry": {"type": "Point", "coordinates": [8.3569, 59.8204]}, "properties": {"name": "Morkfossen", "source": "Wikidata", "wikidata_id": "Q34844851"}}, {"type": "Feature", "id": "foss-wd-Q34844865", "geometry": {"type": "Point", "coordinates": [12.68029, 64.54615]}, "properties": {"name": "Mortenfossen", "source": "Wikidata", "wikidata_id": "Q34844865"}}, {"type": "Feature", "id": "foss-wd-Q34844879", "geometry": {"type": "Point", "coordinates": [9.83171, 63.35976]}, "properties": {"name": "Mosfossen", "source": "Wikidata", "wikidata_id": "Q34844879"}}, {"type": "Feature", "id": "foss-wd-Q34844893", "geometry": {"type": "Point", "coordinates": [9.01115, 59.71735]}, "properties": {"name": "Mosryggfossen", "source": "Wikidata", "wikidata_id": "Q34844893"}}, {"type": "Feature", "id": "foss-wd-Q34844907", "geometry": {"type": "Point", "coordinates": [12.52022, 60.3511]}, "properties": {"name": "Mottifossen", "source": "Wikidata", "wikidata_id": "Q34844907"}}, {"type": "Feature", "id": "foss-wd-Q34844922", "geometry": {"type": "Point", "coordinates": [23.75906, 70.1881]}, "properties": {"name": "Movnnagorsa", "source": "Wikidata", "wikidata_id": "Q34844922"}}, {"type": "Feature", "id": "foss-wd-Q34844937", "geometry": {"type": "Point", "coordinates": [10.74072, 59.54584]}, "properties": {"name": "Muggestadfossen", "source": "Wikidata", "wikidata_id": "Q34844937"}}, {"type": "Feature", "id": "foss-wd-Q34844979", "geometry": {"type": "Point", "coordinates": [12.54448, 64.39865]}, "properties": {"name": "Murfossen", "source": "Wikidata", "wikidata_id": "Q34844979"}}, {"type": "Feature", "id": "foss-wd-Q34845012", "geometry": {"type": "Point", "coordinates": [10.15058, 61.64155]}, "properties": {"name": "Myfallet", "source": "Wikidata", "wikidata_id": "Q34845012"}}, {"type": "Feature", "id": "foss-wd-Q34845026", "geometry": {"type": "Point", "coordinates": [7.57108, 58.45811]}, "properties": {"name": "Myglefossen", "source": "Wikidata", "wikidata_id": "Q34845026"}}, {"type": "Feature", "id": "foss-wd-Q34845041", "geometry": {"type": "Point", "coordinates": [9.15043, 60.04666]}, "properties": {"name": "Mykstufoss", "source": "Wikidata", "wikidata_id": "Q34845041"}}, {"type": "Feature", "id": "foss-wd-Q34845056", "geometry": {"type": "Point", "coordinates": [5.68405, 61.94982]}, "properties": {"name": "Myrafossen", "source": "Wikidata", "wikidata_id": "Q34845056"}}, {"type": "Feature", "id": "foss-wd-Q34845072", "geometry": {"type": "Point", "coordinates": [5.77277, 61.6718]}, "properties": {"name": "Myraftefossen", "source": "Wikidata", "wikidata_id": "Q34845072"}}, {"type": "Feature", "id": "foss-wd-Q34845086", "geometry": {"type": "Point", "coordinates": [10.94068, 60.10681]}, "properties": {"name": "Myrgruvefossen", "source": "Wikidata", "wikidata_id": "Q34845086"}}, {"type": "Feature", "id": "foss-wd-Q34845100", "geometry": {"type": "Point", "coordinates": [18.28147, 68.84386]}, "properties": {"name": "Myrlandfossen", "source": "Wikidata", "wikidata_id": "Q34845100"}}, {"type": "Feature", "id": "foss-wd-Q34845115", "geometry": {"type": "Point", "coordinates": [7.43301, 59.24126]}, "properties": {"name": "Myrstøylsfossen", "source": "Wikidata", "wikidata_id": "Q34845115"}}, {"type": "Feature", "id": "foss-wd-Q34845174", "geometry": {"type": "Point", "coordinates": [18.66671, 69.17565]}, "properties": {"name": "Mårelvfossen", "source": "Wikidata", "wikidata_id": "Q34845174"}}, {"type": "Feature", "id": "foss-wd-Q34845189", "geometry": {"type": "Point", "coordinates": [17.4124, 68.80318]}, "properties": {"name": "Mølleforsen", "source": "Wikidata", "wikidata_id": "Q34845189"}}, {"type": "Feature", "id": "foss-wd-Q34845205", "geometry": {"type": "Point", "coordinates": [15.32545, 67.40642]}, "properties": {"name": "Møllefossen", "source": "Wikidata", "wikidata_id": "Q34845205"}}, {"type": "Feature", "id": "foss-wd-Q34845220", "geometry": {"type": "Point", "coordinates": [17.73393, 69.05506]}, "properties": {"name": "Mølnefossen", "source": "Wikidata", "wikidata_id": "Q34845220"}}, {"type": "Feature", "id": "foss-wd-Q34845233", "geometry": {"type": "Point", "coordinates": [17.87531, 69.12721]}, "properties": {"name": "Mølnefossen", "source": "Wikidata", "wikidata_id": "Q34845233"}}, {"type": "Feature", "id": "foss-wd-Q34845249", "geometry": {"type": "Point", "coordinates": [15.27782, 67.34601]}, "properties": {"name": "Mølnforsen", "source": "Wikidata", "wikidata_id": "Q34845249"}}, {"type": "Feature", "id": "foss-wd-Q34845268", "geometry": {"type": "Point", "coordinates": [16.41256, 68.45442]}, "properties": {"name": "Mølnforsen", "source": "Wikidata", "wikidata_id": "Q34845268"}}, {"type": "Feature", "id": "foss-wd-Q34845282", "geometry": {"type": "Point", "coordinates": [12.68775, 65.25516]}, "properties": {"name": "Mølnfossen", "source": "Wikidata", "wikidata_id": "Q34845282"}}, {"type": "Feature", "id": "foss-wd-Q34845297", "geometry": {"type": "Point", "coordinates": [17.0106, 68.53806]}, "properties": {"name": "Mølnfossen", "source": "Wikidata", "wikidata_id": "Q34845297"}}, {"type": "Feature", "id": "foss-wd-Q34845313", "geometry": {"type": "Point", "coordinates": [15.39204, 67.40769]}, "properties": {"name": "Mølnfossen", "source": "Wikidata", "wikidata_id": "Q34845313"}}, {"type": "Feature", "id": "foss-wd-Q34845326", "geometry": {"type": "Point", "coordinates": [15.5859, 67.46739]}, "properties": {"name": "Mølnfossen", "source": "Wikidata", "wikidata_id": "Q34845326"}}, {"type": "Feature", "id": "foss-wd-Q34845343", "geometry": {"type": "Point", "coordinates": [15.72057, 67.59817]}, "properties": {"name": "Mølnfossen", "source": "Wikidata", "wikidata_id": "Q34845343"}}, {"type": "Feature", "id": "foss-wd-Q34845357", "geometry": {"type": "Point", "coordinates": [18.87979, 69.26197]}, "properties": {"name": "Mølnfossen", "source": "Wikidata", "wikidata_id": "Q34845357"}}, {"type": "Feature", "id": "foss-wd-Q34845371", "geometry": {"type": "Point", "coordinates": [17.92434, 69.01484]}, "properties": {"name": "Mølnfossen", "source": "Wikidata", "wikidata_id": "Q34845371"}}, {"type": "Feature", "id": "foss-wd-Q34845387", "geometry": {"type": "Point", "coordinates": [13.45956, 65.45072]}, "properties": {"name": "Mølnhusforsen", "source": "Wikidata", "wikidata_id": "Q34845387"}}, {"type": "Feature", "id": "foss-wd-Q34845403", "geometry": {"type": "Point", "coordinates": [14.12569, 66.27412]}, "properties": {"name": "Mølnhusforsen", "source": "Wikidata", "wikidata_id": "Q34845403"}}, {"type": "Feature", "id": "foss-wd-Q34845428", "geometry": {"type": "Point", "coordinates": [13.53015, 65.84591]}, "properties": {"name": "Mølnhusforsen", "source": "Wikidata", "wikidata_id": "Q34845428"}}, {"type": "Feature", "id": "foss-wd-Q34845444", "geometry": {"type": "Point", "coordinates": [12.82568, 65.60072]}, "properties": {"name": "Mølnhusforsen", "source": "Wikidata", "wikidata_id": "Q34845444"}}, {"type": "Feature", "id": "foss-wd-Q34845460", "geometry": {"type": "Point", "coordinates": [12.76556, 66.06688]}, "properties": {"name": "Mølnhusfossen", "source": "Wikidata", "wikidata_id": "Q34845460"}}, {"type": "Feature", "id": "foss-wd-Q34845474", "geometry": {"type": "Point", "coordinates": [11.1674, 64.2865]}, "properties": {"name": "Mølnåfossen", "source": "Wikidata", "wikidata_id": "Q34845474"}}, {"type": "Feature", "id": "foss-wd-Q34845489", "geometry": {"type": "Point", "coordinates": [11.22252, 59.66036]}, "properties": {"name": "Mørkfoss", "source": "Wikidata", "wikidata_id": "Q34845489"}}, {"type": "Feature", "id": "foss-wd-Q34845505", "geometry": {"type": "Point", "coordinates": [11.62152, 59.63111]}, "properties": {"name": "Mørresfossen", "source": "Wikidata", "wikidata_id": "Q34845505"}}, {"type": "Feature", "id": "foss-wd-Q34845537", "geometry": {"type": "Point", "coordinates": [15.00643, 66.48913]}, "properties": {"name": "Nabbforsen", "source": "Wikidata", "wikidata_id": "Q34845537"}}, {"type": "Feature", "id": "foss-wd-Q34847168", "geometry": {"type": "Point", "coordinates": [11.88031, 64.18666]}, "properties": {"name": "Nastadfossen", "source": "Wikidata", "wikidata_id": "Q34847168"}}, {"type": "Feature", "id": "foss-wd-Q34847184", "geometry": {"type": "Point", "coordinates": [5.72027, 61.51652]}, "properties": {"name": "Naustdalsfossen", "source": "Wikidata", "wikidata_id": "Q34847184"}}, {"type": "Feature", "id": "foss-wd-Q34847205", "geometry": {"type": "Point", "coordinates": [11.59822, 59.61891]}, "properties": {"name": "Nautebrofoss", "source": "Wikidata", "wikidata_id": "Q34847205"}}, {"type": "Feature", "id": "foss-wd-Q34847221", "geometry": {"type": "Point", "coordinates": [8.86318, 58.97259]}, "properties": {"name": "Navassfossen", "source": "Wikidata", "wikidata_id": "Q34847221"}}, {"type": "Feature", "id": "foss-wd-Q34847233", "geometry": {"type": "Point", "coordinates": [12.43359, 64.24329]}, "properties": {"name": "Navlusfossen", "source": "Wikidata", "wikidata_id": "Q34847233"}}, {"type": "Feature", "id": "foss-wd-Q34847248", "geometry": {"type": "Point", "coordinates": [19.60198, 68.83135]}, "properties": {"name": "Nedre Divifossen", "source": "Wikidata", "wikidata_id": "Q34847248"}}, {"type": "Feature", "id": "foss-wd-Q34847262", "geometry": {"type": "Point", "coordinates": [9.92148, 61.59365]}, "properties": {"name": "Nedre Fallet", "source": "Wikidata", "wikidata_id": "Q34847262"}}, {"type": "Feature", "id": "foss-wd-Q34847276", "geometry": {"type": "Point", "coordinates": [10.08324, 62.08525]}, "properties": {"name": "Nedre Fallfossen", "source": "Wikidata", "wikidata_id": "Q34847276"}}, {"type": "Feature", "id": "foss-wd-Q34847291", "geometry": {"type": "Point", "coordinates": [5.44471, 61.23388]}, "properties": {"name": "Nedre Fossen", "source": "Wikidata", "wikidata_id": "Q34847291"}}, {"type": "Feature", "id": "foss-wd-Q34847304", "geometry": {"type": "Point", "coordinates": [7.39885, 58.42327]}, "properties": {"name": "Nedre Fossen", "source": "Wikidata", "wikidata_id": "Q34847304"}}, {"type": "Feature", "id": "foss-wd-Q34847320", "geometry": {"type": "Point", "coordinates": [10.24092, 60.48874]}, "properties": {"name": "Nedre Frysihjelfossen", "source": "Wikidata", "wikidata_id": "Q34847320"}}, {"type": "Feature", "id": "foss-wd-Q34847335", "geometry": {"type": "Point", "coordinates": [10.34945, 60.50428]}, "properties": {"name": "Nedre Hoppet", "source": "Wikidata", "wikidata_id": "Q34847335"}}, {"type": "Feature", "id": "foss-wd-Q34847351", "geometry": {"type": "Point", "coordinates": [11.7045, 63.85138]}, "properties": {"name": "Nedre Markafossen", "source": "Wikidata", "wikidata_id": "Q34847351"}}, {"type": "Feature", "id": "foss-wd-Q34847366", "geometry": {"type": "Point", "coordinates": [8.25886, 61.67622]}, "properties": {"name": "Nedre Storgrovfossen", "source": "Wikidata", "wikidata_id": "Q34847366"}}, {"type": "Feature", "id": "foss-wd-Q34847380", "geometry": {"type": "Point", "coordinates": [9.77563, 61.34372]}, "properties": {"name": "Nedre Surtfossen", "source": "Wikidata", "wikidata_id": "Q34847380"}}, {"type": "Feature", "id": "foss-wd-Q34847391", "geometry": {"type": "Point", "coordinates": [12.59562, 65.03445]}, "properties": {"name": "Nedre Trofoss", "source": "Wikidata", "wikidata_id": "Q34847391"}}, {"type": "Feature", "id": "foss-wd-Q34847407", "geometry": {"type": "Point", "coordinates": [12.31386, 60.78139]}, "properties": {"name": "Nedre-Flisfallet", "source": "Wikidata", "wikidata_id": "Q34847407"}}, {"type": "Feature", "id": "foss-wd-Q34847421", "geometry": {"type": "Point", "coordinates": [7.95061, 59.45181]}, "properties": {"name": "Nedrebøfossen", "source": "Wikidata", "wikidata_id": "Q34847421"}}, {"type": "Feature", "id": "foss-wd-Q34847435", "geometry": {"type": "Point", "coordinates": [13.14709, 65.64741]}, "properties": {"name": "Nedreforsen", "source": "Wikidata", "wikidata_id": "Q34847435"}}, {"type": "Feature", "id": "foss-wd-Q34847449", "geometry": {"type": "Point", "coordinates": [9.08336, 61.12086]}, "properties": {"name": "Nedreføss", "source": "Wikidata", "wikidata_id": "Q34847449"}}, {"type": "Feature", "id": "foss-wd-Q34847462", "geometry": {"type": "Point", "coordinates": [5.70331, 60.84934]}, "properties": {"name": "Nedste Godbotsfossen", "source": "Wikidata", "wikidata_id": "Q34847462"}}, {"type": "Feature", "id": "foss-wd-Q34847487", "geometry": {"type": "Point", "coordinates": [11.07219, 62.06495]}, "properties": {"name": "Nekfallet", "source": "Wikidata", "wikidata_id": "Q34847487"}}, {"type": "Feature", "id": "foss-wd-Q34847503", "geometry": {"type": "Point", "coordinates": [8.61981, 58.66123]}, "properties": {"name": "Nelaugfossen", "source": "Wikidata", "wikidata_id": "Q34847503"}}, {"type": "Feature", "id": "foss-wd-Q34847515", "geometry": {"type": "Point", "coordinates": [12.01712, 64.01628]}, "properties": {"name": "Ner-Dompen", "source": "Wikidata", "wikidata_id": "Q34847515"}}, {"type": "Feature", "id": "foss-wd-Q34847531", "geometry": {"type": "Point", "coordinates": [14.91869, 66.92679]}, "properties": {"name": "Nerforsen", "source": "Wikidata", "wikidata_id": "Q34847531"}}, {"type": "Feature", "id": "foss-wd-Q34847544", "geometry": {"type": "Point", "coordinates": [15.78471, 68.57029]}, "properties": {"name": "Nerfossen", "source": "Wikidata", "wikidata_id": "Q34847544"}}, {"type": "Feature", "id": "foss-wd-Q34847557", "geometry": {"type": "Point", "coordinates": [18.02159, 68.88561]}, "properties": {"name": "Nerfossen", "source": "Wikidata", "wikidata_id": "Q34847557"}}, {"type": "Feature", "id": "foss-wd-Q34847569", "geometry": {"type": "Point", "coordinates": [18.27844, 69.19402]}, "properties": {"name": "Nerfossen", "source": "Wikidata", "wikidata_id": "Q34847569"}}, {"type": "Feature", "id": "foss-wd-Q34847584", "geometry": {"type": "Point", "coordinates": [7.44031, 58.48927]}, "properties": {"name": "Nesefossen", "source": "Wikidata", "wikidata_id": "Q34847584"}}, {"type": "Feature", "id": "foss-wd-Q34847598", "geometry": {"type": "Point", "coordinates": [11.20611, 60.30572]}, "properties": {"name": "Nesfossen", "source": "Wikidata", "wikidata_id": "Q34847598"}}, {"type": "Feature", "id": "foss-wd-Q34847611", "geometry": {"type": "Point", "coordinates": [5.99774, 61.60247]}, "properties": {"name": "Nesfossen", "source": "Wikidata", "wikidata_id": "Q34847611"}}, {"type": "Feature", "id": "foss-wd-Q34847626", "geometry": {"type": "Point", "coordinates": [10.91372, 59.4498]}, "properties": {"name": "Nesfossen", "source": "Wikidata", "wikidata_id": "Q34847626"}}, {"type": "Feature", "id": "foss-wd-Q34847639", "geometry": {"type": "Point", "coordinates": [11.81565, 64.12823]}, "properties": {"name": "Nesjefossen", "source": "Wikidata", "wikidata_id": "Q34847639"}}, {"type": "Feature", "id": "foss-wd-Q34847657", "geometry": {"type": "Point", "coordinates": [6.46585, 61.30006]}, "properties": {"name": "Nestefossen", "source": "Wikidata", "wikidata_id": "Q34847657"}}, {"type": "Feature", "id": "foss-wd-Q34847685", "geometry": {"type": "Point", "coordinates": [18.80089, 69.10952]}, "properties": {"name": "Nestefossen", "source": "Wikidata", "wikidata_id": "Q34847685"}}, {"type": "Feature", "id": "foss-wd-Q34847701", "geometry": {"type": "Point", "coordinates": [7.29186, 59.38118]}, "properties": {"name": "Nettefossen", "source": "Wikidata", "wikidata_id": "Q34847701"}}, {"type": "Feature", "id": "foss-wd-Q34847717", "geometry": {"type": "Point", "coordinates": [10.84351, 63.35533]}, "properties": {"name": "Neverholet", "source": "Wikidata", "wikidata_id": "Q34847717"}}, {"type": "Feature", "id": "foss-wd-Q34847731", "geometry": {"type": "Point", "coordinates": [7.85178, 58.70474]}, "properties": {"name": "Nevesfossen", "source": "Wikidata", "wikidata_id": "Q34847731"}}, {"type": "Feature", "id": "foss-wd-Q34847856", "geometry": {"type": "Point", "coordinates": [17.85987, 68.90184]}, "properties": {"name": "Nikkefossen", "source": "Wikidata", "wikidata_id": "Q34847856"}}, {"type": "Feature", "id": "foss-wd-Q34847870", "geometry": {"type": "Point", "coordinates": [27.40865, 70.59645]}, "properties": {"name": "Nikkulaigårŋi", "source": "Wikidata", "wikidata_id": "Q34847870"}}, {"type": "Feature", "id": "foss-wd-Q34847884", "geometry": {"type": "Point", "coordinates": [13.4718, 65.64538]}, "properties": {"name": "Nils-Klemsoforsen", "source": "Wikidata", "wikidata_id": "Q34847884"}}, {"type": "Feature", "id": "foss-wd-Q34847901", "geometry": {"type": "Point", "coordinates": [5.38624, 60.23778]}, "properties": {"name": "Nilsafossen", "source": "Wikidata", "wikidata_id": "Q34847901"}}, {"type": "Feature", "id": "foss-wd-Q34847916", "geometry": {"type": "Point", "coordinates": [16.74369, 68.3801]}, "properties": {"name": "Nilsheimforsen", "source": "Wikidata", "wikidata_id": "Q34847916"}}, {"type": "Feature", "id": "foss-wd-Q34847931", "geometry": {"type": "Point", "coordinates": [8.36401, 59.44907]}, "properties": {"name": "Nilshylfossen", "source": "Wikidata", "wikidata_id": "Q34847931"}}, {"type": "Feature", "id": "foss-wd-Q34847948", "geometry": {"type": "Point", "coordinates": [13.51464, 65.83146]}, "properties": {"name": "Nilsmoforsen", "source": "Wikidata", "wikidata_id": "Q34847948"}}, {"type": "Feature", "id": "foss-wd-Q34847963", "geometry": {"type": "Point", "coordinates": [5.62538, 60.78685]}, "properties": {"name": "Nipefossen", "source": "Wikidata", "wikidata_id": "Q34847963"}}, {"type": "Feature", "id": "foss-wd-Q34847979", "geometry": {"type": "Point", "coordinates": [16.53838, 67.80101]}, "properties": {"name": "Njallajohkgorŋi", "source": "Wikidata", "wikidata_id": "Q34847979"}}, {"type": "Feature", "id": "foss-wd-Q34848011", "geometry": {"type": "Point", "coordinates": [24.97334, 69.93518]}, "properties": {"name": "Njuorjugårŋi", "source": "Wikidata", "wikidata_id": "Q34848011"}}, {"type": "Feature", "id": "foss-wd-Q34848025", "geometry": {"type": "Point", "coordinates": [24.45508, 70.12204]}, "properties": {"name": "Njáhkágorŋi", "source": "Wikidata", "wikidata_id": "Q34848025"}}, {"type": "Feature", "id": "foss-wd-Q34848039", "geometry": {"type": "Point", "coordinates": [22.90377, 69.9896]}, "properties": {"name": "Nonskarfossen", "source": "Wikidata", "wikidata_id": "Q34848039"}}, {"type": "Feature", "id": "foss-wd-Q34848054", "geometry": {"type": "Point", "coordinates": [5.4467, 61.94451]}, "properties": {"name": "Norafossen", "source": "Wikidata", "wikidata_id": "Q34848054"}}, {"type": "Feature", "id": "foss-wd-Q34848069", "geometry": {"type": "Point", "coordinates": [13.47728, 64.55749]}, "properties": {"name": "Nordalfossen", "source": "Wikidata", "wikidata_id": "Q34848069"}}, {"type": "Feature", "id": "foss-wd-Q34848083", "geometry": {"type": "Point", "coordinates": [18.85444, 69.35153]}, "properties": {"name": "Nordbyelvfossen", "source": "Wikidata", "wikidata_id": "Q34848083"}}, {"type": "Feature", "id": "foss-wd-Q34848098", "geometry": {"type": "Point", "coordinates": [7.4151, 60.91344]}, "properties": {"name": "Norddalfossen", "source": "Wikidata", "wikidata_id": "Q34848098"}}, {"type": "Feature", "id": "foss-wd-Q34848113", "geometry": {"type": "Point", "coordinates": [10.22888, 62.89818]}, "properties": {"name": "Nordløkkjfossen", "source": "Wikidata", "wikidata_id": "Q34848113"}}, {"type": "Feature", "id": "foss-wd-Q34832224", "geometry": {"type": "Point", "coordinates": [11.85511, 63.97232]}, "properties": {"name": "Andfinnfossen", "source": "Wikidata", "wikidata_id": "Q34832224"}}, {"type": "Feature", "id": "foss-wd-Q34832241", "geometry": {"type": "Point", "coordinates": [29.31218, 70.13652]}, "properties": {"name": "Andrefossen", "source": "Wikidata", "wikidata_id": "Q34832241"}}, {"type": "Feature", "id": "foss-wd-Q34832257", "geometry": {"type": "Point", "coordinates": [10.15626, 60.41142]}, "properties": {"name": "Angerfoss", "source": "Wikidata", "wikidata_id": "Q34832257"}}, {"type": "Feature", "id": "foss-wd-Q34832273", "geometry": {"type": "Point", "coordinates": [17.71444, 68.97483]}, "properties": {"name": "Anne Finnstøforsen", "source": "Wikidata", "wikidata_id": "Q34832273"}}, {"type": "Feature", "id": "foss-wd-Q34832289", "geometry": {"type": "Point", "coordinates": [14.10212, 66.23927]}, "properties": {"name": "Aranforsen", "source": "Wikidata", "wikidata_id": "Q34832289"}}, {"type": "Feature", "id": "foss-wd-Q34832303", "geometry": {"type": "Point", "coordinates": [14.54659, 67.01555]}, "properties": {"name": "Arstadforsen", "source": "Wikidata", "wikidata_id": "Q34832303"}}, {"type": "Feature", "id": "foss-wd-Q34832337", "geometry": {"type": "Point", "coordinates": [8.2868, 58.87139]}, "properties": {"name": "Asgjærdsnesfossane", "source": "Wikidata", "wikidata_id": "Q34832337"}}, {"type": "Feature", "id": "foss-wd-Q34832351", "geometry": {"type": "Point", "coordinates": [8.28401, 58.86718]}, "properties": {"name": "Askelandsfossane", "source": "Wikidata", "wikidata_id": "Q34832351"}}, {"type": "Feature", "id": "foss-wd-Q34832369", "geometry": {"type": "Point", "coordinates": [14.33711, 65.4623]}, "properties": {"name": "Aspnesforsen", "source": "Wikidata", "wikidata_id": "Q34832369"}}, {"type": "Feature", "id": "foss-wd-Q34832402", "geometry": {"type": "Point", "coordinates": [9.40725, 59.5418]}, "properties": {"name": "Astridåfossen", "source": "Wikidata", "wikidata_id": "Q34832402"}}, {"type": "Feature", "id": "foss-wd-Q34832418", "geometry": {"type": "Point", "coordinates": [10.23481, 61.85041]}, "properties": {"name": "Atnfossen", "source": "Wikidata", "wikidata_id": "Q34832418"}}, {"type": "Feature", "id": "foss-wd-Q34832446", "geometry": {"type": "Point", "coordinates": [11.52084, 64.31045]}, "properties": {"name": "Aunfossen", "source": "Wikidata", "wikidata_id": "Q34832446"}}, {"type": "Feature", "id": "foss-wd-Q34832461", "geometry": {"type": "Point", "coordinates": [12.33771, 65.37792]}, "properties": {"name": "Aunfossen", "source": "Wikidata", "wikidata_id": "Q34832461"}}, {"type": "Feature", "id": "foss-wd-Q34832478", "geometry": {"type": "Point", "coordinates": [9.77181, 63.27554]}, "properties": {"name": "Aunfossen", "source": "Wikidata", "wikidata_id": "Q34832478"}}, {"type": "Feature", "id": "foss-wd-Q34832494", "geometry": {"type": "Point", "coordinates": [12.62823, 64.2904]}, "properties": {"name": "Aunsanfossen", "source": "Wikidata", "wikidata_id": "Q34832494"}}, {"type": "Feature", "id": "foss-wd-Q34832511", "geometry": {"type": "Point", "coordinates": [9.72729, 60.54414]}, "properties": {"name": "Aurdalsfossa", "source": "Wikidata", "wikidata_id": "Q34832511"}}, {"type": "Feature", "id": "foss-wd-Q34832529", "geometry": {"type": "Point", "coordinates": [15.43868, 67.39514]}, "properties": {"name": "Austerdalsforsen", "source": "Wikidata", "wikidata_id": "Q34832529"}}, {"type": "Feature", "id": "foss-wd-Q34832545", "geometry": {"type": "Point", "coordinates": [14.61127, 66.86966]}, "properties": {"name": "Austfjellførsen", "source": "Wikidata", "wikidata_id": "Q34832545"}}, {"type": "Feature", "id": "foss-wd-Q34832561", "geometry": {"type": "Point", "coordinates": [11.96107, 64.43672]}, "properties": {"name": "Austmannen", "source": "Wikidata", "wikidata_id": "Q34832561"}}, {"type": "Feature", "id": "foss-wd-Q34832576", "geometry": {"type": "Point", "coordinates": [8.67128, 61.17541]}, "properties": {"name": "Austreimsføssen", "source": "Wikidata", "wikidata_id": "Q34832576"}}, {"type": "Feature", "id": "foss-wd-Q34832593", "geometry": {"type": "Point", "coordinates": [15.79947, 67.36203]}, "properties": {"name": "Austrekrågforsen", "source": "Wikidata", "wikidata_id": "Q34832593"}}, {"type": "Feature", "id": "foss-wd-Q34832671", "geometry": {"type": "Point", "coordinates": [22.05088, 69.82905]}, "properties": {"name": "Badderfossen", "source": "Wikidata", "wikidata_id": "Q34832671"}}, {"type": "Feature", "id": "foss-wd-Q34832687", "geometry": {"type": "Point", "coordinates": [25.90315, 70.24405]}, "properties": {"name": "Badnesatgårŋi", "source": "Wikidata", "wikidata_id": "Q34832687"}}, {"type": "Feature", "id": "foss-wd-Q34832705", "geometry": {"type": "Point", "coordinates": [24.37307, 69.37475]}, "properties": {"name": "Bahasguoika", "source": "Wikidata", "wikidata_id": "Q34832705"}}, {"type": "Feature", "id": "foss-wd-Q34832737", "geometry": {"type": "Point", "coordinates": [5.14777, 62.14424]}, "properties": {"name": "Bakarfossen", "source": "Wikidata", "wikidata_id": "Q34832737"}}, {"type": "Feature", "id": "foss-wd-Q34832754", "geometry": {"type": "Point", "coordinates": [9.97794, 61.52644]}, "properties": {"name": "Bakkafallet", "source": "Wikidata", "wikidata_id": "Q34832754"}}, {"type": "Feature", "id": "foss-wd-Q34832768", "geometry": {"type": "Point", "coordinates": [24.85046, 69.96661]}, "properties": {"name": "Balgesgårŋi", "source": "Wikidata", "wikidata_id": "Q34832768"}}, {"type": "Feature", "id": "foss-wd-Q34832785", "geometry": {"type": "Point", "coordinates": [18.59526, 69.04206]}, "properties": {"name": "Bardufossen", "source": "Wikidata", "wikidata_id": "Q34832785"}}, {"type": "Feature", "id": "foss-wd-Q34832801", "geometry": {"type": "Point", "coordinates": [25.52831, 68.88917]}, "properties": {"name": "Baritagævŋis", "source": "Wikidata", "wikidata_id": "Q34832801"}}, {"type": "Feature", "id": "foss-wd-Q34832816", "geometry": {"type": "Point", "coordinates": [10.89524, 61.97924]}, "properties": {"name": "Barkaldfossen", "source": "Wikidata", "wikidata_id": "Q34832816"}}, {"type": "Feature", "id": "foss-wd-Q34832831", "geometry": {"type": "Point", "coordinates": [12.44621, 60.33807]}, "properties": {"name": "Barskjulfossen", "source": "Wikidata", "wikidata_id": "Q34832831"}}, {"type": "Feature", "id": "foss-wd-Q34832847", "geometry": {"type": "Point", "coordinates": [9.28152, 60.25129]}, "properties": {"name": "Basolfossen", "source": "Wikidata", "wikidata_id": "Q34832847"}}, {"type": "Feature", "id": "foss-wd-Q34832865", "geometry": {"type": "Point", "coordinates": [8.39952, 59.83732]}, "properties": {"name": "Baugerudfossen", "source": "Wikidata", "wikidata_id": "Q34832865"}}, {"type": "Feature", "id": "foss-wd-Q34832881", "geometry": {"type": "Point", "coordinates": [26.69327, 69.95552]}, "properties": {"name": "Bađđaguoika", "source": "Wikidata", "wikidata_id": "Q34832881"}}, {"type": "Feature", "id": "foss-wd-Q34832913", "geometry": {"type": "Point", "coordinates": [9.28653, 60.2642]}, "properties": {"name": "Beinstigfossen", "source": "Wikidata", "wikidata_id": "Q34832913"}}, {"type": "Feature", "id": "foss-wd-Q34832930", "geometry": {"type": "Point", "coordinates": [8.45499, 60.89056]}, "properties": {"name": "Bekkefoss", "source": "Wikidata", "wikidata_id": "Q34832930"}}, {"type": "Feature", "id": "foss-wd-Q34832947", "geometry": {"type": "Point", "coordinates": [7.9776, 61.07741]}, "properties": {"name": "Bekkefossen", "source": "Wikidata", "wikidata_id": "Q34832947"}}, {"type": "Feature", "id": "foss-wd-Q34832962", "geometry": {"type": "Point", "coordinates": [11.49565, 61.14126]}, "properties": {"name": "Bellbekkfossen", "source": "Wikidata", "wikidata_id": "Q34832962"}}, {"type": "Feature", "id": "foss-wd-Q34832979", "geometry": {"type": "Point", "coordinates": [30.99552, 70.29228]}, "properties": {"name": "Benserafossen", "source": "Wikidata", "wikidata_id": "Q34832979"}}, {"type": "Feature", "id": "foss-wd-Q34832994", "geometry": {"type": "Point", "coordinates": [7.19924, 60.36341]}, "properties": {"name": "Berastølfossen", "source": "Wikidata", "wikidata_id": "Q34832994"}}, {"type": "Feature", "id": "foss-wd-Q34833011", "geometry": {"type": "Point", "coordinates": [7.79073, 61.25382]}, "properties": {"name": "Berdalsfossen", "source": "Wikidata", "wikidata_id": "Q34833011"}}, {"type": "Feature", "id": "foss-wd-Q34833027", "geometry": {"type": "Point", "coordinates": [10.37568, 60.2276]}, "properties": {"name": "Bergefoss", "source": "Wikidata", "wikidata_id": "Q34833027"}}, {"type": "Feature", "id": "foss-wd-Q34833041", "geometry": {"type": "Point", "coordinates": [7.02883, 58.44698]}, "properties": {"name": "Bergefossen", "source": "Wikidata", "wikidata_id": "Q34833041"}}, {"type": "Feature", "id": "foss-wd-Q34833059", "geometry": {"type": "Point", "coordinates": [12.98517, 64.47265]}, "properties": {"name": "Bergfossen", "source": "Wikidata", "wikidata_id": "Q34833059"}}, {"type": "Feature", "id": "foss-wd-Q34833075", "geometry": {"type": "Point", "coordinates": [9.59347, 60.73992]}, "properties": {"name": "Bergføss", "source": "Wikidata", "wikidata_id": "Q34833075"}}, {"type": "Feature", "id": "foss-wd-Q34833090", "geometry": {"type": "Point", "coordinates": [9.05855, 59.43093]}, "properties": {"name": "Berghølfoss", "source": "Wikidata", "wikidata_id": "Q34833090"}}, {"type": "Feature", "id": "foss-wd-Q34833107", "geometry": {"type": "Point", "coordinates": [5.63207, 60.43735]}, "properties": {"name": "Bergsfossen", "source": "Wikidata", "wikidata_id": "Q34833107"}}, {"type": "Feature", "id": "foss-wd-Q34833124", "geometry": {"type": "Point", "coordinates": [5.99079, 60.55904]}, "properties": {"name": "Bergsfossen", "source": "Wikidata", "wikidata_id": "Q34833124"}}, {"type": "Feature", "id": "foss-wd-Q34833138", "geometry": {"type": "Point", "coordinates": [7.96043, 61.06027]}, "properties": {"name": "Bergstølfossen", "source": "Wikidata", "wikidata_id": "Q34833138"}}, {"type": "Feature", "id": "foss-wd-Q34833156", "geometry": {"type": "Point", "coordinates": [7.59973, 58.16589]}, "properties": {"name": "Berjefossen", "source": "Wikidata", "wikidata_id": "Q34833156"}}, {"type": "Feature", "id": "foss-wd-Q34833169", "geometry": {"type": "Point", "coordinates": [7.2714, 58.53863]}, "properties": {"name": "Berkjestøfossen", "source": "Wikidata", "wikidata_id": "Q34833169"}}, {"type": "Feature", "id": "foss-wd-Q34833186", "geometry": {"type": "Point", "coordinates": [7.40815, 62.34573]}, "properties": {"name": "Berlifossen", "source": "Wikidata", "wikidata_id": "Q34833186"}}, {"type": "Feature", "id": "foss-wd-Q34833200", "geometry": {"type": "Point", "coordinates": [8.47604, 58.94202]}, "properties": {"name": "Berlifossen", "source": "Wikidata", "wikidata_id": "Q34833200"}}, {"type": "Feature", "id": "foss-wd-Q34833216", "geometry": {"type": "Point", "coordinates": [11.64524, 59.42259]}, "properties": {"name": "Bernhusfossen", "source": "Wikidata", "wikidata_id": "Q34833216"}}, {"type": "Feature", "id": "foss-wd-Q34833232", "geometry": {"type": "Point", "coordinates": [13.33543, 65.28693]}, "properties": {"name": "Bertilforsen", "source": "Wikidata", "wikidata_id": "Q34833232"}}, {"type": "Feature", "id": "foss-wd-Q34833264", "geometry": {"type": "Point", "coordinates": [8.97688, 59.4675]}, "properties": {"name": "Beveren", "source": "Wikidata", "wikidata_id": "Q34833264"}}, {"type": "Feature", "id": "foss-wd-Q34833282", "geometry": {"type": "Point", "coordinates": [16.6445, 68.29263]}, "properties": {"name": "Billagårŋi", "source": "Wikidata", "wikidata_id": "Q34833282"}}, {"type": "Feature", "id": "foss-wd-Q34833314", "geometry": {"type": "Point", "coordinates": [7.81912, 58.5968]}, "properties": {"name": "Birkelandsfossen", "source": "Wikidata", "wikidata_id": "Q34833314"}}, {"type": "Feature", "id": "foss-wd-Q34833328", "geometry": {"type": "Point", "coordinates": [26.57079, 69.95189]}, "properties": {"name": "Bitta", "source": "Wikidata", "wikidata_id": "Q34833328"}}, {"type": "Feature", "id": "foss-wd-Q34833344", "geometry": {"type": "Point", "coordinates": [26.63173, 69.96014]}, "properties": {"name": "Bitta", "source": "Wikidata", "wikidata_id": "Q34833344"}}, {"type": "Feature", "id": "foss-wd-Q34833362", "geometry": {"type": "Point", "coordinates": [13.96622, 66.34738]}, "properties": {"name": "Bjerkliforsen", "source": "Wikidata", "wikidata_id": "Q34833362"}}, {"type": "Feature", "id": "foss-wd-Q34833378", "geometry": {"type": "Point", "coordinates": [6.90114, 58.59248]}, "properties": {"name": "Bjorfossen", "source": "Wikidata", "wikidata_id": "Q34833378"}}, {"type": "Feature", "id": "foss-wd-Q34833394", "geometry": {"type": "Point", "coordinates": [7.02159, 58.66737]}, "properties": {"name": "Bjorlofoss", "source": "Wikidata", "wikidata_id": "Q34833394"}}, {"type": "Feature", "id": "foss-wd-Q34833411", "geometry": {"type": "Point", "coordinates": [13.81567, 66.04648]}, "properties": {"name": "Bjurselforsen", "source": "Wikidata", "wikidata_id": "Q34833411"}}, {"type": "Feature", "id": "foss-wd-Q34833427", "geometry": {"type": "Point", "coordinates": [14.31689, 66.473]}, "properties": {"name": "Bjynnforsen", "source": "Wikidata", "wikidata_id": "Q34833427"}}, {"type": "Feature", "id": "foss-wd-Q34833442", "geometry": {"type": "Point", "coordinates": [13.51559, 66.27233]}, "properties": {"name": "Bjynnhaugforsen", "source": "Wikidata", "wikidata_id": "Q34833442"}}, {"type": "Feature", "id": "foss-wd-Q34833457", "geometry": {"type": "Point", "coordinates": [13.79639, 66.06548]}, "properties": {"name": "Bjynnstiforsen", "source": "Wikidata", "wikidata_id": "Q34833457"}}, {"type": "Feature", "id": "foss-wd-Q34833473", "geometry": {"type": "Point", "coordinates": [8.04765, 58.78381]}, "properties": {"name": "Bjårvassfoss", "source": "Wikidata", "wikidata_id": "Q34833473"}}, {"type": "Feature", "id": "foss-wd-Q34833489", "geometry": {"type": "Point", "coordinates": [6.36439, 60.4178]}, "properties": {"name": "Bjølvefossen", "source": "Wikidata", "wikidata_id": "Q34833489"}}, {"type": "Feature", "id": "foss-wd-Q34833505", "geometry": {"type": "Point", "coordinates": [11.32621, 63.42729]}, "properties": {"name": "Bjønndalsfossen", "source": "Wikidata", "wikidata_id": "Q34833505"}}, {"type": "Feature", "id": "foss-wd-Q34833522", "geometry": {"type": "Point", "coordinates": [8.7222, 59.98427]}, "properties": {"name": "Bjønnefossen", "source": "Wikidata", "wikidata_id": "Q34833522"}}, {"type": "Feature", "id": "foss-wd-Q34833537", "geometry": {"type": "Point", "coordinates": [7.68034, 58.28847]}, "properties": {"name": "Bjønnefossen", "source": "Wikidata", "wikidata_id": "Q34833537"}}, {"type": "Feature", "id": "foss-wd-Q34833552", "geometry": {"type": "Point", "coordinates": [11.75407, 64.57065]}, "properties": {"name": "Bjønnheifossen", "source": "Wikidata", "wikidata_id": "Q34833552"}}, {"type": "Feature", "id": "foss-wd-Q34833570", "geometry": {"type": "Point", "coordinates": [12.19017, 64.01481]}, "properties": {"name": "Bjønnlonfossen", "source": "Wikidata", "wikidata_id": "Q34833570"}}, {"type": "Feature", "id": "foss-wd-Q34833586", "geometry": {"type": "Point", "coordinates": [8.65278, 59.03062]}, "properties": {"name": "Bjønntjønnfossen", "source": "Wikidata", "wikidata_id": "Q34833586"}}, {"type": "Feature", "id": "foss-wd-Q34833602", "geometry": {"type": "Point", "coordinates": [10.43164, 63.21778]}, "properties": {"name": "Bjørgafossen", "source": "Wikidata", "wikidata_id": "Q34833602"}}, {"type": "Feature", "id": "foss-wd-Q34833618", "geometry": {"type": "Point", "coordinates": [10.76094, 63.24425]}, "properties": {"name": "Bjørgafossen", "source": "Wikidata", "wikidata_id": "Q34833618"}}, {"type": "Feature", "id": "foss-wd-Q34833634", "geometry": {"type": "Point", "coordinates": [11.60808, 60.08504]}, "properties": {"name": "Bjørkefossen", "source": "Wikidata", "wikidata_id": "Q34833634"}}, {"type": "Feature", "id": "foss-wd-Q34833650", "geometry": {"type": "Point", "coordinates": [12.82591, 64.71503]}, "properties": {"name": "Bjørkmofossan", "source": "Wikidata", "wikidata_id": "Q34833650"}}, {"type": "Feature", "id": "foss-wd-Q34833666", "geometry": {"type": "Point", "coordinates": [13.37762, 64.84803]}, "properties": {"name": "Bjørkvassfossen", "source": "Wikidata", "wikidata_id": "Q34833666"}}, {"type": "Feature", "id": "foss-wd-Q34833682", "geometry": {"type": "Point", "coordinates": [15.28183, 67.36596]}, "properties": {"name": "Bjørnbakkforsen", "source": "Wikidata", "wikidata_id": "Q34833682"}}, {"type": "Feature", "id": "foss-wd-Q34833698", "geometry": {"type": "Point", "coordinates": [6.35417, 60.29457]}, "properties": {"name": "Bjørneforfossen", "source": "Wikidata", "wikidata_id": "Q34833698"}}, {"type": "Feature", "id": "foss-wd-Q34833714", "geometry": {"type": "Point", "coordinates": [14.00121, 66.59952]}, "properties": {"name": "Bjørnefossen", "source": "Wikidata", "wikidata_id": "Q34833714"}}, {"type": "Feature", "id": "foss-wd-Q34833730", "geometry": {"type": "Point", "coordinates": [15.87002, 68.86951]}, "properties": {"name": "Bjørnfossen", "source": "Wikidata", "wikidata_id": "Q34833730"}}, {"type": "Feature", "id": "foss-wd-Q34833748", "geometry": {"type": "Point", "coordinates": [13.46953, 66.11229]}, "properties": {"name": "Bjørnliforsen", "source": "Wikidata", "wikidata_id": "Q34833748"}}, {"type": "Feature", "id": "foss-wd-Q34833763", "geometry": {"type": "Point", "coordinates": [10.66895, 62.39341]}, "properties": {"name": "Bjørnvadfossen", "source": "Wikidata", "wikidata_id": "Q34833763"}}, {"type": "Feature", "id": "foss-wd-Q34833778", "geometry": {"type": "Point", "coordinates": [8.91838, 58.95796]}, "properties": {"name": "Bjørnvafossen", "source": "Wikidata", "wikidata_id": "Q34833778"}}, {"type": "Feature", "id": "foss-wd-Q34833794", "geometry": {"type": "Point", "coordinates": [10.82928, 61.65267]}, "properties": {"name": "Bjøråfallet", "source": "Wikidata", "wikidata_id": "Q34833794"}}, {"type": "Feature", "id": "foss-wd-Q34833809", "geometry": {"type": "Point", "coordinates": [12.51574, 64.38682]}, "properties": {"name": "Blautdalfossen", "source": "Wikidata", "wikidata_id": "Q34833809"}}, {"type": "Feature", "id": "foss-wd-Q34833825", "geometry": {"type": "Point", "coordinates": [6.32668, 58.75326]}, "properties": {"name": "Bleiefossen", "source": "Wikidata", "wikidata_id": "Q34833825"}}, {"type": "Feature", "id": "foss-wd-Q34833841", "geometry": {"type": "Point", "coordinates": [13.86731, 65.91096]}, "properties": {"name": "Bleikvassforsen", "source": "Wikidata", "wikidata_id": "Q34833841"}}, {"type": "Feature", "id": "foss-wd-Q34833865", "geometry": {"type": "Point", "coordinates": [6.27866, 61.14024]}, "properties": {"name": "Blekafossen", "source": "Wikidata", "wikidata_id": "Q34833865"}}, {"type": "Feature", "id": "foss-wd-Q34833882", "geometry": {"type": "Point", "coordinates": [16.96279, 68.67902]}, "properties": {"name": "Blomdalfossen", "source": "Wikidata", "wikidata_id": "Q34833882"}}, {"type": "Feature", "id": "foss-wd-Q34833912", "geometry": {"type": "Point", "coordinates": [10.43249, 63.90607]}, "properties": {"name": "Blåfjellfossen", "source": "Wikidata", "wikidata_id": "Q34833912"}}, {"type": "Feature", "id": "foss-wd-Q34833928", "geometry": {"type": "Point", "coordinates": [6.80748, 61.67494]}, "properties": {"name": "Blåfossen", "source": "Wikidata", "wikidata_id": "Q34833928"}}, {"type": "Feature", "id": "foss-wd-Q34833944", "geometry": {"type": "Point", "coordinates": [11.46351, 63.67367]}, "properties": {"name": "Blåsterfossen", "source": "Wikidata", "wikidata_id": "Q34833944"}}, {"type": "Feature", "id": "foss-wd-Q34833961", "geometry": {"type": "Point", "coordinates": [8.1391, 58.24506]}, "properties": {"name": "Boenfoss", "source": "Wikidata", "wikidata_id": "Q34833961"}}, {"type": "Feature", "id": "foss-wd-Q34833976", "geometry": {"type": "Point", "coordinates": [11.93062, 64.98853]}, "properties": {"name": "Bogavassfossen", "source": "Wikidata", "wikidata_id": "Q34833976"}}, {"type": "Feature", "id": "foss-wd-Q34833991", "geometry": {"type": "Point", "coordinates": [5.64942, 61.63943]}, "properties": {"name": "Bogefossen", "source": "Wikidata", "wikidata_id": "Q34833991"}}, {"type": "Feature", "id": "foss-wd-Q34834007", "geometry": {"type": "Point", "coordinates": [5.39301, 60.39534]}, "properties": {"name": "Bogstifossen", "source": "Wikidata", "wikidata_id": "Q34834007"}}, {"type": "Feature", "id": "foss-wd-Q34848125", "geometry": {"type": "Point", "coordinates": [10.56044, 64.28869]}, "properties": {"name": "Nordmelansfossen", "source": "Wikidata", "wikidata_id": "Q34848125"}}, {"type": "Feature", "id": "foss-wd-Q34848140", "geometry": {"type": "Point", "coordinates": [12.31772, 64.19845]}, "properties": {"name": "Nordstadfossen", "source": "Wikidata", "wikidata_id": "Q34848140"}}, {"type": "Feature", "id": "foss-wd-Q34848155", "geometry": {"type": "Point", "coordinates": [12.0339, 60.33962]}, "properties": {"name": "Norsfossen", "source": "Wikidata", "wikidata_id": "Q34848155"}}, {"type": "Feature", "id": "foss-wd-Q34848169", "geometry": {"type": "Point", "coordinates": [7.05883, 61.30862]}, "properties": {"name": "Nosfossen", "source": "Wikidata", "wikidata_id": "Q34848169"}}, {"type": "Feature", "id": "foss-wd-Q34848184", "geometry": {"type": "Point", "coordinates": [6.88019, 59.8313]}, "properties": {"name": "Novlefoss", "source": "Wikidata", "wikidata_id": "Q34848184"}}, {"type": "Feature", "id": "foss-wd-Q34848211", "geometry": {"type": "Point", "coordinates": [11.73939, 63.41429]}, "properties": {"name": "Nustadfossen", "source": "Wikidata", "wikidata_id": "Q34848211"}}, {"type": "Feature", "id": "foss-wd-Q34848242", "geometry": {"type": "Point", "coordinates": [9.647974, 59.667875]}, "properties": {"name": "Nybrufoss", "source": "Wikidata", "wikidata_id": "Q34848242"}}, {"type": "Feature", "id": "foss-wd-Q34848257", "geometry": {"type": "Point", "coordinates": [11.38059, 59.80631]}, "properties": {"name": "Nygårdsfoss", "source": "Wikidata", "wikidata_id": "Q34848257"}}, {"type": "Feature", "id": "foss-wd-Q34848271", "geometry": {"type": "Point", "coordinates": [5.94044, 61.06305]}, "properties": {"name": "Nykkefossen", "source": "Wikidata", "wikidata_id": "Q34848271"}}, {"type": "Feature", "id": "foss-wd-Q34848284", "geometry": {"type": "Point", "coordinates": [7.58948, 58.26515]}, "properties": {"name": "Nykkfossen", "source": "Wikidata", "wikidata_id": "Q34848284"}}, {"type": "Feature", "id": "foss-wd-Q34848311", "geometry": {"type": "Point", "coordinates": [10.00062, 62.79358]}, "properties": {"name": "Nylenfossen", "source": "Wikidata", "wikidata_id": "Q34848311"}}, {"type": "Feature", "id": "foss-wd-Q34848326", "geometry": {"type": "Point", "coordinates": [7.76575, 62.66646]}, "properties": {"name": "Nyseterfossen", "source": "Wikidata", "wikidata_id": "Q34848326"}}, {"type": "Feature", "id": "foss-wd-Q34848340", "geometry": {"type": "Point", "coordinates": [8.30734, 59.47087]}, "properties": {"name": "Nystaulfossen", "source": "Wikidata", "wikidata_id": "Q34848340"}}, {"type": "Feature", "id": "foss-wd-Q34848354", "geometry": {"type": "Point", "coordinates": [11.4374, 61.163]}, "properties": {"name": "Nystedfossen", "source": "Wikidata", "wikidata_id": "Q34848354"}}, {"type": "Feature", "id": "foss-wd-Q34848368", "geometry": {"type": "Point", "coordinates": [11.50896, 61.77348]}, "properties": {"name": "Nystufossen", "source": "Wikidata", "wikidata_id": "Q34848368"}}, {"type": "Feature", "id": "foss-wd-Q34848384", "geometry": {"type": "Point", "coordinates": [9.20855, 60.43514]}, "properties": {"name": "Nystølfossen", "source": "Wikidata", "wikidata_id": "Q34848384"}}, {"type": "Feature", "id": "foss-wd-Q34848400", "geometry": {"type": "Point", "coordinates": [7.41076, 59.29723]}, "properties": {"name": "Nystøylfossen", "source": "Wikidata", "wikidata_id": "Q34848400"}}, {"type": "Feature", "id": "foss-wd-Q34848416", "geometry": {"type": "Point", "coordinates": [30.88872, 70.43563]}, "properties": {"name": "Næringsforsen", "source": "Wikidata", "wikidata_id": "Q34848416"}}, {"type": "Feature", "id": "foss-wd-Q34848430", "geometry": {"type": "Point", "coordinates": [11.81526, 64.1772]}, "properties": {"name": "Nødalfossen", "source": "Wikidata", "wikidata_id": "Q34848430"}}, {"type": "Feature", "id": "foss-wd-Q34848446", "geometry": {"type": "Point", "coordinates": [7.53519, 58.10875]}, "properties": {"name": "Nødingsfossen", "source": "Wikidata", "wikidata_id": "Q34848446"}}, {"type": "Feature", "id": "foss-wd-Q34848462", "geometry": {"type": "Point", "coordinates": [8.89422, 59.84902]}, "properties": {"name": "Nørebufossen", "source": "Wikidata", "wikidata_id": "Q34848462"}}, {"type": "Feature", "id": "foss-wd-Q34848477", "geometry": {"type": "Point", "coordinates": [11.70339, 62.04588]}, "properties": {"name": "Nøstenfossen", "source": "Wikidata", "wikidata_id": "Q34848477"}}, {"type": "Feature", "id": "foss-wd-Q34848508", "geometry": {"type": "Point", "coordinates": [6.90379, 60.93247]}, "properties": {"name": "Odnesfossen", "source": "Wikidata", "wikidata_id": "Q34848508"}}, {"type": "Feature", "id": "foss-wd-Q34848550", "geometry": {"type": "Point", "coordinates": [8.30723, 61.88224]}, "properties": {"name": "Ofossen", "source": "Wikidata", "wikidata_id": "Q34848550"}}, {"type": "Feature", "id": "foss-wd-Q34848617", "geometry": {"type": "Point", "coordinates": [6.72942, 61.48002]}, "properties": {"name": "Oksafossen", "source": "Wikidata", "wikidata_id": "Q34848617"}}, {"type": "Feature", "id": "foss-wd-Q34848632", "geometry": {"type": "Point", "coordinates": [5.51537, 61.64498]}, "properties": {"name": "Oksefossen", "source": "Wikidata", "wikidata_id": "Q34848632"}}, {"type": "Feature", "id": "foss-wd-Q34848648", "geometry": {"type": "Point", "coordinates": [6.93466, 58.48201]}, "properties": {"name": "Oksefossen", "source": "Wikidata", "wikidata_id": "Q34848648"}}, {"type": "Feature", "id": "foss-wd-Q34848663", "geometry": {"type": "Point", "coordinates": [8.969, 59.48816]}, "properties": {"name": "Okslafoss", "source": "Wikidata", "wikidata_id": "Q34848663"}}, {"type": "Feature", "id": "foss-wd-Q34848693", "geometry": {"type": "Point", "coordinates": [13.8956, 66.30785]}, "properties": {"name": "Ol-Andersafossen", "source": "Wikidata", "wikidata_id": "Q34848693"}}, {"type": "Feature", "id": "foss-wd-Q34848708", "geometry": {"type": "Point", "coordinates": [18.43603, 69.1771]}, "properties": {"name": "Ola-lafossen", "source": "Wikidata", "wikidata_id": "Q34848708"}}, {"type": "Feature", "id": "foss-wd-Q34848724", "geometry": {"type": "Point", "coordinates": [12.60464, 64.29838]}, "properties": {"name": "Olafossen", "source": "Wikidata", "wikidata_id": "Q34848724"}}, {"type": "Feature", "id": "foss-wd-Q34848738", "geometry": {"type": "Point", "coordinates": [14.29082, 65.56579]}, "properties": {"name": "Olaloforsen", "source": "Wikidata", "wikidata_id": "Q34848738"}}, {"type": "Feature", "id": "foss-wd-Q34848751", "geometry": {"type": "Point", "coordinates": [14.15389, 65.36348]}, "properties": {"name": "Olderlifossen", "source": "Wikidata", "wikidata_id": "Q34848751"}}, {"type": "Feature", "id": "foss-wd-Q34848782", "geometry": {"type": "Point", "coordinates": [10.35771, 62.53653]}, "properties": {"name": "Olkarfossen", "source": "Wikidata", "wikidata_id": "Q34848782"}}, {"type": "Feature", "id": "foss-wd-Q34848797", "geometry": {"type": "Point", "coordinates": [8.75558, 59.14608]}, "properties": {"name": "Omdalsfossen", "source": "Wikidata", "wikidata_id": "Q34848797"}}, {"type": "Feature", "id": "foss-wd-Q34848812", "geometry": {"type": "Point", "coordinates": [6.58566, 60.29838]}, "properties": {"name": "Oppkomefossen", "source": "Wikidata", "wikidata_id": "Q34848812"}}, {"type": "Feature", "id": "foss-wd-Q34848827", "geometry": {"type": "Point", "coordinates": [11.13668, 63.32076]}, "properties": {"name": "Orfossen", "source": "Wikidata", "wikidata_id": "Q34848827"}}, {"type": "Feature", "id": "foss-wd-Q34848859", "geometry": {"type": "Point", "coordinates": [10.69489, 63.86645]}, "properties": {"name": "Ormsetfossen", "source": "Wikidata", "wikidata_id": "Q34848859"}}, {"type": "Feature", "id": "foss-wd-Q34848875", "geometry": {"type": "Point", "coordinates": [9.138, 63.01407]}, "properties": {"name": "Ormslættfossen", "source": "Wikidata", "wikidata_id": "Q34848875"}}, {"type": "Feature", "id": "foss-wd-Q34848891", "geometry": {"type": "Point", "coordinates": [11.43674, 62.13469]}, "properties": {"name": "Orvfallet", "source": "Wikidata", "wikidata_id": "Q34848891"}}, {"type": "Feature", "id": "foss-wd-Q34848905", "geometry": {"type": "Point", "coordinates": [7.83561, 59.49478]}, "properties": {"name": "Osen", "source": "Wikidata", "wikidata_id": "Q34848905"}}, {"type": "Feature", "id": "foss-wd-Q34848922", "geometry": {"type": "Point", "coordinates": [5.68441, 61.36709]}, "properties": {"name": "Osfossen", "source": "Wikidata", "wikidata_id": "Q34848922"}}, {"type": "Feature", "id": "foss-wd-Q34848940", "geometry": {"type": "Point", "coordinates": [8.53509, 58.54301]}, "properties": {"name": "Osmundsfoss", "source": "Wikidata", "wikidata_id": "Q34848940"}}, {"type": "Feature", "id": "foss-wd-Q34848955", "geometry": {"type": "Point", "coordinates": [6.91357, 58.50643]}, "properties": {"name": "Osphomfossen", "source": "Wikidata", "wikidata_id": "Q34848955"}}, {"type": "Feature", "id": "foss-wd-Q34848970", "geometry": {"type": "Point", "coordinates": [17.16644, 69.31373]}, "properties": {"name": "Osterfossen", "source": "Wikidata", "wikidata_id": "Q34848970"}}, {"type": "Feature", "id": "foss-wd-Q34848987", "geometry": {"type": "Point", "coordinates": [9.26613, 60.26728]}, "properties": {"name": "Oterfoss", "source": "Wikidata", "wikidata_id": "Q34848987"}}, {"type": "Feature", "id": "foss-wd-Q34849003", "geometry": {"type": "Point", "coordinates": [13.31471, 65.06843]}, "properties": {"name": "Oterfossen", "source": "Wikidata", "wikidata_id": "Q34849003"}}, {"type": "Feature", "id": "foss-wd-Q34849017", "geometry": {"type": "Point", "coordinates": [9.04982, 59.43011]}, "properties": {"name": "Oterholtfossen", "source": "Wikidata", "wikidata_id": "Q34849017"}}, {"type": "Feature", "id": "foss-wd-Q34849046", "geometry": {"type": "Point", "coordinates": [5.37803, 61.85044]}, "properties": {"name": "Otretufossen", "source": "Wikidata", "wikidata_id": "Q34849046"}}, {"type": "Feature", "id": "foss-wd-Q34849060", "geometry": {"type": "Point", "coordinates": [12.65161, 61.06667]}, "properties": {"name": "Otterfossen", "source": "Wikidata", "wikidata_id": "Q34849060"}}, {"type": "Feature", "id": "foss-wd-Q34849077", "geometry": {"type": "Point", "coordinates": [11.15754, 61.75699]}, "properties": {"name": "Ottfallet", "source": "Wikidata", "wikidata_id": "Q34849077"}}, {"type": "Feature", "id": "foss-wd-Q34849124", "geometry": {"type": "Point", "coordinates": [11.71792, 64.01781]}, "properties": {"name": "Ovreinfossen", "source": "Wikidata", "wikidata_id": "Q34849124"}}, {"type": "Feature", "id": "foss-wd-Q34849230", "geometry": {"type": "Point", "coordinates": [14.00714, 65.48925]}, "properties": {"name": "Pantdalsliforsen", "source": "Wikidata", "wikidata_id": "Q34849230"}}, {"type": "Feature", "id": "foss-wd-Q34849350", "geometry": {"type": "Point", "coordinates": [11.85997, 64.33264]}, "properties": {"name": "Pehaugfossen", "source": "Wikidata", "wikidata_id": "Q34849350"}}, {"type": "Feature", "id": "foss-wd-Q34849366", "geometry": {"type": "Point", "coordinates": [11.63473, 59.56359]}, "properties": {"name": "Pekstadfossen", "source": "Wikidata", "wikidata_id": "Q34849366"}}, {"type": "Feature", "id": "foss-wd-Q34849381", "geometry": {"type": "Point", "coordinates": [6.74797, 62.02099]}, "properties": {"name": "Pekvernfossen", "source": "Wikidata", "wikidata_id": "Q34849381"}}, {"type": "Feature", "id": "foss-wd-Q34849427", "geometry": {"type": "Point", "coordinates": [15.09313, 67.03499]}, "properties": {"name": "Per Hanso-forsen", "source": "Wikidata", "wikidata_id": "Q34849427"}}, {"type": "Feature", "id": "foss-wd-Q34849443", "geometry": {"type": "Point", "coordinates": [18.7341, 69.27819]}, "properties": {"name": "Per-Nilsafossen", "source": "Wikidata", "wikidata_id": "Q34849443"}}, {"type": "Feature", "id": "foss-wd-Q34849457", "geometry": {"type": "Point", "coordinates": [11.58295, 59.53265]}, "properties": {"name": "Perefoss", "source": "Wikidata", "wikidata_id": "Q34849457"}}, {"type": "Feature", "id": "foss-wd-Q34849473", "geometry": {"type": "Point", "coordinates": [10.13231, 63.82376]}, "properties": {"name": "Perholfossen", "source": "Wikidata", "wikidata_id": "Q34849473"}}, {"type": "Feature", "id": "foss-wd-Q34849490", "geometry": {"type": "Point", "coordinates": [8.46168, 58.79592]}, "properties": {"name": "Persfoss", "source": "Wikidata", "wikidata_id": "Q34849490"}}, {"type": "Feature", "id": "foss-wd-Q34849505", "geometry": {"type": "Point", "coordinates": [18.23976, 69.24967]}, "properties": {"name": "Pessfossen", "source": "Wikidata", "wikidata_id": "Q34849505"}}, {"type": "Feature", "id": "foss-wd-Q34849519", "geometry": {"type": "Point", "coordinates": [7.45378, 61.49244]}, "properties": {"name": "Petersfossen", "source": "Wikidata", "wikidata_id": "Q34849519"}}, {"type": "Feature", "id": "foss-wd-Q34849550", "geometry": {"type": "Point", "coordinates": [9.60586, 59.7154]}, "properties": {"name": "Pikerfoss", "source": "Wikidata", "wikidata_id": "Q34849550"}}, {"type": "Feature", "id": "foss-wd-Q34849566", "geometry": {"type": "Point", "coordinates": [9.59495, 59.72183]}, "properties": {"name": "Pikerfossen", "source": "Wikidata", "wikidata_id": "Q34849566"}}, {"type": "Feature", "id": "foss-wd-Q34849580", "geometry": {"type": "Point", "coordinates": [14.80074, 66.99684]}, "properties": {"name": "Pilmyrførsen", "source": "Wikidata", "wikidata_id": "Q34849580"}}, {"type": "Feature", "id": "foss-wd-Q34849595", "geometry": {"type": "Point", "coordinates": [9.58655, 63.41802]}, "properties": {"name": "Pinnsylfossen", "source": "Wikidata", "wikidata_id": "Q34849595"}}, {"type": "Feature", "id": "foss-wd-Q34849611", "geometry": {"type": "Point", "coordinates": [8.39369, 59.43496]}, "properties": {"name": "Piparfossen", "source": "Wikidata", "wikidata_id": "Q34849611"}}, {"type": "Feature", "id": "foss-wd-Q34849626", "geometry": {"type": "Point", "coordinates": [18.96306, 69.02701]}, "properties": {"name": "Piss-spruten", "source": "Wikidata", "wikidata_id": "Q34849626"}}, {"type": "Feature", "id": "foss-wd-Q34849640", "geometry": {"type": "Point", "coordinates": [8.99844, 59.10581]}, "properties": {"name": "Pissaren", "source": "Wikidata", "wikidata_id": "Q34849640"}}, {"type": "Feature", "id": "foss-wd-Q34849657", "geometry": {"type": "Point", "coordinates": [7.85761, 60.01942]}, "properties": {"name": "Plassefoss", "source": "Wikidata", "wikidata_id": "Q34849657"}}, {"type": "Feature", "id": "foss-wd-Q34849671", "geometry": {"type": "Point", "coordinates": [9.0733, 62.694]}, "properties": {"name": "Plassfallet", "source": "Wikidata", "wikidata_id": "Q34849671"}}, {"type": "Feature", "id": "foss-wd-Q34849687", "geometry": {"type": "Point", "coordinates": [17.56236, 69.24792]}, "properties": {"name": "Plassfossen", "source": "Wikidata", "wikidata_id": "Q34849687"}}, {"type": "Feature", "id": "foss-wd-Q34850965", "geometry": {"type": "Point", "coordinates": [5.47439, 60.35577]}, "properties": {"name": "Stallafossen", "source": "Wikidata", "wikidata_id": "Q34850965"}}, {"type": "Feature", "id": "foss-wd-Q34850976", "geometry": {"type": "Point", "coordinates": [9.70959, 60.61541]}, "properties": {"name": "Stamfoss", "source": "Wikidata", "wikidata_id": "Q34850976"}}, {"type": "Feature", "id": "foss-wd-Q34851091", "geometry": {"type": "Point", "coordinates": [13.58988, 64.2675]}, "properties": {"name": "Storfossen", "source": "Wikidata", "wikidata_id": "Q34851091"}}, {"type": "Feature", "id": "foss-wd-Q34851101", "geometry": {"type": "Point", "coordinates": [13.71634, 64.41652]}, "properties": {"name": "Storfossen", "source": "Wikidata", "wikidata_id": "Q34851101"}}, {"type": "Feature", "id": "foss-wd-Q34851113", "geometry": {"type": "Point", "coordinates": [13.53453, 64.61298]}, "properties": {"name": "Storfossen", "source": "Wikidata", "wikidata_id": "Q34851113"}}, {"type": "Feature", "id": "foss-wd-Q34851124", "geometry": {"type": "Point", "coordinates": [13.75992, 64.72433]}, "properties": {"name": "Storfossen", "source": "Wikidata", "wikidata_id": "Q34851124"}}, {"type": "Feature", "id": "foss-wd-Q34851137", "geometry": {"type": "Point", "coordinates": [11.16057, 64.38204]}, "properties": {"name": "Storfossen", "source": "Wikidata", "wikidata_id": "Q34851137"}}, {"type": "Feature", "id": "foss-wd-Q34851149", "geometry": {"type": "Point", "coordinates": [11.13022, 64.47733]}, "properties": {"name": "Storfossen", "source": "Wikidata", "wikidata_id": "Q34851149"}}, {"type": "Feature", "id": "foss-wd-Q34851159", "geometry": {"type": "Point", "coordinates": [13.04305, 64.84459]}, "properties": {"name": "Storfossen", "source": "Wikidata", "wikidata_id": "Q34851159"}}, {"type": "Feature", "id": "foss-wd-Q34851171", "geometry": {"type": "Point", "coordinates": [13.40409, 65.08619]}, "properties": {"name": "Storfossen", "source": "Wikidata", "wikidata_id": "Q34851171"}}, {"type": "Feature", "id": "foss-wd-Q34851184", "geometry": {"type": "Point", "coordinates": [11.74964, 64.92638]}, "properties": {"name": "Storfossen", "source": "Wikidata", "wikidata_id": "Q34851184"}}, {"type": "Feature", "id": "foss-wd-Q34851196", "geometry": {"type": "Point", "coordinates": [11.82958, 64.5122]}, "properties": {"name": "Storfossen", "source": "Wikidata", "wikidata_id": "Q34851196"}}, {"type": "Feature", "id": "foss-wd-Q34851209", "geometry": {"type": "Point", "coordinates": [11.82517, 64.13179]}, "properties": {"name": "Storfossen", "source": "Wikidata", "wikidata_id": "Q34851209"}}, {"type": "Feature", "id": "foss-wd-Q34851221", "geometry": {"type": "Point", "coordinates": [11.0989, 63.36121]}, "properties": {"name": "Storfossen", "source": "Wikidata", "wikidata_id": "Q34851221"}}, {"type": "Feature", "id": "foss-wd-Q34851234", "geometry": {"type": "Point", "coordinates": [11.35581, 63.49329]}, "properties": {"name": "Storfossen", "source": "Wikidata", "wikidata_id": "Q34851234"}}, {"type": "Feature", "id": "foss-wd-Q34851247", "geometry": {"type": "Point", "coordinates": [12.14921, 63.78966]}, "properties": {"name": "Storfossen", "source": "Wikidata", "wikidata_id": "Q34851247"}}, {"type": "Feature", "id": "foss-wd-Q34851259", "geometry": {"type": "Point", "coordinates": [14.75656, 67.43299]}, "properties": {"name": "Storfossen", "source": "Wikidata", "wikidata_id": "Q34851259"}}, {"type": "Feature", "id": "foss-wd-Q34851273", "geometry": {"type": "Point", "coordinates": [15.69614, 67.19461]}, "properties": {"name": "Storfossen", "source": "Wikidata", "wikidata_id": "Q34851273"}}, {"type": "Feature", "id": "foss-wd-Q34851286", "geometry": {"type": "Point", "coordinates": [15.09706, 68.6126]}, "properties": {"name": "Storfossen", "source": "Wikidata", "wikidata_id": "Q34851286"}}, {"type": "Feature", "id": "foss-wd-Q34851298", "geometry": {"type": "Point", "coordinates": [14.07103, 65.44666]}, "properties": {"name": "Storfossen", "source": "Wikidata", "wikidata_id": "Q34851298"}}, {"type": "Feature", "id": "foss-wd-Q34851310", "geometry": {"type": "Point", "coordinates": [15.74128, 67.5822]}, "properties": {"name": "Storfossen", "source": "Wikidata", "wikidata_id": "Q34851310"}}, {"type": "Feature", "id": "foss-wd-Q34851322", "geometry": {"type": "Point", "coordinates": [15.10221, 68.81033]}, "properties": {"name": "Storfossen", "source": "Wikidata", "wikidata_id": "Q34851322"}}, {"type": "Feature", "id": "foss-wd-Q34851334", "geometry": {"type": "Point", "coordinates": [6.86491, 61.48671]}, "properties": {"name": "Storfossen", "source": "Wikidata", "wikidata_id": "Q34851334"}}, {"type": "Feature", "id": "foss-wd-Q34851347", "geometry": {"type": "Point", "coordinates": [8.40144, 63.49559]}, "properties": {"name": "Storfossen", "source": "Wikidata", "wikidata_id": "Q34851347"}}, {"type": "Feature", "id": "foss-wd-Q34851359", "geometry": {"type": "Point", "coordinates": [8.53509, 63.5282]}, "properties": {"name": "Storfossen", "source": "Wikidata", "wikidata_id": "Q34851359"}}, {"type": "Feature", "id": "foss-wd-Q34851370", "geometry": {"type": "Point", "coordinates": [10.64242, 63.25441]}, "properties": {"name": "Storfossen", "source": "Wikidata", "wikidata_id": "Q34851370"}}, {"type": "Feature", "id": "foss-wd-Q34851393", "geometry": {"type": "Point", "coordinates": [10.78102, 63.37396]}, "properties": {"name": "Storfossen", "source": "Wikidata", "wikidata_id": "Q34851393"}}, {"type": "Feature", "id": "foss-wd-Q34851405", "geometry": {"type": "Point", "coordinates": [10.16774, 63.19003]}, "properties": {"name": "Storfossen", "source": "Wikidata", "wikidata_id": "Q34851405"}}, {"type": "Feature", "id": "foss-wd-Q34851416", "geometry": {"type": "Point", "coordinates": [10.68243, 64.22098]}, "properties": {"name": "Storfossen", "source": "Wikidata", "wikidata_id": "Q34851416"}}, {"type": "Feature", "id": "foss-wd-Q34851428", "geometry": {"type": "Point", "coordinates": [9.91846, 62.91231]}, "properties": {"name": "Storfossen", "source": "Wikidata", "wikidata_id": "Q34851428"}}, {"type": "Feature", "id": "foss-wd-Q34851440", "geometry": {"type": "Point", "coordinates": [10.28614, 63.79121]}, "properties": {"name": "Storfossen", "source": "Wikidata", "wikidata_id": "Q34851440"}}, {"type": "Feature", "id": "foss-wd-Q34851452", "geometry": {"type": "Point", "coordinates": [11.60968, 62.65559]}, "properties": {"name": "Storfossen", "source": "Wikidata", "wikidata_id": "Q34851452"}}, {"type": "Feature", "id": "foss-wd-Q34851463", "geometry": {"type": "Point", "coordinates": [11.80237, 62.7331]}, "properties": {"name": "Storfossen", "source": "Wikidata", "wikidata_id": "Q34851463"}}, {"type": "Feature", "id": "foss-wd-Q34851475", "geometry": {"type": "Point", "coordinates": [11.30811, 63.20874]}, "properties": {"name": "Storfossen", "source": "Wikidata", "wikidata_id": "Q34851475"}}, {"type": "Feature", "id": "foss-wd-Q34851487", "geometry": {"type": "Point", "coordinates": [9.52723, 63.48735]}, "properties": {"name": "Storfossen", "source": "Wikidata", "wikidata_id": "Q34851487"}}, {"type": "Feature", "id": "foss-wd-Q34851499", "geometry": {"type": "Point", "coordinates": [11.73456, 63.04928]}, "properties": {"name": "Storfossen", "source": "Wikidata", "wikidata_id": "Q34851499"}}, {"type": "Feature", "id": "foss-wd-Q34851510", "geometry": {"type": "Point", "coordinates": [18.79422, 69.26459]}, "properties": {"name": "Storfossen", "source": "Wikidata", "wikidata_id": "Q34851510"}}, {"type": "Feature", "id": "foss-wd-Q34851522", "geometry": {"type": "Point", "coordinates": [18.86131, 68.65405]}, "properties": {"name": "Storfossen", "source": "Wikidata", "wikidata_id": "Q34851522"}}, {"type": "Feature", "id": "foss-wd-Q34851534", "geometry": {"type": "Point", "coordinates": [18.17967, 68.65907]}, "properties": {"name": "Storfossen", "source": "Wikidata", "wikidata_id": "Q34851534"}}, {"type": "Feature", "id": "foss-wd-Q34851546", "geometry": {"type": "Point", "coordinates": [18.52396, 68.70981]}, "properties": {"name": "Storfossen", "source": "Wikidata", "wikidata_id": "Q34851546"}}, {"type": "Feature", "id": "foss-wd-Q34851557", "geometry": {"type": "Point", "coordinates": [18.40874, 68.98356]}, "properties": {"name": "Storfossen", "source": "Wikidata", "wikidata_id": "Q34851557"}}, {"type": "Feature", "id": "foss-wd-Q34851569", "geometry": {"type": "Point", "coordinates": [17.73828, 68.62511]}, "properties": {"name": "Storfossen", "source": "Wikidata", "wikidata_id": "Q34851569"}}, {"type": "Feature", "id": "foss-wd-Q34851581", "geometry": {"type": "Point", "coordinates": [19.53256, 69.90466]}, "properties": {"name": "Storfossen", "source": "Wikidata", "wikidata_id": "Q34851581"}}, {"type": "Feature", "id": "foss-wd-Q34851592", "geometry": {"type": "Point", "coordinates": [19.67312, 69.94033]}, "properties": {"name": "Storfossen", "source": "Wikidata", "wikidata_id": "Q34851592"}}, {"type": "Feature", "id": "foss-wd-Q34851604", "geometry": {"type": "Point", "coordinates": [15.89108, 68.68173]}, "properties": {"name": "Storfossen", "source": "Wikidata", "wikidata_id": "Q34851604"}}, {"type": "Feature", "id": "foss-wd-Q34851615", "geometry": {"type": "Point", "coordinates": [18.30669, 69.31018]}, "properties": {"name": "Storfossen", "source": "Wikidata", "wikidata_id": "Q34851615"}}, {"type": "Feature", "id": "foss-wd-Q34851627", "geometry": {"type": "Point", "coordinates": [20.02993, 69.7967]}, "properties": {"name": "Storfossen", "source": "Wikidata", "wikidata_id": "Q34851627"}}, {"type": "Feature", "id": "foss-wd-Q34851639", "geometry": {"type": "Point", "coordinates": [18.61558, 69.01653]}, "properties": {"name": "Storfossen", "source": "Wikidata", "wikidata_id": "Q34851639"}}, {"type": "Feature", "id": "foss-wd-Q34851651", "geometry": {"type": "Point", "coordinates": [18.91725, 69.02651]}, "properties": {"name": "Storfossen", "source": "Wikidata", "wikidata_id": "Q34851651"}}, {"type": "Feature", "id": "foss-wd-Q34851663", "geometry": {"type": "Point", "coordinates": [18.52979, 69.07762]}, "properties": {"name": "Storfossen", "source": "Wikidata", "wikidata_id": "Q34851663"}}, {"type": "Feature", "id": "foss-wd-Q34851675", "geometry": {"type": "Point", "coordinates": [18.03021, 68.94527]}, "properties": {"name": "Storfossen", "source": "Wikidata", "wikidata_id": "Q34851675"}}, {"type": "Feature", "id": "foss-wd-Q34851686", "geometry": {"type": "Point", "coordinates": [18.02069, 69.11292]}, "properties": {"name": "Storfossen", "source": "Wikidata", "wikidata_id": "Q34851686"}}, {"type": "Feature", "id": "foss-wd-Q34851698", "geometry": {"type": "Point", "coordinates": [17.39201, 69.17634]}, "properties": {"name": "Storfossen", "source": "Wikidata", "wikidata_id": "Q34851698"}}, {"type": "Feature", "id": "foss-wd-Q34851710", "geometry": {"type": "Point", "coordinates": [17.5329, 69.25378]}, "properties": {"name": "Storfossen", "source": "Wikidata", "wikidata_id": "Q34851710"}}, {"type": "Feature", "id": "foss-wd-Q34851722", "geometry": {"type": "Point", "coordinates": [19.62706, 69.53888]}, "properties": {"name": "Storfossen", "source": "Wikidata", "wikidata_id": "Q34851722"}}, {"type": "Feature", "id": "foss-wd-Q34851733", "geometry": {"type": "Point", "coordinates": [14.64389, 66.98484]}, "properties": {"name": "Storførsen", "source": "Wikidata", "wikidata_id": "Q34851733"}}, {"type": "Feature", "id": "foss-wd-Q34851744", "geometry": {"type": "Point", "coordinates": [12.12234, 65.02795]}, "properties": {"name": "Storgrønlandsfossen", "source": "Wikidata", "wikidata_id": "Q34851744"}}, {"type": "Feature", "id": "foss-wd-Q34851756", "geometry": {"type": "Point", "coordinates": [15.32879, 67.10587]}, "properties": {"name": "Storkjelfossen", "source": "Wikidata", "wikidata_id": "Q34851756"}}, {"type": "Feature", "id": "foss-wd-Q34851768", "geometry": {"type": "Point", "coordinates": [15.34328, 67.38716]}, "properties": {"name": "Storliforsen", "source": "Wikidata", "wikidata_id": "Q34851768"}}, {"type": "Feature", "id": "foss-wd-Q34851780", "geometry": {"type": "Point", "coordinates": [7.38277, 60.3906]}, "properties": {"name": "Storlifossen", "source": "Wikidata", "wikidata_id": "Q34851780"}}, {"type": "Feature", "id": "foss-wd-Q34851792", "geometry": {"type": "Point", "coordinates": [6.71966, 61.40921]}, "properties": {"name": "Stormofossen", "source": "Wikidata", "wikidata_id": "Q34851792"}}, {"type": "Feature", "id": "foss-wd-Q34851804", "geometry": {"type": "Point", "coordinates": [10.02388, 63.21549]}, "properties": {"name": "Stormorfossen", "source": "Wikidata", "wikidata_id": "Q34851804"}}, {"type": "Feature", "id": "foss-wd-Q34851816", "geometry": {"type": "Point", "coordinates": [8.98338, 58.78943]}, "properties": {"name": "Stormyrfossen", "source": "Wikidata", "wikidata_id": "Q34851816"}}, {"type": "Feature", "id": "foss-wd-Q34851828", "geometry": {"type": "Point", "coordinates": [14.51726, 66.71901]}, "properties": {"name": "Stornesfossen", "source": "Wikidata", "wikidata_id": "Q34851828"}}, {"type": "Feature", "id": "foss-wd-Q34851840", "geometry": {"type": "Point", "coordinates": [11.24121, 63.28064]}, "properties": {"name": "Storprestfossen", "source": "Wikidata", "wikidata_id": "Q34851840"}}, {"type": "Feature", "id": "foss-wd-Q34851851", "geometry": {"type": "Point", "coordinates": [14.89276, 66.82675]}, "properties": {"name": "Storpåskforsen", "source": "Wikidata", "wikidata_id": "Q34851851"}}, {"type": "Feature", "id": "foss-wd-Q34851863", "geometry": {"type": "Point", "coordinates": [9.37169, 63.01931]}, "properties": {"name": "Storstoen", "source": "Wikidata", "wikidata_id": "Q34851863"}}, {"type": "Feature", "id": "foss-wd-Q34851874", "geometry": {"type": "Point", "coordinates": [8.43352, 59.31878]}, "properties": {"name": "Storstraum", "source": "Wikidata", "wikidata_id": "Q34851874"}}, {"type": "Feature", "id": "foss-wd-Q34851886", "geometry": {"type": "Point", "coordinates": [12.04614, 61.02949]}, "properties": {"name": "Storstyggfossen", "source": "Wikidata", "wikidata_id": "Q34851886"}}, {"type": "Feature", "id": "foss-wd-Q34851910", "geometry": {"type": "Point", "coordinates": [6.09575, 59.03003]}, "properties": {"name": "Storåsfoss", "source": "Wikidata", "wikidata_id": "Q34851910"}}, {"type": "Feature", "id": "foss-wd-Q34851922", "geometry": {"type": "Point", "coordinates": [12.44033, 63.79111]}, "properties": {"name": "Straadals Fors", "source": "Wikidata", "wikidata_id": "Q34851922"}}, {"type": "Feature", "id": "foss-wd-Q34851934", "geometry": {"type": "Point", "coordinates": [6.30906, 62.23225]}, "properties": {"name": "Strandabrufossen", "source": "Wikidata", "wikidata_id": "Q34851934"}}, {"type": "Feature", "id": "foss-wd-Q34851946", "geometry": {"type": "Point", "coordinates": [11.52834, 60.91504]}, "properties": {"name": "Strandfossen", "source": "Wikidata", "wikidata_id": "Q34851946"}}, {"type": "Feature", "id": "foss-wd-Q34851957", "geometry": {"type": "Point", "coordinates": [12.29652, 60.67626]}, "properties": {"name": "Strandfossen", "source": "Wikidata", "wikidata_id": "Q34851957"}}, {"type": "Feature", "id": "foss-wd-Q34851970", "geometry": {"type": "Point", "coordinates": [11.55079, 64.29391]}, "properties": {"name": "Strandfossen", "source": "Wikidata", "wikidata_id": "Q34851970"}}, {"type": "Feature", "id": "foss-wd-Q34851982", "geometry": {"type": "Point", "coordinates": [14.15684, 67.03954]}, "properties": {"name": "Strandfossen", "source": "Wikidata", "wikidata_id": "Q34851982"}}, {"type": "Feature", "id": "foss-wd-Q34852005", "geometry": {"type": "Point", "coordinates": [13.94689, 64.23839]}, "properties": {"name": "Strifossen", "source": "Wikidata", "wikidata_id": "Q34852005"}}, {"type": "Feature", "id": "foss-wd-Q34852017", "geometry": {"type": "Point", "coordinates": [16.23675, 68.56858]}, "properties": {"name": "Strifossen", "source": "Wikidata", "wikidata_id": "Q34852017"}}, {"type": "Feature", "id": "foss-wd-Q34852028", "geometry": {"type": "Point", "coordinates": [5.592, 61.19524]}, "properties": {"name": "Strifossen", "source": "Wikidata", "wikidata_id": "Q34852028"}}, {"type": "Feature", "id": "foss-wd-Q34852039", "geometry": {"type": "Point", "coordinates": [5.8626, 61.24032]}, "properties": {"name": "Striksfossen", "source": "Wikidata", "wikidata_id": "Q34852039"}}, {"type": "Feature", "id": "foss-wd-Q34852053", "geometry": {"type": "Point", "coordinates": [6.53967, 60.02469]}, "properties": {"name": "Strondsfossen", "source": "Wikidata", "wikidata_id": "Q34852053"}}, {"type": "Feature", "id": "foss-wd-Q34852067", "geometry": {"type": "Point", "coordinates": [7.36503, 60.89543]}, "properties": {"name": "Stronkefossen", "source": "Wikidata", "wikidata_id": "Q34852067"}}, {"type": "Feature", "id": "foss-wd-Q34852078", "geometry": {"type": "Point", "coordinates": [6.94995, 60.36232]}, "properties": {"name": "Stryken", "source": "Wikidata", "wikidata_id": "Q34852078"}}, {"type": "Feature", "id": "foss-wd-Q34852090", "geometry": {"type": "Point", "coordinates": [9.91889, 60.55358]}, "properties": {"name": "Strypefossen", "source": "Wikidata", "wikidata_id": "Q34852090"}}, {"type": "Feature", "id": "foss-wd-Q34852102", "geometry": {"type": "Point", "coordinates": [18.5954, 68.75129]}, "properties": {"name": "Strømsmofossen", "source": "Wikidata", "wikidata_id": "Q34852102"}}, {"type": "Feature", "id": "foss-wd-Q34852114", "geometry": {"type": "Point", "coordinates": [14.48854, 67.01189]}, "properties": {"name": "Stubbforsen", "source": "Wikidata", "wikidata_id": "Q34852114"}}, {"type": "Feature", "id": "foss-wd-Q34852127", "geometry": {"type": "Point", "coordinates": [10.10171, 64.02179]}, "properties": {"name": "Stumfossen", "source": "Wikidata", "wikidata_id": "Q34852127"}}, {"type": "Feature", "id": "foss-wd-Q34852141", "geometry": {"type": "Point", "coordinates": [16.07562, 68.14283]}, "properties": {"name": "Stumpen", "source": "Wikidata", "wikidata_id": "Q34852141"}}, {"type": "Feature", "id": "foss-wd-Q34852153", "geometry": {"type": "Point", "coordinates": [22.32406, 69.69192]}, "properties": {"name": "Stuoragårŋi", "source": "Wikidata", "wikidata_id": "Q34852153"}}, {"type": "Feature", "id": "foss-wd-Q34852165", "geometry": {"type": "Point", "coordinates": [24.8265, 69.29029]}, "properties": {"name": "Stuorragårŋi", "source": "Wikidata", "wikidata_id": "Q34852165"}}, {"type": "Feature", "id": "foss-wd-Q34852177", "geometry": {"type": "Point", "coordinates": [12.07764, 61.50014]}, "properties": {"name": "Stupen", "source": "Wikidata", "wikidata_id": "Q34852177"}}, {"type": "Feature", "id": "foss-wd-Q34852189", "geometry": {"type": "Point", "coordinates": [13.9653, 66.16078]}, "properties": {"name": "Stupforsen", "source": "Wikidata", "wikidata_id": "Q34852189"}}, {"type": "Feature", "id": "foss-wd-Q34852202", "geometry": {"type": "Point", "coordinates": [13.92588, 66.31633]}, "properties": {"name": "Stupforsen", "source": "Wikidata", "wikidata_id": "Q34852202"}}, {"type": "Feature", "id": "foss-wd-Q34852214", "geometry": {"type": "Point", "coordinates": [14.38007, 66.34263]}, "properties": {"name": "Stupforsen", "source": "Wikidata", "wikidata_id": "Q34852214"}}, {"type": "Feature", "id": "foss-wd-Q34852225", "geometry": {"type": "Point", "coordinates": [14.64209, 66.38779]}, "properties": {"name": "Stupforsen", "source": "Wikidata", "wikidata_id": "Q34852225"}}, {"type": "Feature", "id": "foss-wd-Q34852236", "geometry": {"type": "Point", "coordinates": [13.95351, 66.45977]}, "properties": {"name": "Stupforsen", "source": "Wikidata", "wikidata_id": "Q34852236"}}, {"type": "Feature", "id": "foss-wd-Q34852245", "geometry": {"type": "Point", "coordinates": [7.57614, 58.59229]}, "properties": {"name": "Stutefossen", "source": "Wikidata", "wikidata_id": "Q34852245"}}, {"type": "Feature", "id": "foss-wd-Q34852258", "geometry": {"type": "Point", "coordinates": [8.97437, 61.61825]}, "properties": {"name": "Stuttgongfossen", "source": "Wikidata", "wikidata_id": "Q34852258"}}, {"type": "Feature", "id": "foss-wd-Q34852270", "geometry": {"type": "Point", "coordinates": [8.00899, 58.89936]}, "properties": {"name": "Stuvestøylfossen", "source": "Wikidata", "wikidata_id": "Q34852270"}}, {"type": "Feature", "id": "foss-wd-Q34852282", "geometry": {"type": "Point", "coordinates": [7.81684, 58.25028]}, "properties": {"name": "Styggedalsfossen", "source": "Wikidata", "wikidata_id": "Q34852282"}}, {"type": "Feature", "id": "foss-wd-Q34852293", "geometry": {"type": "Point", "coordinates": [5.87285, 61.95849]}, "properties": {"name": "Styggefossen", "source": "Wikidata", "wikidata_id": "Q34852293"}}, {"type": "Feature", "id": "foss-wd-Q34852305", "geometry": {"type": "Point", "coordinates": [6.18556, 61.23996]}, "properties": {"name": "Styggefossen", "source": "Wikidata", "wikidata_id": "Q34852305"}}, {"type": "Feature", "id": "foss-wd-Q34852318", "geometry": {"type": "Point", "coordinates": [5.87597, 61.57821]}, "properties": {"name": "Styggelifossen", "source": "Wikidata", "wikidata_id": "Q34852318"}}, {"type": "Feature", "id": "foss-wd-Q34852330", "geometry": {"type": "Point", "coordinates": [11.41151, 60.42592]}, "properties": {"name": "Styggfallet", "source": "Wikidata", "wikidata_id": "Q34852330"}}, {"type": "Feature", "id": "foss-wd-Q34852342", "geometry": {"type": "Point", "coordinates": [23.56516, 69.89816]}, "properties": {"name": "Styggfossen", "source": "Wikidata", "wikidata_id": "Q34852342"}}, {"type": "Feature", "id": "foss-wd-Q34852355", "geometry": {"type": "Point", "coordinates": [12.04584, 61.51978]}, "properties": {"name": "Styggfossen", "source": "Wikidata", "wikidata_id": "Q34852355"}}, {"type": "Feature", "id": "foss-wd-Q34852369", "geometry": {"type": "Point", "coordinates": [19.27378, 68.98475]}, "properties": {"name": "Styggfossen", "source": "Wikidata", "wikidata_id": "Q34852369"}}, {"type": "Feature", "id": "foss-wd-Q34852381", "geometry": {"type": "Point", "coordinates": [18.7761, 68.99912]}, "properties": {"name": "Styggfossen", "source": "Wikidata", "wikidata_id": "Q34852381"}}, {"type": "Feature", "id": "foss-wd-Q34852393", "geometry": {"type": "Point", "coordinates": [18.69143, 69.12748]}, "properties": {"name": "Styggfossen", "source": "Wikidata", "wikidata_id": "Q34852393"}}, {"type": "Feature", "id": "foss-wd-Q34852405", "geometry": {"type": "Point", "coordinates": [11.63769, 63.10522]}, "properties": {"name": "Styttåfallet", "source": "Wikidata", "wikidata_id": "Q34852405"}}, {"type": "Feature", "id": "foss-wd-Q34852417", "geometry": {"type": "Point", "coordinates": [20.16158, 69.51703]}, "properties": {"name": "Stålfossen", "source": "Wikidata", "wikidata_id": "Q34852417"}}, {"type": "Feature", "id": "foss-wd-Q34852429", "geometry": {"type": "Point", "coordinates": [24.64956, 69.37131]}, "properties": {"name": "Ståppoguoika", "source": "Wikidata", "wikidata_id": "Q34852429"}}, {"type": "Feature", "id": "foss-wd-Q34852441", "geometry": {"type": "Point", "coordinates": [7.50005, 61.11114]}, "properties": {"name": "Stødnafossen", "source": "Wikidata", "wikidata_id": "Q34852441"}}, {"type": "Feature", "id": "foss-wd-Q34852455", "geometry": {"type": "Point", "coordinates": [6.76937, 61.4165]}, "properties": {"name": "Stølafossen", "source": "Wikidata", "wikidata_id": "Q34852455"}}, {"type": "Feature", "id": "foss-wd-Q34852467", "geometry": {"type": "Point", "coordinates": [5.53625, 61.21963]}, "properties": {"name": "Stølsfossen", "source": "Wikidata", "wikidata_id": "Q34852467"}}, {"type": "Feature", "id": "foss-wd-Q34852480", "geometry": {"type": "Point", "coordinates": [5.93291, 61.25849]}, "properties": {"name": "Stølsfossen", "source": "Wikidata", "wikidata_id": "Q34852480"}}, {"type": "Feature", "id": "foss-wd-Q34852493", "geometry": {"type": "Point", "coordinates": [7.33219, 61.34745]}, "properties": {"name": "Stølsfossen", "source": "Wikidata", "wikidata_id": "Q34852493"}}, {"type": "Feature", "id": "foss-wd-Q34852506", "geometry": {"type": "Point", "coordinates": [7.94658, 61.39409]}, "properties": {"name": "Stølsmaradalsfossen", "source": "Wikidata", "wikidata_id": "Q34852506"}}, {"type": "Feature", "id": "foss-wd-Q34852519", "geometry": {"type": "Point", "coordinates": [10.24691, 63.96407]}, "properties": {"name": "Støvlfossen", "source": "Wikidata", "wikidata_id": "Q34852519"}}, {"type": "Feature", "id": "foss-wd-Q34852531", "geometry": {"type": "Point", "coordinates": [6.18308, 62.17778]}, "properties": {"name": "Støylefossen", "source": "Wikidata", "wikidata_id": "Q34852531"}}, {"type": "Feature", "id": "foss-wd-Q34852543", "geometry": {"type": "Point", "coordinates": [5.56436, 61.71124]}, "properties": {"name": "Støylsfossen", "source": "Wikidata", "wikidata_id": "Q34852543"}}, {"type": "Feature", "id": "foss-wd-Q34852556", "geometry": {"type": "Point", "coordinates": [17.72677, 69.07118]}, "properties": {"name": "Støytfossen", "source": "Wikidata", "wikidata_id": "Q34852556"}}, {"type": "Feature", "id": "foss-wd-Q34852596", "geometry": {"type": "Point", "coordinates": [12.13956, 63.66073]}, "properties": {"name": "Sulbrufossen", "source": "Wikidata", "wikidata_id": "Q34852596"}}, {"type": "Feature", "id": "foss-wd-Q34852621", "geometry": {"type": "Point", "coordinates": [11.28927, 60.0033]}, "properties": {"name": "Sundfossen", "source": "Wikidata", "wikidata_id": "Q34852621"}}, {"type": "Feature", "id": "foss-wd-Q34852634", "geometry": {"type": "Point", "coordinates": [9.08539, 58.84628]}, "properties": {"name": "Sundsfoss", "source": "Wikidata", "wikidata_id": "Q34852634"}}, {"type": "Feature", "id": "foss-wd-Q34852645", "geometry": {"type": "Point", "coordinates": [7.53295, 58.40982]}, "properties": {"name": "Sundsfossen", "source": "Wikidata", "wikidata_id": "Q34852645"}}, {"type": "Feature", "id": "foss-wd-Q34852657", "geometry": {"type": "Point", "coordinates": [12.37901, 60.00651]}, "properties": {"name": "Sundstrandfossen", "source": "Wikidata", "wikidata_id": "Q34852657"}}, {"type": "Feature", "id": "foss-wd-Q34834023", "geometry": {"type": "Point", "coordinates": [19.60826, 69.22371]}, "properties": {"name": "Bomstadfossen", "source": "Wikidata", "wikidata_id": "Q34834023"}}, {"type": "Feature", "id": "foss-wd-Q34834039", "geometry": {"type": "Point", "coordinates": [17.70796, 69.07904]}, "properties": {"name": "Bongfossen", "source": "Wikidata", "wikidata_id": "Q34834039"}}, {"type": "Feature", "id": "foss-wd-Q34834054", "geometry": {"type": "Point", "coordinates": [7.2732, 58.28469]}, "properties": {"name": "Borgefoss", "source": "Wikidata", "wikidata_id": "Q34834054"}}, {"type": "Feature", "id": "foss-wd-Q34834070", "geometry": {"type": "Point", "coordinates": [11.89636, 62.6329]}, "properties": {"name": "Borgfossen", "source": "Wikidata", "wikidata_id": "Q34834070"}}, {"type": "Feature", "id": "foss-wd-Q34834084", "geometry": {"type": "Point", "coordinates": [5.55593, 60.74086]}, "properties": {"name": "Borvikfossen", "source": "Wikidata", "wikidata_id": "Q34834084"}}, {"type": "Feature", "id": "foss-wd-Q34834100", "geometry": {"type": "Point", "coordinates": [5.83523, 61.04464]}, "properties": {"name": "Botnefossen", "source": "Wikidata", "wikidata_id": "Q34834100"}}, {"type": "Feature", "id": "foss-wd-Q34834115", "geometry": {"type": "Point", "coordinates": [7.36926, 58.4245]}, "properties": {"name": "Botnefossen", "source": "Wikidata", "wikidata_id": "Q34834115"}}, {"type": "Feature", "id": "foss-wd-Q34834128", "geometry": {"type": "Point", "coordinates": [6.6092, 61.05]}, "properties": {"name": "Botolvsfossen", "source": "Wikidata", "wikidata_id": "Q34834128"}}, {"type": "Feature", "id": "foss-wd-Q34834143", "geometry": {"type": "Point", "coordinates": [11.67887, 64.01735]}, "properties": {"name": "Brandseggfossen", "source": "Wikidata", "wikidata_id": "Q34834143"}}, {"type": "Feature", "id": "foss-wd-Q34834158", "geometry": {"type": "Point", "coordinates": [10.55401, 60.52498]}, "properties": {"name": "Braskefoss", "source": "Wikidata", "wikidata_id": "Q34834158"}}, {"type": "Feature", "id": "foss-wd-Q34834175", "geometry": {"type": "Point", "coordinates": [11.78439, 60.70973]}, "properties": {"name": "Braskereidfossen", "source": "Wikidata", "wikidata_id": "Q34834175"}}, {"type": "Feature", "id": "foss-wd-Q34834192", "geometry": {"type": "Point", "coordinates": [5.23149, 61.22923]}, "properties": {"name": "Brattebakkfossen", "source": "Wikidata", "wikidata_id": "Q34834192"}}, {"type": "Feature", "id": "foss-wd-Q34834206", "geometry": {"type": "Point", "coordinates": [9.31563, 60.39632]}, "properties": {"name": "Brattefoss", "source": "Wikidata", "wikidata_id": "Q34834206"}}, {"type": "Feature", "id": "foss-wd-Q34834222", "geometry": {"type": "Point", "coordinates": [10.18667, 59.62969]}, "properties": {"name": "Brattefoss", "source": "Wikidata", "wikidata_id": "Q34834222"}}, {"type": "Feature", "id": "foss-wd-Q34834239", "geometry": {"type": "Point", "coordinates": [5.66957, 61.99316]}, "properties": {"name": "Brattegjølfossen", "source": "Wikidata", "wikidata_id": "Q34834239"}}, {"type": "Feature", "id": "foss-wd-Q34834256", "geometry": {"type": "Point", "coordinates": [9.11525, 60.09166]}, "properties": {"name": "Bratterudfossen", "source": "Wikidata", "wikidata_id": "Q34834256"}}, {"type": "Feature", "id": "foss-wd-Q34834270", "geometry": {"type": "Point", "coordinates": [11.52038, 60.29548]}, "properties": {"name": "Brattfallet", "source": "Wikidata", "wikidata_id": "Q34834270"}}, {"type": "Feature", "id": "foss-wd-Q34834285", "geometry": {"type": "Point", "coordinates": [11.79667, 60.36564]}, "properties": {"name": "Brattfallet", "source": "Wikidata", "wikidata_id": "Q34834285"}}, {"type": "Feature", "id": "foss-wd-Q34834301", "geometry": {"type": "Point", "coordinates": [14.61964, 67.33772]}, "properties": {"name": "Brattforsan", "source": "Wikidata", "wikidata_id": "Q34834301"}}, {"type": "Feature", "id": "foss-wd-Q34834316", "geometry": {"type": "Point", "coordinates": [13.36808, 68.16381]}, "properties": {"name": "Brattforsen", "source": "Wikidata", "wikidata_id": "Q34834316"}}, {"type": "Feature", "id": "foss-wd-Q34834332", "geometry": {"type": "Point", "coordinates": [14.22939, 66.22168]}, "properties": {"name": "Brattforsen", "source": "Wikidata", "wikidata_id": "Q34834332"}}, {"type": "Feature", "id": "foss-wd-Q34834345", "geometry": {"type": "Point", "coordinates": [14.10705, 66.23765]}, "properties": {"name": "Brattforsen", "source": "Wikidata", "wikidata_id": "Q34834345"}}, {"type": "Feature", "id": "foss-wd-Q34834360", "geometry": {"type": "Point", "coordinates": [13.23251, 65.94351]}, "properties": {"name": "Brattforsen", "source": "Wikidata", "wikidata_id": "Q34834360"}}, {"type": "Feature", "id": "foss-wd-Q34834376", "geometry": {"type": "Point", "coordinates": [7.67335, 60.54682]}, "properties": {"name": "Brattfoss", "source": "Wikidata", "wikidata_id": "Q34834376"}}, {"type": "Feature", "id": "foss-wd-Q34834391", "geometry": {"type": "Point", "coordinates": [10.18287, 59.53491]}, "properties": {"name": "Brattfoss", "source": "Wikidata", "wikidata_id": "Q34834391"}}, {"type": "Feature", "id": "foss-wd-Q34834409", "geometry": {"type": "Point", "coordinates": [10.09127, 59.43286]}, "properties": {"name": "Brattfoss", "source": "Wikidata", "wikidata_id": "Q34834409"}}, {"type": "Feature", "id": "foss-wd-Q34834421", "geometry": {"type": "Point", "coordinates": [12.44391, 60.18906]}, "properties": {"name": "Brattfossen", "source": "Wikidata", "wikidata_id": "Q34834421"}}, {"type": "Feature", "id": "foss-wd-Q34834438", "geometry": {"type": "Point", "coordinates": [12.34722, 60.30775]}, "properties": {"name": "Brattfossen", "source": "Wikidata", "wikidata_id": "Q34834438"}}, {"type": "Feature", "id": "foss-wd-Q34834453", "geometry": {"type": "Point", "coordinates": [12.11764, 60.73302]}, "properties": {"name": "Brattfossen", "source": "Wikidata", "wikidata_id": "Q34834453"}}, {"type": "Feature", "id": "foss-wd-Q34834467", "geometry": {"type": "Point", "coordinates": [12.26557, 60.73572]}, "properties": {"name": "Brattfossen", "source": "Wikidata", "wikidata_id": "Q34834467"}}, {"type": "Feature", "id": "foss-wd-Q34834484", "geometry": {"type": "Point", "coordinates": [12.62058, 65.03846]}, "properties": {"name": "Brattfossen", "source": "Wikidata", "wikidata_id": "Q34834484"}}, {"type": "Feature", "id": "foss-wd-Q34834500", "geometry": {"type": "Point", "coordinates": [16.86754, 68.50473]}, "properties": {"name": "Brattfossen", "source": "Wikidata", "wikidata_id": "Q34834500"}}, {"type": "Feature", "id": "foss-wd-Q34834518", "geometry": {"type": "Point", "coordinates": [10.77716, 60.27748]}, "properties": {"name": "Brattfossen", "source": "Wikidata", "wikidata_id": "Q34834518"}}, {"type": "Feature", "id": "foss-wd-Q34834534", "geometry": {"type": "Point", "coordinates": [9.80152, 63.50904]}, "properties": {"name": "Brattfossen", "source": "Wikidata", "wikidata_id": "Q34834534"}}, {"type": "Feature", "id": "foss-wd-Q34834551", "geometry": {"type": "Point", "coordinates": [14.86277, 66.96726]}, "properties": {"name": "Brattførsen", "source": "Wikidata", "wikidata_id": "Q34834551"}}, {"type": "Feature", "id": "foss-wd-Q34834566", "geometry": {"type": "Point", "coordinates": [8.30619, 59.48537]}, "properties": {"name": "Brattrudfossen", "source": "Wikidata", "wikidata_id": "Q34834566"}}, {"type": "Feature", "id": "foss-wd-Q34834579", "geometry": {"type": "Point", "coordinates": [23.26629, 69.87636]}, "properties": {"name": "Brattstraumen", "source": "Wikidata", "wikidata_id": "Q34834579"}}, {"type": "Feature", "id": "foss-wd-Q34834595", "geometry": {"type": "Point", "coordinates": [12.21561, 64.93246]}, "properties": {"name": "Brattåfossen", "source": "Wikidata", "wikidata_id": "Q34834595"}}, {"type": "Feature", "id": "foss-wd-Q34834611", "geometry": {"type": "Point", "coordinates": [14.87887, 66.51984]}, "properties": {"name": "Bredekfossen", "source": "Wikidata", "wikidata_id": "Q34834611"}}, {"type": "Feature", "id": "foss-wd-Q34834629", "geometry": {"type": "Point", "coordinates": [18.68111, 68.69776]}, "properties": {"name": "Bredfallet", "source": "Wikidata", "wikidata_id": "Q34834629"}}, {"type": "Feature", "id": "foss-wd-Q34834643", "geometry": {"type": "Point", "coordinates": [10.20994, 62.84654]}, "properties": {"name": "Bredfossen", "source": "Wikidata", "wikidata_id": "Q34834643"}}, {"type": "Feature", "id": "foss-wd-Q34834659", "geometry": {"type": "Point", "coordinates": [18.67653, 68.70128]}, "properties": {"name": "Brefallsfossen", "source": "Wikidata", "wikidata_id": "Q34834659"}}, {"type": "Feature", "id": "foss-wd-Q34834675", "geometry": {"type": "Point", "coordinates": [12.57622, 64.61083]}, "properties": {"name": "Breidfossen", "source": "Wikidata", "wikidata_id": "Q34834675"}}, {"type": "Feature", "id": "foss-wd-Q34834690", "geometry": {"type": "Point", "coordinates": [12.98576, 64.83937]}, "properties": {"name": "Breidfossen", "source": "Wikidata", "wikidata_id": "Q34834690"}}, {"type": "Feature", "id": "foss-wd-Q34834707", "geometry": {"type": "Point", "coordinates": [9.2159, 59.48711]}, "properties": {"name": "Breidstul-fossen", "source": "Wikidata", "wikidata_id": "Q34834707"}}, {"type": "Feature", "id": "foss-wd-Q34834723", "geometry": {"type": "Point", "coordinates": [10.32306, 61.52907]}, "properties": {"name": "Breifallet", "source": "Wikidata", "wikidata_id": "Q34834723"}}, {"type": "Feature", "id": "foss-wd-Q34834740", "geometry": {"type": "Point", "coordinates": [6.47086, 60.72528]}, "properties": {"name": "Breifossen", "source": "Wikidata", "wikidata_id": "Q34834740"}}, {"type": "Feature", "id": "foss-wd-Q34834755", "geometry": {"type": "Point", "coordinates": [6.77779, 62.10121]}, "properties": {"name": "Breifossen", "source": "Wikidata", "wikidata_id": "Q34834755"}}, {"type": "Feature", "id": "foss-wd-Q34834771", "geometry": {"type": "Point", "coordinates": [11.85344, 64.27783]}, "properties": {"name": "Breifossen", "source": "Wikidata", "wikidata_id": "Q34834771"}}, {"type": "Feature", "id": "foss-wd-Q34834787", "geometry": {"type": "Point", "coordinates": [9.36299, 59.53582]}, "properties": {"name": "Breimyrfossen", "source": "Wikidata", "wikidata_id": "Q34834787"}}, {"type": "Feature", "id": "foss-wd-Q34834803", "geometry": {"type": "Point", "coordinates": [5.71054, 62.14831]}, "properties": {"name": "Breiteigsfossen", "source": "Wikidata", "wikidata_id": "Q34834803"}}, {"type": "Feature", "id": "foss-wd-Q34834820", "geometry": {"type": "Point", "coordinates": [12.68046, 64.50787]}, "properties": {"name": "Breivassfossen", "source": "Wikidata", "wikidata_id": "Q34834820"}}, {"type": "Feature", "id": "foss-wd-Q34834836", "geometry": {"type": "Point", "coordinates": [12.83239, 65.43703]}, "properties": {"name": "Breivassfossen", "source": "Wikidata", "wikidata_id": "Q34834836"}}, {"type": "Feature", "id": "foss-wd-Q34834851", "geometry": {"type": "Point", "coordinates": [11.22387, 59.43923]}, "properties": {"name": "Brekke foss", "source": "Wikidata", "wikidata_id": "Q34834851"}}, {"type": "Feature", "id": "foss-wd-Q34834867", "geometry": {"type": "Point", "coordinates": [7.72126, 61.38579]}, "properties": {"name": "Brekkefossen", "source": "Wikidata", "wikidata_id": "Q34834867"}}, {"type": "Feature", "id": "foss-wd-Q34834885", "geometry": {"type": "Point", "coordinates": [8.40544, 59.1327]}, "properties": {"name": "Brekkefossen", "source": "Wikidata", "wikidata_id": "Q34834885"}}, {"type": "Feature", "id": "foss-wd-Q34834900", "geometry": {"type": "Point", "coordinates": [13.47001, 65.90008]}, "properties": {"name": "Brekkforsen", "source": "Wikidata", "wikidata_id": "Q34834900"}}, {"type": "Feature", "id": "foss-wd-Q34834917", "geometry": {"type": "Point", "coordinates": [8.52661, 62.82827]}, "properties": {"name": "Brekkfossen", "source": "Wikidata", "wikidata_id": "Q34834917"}}, {"type": "Feature", "id": "foss-wd-Q34834935", "geometry": {"type": "Point", "coordinates": [13.25058, 65.9681]}, "properties": {"name": "Brengliforsen", "source": "Wikidata", "wikidata_id": "Q34834935"}}, {"type": "Feature", "id": "foss-wd-Q34834949", "geometry": {"type": "Point", "coordinates": [9.15385, 60.84818]}, "properties": {"name": "Brenneføss", "source": "Wikidata", "wikidata_id": "Q34834949"}}, {"type": "Feature", "id": "foss-wd-Q34834966", "geometry": {"type": "Point", "coordinates": [25.06288, 70.54341]}, "properties": {"name": "Brennelvfossen", "source": "Wikidata", "wikidata_id": "Q34834966"}}, {"type": "Feature", "id": "foss-wd-Q34834981", "geometry": {"type": "Point", "coordinates": [10.999, 61.95209]}, "properties": {"name": "Brennesfossen", "source": "Wikidata", "wikidata_id": "Q34834981"}}, {"type": "Feature", "id": "foss-wd-Q34834996", "geometry": {"type": "Point", "coordinates": [9.90159, 61.17239]}, "properties": {"name": "Brennfossen", "source": "Wikidata", "wikidata_id": "Q34834996"}}, {"type": "Feature", "id": "foss-wd-Q34835013", "geometry": {"type": "Point", "coordinates": [10.65636, 63.24372]}, "properties": {"name": "Brennfossen", "source": "Wikidata", "wikidata_id": "Q34835013"}}, {"type": "Feature", "id": "foss-wd-Q34835029", "geometry": {"type": "Point", "coordinates": [18.9208, 69.11231]}, "properties": {"name": "Brennfossen", "source": "Wikidata", "wikidata_id": "Q34835029"}}, {"type": "Feature", "id": "foss-wd-Q34835043", "geometry": {"type": "Point", "coordinates": [9.51809, 60.33188]}, "properties": {"name": "Brennåfoss", "source": "Wikidata", "wikidata_id": "Q34835043"}}, {"type": "Feature", "id": "foss-wd-Q34835059", "geometry": {"type": "Point", "coordinates": [11.03852, 62.55737]}, "properties": {"name": "Brevadfossen", "source": "Wikidata", "wikidata_id": "Q34835059"}}, {"type": "Feature", "id": "foss-wd-Q34835074", "geometry": {"type": "Point", "coordinates": [15.30966, 67.37893]}, "properties": {"name": "Bringebærdikforsen", "source": "Wikidata", "wikidata_id": "Q34835074"}}, {"type": "Feature", "id": "foss-wd-Q34835090", "geometry": {"type": "Point", "coordinates": [7.01734, 60.00686]}, "properties": {"name": "Brokafossen", "source": "Wikidata", "wikidata_id": "Q34835090"}}, {"type": "Feature", "id": "foss-wd-Q34835119", "geometry": {"type": "Point", "coordinates": [7.42114, 58.53219]}, "properties": {"name": "Brokhylfossen", "source": "Wikidata", "wikidata_id": "Q34835119"}}, {"type": "Feature", "id": "foss-wd-Q34835134", "geometry": {"type": "Point", "coordinates": [12.25993, 60.73618]}, "properties": {"name": "Brorfossen", "source": "Wikidata", "wikidata_id": "Q34835134"}}, {"type": "Feature", "id": "foss-wd-Q34835149", "geometry": {"type": "Point", "coordinates": [5.52695, 61.66027]}, "properties": {"name": "Bruafossen", "source": "Wikidata", "wikidata_id": "Q34835149"}}, {"type": "Feature", "id": "foss-wd-Q34835165", "geometry": {"type": "Point", "coordinates": [9.68939, 59.37471]}, "properties": {"name": "Brudefoss", "source": "Wikidata", "wikidata_id": "Q34835165"}}, {"type": "Feature", "id": "foss-wd-Q34835181", "geometry": {"type": "Point", "coordinates": [7.75494, 62.74761]}, "properties": {"name": "Brudesløret", "source": "Wikidata", "wikidata_id": "Q34835181"}}, {"type": "Feature", "id": "foss-wd-Q34835197", "geometry": {"type": "Point", "coordinates": [8.01914, 62.41328]}, "properties": {"name": "Brudesløret", "source": "Wikidata", "wikidata_id": "Q34835197"}}, {"type": "Feature", "id": "foss-wd-Q34835225", "geometry": {"type": "Point", "coordinates": [12.04671, 63.32714]}, "properties": {"name": "Brudesløret", "source": "Wikidata", "wikidata_id": "Q34835225"}}, {"type": "Feature", "id": "foss-wd-Q34835242", "geometry": {"type": "Point", "coordinates": [12.12671, 63.66043]}, "properties": {"name": "Brudesløret", "source": "Wikidata", "wikidata_id": "Q34835242"}}, {"type": "Feature", "id": "foss-wd-Q34835260", "geometry": {"type": "Point", "coordinates": [14.37772, 66.84433]}, "properties": {"name": "Brudesløret", "source": "Wikidata", "wikidata_id": "Q34835260"}}, {"type": "Feature", "id": "foss-wd-Q34835293", "geometry": {"type": "Point", "coordinates": [18.28645, 68.89006]}, "properties": {"name": "Brudesløret", "source": "Wikidata", "wikidata_id": "Q34835293"}}, {"type": "Feature", "id": "foss-wd-Q34835309", "geometry": {"type": "Point", "coordinates": [8.83227, 59.08322]}, "properties": {"name": "Brudgomfossen", "source": "Wikidata", "wikidata_id": "Q34835309"}}, {"type": "Feature", "id": "foss-wd-Q34835326", "geometry": {"type": "Point", "coordinates": [11.58557, 64.00498]}, "properties": {"name": "Bruemfossen", "source": "Wikidata", "wikidata_id": "Q34835326"}}, {"type": "Feature", "id": "foss-wd-Q34835342", "geometry": {"type": "Point", "coordinates": [14.76122, 66.90044]}, "properties": {"name": "Bruforsen", "source": "Wikidata", "wikidata_id": "Q34835342"}}, {"type": "Feature", "id": "foss-wd-Q34835359", "geometry": {"type": "Point", "coordinates": [8.31825, 58.70423]}, "properties": {"name": "Brufoss", "source": "Wikidata", "wikidata_id": "Q34835359"}}, {"type": "Feature", "id": "foss-wd-Q34835375", "geometry": {"type": "Point", "coordinates": [8.6197, 58.71871]}, "properties": {"name": "Brufoss", "source": "Wikidata", "wikidata_id": "Q34835375"}}, {"type": "Feature", "id": "foss-wd-Q34835392", "geometry": {"type": "Point", "coordinates": [8.642, 58.84667]}, "properties": {"name": "Brufoss", "source": "Wikidata", "wikidata_id": "Q34835392"}}, {"type": "Feature", "id": "foss-wd-Q34835408", "geometry": {"type": "Point", "coordinates": [9.99207, 59.42761]}, "properties": {"name": "Brufoss", "source": "Wikidata", "wikidata_id": "Q34835408"}}, {"type": "Feature", "id": "foss-wd-Q34835425", "geometry": {"type": "Point", "coordinates": [8.24243, 58.90221]}, "properties": {"name": "Brufossen", "source": "Wikidata", "wikidata_id": "Q34835425"}}, {"type": "Feature", "id": "foss-wd-Q34835440", "geometry": {"type": "Point", "coordinates": [11.13959, 62.51148]}, "properties": {"name": "Brufossen", "source": "Wikidata", "wikidata_id": "Q34835440"}}, {"type": "Feature", "id": "foss-wd-Q34835456", "geometry": {"type": "Point", "coordinates": [6.30581, 60.07691]}, "properties": {"name": "Brufossen", "source": "Wikidata", "wikidata_id": "Q34835456"}}, {"type": "Feature", "id": "foss-wd-Q34835474", "geometry": {"type": "Point", "coordinates": [8.11575, 62.30179]}, "properties": {"name": "Brufossen", "source": "Wikidata", "wikidata_id": "Q34835474"}}, {"type": "Feature", "id": "foss-wd-Q34835488", "geometry": {"type": "Point", "coordinates": [12.55331, 64.40064]}, "properties": {"name": "Brufossen", "source": "Wikidata", "wikidata_id": "Q34835488"}}, {"type": "Feature", "id": "foss-wd-Q34835505", "geometry": {"type": "Point", "coordinates": [12.79318, 64.35567]}, "properties": {"name": "Brufossen", "source": "Wikidata", "wikidata_id": "Q34835505"}}, {"type": "Feature", "id": "foss-wd-Q34835524", "geometry": {"type": "Point", "coordinates": [11.92745, 63.97192]}, "properties": {"name": "Brufossen", "source": "Wikidata", "wikidata_id": "Q34835524"}}, {"type": "Feature", "id": "foss-wd-Q34835538", "geometry": {"type": "Point", "coordinates": [7.55392, 61.10684]}, "properties": {"name": "Brufossen", "source": "Wikidata", "wikidata_id": "Q34835538"}}, {"type": "Feature", "id": "foss-wd-Q34835555", "geometry": {"type": "Point", "coordinates": [9.7803, 63.55944]}, "properties": {"name": "Brufossen", "source": "Wikidata", "wikidata_id": "Q34835555"}}, {"type": "Feature", "id": "foss-wd-Q34835572", "geometry": {"type": "Point", "coordinates": [8.61254, 60.01795]}, "properties": {"name": "Brufossun", "source": "Wikidata", "wikidata_id": "Q34835572"}}, {"type": "Feature", "id": "foss-wd-Q34835587", "geometry": {"type": "Point", "coordinates": [28.50778, 70.11536]}, "properties": {"name": "Bruggogorži", "source": "Wikidata", "wikidata_id": "Q34835587"}}, {"type": "Feature", "id": "foss-wd-Q34835602", "geometry": {"type": "Point", "coordinates": [10.84913, 60.2782]}, "properties": {"name": "Brunsfossen", "source": "Wikidata", "wikidata_id": "Q34835602"}}, {"type": "Feature", "id": "foss-wd-Q34835636", "geometry": {"type": "Point", "coordinates": [12.20973, 65.00458]}, "properties": {"name": "Brursløret", "source": "Wikidata", "wikidata_id": "Q34835636"}}, {"type": "Feature", "id": "foss-wd-Q34835651", "geometry": {"type": "Point", "coordinates": [6.68619, 58.6517]}, "properties": {"name": "Brynefossane", "source": "Wikidata", "wikidata_id": "Q34835651"}}, {"type": "Feature", "id": "foss-wd-Q34835667", "geometry": {"type": "Point", "coordinates": [17.79522, 68.84527]}, "properties": {"name": "Brynnfossen", "source": "Wikidata", "wikidata_id": "Q34835667"}}, {"type": "Feature", "id": "foss-wd-Q34835682", "geometry": {"type": "Point", "coordinates": [8.72963, 60.03851]}, "properties": {"name": "Bråbekkfossen", "source": "Wikidata", "wikidata_id": "Q34835682"}}, {"type": "Feature", "id": "foss-wd-Q34835697", "geometry": {"type": "Point", "coordinates": [5.35221, 61.12197]}, "properties": {"name": "Bråstadfossen", "source": "Wikidata", "wikidata_id": "Q34835697"}}, {"type": "Feature", "id": "foss-wd-Q34835711", "geometry": {"type": "Point", "coordinates": [8.41382, 58.56179]}, "properties": {"name": "Bråtanfoss", "source": "Wikidata", "wikidata_id": "Q34835711"}}, {"type": "Feature", "id": "foss-wd-Q34835727", "geometry": {"type": "Point", "coordinates": [9.41179, 60.26648]}, "properties": {"name": "Bråtaseterfoss", "source": "Wikidata", "wikidata_id": "Q34835727"}}, {"type": "Feature", "id": "foss-wd-Q34835742", "geometry": {"type": "Point", "coordinates": [12.58147, 61.46755]}, "properties": {"name": "Bråtåfallet", "source": "Wikidata", "wikidata_id": "Q34835742"}}, {"type": "Feature", "id": "foss-wd-Q34835755", "geometry": {"type": "Point", "coordinates": [7.47254, 62.3418]}, "properties": {"name": "Budbrandsdalsfossen", "source": "Wikidata", "wikidata_id": "Q34835755"}}, {"type": "Feature", "id": "foss-wd-Q34835773", "geometry": {"type": "Point", "coordinates": [11.28389, 59.43301]}, "properties": {"name": "Buerfossen", "source": "Wikidata", "wikidata_id": "Q34835773"}}, {"type": "Feature", "id": "foss-wd-Q34835787", "geometry": {"type": "Point", "coordinates": [11.28689, 59.28178]}, "properties": {"name": "Buerfossen", "source": "Wikidata", "wikidata_id": "Q34835787"}}, {"type": "Feature", "id": "foss-wd-Q34835824", "geometry": {"type": "Point", "coordinates": [12.96564, 64.72568]}, "properties": {"name": "Bukkafossan", "source": "Wikidata", "wikidata_id": "Q34835824"}}, {"type": "Feature", "id": "foss-wd-Q34835841", "geometry": {"type": "Point", "coordinates": [6.6408, 60.71104]}, "properties": {"name": "Bukkafossen", "source": "Wikidata", "wikidata_id": "Q34835841"}}, {"type": "Feature", "id": "foss-wd-Q34835857", "geometry": {"type": "Point", "coordinates": [8.80341, 60.67221]}, "properties": {"name": "Bukkesteinfossen", "source": "Wikidata", "wikidata_id": "Q34835857"}}, {"type": "Feature", "id": "foss-wd-Q34835982", "geometry": {"type": "Point", "coordinates": [8.08004, 59.21541]}, "properties": {"name": "Einang", "source": "Wikidata", "wikidata_id": "Q34835982"}}, {"type": "Feature", "id": "foss-wd-Q34836144", "geometry": {"type": "Point", "coordinates": [15.15888, 67.83891]}, "properties": {"name": "Forsen", "source": "Wikidata", "wikidata_id": "Q34836144"}}, {"type": "Feature", "id": "foss-wd-Q34836160", "geometry": {"type": "Point", "coordinates": [16.15872, 68.59738]}, "properties": {"name": "Forsen", "source": "Wikidata", "wikidata_id": "Q34836160"}}, {"type": "Feature", "id": "foss-wd-Q34836177", "geometry": {"type": "Point", "coordinates": [16.76886, 67.99127]}, "properties": {"name": "Forsen", "source": "Wikidata", "wikidata_id": "Q34836177"}}, {"type": "Feature", "id": "foss-wd-Q34836193", "geometry": {"type": "Point", "coordinates": [13.28747, 65.701]}, "properties": {"name": "Forsen", "source": "Wikidata", "wikidata_id": "Q34836193"}}, {"type": "Feature", "id": "foss-wd-Q34836210", "geometry": {"type": "Point", "coordinates": [13.77931, 68.22453]}, "properties": {"name": "Forsen", "source": "Wikidata", "wikidata_id": "Q34836210"}}, {"type": "Feature", "id": "foss-wd-Q34836226", "geometry": {"type": "Point", "coordinates": [19.41773, 69.35044]}, "properties": {"name": "Forsen", "source": "Wikidata", "wikidata_id": "Q34836226"}}, {"type": "Feature", "id": "foss-wd-Q34836241", "geometry": {"type": "Point", "coordinates": [21.24284, 69.83015]}, "properties": {"name": "Forsen", "source": "Wikidata", "wikidata_id": "Q34836241"}}, {"type": "Feature", "id": "foss-wd-Q34836256", "geometry": {"type": "Point", "coordinates": [6.10979, 60.39304]}, "properties": {"name": "Forsetfossen-", "source": "Wikidata", "wikidata_id": "Q34836256"}}, {"type": "Feature", "id": "foss-wd-Q34836273", "geometry": {"type": "Point", "coordinates": [14.02657, 66.45052]}, "properties": {"name": "Forsliforsen", "source": "Wikidata", "wikidata_id": "Q34836273"}}, {"type": "Feature", "id": "foss-wd-Q34836289", "geometry": {"type": "Point", "coordinates": [14.50551, 65.79501]}, "properties": {"name": "Forsmoforsen", "source": "Wikidata", "wikidata_id": "Q34836289"}}, {"type": "Feature", "id": "foss-wd-Q34836502", "geometry": {"type": "Point", "coordinates": [11.87771, 64.90035]}, "properties": {"name": "Fuglvassfossen", "source": "Wikidata", "wikidata_id": "Q34836502"}}, {"type": "Feature", "id": "foss-wd-Q34836518", "geometry": {"type": "Point", "coordinates": [15.85533, 66.96065]}, "properties": {"name": "Fuglvassfossen", "source": "Wikidata", "wikidata_id": "Q34836518"}}, {"type": "Feature", "id": "foss-wd-Q34836566", "geometry": {"type": "Point", "coordinates": [11.9698, 63.99839]}, "properties": {"name": "Fuldalsfossen", "source": "Wikidata", "wikidata_id": "Q34836566"}}, {"type": "Feature", "id": "foss-wd-Q34836581", "geometry": {"type": "Point", "coordinates": [11.53131, 60.1685]}, "properties": {"name": "Funnefoss", "source": "Wikidata", "wikidata_id": "Q34836581"}}, {"type": "Feature", "id": "foss-wd-Q34836596", "geometry": {"type": "Point", "coordinates": [11.25361, 60.9449]}, "properties": {"name": "Furafalla", "source": "Wikidata", "wikidata_id": "Q34836596"}}, {"type": "Feature", "id": "foss-wd-Q34836627", "geometry": {"type": "Point", "coordinates": [14.10789, 66.28331]}, "properties": {"name": "Furuhaugforsen", "source": "Wikidata", "wikidata_id": "Q34836627"}}, {"type": "Feature", "id": "foss-wd-Q34836644", "geometry": {"type": "Point", "coordinates": [16.71397, 68.39311]}, "properties": {"name": "Furuhaugfossen", "source": "Wikidata", "wikidata_id": "Q34836644"}}, {"type": "Feature", "id": "foss-wd-Q34836673", "geometry": {"type": "Point", "coordinates": [23.84387, 69.8228]}, "properties": {"name": "Fállegorsa", "source": "Wikidata", "wikidata_id": "Q34836673"}}, {"type": "Feature", "id": "foss-wd-Q34836688", "geometry": {"type": "Point", "coordinates": [6.02977, 61.91278]}, "properties": {"name": "Fåhølsfoss", "source": "Wikidata", "wikidata_id": "Q34836688"}}, {"type": "Feature", "id": "foss-wd-Q34836704", "geometry": {"type": "Point", "coordinates": [8.80039, 59.64027]}, "properties": {"name": "Fårlegholsfoss", "source": "Wikidata", "wikidata_id": "Q34836704"}}, {"type": "Feature", "id": "foss-wd-Q34836719", "geometry": {"type": "Point", "coordinates": [15.30949, 67.01719]}, "properties": {"name": "Førsenden", "source": "Wikidata", "wikidata_id": "Q34836719"}}, {"type": "Feature", "id": "foss-wd-Q34836735", "geometry": {"type": "Point", "coordinates": [9.62363, 60.86317]}, "properties": {"name": "Føssatn", "source": "Wikidata", "wikidata_id": "Q34836735"}}, {"type": "Feature", "id": "foss-wd-Q34836750", "geometry": {"type": "Point", "coordinates": [8.30842, 61.20715]}, "properties": {"name": "Føssen", "source": "Wikidata", "wikidata_id": "Q34836750"}}, {"type": "Feature", "id": "foss-wd-Q34836766", "geometry": {"type": "Point", "coordinates": [23.70299, 69.76714]}, "properties": {"name": "Gabo", "source": "Wikidata", "wikidata_id": "Q34836766"}}, {"type": "Feature", "id": "foss-wd-Q34836782", "geometry": {"type": "Point", "coordinates": [13.75106, 66.06773]}, "properties": {"name": "Gabrielforsen", "source": "Wikidata", "wikidata_id": "Q34836782"}}, {"type": "Feature", "id": "foss-wd-Q34836799", "geometry": {"type": "Point", "coordinates": [9.72053, 59.79927]}, "properties": {"name": "Galaseterfossen", "source": "Wikidata", "wikidata_id": "Q34836799"}}, {"type": "Feature", "id": "foss-wd-Q34836813", "geometry": {"type": "Point", "coordinates": [24.86361, 69.31145]}, "properties": {"name": "Galdujåkguoika", "source": "Wikidata", "wikidata_id": "Q34836813"}}, {"type": "Feature", "id": "foss-wd-Q34836830", "geometry": {"type": "Point", "coordinates": [8.46383, 59.0045]}, "properties": {"name": "Gamafossen", "source": "Wikidata", "wikidata_id": "Q34836830"}}, {"type": "Feature", "id": "foss-wd-Q34836846", "geometry": {"type": "Point", "coordinates": [17.72249, 68.5548]}, "properties": {"name": "Gambergfossen", "source": "Wikidata", "wikidata_id": "Q34836846"}}, {"type": "Feature", "id": "foss-wd-Q34836862", "geometry": {"type": "Point", "coordinates": [15.08133, 67.02984]}, "properties": {"name": "Gamforsen", "source": "Wikidata", "wikidata_id": "Q34836862"}}, {"type": "Feature", "id": "foss-wd-Q34836877", "geometry": {"type": "Point", "coordinates": [15.63103, 66.77673]}, "properties": {"name": "Gamforsen", "source": "Wikidata", "wikidata_id": "Q34836877"}}, {"type": "Feature", "id": "foss-wd-Q34836893", "geometry": {"type": "Point", "coordinates": [15.45423, 66.7879]}, "properties": {"name": "Gamfossen", "source": "Wikidata", "wikidata_id": "Q34836893"}}, {"type": "Feature", "id": "foss-wd-Q34836911", "geometry": {"type": "Point", "coordinates": [14.84726, 66.96993]}, "properties": {"name": "Gamførsen", "source": "Wikidata", "wikidata_id": "Q34836911"}}, {"type": "Feature", "id": "foss-wd-Q34836926", "geometry": {"type": "Point", "coordinates": [5.72683, 60.50695]}, "properties": {"name": "Gamle Fossen", "source": "Wikidata", "wikidata_id": "Q34836926"}}, {"type": "Feature", "id": "foss-wd-Q34836941", "geometry": {"type": "Point", "coordinates": [17.39084, 69.17534]}, "properties": {"name": "Gammalsæterfossen", "source": "Wikidata", "wikidata_id": "Q34836941"}}, {"type": "Feature", "id": "foss-wd-Q34836957", "geometry": {"type": "Point", "coordinates": [10.49229, 62.88564]}, "properties": {"name": "Gammelbrufossen", "source": "Wikidata", "wikidata_id": "Q34836957"}}, {"type": "Feature", "id": "foss-wd-Q34836973", "geometry": {"type": "Point", "coordinates": [17.7095, 69.08009]}, "properties": {"name": "Gammelbrufossen", "source": "Wikidata", "wikidata_id": "Q34836973"}}, {"type": "Feature", "id": "foss-wd-Q34836988", "geometry": {"type": "Point", "coordinates": [15.14215, 67.125]}, "properties": {"name": "Gammeldalsforsen", "source": "Wikidata", "wikidata_id": "Q34836988"}}, {"type": "Feature", "id": "foss-wd-Q34837022", "geometry": {"type": "Point", "coordinates": [12.60909, 64.65761]}, "properties": {"name": "Gammelkvennfossen", "source": "Wikidata", "wikidata_id": "Q34837022"}}, {"type": "Feature", "id": "foss-wd-Q34837042", "geometry": {"type": "Point", "coordinates": [9.95977, 63.86973]}, "properties": {"name": "Gammelkvennfossen", "source": "Wikidata", "wikidata_id": "Q34837042"}}, {"type": "Feature", "id": "foss-wd-Q34837054", "geometry": {"type": "Point", "coordinates": [11.97221, 61.7183]}, "properties": {"name": "Gammelkvernhusfossen", "source": "Wikidata", "wikidata_id": "Q34837054"}}, {"type": "Feature", "id": "foss-wd-Q34837069", "geometry": {"type": "Point", "coordinates": [7.92669, 62.95833]}, "properties": {"name": "Gammelreita", "source": "Wikidata", "wikidata_id": "Q34837069"}}, {"type": "Feature", "id": "foss-wd-Q34837083", "geometry": {"type": "Point", "coordinates": [12.00809, 63.98135]}, "properties": {"name": "Gammelsagfossen", "source": "Wikidata", "wikidata_id": "Q34837083"}}, {"type": "Feature", "id": "foss-wd-Q34837098", "geometry": {"type": "Point", "coordinates": [10.81715, 63.89439]}, "properties": {"name": "Gammelsagfossen", "source": "Wikidata", "wikidata_id": "Q34837098"}}, {"type": "Feature", "id": "foss-wd-Q34837114", "geometry": {"type": "Point", "coordinates": [10.56166, 62.81242]}, "properties": {"name": "Gammelsagfossen", "source": "Wikidata", "wikidata_id": "Q34837114"}}, {"type": "Feature", "id": "foss-wd-Q34837130", "geometry": {"type": "Point", "coordinates": [10.17321, 63.75571]}, "properties": {"name": "Gammelsagfossen", "source": "Wikidata", "wikidata_id": "Q34837130"}}, {"type": "Feature", "id": "foss-wd-Q34837145", "geometry": {"type": "Point", "coordinates": [9.65828, 63.40181]}, "properties": {"name": "Gammelsagfossen", "source": "Wikidata", "wikidata_id": "Q34837145"}}, {"type": "Feature", "id": "foss-wd-Q34837162", "geometry": {"type": "Point", "coordinates": [10.13966, 61.54383]}, "properties": {"name": "Gangtrefossen", "source": "Wikidata", "wikidata_id": "Q34837162"}}, {"type": "Feature", "id": "foss-wd-Q34837177", "geometry": {"type": "Point", "coordinates": [13.04981, 64.69854]}, "properties": {"name": "Gangtrøfossen", "source": "Wikidata", "wikidata_id": "Q34837177"}}, {"type": "Feature", "id": "foss-wd-Q34837193", "geometry": {"type": "Point", "coordinates": [11.2418, 59.43603]}, "properties": {"name": "Gapestadfossen", "source": "Wikidata", "wikidata_id": "Q34837193"}}, {"type": "Feature", "id": "foss-wd-Q34837209", "geometry": {"type": "Point", "coordinates": [6.39928, 61.41378]}, "properties": {"name": "Gardafossen", "source": "Wikidata", "wikidata_id": "Q34837209"}}, {"type": "Feature", "id": "foss-wd-Q34837222", "geometry": {"type": "Point", "coordinates": [12.75199, 65.02104]}, "properties": {"name": "Gardfossen", "source": "Wikidata", "wikidata_id": "Q34837222"}}, {"type": "Feature", "id": "foss-wd-Q34837238", "geometry": {"type": "Point", "coordinates": [17.98442, 68.92392]}, "properties": {"name": "Garguheimfossen", "source": "Wikidata", "wikidata_id": "Q34837238"}}, {"type": "Feature", "id": "foss-wd-Q34837254", "geometry": {"type": "Point", "coordinates": [11.00497, 60.1836]}, "properties": {"name": "Garvefossen", "source": "Wikidata", "wikidata_id": "Q34837254"}}, {"type": "Feature", "id": "foss-wd-Q34837270", "geometry": {"type": "Point", "coordinates": [8.10823, 58.20632]}, "properties": {"name": "Garverifossen", "source": "Wikidata", "wikidata_id": "Q34837270"}}, {"type": "Feature", "id": "foss-wd-Q34837287", "geometry": {"type": "Point", "coordinates": [10.23283, 63.11053]}, "properties": {"name": "Gaulfossen", "source": "Wikidata", "wikidata_id": "Q34837287"}}, {"type": "Feature", "id": "foss-wd-Q34837303", "geometry": {"type": "Point", "coordinates": [7.36644, 58.1433]}, "properties": {"name": "Gaupefossen", "source": "Wikidata", "wikidata_id": "Q34837303"}}, {"type": "Feature", "id": "foss-wd-Q34837320", "geometry": {"type": "Point", "coordinates": [6.95241, 61.16474]}, "properties": {"name": "Gautefossen", "source": "Wikidata", "wikidata_id": "Q34837320"}}, {"type": "Feature", "id": "foss-wd-Q34837336", "geometry": {"type": "Point", "coordinates": [7.30974, 61.61057]}, "properties": {"name": "Geisdalsfossen", "source": "Wikidata", "wikidata_id": "Q34837336"}}, {"type": "Feature", "id": "foss-wd-Q34837352", "geometry": {"type": "Point", "coordinates": [6.2405, 62.2217]}, "properties": {"name": "Geitafossen", "source": "Wikidata", "wikidata_id": "Q34837352"}}, {"type": "Feature", "id": "foss-wd-Q34837368", "geometry": {"type": "Point", "coordinates": [6.14567, 62.28831]}, "properties": {"name": "Geitafossen", "source": "Wikidata", "wikidata_id": "Q34837368"}}, {"type": "Feature", "id": "foss-wd-Q34837384", "geometry": {"type": "Point", "coordinates": [12.22091, 64.99243]}, "properties": {"name": "Geitafossen", "source": "Wikidata", "wikidata_id": "Q34837384"}}, {"type": "Feature", "id": "foss-wd-Q34837400", "geometry": {"type": "Point", "coordinates": [13.62841, 66.05519]}, "properties": {"name": "Geitforsen", "source": "Wikidata", "wikidata_id": "Q34837400"}}, {"type": "Feature", "id": "foss-wd-Q34837414", "geometry": {"type": "Point", "coordinates": [9.56959, 60.78204]}, "properties": {"name": "Geitføssen", "source": "Wikidata", "wikidata_id": "Q34837414"}}, {"type": "Feature", "id": "foss-wd-Q34837430", "geometry": {"type": "Point", "coordinates": [8.97462, 59.52713]}, "properties": {"name": "Geithølfossen", "source": "Wikidata", "wikidata_id": "Q34837430"}}, {"type": "Feature", "id": "foss-wd-Q34837463", "geometry": {"type": "Point", "coordinates": [18.09984, 68.82029]}, "properties": {"name": "Geresgorsa", "source": "Wikidata", "wikidata_id": "Q34837463"}}, {"type": "Feature", "id": "foss-wd-Q34837477", "geometry": {"type": "Point", "coordinates": [24.75861, 69.2116]}, "properties": {"name": "Gied'deguoi'ka", "source": "Wikidata", "wikidata_id": "Q34837477"}}, {"type": "Feature", "id": "foss-wd-Q34837494", "geometry": {"type": "Point", "coordinates": [23.56564, 69.18707]}, "properties": {"name": "Gievdneguoika", "source": "Wikidata", "wikidata_id": "Q34837494"}}, {"type": "Feature", "id": "foss-wd-Q34837509", "geometry": {"type": "Point", "coordinates": [12.31023, 64.18527]}, "properties": {"name": "Gifstadfossen", "source": "Wikidata", "wikidata_id": "Q34837509"}}, {"type": "Feature", "id": "foss-wd-Q34837525", "geometry": {"type": "Point", "coordinates": [5.50402, 60.51888]}, "properties": {"name": "Giljafossen", "source": "Wikidata", "wikidata_id": "Q34837525"}}, {"type": "Feature", "id": "foss-wd-Q34837541", "geometry": {"type": "Point", "coordinates": [7.54589, 61.22149]}, "properties": {"name": "Giljaholet", "source": "Wikidata", "wikidata_id": "Q34837541"}}, {"type": "Feature", "id": "foss-wd-Q34837556", "geometry": {"type": "Point", "coordinates": [6.64777, 62.35586]}, "properties": {"name": "Gimsdalsfossen", "source": "Wikidata", "wikidata_id": "Q34837556"}}, {"type": "Feature", "id": "foss-wd-Q34837573", "geometry": {"type": "Point", "coordinates": [10.19791, 59.36588]}, "properties": {"name": "Gislerød sagfoss", "source": "Wikidata", "wikidata_id": "Q34837573"}}, {"type": "Feature", "id": "foss-wd-Q34837589", "geometry": {"type": "Point", "coordinates": [9.13188, 59.63779]}, "properties": {"name": "Gjeitefoss", "source": "Wikidata", "wikidata_id": "Q34837589"}}, {"type": "Feature", "id": "foss-wd-Q34837605", "geometry": {"type": "Point", "coordinates": [12.04944, 63.66443]}, "properties": {"name": "Gjelfossan", "source": "Wikidata", "wikidata_id": "Q34837605"}}, {"type": "Feature", "id": "foss-wd-Q34837621", "geometry": {"type": "Point", "coordinates": [5.84037, 61.05084]}, "properties": {"name": "Gjelrånfossen", "source": "Wikidata", "wikidata_id": "Q34837621"}}, {"type": "Feature", "id": "foss-wd-Q34837638", "geometry": {"type": "Point", "coordinates": [5.94732, 61.65849]}, "properties": {"name": "Gjengedalsfossen", "source": "Wikidata", "wikidata_id": "Q34837638"}}, {"type": "Feature", "id": "foss-wd-Q34837689", "geometry": {"type": "Point", "coordinates": [18.31578, 69.30974]}, "properties": {"name": "Gjerdfossen", "source": "Wikidata", "wikidata_id": "Q34837689"}}, {"type": "Feature", "id": "foss-wd-Q34837706", "geometry": {"type": "Point", "coordinates": [15.99686, 67.64338]}, "properties": {"name": "Gjerfallet", "source": "Wikidata", "wikidata_id": "Q34837706"}}, {"type": "Feature", "id": "foss-wd-Q34837721", "geometry": {"type": "Point", "coordinates": [11.40945, 64.33243]}, "properties": {"name": "Gjermundfossen", "source": "Wikidata", "wikidata_id": "Q34837721"}}, {"type": "Feature", "id": "foss-wd-Q34837737", "geometry": {"type": "Point", "coordinates": [8.92456, 59.17515]}, "properties": {"name": "Gjerstodfossen", "source": "Wikidata", "wikidata_id": "Q34837737"}}, {"type": "Feature", "id": "foss-wd-Q34837755", "geometry": {"type": "Point", "coordinates": [5.55938, 60.49766]}, "properties": {"name": "Gjerståfossen", "source": "Wikidata", "wikidata_id": "Q34837755"}}, {"type": "Feature", "id": "foss-wd-Q34837768", "geometry": {"type": "Point", "coordinates": [8.42601, 59.46078]}, "properties": {"name": "Gjersund nedre", "source": "Wikidata", "wikidata_id": "Q34837768"}}, {"type": "Feature", "id": "foss-wd-Q34837785", "geometry": {"type": "Point", "coordinates": [8.42112, 59.46119]}, "properties": {"name": "Gjersund øvre", "source": "Wikidata", "wikidata_id": "Q34837785"}}, {"type": "Feature", "id": "foss-wd-Q34837818", "geometry": {"type": "Point", "coordinates": [17.16589, 69.25597]}, "properties": {"name": "Gjeskefossen", "source": "Wikidata", "wikidata_id": "Q34837818"}}, {"type": "Feature", "id": "foss-wd-Q34837834", "geometry": {"type": "Point", "coordinates": [7.34069, 59.27849]}, "properties": {"name": "Gjesløyfossen", "source": "Wikidata", "wikidata_id": "Q34837834"}}, {"type": "Feature", "id": "foss-wd-Q34837852", "geometry": {"type": "Point", "coordinates": [8.1741, 58.95719]}, "properties": {"name": "Gjevdefossen", "source": "Wikidata", "wikidata_id": "Q34837852"}}, {"type": "Feature", "id": "foss-wd-Q34837868", "geometry": {"type": "Point", "coordinates": [9.61802, 60.98734]}, "properties": {"name": "Gjuvfossen", "source": "Wikidata", "wikidata_id": "Q34837868"}}, {"type": "Feature", "id": "foss-wd-Q34837884", "geometry": {"type": "Point", "coordinates": [8.28443, 61.68955]}, "properties": {"name": "Gjuvfossen", "source": "Wikidata", "wikidata_id": "Q34837884"}}, {"type": "Feature", "id": "foss-wd-Q34837901", "geometry": {"type": "Point", "coordinates": [11.41012, 59.41123]}, "properties": {"name": "Gjølstadfoss", "source": "Wikidata", "wikidata_id": "Q34837901"}}, {"type": "Feature", "id": "foss-wd-Q34837918", "geometry": {"type": "Point", "coordinates": [12.02223, 60.27608]}, "properties": {"name": "Gjølstadfossen", "source": "Wikidata", "wikidata_id": "Q34837918"}}, {"type": "Feature", "id": "foss-wd-Q34837935", "geometry": {"type": "Point", "coordinates": [5.84697, 61.73586]}, "properties": {"name": "Glennefossen", "source": "Wikidata", "wikidata_id": "Q34837935"}}, {"type": "Feature", "id": "foss-wd-Q34837949", "geometry": {"type": "Point", "coordinates": [7.03959, 58.19631]}, "properties": {"name": "Glofossen", "source": "Wikidata", "wikidata_id": "Q34837949"}}, {"type": "Feature", "id": "foss-wd-Q34837967", "geometry": {"type": "Point", "coordinates": [6.63168, 59.29604]}, "properties": {"name": "Glommedalsfossen", "source": "Wikidata", "wikidata_id": "Q34837967"}}, {"type": "Feature", "id": "foss-wd-Q34837981", "geometry": {"type": "Point", "coordinates": [7.49361, 59.28266]}, "properties": {"name": "Gloppefossen", "source": "Wikidata", "wikidata_id": "Q34837981"}}, {"type": "Feature", "id": "foss-wd-Q34837998", "geometry": {"type": "Point", "coordinates": [7.06996, 58.47276]}, "properties": {"name": "Gloppefossen", "source": "Wikidata", "wikidata_id": "Q34837998"}}, {"type": "Feature", "id": "foss-wd-Q34838031", "geometry": {"type": "Point", "coordinates": [7.41968, 58.41609]}, "properties": {"name": "Glymstre", "source": "Wikidata", "wikidata_id": "Q34838031"}}, {"type": "Feature", "id": "foss-wd-Q34838046", "geometry": {"type": "Point", "coordinates": [10.05836, 63.00478]}, "properties": {"name": "Glømsefossen", "source": "Wikidata", "wikidata_id": "Q34838046"}}, {"type": "Feature", "id": "foss-wd-Q34838063", "geometry": {"type": "Point", "coordinates": [11.82935, 61.93633]}, "properties": {"name": "Gløtfossen", "source": "Wikidata", "wikidata_id": "Q34838063"}}, {"type": "Feature", "id": "foss-wd-Q34838079", "geometry": {"type": "Point", "coordinates": [8.12542, 59.13957]}, "properties": {"name": "Gløvfossen", "source": "Wikidata", "wikidata_id": "Q34838079"}}, {"type": "Feature", "id": "foss-wd-Q34838093", "geometry": {"type": "Point", "coordinates": [9.40172, 59.54464]}, "properties": {"name": "Goddalsfossan", "source": "Wikidata", "wikidata_id": "Q34838093"}}, {"type": "Feature", "id": "foss-wd-Q34838118", "geometry": {"type": "Point", "coordinates": [20.97813, 69.42209]}, "properties": {"name": "Tørrfossen", "source": "Wikidata", "wikidata_id": "Q34838118"}}, {"type": "Feature", "id": "foss-wd-Q34838134", "geometry": {"type": "Point", "coordinates": [6.18844, 59.71449]}, "properties": {"name": "Gollafossen", "source": "Wikidata", "wikidata_id": "Q34838134"}}, {"type": "Feature", "id": "foss-wd-Q34838150", "geometry": {"type": "Point", "coordinates": [16.53115, 67.78126]}, "properties": {"name": "Golmmasuorak", "source": "Wikidata", "wikidata_id": "Q34838150"}}, {"type": "Feature", "id": "foss-wd-Q34838181", "geometry": {"type": "Point", "coordinates": [25.03225, 70.33983]}, "properties": {"name": "Gorbovuongorŋi", "source": "Wikidata", "wikidata_id": "Q34838181"}}, {"type": "Feature", "id": "foss-wd-Q34838230", "geometry": {"type": "Point", "coordinates": [20.9822, 69.40004]}, "properties": {"name": "Gorŋi", "source": "Wikidata", "wikidata_id": "Q34838230"}}, {"type": "Feature", "id": "foss-wd-Q34838245", "geometry": {"type": "Point", "coordinates": [17.38294, 68.61683]}, "properties": {"name": "Gorŋi", "source": "Wikidata", "wikidata_id": "Q34838245"}}, {"type": "Feature", "id": "foss-wd-Q34838279", "geometry": {"type": "Point", "coordinates": [10.93759, 63.34825]}, "properties": {"name": "Gottesfossen", "source": "Wikidata", "wikidata_id": "Q34838279"}}, {"type": "Feature", "id": "foss-wd-Q34838309", "geometry": {"type": "Point", "coordinates": [10.48428, 64.00066]}, "properties": {"name": "Grafossen", "source": "Wikidata", "wikidata_id": "Q34838309"}}, {"type": "Feature", "id": "foss-wd-Q34838327", "geometry": {"type": "Point", "coordinates": [7.34224, 58.23389]}, "properties": {"name": "Gramsfossen", "source": "Wikidata", "wikidata_id": "Q34838327"}}, {"type": "Feature", "id": "foss-wd-Q34838340", "geometry": {"type": "Point", "coordinates": [6.78198, 61.43307]}, "properties": {"name": "Grandafossen", "source": "Wikidata", "wikidata_id": "Q34838340"}}, {"type": "Feature", "id": "foss-wd-Q34838358", "geometry": {"type": "Point", "coordinates": [11.95318, 64.4401]}, "properties": {"name": "Grandaunfossen", "source": "Wikidata", "wikidata_id": "Q34838358"}}, {"type": "Feature", "id": "foss-wd-Q34838373", "geometry": {"type": "Point", "coordinates": [6.39659, 59.15386]}, "properties": {"name": "Granefossane", "source": "Wikidata", "wikidata_id": "Q34838373"}}, {"type": "Feature", "id": "foss-wd-Q34838388", "geometry": {"type": "Point", "coordinates": [7.01616, 58.449]}, "properties": {"name": "Granen", "source": "Wikidata", "wikidata_id": "Q34838388"}}, {"type": "Feature", "id": "foss-wd-Q34838403", "geometry": {"type": "Point", "coordinates": [11.93527, 63.80573]}, "properties": {"name": "Granfossen", "source": "Wikidata", "wikidata_id": "Q34838403"}}, {"type": "Feature", "id": "foss-wd-Q34838419", "geometry": {"type": "Point", "coordinates": [14.37442, 65.46111]}, "properties": {"name": "Granholmforsen", "source": "Wikidata", "wikidata_id": "Q34838419"}}, {"type": "Feature", "id": "foss-wd-Q34838452", "geometry": {"type": "Point", "coordinates": [11.75667, 60.02454]}, "properties": {"name": "Grasbråtafossen", "source": "Wikidata", "wikidata_id": "Q34838452"}}, {"type": "Feature", "id": "foss-wd-Q34838466", "geometry": {"type": "Point", "coordinates": [9.29191, 60.28806]}, "properties": {"name": "Grashølfossen", "source": "Wikidata", "wikidata_id": "Q34838466"}}, {"type": "Feature", "id": "foss-wd-Q34838482", "geometry": {"type": "Point", "coordinates": [11.76912, 63.04202]}, "properties": {"name": "Gravbakkfossen", "source": "Wikidata", "wikidata_id": "Q34838482"}}, {"type": "Feature", "id": "foss-wd-Q34838497", "geometry": {"type": "Point", "coordinates": [12.5527, 64.27309]}, "properties": {"name": "Gravbrøtfossen", "source": "Wikidata", "wikidata_id": "Q34838497"}}, {"type": "Feature", "id": "foss-wd-Q34838513", "geometry": {"type": "Point", "coordinates": [8.01459, 62.4126]}, "properties": {"name": "Gravdefossen", "source": "Wikidata", "wikidata_id": "Q34838513"}}, {"type": "Feature", "id": "foss-wd-Q34838527", "geometry": {"type": "Point", "coordinates": [9.67832, 59.61572]}, "properties": {"name": "Gravenfoss", "source": "Wikidata", "wikidata_id": "Q34838527"}}, {"type": "Feature", "id": "foss-wd-Q34838541", "geometry": {"type": "Point", "coordinates": [9.94743, 59.93095]}, "properties": {"name": "Gravfoss", "source": "Wikidata", "wikidata_id": "Q34838541"}}, {"type": "Feature", "id": "foss-wd-Q34838555", "geometry": {"type": "Point", "coordinates": [13.74521, 64.16419]}, "properties": {"name": "Gravfossen", "source": "Wikidata", "wikidata_id": "Q34838555"}}, {"type": "Feature", "id": "foss-wd-Q34838571", "geometry": {"type": "Point", "coordinates": [12.30883, 60.34598]}, "properties": {"name": "Gravsjøfallet", "source": "Wikidata", "wikidata_id": "Q34838571"}}, {"type": "Feature", "id": "foss-wd-Q34838602", "geometry": {"type": "Point", "coordinates": [7.63887, 58.31781]}, "properties": {"name": "Gregosfossen", "source": "Wikidata", "wikidata_id": "Q34838602"}}, {"type": "Feature", "id": "foss-wd-Q34838615", "geometry": {"type": "Point", "coordinates": [8.04051, 60.68945]}, "properties": {"name": "Greinefossen", "source": "Wikidata", "wikidata_id": "Q34838615"}}, {"type": "Feature", "id": "foss-wd-Q34838630", "geometry": {"type": "Point", "coordinates": [15.30947, 67.41002]}, "properties": {"name": "Greinlifossen", "source": "Wikidata", "wikidata_id": "Q34838630"}}, {"type": "Feature", "id": "foss-wd-Q34838660", "geometry": {"type": "Point", "coordinates": [11.92692, 63.83503]}, "properties": {"name": "Grensfossen", "source": "Wikidata", "wikidata_id": "Q34838660"}}, {"type": "Feature", "id": "foss-wd-Q34838676", "geometry": {"type": "Point", "coordinates": [14.20396, 66.41279]}, "properties": {"name": "Gresshølforsen", "source": "Wikidata", "wikidata_id": "Q34838676"}}, {"type": "Feature", "id": "foss-wd-Q34838691", "geometry": {"type": "Point", "coordinates": [7.52913, 58.11829]}, "properties": {"name": "Grimefossen", "source": "Wikidata", "wikidata_id": "Q34838691"}}, {"type": "Feature", "id": "foss-wd-Q34838707", "geometry": {"type": "Point", "coordinates": [7.47685, 59.06747]}, "properties": {"name": "Grimtsveitsfossen", "source": "Wikidata", "wikidata_id": "Q34838707"}}, {"type": "Feature", "id": "foss-wd-Q34838722", "geometry": {"type": "Point", "coordinates": [7.50884, 59.13237]}, "properties": {"name": "Grindeskarfossen", "source": "Wikidata", "wikidata_id": "Q34838722"}}, {"type": "Feature", "id": "foss-wd-Q34838738", "geometry": {"type": "Point", "coordinates": [10.28152, 61.01402]}, "properties": {"name": "Grindfallet", "source": "Wikidata", "wikidata_id": "Q34838738"}}, {"type": "Feature", "id": "foss-wd-Q34838753", "geometry": {"type": "Point", "coordinates": [11.80271, 60.37283]}, "properties": {"name": "Grinnfallet", "source": "Wikidata", "wikidata_id": "Q34838753"}}, {"type": "Feature", "id": "foss-wd-Q34838770", "geometry": {"type": "Point", "coordinates": [7.46005, 59.05006]}, "properties": {"name": "Grolifossen", "source": "Wikidata", "wikidata_id": "Q34838770"}}, {"type": "Feature", "id": "foss-wd-Q34838786", "geometry": {"type": "Point", "coordinates": [6.32528, 59.46794]}, "properties": {"name": "Grovafossen", "source": "Wikidata", "wikidata_id": "Q34838786"}}, {"type": "Feature", "id": "foss-wd-Q34838801", "geometry": {"type": "Point", "coordinates": [9.009, 58.97714]}, "properties": {"name": "Grubbefossen", "source": "Wikidata", "wikidata_id": "Q34838801"}}, {"type": "Feature", "id": "foss-wd-Q34838833", "geometry": {"type": "Point", "coordinates": [5.53193, 60.76268]}, "properties": {"name": "Grunnevassfossen", "source": "Wikidata", "wikidata_id": "Q34838833"}}, {"type": "Feature", "id": "foss-wd-Q34838851", "geometry": {"type": "Point", "coordinates": [6.6901, 59.47749]}, "properties": {"name": "Grunnevassfossen", "source": "Wikidata", "wikidata_id": "Q34838851"}}, {"type": "Feature", "id": "foss-wd-Q34838867", "geometry": {"type": "Point", "coordinates": [11.81235, 63.79183]}, "properties": {"name": "Grunnfossen", "source": "Wikidata", "wikidata_id": "Q34838867"}}, {"type": "Feature", "id": "foss-wd-Q34838883", "geometry": {"type": "Point", "coordinates": [9.43526, 60.54509]}, "properties": {"name": "Grunntjernfossen", "source": "Wikidata", "wikidata_id": "Q34838883"}}, {"type": "Feature", "id": "foss-wd-Q34838898", "geometry": {"type": "Point", "coordinates": [9.0079, 58.97804]}, "properties": {"name": "Gruvlefoss", "source": "Wikidata", "wikidata_id": "Q34838898"}}, {"type": "Feature", "id": "foss-wd-Q34838913", "geometry": {"type": "Point", "coordinates": [5.43991, 61.64242]}, "properties": {"name": "Gruvlefossen", "source": "Wikidata", "wikidata_id": "Q34838913"}}, {"type": "Feature", "id": "foss-wd-Q34838929", "geometry": {"type": "Point", "coordinates": [7.69348, 58.68105]}, "properties": {"name": "Grytefoss", "source": "Wikidata", "wikidata_id": "Q34838929"}}, {"type": "Feature", "id": "foss-wd-Q34838945", "geometry": {"type": "Point", "coordinates": [7.01311, 58.66722]}, "properties": {"name": "Grytefoss", "source": "Wikidata", "wikidata_id": "Q34838945"}}, {"type": "Feature", "id": "foss-wd-Q34838956", "geometry": {"type": "Point", "coordinates": [6.71741, 60.51477]}, "properties": {"name": "Grytefossen", "source": "Wikidata", "wikidata_id": "Q34838956"}}, {"type": "Feature", "id": "foss-wd-Q34838971", "geometry": {"type": "Point", "coordinates": [12.80083, 65.18358]}, "properties": {"name": "Grytendalsfossen", "source": "Wikidata", "wikidata_id": "Q34838971"}}, {"type": "Feature", "id": "foss-wd-Q34838988", "geometry": {"type": "Point", "coordinates": [10.98429, 60.08065]}, "properties": {"name": "Grytfossen", "source": "Wikidata", "wikidata_id": "Q34838988"}}, {"type": "Feature", "id": "foss-wd-Q34839018", "geometry": {"type": "Point", "coordinates": [10.1156, 60.55264]}, "properties": {"name": "Grytfossen", "source": "Wikidata", "wikidata_id": "Q34839018"}}, {"type": "Feature", "id": "foss-wd-Q34839034", "geometry": {"type": "Point", "coordinates": [8.55086, 63.54524]}, "properties": {"name": "Grytfossen", "source": "Wikidata", "wikidata_id": "Q34839034"}}, {"type": "Feature", "id": "foss-wd-Q34839051", "geometry": {"type": "Point", "coordinates": [10.63997, 63.25976]}, "properties": {"name": "Grytfossen", "source": "Wikidata", "wikidata_id": "Q34839051"}}, {"type": "Feature", "id": "foss-wd-Q34839066", "geometry": {"type": "Point", "coordinates": [18.67462, 69.13577]}, "properties": {"name": "Grytfossen", "source": "Wikidata", "wikidata_id": "Q34839066"}}, {"type": "Feature", "id": "foss-wd-Q34839082", "geometry": {"type": "Point", "coordinates": [8.98983, 59.00959]}, "properties": {"name": "Grythølfossen", "source": "Wikidata", "wikidata_id": "Q34839082"}}, {"type": "Feature", "id": "foss-wd-Q34839099", "geometry": {"type": "Point", "coordinates": [5.46478, 61.40033]}, "properties": {"name": "Gryvla", "source": "Wikidata", "wikidata_id": "Q34839099"}}, {"type": "Feature", "id": "foss-wd-Q34839115", "geometry": {"type": "Point", "coordinates": [11.96475, 63.68656]}, "properties": {"name": "Gråtøyfossen", "source": "Wikidata", "wikidata_id": "Q34839115"}}, {"type": "Feature", "id": "foss-wd-Q34839130", "geometry": {"type": "Point", "coordinates": [13.40276, 66.36623]}, "properties": {"name": "Gråvassfossen", "source": "Wikidata", "wikidata_id": "Q34839130"}}, {"type": "Feature", "id": "foss-wd-Q34839145", "geometry": {"type": "Point", "coordinates": [6.95161, 61.84763]}, "properties": {"name": "Grønefossen", "source": "Wikidata", "wikidata_id": "Q34839145"}}, {"type": "Feature", "id": "foss-wd-Q34839162", "geometry": {"type": "Point", "coordinates": [5.4474, 61.29636]}, "properties": {"name": "Grønelifossen", "source": "Wikidata", "wikidata_id": "Q34839162"}}, {"type": "Feature", "id": "foss-wd-Q34839176", "geometry": {"type": "Point", "coordinates": [5.3377, 60.90463]}, "properties": {"name": "Grønfjellsfossen", "source": "Wikidata", "wikidata_id": "Q34839176"}}, {"type": "Feature", "id": "foss-wd-Q34839194", "geometry": {"type": "Point", "coordinates": [8.32461, 62.22344]}, "properties": {"name": "Grønfossen", "source": "Wikidata", "wikidata_id": "Q34839194"}}, {"type": "Feature", "id": "foss-wd-Q34839210", "geometry": {"type": "Point", "coordinates": [9.39326, 60.16989]}, "properties": {"name": "Grønhovdfossen", "source": "Wikidata", "wikidata_id": "Q34839210"}}, {"type": "Feature", "id": "foss-wd-Q34839225", "geometry": {"type": "Point", "coordinates": [17.84419, 68.91569]}, "properties": {"name": "Grønlifossen", "source": "Wikidata", "wikidata_id": "Q34839225"}}, {"type": "Feature", "id": "foss-wd-Q34839242", "geometry": {"type": "Point", "coordinates": [12.24356, 61.4472]}, "properties": {"name": "Grønmyrfallet", "source": "Wikidata", "wikidata_id": "Q34839242"}}, {"type": "Feature", "id": "foss-wd-Q34839259", "geometry": {"type": "Point", "coordinates": [9.94805, 60.13407]}, "properties": {"name": "Grønnmyrfossen", "source": "Wikidata", "wikidata_id": "Q34839259"}}, {"type": "Feature", "id": "foss-wd-Q34839275", "geometry": {"type": "Point", "coordinates": [5.38945, 61.67424]}, "properties": {"name": "Grønskredfossen", "source": "Wikidata", "wikidata_id": "Q34839275"}}, {"type": "Feature", "id": "foss-wd-Q34839292", "geometry": {"type": "Point", "coordinates": [8.34272, 58.93859]}, "properties": {"name": "Grønsteinfossen", "source": "Wikidata", "wikidata_id": "Q34839292"}}, {"type": "Feature", "id": "foss-wd-Q34839310", "geometry": {"type": "Point", "coordinates": [12.55997, 64.56666]}, "properties": {"name": "Grønstrandfossan", "source": "Wikidata", "wikidata_id": "Q34839310"}}, {"type": "Feature", "id": "foss-wd-Q34839326", "geometry": {"type": "Point", "coordinates": [10.90542, 61.85646]}, "properties": {"name": "Grøtefossen", "source": "Wikidata", "wikidata_id": "Q34839326"}}, {"type": "Feature", "id": "foss-wd-Q34839341", "geometry": {"type": "Point", "coordinates": [7.87936, 62.69029]}, "properties": {"name": "Grøvelfossen", "source": "Wikidata", "wikidata_id": "Q34839341"}}, {"type": "Feature", "id": "foss-wd-Q34839393", "geometry": {"type": "Point", "coordinates": [13.92633, 65.87254]}, "properties": {"name": "Gullaugeforsen", "source": "Wikidata", "wikidata_id": "Q34839393"}}, {"type": "Feature", "id": "foss-wd-Q34839410", "geometry": {"type": "Point", "coordinates": [5.57868, 60.36296]}, "properties": {"name": "Gullfjellfossen", "source": "Wikidata", "wikidata_id": "Q34839410"}}, {"type": "Feature", "id": "foss-wd-Q34839427", "geometry": {"type": "Point", "coordinates": [10.16549, 63.75645]}, "properties": {"name": "Gullgruvfossen", "source": "Wikidata", "wikidata_id": "Q34839427"}}, {"type": "Feature", "id": "foss-wd-Q34839443", "geometry": {"type": "Point", "coordinates": [7.66386, 58.20903]}, "properties": {"name": "Gullringsfossen", "source": "Wikidata", "wikidata_id": "Q34839443"}}, {"type": "Feature", "id": "foss-wd-Q34839477", "geometry": {"type": "Point", "coordinates": [9.94882, 60.27516]}, "properties": {"name": "Gunderfoss", "source": "Wikidata", "wikidata_id": "Q34839477"}}, {"type": "Feature", "id": "foss-wd-Q34839493", "geometry": {"type": "Point", "coordinates": [6.66798, 58.35101]}, "properties": {"name": "Gunnarsfossen", "source": "Wikidata", "wikidata_id": "Q34839493"}}, {"type": "Feature", "id": "foss-wd-Q34839510", "geometry": {"type": "Point", "coordinates": [5.87472, 60.77937]}, "properties": {"name": "Gunnhildafossen", "source": "Wikidata", "wikidata_id": "Q34839510"}}, {"type": "Feature", "id": "foss-wd-Q34839525", "geometry": {"type": "Point", "coordinates": [9.05588, 58.89285]}, "properties": {"name": "Gunnustadfossen", "source": "Wikidata", "wikidata_id": "Q34839525"}}, {"type": "Feature", "id": "foss-wd-Q34839541", "geometry": {"type": "Point", "coordinates": [7.58709, 58.53744]}, "properties": {"name": "Gunnårsfossen", "source": "Wikidata", "wikidata_id": "Q34839541"}}, {"type": "Feature", "id": "foss-wd-Q34839589", "geometry": {"type": "Point", "coordinates": [24.3542, 70.35544]}, "properties": {"name": "Guovŋagårŋi", "source": "Wikidata", "wikidata_id": "Q34839589"}}, {"type": "Feature", "id": "foss-wd-Q34839618", "geometry": {"type": "Point", "coordinates": [21.04328, 69.38133]}, "properties": {"name": "Gussagurragorŋi", "source": "Wikidata", "wikidata_id": "Q34839618"}}, {"type": "Feature", "id": "foss-wd-Q34839636", "geometry": {"type": "Point", "coordinates": [10.22282, 59.64534]}, "properties": {"name": "Gutufossen", "source": "Wikidata", "wikidata_id": "Q34839636"}}, {"type": "Feature", "id": "foss-wd-Q34839667", "geometry": {"type": "Point", "coordinates": [5.51065, 61.56104]}, "properties": {"name": "Gygrefossen", "source": "Wikidata", "wikidata_id": "Q34839667"}}, {"type": "Feature", "id": "foss-wd-Q34852669", "geometry": {"type": "Point", "coordinates": [8.31576, 58.4431]}, "properties": {"name": "Sundtjønnfossane", "source": "Wikidata", "wikidata_id": "Q34852669"}}, {"type": "Feature", "id": "foss-wd-Q34852684", "geometry": {"type": "Point", "coordinates": [23.71827, 69.77756]}, "properties": {"name": "Sunnabiergorsa", "source": "Wikidata", "wikidata_id": "Q34852684"}}, {"type": "Feature", "id": "foss-wd-Q34852696", "geometry": {"type": "Point", "coordinates": [6.93921, 59.64122]}, "properties": {"name": "Sunnselifossen", "source": "Wikidata", "wikidata_id": "Q34852696"}}, {"type": "Feature", "id": "foss-wd-Q34852708", "geometry": {"type": "Point", "coordinates": [8.85573, 59.5118]}, "properties": {"name": "Sunnstulfossen", "source": "Wikidata", "wikidata_id": "Q34852708"}}, {"type": "Feature", "id": "foss-wd-Q34852733", "geometry": {"type": "Point", "coordinates": [16.51871, 67.79788]}, "properties": {"name": "Suovastiddji", "source": "Wikidata", "wikidata_id": "Q34852733"}}, {"type": "Feature", "id": "foss-wd-Q34852745", "geometry": {"type": "Point", "coordinates": [23.75928, 69.75469]}, "properties": {"name": "Suovvagorsa", "source": "Wikidata", "wikidata_id": "Q34852745"}}, {"type": "Feature", "id": "foss-wd-Q34852757", "geometry": {"type": "Point", "coordinates": [8.56131, 58.70594]}, "properties": {"name": "Suplandsfossen", "source": "Wikidata", "wikidata_id": "Q34852757"}}, {"type": "Feature", "id": "foss-wd-Q34852769", "geometry": {"type": "Point", "coordinates": [7.9472, 58.6083]}, "properties": {"name": "Suvafossen", "source": "Wikidata", "wikidata_id": "Q34852769"}}, {"type": "Feature", "id": "foss-wd-Q34852781", "geometry": {"type": "Point", "coordinates": [9.64807, 60.75639]}, "properties": {"name": "Svae", "source": "Wikidata", "wikidata_id": "Q34852781"}}, {"type": "Feature", "id": "foss-wd-Q34852794", "geometry": {"type": "Point", "coordinates": [8.52875, 58.96376]}, "properties": {"name": "Svafoss", "source": "Wikidata", "wikidata_id": "Q34852794"}}, {"type": "Feature", "id": "foss-wd-Q34852806", "geometry": {"type": "Point", "coordinates": [7.36857, 62.52206]}, "properties": {"name": "Svafossen", "source": "Wikidata", "wikidata_id": "Q34852806"}}, {"type": "Feature", "id": "foss-wd-Q34852817", "geometry": {"type": "Point", "coordinates": [10.39596, 59.88141]}, "properties": {"name": "Svagfossen", "source": "Wikidata", "wikidata_id": "Q34852817"}}, {"type": "Feature", "id": "foss-wd-Q34852840", "geometry": {"type": "Point", "coordinates": [10.92624, 59.84433]}, "properties": {"name": "Svanefoss", "source": "Wikidata", "wikidata_id": "Q34852840"}}, {"type": "Feature", "id": "foss-wd-Q34852863", "geometry": {"type": "Point", "coordinates": [10.42623, 62.79479]}, "properties": {"name": "Svardalsfossen", "source": "Wikidata", "wikidata_id": "Q34852863"}}, {"type": "Feature", "id": "foss-wd-Q34852875", "geometry": {"type": "Point", "coordinates": [5.50964, 60.33984]}, "properties": {"name": "Svarpen", "source": "Wikidata", "wikidata_id": "Q34852875"}}, {"type": "Feature", "id": "foss-wd-Q34852887", "geometry": {"type": "Point", "coordinates": [11.75508, 62.20482]}, "properties": {"name": "Svartbekkfallet", "source": "Wikidata", "wikidata_id": "Q34852887"}}, {"type": "Feature", "id": "foss-wd-Q34852899", "geometry": {"type": "Point", "coordinates": [10.66935, 62.38902]}, "properties": {"name": "Svartbergfossen", "source": "Wikidata", "wikidata_id": "Q34852899"}}, {"type": "Feature", "id": "foss-wd-Q34852912", "geometry": {"type": "Point", "coordinates": [8.66016, 61.20667]}, "properties": {"name": "Svarte Føssen", "source": "Wikidata", "wikidata_id": "Q34852912"}}, {"type": "Feature", "id": "foss-wd-Q34852924", "geometry": {"type": "Point", "coordinates": [8.76939, 58.52087]}, "properties": {"name": "Svartefoss", "source": "Wikidata", "wikidata_id": "Q34852924"}}, {"type": "Feature", "id": "foss-wd-Q34852934", "geometry": {"type": "Point", "coordinates": [6.63013, 61.24985]}, "properties": {"name": "Svartefoss", "source": "Wikidata", "wikidata_id": "Q34852934"}}, {"type": "Feature", "id": "foss-wd-Q34852946", "geometry": {"type": "Point", "coordinates": [10.15324, 59.26912]}, "properties": {"name": "Svartefossa", "source": "Wikidata", "wikidata_id": "Q34852946"}}, {"type": "Feature", "id": "foss-wd-Q34852958", "geometry": {"type": "Point", "coordinates": [7.34372, 61.28845]}, "properties": {"name": "Svartefossane", "source": "Wikidata", "wikidata_id": "Q34852958"}}, {"type": "Feature", "id": "foss-wd-Q34852970", "geometry": {"type": "Point", "coordinates": [5.97815, 60.12892]}, "properties": {"name": "Svartefossen", "source": "Wikidata", "wikidata_id": "Q34852970"}}, {"type": "Feature", "id": "foss-wd-Q34852983", "geometry": {"type": "Point", "coordinates": [7.34996, 62.29911]}, "properties": {"name": "Svartefossen", "source": "Wikidata", "wikidata_id": "Q34852983"}}, {"type": "Feature", "id": "foss-wd-Q34852995", "geometry": {"type": "Point", "coordinates": [6.30256, 61.13985]}, "properties": {"name": "Svartefossen", "source": "Wikidata", "wikidata_id": "Q34852995"}}, {"type": "Feature", "id": "foss-wd-Q34853008", "geometry": {"type": "Point", "coordinates": [5.63533, 61.2431]}, "properties": {"name": "Svartefossen", "source": "Wikidata", "wikidata_id": "Q34853008"}}, {"type": "Feature", "id": "foss-wd-Q34853020", "geometry": {"type": "Point", "coordinates": [5.93055, 61.12858]}, "properties": {"name": "Svartefossen", "source": "Wikidata", "wikidata_id": "Q34853020"}}, {"type": "Feature", "id": "foss-wd-Q34853031", "geometry": {"type": "Point", "coordinates": [7.65558, 61.03876]}, "properties": {"name": "Svartefossen", "source": "Wikidata", "wikidata_id": "Q34853031"}}, {"type": "Feature", "id": "foss-wd-Q34853053", "geometry": {"type": "Point", "coordinates": [6.66266, 61.15613]}, "properties": {"name": "Svartefossen", "source": "Wikidata", "wikidata_id": "Q34853053"}}, {"type": "Feature", "id": "foss-wd-Q34853063", "geometry": {"type": "Point", "coordinates": [7.27975, 59.78097]}, "properties": {"name": "Svartevafossen", "source": "Wikidata", "wikidata_id": "Q34853063"}}, {"type": "Feature", "id": "foss-wd-Q34853075", "geometry": {"type": "Point", "coordinates": [11.58898, 59.48842]}, "properties": {"name": "Svartevannsfossen", "source": "Wikidata", "wikidata_id": "Q34853075"}}, {"type": "Feature", "id": "foss-wd-Q34853088", "geometry": {"type": "Point", "coordinates": [14.84993, 66.31909]}, "properties": {"name": "Svartforsen", "source": "Wikidata", "wikidata_id": "Q34853088"}}, {"type": "Feature", "id": "foss-wd-Q34853099", "geometry": {"type": "Point", "coordinates": [8.8394, 58.49271]}, "properties": {"name": "Svartfoss", "source": "Wikidata", "wikidata_id": "Q34853099"}}, {"type": "Feature", "id": "foss-wd-Q34853130", "geometry": {"type": "Point", "coordinates": [12.48269, 64.38579]}, "properties": {"name": "Svartfossan", "source": "Wikidata", "wikidata_id": "Q34853130"}}, {"type": "Feature", "id": "foss-wd-Q34853140", "geometry": {"type": "Point", "coordinates": [24.95267, 70.84546]}, "properties": {"name": "Svartfossen", "source": "Wikidata", "wikidata_id": "Q34853140"}}, {"type": "Feature", "id": "foss-wd-Q34853153", "geometry": {"type": "Point", "coordinates": [12.41003, 64.39487]}, "properties": {"name": "Svartfossen", "source": "Wikidata", "wikidata_id": "Q34853153"}}, {"type": "Feature", "id": "foss-wd-Q34853166", "geometry": {"type": "Point", "coordinates": [12.51179, 64.48673]}, "properties": {"name": "Svartfossen", "source": "Wikidata", "wikidata_id": "Q34853166"}}, {"type": "Feature", "id": "foss-wd-Q34853178", "geometry": {"type": "Point", "coordinates": [11.14962, 64.25182]}, "properties": {"name": "Svartfossen", "source": "Wikidata", "wikidata_id": "Q34853178"}}, {"type": "Feature", "id": "foss-wd-Q34853190", "geometry": {"type": "Point", "coordinates": [11.82208, 64.87063]}, "properties": {"name": "Svartfossen", "source": "Wikidata", "wikidata_id": "Q34853190"}}, {"type": "Feature", "id": "foss-wd-Q34853204", "geometry": {"type": "Point", "coordinates": [11.95815, 64.53247]}, "properties": {"name": "Svartfossen", "source": "Wikidata", "wikidata_id": "Q34853204"}}, {"type": "Feature", "id": "foss-wd-Q34853216", "geometry": {"type": "Point", "coordinates": [10.04919, 61.21444]}, "properties": {"name": "Svartfossen", "source": "Wikidata", "wikidata_id": "Q34853216"}}, {"type": "Feature", "id": "foss-wd-Q34853228", "geometry": {"type": "Point", "coordinates": [10.60698, 64.29591]}, "properties": {"name": "Svartfossen", "source": "Wikidata", "wikidata_id": "Q34853228"}}, {"type": "Feature", "id": "foss-wd-Q34853240", "geometry": {"type": "Point", "coordinates": [10.51049, 64.17501]}, "properties": {"name": "Svartfossen", "source": "Wikidata", "wikidata_id": "Q34853240"}}, {"type": "Feature", "id": "foss-wd-Q34853253", "geometry": {"type": "Point", "coordinates": [10.44167, 63.20059]}, "properties": {"name": "Svartkaldvellvassfossen", "source": "Wikidata", "wikidata_id": "Q34853253"}}, {"type": "Feature", "id": "foss-wd-Q34853266", "geometry": {"type": "Point", "coordinates": [11.94647, 63.36264]}, "properties": {"name": "Svartskara", "source": "Wikidata", "wikidata_id": "Q34853266"}}, {"type": "Feature", "id": "foss-wd-Q34853278", "geometry": {"type": "Point", "coordinates": [15.33016, 68.41282]}, "properties": {"name": "Svartskarforsen", "source": "Wikidata", "wikidata_id": "Q34853278"}}, {"type": "Feature", "id": "foss-wd-Q34853291", "geometry": {"type": "Point", "coordinates": [12.36229, 65.05582]}, "properties": {"name": "Svartåsfossen", "source": "Wikidata", "wikidata_id": "Q34853291"}}, {"type": "Feature", "id": "foss-wd-Q34853305", "geometry": {"type": "Point", "coordinates": [11.2978, 63.28829]}, "properties": {"name": "Svartåsfossen", "source": "Wikidata", "wikidata_id": "Q34853305"}}, {"type": "Feature", "id": "foss-wd-Q34853317", "geometry": {"type": "Point", "coordinates": [12.02645, 63.97656]}, "properties": {"name": "Svarvarfossen", "source": "Wikidata", "wikidata_id": "Q34853317"}}, {"type": "Feature", "id": "foss-wd-Q34853329", "geometry": {"type": "Point", "coordinates": [6.98678, 61.32804]}, "properties": {"name": "Svedalsfossen", "source": "Wikidata", "wikidata_id": "Q34853329"}}, {"type": "Feature", "id": "foss-wd-Q34853342", "geometry": {"type": "Point", "coordinates": [11.34104, 64.20838]}, "properties": {"name": "Svefossen", "source": "Wikidata", "wikidata_id": "Q34853342"}}, {"type": "Feature", "id": "foss-wd-Q34853354", "geometry": {"type": "Point", "coordinates": [6.03573, 62.04202]}, "properties": {"name": "Sveiafossen", "source": "Wikidata", "wikidata_id": "Q34853354"}}, {"type": "Feature", "id": "foss-wd-Q34853367", "geometry": {"type": "Point", "coordinates": [9.27313, 59.60206]}, "properties": {"name": "Svelgfossen", "source": "Wikidata", "wikidata_id": "Q34853367"}}, {"type": "Feature", "id": "foss-wd-Q34853381", "geometry": {"type": "Point", "coordinates": [7.23556, 61.43852]}, "properties": {"name": "Svellefossane", "source": "Wikidata", "wikidata_id": "Q34853381"}}, {"type": "Feature", "id": "foss-wd-Q34853393", "geometry": {"type": "Point", "coordinates": [9.05406, 60.83346]}, "properties": {"name": "Svenesføssen", "source": "Wikidata", "wikidata_id": "Q34853393"}}, {"type": "Feature", "id": "foss-wd-Q34853405", "geometry": {"type": "Point", "coordinates": [10.19694, 63.08805]}, "properties": {"name": "Svensagfossen", "source": "Wikidata", "wikidata_id": "Q34853405"}}, {"type": "Feature", "id": "foss-wd-Q34853417", "geometry": {"type": "Point", "coordinates": [11.05998, 60.08078]}, "properties": {"name": "Svensrudfossen", "source": "Wikidata", "wikidata_id": "Q34853417"}}, {"type": "Feature", "id": "foss-wd-Q34853430", "geometry": {"type": "Point", "coordinates": [8.8116, 59.08697]}, "properties": {"name": "Svenstadånfossen", "source": "Wikidata", "wikidata_id": "Q34853430"}}, {"type": "Feature", "id": "foss-wd-Q34853442", "geometry": {"type": "Point", "coordinates": [7.59579, 58.69556]}, "properties": {"name": "Sverifossen", "source": "Wikidata", "wikidata_id": "Q34853442"}}, {"type": "Feature", "id": "foss-wd-Q34853455", "geometry": {"type": "Point", "coordinates": [5.98803, 60.71226]}, "properties": {"name": "Svifossen", "source": "Wikidata", "wikidata_id": "Q34853455"}}, {"type": "Feature", "id": "foss-wd-Q34853467", "geometry": {"type": "Point", "coordinates": [5.84743, 58.82462]}, "properties": {"name": "Svilandsfossen", "source": "Wikidata", "wikidata_id": "Q34853467"}}, {"type": "Feature", "id": "foss-wd-Q34853493", "geometry": {"type": "Point", "coordinates": [9.48354, 62.62167]}, "properties": {"name": "Svinfallet", "source": "Wikidata", "wikidata_id": "Q34853493"}}, {"type": "Feature", "id": "foss-wd-Q34853506", "geometry": {"type": "Point", "coordinates": [12.03446, 60.88312]}, "properties": {"name": "Svinfotfossen", "source": "Wikidata", "wikidata_id": "Q34853506"}}, {"type": "Feature", "id": "foss-wd-Q34853519", "geometry": {"type": "Point", "coordinates": [5.86021, 61.72972]}, "properties": {"name": "Svofossen", "source": "Wikidata", "wikidata_id": "Q34853519"}}, {"type": "Feature", "id": "foss-wd-Q34853532", "geometry": {"type": "Point", "coordinates": [7.81389, 59.03547]}, "properties": {"name": "Svoletjønnfossen", "source": "Wikidata", "wikidata_id": "Q34853532"}}, {"type": "Feature", "id": "foss-wd-Q34853543", "geometry": {"type": "Point", "coordinates": [7.98589, 58.55483]}, "properties": {"name": "Svåefossen", "source": "Wikidata", "wikidata_id": "Q34853543"}}, {"type": "Feature", "id": "foss-wd-Q34853555", "geometry": {"type": "Point", "coordinates": [8.53848, 58.96279]}, "properties": {"name": "Svåfossen", "source": "Wikidata", "wikidata_id": "Q34853555"}}, {"type": "Feature", "id": "foss-wd-Q34853579", "geometry": {"type": "Point", "coordinates": [13.04811, 66.07096]}, "properties": {"name": "Syforsen", "source": "Wikidata", "wikidata_id": "Q34853579"}}, {"type": "Feature", "id": "foss-wd-Q34853586", "geometry": {"type": "Point", "coordinates": [13.17124, 65.90237]}, "properties": {"name": "Syforsen", "source": "Wikidata", "wikidata_id": "Q34853586"}}, {"type": "Feature", "id": "foss-wd-Q34853595", "geometry": {"type": "Point", "coordinates": [10.93118, 60.25883]}, "properties": {"name": "Syltefossen", "source": "Wikidata", "wikidata_id": "Q34853595"}}, {"type": "Feature", "id": "foss-wd-Q34853618", "geometry": {"type": "Point", "coordinates": [10.76794, 62.907]}, "properties": {"name": "Syraksfossen", "source": "Wikidata", "wikidata_id": "Q34853618"}}, {"type": "Feature", "id": "foss-wd-Q34853630", "geometry": {"type": "Point", "coordinates": [7.80935, 58.64141]}, "properties": {"name": "Syrtveitfossane", "source": "Wikidata", "wikidata_id": "Q34853630"}}, {"type": "Feature", "id": "foss-wd-Q34853642", "geometry": {"type": "Point", "coordinates": [7.90539, 60.83745]}, "properties": {"name": "Systrandfossen", "source": "Wikidata", "wikidata_id": "Q34853642"}}, {"type": "Feature", "id": "foss-wd-Q34853664", "geometry": {"type": "Point", "coordinates": [23.65399, 69.81804]}, "properties": {"name": "Sádjingorsa", "source": "Wikidata", "wikidata_id": "Q34853664"}}, {"type": "Feature", "id": "foss-wd-Q34853676", "geometry": {"type": "Point", "coordinates": [6.84533, 60.75421]}, "properties": {"name": "Såtefossen", "source": "Wikidata", "wikidata_id": "Q34853676"}}, {"type": "Feature", "id": "foss-wd-Q34853687", "geometry": {"type": "Point", "coordinates": [6.12097, 61.21081]}, "properties": {"name": "Sæbotnsfossen", "source": "Wikidata", "wikidata_id": "Q34853687"}}, {"type": "Feature", "id": "foss-wd-Q34853700", "geometry": {"type": "Point", "coordinates": [7.70485, 61.04764]}, "properties": {"name": "Sæltafossane", "source": "Wikidata", "wikidata_id": "Q34853700"}}, {"type": "Feature", "id": "foss-wd-Q34853713", "geometry": {"type": "Point", "coordinates": [7.4398, 62.18894]}, "properties": {"name": "Sæterfossen", "source": "Wikidata", "wikidata_id": "Q34853713"}}, {"type": "Feature", "id": "foss-wd-Q34853726", "geometry": {"type": "Point", "coordinates": [10.24504, 60.50225]}, "properties": {"name": "Sæterfossen", "source": "Wikidata", "wikidata_id": "Q34853726"}}, {"type": "Feature", "id": "foss-wd-Q34853739", "geometry": {"type": "Point", "coordinates": [10.43597, 59.79594]}, "properties": {"name": "Sætrefossen", "source": "Wikidata", "wikidata_id": "Q34853739"}}, {"type": "Feature", "id": "foss-wd-Q34853751", "geometry": {"type": "Point", "coordinates": [6.81632, 61.99325]}, "properties": {"name": "Sætrefossen", "source": "Wikidata", "wikidata_id": "Q34853751"}}, {"type": "Feature", "id": "foss-wd-Q34853763", "geometry": {"type": "Point", "coordinates": [12.64781, 65.23358]}, "properties": {"name": "Søbergfossen", "source": "Wikidata", "wikidata_id": "Q34853763"}}, {"type": "Feature", "id": "foss-wd-Q34853776", "geometry": {"type": "Point", "coordinates": [9.92549, 62.63157]}, "properties": {"name": "Søbergseterfossen", "source": "Wikidata", "wikidata_id": "Q34853776"}}, {"type": "Feature", "id": "foss-wd-Q34853788", "geometry": {"type": "Point", "coordinates": [5.51328, 61.65199]}, "properties": {"name": "Sølvfossen", "source": "Wikidata", "wikidata_id": "Q34853788"}}, {"type": "Feature", "id": "foss-wd-Q34853801", "geometry": {"type": "Point", "coordinates": [11.02714, 59.35153]}, "properties": {"name": "Sølvstufossen", "source": "Wikidata", "wikidata_id": "Q34853801"}}, {"type": "Feature", "id": "foss-wd-Q34853813", "geometry": {"type": "Point", "coordinates": [17.9819, 68.37798]}, "properties": {"name": "Sørdalsfossen", "source": "Wikidata", "wikidata_id": "Q34853813"}}, {"type": "Feature", "id": "foss-wd-Q34853826", "geometry": {"type": "Point", "coordinates": [5.36066, 61.79304]}, "properties": {"name": "Sørdalsfossen", "source": "Wikidata", "wikidata_id": "Q34853826"}}, {"type": "Feature", "id": "foss-wd-Q34853838", "geometry": {"type": "Point", "coordinates": [5.66172, 61.23192]}, "properties": {"name": "Sørebøfossen", "source": "Wikidata", "wikidata_id": "Q34853838"}}, {"type": "Feature", "id": "foss-wd-Q34853851", "geometry": {"type": "Point", "coordinates": [18.69311, 69.24718]}, "properties": {"name": "Sørelvfossen", "source": "Wikidata", "wikidata_id": "Q34853851"}}, {"type": "Feature", "id": "foss-wd-Q34853863", "geometry": {"type": "Point", "coordinates": [10.62879, 63.78108]}, "properties": {"name": "Sørenfossen", "source": "Wikidata", "wikidata_id": "Q34853863"}}, {"type": "Feature", "id": "foss-wd-Q34853875", "geometry": {"type": "Point", "coordinates": [14.50564, 67.01205]}, "properties": {"name": "Sørførsen", "source": "Wikidata", "wikidata_id": "Q34853875"}}, {"type": "Feature", "id": "foss-wd-Q34853886", "geometry": {"type": "Point", "coordinates": [10.20096, 60.14843]}, "properties": {"name": "Sørgefossen", "source": "Wikidata", "wikidata_id": "Q34853886"}}, {"type": "Feature", "id": "foss-wd-Q34853896", "geometry": {"type": "Point", "coordinates": [9.07835, 61.11858]}, "properties": {"name": "Sørgeføss", "source": "Wikidata", "wikidata_id": "Q34853896"}}, {"type": "Feature", "id": "foss-wd-Q34853908", "geometry": {"type": "Point", "coordinates": [13.10101, 66.11383]}, "properties": {"name": "Sørlaforsen", "source": "Wikidata", "wikidata_id": "Q34853908"}}, {"type": "Feature", "id": "foss-wd-Q34853920", "geometry": {"type": "Point", "coordinates": [13.76996, 65.88482]}, "properties": {"name": "Sørpunforsen", "source": "Wikidata", "wikidata_id": "Q34853920"}}, {"type": "Feature", "id": "foss-wd-Q34853931", "geometry": {"type": "Point", "coordinates": [10.02573, 62.66521]}, "properties": {"name": "Sørsæterfossen", "source": "Wikidata", "wikidata_id": "Q34853931"}}, {"type": "Feature", "id": "foss-wd-Q34853942", "geometry": {"type": "Point", "coordinates": [11.10062, 59.88534]}, "properties": {"name": "Søstufossen", "source": "Wikidata", "wikidata_id": "Q34853942"}}, {"type": "Feature", "id": "foss-wd-Q34839683", "geometry": {"type": "Point", "coordinates": [7.88012, 59.78456]}, "properties": {"name": "Gygregråten", "source": "Wikidata", "wikidata_id": "Q34839683"}}, {"type": "Feature", "id": "foss-wd-Q34839699", "geometry": {"type": "Point", "coordinates": [6.27979, 60.10052]}, "properties": {"name": "Gyllarfossen", "source": "Wikidata", "wikidata_id": "Q34839699"}}, {"type": "Feature", "id": "foss-wd-Q34839716", "geometry": {"type": "Point", "coordinates": [9.81504, 61.77123]}, "properties": {"name": "Gyråfossen", "source": "Wikidata", "wikidata_id": "Q34839716"}}, {"type": "Feature", "id": "foss-wd-Q34839733", "geometry": {"type": "Point", "coordinates": [8.73089, 59.72999]}, "properties": {"name": "Gyvingfossen", "source": "Wikidata", "wikidata_id": "Q34839733"}}, {"type": "Feature", "id": "foss-wd-Q34839757", "geometry": {"type": "Point", "coordinates": [7.27586, 62.96626]}, "properties": {"name": "Gådalsfossen", "source": "Wikidata", "wikidata_id": "Q34839757"}}, {"type": "Feature", "id": "foss-wd-Q34839773", "geometry": {"type": "Point", "coordinates": [10.94538, 60.26145]}, "properties": {"name": "Gåfossen", "source": "Wikidata", "wikidata_id": "Q34839773"}}, {"type": "Feature", "id": "foss-wd-Q34839789", "geometry": {"type": "Point", "coordinates": [24.47366, 69.37318]}, "properties": {"name": "Gåhas", "source": "Wikidata", "wikidata_id": "Q34839789"}}, {"type": "Feature", "id": "foss-wd-Q34839806", "geometry": {"type": "Point", "coordinates": [24.50974, 69.37403]}, "properties": {"name": "Gåhas", "source": "Wikidata", "wikidata_id": "Q34839806"}}, {"type": "Feature", "id": "foss-wd-Q34839821", "geometry": {"type": "Point", "coordinates": [25.00136, 69.31996]}, "properties": {"name": "Gåppe", "source": "Wikidata", "wikidata_id": "Q34839821"}}, {"type": "Feature", "id": "foss-wd-Q34839842", "geometry": {"type": "Point", "coordinates": [6.52229, 61.69418]}, "properties": {"name": "Gåsemyrfossen", "source": "Wikidata", "wikidata_id": "Q34839842"}}, {"type": "Feature", "id": "foss-wd-Q34839853", "geometry": {"type": "Point", "coordinates": [12.01127, 60.97797]}, "properties": {"name": "Gælenevjufossen", "source": "Wikidata", "wikidata_id": "Q34839853"}}, {"type": "Feature", "id": "foss-wd-Q34840103", "geometry": {"type": "Point", "coordinates": [5.84372, 60.76842]}, "properties": {"name": "Idlefossen", "source": "Wikidata", "wikidata_id": "Q34840103"}}, {"type": "Feature", "id": "foss-wd-Q34840119", "geometry": {"type": "Point", "coordinates": [24.35476, 69.5019]}, "properties": {"name": "Iesjåkgårŋi", "source": "Wikidata", "wikidata_id": "Q34840119"}}, {"type": "Feature", "id": "foss-wd-Q34840151", "geometry": {"type": "Point", "coordinates": [7.97838, 58.29669]}, "properties": {"name": "Ikkonfoss", "source": "Wikidata", "wikidata_id": "Q34840151"}}, {"type": "Feature", "id": "foss-wd-Q34840167", "geometry": {"type": "Point", "coordinates": [8.51848, 58.95873]}, "properties": {"name": "Ilekleivfossen", "source": "Wikidata", "wikidata_id": "Q34840167"}}, {"type": "Feature", "id": "foss-wd-Q34840182", "geometry": {"type": "Point", "coordinates": [6.32714, 61.18276]}, "properties": {"name": "Illefoss", "source": "Wikidata", "wikidata_id": "Q34840182"}}, {"type": "Feature", "id": "foss-wd-Q34840199", "geometry": {"type": "Point", "coordinates": [5.65798, 61.5063]}, "properties": {"name": "Illevegsfossen", "source": "Wikidata", "wikidata_id": "Q34840199"}}, {"type": "Feature", "id": "foss-wd-Q34840216", "geometry": {"type": "Point", "coordinates": [14.34628, 66.29887]}, "properties": {"name": "Illgrubforsen", "source": "Wikidata", "wikidata_id": "Q34840216"}}, {"type": "Feature", "id": "foss-wd-Q34840230", "geometry": {"type": "Point", "coordinates": [6.92409, 58.49189]}, "properties": {"name": "Illsfossen", "source": "Wikidata", "wikidata_id": "Q34840230"}}, {"type": "Feature", "id": "foss-wd-Q34840262", "geometry": {"type": "Point", "coordinates": [6.57099, 58.65818]}, "properties": {"name": "Indrefossen", "source": "Wikidata", "wikidata_id": "Q34840262"}}, {"type": "Feature", "id": "foss-wd-Q34840279", "geometry": {"type": "Point", "coordinates": [15.53627, 67.08364]}, "properties": {"name": "Ingeborgforsen", "source": "Wikidata", "wikidata_id": "Q34840279"}}, {"type": "Feature", "id": "foss-wd-Q34840296", "geometry": {"type": "Point", "coordinates": [13.78763, 64.16182]}, "properties": {"name": "Ingersfossen", "source": "Wikidata", "wikidata_id": "Q34840296"}}, {"type": "Feature", "id": "foss-wd-Q34840312", "geometry": {"type": "Point", "coordinates": [10.75748, 64.24045]}, "properties": {"name": "Inner Almlifossen", "source": "Wikidata", "wikidata_id": "Q34840312"}}, {"type": "Feature", "id": "foss-wd-Q34840327", "geometry": {"type": "Point", "coordinates": [10.64142, 64.12914]}, "properties": {"name": "Inner Vargfossen", "source": "Wikidata", "wikidata_id": "Q34840327"}}, {"type": "Feature", "id": "foss-wd-Q34840343", "geometry": {"type": "Point", "coordinates": [15.09086, 66.99241]}, "properties": {"name": "Innerforsen", "source": "Wikidata", "wikidata_id": "Q34840343"}}, {"type": "Feature", "id": "foss-wd-Q34840358", "geometry": {"type": "Point", "coordinates": [13.80984, 66.29347]}, "properties": {"name": "Innerforsen", "source": "Wikidata", "wikidata_id": "Q34840358"}}, {"type": "Feature", "id": "foss-wd-Q34840577", "geometry": {"type": "Point", "coordinates": [8.03307, 58.79472]}, "properties": {"name": "Kvennhusfossen", "source": "Wikidata", "wikidata_id": "Q34840577"}}, {"type": "Feature", "id": "foss-wd-Q34840591", "geometry": {"type": "Point", "coordinates": [9.73716, 59.97399]}, "properties": {"name": "Kvennhusfossen", "source": "Wikidata", "wikidata_id": "Q34840591"}}, {"type": "Feature", "id": "foss-wd-Q34840607", "geometry": {"type": "Point", "coordinates": [11.68606, 62.30909]}, "properties": {"name": "Kvennhusfossen", "source": "Wikidata", "wikidata_id": "Q34840607"}}, {"type": "Feature", "id": "foss-wd-Q34840623", "geometry": {"type": "Point", "coordinates": [11.89786, 63.29454]}, "properties": {"name": "Kvennhusfossen", "source": "Wikidata", "wikidata_id": "Q34840623"}}, {"type": "Feature", "id": "foss-wd-Q34840649", "geometry": {"type": "Point", "coordinates": [11.70341, 64.10711]}, "properties": {"name": "Kvennhusfossen", "source": "Wikidata", "wikidata_id": "Q34840649"}}, {"type": "Feature", "id": "foss-wd-Q34840663", "geometry": {"type": "Point", "coordinates": [11.13682, 64.87415]}, "properties": {"name": "Kvennhusfossen", "source": "Wikidata", "wikidata_id": "Q34840663"}}, {"type": "Feature", "id": "foss-wd-Q34840678", "geometry": {"type": "Point", "coordinates": [8.92323, 62.18466]}, "properties": {"name": "Kvennhusfossen", "source": "Wikidata", "wikidata_id": "Q34840678"}}, {"type": "Feature", "id": "foss-wd-Q34840694", "geometry": {"type": "Point", "coordinates": [8.96118, 59.46968]}, "properties": {"name": "Kvennhusfossen", "source": "Wikidata", "wikidata_id": "Q34840694"}}, {"type": "Feature", "id": "foss-wd-Q34840710", "geometry": {"type": "Point", "coordinates": [8.75502, 59.07472]}, "properties": {"name": "Kvennhusfossen", "source": "Wikidata", "wikidata_id": "Q34840710"}}, {"type": "Feature", "id": "foss-wd-Q34840727", "geometry": {"type": "Point", "coordinates": [8.12529, 59.13715]}, "properties": {"name": "Kvennhusfossen", "source": "Wikidata", "wikidata_id": "Q34840727"}}, {"type": "Feature", "id": "foss-wd-Q34840743", "geometry": {"type": "Point", "coordinates": [7.94766, 59.23167]}, "properties": {"name": "Kvennhusfossen", "source": "Wikidata", "wikidata_id": "Q34840743"}}, {"type": "Feature", "id": "foss-wd-Q34840773", "geometry": {"type": "Point", "coordinates": [7.76439, 59.28803]}, "properties": {"name": "Kvennhusfossen", "source": "Wikidata", "wikidata_id": "Q34840773"}}, {"type": "Feature", "id": "foss-wd-Q34840788", "geometry": {"type": "Point", "coordinates": [8.98295, 59.72839]}, "properties": {"name": "Kvennhusfossen", "source": "Wikidata", "wikidata_id": "Q34840788"}}, {"type": "Feature", "id": "foss-wd-Q34840803", "geometry": {"type": "Point", "coordinates": [8.47691, 59.86542]}, "properties": {"name": "Kvennhusfossen", "source": "Wikidata", "wikidata_id": "Q34840803"}}, {"type": "Feature", "id": "foss-wd-Q34840820", "geometry": {"type": "Point", "coordinates": [8.74543, 60.02081]}, "properties": {"name": "Kvennhusfossen", "source": "Wikidata", "wikidata_id": "Q34840820"}}, {"type": "Feature", "id": "foss-wd-Q34840836", "geometry": {"type": "Point", "coordinates": [18.5282, 69.06635]}, "properties": {"name": "Kvennhusfossen", "source": "Wikidata", "wikidata_id": "Q34840836"}}, {"type": "Feature", "id": "foss-wd-Q34840852", "geometry": {"type": "Point", "coordinates": [10.66267, 64.23458]}, "properties": {"name": "Kvennlandsfossen", "source": "Wikidata", "wikidata_id": "Q34840852"}}, {"type": "Feature", "id": "foss-wd-Q34840868", "geometry": {"type": "Point", "coordinates": [11.86959, 63.30669]}, "properties": {"name": "Kvennskarfossen", "source": "Wikidata", "wikidata_id": "Q34840868"}}, {"type": "Feature", "id": "foss-wd-Q34840885", "geometry": {"type": "Point", "coordinates": [6.74685, 62.02373]}, "properties": {"name": "Kvernafossen", "source": "Wikidata", "wikidata_id": "Q34840885"}}, {"type": "Feature", "id": "foss-wd-Q34840902", "geometry": {"type": "Point", "coordinates": [11.81471, 64.07998]}, "properties": {"name": "Kvernafossen", "source": "Wikidata", "wikidata_id": "Q34840902"}}, {"type": "Feature", "id": "foss-wd-Q34840917", "geometry": {"type": "Point", "coordinates": [5.78217, 61.31924]}, "properties": {"name": "Kvernafossen", "source": "Wikidata", "wikidata_id": "Q34840917"}}, {"type": "Feature", "id": "foss-wd-Q34840934", "geometry": {"type": "Point", "coordinates": [12.03183, 60.85052]}, "properties": {"name": "Kvernbekkfallet", "source": "Wikidata", "wikidata_id": "Q34840934"}}, {"type": "Feature", "id": "foss-wd-Q34840949", "geometry": {"type": "Point", "coordinates": [9.253, 63.32468]}, "properties": {"name": "Kvernbekkfossen", "source": "Wikidata", "wikidata_id": "Q34840949"}}, {"type": "Feature", "id": "foss-wd-Q34840964", "geometry": {"type": "Point", "coordinates": [12.25225, 60.44096]}, "properties": {"name": "Kvernfallet", "source": "Wikidata", "wikidata_id": "Q34840964"}}, {"type": "Feature", "id": "foss-wd-Q34840980", "geometry": {"type": "Point", "coordinates": [10.25323, 59.61498]}, "properties": {"name": "Kvernfallet", "source": "Wikidata", "wikidata_id": "Q34840980"}}, {"type": "Feature", "id": "foss-wd-Q34840995", "geometry": {"type": "Point", "coordinates": [13.81271, 66.06949]}, "properties": {"name": "Kvernforsen", "source": "Wikidata", "wikidata_id": "Q34840995"}}, {"type": "Feature", "id": "foss-wd-Q34841013", "geometry": {"type": "Point", "coordinates": [8.99807, 58.98652]}, "properties": {"name": "Kvernfoss", "source": "Wikidata", "wikidata_id": "Q34841013"}}, {"type": "Feature", "id": "foss-wd-Q34841041", "geometry": {"type": "Point", "coordinates": [9.73998, 60.55438]}, "properties": {"name": "Kvernfossa", "source": "Wikidata", "wikidata_id": "Q34841041"}}, {"type": "Feature", "id": "foss-wd-Q34841056", "geometry": {"type": "Point", "coordinates": [8.47125, 58.55145]}, "properties": {"name": "Kvernfossen", "source": "Wikidata", "wikidata_id": "Q34841056"}}, {"type": "Feature", "id": "foss-wd-Q34841073", "geometry": {"type": "Point", "coordinates": [8.90313, 58.68733]}, "properties": {"name": "Kvernfossen", "source": "Wikidata", "wikidata_id": "Q34841073"}}, {"type": "Feature", "id": "foss-wd-Q34841088", "geometry": {"type": "Point", "coordinates": [8.64956, 58.8445]}, "properties": {"name": "Kvernfossen", "source": "Wikidata", "wikidata_id": "Q34841088"}}, {"type": "Feature", "id": "foss-wd-Q34841102", "geometry": {"type": "Point", "coordinates": [8.53195, 58.903]}, "properties": {"name": "Kvernfossen", "source": "Wikidata", "wikidata_id": "Q34841102"}}, {"type": "Feature", "id": "foss-wd-Q34841117", "geometry": {"type": "Point", "coordinates": [11.49412, 60.53161]}, "properties": {"name": "Kvernfossen", "source": "Wikidata", "wikidata_id": "Q34841117"}}, {"type": "Feature", "id": "foss-wd-Q34841134", "geometry": {"type": "Point", "coordinates": [12.56179, 60.52844]}, "properties": {"name": "Kvernfossen", "source": "Wikidata", "wikidata_id": "Q34841134"}}, {"type": "Feature", "id": "foss-wd-Q57539135", "geometry": {"type": "Point", "coordinates": [11.161, 59.636]}, "properties": {"name": "Solbergfoss", "source": "Wikidata", "wikidata_id": "Q57539135"}}, {"type": "Feature", "id": "foss-wd-Q92927053", "geometry": {"type": "Point", "coordinates": [7.206406, 62.09731]}, "properties": {"name": "Storfossen", "source": "Wikidata", "wikidata_id": "Q92927053"}}, {"type": "Feature", "id": "foss-wd-Q98058554", "geometry": {"type": "Point", "coordinates": [8.442903, 60.773625]}, "properties": {"name": "Fossen, Ål", "source": "Wikidata", "wikidata_id": "Q98058554"}}, {"type": "Feature", "id": "foss-wd-Q101105411", "geometry": {"type": "Point", "coordinates": [23.71553, 69.77765]}, "properties": {"name": "sunnabiergorsa", "source": "Wikidata", "wikidata_id": "Q101105411"}}, {"type": "Feature", "id": "foss-wd-Q101107395", "geometry": {"type": "Point", "coordinates": [25.807946, 69.358308]}, "properties": {"name": "Bahásguoika", "source": "Wikidata", "wikidata_id": "Q101107395"}}, {"type": "Feature", "id": "foss-wd-Q101112344", "geometry": {"type": "Point", "coordinates": [28.01573, 70.23944]}, "properties": {"name": "Krokfossen", "source": "Wikidata", "wikidata_id": "Q101112344"}}, {"type": "Feature", "id": "foss-wd-Q101113758", "geometry": {"type": "Point", "coordinates": [21.92052, 69.78709]}, "properties": {"name": "Navitfossen", "source": "Wikidata", "wikidata_id": "Q101113758"}}, {"type": "Feature", "id": "foss-wd-Q101115624", "geometry": {"type": "Point", "coordinates": [29.79168, 69.39995]}, "properties": {"name": "Melkefoss", "source": "Wikidata", "wikidata_id": "Q101115624"}}, {"type": "Feature", "id": "foss-wd-Q101122498", "geometry": {"type": "Point", "coordinates": [20.68883, 69.51072]}, "properties": {"name": "Buođđojohgorži", "source": "Wikidata", "wikidata_id": "Q101122498"}}, {"type": "Feature", "id": "foss-wd-Q101128416", "geometry": {"type": "Point", "coordinates": [25.18203, 70.78983]}, "properties": {"name": "Báhpagorži", "source": "Wikidata", "wikidata_id": "Q101128416"}}, {"type": "Feature", "id": "foss-wd-Q101154072", "geometry": {"type": "Point", "coordinates": [24.70811, 69.17487]}, "properties": {"name": "Ráigebákgorži", "source": "Wikidata", "wikidata_id": "Q101154072"}}, {"type": "Feature", "id": "foss-wd-Q101223017", "geometry": {"type": "Point", "coordinates": [25.15482, 69.76957]}, "properties": {"name": "Čádjegorži", "source": "Wikidata", "wikidata_id": "Q101223017"}}, {"type": "Feature", "id": "foss-wd-Q101231454", "geometry": {"type": "Point", "coordinates": [24.8427, 69.96535]}, "properties": {"name": "Bálggesgorži", "source": "Wikidata", "wikidata_id": "Q101231454"}}, {"type": "Feature", "id": "foss-wd-Q101232256", "geometry": {"type": "Point", "coordinates": [24.90316, 69.95857]}, "properties": {"name": "Vuottagorži", "source": "Wikidata", "wikidata_id": "Q101232256"}}, {"type": "Feature", "id": "foss-wd-Q101418133", "geometry": {"type": "Point", "coordinates": [20.70922, 69.52906]}, "properties": {"name": "Coagesjohgorži", "source": "Wikidata", "wikidata_id": "Q101418133"}}, {"type": "Feature", "id": "foss-wd-Q101419619", "geometry": {"type": "Point", "coordinates": [25.17979, 68.87566]}, "properties": {"name": "Gumpegorži", "source": "Wikidata", "wikidata_id": "Q101419619"}}, {"type": "Feature", "id": "foss-wd-Q101425850", "geometry": {"type": "Point", "coordinates": [24.88888, 69.31216]}, "properties": {"name": "Ráktoguoika", "source": "Wikidata", "wikidata_id": "Q101425850"}}, {"type": "Feature", "id": "foss-wd-Q101426234", "geometry": {"type": "Point", "coordinates": [23.90962, 69.90248]}, "properties": {"name": "Stádjogorsa", "source": "Wikidata", "wikidata_id": "Q101426234"}}, {"type": "Feature", "id": "foss-wd-Q101426580", "geometry": {"type": "Point", "coordinates": [16.49537, 67.7946]}, "properties": {"name": "Pier-Knuhtso-råvve", "source": "Wikidata", "wikidata_id": "Q101426580"}}, {"type": "Feature", "id": "foss-wd-Q101427568", "geometry": {"type": "Point", "coordinates": [20.83709, 69.48003]}, "properties": {"name": "Stuora Gahččat", "source": "Wikidata", "wikidata_id": "Q101427568"}}, {"type": "Feature", "id": "foss-wd-Q101428008", "geometry": {"type": "Point", "coordinates": [16.84255, 68.60027]}, "properties": {"name": "Skittendalsfossen", "source": "Wikidata", "wikidata_id": "Q101428008"}}, {"type": "Feature", "id": "foss-wd-Q101430815", "geometry": {"type": "Point", "coordinates": [25.00724, 69.30758]}, "properties": {"name": "Ráitegorži", "source": "Wikidata", "wikidata_id": "Q101430815"}}, {"type": "Feature", "id": "foss-wd-Q101431241", "geometry": {"type": "Point", "coordinates": [21.50163, 69.45621]}, "properties": {"name": "Sarafossen", "source": "Wikidata", "wikidata_id": "Q101431241"}}, {"type": "Feature", "id": "foss-wd-Q34757235", "geometry": {"type": "Point", "coordinates": [12.87057, 65.30068]}, "properties": {"name": "Rafossen", "source": "Wikidata", "wikidata_id": "Q34757235"}}, {"type": "Feature", "id": "foss-wd-Q34757251", "geometry": {"type": "Point", "coordinates": [5.72824, 61.57811]}, "properties": {"name": "Ragnhildfossen", "source": "Wikidata", "wikidata_id": "Q34757251"}}, {"type": "Feature", "id": "foss-wd-Q34757271", "geometry": {"type": "Point", "coordinates": [18.89675, 69.11245]}, "properties": {"name": "Raidifossen", "source": "Wikidata", "wikidata_id": "Q34757271"}}, {"type": "Feature", "id": "foss-wd-Q34757275", "geometry": {"type": "Point", "coordinates": [24.67492, 69.16698]}, "properties": {"name": "Raigebakgårŋi", "source": "Wikidata", "wikidata_id": "Q34757275"}}, {"type": "Feature", "id": "foss-wd-Q34757296", "geometry": {"type": "Point", "coordinates": [12.44228, 60.34517]}, "properties": {"name": "Raisfossen", "source": "Wikidata", "wikidata_id": "Q34757296"}}, {"type": "Feature", "id": "foss-wd-Q34757334", "geometry": {"type": "Point", "coordinates": [9.81488, 60.08313]}, "properties": {"name": "Ramfoss", "source": "Wikidata", "wikidata_id": "Q34757334"}}, {"type": "Feature", "id": "foss-wd-Q34757342", "geometry": {"type": "Point", "coordinates": [10.6953, 63.24172]}, "properties": {"name": "Rammelfossen", "source": "Wikidata", "wikidata_id": "Q34757342"}}, {"type": "Feature", "id": "foss-wd-Q34757364", "geometry": {"type": "Point", "coordinates": [11.53557, 63.18391]}, "properties": {"name": "Ramnåfossen", "source": "Wikidata", "wikidata_id": "Q34757364"}}, {"type": "Feature", "id": "foss-wd-Q34757372", "geometry": {"type": "Point", "coordinates": [5.59329, 61.15122]}, "properties": {"name": "Ramsgrøfossen", "source": "Wikidata", "wikidata_id": "Q34757372"}}, {"type": "Feature", "id": "foss-wd-Q34757388", "geometry": {"type": "Point", "coordinates": [10.48905, 63.23407]}, "properties": {"name": "Rangåfossen", "source": "Wikidata", "wikidata_id": "Q34757388"}}, {"type": "Feature", "id": "foss-wd-Q34757396", "geometry": {"type": "Point", "coordinates": [11.15524, 64.36694]}, "properties": {"name": "Rapfossen", "source": "Wikidata", "wikidata_id": "Q34757396"}}, {"type": "Feature", "id": "foss-wd-Q34757411", "geometry": {"type": "Point", "coordinates": [19.64991, 69.00777]}, "properties": {"name": "Raselvfossen", "source": "Wikidata", "wikidata_id": "Q34757411"}}, {"type": "Feature", "id": "foss-wd-Q34757418", "geometry": {"type": "Point", "coordinates": [12.49876, 64.39633]}, "properties": {"name": "Raudbergfossen", "source": "Wikidata", "wikidata_id": "Q34757418"}}, {"type": "Feature", "id": "foss-wd-Q34757425", "geometry": {"type": "Point", "coordinates": [5.81954, 60.75657]}, "properties": {"name": "Raudfossen", "source": "Wikidata", "wikidata_id": "Q34757425"}}, {"type": "Feature", "id": "foss-wd-Q34757432", "geometry": {"type": "Point", "coordinates": [11.88004, 63.94918]}, "properties": {"name": "Raudfossen", "source": "Wikidata", "wikidata_id": "Q34757432"}}, {"type": "Feature", "id": "foss-wd-Q34757448", "geometry": {"type": "Point", "coordinates": [14.98438, 66.50563]}, "properties": {"name": "Raufjellforsen", "source": "Wikidata", "wikidata_id": "Q34757448"}}, {"type": "Feature", "id": "foss-wd-Q34757456", "geometry": {"type": "Point", "coordinates": [13.41918, 65.62717]}, "properties": {"name": "Rauforsen", "source": "Wikidata", "wikidata_id": "Q34757456"}}, {"type": "Feature", "id": "foss-wd-Q34757478", "geometry": {"type": "Point", "coordinates": [16.06404, 67.67381]}, "properties": {"name": "Raukforsen", "source": "Wikidata", "wikidata_id": "Q34757478"}}, {"type": "Feature", "id": "foss-wd-Q34757484", "geometry": {"type": "Point", "coordinates": [6.20843, 61.18966]}, "properties": {"name": "Raundalsfossen", "source": "Wikidata", "wikidata_id": "Q34757484"}}, {"type": "Feature", "id": "foss-wd-Q34757494", "geometry": {"type": "Point", "coordinates": [24.68732, 70.12594]}, "properties": {"name": "Ravtušgårŋi", "source": "Wikidata", "wikidata_id": "Q34757494"}}, {"type": "Feature", "id": "foss-wd-Q34757518", "geometry": {"type": "Point", "coordinates": [9.87679, 63.11382]}, "properties": {"name": "Regnfossen", "source": "Wikidata", "wikidata_id": "Q34757518"}}, {"type": "Feature", "id": "foss-wd-Q34757533", "geometry": {"type": "Point", "coordinates": [18.38103, 69.16501]}, "properties": {"name": "Reierfossen", "source": "Wikidata", "wikidata_id": "Q34757533"}}, {"type": "Feature", "id": "foss-wd-Q34759711", "geometry": {"type": "Point", "coordinates": [11.96739, 64.55687]}, "properties": {"name": "Storengfossen", "source": "Wikidata", "wikidata_id": "Q34759711"}}, {"type": "Feature", "id": "foss-wd-Q23042919", "geometry": {"type": "Point", "coordinates": [7.61577, 63.04894]}, "properties": {"name": "Gammelfossen", "source": "Wikidata", "wikidata_id": "Q23042919"}}, {"type": "Feature", "id": "foss-wd-Q28056431", "geometry": {"type": "Point", "coordinates": [8.99459, 59.6116]}, "properties": {"name": "Åmnesfossen", "source": "Wikidata", "wikidata_id": "Q28056431"}}, {"type": "Feature", "id": "foss-wd-Q30598133", "geometry": {"type": "Point", "coordinates": [15.82749, 67.17444]}, "properties": {"name": "Fossen", "source": "Wikidata", "wikidata_id": "Q30598133"}}, {"type": "Feature", "id": "foss-wd-Q34835618", "geometry": {"type": "Point", "coordinates": [8.02212, 62.42346]}, "properties": {"name": "Brurasløret", "source": "Wikidata", "wikidata_id": "Q34835618"}}, {"type": "Feature", "id": "foss-wd-Q34837802", "geometry": {"type": "Point", "coordinates": [5.96509, 60.56922]}, "properties": {"name": "Gjertnefossen", "source": "Wikidata", "wikidata_id": "Q34837802"}}, {"type": "Feature", "id": "foss-wd-Q34853963", "geometry": {"type": "Point", "coordinates": [8.7811, 59.15933]}, "properties": {"name": "Søtveitflesa", "source": "Wikidata", "wikidata_id": "Q34853963"}}, {"type": "Feature", "id": "foss-wd-Q34853974", "geometry": {"type": "Point", "coordinates": [9.17381, 63.20786]}, "properties": {"name": "Søylifossen", "source": "Wikidata", "wikidata_id": "Q34853974"}}, {"type": "Feature", "id": "foss-wd-Q34853986", "geometry": {"type": "Point", "coordinates": [9.28276, 59.93508]}, "properties": {"name": "Søysetfossen", "source": "Wikidata", "wikidata_id": "Q34853986"}}, {"type": "Feature", "id": "foss-wd-Q34854043", "geometry": {"type": "Point", "coordinates": [19.31133, 69.05826]}, "properties": {"name": "Takelvfossan", "source": "Wikidata", "wikidata_id": "Q34854043"}}, {"type": "Feature", "id": "foss-wd-Q34854055", "geometry": {"type": "Point", "coordinates": [18.60467, 69.14473]}, "properties": {"name": "Takelvfossen", "source": "Wikidata", "wikidata_id": "Q34854055"}}, {"type": "Feature", "id": "foss-wd-Q34854173", "geometry": {"type": "Point", "coordinates": [5.62651, 61.38563]}, "properties": {"name": "Taraldefossen", "source": "Wikidata", "wikidata_id": "Q34854173"}}, {"type": "Feature", "id": "foss-wd-Q34854287", "geometry": {"type": "Point", "coordinates": [10.6163, 64.27446]}, "properties": {"name": "Tausdalsfossen", "source": "Wikidata", "wikidata_id": "Q34854287"}}, {"type": "Feature", "id": "foss-wd-Q38259850", "geometry": {"type": "Point", "coordinates": [29.69833, 69.37192]}, "properties": {"name": "Skogfoss", "source": "Wikidata", "wikidata_id": "Q38259850"}}, {"type": "Feature", "id": "foss-wd-Q44213730", "geometry": {"type": "Point", "coordinates": [6.866589, 62.08656]}, "properties": {"name": "Hellesyltfossen", "source": "Wikidata", "wikidata_id": "Q44213730"}}, {"type": "Feature", "id": "foss-wd-Q111449040", "geometry": {"type": "Point", "coordinates": [7.0891, 62.10789]}, "properties": {"name": "The Seven Sisters and the Geirangerfjorden Waterfalls", "source": "Wikidata", "wikidata_id": "Q111449040"}}, {"type": "Feature", "id": "foss-wd-Q111449041", "geometry": {"type": "Point", "coordinates": [9.65439, 61.83752]}, "properties": {"name": "Veslulfossen", "source": "Wikidata", "wikidata_id": "Q111449041"}}, {"type": "Feature", "id": "foss-wd-Q111449042", "geometry": {"type": "Point", "coordinates": [7.26159, 62.06439]}, "properties": {"name": "Kvanndalsfossen", "source": "Wikidata", "wikidata_id": "Q111449042"}}, {"type": "Feature", "id": "foss-wd-Q111449043", "geometry": {"type": "Point", "coordinates": [9.70481, 61.83326]}, "properties": {"name": "Storulfossen (Bruresloret)", "source": "Wikidata", "wikidata_id": "Q111449043"}}, {"type": "Feature", "id": "foss-wd-Q111449044", "geometry": {"type": "Point", "coordinates": [8.10664, 61.92501]}, "properties": {"name": "Pollfoss and the Waterfalls along the Otta River", "source": "Wikidata", "wikidata_id": "Q111449044"}}, {"type": "Feature", "id": "foss-wd-Q111449045", "geometry": {"type": "Point", "coordinates": [6.53549, 61.63103]}, "properties": {"name": "Heggheimsfossen", "source": "Wikidata", "wikidata_id": "Q111449045"}}, {"type": "Feature", "id": "foss-wd-Q111449046", "geometry": {"type": "Point", "coordinates": [6.63749, 61.70809]}, "properties": {"name": "Strupenfossen and “Nonfossen”", "source": "Wikidata", "wikidata_id": "Q111449046"}}, {"type": "Feature", "id": "foss-wd-Q111449047", "geometry": {"type": "Point", "coordinates": [5.42501, 61.38677]}, "properties": {"name": "Laukelandsfossen and Osfossen", "source": "Wikidata", "wikidata_id": "Q111449047"}}, {"type": "Feature", "id": "foss-wd-Q111449048", "geometry": {"type": "Point", "coordinates": [7.66227, 61.47895]}, "properties": {"name": "Asafossen (“Vassbakkfossen”), “Liingafossen”, and the Waterfalls of Skjolden and Fortunsdalen", "source": "Wikidata", "wikidata_id": "Q111449048"}}, {"type": "Feature", "id": "foss-wd-Q111449049", "geometry": {"type": "Point", "coordinates": [7.31449, 61.61015]}, "properties": {"name": "Geisfossen, Ryefossen, and the Jostedalen Waterfalls", "source": "Wikidata", "wikidata_id": "Q111449049"}}, {"type": "Feature", "id": "foss-wd-Q111449050", "geometry": {"type": "Point", "coordinates": [5.83597, 60.73491]}, "properties": {"name": "Stigfossen and Fjellfossen", "source": "Wikidata", "wikidata_id": "Q111449050"}}, {"type": "Feature", "id": "foss-wd-Q111449053", "geometry": {"type": "Point", "coordinates": [6.53523, 60.13368]}, "properties": {"name": "AEdnafossen and the Folgefonna Waterfalls", "source": "Wikidata", "wikidata_id": "Q111449053"}}, {"type": "Feature", "id": "foss-wd-Q111449054", "geometry": {"type": "Point", "coordinates": [6.69084, 60.30603]}, "properties": {"name": "Skrikjofossen and Opofossen", "source": "Wikidata", "wikidata_id": "Q111449054"}}, {"type": "Feature", "id": "foss-wd-Q111449055", "geometry": {"type": "Point", "coordinates": [5.99716, 58.48306]}, "properties": {"name": "Tengsfossen", "source": "Wikidata", "wikidata_id": "Q111449055"}}, {"type": "Feature", "id": "foss-wd-Q111449056", "geometry": {"type": "Point", "coordinates": [7.49404, 59.22389]}, "properties": {"name": "Kallefossen", "source": "Wikidata", "wikidata_id": "Q111449056"}}, {"type": "Feature", "id": "foss-wd-Q111449081", "geometry": {"type": "Point", "coordinates": [20.7851, 69.4951]}, "properties": {"name": "Lyngen Alps Waterfalls", "source": "Wikidata", "wikidata_id": "Q111449081"}}, {"type": "Feature", "id": "foss-wd-Q111449082", "geometry": {"type": "Point", "coordinates": [8.36935, 62.41069]}, "properties": {"name": "Eikesdal Valley Waterfalls", "source": "Wikidata", "wikidata_id": "Q111449082"}}, {"type": "Feature", "id": "foss-wd-Q111449083", "geometry": {"type": "Point", "coordinates": [8.89786, 62.78424]}, "properties": {"name": "Nauståfossen", "source": "Wikidata", "wikidata_id": "Q111449083"}}, {"type": "Feature", "id": "foss-wd-Q111449085", "geometry": {"type": "Point", "coordinates": [7.81103, 62.43837]}, "properties": {"name": "Romsdal Valley Waterfalls", "source": "Wikidata", "wikidata_id": "Q111449085"}}, {"type": "Feature", "id": "foss-wd-Q38339", "geometry": {"type": "Point", "coordinates": [7.094222, 62.107028]}, "properties": {"name": "De syv søstrene", "source": "Wikidata", "wikidata_id": "Q38339"}}, {"type": "Feature", "id": "foss-wd-Q122024055", "geometry": {"type": "Point", "coordinates": [10.36705, 60.15449]}, "properties": {"name": "Jaklefoss", "source": "Wikidata", "wikidata_id": "Q122024055"}}, {"type": "Feature", "id": "foss-wd-Q126273471", "geometry": {"type": "Point", "coordinates": [29.5156, 69.32748]}, "properties": {"name": "Kobbfoss", "source": "Wikidata", "wikidata_id": "Q126273471"}}, {"type": "Feature", "id": "foss-wd-Q131101512", "geometry": {"type": "Point", "coordinates": [29.771679, 70.161288]}, "properties": {"name": "Storelvfossen", "source": "Wikidata", "wikidata_id": "Q131101512"}}, {"type": "Feature", "id": "foss-wd-Q34679869", "geometry": {"type": "Point", "coordinates": [7.85571, 59.21115]}, "properties": {"name": "Foss", "height": 600.0, "source": "Wikidata", "wikidata_id": "Q34679869"}}, {"type": "Feature", "id": "foss-wd-Q130391766", "geometry": {"type": "Point", "coordinates": [18.111056, 68.717889]}, "properties": {"name": "Foss", "height": 215.0, "source": "Wikidata", "wikidata_id": "Q130391766"}}, {"type": "Feature", "id": "foss-wd-Q1532022", "geometry": {"type": "Point", "coordinates": [7.496281, 59.259388]}, "properties": {"name": "Foss", "source": "Wikidata", "wikidata_id": "Q1532022"}}, {"type": "Feature", "id": "foss-wd-Q19917337", "geometry": {"type": "Point", "coordinates": [7.11125, 60.79373]}, "properties": {"name": "Foss", "source": "Wikidata", "wikidata_id": "Q19917337"}}, {"type": "Feature", "id": "foss-wd-Q49091595", "geometry": {"type": "Point", "coordinates": [9.7352, 63.54901]}, "properties": {"name": "Foss", "source": "Wikidata", "wikidata_id": "Q49091595"}}, {"type": "Feature", "id": "foss-wd-Q49091603", "geometry": {"type": "Point", "coordinates": [13.63771, 64.28249]}, "properties": {"name": "Foss", "source": "Wikidata", "wikidata_id": "Q49091603"}}, {"type": "Feature", "id": "foss-wd-Q49091612", "geometry": {"type": "Point", "coordinates": [6.87911, 58.90403]}, "properties": {"name": "Foss", "source": "Wikidata", "wikidata_id": "Q49091612"}}, {"type": "Feature", "id": "foss-wd-Q126948378", "geometry": {"type": "Point", "coordinates": [20.78575, 69.499139]}, "properties": {"name": "Foss", "source": "Wikidata", "wikidata_id": "Q126948378"}}]}